Price,Close,High,Low,Open,Volume
Ticker,EIS,EIS,EIS,EIS,EIS
Date,,,,,
2008-03-28,35.301612854003906,35.485994030771614,35.29452251883697,35.4008937775547,25300
2008-03-31,34.7981071472168,35.01085232064742,34.66336916859112,34.66336916859112,27000
2008-04-01,35.66327667236328,36.15968391883575,35.15977909181631,36.15968391883575,228500
2008-04-02,35.705833435058594,35.93276205767882,35.67746938613299,35.93276205767882,175300
2008-04-03,35.64909362792969,35.74837453709983,35.337067526937545,35.556903052899465,22400
2008-04-04,35.67747116088867,37.57800049877581,35.244887607124426,37.57800049877581,109600
2008-04-07,35.415069580078125,35.946933875541944,35.344155422763635,35.946933875541944,163700
2008-04-08,35.72710037231445,35.74837407966387,35.52144551726393,35.54271922461334,21700
2008-04-09,35.705833435058594,36.039136033058185,35.63491925494073,36.01076927893001,81900
2008-04-10,36.180965423583984,36.294429729641536,35.75547224696632,35.87602959382885,108800
2008-04-11,35.86184310913086,36.294426583857295,35.63491451668457,35.95403369518786,94000
2008-04-14,36.358245849609375,36.5639007060403,36.23768852834916,36.280238648535445,110200
2008-04-15,36.92557144165039,36.92557144165039,36.620635642115936,36.84756423174127,34400
2008-04-16,37.960941314697266,38.10277238882342,37.55672451181951,37.663098493714806,171800
2008-04-17,38.32970428466797,38.45735199171561,37.86875663606522,37.88293731000122,186200
2008-04-18,38.75518798828125,38.87574262343564,38.49279959670588,38.719728196574856,44000
2008-04-21,38.450252532958984,38.49279995507911,38.244597642037334,38.4573428682449,36900
2008-04-22,38.3509635925293,38.45024449699665,38.152399078392826,38.39351100575716,43200
2008-04-23,38.854461669921875,38.89700908371484,38.48570208757271,38.48570208757271,50000
2008-04-24,38.6417236328125,38.868652232355345,38.43606874410108,38.73391151655021,55900
2008-04-25,38.60625457763672,38.60625457763672,38.30131883794452,38.592071205418286,25900
2008-04-28,37.91838836669922,38.20914080899466,37.91838836669922,38.13113359431988,27400
2008-04-29,37.570899963378906,37.748188092333244,37.48580241893743,37.748188092333244,53000
2008-04-30,38.40770721435547,38.40770721435547,37.68437119052482,37.71273794562469,38400
2008-05-01,38.074398040771484,38.074398040771484,37.81201236434063,37.88292653466177,24900
2008-05-02,37.93965148925781,38.095665875065066,37.71272294910268,37.882918001618236,67200
2008-05-05,38.436065673828125,38.57789671351352,38.22332046690108,38.57789671351352,16600
2008-05-06,38.87574005126953,39.00338771840047,38.223321046113305,38.32969229858767,46000
2008-05-07,37.91838836669922,38.70554814357776,37.89002161496251,38.365152533141895,65800
2008-05-08,38.131134033203125,43.485235398425814,37.79783145946635,37.804924500083345,57700
2008-05-09,37.826194763183594,38.13113055705832,37.77655430419953,38.13113055705832,79800
2008-05-12,38.457340240478516,38.528257114503546,38.081490276353335,38.152404445176224,64200
2008-05-13,38.365150451660156,38.45025070225322,38.20913873597726,38.45025070225322,76500
2008-05-14,38.868648529052734,39.109760481244784,38.726817491551174,38.726817491551174,86100
2008-05-15,39.44306945800781,39.44306945800781,38.8544741678625,38.8544741678625,149400
2008-05-16,40.0103874206543,40.017480461395216,39.60617066489898,39.71963496993201,109000
2008-05-19,39.648719787597656,42.52788017440149,39.56362223728296,39.72672700255378,61200
2008-05-20,38.868648529052734,39.35087243343683,38.804824697437134,39.32250568489611,81500
2008-05-21,39.46434020996094,40.095485542156666,39.45724716959791,39.66999239205007,94400
2008-05-22,39.69835662841797,39.83309462955554,39.66289954445568,39.71254000304331,17200
2008-05-23,39.39342498779297,39.677087099784515,39.37924161167315,39.677087099784515,68600
2008-05-27,40.379146575927734,40.379146575927734,39.74091088266665,39.78345830576262,62000
2008-05-28,40.4713249206543,40.5635154848011,40.25857975394761,40.5635154848011,174100
2008-05-29,41.258506774902344,41.847102144469424,40.81173978967227,40.84010654862088,45100
2008-05-30,41.56343078613281,42.5278786729916,41.15212101459505,41.27267835305353,40900
2008-06-02,40.641536712646484,40.80464148695636,40.27986736966164,40.80464148695636,47800
2008-06-03,40.357872009277344,40.80463887873568,40.067119568404976,40.80463887873568,21600
2008-06-04,40.272769927978516,40.47842479611821,39.83309344329324,39.90401031430797,47900
2008-06-05,40.34368896484375,40.35787234075918,39.691269903947976,39.71254361521995,59800
2008-06-06,39.58489227294922,40.13803035643727,39.58489227294922,40.03165910472147,95100
2008-06-09,39.45724105834961,39.71253636783226,39.003383932692394,39.40051027024339,46400
2008-06-10,38.868648529052734,39.12394115031311,38.790641323166774,39.0033865268181,71200
2008-06-11,38.677181243896484,39.244502750448945,38.64881449226828,39.20195262300664,1669600
2008-06-12,38.61335372924805,39.06012055665083,38.38642514823122,38.54952989676193,39400
2008-06-13,38.99629592895508,39.00338626344136,38.68426710751825,38.797731395712916,19200
2008-06-16,39.96073913574219,40.03874633741141,39.25867973112295,39.52106537793607,61600
2008-06-17,40.4500617980957,40.71953781733046,40.15930936298284,40.15930936298284,183600
2008-06-18,40.0883903503418,40.45005964378255,39.91819526359496,40.42169289425737,124400
2008-06-19,40.33659362792969,41.492510217084224,39.960740975780666,40.21603630019826,1011600
2008-06-20,39.854373931884766,40.634440656386204,39.66999275359746,40.634440656386204,567300
2008-06-23,40.024574279785156,40.22313885977343,39.712548090093094,40.130948258536115,136200
2008-06-24,39.528167724609375,39.91110807856814,39.40761037404266,39.89692470172485,136900
2008-06-25,39.79763412475586,40.095479555882235,39.49979139883135,39.75508670973914,101800
2008-06-26,38.91828536987305,39.372142483541246,38.897008957843624,39.1948543794395,105800
2008-06-27,38.88283920288086,38.932479669545216,38.61336045155828,38.868655825947826,75300
2008-06-30,38.967933654785156,40.96065061407664,38.6204477106156,39.095581331810514,66400
2008-07-01,39.76218795776367,40.00329996144567,39.10976883321392,39.343787795644985,84900
2008-07-02,38.33677673339844,39.52815288906731,38.33677673339844,39.52815288906731,116600
2008-07-03,38.166595458984375,38.6275457641983,36.99649250279682,38.59208596748748,57900
2008-07-07,37.102848052978516,37.57798149983027,36.20222430897111,37.37232668395113,88500
2008-07-08,37.663089752197266,37.69145650147919,36.93266354200154,37.109951667210375,67700
2008-07-09,37.30850601196289,38.485698818815784,37.23758915299491,38.12402960108298,102800
2008-07-10,36.91138458251953,37.124129777061626,36.29442270678688,36.840470419406145,82900
2008-07-11,35.61363220214844,36.45043219907135,35.266146357242526,36.45043219907135,177300
2008-07-14,35.854759216308594,36.074594808063424,35.64910429707762,35.97531386918025,53700
2008-07-15,35.74129104614258,35.975309990392496,35.4789026442956,35.7767481340347,112400
2008-07-16,35.6207275390625,35.64200124707717,34.8193845063528,35.20232748182843,208700
2008-07-17,35.571102142333984,35.74839033138174,35.41508767030697,35.571102142333984,233000
2008-07-18,35.90439987182617,36.22351910932071,35.28743511093581,35.28743511093581,31700
2008-07-21,35.585269927978516,35.74128433163722,34.92575793731459,35.592360262143956,43700
2008-07-22,36.00366973876953,36.11713402107284,35.36543146006221,35.36543146006221,202800
2008-07-23,36.40789794921875,36.556819359701535,35.58528096557699,35.69874528383093,86300
2008-07-24,35.20942687988281,35.911486423173365,35.11723628650037,35.911486423173365,73200
2008-07-25,35.975311279296875,35.98240432025087,35.521454045531414,35.59946126481032,55600
2008-07-28,35.4647216796875,35.883121837751354,35.34416703161613,35.883121837751354,84300
2008-07-29,35.769657135009766,35.897304822869245,35.54272851330459,35.61364539833905,96600
2008-07-30,35.65618133544922,35.91856966772928,35.25196468920356,35.85474584436408,172000
2008-07-31,35.42926025390625,35.81220327480618,35.38671283282998,35.39380316794194,55700
2008-08-01,35.769657135009766,36.05331926474251,35.464721292367955,35.84057402004423,47000
2008-08-04,34.45062255859375,35.01794389915241,34.42934614849674,35.01794389915241,18200
2008-08-05,35.11723327636719,35.11723327636719,34.57118550883416,34.57118550883416,44100
2008-08-06,34.90449142456055,34.947038848727395,34.49318162293132,34.691743482916486,101500
2008-08-07,34.4789924621582,34.847752072553725,34.301704343998935,34.56409270662009,44000
2008-08-08,34.70592498779297,34.91867291796421,34.21661069984419,34.23079407553576,73100
2008-08-11,34.613731384277344,34.73428599993265,34.35134303514193,34.63500509169843,45600
2008-08-12,34.01095962524414,34.18824778347231,33.84785484429854,34.18824778347231,52300
2008-08-13,33.79111862182617,34.2024256762554,32.81957772278048,33.81239233173739,55200
2008-08-14,34.53571701049805,34.71300508272319,34.03930986722739,34.067676608031725,211100
2008-08-15,35.308692932128906,35.3157832646929,34.79101208851641,34.89029297562,24000
2008-08-18,34.69883346557617,35.30161203323544,34.52863566830174,35.053409730129204,46000
2008-08-19,34.84776306152344,34.84776306152344,34.57119394281339,34.776848873978295,78500
2008-08-20,34.954124450683594,35.13850289497324,34.762652967074025,34.89030062281374,16500
2008-08-21,35.1526985168457,35.2945295954423,34.96122696652073,35.081784330148814,38800
2008-08-22,35.294517517089844,35.52853641726679,35.202326941770735,35.22360064945904,176400
2008-08-25,34.98958969116211,35.1456041301599,34.76266107363941,35.1456041301599,71400
2008-08-26,34.67046356201172,34.812294595974365,34.52863252804908,34.62082310590509,29200
2008-08-27,34.812294006347656,34.84066075370012,34.37971057742928,34.37971057742928,26000
2008-08-28,34.372615814208984,34.372615814208984,34.14568727503332,34.18114435205422,28400
2008-08-29,33.996768951416016,34.379711940248484,33.98258557717755,34.379711940248484,44300
2008-09-02,33.56418991088867,33.86203266937884,33.45781595131238,33.769842084759524,13000
2008-09-03,33.56418991088867,33.57128024576608,33.23797769728237,33.48618270122634,19900
2008-09-04,33.1316032409668,33.74856511335857,32.89758163459639,33.72729140558014,99900
2008-09-05,32.83376693725586,32.947231252298884,32.23098827081528,32.918864497237465,155700
2008-09-08,33.280517578125,33.940029432009446,33.13159624471918,33.940029432009446,41900
2008-09-09,32.20262145996094,33.30890055861574,32.20262145996094,33.30890055861574,67300
2008-09-10,32.35152816772461,32.741561403730564,32.35152816772461,32.635190178566084,42300
2008-09-11,32.13169860839844,32.13169860839844,31.422546155639097,31.791305755698186,107600
2008-09-12,32.025325775146484,32.13169972885048,31.58565199656054,31.58565199656054,120300
2008-09-15,31.167255401611328,31.784217368357105,30.635390984195443,30.883593296908593,100400
2008-09-16,30.748863220214844,30.91905836279589,30.295005899728032,30.295005899728032,49600
2008-09-17,28.834136962890625,29.926232326587943,28.834136962890625,29.55037970870145,59700
2008-09-18,29.72768211364746,29.83405610870153,28.224279034421414,29.06107949955739,103000
2008-09-19,31.238170623779297,32.613928361005556,30.451010826748274,30.748856317204364,68700
2008-09-22,31.053789138793945,31.727484565997155,30.387184046419293,30.387184046419293,108700
2008-09-23,30.89067840576172,31.479273469866516,29.66384512255377,31.479273469866516,36300
2008-09-24,31.330364227294922,31.692030887742465,31.252357003127127,31.40837145146272,48100
2008-09-25,31.883501052856445,32.067882248431516,31.4792842770529,31.4792842770529,16500
2008-09-26,31.656564712524414,31.805486076728577,31.387086025963143,31.805486076728577,10900
2008-09-29,29.507835388183594,30.86940686340145,29.42982818185719,30.86940686340145,33000
2008-09-30,30.876506805419922,30.876506805419922,29.55748245319203,29.55748245319203,59800
2008-10-01,30.734668731689453,30.848133020799256,30.13189020301902,30.316268658371683,88400
2008-10-02,29.16036033630371,30.103534792746252,29.160360336303707,30.103534792746252,58400
2008-10-03,29.231271743774414,30.011338540536688,29.167447900024587,29.63548851912246,18700
2008-10-06,26.862703323364258,30.35173308675358,25.62877651362737,28.039896622215455,96600
2008-10-07,26.089719772338867,27.635672358647305,26.089719772338867,27.359103330810818,31400
2008-10-08,26.082630157470703,26.749235291784075,25.203282502490367,25.430211104111248,77900
2008-10-09,24.366479873657227,26.075537258242743,24.09700117127884,25.621680099627806,130200
2008-10-10,22.51559066772461,25.061448114425012,21.70006560697289,23.359481123602844,134700
2008-10-13,26.44429588317871,26.444295883178707,25.302559989723505,25.38056719315738,60100
2008-10-14,26.813051223754883,27.77749614365855,26.415924935417006,27.47965345630628,57200
2008-10-15,24.11117935180664,26.472657922112642,24.11117935180664,25.713862436079257,47500
2008-10-16,25.45149040222168,25.45149040222168,24.011911262448887,24.3381208607378,81400
2008-10-17,25.061452865600586,25.89116010491181,24.635962389831107,25.281291144362882,42900
2008-10-20,26.47266387939453,26.69959246088587,25.167823183218285,25.841515887844533,77900
2008-10-21,25.501127243041992,26.13936567504129,25.401846310331553,25.401846310331553,72100
2008-10-22,23.777883529663086,24.73524107087844,23.558047976096844,24.73524107087844,13900
2008-10-23,24.40903091430664,25.047269329087314,23.834619046206484,24.21756209507489,39700
2008-10-24,23.593502044677734,23.770790154987726,23.040364006175167,23.111278168218412,43100
2008-10-27,22.58650779724121,23.345299416719772,22.416311356526244,23.182194663443063,48600
2008-10-28,24.026092529296875,24.026092529296875,22.721251545640545,23.636059113002343,33800
2008-10-29,23.990629196166992,24.00480986489323,23.196376487399096,23.699874088441657,22900
2008-10-30,24.394845962524414,24.550857665827113,23.940986110983708,24.175007723740727,23800
2008-10-31,25.13945770263672,25.49403396725726,24.366481337555854,24.536676429660474,47000
2008-11-03,24.905431747436523,25.167820085466815,24.657229487355703,24.657229487355703,15800
2008-11-04,25.728046417236328,25.933701248183738,25.118174962813818,25.118174962813818,22800
2008-11-05,24.054452896118164,25.160731834130125,24.054452896118164,25.075634286652978,61600
2008-11-06,23.650243759155273,24.040279946186743,23.4374984695401,24.040279946186743,11300
2008-11-07,24.4232177734375,24.5012250025012,23.76370555252073,23.76370555252073,16300
2008-11-10,24.706876754760742,25.472760157994507,24.40194091957251,25.472760157994507,13700
2008-11-11,23.891342163085938,24.316835204496442,23.706963738782495,24.309742165945398,27100
2008-11-12,22.792160034179688,23.472945758556953,22.792160034179688,23.40203159338507,44800
2008-11-13,23.111282348632812,23.111282348632812,21.288760461400905,22.416313155134475,111200
2008-11-14,22.72124671936035,23.20347063514219,22.558140616598106,23.011999135769802,21700
2008-11-17,21.692977905273438,22.18229357265739,21.67879452880405,21.91990651837868,20200
2008-11-18,21.685882568359375,22.019183743704172,21.182384961821427,21.62205873758682,101600
2008-11-19,20.714344024658203,21.82771459384664,20.57251433519928,21.607876343393556,82700
2008-11-20,19.97682762145996,21.068921857891812,19.64352640599463,20.274671750050675,111400
2008-11-21,20.884540557861328,20.998004843632582,19.778261742690127,20.451957122982808,48800
2008-11-24,21.232027053833008,21.522779481923948,20.345586394384746,20.345586394384746,85900
2008-11-25,21.77098274230957,21.848988599157764,21.58660292617562,21.84189691169864,22800
2008-11-26,22.153928756713867,22.153928756713867,21.380952255364324,21.380952255364324,6300
2008-11-28,22.111373901367188,22.302845390036858,21.962451181534895,21.962451181534895,2200
2008-12-01,20.771076202392578,21.317122568609108,20.771076202392578,21.317122568609108,11700
2008-12-02,21.430587768554688,21.508594975315013,21.139835355758425,21.508594975315013,8500
2008-12-03,21.466049194335938,21.501506282746572,20.90581799975956,20.90581799975956,9900
2008-12-04,21.402223587036133,21.799348625390234,21.18238668130811,21.18238668130811,26600
2008-12-05,21.572418212890625,21.707157561052483,20.735618081044873,21.00509677736859,43000
2008-12-08,23.082916259765625,23.34530196056695,22.84180427099611,22.84180427099611,86600
2008-12-09,22.64324188232422,23.394944583909652,22.593601418608447,22.905627576993638,24900
2008-12-10,22.82762336730957,23.58641650426599,22.480140075538436,23.26729996841165,10700
2008-12-11,22.51559066772461,23.359481123602844,22.51559066772461,23.14673592605056,74900
2008-12-12,22.657426834106445,22.77089114551933,21.89154205576883,22.309940858728037,38000
2008-12-15,22.047550201416016,22.52268240612955,21.756797799549624,22.52268240612955,22800
2008-12-16,23.253114700317383,23.302755166535363,22.643243023693607,22.643243023693607,8800
2008-12-17,23.813344955444336,23.969356683641312,22.62905873911723,23.36657807220217,20900
2008-12-18,23.366573333740234,24.118273185423543,22.792158886056125,24.118273185423543,398200
2008-12-19,23.35239028930664,23.756606967562448,22.38085084205594,23.44458086484625,109700
2008-12-22,21.79225730895996,22.777978910318357,21.629152548790078,22.777978910318357,63600
2008-12-23,21.288196563720703,21.905561815500768,21.099355346392112,21.891035248322485,145400
2008-12-24,20.91777992248535,21.215567658721916,20.81609671069624,20.946833060327876,16100
2008-12-26,21.244625091552734,21.477044699961343,20.881469107081745,21.259151663410808,16400
2008-12-29,20.830623626708984,21.295462757295887,20.423889387445442,21.179252974649163,143200
2008-12-30,21.949140548706055,21.949140548706055,21.35356513637839,21.520616506113278,61700
2008-12-31,22.152509689331055,22.29777260208154,21.869248533330392,22.01451006075107,32400
2009-01-02,23.379976272583008,23.379976272583008,22.13798373680399,22.530192780942528,116500
2009-01-05,22.755346298217773,23.082187128734386,22.67545156512934,22.769872865202885,31600
2009-01-06,23.496187210083008,23.721344880741178,23.162084424455905,23.53250501906581,22800
2009-01-07,23.220186233520508,23.343659286884296,22.348612961537643,23.31460615182,47600
2009-01-08,23.285554885864258,23.285554885864258,22.86429275572046,22.907872456629615,23700
2009-01-09,23.02408218383789,23.329131777721926,22.806187835639715,23.24923704484963,64100
2009-01-12,23.009553909301758,23.314603480547387,22.8352392748773,23.25649998773547,14200
2009-01-13,23.133031845092773,23.14755841403538,22.769875933506796,23.12576856062147,25600
2009-01-14,22.239662170410156,22.60281797643343,22.20334575861015,22.60281797643343,24600
2009-01-15,22.74081802368164,22.944185790213787,21.86198156701721,22.71176627722252,46600
2009-01-16,23.02408218383789,23.3799733767026,22.522926706844725,23.365446809756786,24600
2009-01-20,22.239662170410156,23.038603835397787,22.239662170410156,22.813447623555607,60500
2009-01-21,22.842506408691406,22.842506408691406,22.05808972887648,22.254192859832862,48400
2009-01-22,21.920089721679688,22.15977255344373,21.83293169861559,21.985457892645314,14700
2009-01-23,21.782087326049805,21.898297085138953,21.360826603019248,21.74577229583305,21400
2009-01-26,22.188825607299805,22.486613343484446,22.07261582660969,22.181563708170298,40800
2009-01-27,22.355871200561523,22.464817661808716,21.999978688311675,21.999978688311675,6100
2009-01-28,22.733556747436523,22.958714382684963,22.639136831447917,22.76987316537806,6200
2009-01-29,22.17429542541504,22.864290669564888,22.123452445659975,22.537451254545342,38100
2009-01-30,21.883769989013672,22.232400643168766,21.825665110876088,22.123452784497417,27000
2009-02-02,22.108928680419922,22.326821637712452,21.869245873266284,21.869245873266284,15800
2009-02-03,22.726293563842773,22.798923624958704,22.428504494883065,22.63913555104219,16800
2009-02-04,22.88608169555664,23.54702384242441,22.77713521827799,23.03134320348497,25800
2009-02-05,23.467134475708008,23.583344249020385,23.133030338437596,23.133030338437596,12700
2009-02-06,23.757654190063477,23.859337381111512,23.183868688011525,23.183868688011525,34000
2009-02-09,24.178916931152344,24.36775675229089,23.90291771195671,23.90291771195671,20600
2009-02-10,23.51070785522461,24.33144081367955,23.481657494282345,24.20070449213242,14000
2009-02-11,23.84481430053711,23.859338096271458,23.474393784148667,23.496182248409433,15000
2009-02-12,23.409029006958008,23.721343302950153,23.307345798153058,23.53250345383519,7200
2009-02-13,23.72860336303711,23.866604367714945,23.430815658616744,23.685026431588884,13000
2009-02-17,23.20566177368164,23.372713149512244,23.002293977890186,23.074925432482118,38400
2009-02-18,23.292818069458008,23.6269208162213,23.292818069458008,23.41629251018501,22200
2009-02-19,23.198394775390625,23.576075785204512,23.045868606635583,23.488919161912673,86700
2009-02-20,22.965980529785156,23.14029520164986,22.719034398311024,22.806191041578444,18700
2009-02-23,22.108928680419922,22.74081908776604,21.789351142438523,22.74081908776604,41000
2009-02-24,22.610082626342773,22.68997735670086,21.22282738925569,22.152506864586513,42500
2009-02-25,22.515663146972656,22.748082673933823,22.181560423298393,22.41397995025956,25000
2009-02-26,22.014511108398438,22.711771183320916,22.014511108398438,22.711771183320916,25300
2009-02-27,22.167036056518555,22.355877287248635,21.78935359505839,21.963668257579283,17400
2009-03-02,21.1284122467041,22.40672129431684,21.063044068080217,21.644093005481487,27800
2009-03-03,21.31725311279297,21.782092254320965,21.135675149967355,21.41893632866974,19300
2009-03-04,22.44302749633789,22.47208062443309,21.98545181147362,22.094398271171837,9400
2009-03-05,21.426191329956055,21.651347528920994,21.13566697881914,21.651347528920994,52300
2009-03-06,21.32451057434082,21.527876950559953,21.12840609556134,21.353562320088038,33800
2009-03-09,20.983144760131836,21.535141823381167,20.983144760131836,21.171985970085263,20900
2009-03-10,21.658615112304688,21.78935144261311,21.01219812947932,21.01219812947932,61100
2009-03-11,21.75303840637207,21.927353067662967,21.433460834673866,21.782090157255663,29600
2009-03-12,22.297767639160156,22.297767639160156,21.57871790495039,21.774822377916692,31300
2009-03-13,22.515663146972656,22.60282116224792,22.2251387382712,22.297770186778976,27200
2009-03-16,22.479345321655273,22.89334272576955,22.428502344287825,22.624606815288107,10700
2009-03-17,22.944189071655273,22.944189071655273,22.544718149736028,22.624611502922015,5200
2009-03-18,23.133031845092773,23.220188488088684,22.566508124299897,22.915137466943268,17600
2009-03-19,22.80618667602539,23.18386908543467,22.660925169942313,23.118500922831924,12500
2009-03-20,22.842506408691406,23.111240995901536,22.71177006450062,22.84976830751996,23200
2009-03-23,24.026390075683594,24.04817853799572,23.36544383185313,23.36544383185313,9700
2009-03-24,23.895654678344727,24.0627060273586,23.547022644005484,23.917443141493766,5600
2009-03-25,23.99007797241211,24.418602047114476,23.75039651810585,24.26607723340507,40500
2009-03-26,24.86891746520996,24.86891746520996,24.396813682881326,24.396813682881326,28100
2009-03-27,24.324182510375977,24.571128624159577,24.302391273125387,24.353232875610875,25200
2009-03-30,23.409029006958008,23.96828942604488,23.24197762525564,23.96828942604488,21600
2009-03-31,24.08449935913086,24.39681365714315,23.91744797634795,24.077237460166234,18900
2009-04-01,24.46944236755371,24.60744337613787,23.27102961759455,23.27102961759455,13200
2009-04-02,25.006919860839844,25.529865334735856,25.006919860839844,25.144918129491238,19000
2009-04-03,25.05049705505371,25.239336917939326,23.866607957650505,25.23207501849212,14500
2009-04-06,25.41365623474121,25.41365623474121,25.014182447518344,25.137656919203646,13500
2009-04-07,24.992389678955078,25.370072158795082,24.992389678955078,25.057757853747766,11500
2009-04-08,25.42091178894043,25.529859662013976,24.527548649979664,24.527548649979664,33800
2009-04-09,26.15448570251465,26.18353883836614,25.457227066036097,25.457227066036097,29800
2009-04-13,26.103647232055664,27.084169904741394,25.907542697518515,27.084169904741394,11400
2009-04-14,25.68238067626953,25.90753551708105,25.428169933513853,25.81311699639323,43900
2009-04-15,25.70417022705078,25.84943311896367,25.457224141996633,25.471750708253843,23800
2009-04-16,26.52490234375,26.58300583621924,26.038272087356887,26.394166022370303,29900
2009-04-17,26.604799270629883,26.68469400370969,26.24164340801938,26.2997469052942,6600
2009-04-20,24.970592498779297,25.8784819593303,24.912486243387832,25.8784819593303,26700
2009-04-21,25.40638542175293,25.46449169336014,24.621970149672254,24.621970149672254,63400
2009-04-22,25.043228149414062,25.319227382945773,25.02143968409766,25.02143968409766,14300
2009-04-23,25.442699432373047,25.515332268959344,25.108596696054324,25.34828090079998,16100
2009-04-24,25.95111656188965,26.096379455200722,25.30469959584757,25.646066979529706,29200
2009-04-27,25.75501823425293,25.936596201675457,25.60975530618293,25.89301926271639,22600
2009-04-28,25.827653884887695,25.922072443312924,25.624284655268283,25.624284655268283,11100
2009-04-29,26.038272857666016,26.241642013972584,25.43543559850025,25.755011743183132,17900
2009-04-30,26.1326961517334,26.61206179075639,26.1326961517334,26.39416882222947,18400
2009-05-01,26.510377883911133,26.53943101778325,26.29248492118894,26.488589418836717,13500
2009-05-04,27.273000717163086,27.28752728201036,26.85174141922795,26.917109575711205,36400
2009-05-05,27.273000717163086,27.396475133035434,27.113214045160973,27.25121225522165,16500
2009-05-06,27.490894317626953,27.752366949923694,27.345634206936776,27.5998421713036,16600
2009-05-07,27.1204833984375,27.614375656393854,27.113221499346835,27.614375656393854,5800
2009-05-08,27.687002182006836,27.897633247221098,27.425529517693864,27.730581882945447,18000
2009-05-11,27.90489387512207,28.006579839349982,27.338371642005534,27.57805583026821,13600
2009-05-12,27.803211212158203,27.926685642890337,27.578056356576106,27.730581149839967,5000
2009-05-13,26.989744186401367,27.323846922323753,26.895322884280898,27.222163721882975,41800
2009-05-14,27.36742401123047,27.54173726086885,27.156792961479876,27.243949586299067,8200
2009-05-15,27.135011672973633,27.505429504395348,26.873538958718356,27.20037985153745,18100
2009-05-18,27.716054916381836,27.71605491638184,27.29479556268598,27.3528990591071,19600
2009-05-19,28.355215072631836,28.50047799565557,28.253531857713167,28.275320326435793,15900
2009-05-20,29.045211791992188,29.35752333516691,29.023420552675027,29.081526829974383,10000
2009-05-21,28.950782775878906,29.10330755722882,28.682048241501573,28.979835906800528,5400
2009-05-22,29.510055541992188,29.640791915698102,29.190476508195403,29.415634211946752,21400
2009-05-26,29.749723434448242,29.807829694246198,28.761939183154706,28.870887034946392,44700
2009-05-27,29.299409866333008,29.48098776516485,29.299409866333008,29.42288150762241,11600
2009-05-28,29.284889221191406,29.401098989106472,29.03068121970826,29.401098989106472,13800
2009-05-29,29.75699234008789,29.894990570772578,29.408363043627084,29.48099310805916,44500
2009-06-01,31.042573928833008,31.064362400698396,30.635838239831088,30.635838239831088,29500
2009-06-02,31.006240844726562,31.07887366627428,30.737506331647122,30.802874485710646,13600
2009-06-03,30.134675979614258,30.534146891336505,30.134675979614258,30.27993611430637,70900
2009-06-04,30.752042770385742,30.75204277038574,30.105625689671275,30.14920262593354,13200
2009-06-05,30.476043701171875,30.766569541238734,30.417940195554355,30.468781801967094,55000
2009-06-08,30.214576721191406,30.27268300847268,29.97489521280686,30.27268300847268,14400
2009-06-09,30.96993637084961,31.071619585001404,30.68667519695254,30.70846366551084,15000
2009-06-10,30.635841369628906,30.831945948432338,30.374368597891,30.831945948432338,14700
2009-06-11,30.97719955444336,31.136986267303577,30.526884241007302,30.526884241007302,11000
2009-06-12,30.802886962890625,31.07162158482513,30.497837300801724,30.621308991458672,26700
2009-06-15,29.575410842895508,30.07656487664285,29.306673541443768,30.07656487664285,42500
2009-06-16,29.58993911743164,30.054778150192412,29.58993911743164,29.98940998804423,83200
2009-06-17,29.030685424804688,29.342999740813823,28.95079067829168,29.342999740813823,39000
2009-06-18,29.030685424804688,29.24857842487483,28.89994907063064,28.89994907063064,10700
2009-06-19,29.08879280090332,29.364792115387637,29.045215857489083,29.205002601108266,7600
2009-06-22,28.660261154174805,29.190468402232092,28.660261154174805,29.08878519995528,3300
2009-06-23,28.97899627685547,29.19831204142905,28.87664910597121,28.964374854050394,19900
2009-06-24,29.790477752685547,30.046345771256792,29.578471229439515,29.578471229439515,25200
2009-06-25,29.593095779418945,29.636960068123916,29.183704117763515,29.256811265605133,6100
2009-06-26,29.827028274536133,29.827028274536136,29.498053134076674,29.541917415721965,5100
2009-06-29,30.580015182495117,30.580015182495117,29.797784196738906,29.797784196738906,15100
2009-06-30,30.199859619140625,30.448418237811584,29.77584670956902,30.441106131783744,19500
2009-07-01,31.179468154907227,31.19408678734305,30.718903148152478,30.91628815104737,147000
2009-07-02,30.23641586303711,30.645804615794727,30.090204399015793,30.645804615794727,8700
2009-07-06,29.717370986938477,29.753923159657244,29.39570517400846,29.39570517400846,18800
2009-07-07,29.461496353149414,29.878197202982605,29.461496353149414,29.797780760251346,12600
2009-07-08,29.373775482177734,29.527296286356727,28.803553758797417,29.278737598696978,93300
2009-07-09,29.27873420715332,29.54922361014837,29.081349143750945,29.205629867560646,11500
2009-07-10,29.02286720275879,29.242183017640716,28.87665572992021,29.198318739163575,14200
2009-07-13,29.53459930419922,29.629634369677788,28.92782280479119,29.242176424454172,17700
2009-07-14,29.72468376159668,29.768548047209816,29.56385083643419,29.72468376159668,17000
2009-07-15,30.960153579711914,30.974775002765945,30.47034845678261,30.762771340360697,16400
2009-07-16,31.12099838256836,31.1429291311864,30.92361327874893,30.974786884692595,32000
2009-07-17,30.857824325561523,30.960171557619308,30.62388699835719,30.960171557619308,25500
2009-07-20,31.38416862487793,31.435342214685434,31.04057213152624,31.18678358329833,13800
2009-07-21,31.698524475097656,31.800871661832016,31.559622331313864,31.691212368187095,5000
2009-07-22,31.66197967529297,31.881295524871124,31.66197967529297,31.778948314318143,13800
2009-07-23,32.65620422363281,32.817037111190984,31.976326082481656,31.976326082481656,58900
2009-07-24,32.57579040527344,32.57579040527344,32.261436738668614,32.50268328004459,25800
2009-07-27,33.460365295410156,33.460365295410156,33.116768782918804,33.197185225310534,16300
2009-07-28,34.28645706176758,34.28645706176758,33.80396120477742,33.847822689843696,25600
2009-07-29,34.3230094909668,34.542325284227445,33.91361796512908,34.20604088197768,39400
2009-07-30,34.55695343017578,34.84206429574305,34.46191554540264,34.47653697296406,41900
2009-07-31,34.57887649536133,34.761640116149444,34.23528278463072,34.337629966071816,23900
2009-08-03,35.521942138671875,35.63891075987215,34.94440835141657,35.63891075987215,80600
2009-08-04,34.4546012878418,34.84205930205497,34.28645907811246,34.54963637024201,39100
2009-08-05,34.41805648803711,34.60812948228712,33.994043424995176,34.60812948228712,35300
2009-08-06,34.118316650390625,34.49115605598257,34.030590879737446,34.3668753245346,23100
2009-08-07,34.74702453613281,34.74702453613281,34.374187914066255,34.483844431731946,18300
2009-08-10,33.986732482910156,34.396121309063375,33.81858745645183,34.10370111734711,24800
2009-08-11,33.782020568847656,33.78933267398863,33.33607697278231,33.78933267398863,40500
2009-08-12,34.22798538208008,34.31571117689402,33.6212113505506,33.6212113505506,12000
2009-08-13,34.790889739990234,34.90054904931889,34.586195337245634,34.659299684296684,13100
2009-08-14,34.586177825927734,34.93708353385954,34.403414262083,34.93708353385954,4600
2009-08-17,33.38725662231445,33.85513383009423,33.22642653374319,33.85513383009423,16200
2009-08-18,33.8697509765625,33.89168171569977,33.555397368089565,33.65043243018517,6600
2009-08-19,34.08176040649414,34.26452403362491,33.650438134915476,33.665059559736136,15000
2009-08-20,34.571571350097656,34.593502094838605,34.059832592377774,34.059832592377774,11300
2009-08-21,34.856689453125,34.91517238087645,34.63006148480105,34.710477950617694,10600
2009-08-24,35.36842346191406,35.52194426353178,35.09062192416385,35.20759055236098,18900
2009-08-25,35.87284469604492,36.084851173915766,35.74125466072864,35.77780682859391,22900
2009-08-26,35.5000114440918,35.74125800558097,35.302626372645065,35.70470583429496,19300
2009-08-27,34.95902633666992,35.41227935061364,34.48383979114312,35.24413714848535,16900
2009-08-28,34.842063903808594,34.907858932718774,34.72509527338517,34.87130675860248,23600
2009-08-31,34.220664978027344,34.38880719227774,33.9428634642106,34.293769318570355,82600
2009-09-01,34.315696716308594,34.86398758316403,34.19141879175544,34.425356005180305,144700
2009-09-02,34.24260711669922,34.33764502203055,34.008669802616524,34.17681207281642,6300
2009-09-03,34.73239517211914,34.75432870164151,34.54232224501727,34.717776537439384,12100
2009-09-04,35.44883728027344,35.49269876961523,34.944407842827914,34.944407842827914,5600
2009-09-08,34.78357696533203,35.23683000727626,34.535018305797756,34.87861204930705,33400
2009-09-09,35.192962646484375,35.324552677575426,34.76164038651961,34.76164038651961,12400
2009-09-10,34.90054702758789,35.083310673380396,34.476534030748354,34.78357840583077,18500
2009-09-11,34.9224739074707,35.20758471715071,34.91516180074723,34.91516180074723,10500
2009-09-14,34.07444763183594,34.41073200234236,33.81857690655825,34.023274044530666,15900
2009-09-15,34.279151916503906,34.42536340350452,34.08907893552963,34.21335688679124,26700
2009-09-16,35.20759201049805,35.36842492671209,34.62274884529087,34.95903331669097,17800
2009-09-17,34.871299743652344,35.26606983769878,34.82743547028555,35.07599410852758,20800
2009-09-18,35.35379409790039,35.368415521736544,35.134478317860975,35.25875623734111,12500
2009-09-21,35.22220230102539,35.3099280508797,34.83474434948018,35.0979215990431,10200
2009-09-22,35.31724548339844,35.6096656232664,35.30262405809228,35.44883552240213,40700
2009-09-23,34.988277435302734,35.82167932440485,34.988277435302734,35.63891565438237,35000
2009-09-24,35.27339553833008,35.61699220074167,35.097941152124434,35.500023539522196,18600
2009-09-25,35.090614318847656,35.28068725269077,35.090614318847656,35.19296149774406,10300
2009-09-28,35.638912200927734,35.84360659911703,34.92978833755478,35.017516898566214,20300
2009-09-29,35.9605712890625,36.194508515317196,35.69008189409646,36.194508515317196,18000
2009-09-30,35.755863189697266,36.04097390046888,35.273367497141315,35.93862675185862,58200
2009-10-01,35.18566131591797,35.96788957344364,35.090623429944586,35.96788957344364,238500
2009-10-02,35.192962646484375,35.36110484426704,34.7177789019903,34.856678250919046,42700
2009-10-05,35.88015365600586,35.92401513809665,35.67545651416033,35.755872949662,12800
2009-10-06,36.63313674926758,37.25453187917932,36.1871931151833,36.22374527775142,41100
2009-10-07,36.399208068847656,36.56735028695693,36.216444424543845,36.53810743456787,60400
2009-10-08,36.735496520996094,36.84515583506711,36.62583720692508,36.735496520996094,40600
2009-10-09,36.66238021850586,36.85976245748172,36.46499519077871,36.779348813964404,7400
2009-10-12,36.87439727783203,37.16682026709808,36.65508143025865,36.83784510136185,13800
2009-10-13,36.82321548461914,36.89632261005492,36.63314253598948,36.713558979592996,8600
2009-10-14,37.58351516723633,37.612758019208464,37.21798788384024,37.2326093098263,7900
2009-10-15,37.22529983520508,37.37151131665465,37.07177903462145,37.34227125136638,52300
2009-10-16,37.152183532714844,37.2106692219739,36.823208502510525,36.91093703639912,6700
2009-10-19,37.56888961791992,37.56888961791992,37.10832451053911,37.33495240532208,9300
2009-10-20,37.52503204345703,37.56158421384309,37.181435506574026,37.56158421384309,7200
2009-10-21,37.1302604675293,37.71510353723678,37.1302604675293,37.19605548716837,7200
2009-10-22,38.03676986694336,38.03676986694336,37.29840594952109,37.44461742696914,86300
2009-10-23,37.51771926879883,38.01483658571213,37.51771926879883,38.01483658571213,18400
2009-10-26,37.481170654296875,38.19760384633385,37.174126264137,38.022149510706484,14100
2009-10-27,37.56159210205078,37.795529388152296,37.25454767107227,37.77359585031299,27800
2009-10-28,36.187198638916016,37.03522176819711,35.975192159407825,37.03522176819711,22900
2009-10-29,36.859771728515625,36.859771728515625,36.37727580229702,36.58928230637465,11900
2009-10-30,36.05561065673828,36.80128664218808,36.011746379211175,36.80128664218808,41300
2009-11-02,36.092166900634766,36.150652610605434,35.47808088970353,35.799746717037884,193800
2009-11-03,35.52924346923828,35.52924346923828,34.83474400568166,35.361101288363955,36800
2009-11-04,35.97519302368164,36.17989018997867,35.85822440954837,35.938640854655944,68200
2009-11-05,36.779361724853516,36.7939831530124,36.231070718280726,36.231070718280726,54700
2009-11-06,36.99135208129883,37.10832067550941,36.8378313242883,36.9474906014394,18800
2009-11-09,38.109867095947266,38.204902161151345,37.598128452247124,38.204902161151345,30700
2009-11-10,37.62006759643555,37.81745266547654,37.539651147335306,37.69317472686844,13700
2009-11-11,37.94173049926758,38.23415063244253,37.839380524467096,38.23415063244253,26000
2009-11-12,37.349578857421875,37.992907673041785,37.349578857421875,37.91980054129411,33200
2009-11-13,37.693172454833984,38.2999462627171,37.525030248101274,37.54696099153328,7400
2009-11-16,38.438846588134766,38.53388166434241,38.102559401837134,38.365739465569376,31200
2009-11-17,38.4461555480957,38.48270771466232,38.27801335088802,38.47539839684961,18600
2009-11-18,38.42422103881836,38.42422103881836,38.13179815745128,38.38035676998792,8500
2009-11-19,38.00020980834961,38.00020980834961,37.65661332596821,37.92710547917337,10800
2009-11-20,37.707794189453125,37.73703425135183,37.546961299627455,37.69317276412791,8900
2009-11-23,38.64353942871094,38.709334442047336,38.23414792475651,38.23414792475651,25100
2009-11-24,38.71664810180664,38.91403316395306,38.32919008467762,38.91403316395306,144500
2009-11-25,38.97251892089844,39.009071090513444,38.818995346512565,39.00175898333937,19000
2009-11-27,37.832069396972656,38.32187456070954,37.37150429302864,38.24146091033972,30000
2009-11-30,38.13180923461914,38.13911855383857,37.68586546592718,37.91249340425892,30800
2009-12-01,38.93595886230469,39.067548886683134,38.58505306021264,38.58505306021264,35500
2009-12-02,39.126041412353516,39.338047909616115,38.92865634132474,39.0894892411449,49200
2009-12-03,39.177223205566406,39.62316703835665,39.140671026711175,39.476955534183254,51900
2009-12-04,39.10411071777344,39.630468119109935,39.10411071777344,39.6012252666046,35900
2009-12-07,39.374603271484375,39.571988358507944,39.140666010290246,39.140666010290246,32300
2009-12-08,38.81169128417969,39.082180722464,38.64354905017851,39.082180722464,129400
2009-12-09,39.082176208496094,39.082176208496094,38.70202750167127,39.07486688992816,32500
2009-12-10,39.6085319519043,39.70356981516049,39.403837589892355,39.65970554240728,13600
2009-12-11,39.54274368286133,39.725507334050604,39.26494215220307,39.725507334050604,30400
2009-12-14,39.747432708740234,39.79860630105801,39.43307904807299,39.63777620609571,26100
2009-12-15,39.26492691040039,39.49886407001311,39.19182259380301,39.35265543681835,12000
2009-12-16,39.513492584228516,39.63046118503214,39.44769757197951,39.63046118503214,42200
2009-12-17,38.60698699951172,39.07486140726262,38.49001839757399,38.83361209709337,31600
2009-12-18,38.8994140625,38.95789976829778,38.59968179216626,38.65085539036334,23100
2009-12-21,39.38922119140625,39.47694695935429,38.9798296263956,38.9798296263956,5300
2009-12-22,40.024803161621094,40.024803161621094,39.5892694205477,39.63355917375368,188000
2009-12-23,39.89931106567383,40.03956946752238,39.77381967031608,40.010041086503584,10900
2009-12-24,40.34223175048828,40.61536225809605,40.054334235138775,40.054334235138775,9700
2009-12-28,40.49724197387695,41.228050989492075,40.283165467896374,40.5562959109862,83600
2009-12-29,40.04695129394531,40.445576001093876,40.04695129394531,40.445576001093876,52000
2009-12-30,40.231502532958984,40.312704181289,40.03219016414395,40.24626672501732,179000
2009-12-31,40.157691955566406,40.571078147167505,40.061726097095196,40.571078147167505,22500
2010-01-04,41.75218200683594,41.966255759334636,41.23544653035885,41.464284475440536,101800
2010-01-05,41.94409942626953,42.13603106146253,41.70049735511661,42.10650268435883,162100
2010-01-06,42.20985412597656,42.26152738396229,41.981013400624526,42.23199900340434,95400
2010-01-07,42.07698059082031,42.26890943869397,41.98839826226181,42.26890943869397,53900
2010-01-08,42.726585388183594,42.74134957703419,42.00315703039098,42.21723072877189,115400
2010-01-11,42.54204177856445,42.67491667637838,42.30582036377999,42.67491667637838,25200
2010-01-12,41.479042053222656,41.81122929341019,41.41260460518515,41.81122929341019,106700
2010-01-13,41.99576950073242,42.36486573865903,41.73740326057612,41.98100531329766,50400
2010-01-14,41.85551452636719,42.01791495844726,41.75216802886691,41.9440968362273,35900
2010-01-15,41.71525955200195,42.13603189409172,41.48642166487893,41.744787929689146,19000
2010-01-19,42.423919677734375,42.53464685218798,42.202459696865894,42.35748224666996,71500
2010-01-20,41.55286407470703,41.89981269807859,41.11733030768273,41.89981269807859,45100
2010-01-21,40.79252243041992,41.75217507716604,40.78514174334432,41.7078825067684,46000
2010-01-22,40.52677917480469,40.925401081036505,40.24626516850841,40.7260887199298,33800
2010-01-25,40.85896301269531,40.925400465398134,40.475105303725186,40.76299999344356,66200
2010-01-26,40.50462341308594,40.85895549027208,40.224112278635054,40.27578553055922,24100
2010-01-27,40.43818664550781,40.64488247262493,40.17982038158777,40.57844503104819,23700
2010-01-28,40.489864349365234,40.903253233062465,40.157679920945405,40.81467090654927,54100
2010-01-29,39.862403869628906,40.600596533881294,39.76643803480127,40.33484672419339,50000
2010-02-01,40.28316116333008,40.53414670518182,39.87715588515303,39.9066842585428,33500
2010-02-02,41.25020217895508,41.279727742023724,40.674410051407555,40.73346680950729,96500
2010-02-03,41.095184326171875,41.279732492499534,40.68179823582611,40.68179823582611,76600
2010-02-04,39.995269775390625,40.65964415012372,39.862394900444,40.65964415012372,41100
2010-02-05,39.677852630615234,39.97313079984025,39.124208175304325,39.65570775351682,92300
2010-02-08,39.85502243041992,40.15029780096356,39.68523564278001,39.89193149974019,44100
2010-02-09,39.94359588623047,40.26839956646546,39.65570126711613,40.24625469298924,176100
2010-02-10,39.862403869628906,40.28317346297425,39.729528964784954,40.20197181934944,85700
2010-02-11,40.87372589111328,40.94016334168216,40.12815256004608,40.364373980739536,42900
2010-02-12,40.615352630615234,40.814664948159056,40.35698356002984,40.615352630615234,47300
2010-02-16,41.50119400024414,41.50119400024414,41.01398693669298,41.01398693669298,83000
2010-02-17,41.294490814208984,41.48642245685864,40.93277803656955,41.48642245685864,120800
2010-02-18,41.25020217895508,41.33878450012345,40.93277914412206,41.132091478736825,118600
2010-02-19,41.427371978759766,41.52333781462841,40.91063654498141,41.154241478498385,35300
2010-02-22,41.51594543457031,41.67834586186232,41.191138948024744,41.39045125131931,86800
2010-02-23,41.04350662231445,41.338784782870306,40.89587035801777,41.32402059324439,32100
2010-02-24,41.33140182495117,41.56023971162549,41.154234375156484,41.56023971162549,39700
2010-02-25,41.109962463378906,41.13211016571898,40.34962466128902,40.60061036527731,40100
2010-02-26,41.2723503112793,41.45689847092837,40.86634492324763,41.22067705185607,284500
2010-03-01,41.626678466796875,41.64882334272706,41.27234637200793,41.45689451404266,96900
2010-03-02,41.929344177246094,42.14342073291846,41.68574205415609,41.7669437005133,133200
2010-03-03,41.759559631347656,42.143420162396886,41.759559631347656,42.143420162396886,102500
2010-03-04,42.254146575927734,42.32058402400236,41.951487716028076,42.20247050210849,54900
2010-03-05,42.778255462646484,42.79301965040007,42.42392340450317,42.6232357152052,68900
2010-03-08,42.394405364990234,42.7708823885607,42.20985719704791,42.7708823885607,71500
2010-03-09,42.313194274902344,42.51250658970507,42.09173708600407,42.246756836634766,272800
2010-03-10,42.68229675292969,42.77826258130705,42.46822021884995,42.505132102366794,45300
2010-03-11,43.132591247558594,43.132591247558594,42.593711019906166,42.793023347829305,42900
2010-03-12,43.162132263183594,43.390970220186226,43.08831129642311,43.38358953150115,34100
2010-03-15,42.86684036254883,43.021860119354045,42.68967573076602,43.021860119354045,58600
2010-03-16,43.08830642700195,43.08830642700195,42.66753681995529,42.9259059504457,32100
2010-03-17,43.25070571899414,43.398344806192306,43.11045013494563,43.206413148040276,61600
2010-03-18,43.17688751220703,43.42787311523575,42.9923393575089,43.42787311523575,39800
2010-03-19,42.925899505615234,43.47216043598519,42.8225501793468,42.925899505615234,34900
2010-03-22,42.99233627319336,43.12520834434078,42.667529741998536,42.77825975326608,23200
2010-03-23,43.442630767822266,43.582889155604995,43.221173564352995,43.442630767822266,35900
2010-03-24,43.28023910522461,43.62718776188822,43.2654749131991,43.49431284964031,221400
2010-03-25,43.28023910522461,43.701008722015786,43.28023910522461,43.531224737694934,51500
2010-03-26,43.43525314331055,44.79352765391777,43.28761405859603,43.53121897077219,53200
2010-03-29,43.996280670166016,44.06271812108867,43.641948537239024,43.641948537239024,152800
2010-03-30,43.67147445678711,44.05533494981139,43.28023327673487,44.01104237969967,151000
2010-03-31,43.45002365112305,43.78221093603626,43.39096688225771,43.65671671018828,112900
2010-04-01,43.64933776855469,43.951996681145125,43.641954264160226,43.715775228195604,120100
2010-04-05,44.25464630126953,44.29155536754624,43.767439304865775,44.10700722018146,73300
2010-04-06,44.217742919921875,44.217742919921875,43.86340795336233,44.062720316058964,32200
2010-04-07,43.40571975708008,43.90031021143416,43.28760906612673,43.90031021143416,74700
2010-04-08,43.02924728393555,43.265468690405065,42.79302587746603,43.23594031060105,134300
2010-04-09,43.331905364990234,43.383578620736024,43.14735721847493,43.22855885349866,22100
2010-04-12,43.56074523925781,43.59765712301925,43.361435710049115,43.48692710369765,30100
2010-04-13,43.464778900146484,43.479543089324984,43.18426493771736,43.442631208388164,34500
2010-04-14,43.553367614746094,43.56074830242857,43.39096432591599,43.47954947399508,40200
2010-04-15,43.21379470825195,43.23593958474254,42.896371670641045,43.16950213928953,73600
2010-04-16,42.608482360839844,43.22118082049983,42.268911588131914,43.22118082049983,168800
2010-04-19,42.357479095458984,42.571552743202076,41.914561982653744,42.32795072474255,127400
2010-04-20,42.68967056274414,42.7930170547698,42.43868501811866,42.7930170547698,50300
2010-04-21,42.2689094543457,42.741355110789364,42.136037369449475,42.741355110789364,207700
2010-04-22,42.38701629638672,42.45345374076273,41.89980930962301,42.14341421099546,38700
2010-04-23,42.80040740966797,42.85946417044227,42.36487365489219,42.36487365489219,38900
2010-04-26,42.46084213256836,42.80779358381259,42.261529776490704,42.71182774955708,56000
2010-04-27,41.626678466796875,42.409163602777355,41.479039389972854,42.31319778044457,78000
2010-04-28,41.25020217895508,41.78169892194658,41.09517959693389,41.70788079030313,106000
2010-04-29,40.96968460083008,41.23543435690593,40.74822740942719,41.23543435690593,122900
2010-04-30,40.60797882080078,41.198535228246456,40.60797882080078,40.96969447956217,55500
2010-05-03,41.36093521118164,41.58239526931565,40.43081366774893,41.00660306054148,172600
2010-05-04,39.84025955200195,40.63750617631408,39.589273929981516,40.62274198490328,214300
2010-05-05,39.41210174560547,39.72214409626874,38.91751406428473,39.2349371017818,315800
2010-05-06,37.66996383666992,39.537592849059905,33.21866378993285,39.25707889969245,148300
2010-05-07,37.2713508605957,38.533659708485075,36.407663932683924,38.39340129250957,102400
2010-05-10,40.20197296142578,40.78514585858778,39.89931407312349,40.24626553629256,119200
2010-05-11,39.862403869628906,40.755616317538724,39.3309042502531,39.54498079872186,30200
2010-05-12,40.0838508605957,40.29054666862402,39.86977436684318,40.29054666862402,57300
2010-05-13,39.175880432128906,39.90669233350913,39.16849974527835,39.86239976446203,86400
2010-05-14,38.36387252807617,38.93228120066319,38.0981227262452,38.93228120066319,53500
2010-05-17,38.570560455322266,39.06514810853299,37.91356954118571,39.06514810853299,62400
2010-05-18,37.97262191772461,38.998711877914445,37.78807378916961,38.998711877914445,40300
2010-05-19,37.52971649169922,37.795466310794076,37.19014852995874,37.72902885602036,79100
2010-05-20,36.71769332885742,37.4632664567484,36.51838103146541,37.086789550106175,59100
2010-05-21,36.710323333740234,36.99821804167796,35.8761647783445,35.93522154714287,142200
2010-05-24,37.160614013671875,37.596147741758266,37.14584982438305,37.25657983605869,68200
2010-05-25,37.15323257446289,37.27872395690431,36.24525325546897,36.422420707365156,105400
2010-05-26,36.37074661254883,37.0572658967964,36.19357916475095,36.946535889925094,259300
2010-05-27,37.559234619140625,37.60352436624149,36.70293144475996,36.857951191574706,81200
2010-05-28,37.241817474365234,37.52971213967256,36.710317897809354,37.263962351394625,203500
2010-06-01,35.6325569152832,36.36336600772652,35.48491783301769,35.89830670016487,166700
2010-06-02,36.51100540161133,36.63649960820155,34.421921803261384,34.421921803261384,273000
2010-06-03,36.63651657104492,36.784155722928006,36.348621773663346,36.46673253197329,49900
2010-06-04,35.52921676635742,36.31908275957741,35.33728508023976,36.068097119564776,73600
2010-06-07,34.92387771606445,35.74326877992815,34.92387771606445,35.54395934275865,29200
2010-06-08,35.34466552734375,35.35204621494907,34.87960336072591,35.233935501393276,76800
2010-06-09,35.374183654785156,35.99426547454925,35.28560134224198,35.41109553299401,24100
2010-06-10,36.23788070678711,36.23788070678711,35.61041802171056,35.61041802171056,14500
2010-06-11,36.30431365966797,36.348606231088276,36.01641898538945,36.11976550272211,4800
2010-06-14,36.58483123779297,37.07941899528453,36.58483123779297,36.83581686851483,38800
2010-06-15,37.2713508605957,37.308259932596,36.806288668643205,36.806288668643205,58200
2010-06-16,36.8358039855957,37.17537183311171,36.562670754524376,36.7250739928932,103700
2010-06-17,36.90962219238281,37.02035218535224,36.636491776633775,36.843184759797296,60400
2010-06-18,36.88010025024414,37.020358641262234,36.74722536190131,36.89486443961347,16100
2010-06-21,37.27873229980469,37.765939381578704,37.08680343194657,37.551862817288765,96700
2010-06-22,36.710323333740234,37.197530412399864,36.61435749243375,37.197530412399864,21600
2010-06-23,36.39485549926758,36.69601391233949,36.168988125493385,36.69601391233949,20400
2010-06-24,35.64948654174805,36.07110770465916,35.64948654174805,36.07110770465916,63100
2010-06-25,35.95064926147461,36.003351554187404,35.68713779791066,35.837714135913174,13600
2010-06-28,35.72477722167969,35.91300049168637,35.60431444375778,35.71724668252628,21000
2010-06-29,34.45991516113281,35.14504772011984,34.34698005507798,34.93423858568047,180000
2010-06-30,34.3093376159668,35.017056081147445,34.181347170245914,34.693314697247814,129500
2010-07-01,34.414730072021484,34.8589369501761,34.098516466585075,34.61048381334152,176500
2010-07-02,34.32440948486328,34.79873312086926,34.24912129530185,34.6330956573617,33500
2010-07-06,35.58173751831055,36.21416803050345,35.408572397027505,35.83772136543768,166700
2010-07-07,36.39485549926758,36.402383167167606,35.40856442491358,35.438680840632664,344900
2010-07-08,36.078636169433594,36.11628312228554,35.79253885776183,36.11628312228554,33600
2010-07-09,36.312034606933594,36.440027930007766,35.93558804927674,35.93558804927674,29900
2010-07-12,36.65836715698242,36.884237404050374,36.53037669756611,36.7938881563994,26100
2010-07-13,37.23809814453125,37.268214562765195,36.982114333662196,36.98964487425054,19400
2010-07-14,37.05739974975586,37.05739974975586,36.643306242094546,36.74118315045625,17600
2010-07-15,37.07999038696289,37.07999038696289,36.71860199281325,37.004702215204084,75700
2010-07-16,36.20663070678711,36.959523836167534,36.040993299264414,36.87670513240619,83000
2010-07-19,36.3195686340332,36.52284726727559,36.161458881869734,36.5153195991057,32500
2010-07-20,36.47766876220703,36.53789871259646,35.76994745873263,35.83770794795765,124400
2010-07-21,36.2668571472168,36.786355194236535,36.0635785494063,36.786355194236535,13900
2010-07-22,37.087520599365234,37.20798340567836,36.73366272135408,36.74119039022247,29200
2010-07-23,36.5755500793457,37.102572979115436,36.42497087710033,36.95199664892946,191000
2010-07-26,36.83905792236328,36.83905792236328,36.24427171136149,36.46261138963695,19300
2010-07-27,36.60566329956055,37.004698612803224,36.53790280275024,36.967051658529094,27700
2010-07-28,36.289451599121094,36.82400506392522,36.289451599121094,36.711069938883426,27700
2010-07-29,36.409908294677734,36.86164297507432,36.25180144374484,36.86164297507432,15300
2010-07-30,36.44755554199219,36.83906030600669,36.06358131747258,36.21415764265875,277700
2010-08-02,38.11898422241211,38.11898422241211,37.62960248457277,37.96840500522619,118700
2010-08-03,37.682308197021484,37.923233817543576,37.64466410732615,37.712424617601734,9100
2010-08-04,37.885589599609375,38.02111061970182,37.78771266908485,37.8253596307127,36300
2010-08-05,38.013587951660156,38.11899256514127,37.95335510277934,37.960882772859286,31200
2010-08-06,37.90816879272461,37.99098749840248,37.501608676215966,37.9533434154742,32700
2010-08-09,38.48788833618164,38.555648819268846,38.28460688692002,38.37495611240882,30800
2010-08-10,38.16415786743164,38.37496993075753,37.802769451521335,38.01358151484722,36800
2010-08-11,37.192928314208984,37.48655622703771,37.17033956333456,37.48655622703771,25200
2010-08-12,37.56937026977539,37.60701435380131,37.027286269211636,37.027286269211636,38200
2010-08-13,37.36609649658203,37.48655931361147,37.23810313795444,37.23810313795444,43300
2010-08-16,37.629600524902344,37.938286611630915,37.36608906259486,37.36608906259486,53900
2010-08-17,38.13404083251953,38.35990821279881,38.09639387575668,38.26956183509901,650500
2010-08-18,38.11898422241211,38.26203289910592,37.878058623738504,38.06628192720599,465400
2010-08-19,37.554317474365234,38.066285132673094,37.456440544143454,37.99099408171021,34500
2010-08-20,37.486549377441406,37.501607584586274,37.20797685335031,37.37361425988455,65700
2010-08-23,37.486549377441406,38.05121922110701,37.46396063069442,37.8328795255954,55300
2010-08-24,37.07999038696289,37.29833010594694,36.831534250451455,37.12516501325396,77600
2010-08-25,37.06492233276367,37.13268281817145,36.560485397440395,36.620715344436825,21100
2010-08-26,36.8993034362793,37.162817843559466,36.635791901059456,36.929419860893084,30400
2010-08-27,37.185394287109375,37.200452495594,36.51531980587137,36.92188281877744,31600
2010-08-30,37.01223373413086,37.38115270707272,36.98964785466542,37.38115270707272,14400
2010-08-31,37.23809814453125,37.3359750677617,37.027288961013106,37.03481662954173,34500
2010-09-01,38.096397399902344,38.18674665801955,37.63713492874242,37.63713492874242,23700
2010-09-02,38.14910125732422,38.14910125732422,37.90817563661552,37.90817563661552,8300
2010-09-03,38.495426177978516,38.65353304449296,38.32978877188185,38.45778209624545,26000
2010-09-07,38.766475677490234,38.766475677490234,38.374970833034006,38.59330769823891,12700
2010-09-08,39.08268737792969,39.28596889427902,38.646010798855364,38.646010798855364,22600
2010-09-09,39.195621490478516,39.58712630376569,39.180563281652894,39.58712630376569,13000
2010-09-10,39.240779876708984,39.52688000281052,39.18054993398474,39.45159185639055,10800
2010-09-13,39.376312255859375,39.557007880545775,39.240791255359454,39.47418917223366,39200
2010-09-14,39.489253997802734,39.594658599841765,39.15045143977728,39.18056786094843,17100
2010-09-15,39.451602935791016,39.451602935791016,39.15044452141785,39.42901418787436,24000
2010-09-16,39.18808364868164,39.50430023098426,38.932099890459185,39.50430023098426,22700
2010-09-17,39.248313903808594,39.248313903808594,38.96974141876015,39.13537880207988,55900
2010-09-20,40.573402404785156,40.68633750108775,39.88826990496114,40.12166776369239,210500
2010-09-21,41.183258056640625,41.22090214171886,40.88963017214695,40.957390674111615,16900
2010-09-22,41.10796356201172,41.3112450508333,40.93479848754726,41.153138183547405,129400
2010-09-23,40.71646499633789,41.025151088616695,40.53576936746414,40.897157753152044,34000
2010-09-24,41.42417907714844,41.55216952670476,41.22842526104442,41.251014007246745,38800
2010-09-27,40.9573974609375,41.243494852587396,40.9573974609375,41.213381302770614,175100
2010-09-28,41.35641860961914,41.386535023202356,40.806806985992196,41.00255793016455,214800
2010-09-29,41.311256408691406,41.38654746528428,41.11550540567023,41.31878695038077,111000
2010-09-30,41.34136962890625,41.8608649548848,41.18326273039885,41.49194885836754,51700
2010-10-01,41.61240768432617,41.70275406453089,41.29619104552016,41.65758231045835,21000
2010-10-04,41.6048698425293,41.680160872869806,41.34135841648538,41.43170478083484,109300
2010-10-05,42.62128448486328,42.67398677906554,42.22977967646107,42.38035889077879,142100
2010-10-06,42.2598991394043,42.38788961395986,42.12437812395733,42.38788961395986,39200
2010-10-07,41.59735107421875,42.24483971336511,41.491946481252555,42.24483971336511,62000
2010-10-08,41.61240768432617,41.725339941567164,41.51453076373625,41.695226396205356,39200
2010-10-11,42.4255256652832,42.606221275668716,42.41799799787765,42.4255256652832,25000
2010-10-12,42.72669982910156,42.82457677385614,42.00392286489935,42.320136709715186,342700
2010-10-13,43.35911560058594,43.53228067635402,43.04289899157425,43.27629689651003,74800
2010-10-14,43.51723098754883,43.63016612831561,43.133256678649666,43.63016612831561,184300
2010-10-15,43.69791793823242,43.72050381306502,43.359115455446634,43.630157441675266,62900
2010-10-18,43.456993103027344,43.70544634657498,43.434404355752534,43.569925351163754,108800
2010-10-19,42.794456481933594,43.11067029817518,42.59117494060968,43.10314262867137,15200
2010-10-20,43.216060638427734,43.52474666275683,43.03536504932972,43.09559786971538,5600
2010-10-21,43.23112487792969,43.630160215046416,42.907383453866004,43.41934817232414,34800
2010-10-22,43.14077377319336,43.336527586265156,43.02031099286426,43.02031099286426,9300
2010-10-25,43.35158920288086,43.592514782490426,43.336530995147825,43.592514782490426,8400
2010-10-26,42.71915817260742,42.975141955960474,42.56857896968337,42.89232325074928,375700
2010-10-27,42.62881851196289,42.651407264318806,42.38789288194026,42.545999788131354,20700
2010-10-28,42.929962158203125,43.05042493160854,42.74926656206547,42.982664442064305,51400
2010-10-29,42.8923225402832,43.110659365244175,42.83962025094166,42.96008303687368,29400
2010-11-01,42.914913177490234,43.40429491518022,42.80950858711016,43.298887452740466,49200
2010-11-02,43.34405517578125,43.50216203616855,43.02784145500666,43.223592395668184,64000
2010-11-03,43.06548309326172,43.2160622778793,42.76432472402656,43.057952554398355,61700
2010-11-04,43.577457427978516,43.63015972004627,43.43440588774359,43.46452230379931,45300
2010-11-05,43.53981018066406,43.637684217645095,43.29888174178184,43.63015655020783,98600
2010-11-08,42.794456481933594,43.06549853703215,42.689051876519734,42.99020748169361,61600
2010-11-09,42.673980712890625,43.13324595884753,42.425524613775885,43.0654854656398,256200
2010-11-10,42.87727355957031,42.92997586025259,42.470710492541315,42.77186895820575,19200
2010-11-11,42.1469612121582,42.25236580118087,41.87591919920869,42.109317126372915,114800
2010-11-12,41.7027473449707,42.071666218790575,41.454294121426045,41.96626164685895,38000
2010-11-15,42.04908752441406,42.290013138435064,42.04908752441406,42.13943678371684,58500
2010-11-16,41.537109375,42.154484335908556,41.41664659844545,42.056607432439506,26100
2010-11-17,41.981327056884766,42.154495034687265,41.845808911918255,41.845808911918255,12800
2010-11-18,42.817039489746094,43.0880815266594,42.74927898051777,42.74927898051777,23100
2010-11-19,43.08055114746094,43.13325344331637,42.76433450026865,43.042904188655875,8700
2010-11-22,42.90738296508789,43.276299009545184,42.66645450871274,43.261240801518014,17500
2010-11-23,41.981327056884766,42.19213912340351,41.86086424975685,42.18460858242434,27800
2010-11-24,42.576107025146484,42.80197439555984,42.41047248527506,42.41047248527506,7100
2010-11-26,42.26742172241211,42.26742172241211,41.853331057065056,42.169544807019705,36000
2010-11-29,42.365299224853516,42.46317614160219,42.018969054277626,42.244836431954965,28300
2010-11-30,41.853328704833984,41.98131915679582,41.522056765586306,41.73286592037489,22500
2010-12-01,42.24481964111328,42.448101061843474,42.13941509822912,42.15447330036377,11700
2010-12-02,42.854679107666016,42.93749781831094,42.59869817957748,42.658928141463136,17600
2010-12-03,42.9375,42.952558209251436,42.704104936752145,42.85468128514699,11900
2010-12-06,43.23112487792969,43.25371362625751,43.00525749906825,43.00525749906825,17000
2010-12-07,43.291358947753906,43.577459167585324,43.25371486221127,43.494640456155736,17300
2010-12-08,43.53981018066406,43.53981018066406,43.185949497866964,43.32147048821226,7600
2010-12-09,43.991539001464844,44.074357692465895,43.86354569571988,44.05176894906448,9000
2010-12-10,44.398101806640625,44.50350636871983,44.07435758193509,44.22493675864493,13100
2010-12-13,44.571285247802734,44.72186448665188,44.495994192348114,44.571285247802734,7600
2010-12-14,44.71432876586914,45.00042899933786,44.61645184114514,44.97031258064437,200200
2010-12-15,44.61644744873047,44.91760586189741,44.4206964906136,44.72938257168294,166700
2010-12-16,44.97783660888672,45.05312477265953,44.669150542123226,44.73690816628315,90500
2010-12-17,45.03054428100586,45.10583245377882,44.812204559080726,45.098304785325396,28500
2010-12-20,44.541160583496094,44.84984667358895,44.53363291537364,44.83478846528447,24100
2010-12-21,45.004058837890625,45.004058837890625,44.67505919261955,44.78217481318562,29500
2010-12-22,44.9122428894043,45.05761366215554,44.8051272759369,44.965800696138,42600
2010-12-23,45.02699279785156,45.111155870383115,44.590877711715855,44.83571414889097,15400
2010-12-27,44.98109817504883,45.1417715767878,44.74391154485233,45.1417715767878,20300
2010-12-28,44.973453521728516,45.157082384535926,44.912245846580554,45.13412987119066,363000
2010-12-29,45.669700622558594,45.73091120653554,45.539632509629506,45.56258501928022,30000
2010-12-30,46.0063591003418,46.10582193447729,45.84568275542738,45.90689334752462,38200
2010-12-31,46.30474853515625,46.36595620208823,45.761517721904,45.96809907032698,8800
2011-01-03,46.893890380859375,47.108121607274576,46.74851668977915,46.79442463201737,186900
2011-01-04,46.64139938354492,46.93214383647013,46.39656287119152,46.93214383647013,113900
2011-01-05,46.649051666259766,46.80207229582925,46.4195148845427,46.549585922094465,33200
2011-01-06,46.55724334716797,46.6490592422386,46.30475693242846,46.52664096749299,17600
2011-01-07,46.55724334716797,46.74087221862734,46.13643071014753,46.618453943881725,29800
2011-01-10,46.327693939208984,46.327693939208984,45.838021004138724,45.838021004138724,13800
2011-01-11,46.4807243347168,46.93979204956244,46.33535357270799,46.93979204956244,178100
2011-01-12,47.00865936279297,47.14638028109274,46.6184520400648,46.809730768960954,292200
2011-01-13,46.710262298583984,46.855635992054395,46.48837828547349,46.68730978642828,23100
2011-01-14,46.8173713684082,46.886231813930124,46.580187659473644,46.62609267736746,25000
2011-01-18,47.054561614990234,47.20758516332811,46.75616730100615,47.06986426169217,39600
2011-01-19,46.61845016479492,47.276449432718145,46.434821308221274,47.276449432718145,22900
2011-01-20,45.82272720336914,46.01400591296322,45.5166830192275,46.01400591296322,40200
2011-01-21,45.79212188720703,45.96810086838819,45.60084317770545,45.96810086838819,28100
2011-01-24,45.68501281738281,45.68501281738281,45.24889753077715,45.24889753077715,46500
2011-01-25,45.75385665893555,45.75385665893555,45.16471801309423,45.3866019677645,9100
2011-01-26,45.89924240112305,46.18233408619682,45.539637477730956,45.79977665065003,22600
2011-01-27,45.70030975341797,45.84568052455258,45.55493898228336,45.65440181157894,11900
2011-01-28,44.37665557861328,45.48607255181484,44.093563937842504,45.37895695361407,132300
2011-01-31,43.542686462402344,43.542686462402344,43.05301342015478,43.18308154507861,67500
2011-02-01,43.82577896118164,43.932894576338576,43.35140855748025,43.619197595372576,574500
2011-02-02,43.833438873291016,43.978809671977814,43.68041529017318,43.94820437161783,59400
2011-02-03,43.4661750793457,43.77221926391305,43.282546233660106,43.77221926391305,27800
2011-02-04,43.481475830078125,43.53503363300871,43.03770784158891,43.18307860401743,38900
2011-02-07,44.491416931152344,44.70564809371503,44.16241740654211,44.16241740654211,40100
2011-02-08,44.26955032348633,44.3613632978693,44.024713779343834,44.17008456534037,35500
2011-02-09,43.66510009765625,43.99409968531923,43.58858978741515,43.87168143772472,17800
2011-02-10,43.772216796875,43.77986957929972,43.167775407300184,43.29784644038855,48400
2011-02-11,43.68806076049805,43.818131814600584,43.26724813827322,43.60390057099852,27200
2011-02-14,43.9864501953125,44.15477346300862,43.733960915746415,43.77221607119184,14700
2011-02-15,43.97114181518555,44.34604637581372,43.948186389966864,44.078257403936455,59500
2011-02-16,45.034664154052734,45.103524612829155,44.52203564567677,44.820432912829105,114900
2011-02-17,45.06526184082031,45.25654053637782,44.774517406342156,44.92754094652441,15300
2011-02-18,45.10352325439453,45.27949932848269,44.91989439696072,45.27949932848269,45400
2011-02-22,43.35905838012695,44.23129178559483,43.33610586795309,44.23129178559483,41000
2011-02-23,43.496768951416016,43.496768951416016,42.815817344424126,43.17542218263909,114700
2011-02-24,42.540382385253906,42.75461651734508,42.073664801565634,42.67810328492631,26200
2011-02-25,43.19072723388672,43.20602987877864,42.8311223756294,42.8311223756294,167800
2011-02-28,43.397315979003906,43.60389734233027,43.25194228702522,43.25194228702522,18100
2011-03-01,42.173133850097656,42.73932017883549,42.13487868758282,42.72401753009319,25000
2011-03-02,42.64750671386719,42.65515657880932,42.18843601293102,42.18843601293102,49600
2011-03-03,43.259586334228516,43.33609663763292,42.938236638831825,42.938236638831825,9800
2011-03-04,42.846431732177734,43.152478840594476,42.609245077220685,43.152478840594476,26100
2011-03-07,42.63984680175781,43.068312133931485,42.41796281266709,42.73931254146767,20700
2011-03-08,43.060665130615234,43.2519438533613,42.70871298124609,42.70871298124609,12800
2011-03-09,42.63984680175781,42.80817298916198,42.57863913640802,42.66279931142882,13800
2011-03-10,42.555686950683594,42.831128762448785,42.49447928066995,42.831128762448785,14700
2011-03-11,42.708709716796875,42.88468577803068,42.34910481154262,42.34910481154262,13100
2011-03-14,42.52508544921875,42.52508544921875,42.33380673363647,42.34145659803987,15800
2011-03-15,42.3184928894043,42.35674803866278,41.316191634219436,41.41565735723615,31400
2011-03-16,41.52278518676758,42.26494755968859,41.262646008947556,42.111923998850635,20600
2011-03-17,42.593936920166016,42.78521560851312,42.433263522437926,42.50212396699013,14100
2011-03-18,42.93824768066406,43.26724732353307,42.85408457406756,43.121876542209314,15200
2011-03-21,43.75691223144531,43.909935767733295,43.665099277145,43.73395972254053,14400
2011-03-22,43.90993118286133,44.02469955276403,43.81046545685771,44.00939690886494,8500
2011-03-23,43.97114181518555,43.986444459104376,43.634489486333116,43.940536527347895,9700
2011-03-24,43.81813049316406,43.940548759913696,43.46617834109408,43.72631752277226,17500
2011-03-25,43.74925994873047,44.17772524290671,43.74925994873047,43.94053862884255,82100
2011-03-28,44.43787384033203,44.560292104960425,44.30015292778988,44.376663248677005,22300
2011-03-29,44.8433723449707,44.8433723449707,44.476117644855286,44.690348823585715,16500
2011-03-30,45.07291030883789,45.141770753853734,44.797468528774544,44.988747218409515,61000
2011-03-31,45.19533157348633,45.44016807908499,45.141773770304205,45.141773770304205,13100
2011-04-01,45.669700622558594,45.8915846114531,45.33305116672924,45.33305116672924,33700
2011-04-04,45.69265365600586,45.922187496526305,45.6850008740692,45.86097691575758,12400
2011-04-05,45.70030975341797,45.76917020683574,45.44782337000717,45.52433368772401,9800
2011-04-06,45.960445404052734,46.121118810176256,45.90688760201156,46.121118810176256,4000
2011-04-07,45.65440368652344,45.70031163024782,45.447825236467864,45.63145117400207,6900
2011-04-08,45.58554458618164,45.97575187907588,45.40956560061198,45.86098348304028,32100
2011-04-11,45.547279357910156,46.021652596282614,45.53962949476013,46.021652596282614,13000
2011-04-12,45.66205596923828,45.66970583376765,45.24124337176383,45.53198492278596,17800
2011-04-13,45.6773567199707,46.12877459417823,45.66970393707753,46.12877459417823,20600
2011-04-14,45.89158248901367,45.945140288175864,45.493722467607995,45.53197762148368,4600
2011-04-15,45.99869155883789,46.06755199351337,45.65438938546051,45.82271554104073,12100
2011-04-18,45.40190505981445,45.62378901667618,44.958137146091,45.2106263905228,60600
2011-04-19,45.37895965576172,45.52433041645032,45.095865079452565,45.52433041645032,18100
2011-04-20,45.9374885559082,46.05990679453851,45.891580621916454,46.03695136820212,12200
2011-04-21,45.64674758911133,46.304746765906536,45.64674758911133,46.304746765906536,51300
2011-04-25,45.776824951171875,45.97575353696788,45.48608047776388,45.97575353696788,6300
2011-04-26,45.49373245239258,45.55494304697286,45.38661683055888,45.47842980374751,19600
2011-04-27,45.509033203125,45.509033203125,44.96580233294804,45.29480196839192,13300
2011-04-28,45.034664154052734,45.172385071605575,44.682711995276264,44.988756208641206,13000
2011-04-29,45.33305740356445,45.57024407108488,45.14177868034266,45.195336489350225,16000
2011-05-02,44.896934509277344,45.06526069105137,44.70565581860001,45.06526069105137,6000
2011-05-03,44.422569274902344,44.56794004578557,44.12417203148701,44.56794004578557,13000
2011-05-04,44.56028747558594,44.6444476523457,44.30779818926259,44.50672675411139,7300
2011-05-05,43.67274856567383,44.26953709890811,43.657445921401035,44.10886371206518,27600
2011-05-06,43.458526611328125,44.24659695889998,43.412621584360096,43.90994452816498,86900
2011-05-09,43.64215850830078,43.64215850830078,43.32080870378245,43.47383228123489,18000
2011-05-10,43.718666076660156,43.84873713081887,43.48148231933594,43.64980561708949,18200
2011-05-11,43.68806076049805,44.02471319322335,43.619200300957125,43.772223868679376,20300
2011-05-12,43.894630432128906,43.894630432128906,43.236631309493276,43.351399684345914,8800
2011-05-13,43.481475830078125,43.89463560715955,43.28254434603767,43.695707041800446,38100
2011-05-16,42.93824768066406,43.42792075320907,42.93824768066406,43.09892402902181,16100
2011-05-17,42.999454498291016,43.106570108669196,42.66280210146647,42.854080811050785,11700
2011-05-18,43.38199996948242,43.60388391197401,43.083605731701645,43.083605731701645,88200
2011-05-19,43.72630310058594,43.856371189183996,43.49676637229166,43.74925560594306,7200
2011-05-20,43.68806076049805,43.91759757142231,43.40496905735506,43.5273873277965,25800
2011-05-23,42.53273391723633,42.6704548214286,42.21138416789387,42.53273391723633,100800
2011-05-24,42.44091796875,42.66279903773601,42.372057521497446,42.486822987797524,10500
2011-05-25,42.05070114135742,42.12721435879924,41.49216778809578,41.599283373833515,63300
2011-05-26,42.43326950073242,42.46387479566333,42.043062205748924,42.40266420580152,102800
2011-05-27,42.72401809692383,42.861739018749894,42.57099452615244,42.64750777087906,17900
2011-05-31,43.772216796875,43.90228782996336,43.5962407439636,43.90228782996336,21000
2011-06-01,42.37206268310547,43.22134066311585,42.3644098998778,43.22134066311585,13300
2011-06-02,42.73165512084961,42.8770287828033,42.67044746214356,42.68575010649031,12600
2011-06-03,42.87703323364258,43.19073017861187,42.639846599668225,42.66279910923045,79000
2011-06-06,42.762271881103516,43.1677818496927,42.762271881103516,43.014761202537215,5400
2011-06-07,43.007102966308594,43.213684316195156,43.007102966308594,43.0683135523556,52300
2011-06-08,42.6551513671875,42.953545681063105,42.6551513671875,42.884685230270165,3000
2011-06-09,42.815826416015625,42.815826416015625,42.456224420291,42.51743209073457,7400
2011-06-10,42.15016555786133,42.517420234153214,42.06600248062513,42.35674686052815,21100
2011-06-13,41.775272369384766,42.07366963205496,41.69111218208374,41.89004077184882,18900
2011-06-14,42.61690139770508,42.76227218099497,42.249646588329206,42.249646588329206,40900
2011-06-15,41.10197067260742,41.55338855081766,40.941294335922635,41.37741248557388,43200
2011-06-16,40.93363571166992,41.147866889827874,40.74235704012006,40.86477527316474,338900
2011-06-17,41.20908737182617,41.36211092958714,41.1631794288934,41.36211092958714,59800
2011-06-20,40.895389556884766,41.063712840171824,40.7806211612368,40.79592380856863,179900
2011-06-21,41.95890426635742,42.05071724376458,41.44627572858011,41.61460195272817,36600
2011-06-22,41.91233825683594,42.207277762480466,41.78039342794929,41.78039342794929,9700
2011-06-23,41.330223083496094,41.40007710009715,40.678253248817626,40.996476444268175,81300
2011-06-24,41.128421783447266,41.4932123276829,40.92661998716935,41.4932123276829,18600
2011-06-27,41.1827392578125,41.306923800343995,40.70928476416335,40.80242243086371,12200
2011-06-28,41.78038787841797,41.90457244943742,41.36902408127115,41.39231072388298,7200
2011-06-29,42.30040740966797,42.42459197353984,41.927853718052354,42.067561722507406,27100
2011-06-30,42.50996017456055,42.54100704897722,42.16069023935523,42.16069023935523,30900
2011-07-01,42.98341751098633,43.107602056135576,42.51772324608182,42.626384352988275,122900
2011-07-05,42.85923767089844,43.022229349151246,42.711766471799145,42.99118246925735,49100
2011-07-06,42.587581634521484,42.665198833748654,42.331452279055334,42.57982139499547,17200
2011-07-07,43.169700622558594,43.33269527306438,43.06880269699982,43.06880269699982,9400
2011-07-08,43.16193389892578,43.16193389892578,42.766093613892714,42.82042416896891,10800
2011-07-11,42.29263687133789,42.4168214049703,42.183972813715805,42.4168214049703,9500
2011-07-12,42.191741943359375,42.44787128463317,42.12188794832229,42.23054906042592,19800
2011-07-13,42.37802505493164,42.79714910195428,42.21503335690965,42.36250457389565,5500
2011-07-14,42.07532501220703,42.76610188386446,42.07532501220703,42.71953451953306,12000
2011-07-15,42.0209846496582,42.1917395078461,41.733808446991084,42.1917395078461,15000
2011-07-18,41.485443115234375,41.71052854671705,41.19826688656637,41.695005107222386,56300
2011-07-19,42.308170318603516,42.33921720172848,41.842478914903914,41.842478914903914,6000
2011-07-20,42.34696578979492,42.478910556353874,42.27711180726586,42.35472602750139,3700
2011-07-21,43.0610237121582,43.26282541089305,42.63413960285494,42.742800689500214,3200
2011-07-22,43.02223587036133,43.15418068872013,42.843720725102656,43.15418068872013,5700
2011-07-25,42.641910552978516,42.85147254163908,42.58757999600652,42.66519719224744,15900
2011-07-26,42.69623947143555,42.82818721958484,42.6341486776189,42.75057298711574,6900
2011-07-27,41.76486587524414,42.463403000987185,41.67948842457921,42.463403000987185,23000
2011-07-28,41.82695388793945,42.036515899899186,41.508730749954736,41.508730749954736,35600
2011-07-29,41.485443115234375,41.889043659715725,41.3457351205757,41.508726794079706,121000
2011-08-01,40.1970329284668,40.78690890869854,39.777908885231895,40.78690890869854,66100
2011-08-02,38.799949645996094,39.94089430328224,38.67576509279511,39.66924151840299,265400
2011-08-03,39.05608367919922,39.09489080158348,38.38859051533285,38.94742255220584,66800
2011-08-04,37.33301544189453,38.32649482075477,37.33301544189453,37.89184740745384,378800
2011-08-05,36.9449348449707,37.6046676219695,36.15326024984094,37.51929019523376,91500
2011-08-08,33.73167037963867,35.59444217179228,33.70062349225081,35.268455775808036,306000
2011-08-09,35.00455093383789,35.00455093383789,33.70837492625319,34.03435824763625,19000
2011-08-10,33.28150177001953,34.25945501917443,33.28150177001953,34.205124447598834,36000
2011-08-11,34.74843215942383,34.96575443969268,33.723908608450635,33.723908608450635,76500
2011-08-12,34.826045989990234,35.26069350603535,34.67857772457202,35.16755581002353,112100
2011-08-15,35.34605407714844,35.47023859944245,35.07439839908539,35.11320846794622,149800
2011-08-16,34.810523986816406,35.0356094755481,34.47677735477813,34.56991801543585,58000
2011-08-17,35.0821647644043,35.46247860291784,34.86483961017515,35.29948695784061,34300
2011-08-18,33.46776580810547,33.84031944134975,33.23492015742693,33.82479896399185,20300
2011-08-19,32.97879409790039,33.615240321192815,32.97879409790039,33.12626233375821,14800
2011-08-22,33.964508056640625,34.87261005216011,33.91794069739935,34.87261005216011,56200
2011-08-23,35.12873458862305,35.18306810160248,34.28272646927229,34.4301976487437,76100
2011-08-24,34.98902893066406,35.00454940746858,34.47676437232545,34.639758986702724,14300
2011-08-25,33.12626266479492,34.00331777084525,33.087455545580674,34.00331777084525,61200
2011-08-26,33.654052734375,33.809284194894694,32.67609660565663,33.002082968827374,25400
2011-08-29,35.493526458740234,35.493526458740234,34.75617947529948,34.75617947529948,13600
2011-08-30,35.17531204223633,35.23740580636361,35.01232035259267,35.136504920053596,356600
2011-08-31,35.57890701293945,35.803992431195766,35.268444162876044,35.50129278082019,53000
2011-09-01,35.2917366027832,36.02908081150836,35.28397340181918,35.664290307627795,5700
2011-09-02,34.29825973510742,34.70186035327927,34.174075157269456,34.663053227853766,20100
2011-09-06,32.41220474243164,32.41220474243164,31.690383912194935,31.962036753639186,145500
2011-09-07,33.064170837402344,33.064170837402344,32.505341774318545,32.53638569502783,19400
2011-09-08,32.10174560546875,32.5829604916708,32.10174560546875,32.27250051638954,10100
2011-09-09,31.30230712890625,32.016367727341006,31.162599105596154,31.760235364341177,18000
2011-09-12,30.56495475769043,30.619285317551352,29.95955243799331,30.145830758083218,17500
2011-09-13,31.08498191833496,31.147075689100067,30.66585784805236,30.66585784805236,26500
2011-09-14,31.65932846069336,31.969788343939022,30.821080558264534,31.20139739417238,132800
2011-09-15,32.334571838378906,32.373378941799935,31.861117478582678,32.10948649342788,18200
2011-09-16,32.350101470947266,32.55966342252845,32.31129436008988,32.52085631167107,28800
2011-09-19,31.581716537475586,31.581716537475582,31.224686279829474,31.387677967781794,34500
2011-09-20,31.8145694732666,32.21040690598842,31.8145694732666,31.86113684135505,24900
2011-09-21,31.550670623779297,32.4044390921903,31.550670623779297,32.225923974642306,37500
2011-09-22,30.43301010131836,30.836610702015104,30.114786949337393,30.790040377044566,40300
2011-09-23,30.727951049804688,30.859895869046284,30.409727882511188,30.44853500812378,18800
2011-09-26,31.837846755981445,31.86889363566078,30.55719109674618,31.387675883011283,539000
2011-09-27,31.550670623779297,32.21040053475203,31.550670623779297,31.969791657642954,11600
2011-09-28,31.24796485900879,32.2026370715351,31.24796485900879,31.977551656848636,26400
2011-09-29,31.50410270690918,32.02412465932468,31.162595885656923,32.02412465932468,16100
2011-09-30,31.154829025268555,31.915459783800355,31.13930558601771,31.915459783800355,40300
2011-10-03,30.557191848754883,31.496340737010005,30.541668408533187,31.240208414542206,12600
2011-10-04,30.743473052978516,30.743473052978516,29.936271850531877,30.277778685046798,52300
2011-10-05,31.30230712890625,31.317827610790527,30.47958243172391,30.642574138654368,100000
2011-10-06,31.473052978515625,31.62052417498758,31.123782987915433,31.247967544485128,104000
2011-10-07,31.201400756835938,31.721422671733045,31.201400756835938,31.721422671733045,2800
2011-10-10,32.187110900878906,32.233678251141605,31.907694956131234,31.923218393149757,27700
2011-10-11,32.45099639892578,32.59070434112155,32.218147854738014,32.218147854738014,2000
2011-10-12,32.96327209472656,33.21164121899158,32.75371009097917,32.75371009097917,41100
2011-10-13,32.908939361572266,32.93222304018722,32.54414593904034,32.62952337501958,11200
2011-10-14,33.2659797668457,33.2659797668457,33.048657471134355,33.14179517489719,3400
2011-10-17,33.848087310791016,34.47677035828222,33.78599354962011,34.47677035828222,32100
2011-10-18,34.71737289428711,34.74841976919629,33.87136479816604,34.220634738911976,14300
2011-10-19,34.17406463623047,34.71737310730296,34.16630439785204,34.64751911872517,9500
2011-10-20,34.205116271972656,34.391394587703836,33.82480236184519,34.391394587703836,7600
2011-10-21,34.763946533203125,34.787230211216546,34.507814231882556,34.77170677227652,9500
2011-10-24,34.86484146118164,34.89588833640452,34.00331287969427,34.158541334222676,47300
2011-10-25,34.13527297973633,34.670818494140775,34.05765871763516,34.670818494140775,36300
2011-10-26,34.624244689941406,34.65529157333282,34.2982583359191,34.35258890145719,5800
2011-10-27,36.55686569213867,36.712097141522264,35.858328611102955,35.858328611102955,29800
2011-10-28,36.68881607055664,36.68881607055664,36.46373060097678,36.53358461012937,7100
2011-10-31,34.787227630615234,35.26068212038768,34.787227630615234,35.24515868259922,11000
2011-11-01,33.33583068847656,33.560916165724436,33.02536775704544,33.46777550981873,27600
2011-11-02,33.55314636230469,33.770468595071215,33.28149357134653,33.68509411847962,37600
2011-11-03,34.267208099365234,34.31377545507825,33.71613638348438,33.94122180540803,7300
2011-11-04,33.73942947387695,34.13526687709676,33.52986745071572,34.13526687709676,34300
2011-11-07,33.90241241455078,33.964503204934175,33.591949580254756,33.68509020701937,10400
2011-11-08,34.37587356567383,34.37587356567383,34.02660354960932,34.15854835523725,2300
2011-11-09,32.55189895629883,33.0253533883836,32.51309184695261,32.82355464330767,50600
2011-11-10,33.064170837402344,33.250449165625994,32.924462831433,33.250449165625994,11200
2011-11-11,33.5997200012207,33.68509744704215,33.38239478618602,33.38239478618602,24200
2011-11-14,33.421207427978516,33.55315224649917,33.21940563862544,33.42896766874107,3700
2011-11-15,33.24268341064453,33.34358131759941,33.141782542896564,33.14954278158806,7700
2011-11-16,32.85460662841797,33.39015192664758,32.85460662841797,32.99431165164877,7700
2011-11-17,32.2569694519043,32.8623687773353,32.218159373469355,32.621759910687786,6400
2011-11-18,32.536376953125,32.59847069944734,32.381148508904715,32.38890874679861,11400
2011-11-21,31.13153839111328,31.28676978814534,30.92973668673382,31.28676978814534,26300
2011-11-22,30.782278060913086,30.937509506220284,30.62704661560589,30.89093918439006,7200
2011-11-23,30.09149742126465,30.495097943552455,30.09149742126465,30.456290827346418,8700
2011-11-25,29.711183547973633,30.044930110151476,29.49386130685075,29.64909274799287,5800
2011-11-28,30.991851806640625,31.216937339551293,30.921997777833685,31.185890446571612,14700
2011-11-29,30.61928939819336,30.75899741668136,30.440774254746216,30.55719562962365,2700
2011-11-30,32.0551643371582,32.0551643371582,31.550665939201647,31.752464706225673,10500
2011-12-01,32.12502670288086,32.280258158420175,31.98531868897485,32.218164391886944,12000
2011-12-02,32.008609771728516,32.47430124214867,31.923232311299518,32.412207467002425,14000
2011-12-05,32.419960021972656,32.80027390706163,32.28025203457049,32.575191448063194,7400
2011-12-06,32.008609771728516,32.12503115893647,31.91546910900916,32.0629403445844,2800
2011-12-07,31.667095184326172,31.667095184326175,31.17811714110821,31.286781231329538,12700
2011-12-08,31.053936004638672,31.519630417566805,31.05393600463867,31.519630417566805,9300
2011-12-09,31.519630432128906,31.57396100287652,31.201407248838315,31.201407248838315,35400
2011-12-12,30.984071731567383,31.092735797826563,30.720182167317144,30.991834930982428,15600
2011-12-13,30.75122833251953,31.426484612966647,30.727944654156968,31.426484612966647,12200
2011-12-14,30.929746627807617,31.12378519626511,30.921986387818492,31.12378519626511,3800
2011-12-15,31.674848556518555,31.79126989015302,31.40319285645254,31.79126989015302,25100
2011-12-16,31.915464401245117,32.10174273841226,31.659335018533238,31.923227602390348,26000
2011-12-19,31.286779403686523,31.907702221853803,31.286779403686523,31.822324779207012,18300
2011-12-20,32.270816802978516,32.31808959029983,31.99506639057273,31.99506639057273,21700
2011-12-21,31.569618225097656,31.735068461556683,31.396287688547883,31.735068461556683,10500
2011-12-22,31.545988082885742,31.64053066002459,31.459322801569158,31.64053066002459,8400
2011-12-23,31.67204475402832,31.774467628885898,31.293871453155216,31.52234908951626,5300
2011-12-27,32.29445266723633,32.467780198933,32.12112213008576,32.30232996190049,8300
2011-12-28,31.443567276000977,32.06597887786665,31.388417185248784,32.06597887786665,7500
2011-12-29,31.364778518676758,31.451440789825934,31.27811324207341,31.333263326192963,13100
2011-12-30,31.167810440063477,31.356895568079658,31.06538757587326,31.356895568079658,17200
2012-01-03,32.16051483154297,32.31808777497564,32.08960715727096,32.14475723665431,2900
2012-01-04,32.04233932495117,32.065977223664504,31.963554343785077,31.963554343785077,14400
2012-01-05,32.381107330322266,32.42050281075842,32.065964525005334,32.23929201602103,8800
2012-01-06,32.23929977416992,32.50717287615024,32.168395105409815,32.42051061251436,12500
2012-01-09,32.34172439575195,32.42838966955159,32.223546935942146,32.36536229207718,4800
2012-01-10,32.9326171875,33.08231282821127,32.822317034630906,33.08231282821127,6100
2012-01-11,32.52293014526367,32.58596052413543,32.3811147982561,32.53081044534958,12900
2012-01-12,32.775047302246094,32.775047302246094,32.45990440836056,32.62535465305952,3300
2012-01-13,32.58597183227539,32.648999227565334,32.27870614228147,32.27870614228147,8700
2012-01-17,32.790802001953125,33.06655539088656,32.790802001953125,32.86958997255715,31100
2012-01-18,33.428977966308594,33.452612859660434,33.13746992830312,33.13746992830312,5300
2012-01-19,33.539276123046875,33.54715642399259,33.24776810259405,33.54715642399259,6400
2012-01-20,33.55503845214844,33.63382343999225,33.46837316224747,33.56291574875097,17900
2012-01-23,33.216251373291016,33.55503216738505,33.216251373291016,33.55503216738505,11100
2012-01-24,33.121707916259766,33.176857997032926,33.05867753511673,33.09019272568825,7800
2012-01-25,33.28717041015625,33.452620713370884,32.885362101569996,32.90111669720035,14400
2012-01-26,33.12958908081055,33.6101852740723,33.12958908081055,33.602307978236325,1600
2012-01-27,33.137454986572266,33.145332278986196,32.97200179134931,33.07442462544866,3000
2012-01-30,33.04292297363281,33.090195763830394,32.79080743682093,32.92474550632027,5700
2012-01-31,33.239891052246094,33.51564450868242,33.12959087185337,33.51564450868242,10400
2012-02-01,33.81501770019531,33.94895573214289,33.51563246257777,33.51563246257777,3900
2012-02-02,33.61806106567383,33.807149217274294,33.61806106567383,33.68896874684223,2600
2012-02-03,34.15380096435547,34.21683133830708,33.996231040383734,33.996231040383734,16800
2012-02-06,33.63381576538086,33.75199622563462,33.428973040455475,33.436850335260544,31500
2012-02-07,33.31867980957031,33.49988768231137,33.279287316444794,33.39746479582136,24000
2012-02-08,33.37382888793945,33.5471594589756,33.232013512628875,33.31079849648831,17400
2012-02-09,33.36594009399414,33.61805558472139,33.287155130187024,33.61805558472139,20400
2012-02-10,33.20048522949219,33.239877705893655,32.916854590676344,33.12170027668925,13200
2012-02-13,33.4132194519043,33.49988473242173,33.255646487823,33.49988473242173,7800
2012-02-14,33.058677673339844,33.21625062140228,32.901104725277406,33.03504278303938,13300
2012-02-15,33.00352096557617,33.36593656953273,32.9720057812008,33.18472876755445,17400
2012-02-16,32.893218994140625,33.20836480943944,32.86958410990185,32.916853878379406,16000
2012-02-17,33.247764587402344,33.27927977694475,32.97201118708714,33.07443405037301,18600
2012-02-21,33.46835708618164,33.61804969336394,33.31078418072737,33.44472220227212,541100
2012-02-22,33.17685317993164,33.287153325462974,33.12170310716598,33.12958040093812,14700
2012-02-23,32.7592887878418,32.78292367555205,32.39687014538043,32.688381119257365,64100
2012-02-24,32.66475296020508,32.869598732916984,32.641118065451614,32.775053142994,121600
2012-02-27,32.01082229614258,32.10536486033917,31.67991881327359,31.790218972411942,17500
2012-02-28,31.703556060791016,31.70355606079102,31.459317852363874,31.459317852363874,17500
2012-02-29,31.98719024658203,32.08173583351053,31.742954993986277,31.89264766510801,658500
2012-03-01,32.32596206665039,32.33384236608961,31.995061621090557,31.995061621090557,76000
2012-03-02,32.14476013183594,32.24718300511018,31.99506747509219,32.18415261987859,28900
2012-03-05,31.97931671142578,32.034466807559596,31.89265141594269,32.034466807559596,10600
2012-03-06,31.553869247436523,31.70356493550232,31.356903767732856,31.45932665870608,163700
2012-03-07,31.84536361694336,31.924151578205418,31.59324815181161,31.59324815181161,54400
2012-03-08,32.0896110534668,32.22354912355568,31.963553284506,32.04233826306114,32800
2012-03-09,32.18415451049805,32.2787000938994,32.02658454907118,32.02658454907118,6500
2012-03-12,31.498716354370117,31.845374485878526,31.47508146065154,31.821739592159947,127000
2012-03-13,32.176273345947266,32.192030941286234,31.758707588553555,31.758707588553555,10400
2012-03-14,32.318084716796875,32.45990005192126,32.23141945583713,32.45990005192126,9900
2012-03-15,32.59383010864258,32.59383010864258,32.41262232043211,32.467772386172115,7500
2012-03-16,32.68050765991211,32.81444573102936,32.60172268075206,32.72778045068072,4400
2012-03-19,32.885353088378906,32.97989566352438,32.65687244344425,32.74353772293355,14500
2012-03-20,32.86959457397461,32.95625985104443,32.767171700578075,32.87747186941087,9400
2012-03-21,33.0901985168457,33.129591009227234,32.924748245570555,33.03504842642065,6900
2012-03-22,33.06655502319336,33.11382479957637,32.78292434308032,32.92473968313684,21100
2012-03-23,33.113826751708984,33.113826751708984,32.82231876016498,33.042919077500564,9000
2012-03-26,34.28773880004883,34.28773880004883,33.9410807617609,34.01198542384953,15300
2012-03-27,34.38228225708008,34.66591293469105,34.29561699387076,34.587127971111876,31800
2012-03-28,33.88593292236328,34.24835161554329,33.72048267433024,34.24835161554329,12800
2012-03-29,33.5865478515625,33.72836320956407,33.48412498068267,33.66533282580599,5000
2012-03-30,33.93321228027344,34.05927006586703,33.66533911020521,33.68109670908624,4700
2012-04-02,34.476829528808594,34.53985991265365,34.051386459670994,34.051386459670994,91700
2012-04-03,34.45319747924805,34.45319747924805,34.035631670923735,34.30350481345078,46400
2012-04-04,34.11442184448242,34.27199483562222,33.97260645300208,34.11442184448242,49000
2012-04-05,34.41380310058594,34.49258807711339,34.2404725456805,34.421680396057,14400
2012-04-09,33.964717864990234,34.13804839816914,33.75199484848535,34.04350283164219,19500
2012-04-10,33.428977966308594,34.051389538511806,33.421097664888386,33.98048185300189,16600
2012-04-11,33.67321014404297,33.74411781676341,33.64169495495525,33.74411781676341,2900
2012-04-12,33.94108200073242,34.004109371152026,33.65745132020984,33.885928919116374,23600
2012-04-13,33.547149658203125,33.862292507026645,33.53139206494391,33.862292507026645,15900
2012-04-16,33.42109298706055,33.562908338231,33.18473507026111,33.5156385581435,11700
2012-04-17,34.27985382080078,34.27985382080078,34.02773837183635,34.02773837183635,15200
2012-04-18,33.862300872802734,34.06714663032666,33.815028081346206,33.97260104741361,16300
2012-04-19,34.208953857421875,34.4689496632137,33.98835354132255,34.24834934711438,37000
2012-04-20,34.32713317871094,34.46894852163626,34.19319813564469,34.46894852163626,20100
2012-04-23,34.12229537963867,34.27986533407314,33.901692033612804,33.925329931141356,9000
2012-04-24,34.350772857666016,34.53198371424932,34.311380369238684,34.4216805390169,23800
2012-04-25,34.58713150024414,34.66591647186222,34.350770574481864,34.492585927757624,12600
2012-04-26,34.66592025756836,35.11500125683233,34.50046999582992,34.658042961727915,13900
2012-04-27,34.75258255004883,34.89439790661419,34.53198222003786,34.72894765910596,18300
2012-04-30,34.398040771484375,34.54773340847253,33.956837149453364,34.445313554169275,80000
2012-05-01,34.52409744262695,34.807728118978844,34.3192547349582,34.39803969818764,12300
2012-05-02,34.15380096435547,34.18531615133128,33.91744307294421,34.18531615133128,19000
2012-05-03,33.925323486328125,34.20107385965822,33.901685593290075,34.20107385965822,5000
2012-05-04,33.405338287353516,33.783511554078345,33.287157826615896,33.783511554078345,18300
2012-05-07,33.49199295043945,33.570780908199396,33.302907862722144,33.302907862722144,4300
2012-05-08,33.35807418823242,33.444739481279996,33.050808516849024,33.444739481279996,6000
2012-05-09,32.830196380615234,32.99564962571245,32.50717319611716,32.84595397564611,14200
2012-05-10,32.515045166015625,32.77503790378015,32.50716486779215,32.672618070500306,7700
2012-05-11,32.39687728881836,32.66475042859678,32.31809230877649,32.37324239589667,11000
2012-05-14,31.64840316772461,31.971429351198836,31.64840316772461,31.96354905111445,7600
2012-05-15,30.860544204711914,31.364778263995756,30.734486441254493,31.364778263995756,150000
2012-05-16,31.00235366821289,31.49870733231546,30.97084148743218,31.278107039582576,23100
2012-05-17,30.18299102783203,30.813279958369773,30.182991027832035,30.813279958369773,21500
2012-05-18,30.041162490844727,30.372062907464283,30.033282192094713,30.356305315417632,19600
2012-05-21,30.84479331970215,30.868428213985457,30.41146688814477,30.41146688814477,14700
2012-05-22,30.442974090576172,30.789635144797337,30.32479664473564,30.616304617686755,26500
2012-05-23,30.08055877685547,30.112073964939036,29.662993053836338,29.970258624016736,27000
2012-05-24,29.852081298828125,30.064804332497108,29.67087345654434,30.056927037377843,14000
2012-05-25,29.757537841796875,30.017530649328215,29.757537841796875,29.828445517569783,10300
2012-05-29,29.852081298828125,30.00177695518078,29.631480970039878,29.804811517204396,14000
2012-05-30,29.639347076416016,29.77328508651497,29.41086953875792,29.418746830903537,9800
2012-05-31,29.804811477661133,30.049046696937207,29.5842081437115,30.049046696937207,29300
2012-06-01,29.158763885498047,29.655117660853275,29.103613799953493,29.655117660853275,23800
2012-06-04,29.489667892456055,29.639360554919,29.31633733190105,29.481787591273935,18000
2012-06-05,29.74966049194336,29.757540793062994,29.513302551077036,29.615725427452347,14200
2012-06-06,30.372066497802734,30.42721657375872,29.93874318438268,29.93874318438268,6900
2012-06-07,30.324790954589844,30.76599147833356,30.301153065494173,30.76599147833356,7500
2012-06-08,30.37994956970215,30.569034702961634,30.025411188023114,30.033288482969756,1600
2012-06-11,29.87571907043457,30.474495742674666,29.87571907043457,30.474495742674666,6100
2012-06-12,30.135711669921875,30.206619347010438,30.02541150677389,30.08843888337815,6900
2012-06-13,29.5290584564209,29.93086963778652,29.497543264656123,29.741781492651974,3100
2012-06-14,29.568449020385742,29.584206615243318,29.42663367212146,29.42663367212146,7100
2012-06-15,29.45027732849121,29.726027778809073,29.38724693673027,29.55269720692099,45100
2012-06-18,29.77328872680664,29.844196386598597,29.64723099889353,29.67874317678183,17100
2012-06-19,30.056922912597656,30.159342762363135,29.99389253847706,29.99389253847706,900
2012-06-20,29.69450569152832,29.844201334492446,29.60784343115106,29.69450569152832,8900
2012-06-21,29.050884246826172,29.498064669464217,28.979015529446748,29.498064669464217,31900
2012-06-22,29.33835792541504,29.33835792541504,29.002969575862725,29.210591660392264,23600
2012-06-25,29.194625854492188,29.394260870615437,29.08282768666474,29.394260870615437,14900
2012-06-26,29.178653717041016,29.25052244230224,28.947076374956126,29.25052244230224,4600
2012-06-27,29.12275505065918,29.274476555468624,29.12275505065918,29.258505389774726,3600
2012-06-28,28.85923957824707,28.891181914274988,28.49989591340508,28.643633379341875,7500
2012-06-29,29.386276245117188,29.386276245117188,29.21858354850103,29.29045228222065,39300
2012-07-02,29.394268035888672,29.426207331150714,29.25851460781495,29.426207331150714,5700
2012-07-03,29.64180564880371,29.681732041858215,29.418215410747667,29.43418657720717,9300
2012-07-05,29.801528930664062,29.801528930664062,29.593909756911216,29.65779140799285,7100
2012-07-06,29.25052261352539,29.57792390914558,29.13074038865935,29.38627295859762,39700
2012-07-09,29.13872528076172,29.266491556022167,29.05886945485626,29.074840620037353,3200
2012-07-10,29.026931762695312,29.250525064770194,28.875210238513848,29.250525064770194,7900
2012-07-11,29.13872528076172,29.226562119975295,29.04289828967517,29.226562119975295,9700
2012-07-12,29.09080696105957,29.21857321513241,28.92311432374918,28.92311432374918,4000
2012-07-13,29.482093811035156,29.490080916487006,29.226561267963536,29.226561267963536,27000
2012-07-16,29.026931762695312,29.114771662133077,28.81931267454232,28.963050137951612,7000
2012-07-17,29.178653717041016,29.306420001262246,29.02692916027371,29.034916266518568,9800
2012-07-18,29.098791122436523,29.17065983099413,28.89117210115222,28.89117210115222,3500
2012-07-19,29.402240753173828,29.402240753173828,29.210592870792365,29.210592870792365,11700
2012-07-20,29.04290008544922,29.22656392710561,29.034916025459147,29.162682308619612,24000
2012-07-23,28.491907119750977,28.523849450473005,28.324214452742794,28.43600956408158,3300
2012-07-24,28.108604431152344,28.459960882298635,28.036735719987433,28.451976823808266,27500
2012-07-25,28.651609420776367,28.699519860125708,28.547798391873375,28.571753611548047,1800
2012-07-26,28.87520980834961,28.88319386900284,28.707517118933207,28.811328184557578,4500
2012-07-27,29.5140438079834,29.673752450441267,29.06686326452816,29.15470012400045,40000
2012-07-30,29.386276245117188,29.426202642475005,29.362321015940267,29.426202642475005,1300
2012-07-31,29.577922821044922,29.657775603892347,29.54598048943059,29.55396454923997,8600
2012-08-01,29.753604888916016,29.937271805545247,29.553969849804105,29.82547362484386,4900
2012-08-02,29.170665740966797,29.418214241971345,29.01894423491212,29.322390293209885,34500
2012-08-03,29.897340774536133,29.961225445833172,29.617852953083563,29.617852953083563,7900
2012-08-06,29.6497859954834,29.745609926205695,29.338355935995057,29.42619276221426,28100
2012-08-07,29.88935089111328,30.065030656767988,29.721658230909167,29.721658230909167,27200
2012-08-08,30.041065216064453,30.16084739972683,29.649782435650636,29.649782435650636,35700
2012-08-09,30.20078468322754,30.20877178965552,29.857412215350095,29.913309775591674,35400
2012-08-10,30.296607971191406,30.336537410076605,30.128915294152186,30.128915294152186,94600
2012-08-13,28.79535484313965,29.066858577683085,28.691543785352557,28.93110518731712,31900
2012-08-14,29.18663215637207,29.314398415988236,28.986997185335067,29.106779386432436,39100
2012-08-15,29.130739212036133,29.29843188312448,28.98700176647801,29.074841655006683,11000
2012-08-16,29.63381576538086,29.65777098726846,29.26648814756066,29.362312081298988,33300
2012-08-17,29.52202796936035,29.673749489150335,29.4501592397359,29.537999136631196,2600
2012-08-20,29.63381576538086,29.63381576538086,29.450151956470762,29.482091236924916,5700
2012-08-21,29.881366729736328,30.136902344132743,29.75360044563237,29.905325002260412,13900
2012-08-22,29.665752410888672,29.809489807063727,29.569925449313736,29.697691685226303,25600
2012-08-23,29.6497859954834,29.705683542253723,29.56194612307636,29.665757158301755,29300
2012-08-24,29.705692291259766,29.75360274763772,29.37829097252589,29.490086098992762,4300
2012-08-27,29.64180564880371,29.737632647560755,29.57792402915421,29.601879255749207,8500
2012-08-28,29.450153350830078,29.61784600435878,29.450153350830078,29.61784600435878,3600
2012-08-29,29.609867095947266,29.681732777513428,29.530011261670516,29.585908822569937,21500
2012-08-30,29.498071670532227,29.705693812766754,29.490087609456538,29.593898680573805,8600
2012-08-31,29.530014038085938,29.70569384382361,29.4421741352171,29.553969267526934,19100
2012-09-04,29.44217872619629,29.490092238738423,29.306428343277627,29.306428343277627,5800
2012-09-05,29.2265625,29.4182134384768,29.2265625,29.40224227308804,7400
2012-09-06,29.769573211669922,29.79353148548147,29.394261445427148,29.45015900733966,10200
2012-09-07,29.777557373046875,29.88935248581428,29.633819929149258,29.68971748553296,38800
2012-09-10,30.065032958984375,30.248696797965458,29.833455622195366,29.937266677684995,14400
2012-09-11,30.304597854614258,30.328553083189878,30.04906526251172,30.065036430291727,3400
2012-09-12,30.52817726135254,30.671914674099114,30.416382172813577,30.639972349891497,22700
2012-09-13,30.959394454956055,31.135074220029566,30.55213737159258,30.616022030233196,28100
2012-09-14,30.919469833374023,31.294781562677176,30.919469833374023,31.095146562298858,33800
2012-09-17,30.85558319091797,31.031262954756873,30.703861696995023,31.031262954756873,19200
2012-09-18,30.895503997802734,30.91946226339054,30.62400034191268,30.71982731188866,9300
2012-09-19,31.182992935180664,31.230906441864146,31.007316169719214,31.007316169719214,78600
2012-09-20,31.159032821655273,31.17500398804675,30.935442584551655,30.967381871146088,9600
2012-09-21,31.206945419311523,31.438519709826817,31.143060755591147,31.382622152165702,17700
2012-09-24,31.789875030517578,31.829801416926657,31.590240052284155,31.646137602494473,15200
2012-09-25,31.558298110961914,32.101305502098384,31.558298110961914,31.925625744322453,5000
2012-09-26,31.302770614624023,31.43852096115035,31.20694666141788,31.358668174509987,6700
2012-09-27,32.54850387573242,32.54850387573242,32.173191976298796,32.173191976298796,12100
2012-09-28,32.32489776611328,32.404753591187045,32.10130754828325,32.10130754828325,9000
2012-10-01,32.316917419433594,32.66028989122853,32.269003918884785,32.380799040643396,5600
2012-10-02,33.163360595703125,33.40292499921126,33.05156549869956,33.34702440452155,6900
2012-10-03,33.54667282104492,33.6983974102313,33.49077525014125,33.57861516047249,31700
2012-10-04,33.50674057006836,33.63450685928336,33.38696138741039,33.57062523777017,25000
2012-10-05,33.13142395019531,33.602562643742644,33.10746568022635,33.602562643742644,40500
2012-10-08,33.17933654785156,33.211278879088,32.79603771157942,32.95574632157324,6300
2012-10-09,32.708194732666016,33.07552236860543,32.516546855735925,33.0036566993977,103800
2012-10-10,32.764095306396484,33.01164380363762,32.7321560214205,32.93179102191512,3200
2012-10-11,33.091487884521484,33.39493385842014,33.08350382692385,33.36299153565448,5700
2012-10-12,33.091487884521484,33.31508109769355,32.94775047826357,33.30709399390835,25600
2012-10-15,34.161537170410156,34.20945066275342,33.91399174210683,34.05772917294854,32200
2012-10-16,34.56081008911133,34.56081008911133,34.29729347416706,34.54483892363162,10100
2012-10-17,34.441036224365234,34.72851115492066,34.34520921672089,34.68858171197444,14400
2012-10-18,33.94593048095703,34.04175746411017,33.85809364901537,34.04175746411017,13300
2012-10-19,33.33106231689453,33.89802500922486,33.179337761067764,33.89802500922486,25100
2012-10-22,33.53069305419922,33.906004750486524,33.386955622876215,33.76226731916353,26500
2012-10-23,32.77207565307617,33.03559221536111,32.66826462129714,33.03559221536111,7300
2012-10-24,32.9078254699707,33.07551810220092,32.8678990879427,33.02760766224239,8200
2012-10-25,33.08352279663086,33.54667455754852,33.06755162609035,33.54667455754852,10400
2012-10-26,33.07552719116211,33.10746952403715,32.94776090585047,33.10746952403715,2800
2012-10-31,33.211280822753906,33.44285816848842,33.09948570307201,33.44285816848842,43700
2012-11-01,33.73832321166992,33.76227844272018,33.522716993650285,33.658470410709654,12600
2012-11-02,33.73832321166992,33.914003029209425,33.61854096404043,33.914003029209425,2700
2012-11-05,33.50674057006836,33.674433253502684,33.34703194700245,33.60256757162108,45000
2012-11-06,33.842124938964844,33.91399365844671,33.64248994553615,33.64248994553615,7100
2012-11-07,33.20329284667969,33.42688305967394,33.04358424617457,33.37098550642538,16600
2012-11-08,33.06755065917969,33.25121454574121,33.06755065917969,33.25121454574121,13000
2012-11-09,33.01961898803711,33.16335639345333,32.92379506648881,32.92379506648881,9800
2012-11-12,32.54850387573242,32.81202365785684,32.428724648922014,32.81202365785684,22900
2012-11-13,32.65230178833008,32.804026345677144,32.524535503620626,32.61237539551872,11500
2012-11-14,31.829805374145508,32.55647666341055,31.797863042571826,32.48460794046397,49000
2012-11-15,31.702030181884766,32.11727123704381,31.670087859290792,32.08532891444983,40000
2012-11-16,31.646142959594727,31.853762031780782,31.50240550723956,31.853762031780782,49900
2012-11-19,32.77207565307617,32.91581306748168,32.52452720689164,32.57244069375605,19300
2012-11-20,32.74812316894531,32.93977410405538,32.62035689426802,32.62035689426802,30600
2012-11-21,32.84394836425781,33.01164101944494,32.764092543081965,32.772079648293605,2700
2012-11-23,33.450836181640625,33.538676058708276,33.09149261463115,33.09149261463115,1800
2012-11-26,34.049739837646484,34.057726942274606,33.834133705505444,33.88204719471052,14300
2012-11-27,34.18550109863281,34.28930911327847,34.16154282540116,34.22542749243411,5200
2012-11-28,34.10565185546875,34.193491766519074,33.92997507955728,34.193491766519074,13400
2012-11-29,34.361175537109375,34.48894181642155,34.249380423484766,34.35319147735978,11000
2012-11-30,34.34519958496094,34.55282166377606,34.041756617751076,34.14556461097068,28700
2012-12-03,34.257362365722656,34.5608053294826,34.0577273940021,34.44901023270915,36400
2012-12-04,34.56879806518555,34.57678212503222,34.281323171690616,34.281323171690616,13800
2012-12-05,34.50490951538086,34.73648682530134,34.50490951538086,34.73648682530134,9200
2012-12-06,34.680599212646484,34.680599212646484,34.3531978705919,34.385140207911604,38500
2012-12-07,34.72850799560547,34.7844055552185,34.48894354447702,34.648652163166474,28800
2012-12-10,34.864253997802734,34.92813865579467,34.65663495170525,34.65663495170525,11800
2012-12-11,35.055904388427734,35.215609938584095,34.93612217962236,35.12777310447334,29300
2012-12-12,34.83232116699219,35.07188260741,34.76843953776896,35.07188260741,17900
2012-12-13,34.22542953491211,34.536859689811536,34.177516031778055,34.45700689744355,12300
2012-12-14,33.95392608642578,34.23341390845612,33.91399968987699,34.23341390845612,9700
2012-12-17,33.80219650268555,33.95391799187636,33.770254174585986,33.866078112696606,79400
2012-12-18,34.234066009521484,34.3796367978507,34.22597685815984,34.30684986113244,5500
2012-12-19,34.54139709472656,34.73549668398027,34.50904664899956,34.73549668398027,16000
2012-12-20,34.500953674316406,34.622266278956246,34.36346893515843,34.59800190696367,4900
2012-12-21,34.49286651611328,34.49286651611328,34.104667427586854,34.153193084929555,10200
2012-12-24,33.73264694213867,33.96718299371155,33.6275126446261,33.837784324758864,11800
2012-12-26,33.50621032714844,33.643695105375684,33.42533729114518,33.61943381159642,21500
2012-12-27,33.55472183227539,33.797343922953345,33.48193489656128,33.797343922953345,49800
2012-12-28,33.62751007080078,33.75690872984939,33.46576097571317,33.46576097571317,8800
2012-12-31,33.88630294799805,33.97526200778587,33.62750566381697,33.77307643670022,4500
2013-01-02,34.792091369628906,34.93766521894547,34.61416709044049,34.73547965990655,17200
2013-01-03,34.06423568725586,34.33112221231138,34.02379917636782,34.15319786227437,16800
2013-01-04,34.33920669555664,34.452430154860664,34.064234115057786,34.16128543883942,27200
2013-01-07,33.77308654785156,33.951010890909025,33.72456397073255,33.8782239401226,32800
2013-01-08,33.9590950012207,34.0157067228585,33.805431969540294,33.87013284290204,5900
2013-01-09,34.056148529052734,34.20980849955215,33.95101113602264,33.967186356881726,14200
2013-01-10,34.64652633666992,34.703138060798025,34.46860201220584,34.47669116428562,7200
2013-01-11,34.525211334228516,34.72739693064961,34.50903611630194,34.68696042838687,8900
2013-01-14,34.65461349487305,34.7678400318022,34.622266140858116,34.7678400318022,8500
2013-01-15,34.56565856933594,34.65461765995345,34.452432018798284,34.65461765995345,3600
2013-01-16,34.395816802978516,34.549479849164854,34.395816802978516,34.500954189562684,9600
2013-01-17,34.54139709472656,34.65462056966277,34.42008755091276,34.50904664899956,11400
2013-01-18,34.54948425292969,34.54948425292969,34.45243292135494,34.54139509941106,10200
2013-01-22,34.177467346191406,34.24216824721141,33.870147321672675,34.16129520604517,22500
2013-01-23,34.7031364440918,34.88914682686245,34.468600406425885,34.468600406425885,74700
2013-01-24,34.775936126708984,35.08325921677542,34.403915224849314,34.61418696956304,12100
2013-01-25,34.83253860473633,34.88915033191443,34.65461427068644,34.81636338481291,10800
2013-01-28,34.5737419128418,34.68696536934847,34.46860452389653,34.68696536934847,12000
2013-01-29,34.43625259399414,34.47668909664521,34.290678716364376,34.379637788153765,8300
2013-01-30,34.15318298339844,34.37154374919436,34.112746490126604,34.112746490126604,16400
2013-01-31,34.40390396118164,34.598000418123696,34.13701747650186,34.13701747650186,6300
2013-02-01,34.72740173339844,34.72740173339844,34.51713004148747,34.622267429996846,26200
2013-02-04,34.7597541809082,34.92150330677634,34.67888116052812,34.76784333401099,12400
2013-02-05,35.18837356567383,35.261160490803704,34.98618800532494,34.98618800532494,23200
2013-02-06,35.374385833740234,35.374385833740234,35.083238142787415,35.083238142787415,17000
2013-02-07,35.43909454345703,35.44718369576138,35.18838326885245,35.2530841468566,18700
2013-02-08,35.608924865722656,35.64936445151565,35.38247799379668,35.38247799379668,9600
2013-02-11,35.61701583862305,35.657452341376995,35.47144196062291,35.56040411774604,23300
2013-02-12,35.90007400512695,35.940510507387685,35.705977560232476,35.81111184908892,30700
2013-02-13,35.89198303222656,35.972856025692565,35.58466010386325,35.60892138488166,22900
2013-02-14,35.8515510559082,35.8515510559082,35.65745152796665,35.65745152796665,4600
2013-02-15,35.68171691894531,35.77067908427844,35.58466868635813,35.74641779740856,4900
2013-02-19,35.96476745605469,35.96476745605469,35.60083284058564,35.60083284058564,24400
2013-02-20,35.99713134765625,36.4581174625657,35.98904527919839,36.35298006196473,17600
2013-02-21,35.47952651977539,35.78684948084204,35.3258665817957,35.78684948084204,33300
2013-02-22,35.64937210083008,35.697894678021605,35.431011248144486,35.697894678021605,37800
2013-02-25,34.695045471191406,35.40673646503536,34.68695632063238,35.40673646503536,45700
2013-02-26,34.83253860473633,35.026638158709645,34.7031399304567,34.85679989206759,34900
2013-02-27,35.115596771240234,35.24499852889791,34.929586372268886,34.945761591976094,29700
2013-02-28,35.35821533203125,35.35821533203125,35.139854534711915,35.139854534711915,16900
2013-03-01,35.083251953125,35.20456148203706,34.92150282946766,34.98620062786584,24900
2013-03-04,35.058982849121094,35.07515806781527,34.75974901604761,34.881061613700176,5500
2013-03-05,35.47952651977539,35.48761567104695,35.21264314485201,35.21264314485201,10300
2013-03-06,35.608924865722656,35.67362573490565,35.406739277186674,35.406739277186674,46600
2013-03-07,35.6655387878418,35.68980315783859,35.52805405999222,35.52805405999222,13500
2013-03-08,35.948604583740234,36.11843976756658,35.697893299205305,35.811116755089536,28500
2013-03-11,36.30445098876953,36.30445098876953,35.94051624015798,35.94051624015798,7100
2013-03-12,36.401493072509766,36.41766829028095,36.183135345367155,36.312534002429274,13500
2013-03-13,36.166961669921875,36.23974861044249,36.086085577617034,36.17504773659862,48600
2013-03-14,36.3691520690918,36.44193901921097,36.304451186715696,36.304451186715696,7600
2013-03-15,36.312538146972656,36.44193681880373,36.2235759816311,36.247837268503275,15800
2013-03-18,36.24783706665039,36.4257613963427,35.78685410800002,35.84346583379163,22200
2013-03-19,36.22357940673828,36.490462842890324,36.15887852215113,36.46620155372413,8000
2013-03-20,36.3691520690918,36.54707332541032,36.3287124750528,36.37723813683487,17300
2013-03-21,36.32062530517578,36.44193791339585,36.2720996448662,36.32062530517578,5500
2013-03-22,36.21548080444336,36.4985424729951,36.21548080444336,36.38531903961727,16400
2013-03-25,36.490455627441406,36.99996419493949,36.46619434307252,36.6522047218178,31000
2013-03-26,36.69264221191406,36.78160437047134,36.563243549950954,36.563243549950954,6500
2013-03-27,36.579410552978516,36.7896852596352,36.48236234957907,36.522798843903274,19500
2013-03-28,36.54706573486328,36.571330103268735,36.23974586272844,36.42575623326497,12500
2013-04-01,36.35297393798828,36.58750999016228,36.17504961080695,36.38532437658627,19800
2013-04-02,36.83821487426758,36.98378874980135,36.61176799459609,36.61176799459609,13700
2013-04-03,36.555152893066406,36.78159975178995,36.43384031297476,36.78159975178995,4500
2013-04-04,36.40958023071289,36.40958023071289,36.06990684632811,36.06990684632811,6700
2013-04-05,36.288265228271484,36.29635437872882,36.06181837717747,36.1669557373741,22400
2013-04-08,36.466190338134766,36.47427640366721,36.25591869811391,36.28826604535071,4800
2013-04-09,36.158870697021484,36.35297022366994,36.158870697021484,36.35297022366994,26700
2013-04-10,36.280189514160156,36.336801243085766,36.183141276731654,36.23975300565727,26500
2013-04-11,36.32062530517578,36.38532618558856,36.126525749045236,36.126525749045236,12500
2013-04-12,36.19121170043945,36.199297764601624,35.95667573335182,36.086074355692155,23200
2013-04-15,35.70597457885742,36.255919601984765,35.641273712556746,36.255919601984765,42200
2013-04-16,35.98903274536133,36.05373361092349,35.81919760092128,35.87580931573463,12300
2013-04-17,35.73023986816406,36.11843585418138,35.487617762541674,35.89198896694814,4800
2013-04-18,35.350128173828125,35.576578134798574,35.15603173311894,35.576578134798574,16400
2013-04-19,35.31778335571289,35.37439816879016,35.188384679624406,35.261171627743416,22600
2013-04-22,35.220733642578125,35.34204624605724,35.09133497191731,35.18838320363601,27100
2013-04-23,35.64128112792969,35.64937028045382,35.40674506645381,35.44718465885898,6400
2013-04-24,35.94050216674805,36.23164985163107,35.76258098106915,35.94050216674805,21500
2013-04-25,35.63319778442383,35.86773077872037,35.61702256324683,35.72215687323535,12800
2013-04-26,35.63319778442383,35.71407080520084,35.57658605285832,35.65745907363534,3700
2013-04-29,35.78685760498047,35.97286802005894,35.63319763211773,35.63319763211773,13200
2013-04-30,36.05373764038086,36.05373764038086,35.8192016041663,35.94860026464547,21900
2013-05-01,35.746421813964844,35.86773134705254,35.58467268473987,35.78685832499408,20600
2013-05-02,36.05373764038086,36.11034936152128,35.89198854350505,35.89198854350505,8300
2013-05-03,36.555152893066406,36.74924931908456,36.280180385284794,36.280180385284794,24000
2013-05-06,36.41766357421875,36.49853965260126,36.31252929998189,36.401488358542245,6800
2013-05-07,36.506622314453125,36.611759663995194,36.40957411454864,36.595584449826674,14400
2013-05-08,36.684566497802734,36.78970390441402,36.60369038306008,36.60369038306008,4900
2013-05-09,36.35297393798828,36.490458674368305,36.28827306079229,36.312537432294604,20200
2013-05-10,36.45811080932617,36.474282943290625,36.15078781717261,36.199310389281145,34700
2013-05-13,35.85964584350586,36.01330582187956,35.68172149004614,35.88390713348379,23700
2013-05-14,36.05373764038086,36.142696712810505,35.76258988302588,35.811112452513434,69500
2013-05-15,36.158870697021484,36.24783285152255,35.9243346688109,36.01329682331197,41500
2013-05-16,35.99713134765625,36.16696963635263,35.87582181013957,36.013306569680104,26600
2013-05-17,36.12652587890625,36.12652587890625,35.88390374670177,35.900078966863106,13900
2013-05-20,36.450016021728516,36.595589885762216,36.36105387314046,36.36105387314046,21600
2013-05-21,36.41766357421875,36.48236443692476,36.28017886862889,36.47427528653304,10700
2013-05-22,35.6008415222168,36.47428172723315,35.46335370724213,36.10226095630225,22000
2013-05-23,35.67362976074219,35.67362976074219,35.24499725190824,35.28543375715732,7900
2013-05-24,35.608924865722656,35.608924865722656,35.35012755920518,35.608924865722656,6500
2013-05-28,36.005218505859375,36.32871367308431,35.93243155333987,36.32871367308431,10800
2013-05-29,36.021385192871094,36.09417212814606,35.83537482163667,36.01329604166985,9100
2013-05-30,36.19121170043945,36.21547297803248,35.989026160213534,36.02946265123742,13600
2013-05-31,35.746421813964844,36.01330525484421,35.746421813964844,35.93243223278574,28100
2013-06-03,36.12652587890625,36.14270109906759,35.859642459013656,36.021391575519246,13200
2013-06-04,36.19121170043945,36.40148330482754,35.92432530649011,36.40148330482754,7500
2013-06-05,35.875823974609375,36.0618344114439,35.81921223666445,36.0618344114439,6700
2013-06-06,36.684566497802734,36.725003012619894,36.28019517941445,36.28019517941445,10400
2013-06-07,37.129371643066406,37.129371643066406,36.66030255195009,36.74926164406442,35400
2013-06-10,36.89482498168945,36.95952585025774,36.80586282996166,36.9029141328141,29800
2013-06-11,36.44192123413086,36.63601761631679,36.361045170631414,36.49044378712416,30000
2013-06-12,36.34488296508789,36.51472121666549,36.31253561321797,36.498545998176795,17000
2013-06-13,36.77352523803711,36.77352523803711,36.23975527115048,36.27210262891025,14500
2013-06-14,36.684566497802734,36.838226488151285,36.62795476003704,36.82205126520275,5000
2013-06-17,36.84630584716797,37.008051863438986,36.668381527140845,36.68455674578945,11700
2013-06-18,37.11318588256836,37.129361099752764,36.77351557701761,36.77351557701761,13300
2013-06-19,36.29635238647461,36.63602264447162,36.29635238647461,36.55514965497904,3700
2013-06-20,35.42291259765625,35.81919768741369,35.261163518467356,35.633187326133935,21700
2013-06-21,35.204551696777344,35.6170120017138,35.09941741796435,35.5846615689527,81400
2013-06-24,34.94575881958008,35.244995732762156,34.88914709764995,35.02663491169988,23400
2013-06-25,35.52806091308594,35.58467264548602,35.26117438739294,35.431012669701225,23100
2013-06-26,35.204551696777344,35.479524205032625,35.131764765618385,35.479524205032625,13400
2013-06-27,35.16120529174805,35.25937437326803,35.09576027764766,35.22665342658726,15600
2013-06-28,35.15301513671875,35.34117378600863,34.99757742415128,35.005759998885296,32100
2013-07-01,35.267547607421875,35.463885718448,35.251185578046695,35.35753720861635,7700
2013-07-02,35.398441314697266,35.6193240338555,35.283910227890345,35.52933443115347,7800
2013-07-03,35.25936508178711,35.25936508178711,35.095751029282006,35.17755805553456,17600
2013-07-05,35.30845260620117,35.33299409092759,35.038486911996124,35.15301800170361,15300
2013-07-08,35.4229850769043,35.496612654692136,35.36571952981801,35.36571952981801,9200
2013-07-09,35.58660888671875,35.59478834322279,35.25937445325798,35.25937445325798,16500
2013-07-10,35.594783782958984,35.6520524541056,35.49661471379333,35.578424872046746,19000
2013-07-11,36.183799743652344,36.39650300676907,35.889289453637204,35.995641085195565,17500
2013-07-12,36.36377716064453,36.371956614637185,36.1265324252651,36.28196701702858,38700
2013-07-15,36.71556091308594,36.74010240110687,36.445592061901436,36.511040190942005,7700
2013-07-16,36.65010070800781,36.789176376024955,36.576473147466395,36.72372826854923,18700
2013-07-17,36.74827194213867,36.75645451643035,36.51103034022108,36.6828269514938,7800
2013-07-18,36.830081939697266,36.91188895787311,36.72373031947851,36.72373031947851,3700
2013-07-19,36.944618225097656,36.96098025518851,36.68283198512038,36.887352680148766,3000
2013-07-22,37.11640930175781,37.16549538467971,37.01006080320022,37.07550579302507,7600
2013-07-23,37.05915069580078,37.12459881860274,37.03460921011918,37.07551272650127,6400
2013-07-24,37.05915069580078,37.2145884270863,37.026426634399805,37.026426634399805,6900
2013-07-25,36.85462951660156,36.87099154709048,36.65829139221098,36.85462951660156,3200
2013-07-26,36.66646957397461,36.86281081228617,36.568300515187886,36.80554526793241,11600
2013-07-29,36.60102462768555,36.64192814217735,36.46194893352767,36.46194893352767,1300
2013-07-30,35.9220085144043,36.011998103913974,35.82383947163811,36.011998103913974,5100
2013-07-31,36.15926742553711,36.15926742553711,35.91384316189264,35.91384316189264,17400
2013-08-01,36.281978607177734,36.47014043723311,36.13472342236676,36.13472342236676,8600
2013-08-02,36.216529846191406,36.25743336646622,36.167443749418496,36.167443749418496,6900
2013-08-05,36.12653350830078,36.14289553751449,35.94655430768798,36.020181878780676,2800
2013-08-06,36.03654479980469,36.191982520812594,35.92201371321237,36.191982520812594,4300
2013-08-07,36.13471603393555,36.27379173370429,35.94655736309168,35.94655736309168,5100
2013-08-08,36.42923355102539,36.49468168639241,36.24925742024379,36.298340401030195,5300
2013-08-09,36.71556091308594,36.764643889127804,36.37196447710008,36.519219646702794,55800
2013-08-12,36.42923355102539,36.502861142943864,36.347426502555464,36.38833002679043,7400
2013-08-13,36.699188232421875,36.756453768347285,36.40467797866967,36.650102149883956,11200
2013-08-14,36.38014221191406,36.388321666586286,36.191983547071544,36.23288706190894,12700
2013-08-15,36.24925994873047,36.32288754578467,36.0529186496729,36.11836678960511,58800
2013-08-16,36.101985931396484,36.37195156601172,36.07744133134968,36.118347957848535,9200
2013-08-19,36.16743469238281,36.461944957792,36.16743469238281,36.42104144776023,88800
2013-08-20,36.191986083984375,36.445589766195695,36.183803508000445,36.290155150623,24500
2013-08-21,35.70112991333008,36.06108831256308,35.65204694669864,35.91383317119284,35200
2013-08-22,35.69295883178711,35.75022438678212,35.58660717790837,35.61933124383086,9800
2013-08-23,35.815670013427734,35.93838370237672,35.6929594452175,35.815670013427734,6200
2013-08-26,35.25936508178711,35.28390968625328,35.12029251301017,35.27572711118522,3500
2013-08-27,33.827720642089844,34.269486078390024,33.827720642089844,34.269486078390024,34600
2013-08-28,34.0240592956543,34.22040051491978,33.696824970457754,33.696824970457754,18600
2013-08-29,34.55582046508789,34.842148210215534,34.55582046508789,34.563999920346525,12500
2013-08-30,34.53945541381836,34.89941070775388,34.53945541381836,34.89941070775388,5400
2013-09-03,34.39219665527344,34.719427855202774,34.38401408085099,34.596717325505935,10900
2013-09-04,34.57217788696289,34.776698587744285,34.44128476329232,34.44128476329232,12400
2013-09-05,34.61308288574219,34.76033803299541,34.61308288574219,34.76033803299541,15400
2013-09-06,34.629451751708984,34.768524351159044,34.482196575386155,34.60490714182938,15900
2013-09-09,34.8830451965332,35.046662357715704,34.719428035350695,34.719428035350695,15800
2013-09-10,35.684776306152344,35.701138339137074,35.57024519599795,35.57024519599795,4100
2013-09-11,36.12653350830078,36.191981625155606,35.92201282423641,35.987460941091236,10000
2013-09-12,36.12653350830078,36.27378865048617,35.93837485345012,35.93837485345012,7400
2013-09-13,36.07744216918945,36.232879863725,36.07744216918945,36.232879863725,10100
2013-09-16,36.74827194213867,36.928251127703064,36.731913035030736,36.79735802567561,5300
2013-09-17,36.936439514160156,37.05915006120516,36.83008787679726,37.05915006120516,7700
2013-09-18,37.07551193237305,37.42728778305315,36.79736365789897,36.92007732515508,22700
2013-09-19,37.32912063598633,37.48455525117522,37.26367251122994,37.3373000912117,13300
2013-09-20,37.20640563964844,37.39456431052598,36.870991814042696,37.280033217012544,10800
2013-09-23,37.54180908203125,37.59907461294961,37.32092641103014,37.46818152503088,10300
2013-09-24,37.639984130859375,37.639984130859375,37.50091156805117,37.50091156805117,1300
2013-09-25,37.280025482177734,37.631801265404654,37.26366345496513,37.631801265404654,1800
2013-09-26,37.56636047363281,37.721798202059475,37.370022350314564,37.394563835544794,17700
2013-09-27,37.36184310913086,37.7381636004292,37.19004645571072,37.19004645571072,10000
2013-09-30,37.893592834472656,38.408985842195605,37.713613630341904,37.828147837076585,15100
2013-10-01,38.06538391113281,38.24536308901124,37.991756349340505,38.13083201972045,6600
2013-10-02,37.90995407104492,38.016305700419274,37.85268852924442,38.016305700419274,4600
2013-10-03,37.43547439575195,37.85269844760797,37.4191154830122,37.85269844760797,11000
2013-10-04,37.77906799316406,37.78724744891383,37.17368528330905,37.17368528330905,10900
2013-10-07,37.762699127197266,37.96721981205443,37.69725413082673,37.69725413082673,6100
2013-10-08,37.754512786865234,38.139009482166344,37.64816117633039,38.139009482166344,18500
2013-10-09,38.03266906738281,38.237189758360756,37.9999450078492,38.081752035945144,5000
2013-10-10,38.654415130615234,38.801670295057605,38.37626683341725,38.45807387111259,15300
2013-10-11,39.21888732910156,39.23524935918153,38.75258039440593,38.83439054480578,8300
2013-10-14,38.95710754394531,39.04709716392609,38.564428119179,38.564428119179,7300
2013-10-15,38.2535400390625,38.49078473606201,38.155371003342395,38.466243257316336,11900
2013-10-16,38.6298713684082,38.654412854123784,38.43353012046877,38.43353012046877,4500
2013-10-17,38.80167770385742,38.80167770385742,38.47444324911695,38.47444324911695,5900
2013-10-18,38.90802001953125,38.90802001953125,38.71167876972314,38.71167876972314,14200
2013-10-21,38.95710754394531,38.95710754394531,38.84257643514747,38.85075901191227,217000
2013-10-22,39.169803619384766,39.26797267727128,39.04708995647306,39.19434510367188,5800
2013-10-23,38.63804626464844,38.74439789143171,38.56441869545046,38.65440829344109,18800
2013-10-24,38.47444152832031,38.52352763055768,38.139027631545524,38.22901725861126,9600
2013-10-25,38.7280387878418,38.93255948209091,38.47443200350717,38.47443200350717,13500
2013-10-28,38.45808029174805,38.64624212719044,38.45808029174805,38.54806992067989,39600
2013-10-29,38.7280387878418,38.8589319073317,38.58078363832338,38.58078363832338,6600
2013-10-30,37.975399017333984,38.310815934209,37.8690505088369,38.2208263341438,23500
2013-10-31,37.950862884521484,38.04903195264318,37.656352559417996,37.83633178492311,12300
2013-11-01,37.88542175292969,38.04085638674291,37.656356409573846,38.04085638674291,9600
2013-11-04,38.049034118652344,38.0572166952257,37.836333938823934,38.024492630409455,8100
2013-11-05,37.893592834472656,37.893592834472656,37.664530662479365,37.72997565987543,2600
2013-11-06,38.13901138305664,38.25354245207755,37.9181286982002,38.1062904495775,7500
2013-11-07,37.98358154296875,38.28627128037308,37.8935919430204,38.0408470846199,353900
2013-11-08,38.36809158325195,38.39263307310272,37.8772399410651,38.08176067845826,15800
2013-11-11,38.26173400878906,38.34354104279928,38.22083049178396,38.33536158769358,4900
2013-11-12,38.26991271972656,38.44989193593527,38.22900920351684,38.37626435846246,4600
2013-11-13,38.6625862121582,38.728034324729826,38.04084474641666,38.14719636897666,6500
2013-11-14,38.777122497558594,38.8507500677981,38.44988815855233,38.44988815855233,9700
2013-11-15,38.842559814453125,38.96527344750671,38.67894267729411,38.71984930213686,10500
2013-11-18,38.768943786621094,39.06345409693179,38.67077472343028,39.06345409693179,246700
2013-11-19,38.891658782958984,39.16162449612822,38.752583078017345,38.752583078017345,27400
2013-11-20,38.777122497558594,39.128898319732045,38.719856956343186,38.92437763803762,334300
2013-11-21,38.71167755126953,38.88347418898287,38.65441200536508,38.77712567272501,47700
2013-11-22,38.88346862792969,39.01436173138232,38.400799723809754,38.572599457690764,37000
2013-11-25,39.07981491088867,39.16162194087769,38.9980047601615,39.14525991073226,31700
2013-11-26,39.09617233276367,39.12071381472004,38.82620354829249,38.82620354829249,4900
2013-11-27,39.047088623046875,39.13707822334398,38.908016055851704,39.063450652258894,13900
2013-11-29,39.44795227050781,39.47249375503537,39.259793607407616,39.259793607407616,8500
2013-12-02,39.74245834350586,39.88971035575768,39.677010230738134,39.69337225893007,22200
2013-12-03,39.51339340209961,39.685190018454044,39.341596785745175,39.685190018454044,37600
2013-12-04,39.259796142578125,39.48067575906549,38.92438230917728,39.333423721653354,20400
2013-12-05,39.40703582763672,39.58701499134699,39.29250476736195,39.29250476736195,18600
2013-12-06,39.963340759277344,40.03696833099902,39.58702344636126,40.01242684733779,13500
2013-12-09,39.92244338989258,40.01243300481615,39.79973283196465,39.96334690920189,57600
2013-12-10,39.717918395996094,39.807908001230075,39.529759730842386,39.64429082087176,39700
2013-12-11,39.20252990722656,39.783371120759085,38.99800918829302,39.49704024180902,39100
2013-12-12,38.78530502319336,39.145260328015524,38.71167744712312,39.145260328015524,7500
2013-12-13,38.842559814453125,38.98163547329635,38.77711483203191,38.94891142171708,5000
2013-12-16,39.20252990722656,39.43159523453431,38.97346770065732,39.08799880394194,91200
2013-12-17,39.34159851074219,39.34159851074219,39.00618471712246,39.079812287465224,5900
2013-12-18,39.53946304321289,39.81266437616387,38.81093247155328,39.224871588311856,13400
2013-12-19,39.299381256103516,39.42356109784953,39.04273786352728,39.42356109784953,37200
2013-12-20,39.48979187011719,39.5725784291782,39.07585275860255,39.07585275860255,24300
2013-12-23,39.96168899536133,40.143823245971724,39.837505977562365,39.920295708796786,20200
2013-12-24,40.069305419921875,40.21004319549106,39.84577793098437,40.08586020449089,10000
2013-12-26,39.89545440673828,39.93685084849904,39.72988127211568,39.73815866560477,9000
2013-12-27,39.762996673583984,39.84578640455831,39.73816133334435,39.78783517192895,3900
2013-12-30,39.779541015625,39.95339465405712,39.771263624411,39.92028193109689,4500
2013-12-31,40.08586120605469,40.392178416014,39.84577892654959,40.392178416014,20100
2014-01-02,39.64710235595703,39.779562794631765,39.53119986687989,39.77128539888596,15600
2014-01-03,39.52289962768555,39.82093307386682,39.390439265570265,39.82093307386682,35700
2014-01-06,39.597415924072266,39.63880920255814,39.42355910146405,39.42355910146405,301200
2014-01-07,39.93685531616211,40.052757786605774,39.663653928883086,39.82923024013351,40700
2014-01-08,39.978240966796875,40.061027527553385,39.87889330416324,39.87889330416324,51800
2014-01-09,39.89545440673828,40.04447275438271,39.69676538194912,39.73815866560477,11400
2014-01-10,40.17692947387695,40.19348741744235,39.85405746961379,40.00307580359753,34700
2014-01-13,40.118980407714844,40.566035433704954,40.118980407714844,40.37562380962138,26500
2014-01-14,41.13726806640625,41.253173671286454,40.17692944698973,40.17692944698973,89800
2014-01-15,41.27800750732422,41.319400785653166,41.00480618576471,41.186940400137715,38300
2014-01-16,40.963417053222656,41.021368280369195,40.84751459892958,40.897188432814474,157400
2014-01-17,41.07103729248047,41.17866234087664,40.88062568876703,41.013086072137455,8300
2014-01-21,40.58258819580078,40.731606518767975,40.243158273065404,40.673655299625686,47300
2014-01-22,40.57431411743164,40.73161301571193,40.34250920388816,40.56603672399298,82100
2014-01-23,40.508087158203125,40.582596334629514,40.23488579193794,40.44185537555512,26600
2014-01-24,39.514617919921875,40.06101729238821,39.44838931985834,40.06101729238821,28900
2014-01-27,39.72159957885742,40.176932002192785,39.53946534628127,39.93684970064833,68300
2014-01-28,39.86234664916992,40.01136501541062,39.84578870202035,39.84578870202035,32400
2014-01-29,39.72159957885742,40.201770498156364,39.663648351784104,40.10242283051209,39600
2014-01-30,39.986515045166016,40.085859541460174,39.67192045577915,39.67192045577915,25000
2014-01-31,39.39045333862305,39.680209497364054,39.29938621498866,39.45668196429016,25700
2014-02-03,38.67018508911133,40.04446260153932,38.55428266101928,39.39044130614786,115100
2014-02-04,39.299381256103516,39.42356109784953,39.00134458294527,39.20831414396017,34000
2014-02-05,39.655364990234375,39.70503565847585,39.16691675119776,39.34904779825741,527200
2014-02-06,39.762996673583984,39.83750585240822,39.464959958287054,39.65537476047535,190400
2014-02-07,40.14381408691406,40.210042698685804,39.71331705703161,39.88717071580012,38000
2014-02-10,39.66364288330078,39.82921914844132,39.6388075488663,39.78782587168233,9500
2014-02-11,40.102420806884766,40.20176846951581,39.74643291105233,39.74643291105233,7900
2014-02-12,39.86234664916992,40.143825434501736,39.79611486057161,39.92029788514069,11200
2014-02-13,40.07759094238281,40.21833190460748,39.68020971191567,39.75471889000984,12600
2014-02-14,39.986515045166016,40.27627430000549,39.895447941019455,39.895447941019455,280100
2014-02-18,40.30110549926758,40.36733410396645,40.09413597766415,40.33422138066915,16900
2014-02-19,40.15209197998047,40.51635724453066,39.88717121337949,40.13553403730483,11100
2014-02-20,40.89718246459961,40.92201779886527,40.23487740853931,40.23487740853931,23700
2014-02-21,40.85578918457031,41.062758741043524,40.85578918457031,40.93029835122486,6100
2014-02-24,40.81440353393555,41.021373129095565,40.72333640676827,40.72333640676827,8500
2014-02-25,40.99653625488281,41.14555461047275,40.756450775531775,40.756450775531775,377300
2014-02-26,41.17866134643555,41.21177407290001,41.04620096626397,41.13726491167196,11100
2014-02-27,41.675384521484375,41.733335737005696,41.079311266860074,41.31111928704974,33900
2014-02-28,42.1224479675293,42.420484655018974,41.75817950143967,41.75817950143967,14000
2014-03-03,41.35252380371094,41.576051334965136,40.979977918287275,41.344243251754165,111700
2014-03-04,41.8989143371582,42.00653938262373,41.58431975093067,41.824405176159694,665300
2014-03-05,41.907196044921875,42.17211683173103,41.89891865200498,41.89891865200498,184100
2014-03-06,42.38736343383789,42.66884214127055,42.238345108837976,42.238345108837976,16000
2014-03-07,42.22179412841797,42.66056862543337,42.22179412841797,42.66056862543337,5700
2014-03-10,42.668853759765625,42.668853759765625,42.3211431873846,42.47844210555205,20200
2014-03-11,42.25491714477539,42.66057581960507,42.25491714477539,42.51155744490275,7400
2014-03-12,42.139007568359375,42.337696595758175,42.056217841855585,42.337696595758175,15700
2014-03-13,42.03138732910156,42.4122106404306,41.691957306724724,42.36253679882466,242700
2014-03-14,42.17212677001953,42.18868471786026,42.03966634539931,42.03966634539931,4100
2014-03-17,42.81785583496094,42.84269116707311,42.37080090831601,42.528096608533616,220000
2014-03-18,42.90892791748047,42.92548270207656,42.6026107146737,42.6026107146737,6100
2014-03-19,42.884098052978516,43.331153121535436,42.751637642825195,43.24008599741029,16000
2014-03-20,42.966880798339844,43.099341186960075,42.726795357057924,42.726795357057924,36200
2014-03-21,42.552940368652344,43.19040379790867,42.528101875359795,43.19040379790867,36600
2014-03-24,42.70196533203125,43.14901722540982,42.395648079289515,43.04967271111516,199000
2014-03-25,43.28974914550781,43.298026537427305,42.925480738959905,43.09105700029036,58500
2014-03-26,42.73507308959961,43.31458847871201,42.73507308959961,43.27319519908359,7800
2014-03-27,42.91720962524414,42.91720962524414,42.66056622473327,42.66884677596861,2600
2014-03-28,42.975162506103516,43.25664125494796,42.85097949763197,42.85097949763197,74700
2014-03-31,43.711971282958984,43.728529227050736,43.10762053508227,43.10762053508227,17800
2014-04-01,44.35771942138672,44.36599681455764,43.91894178880789,44.07624068200039,120700
2014-04-02,44.4736213684082,44.63919449478282,44.13419140637231,44.21697796955962,268600
2014-04-03,44.523292541503906,44.54813103722212,44.29148763550049,44.308045579944306,20800
2014-04-04,43.95205307006836,44.69714470154096,43.81131213607702,44.6474708734079,32700
2014-04-07,43.74507141113281,44.35770248939565,43.52982453169677,44.11761712371807,107100
2014-04-08,43.95205307006836,44.0100042905046,43.59606519704308,43.9851689554904,45100
2014-04-09,44.36600112915039,44.423952361297594,43.62918989918851,44.08452236239026,57600
2014-04-10,43.42222213745117,44.41567683593586,43.372548297190036,44.27493586758203,50900
2014-04-11,43.05794143676758,43.298026859577824,42.7350694617284,43.256633583463355,54800
2014-04-14,43.538116455078125,43.538116455078125,43.04966817066371,43.1324547308269,48300
2014-04-15,43.19868469238281,43.54639202020065,42.933763921253586,43.54639202020065,176700
2014-04-16,43.42222213745117,43.662307628221846,43.372548297190036,43.662307628221846,7800
2014-04-17,43.604347229003906,43.67057900689528,43.46360943814222,43.46360943814222,17400
2014-04-21,43.40565872192383,43.74508869234582,43.364265439307495,43.51328378321032,35300
2014-04-22,43.620914459228516,43.728539542160064,43.46361869040983,43.571243773341386,7300
2014-04-23,43.18212890625,43.43877229777085,43.06622645785505,43.43877229777085,8400
2014-04-24,42.92548370361328,43.132453255044595,42.91720631112211,43.099340526975176,16300
2014-04-25,42.577789306640625,43.049679774598346,42.552953963518334,43.049679774598346,51600
2014-04-28,42.768192291259766,42.950326525466785,42.37081109143949,42.61089655323874,118400
2014-04-29,43.033111572265625,43.04966951643684,42.776468174769086,42.81786461424961,6300
2014-04-30,42.710243225097656,42.966886644640454,42.61917610338553,42.875819522928325,30500
2014-05-01,43.173851013183594,43.33942413291236,42.67712217968283,42.751631346802704,100400
2014-05-02,42.95860290527344,43.17385302391336,42.710240056008494,43.05794741335842,110700
2014-05-05,42.95860290527344,42.95860290527344,42.61917294105353,42.71851744913851,9900
2014-05-06,42.519832611083984,43.24836644420652,42.519832611083984,43.17385726629506,8600
2014-05-07,43.10762405395508,43.10762405395508,42.751636122185495,42.79302940674134,14700
2014-05-08,42.75991439819336,42.991719305853124,42.710240564506975,42.908932741147495,30900
2014-05-09,42.51154327392578,42.67711954152399,42.40392138437588,42.46187260431956,3100
2014-05-12,42.92548370361328,42.966880140383324,42.726794702777866,42.77646537393435,107400
2014-05-13,43.67058181762695,43.67058181762695,42.92549005891825,43.298035938272605,27300
2014-05-14,43.33942794799805,43.65402258776454,43.33942794799805,43.471888350304184,4400
2014-05-15,43.47187423706055,43.562941326225584,43.016541949339434,43.45531945548879,18100
2014-05-16,43.47187423706055,43.47187423706055,43.19039557877956,43.34769442664792,8200
2014-05-19,43.47187423706055,43.47187423706055,43.38081030599959,43.39736508757134,7400
2014-05-20,42.80130386352539,43.31458746675666,42.75991058486403,43.31458746675666,23100
2014-05-21,43.091060638427734,43.099341189150856,42.90892957788114,42.90892957788114,3700
2014-05-22,43.115909576416016,43.26492478637548,42.983445997597755,42.99172655032667,13600
2014-05-23,43.35598373413086,43.42221551103845,43.12417883116416,43.140736775391055,43500
2014-05-27,43.554683685302734,43.620912315933346,43.447058607659294,43.496732449211386,24000
2014-05-28,43.28147888183594,43.488448468161636,43.11590573925959,43.46361312839623,11900
2014-05-29,43.25662612915039,43.37252854553952,43.11588838299331,43.17383959118787,3600
2014-05-30,43.24008560180664,43.372546010748074,43.1655764243955,43.206969710044966,9300
2014-06-02,43.711971282958984,43.711971282958984,43.27319681789484,43.364263931347004,31600
2014-06-03,43.562950134277344,43.58778862786526,43.38909646968551,43.40565441270922,81800
2014-06-04,43.397369384765625,43.4636011500272,43.264909012346855,43.413927326081016,4100
2014-06-05,43.678863525390625,43.72853736691242,43.31459816188061,43.513290369862304,22100
2014-06-06,43.92721939086914,43.9520547268195,43.612624783710594,43.612624783710594,30900
2014-06-09,43.84443283081055,44.04312500703274,43.81131694175601,43.81131694175601,17700
2014-06-10,43.73680877685547,43.803037393601336,43.57950989063745,43.678854394808674,10400
2014-06-11,43.720252990722656,43.720252990722656,43.69541449487544,43.69541449487544,600
2014-06-12,43.3145866394043,43.480162908991794,43.26491281109665,43.389095802813436,12100
2014-06-13,43.40565872192383,43.49672583854278,43.322872156691155,43.39737817053754,13700
2014-06-16,43.42222213745117,43.45533803095859,43.24836843369534,43.39738363826789,11100
2014-06-17,43.397369384765625,43.413927326081016,43.28974750337214,43.38909199316012,2700
2014-06-18,43.94377136230469,43.94377136230469,43.488435877729124,43.554667642068964,5000
2014-06-19,44.092796325683594,44.25837261526649,44.01000975994467,44.01000975994467,12100
2014-06-20,44.00173568725586,44.12591554523562,43.89411061718916,44.10935759921726,6700
2014-06-23,43.97689437866211,44.07624204842307,43.88582726043377,44.00173287515489,201200
2014-06-24,43.76163864135742,43.993443508140025,43.69540687478842,43.96860817472888,126200
2014-06-25,43.7991828918457,43.815868671973,43.47375288366663,43.590575626217564,73800
2014-06-26,43.67403793334961,43.69906979848424,43.415363655607315,43.682380827362564,12800
2014-06-27,43.83257293701172,43.86595087510698,43.4821141362976,43.4821141362976,48500
2014-06-30,43.57390213012695,43.74078545539149,43.44873645308316,43.74078545539149,5500
2014-07-01,43.79084396362305,43.89932065071518,43.49879501733051,43.51548398327505,17600
2014-07-02,43.78249740600586,46.31915953836429,43.490445301073954,45.86857022797154,58500
2014-07-03,44.09959030151367,44.183035147179325,43.89098296199261,43.89098296199261,33700
2014-07-07,43.373626708984375,43.49044628034976,43.22342920777328,43.30687403238755,245300
2014-07-08,42.856285095214844,43.13999115632393,42.77284026365638,43.13999115632393,67900
2014-07-09,43.43204879760742,43.48211570655837,43.27350836057265,43.306886299873284,19600
2014-07-10,43.43204879760742,43.43204879760742,43.073243907864345,43.073243907864345,10600
2014-07-11,43.53217315673828,43.53217315673828,43.256813154943174,43.50714129741919,25100
2014-07-14,44.224754333496094,44.308195992962695,44.06621390727145,44.14131267402949,4600
2014-07-15,44.082908630371094,44.32489074765071,43.94939686484346,44.32489074765071,21500
2014-07-16,44.03282928466797,44.15799175486424,43.97441949529075,43.98276238673259,10100
2014-07-17,43.50714111328125,44.04952140559625,43.50714111328125,43.98276553690117,54800
2014-07-18,44.03282928466797,44.04951825064643,43.60726860995419,43.648992616447735,15600
2014-07-21,43.87430191040039,43.88264480431954,43.615627635566575,43.83257789151746,12800
2014-07-22,44.057861328125,44.17468090737272,44.057861328125,44.09123926022286,14100
2014-07-23,44.02448272705078,44.04951776729116,43.89097418378287,44.04951776729116,7800
2014-07-24,43.83257293701172,44.22475575189261,43.83257293701172,44.22475575189261,49500
2014-07-25,43.74912643432617,43.77415829358033,43.590586020558156,43.757469326379216,25000
2014-07-28,43.8242301940918,43.84926205620127,43.53217800940132,43.8242301940918,8600
2014-07-29,43.61561965942383,43.87429388695297,43.56555275577766,43.8242269833068,24000
2014-07-30,43.74912643432617,43.84091416238477,43.61561787981231,43.84091416238477,6700
2014-07-31,43.20675277709961,43.715755214076836,43.07324420208062,43.715755214076836,20100
2014-08-01,43.36528778076172,43.573895086717904,43.13999150835766,43.31522088141808,129500
2014-08-04,43.69071960449219,43.84091713639602,43.54886496520735,43.782507338777336,34400
2014-08-05,43.40701675415039,43.62396699251123,43.39032778456948,43.60727802293032,242500
2014-08-06,43.14833068847656,43.38197301555442,43.07323193746843,43.27349633452165,22600
2014-08-07,42.422393798828125,43.08159383500731,42.29722810681079,43.006495056416064,31200
2014-08-08,42.57258605957031,42.6727166908695,42.28887995164313,42.28887995164313,47600
2014-08-11,42.74781799316406,42.81457387338276,42.5642425056582,42.58093147571287,17400
2014-08-12,42.3222541809082,42.58927129636985,42.28053017035255,42.52251542595689,15400
2014-08-13,42.50582504272461,42.664368638127655,42.33059566336913,42.389005456487624,67900
2014-08-14,42.96476745605469,42.96476745605469,42.68106135749632,42.739471155749925,15500
2014-08-15,42.7227783203125,43.01482728514663,42.547548941412025,42.98144935113845,57900
2014-08-18,42.03019714355469,42.17205176016795,41.97178735527121,42.17205176016795,11600
2014-08-19,42.105308532714844,42.121997503388926,41.84663744500579,42.121997503388926,12800
2014-08-20,41.98847961425781,42.0468894071226,41.746494367763695,41.81325023566344,43500
2014-08-21,42.238807678222656,42.39735127265755,41.93841263939336,42.08026726688274,23500
2014-08-22,42.27219009399414,42.44741949085815,42.26384720118432,42.34728886166376,16400
2014-08-25,41.47947311401367,41.79655708863611,41.437752292296295,41.779868123330225,31500
2014-08-26,41.779884338378906,41.84664022551084,41.40439043100155,41.562934071391936,35000
2014-08-27,42.305564880371094,42.497483231655366,42.18874529116285,42.26384405323888,30200
2014-08-28,42.24715805053711,42.36397764794338,42.18040217596479,42.18040217596479,15900
2014-08-29,42.38901138305664,42.447421184341636,42.247159917963224,42.30556971924821,19400
2014-09-02,42.61431121826172,43.156691627145015,42.49749160603349,42.71444185972939,49500
2014-09-03,42.82291030883789,43.00648576865916,42.630991956795235,43.00648576865916,16100
2014-09-04,42.18874740600586,42.8229122862523,42.138680501080394,42.8229122862523,13600
2014-09-05,42.31390380859375,42.48079028458378,42.230462162146125,42.48079028458378,14500
2014-09-08,42.74781799316406,42.74781799316406,42.5642425056582,42.664376325986254,24700
2014-09-09,42.21378707885742,42.64769078588916,42.18040913606364,42.64769078588916,4600
2014-09-10,42.305564880371094,42.480794264183466,41.96344900493477,42.27218694542729,19400
2014-09-11,42.305564880371094,42.31390777255951,41.88000416757526,42.12198942127524,15600
2014-09-12,42.27219009399414,42.43907659804833,42.10530358993995,42.43907659804833,9400
2014-09-15,42.19709014892578,42.41404355307131,41.93007302312761,42.41404355307131,16500
2014-09-16,42.39735412597656,42.48913867571147,41.90504070878389,42.255499488940444,6500
2014-09-17,42.605960845947266,42.622649813778466,42.397353522699945,42.497484146592015,10200
2014-09-18,42.68939208984375,42.78952268931345,42.51416274499818,42.60595045413473,9500
2014-09-19,42.49747848510742,42.68939681495632,42.48913241075611,42.656018883740494,10400
2014-09-22,42.305564880371094,42.57258199373139,42.23046611829507,42.497483231655366,22700
2014-09-23,42.50582504272461,42.71443235617494,42.39735153155883,42.71443235617494,33700
2014-09-24,42.914695739746094,42.93972759816434,42.15536526447531,42.464103189648284,54100
2014-09-25,42.447418212890625,42.74781327452509,42.2805317138609,42.572583882936726,8700
2014-09-26,42.53085708618164,42.53085708618164,42.18874124356797,42.197084134955965,4700
2014-09-29,42.52251434326172,42.64768000555155,42.18874454898055,42.30556413613371,160200
2014-09-30,42.49747848510742,42.66436495809181,42.021854106113494,42.021854106113494,41800
2014-10-01,42.36396789550781,42.73111557185015,42.27218018064859,42.63932785699092,112100
2014-10-02,42.48079299926758,42.54754886716745,42.09695630812823,42.13033424207816,253600
2014-10-03,42.63932800292969,42.7394617920795,42.555886361732746,42.65601696778799,32200
2014-10-06,42.422393798828125,42.65603302862499,42.313917077952816,42.65603302862499,28700
2014-10-07,41.721466064453125,42.255500320782886,41.721466064453125,42.18874763028929,37300
2014-10-08,42.45576858520508,42.5392102516169,41.67140291531359,41.72146982501801,58800
2014-10-09,41.704776763916016,42.55589504682392,41.704776763916016,42.20543626255931,46400
2014-10-10,41.13736343383789,41.65470870329505,40.97047693892086,41.512857251627416,13700
2014-10-13,40.428104400634766,41.421074224362876,40.38638356794115,41.421074224362876,35300
2014-10-14,40.61167526245117,40.97882621657794,40.428102968483174,40.428102968483174,25600
2014-10-15,40.59498596191406,40.62001782185724,39.70214688219613,40.46147740372526,58000
2014-10-16,40.77855682373047,41.13736165823174,40.010883436580315,40.010883436580315,34600
2014-10-17,40.98716735839844,41.421070987312575,40.84531590170673,41.05392323196765,8200
2014-10-20,40.945438385009766,40.995505280228485,40.386372378993194,40.745177170324126,10700
2014-10-21,41.60464096069336,41.62967281842756,40.94544112020418,41.25417903694038,26400
2014-10-22,40.96213912963867,41.371010933768325,40.95379623625035,41.10399059890893,22000
2014-10-23,40.795249938964844,41.13736584117236,40.795249938964844,40.94544747487013,8300
2014-10-24,40.937103271484375,41.10398658772964,40.69511800659543,40.69511800659543,5100
2014-10-27,40.88703918457031,40.93710609275149,40.603333071067844,40.603333071067844,7100
2014-10-28,41.28757095336914,41.3209488970497,41.04558563632894,41.09565255184978,5500
2014-10-29,40.80359649658203,41.18743323371764,40.611674944918875,41.18743323371764,43900
2014-10-30,40.670082092285156,41.003851874604855,40.06094595293928,40.319620160290334,16800
2014-10-31,40.795249938964844,41.02054624282277,40.68677323345651,41.02054624282277,9500
2014-11-03,40.76186752319336,41.003852769243935,40.50319649329341,40.58663814492017,64300
2014-11-04,40.90372848510742,40.970481180127294,40.67008927789467,40.76187383566006,77500
2014-11-05,41.11233901977539,41.16240593224694,40.86201082360904,40.87035371747311,23500
2014-11-06,41.54623794555664,41.55458083846358,41.14571224102126,41.14571224102126,9400
2014-11-07,41.19576644897461,41.40437373751138,41.01219419956659,41.18742355799477,21700
2014-11-10,41.070613861083984,41.237497185564585,41.02888984686846,41.18743346145856,105200
2014-11-11,40.76186752319336,40.82027731595109,40.56160628605114,40.65339401269756,11000
2014-11-12,40.73684310913086,40.76187497257455,40.56161369883386,40.64505536570989,33500
2014-11-13,40.36968994140625,40.81193644651515,40.36134386597299,40.67008499510102,14200
2014-11-14,40.51988220214844,40.5782919902096,40.319617798013944,40.503193236546004,12800
2014-11-17,40.46982192993164,40.69511822780166,40.46147903731212,40.544920695888315,25900
2014-11-18,40.57830047607422,40.620021307257744,40.23618456741672,40.60333233816525,11300
2014-11-19,40.49485397338867,40.653397581731305,40.44479025125542,40.52823191020767,57300
2014-11-20,40.4030647277832,40.753526685086456,40.37803286765266,40.753526685086456,6600
2014-11-21,40.46982192993164,40.77021699375833,40.46982192993164,40.77021699375833,28400
2014-11-24,39.92744064331055,40.14439404336323,39.85234187915311,40.14439404336323,26000
2014-11-25,39.835655212402344,39.96081769449703,39.79393120194236,39.96081769449703,28200
2014-11-26,40.444793701171875,40.453136594540645,40.269561109472505,40.28625007930557,125300
2014-11-28,40.453128814697266,40.544916539578956,40.26121047316961,40.26121047316961,9200
2014-12-01,40.08598709106445,40.16108586054982,39.92744347598679,40.14439689143136,84400
2014-12-02,39.543601989746094,39.81896517251002,39.50188116350474,39.71883136981677,180300
2014-12-03,39.76054763793945,39.82730031031014,39.501873472653855,39.568626145024545,26900
2014-12-04,40.04426574707031,40.069297608879786,39.63539396664195,39.63539396664195,10700
2014-12-05,39.92744064331055,40.18611487165177,39.84399898673346,39.84399898673346,50100
2014-12-08,39.935791015625,40.13605228619472,39.835660380340144,39.84400327365742,38900
2014-12-09,40.27790451049805,40.34465720230075,39.969166546833,39.969166546833,34200
2014-12-10,39.87737274169922,40.186110658379306,39.84399480932979,40.186110658379306,48600
2014-12-11,40.10267639160156,40.49485602829254,40.02757762149556,40.24452785563767,46200
2014-12-12,39.78559494018555,40.169431708863144,39.75221699949299,40.14439984489153,70900
2014-12-15,39.81061553955078,40.08597869770564,39.63538617514026,40.010879943944744,19200
2014-12-16,39.69379806518555,40.22783226105524,39.67710909867776,39.67710909867776,47200
2014-12-17,39.97772216796875,40.036698528485715,39.48905722200467,39.7502405428445,22000
2014-12-18,40.070411682128906,40.070411682128906,39.62387212113831,39.69969935119546,26700
2014-12-19,40.39898681640625,40.55064124477001,39.8513454679848,39.8513454679848,33000
2014-12-22,40.25576400756836,40.37371676049587,39.969305944470925,40.15466210705499,67100
2014-12-23,39.69126892089844,40.129381375593525,39.657567221159354,40.129381375593525,8500
2014-12-24,39.531185150146484,39.792368486945456,39.531185150146484,39.792368486945456,2300
2014-12-26,39.58174514770508,39.935606613010656,39.514344953438695,39.92717957999523,6600
2014-12-29,39.20261001586914,39.33741362182767,38.882453460449796,39.24473875408301,8000
2014-12-30,39.12678146362305,39.33741229168427,39.09308297375149,39.12678146362305,14200
2014-12-31,39.41324234008789,39.75025297470226,39.40481852050976,39.59017469094482,31000
2015-01-02,39.24473571777344,39.49749205764385,38.96670149413611,39.371112280723025,11100
2015-01-05,38.520164489746094,38.85717186548653,38.30110664224219,38.85717186548653,56300
2015-01-06,38.34323501586914,38.71394733493362,38.09047866176154,38.70552030187956,107500
2015-01-07,38.8740234375,38.89929810730732,38.57071454392727,38.62969091612516,52400
2015-01-08,39.32056427001953,39.3374151231539,39.19418769246916,39.21103854560353,22900
2015-01-09,39.13521194458008,39.35426661091617,38.83190301121344,39.35426661091617,40400
2015-01-12,39.07624053955078,39.202617135228465,38.949860729901026,39.13521692699478,52500
2015-01-13,39.11835479736328,39.463789201681905,38.68866613956991,39.3205585777604,51900
2015-01-14,39.44694137573242,39.73339943156956,39.36269032976854,39.46379222771948,47800
2015-01-15,39.25316619873047,39.66600408796679,39.05938619814094,39.66600408796679,46800
2015-01-16,39.40481948852539,39.4553720491509,39.01725949897823,39.2952905474893,46100
2015-01-20,39.37954330444336,39.41324179626254,39.1520616113132,39.168912464208574,37700
2015-01-21,39.29528045654297,39.48906040155427,39.03410032864424,39.03410032864424,30500
2015-01-22,39.37112045288086,39.37112045288086,39.10993702621792,39.27844235909814,22000
2015-01-23,39.25316619873047,39.25316619873047,38.8993046916748,39.06781001817885,67300
2015-01-26,38.966697692871094,39.01725024150219,38.73921604498755,38.89087047690991,16300
2015-01-27,39.13521194458008,39.2868664112634,38.93300491767843,38.98355747789676,22400
2015-01-28,38.646541595458984,39.29528490072209,38.60441607464371,39.29528490072209,33500
2015-01-29,39.10993194580078,39.26158640429574,38.89087729129223,39.26158640429574,25700
2015-01-30,38.89930725097656,39.13521600919208,38.77293065826267,38.975134492193696,26300
2015-02-02,39.17732620239258,39.27000426248301,38.63811190437991,38.85716650770853,35800
2015-02-03,39.55647659301758,39.632303832024164,39.37112040567438,39.472222319692534,39000
2015-02-04,39.303707122802734,39.57331427978815,39.27842924223041,39.446934518838994,10600
2015-02-05,39.94403076171875,40.14623777412955,39.893478205123195,39.952454580832296,57700
2015-02-06,39.76709747314453,40.07040635303512,39.657568552301576,40.01142998349763,111600
2015-02-09,39.531185150146484,40.00299927708214,39.44693411968013,40.00299927708214,38600
2015-02-10,39.92717742919922,40.019855503548094,39.69969575960776,39.70812279216924,94200
2015-02-11,39.55647659301758,39.750256600707324,39.497500208676,39.750256600707324,7000
2015-02-12,39.64915466308594,39.69128019273743,39.33741867292671,39.39639505723318,20500
2015-02-13,39.505916595458984,39.58174382019767,39.362689178714405,39.52276744695328,17700
2015-02-17,40.39898681640625,40.39898681640625,40.05355244379343,40.05355244379343,7100
2015-02-18,40.76127624511719,40.778127096004646,40.43269268773972,40.49166905886023,48600
2015-02-19,40.66859436035156,40.76969624222885,40.43268889798096,40.71071987663619,35700
2015-02-20,40.727569580078125,40.9044986718782,40.44111157784291,40.65174236731084,32400
2015-02-23,40.55906677246094,40.82867394225939,40.55906677246094,40.584341440263614,10300
2015-02-24,40.05356979370117,40.230498965441924,39.918766156093135,40.104119149071536,36200
2015-02-25,40.179935455322266,40.45796969004102,40.163084603463126,40.222064191955795,12900
2015-02-26,40.222068786621094,40.466398131560545,40.222068786621094,40.314743661475795,8600
2015-02-27,40.179935455322266,40.35686779285754,40.11253526185707,40.213637159040545,78300
2015-03-02,40.55906677246094,40.84552479211817,40.39056148784415,40.651744839698715,69600
2015-03-03,40.55906677246094,40.660168657642615,40.39898851975904,40.575917622319714,57800
2015-03-04,40.592777252197266,40.634902778970265,40.28946831707702,40.61805192546673,4700
2015-03-05,40.53379440307617,40.9045034790769,40.49166888302605,40.74442521729796,35700
2015-03-06,40.04513168334961,40.37371525827073,39.92717893481088,40.163084431888336,29700
2015-03-09,40.68545150756836,40.80340425701217,40.33159004526554,40.44111897573681,14400
2015-03-10,39.76709747314453,40.17150824167495,39.750246622709376,40.17150824167495,22800
2015-03-11,40.41584777832031,40.6938788239083,40.24734245864522,40.24734245864522,12700
2015-03-12,41.0814323425293,41.098283193241386,40.50009245583235,40.50009245583235,6400
2015-03-13,40.87922286987305,40.89607371823881,40.643317420693734,40.794968628044224,29600
2015-03-16,40.84552001953125,40.97189977171977,40.59276372912483,40.76969281101226,24700
2015-03-17,40.92136001586914,41.064590660706706,40.64332897372928,40.80340725775092,21400
2015-03-18,41.039310455322266,41.2836429913179,40.67702516787258,40.78655410021052,423900
2015-03-19,41.30891418457031,41.90710813853367,41.22466314461719,41.73860284465626,112700
2015-03-20,41.63750457763672,41.65435543118881,41.29207011474798,41.31734800206196,16200
2015-03-23,42.614830017089844,42.656955539256415,41.84813072939012,41.93238498769459,22600
2015-03-24,42.91813659667969,42.97711297173237,42.707505767499725,42.78333299456337,105900
2015-03-25,42.547420501708984,42.96868209083481,42.513718803225906,42.876004026991794,21500
2015-03-26,42.45474624633789,42.61482772150743,42.38734605729636,42.53900050010374,51500
2015-03-27,42.21042251586914,42.53900935298209,42.15144613294493,42.48002975608606,11500
2015-03-30,42.85073471069336,43.17089445831774,42.54742581441461,42.56427666576023,46000
2015-03-31,42.623260498046875,42.95184412186436,42.48845687766094,42.73278944397665,14700
2015-04-01,43.246726989746094,43.28885251629429,42.8086144429072,43.02766910934082,35300
2015-04-02,43.600582122802734,43.71853487421354,43.49105319050495,43.507904042702414,49500
2015-04-06,44.43467712402344,44.58632835048018,43.97128677050996,43.9797138027399,89700
2015-04-07,44.257747650146484,44.53578188015413,44.20719830939695,44.299876386066174,16300
2015-04-08,44.5189323425293,44.56105786572098,43.96286708007339,44.30830151259946,39300
2015-04-09,44.64531326293945,45.01602237602612,44.41783157514598,44.636886229703684,35900
2015-04-10,44.23247528076172,44.771689703282235,44.01342062685206,44.771689703282235,33600
2015-04-13,43.819637298583984,43.96286793699324,43.24672438686136,43.28884991087415,26700
2015-04-14,43.99657440185547,44.36728355283575,43.92917098496534,43.99657440185547,8200
2015-04-15,43.971290588378906,44.08081951908037,43.811212315793206,44.08081951908037,9500
2015-04-16,44.08924102783203,44.46837390034542,43.811206826419834,44.198766730838976,346000
2015-04-17,44.24089813232422,44.4515289623874,43.760660096897865,43.76908712992438,128400
2015-04-20,44.33357238769531,44.35885027062305,43.870185244321085,43.870185244321085,100800
2015-04-21,44.23247528076172,44.308302509801884,44.01342062685206,44.13979719927135,54200
2015-04-22,44.24089813232422,44.8138142472138,43.92074158468758,44.80539042815869,12100
2015-04-23,44.40097427368164,44.443099791827564,44.13979091882333,44.20719431903361,22600
2015-04-24,44.65373992919922,45.7490196997626,44.33358013922874,45.7490196997626,58200
2015-04-27,44.165077209472656,45.57209302641027,44.0555514762645,44.594765963963276,19300
2015-04-28,44.30830383300781,44.813816565724366,43.88704215108683,44.19035107630539,20100
2015-04-29,43.819637298583984,44.47680768627513,43.54160626892238,44.47680768627513,13100
2015-04-30,43.52475357055664,44.53578217384139,43.48262804833047,44.08924585309558,9800
2015-05-01,43.92916488647461,44.089246372379364,43.533177902147735,43.533177902147735,29600
2015-05-04,43.6764030456543,43.88703384675912,43.60057582869772,43.86175917909725,27900
2015-05-05,43.48263168334961,43.71011337915333,43.28042466020022,43.63428614721875,97800
2015-05-06,43.31412887573242,43.6511395291818,43.16247440307738,43.6511395291818,17000
2015-05-07,43.26357650756836,43.39838012675837,43.04452183162402,43.17932545081403,19900
2015-05-08,43.592159271240234,43.71853584456905,43.330975877339625,43.330975877339625,6200
2015-05-11,43.70167922973633,43.8280590003729,43.524750122021985,43.63427904230895,6800
2015-05-12,43.32255172729492,43.676413226903286,43.187748111723096,43.42365684945258,22900
2015-05-13,43.68483352661133,43.89546435984277,43.68483352661133,43.769087788286775,21300
2015-05-14,44.005001068115234,44.173506407267254,43.71011913507821,43.71011913507821,19000
2015-05-15,43.77751541137695,44.17350244073096,43.64271179495436,43.64271179495436,15000
2015-05-18,44.23247528076172,44.44310611543201,44.01342062685206,44.01342062685206,6700
2015-05-19,44.165077209472656,44.51051490549979,44.10610082575384,44.40098595831977,20800
2015-05-20,44.358856201171875,44.358856201171875,44.10609662192862,44.240900231004964,14500
2015-05-21,44.47682189941406,44.71272748044953,44.32516739332769,44.32516739332769,19500
2015-05-22,44.31672668457031,44.45995732456034,44.131373734074074,44.434682652668016,19400
2015-05-26,43.52475357055664,43.8870388468501,43.33939741599589,43.8870388468501,36600
2015-05-27,43.78593826293945,43.802789115129194,43.415225942708034,43.46577849927725,36300
2015-05-28,43.617435455322266,43.68483565397342,43.27200100055961,43.507906516796076,27700
2015-05-29,43.43207931518555,43.617435486057154,43.3141265569842,43.617435486057154,45600
2015-06-01,44.0302734375,45.2435092446596,43.76909322877014,43.76909322877014,119800
2015-06-02,44.173492431640625,44.358848567462005,43.861759741917304,43.91230907788968,30700
2015-06-03,44.148223876953125,44.30830215298369,43.99656942009408,44.17349854843915,92600
2015-06-04,44.20720291137695,44.39255587003937,44.01342291906483,44.122948644738,39800
2015-06-05,43.903892517089844,44.14822506124723,43.78593976169567,43.78593976169567,51200
2015-06-08,44.36728286743164,44.586337540996894,44.24090306970092,44.38413372139385,28900
2015-06-09,44.291446685791016,44.493653678524915,44.12294139417462,44.493653678524915,18400
2015-06-10,44.409400939941406,44.50207901418899,44.07239355918892,44.07239355918892,45900
2015-06-11,44.53578567504883,44.62003672612462,44.2409005683404,44.38413121193514,37900
2015-06-12,44.5189323425293,44.5189323425293,43.819636444455966,44.131372386811535,35300
2015-06-15,44.173492431640625,44.325146867499754,44.021837995781496,44.148217763654436,28100
2015-06-16,44.30830383300781,44.37570403084995,43.95444234892897,44.16507318988946,57200
2015-06-17,44.23247528076172,44.41783144374245,44.07239700344203,44.11452252758179,31700
2015-06-18,44.5189323425293,44.72113935340936,44.24089810431564,44.35885406881233,26800
2015-06-19,44.24089813232422,44.6705868254771,44.24089813232422,44.24089813232422,11200
2015-06-22,45.15924835205078,45.29405195375354,44.85594265869812,44.872790296686006,10900
2015-06-23,44.72956466674805,45.15925016001208,44.61161191228229,45.15925016001208,329400
2015-06-24,44.5189323425293,46.161853458776314,44.09767068266962,44.35885406881233,349300
2015-06-25,44.38594436645508,44.65019832821931,43.81481892710944,44.65019832821931,101300
2015-06-26,44.070556640625,44.275137671433534,43.942691057552025,44.2666148167152,7000
2015-06-29,43.2181282043457,43.62729351878808,43.192553136610215,43.61024455755004,25800
2015-06-30,43.84039306640625,44.3262769964188,43.81482125485495,44.3262769964188,10200
2015-07-01,44.24103927612305,44.42857132994962,44.15579447733226,44.27513394388278,45200
2015-07-02,44.3689079284668,44.66725988917686,44.30923818667619,44.43710377723151,18700
2015-07-06,44.38594436645508,44.59905145607768,44.198409087025226,44.198409087025226,135800
2015-07-07,44.30071258544922,44.44562387745625,43.84040039009129,44.44562387745625,8800
2015-07-08,43.85744857788086,44.00235986733265,43.695485075838526,43.968265197421914,747500
2015-07-09,44.258094787597656,44.547920664171606,44.11318347518933,44.138755294612615,28000
2015-07-10,44.55643844604492,44.65872895638144,42.71519300120412,44.47971975035336,12500
2015-07-13,45.153141021728516,45.26395439119706,44.24104273967824,44.820694409809214,802500
2015-07-14,45.47706604003906,45.51969007287941,45.17871732069957,45.51116396560848,42800
2015-07-15,45.255435943603516,45.366252575620464,45.05937774957793,45.33215465011415,44000
2015-07-16,45.58787536621094,45.664594060568376,44.58200948541638,45.08494242581366,10800
2015-07-17,45.55377197265625,46.15899860064771,45.38328889612978,45.52820016152853,385800
2015-07-20,45.90327072143555,45.97146655826326,45.68164075525843,45.749833340329666,4000
2015-07-21,46.03113555908203,46.04818451801839,45.86064922147489,45.971465828682994,12300
2015-07-22,45.229862213134766,45.57083169851103,45.153143509867625,45.57083169851103,12100
2015-07-23,45.11904525756836,45.332152403787084,44.974130707225996,44.974130707225996,14900
2015-07-24,44.922977447509766,45.20427712933012,44.761013969963344,45.15313350632076,178900
2015-07-27,46.81536865234375,46.81536865234375,45.36624289682216,45.36624289682216,27900
2015-07-28,47.275691986083984,47.36093680184533,46.99439222346462,47.00291507916214,10500
2015-07-29,47.1904411315918,47.30978059840582,47.02847763940997,47.164869317776386,174200
2015-07-30,46.88357162475586,46.90062058646661,46.593745779187095,46.90062058646661,57700
2015-07-31,47.06257629394531,47.22453978865641,46.87504423677611,46.892089945081516,57000
2015-08-03,47.30978012084961,47.37797595934443,47.062575083940715,47.20748961486394,133300
2015-08-04,46.926185607910156,47.18191349302623,46.9006137949255,47.10519480231576,88800
2015-08-05,47.07110595703125,47.21601725087465,46.994387256832724,47.20749439607787,130000
2015-08-06,47.20749282836914,47.267162565235665,46.926189853063995,47.20749282836914,42100
2015-08-07,47.028472900390625,47.105191585862556,46.67897738918653,46.91765955051936,515300
2015-08-10,47.53994369506836,47.62518525487272,47.3012647262105,47.3012647262105,46400
2015-08-11,47.181922912597656,47.3694582499427,46.85800237760165,47.30978850656148,380300
2015-08-12,47.45469284057617,47.45469284057617,46.9091391230827,47.01995573812252,45200
2015-08-13,47.53142166137695,47.701908047353065,47.35241241939284,47.56551958892364,52200
2015-08-14,47.599605560302734,47.75304294396478,47.4887889494898,47.514364014604496,108500
2015-08-17,47.58256530761719,47.58256530761719,47.23306970349219,47.36945815262006,54200
2015-08-18,47.122249603271484,47.38650362664615,47.105200641916,47.3268338877804,45600
2015-08-19,46.67046356201172,46.90061966293932,46.517026161393325,46.90061966293932,535000
2015-08-20,45.90327072143555,46.21014548364731,45.468533642806534,46.21014548364731,361700
2015-08-21,45.204280853271484,45.95441881951617,45.170186185708616,45.8436022076063,121600
2015-08-24,42.85158157348633,44.769545720340716,41.92243436782883,44.769545720340716,180100
2015-08-25,43.303367614746094,44.41152402629685,43.27779580003357,43.27779580003357,85400
2015-08-26,43.23517990112305,43.45680990772662,42.621430264748405,43.45680990772662,28600
2015-08-27,43.28632736206055,43.49943453221918,43.047648372045224,43.49943453221918,31500
2015-08-28,43.40566635131836,43.669920409868716,43.21813425495883,43.55910377218536,24100
2015-08-31,42.85158157348633,43.08173766131966,42.59585367092375,43.03059078010446,25600
2015-09-01,42.288970947265625,42.51912699188647,39.228753041890506,41.92242649676829,223100
2015-09-02,43.456809997558594,43.46533610461312,42.94535413402718,43.0732164740315,109000
2015-09-03,43.09026336669922,43.84040141537127,42.9964957041456,43.192553884140935,32600
2015-09-04,42.945343017578125,42.987963786547134,42.05029386220407,42.67256619406901,371200
2015-09-08,43.91712188720703,44.25809137634687,43.67844291963344,43.96826877386868,38300
2015-09-09,43.55057907104492,44.07908391399594,41.62409178765479,41.62409178765479,22100
2015-09-10,43.644344329833984,43.84892536984764,42.919778079413376,42.919778079413376,508900
2015-09-11,44.11317443847656,44.17284417274556,43.721058112778366,43.942688089812286,56300
2015-09-14,43.86597442626953,43.93417027425894,43.789255723159954,43.80630468515731,16700
2015-09-15,44.47119140625,44.530864390346295,43.865967977228664,43.865967977228664,41400
2015-09-16,44.38594436645508,44.51380992093109,44.198409087025226,44.41151617664783,23600
2015-09-17,43.88302230834961,44.23251789130205,43.78073179063978,43.82335256870579,16100
2015-09-18,43.226646423339844,43.51647222979108,43.218123569513274,43.371560952443716,9900
2015-09-21,42.757816314697266,43.22665137097711,42.43389255235104,43.22665137097711,58400
2015-09-22,42.52766799926758,42.843065712792985,42.22079314210449,42.34013264172181,30300
2015-09-23,42.13555145263672,42.4679981297068,42.13555145263672,42.4679981297068,22000
2015-09-24,41.80309295654297,42.161111353162525,41.51326714662194,42.13553953962015,23200
2015-09-25,41.479164123535156,42.08438748244906,41.308677800131704,41.93095011656157,36900
2015-09-28,40.86542510986328,41.59851421173026,40.72903666661526,41.59851421173026,14300
2015-09-29,40.362491607666016,40.66084355909883,40.192008494569485,40.52445511756744,27900
2015-09-30,40.942142486572266,40.942142486572266,40.56707509272548,40.60969587015584,49600
2015-10-01,40.97624206542969,40.97624206542969,40.52445595324485,40.780183879920095,63900
2015-10-02,41.42802810668945,41.487697847752955,39.89365729750781,39.97037600055474,42800
2015-10-05,41.68376159667969,41.81162394101181,41.4706544377023,41.68376159667969,41100
2015-10-06,42.11849594116211,42.40832178797432,41.80309827755254,41.99915646043184,36300
2015-10-07,42.911251068115234,43.022067684247666,42.57880447147462,42.75781367708777,26200
2015-10-08,42.894203186035156,42.97944473796794,42.49356073808622,42.71519397592227,45200
2015-10-09,42.860107421875,44.23251793866613,41.27458976276865,42.90273145174359,90600
2015-10-12,42.63847351074219,42.94534828778837,42.40831742795755,42.94534828778837,28900
2015-10-13,41.487701416015625,41.92244185459162,41.33426724848224,41.60704416016404,28400
2015-10-14,42.09292221069336,42.16111480297171,41.760475600413926,41.87128896933586,39800
2015-10-15,43.03058624267578,43.064684159890405,42.56175126212199,42.56175126212199,6500
2015-10-16,42.945343017578125,43.09025428242399,42.936816912730585,42.936816912730585,15500
2015-10-19,42.72371292114258,42.80895771703212,42.44241322409825,42.80895771703212,281800
2015-10-20,42.4083137512207,42.7151885016613,42.365692980716474,42.7151885016613,22500
2015-10-21,42.72371292114258,42.74928798578768,42.3401194690308,42.54470372740924,26500
2015-10-22,42.45947265625,42.84306295122097,42.33160705675483,42.84306295122097,28200
2015-10-23,43.14141082763672,43.17550875115845,42.749294462407654,42.749294462407654,16900
2015-10-26,43.44828414916992,43.635816218608845,43.371565449749546,43.482378819768094,229900
2015-10-27,43.354515075683594,43.456805587658245,43.14993079997754,43.41418481198187,13800
2015-10-28,43.33747100830078,44.14727884461442,42.20373938711027,42.20373938711027,9200
2015-10-29,43.13287353515625,43.499417988565895,43.11582782957284,43.36302958160576,16500
2015-10-30,42.945343017578125,43.37155721078065,42.936816912730585,43.28631242108641,22500
2015-11-02,43.43123245239258,43.47385322677338,43.132880528213676,43.132880528213676,15500
2015-11-03,43.87449645996094,43.88301931428987,43.311893773306835,43.311893773306835,10300
2015-11-04,43.40566635131836,43.721067300743485,43.132889436834205,43.721067300743485,44500
2015-11-05,43.209598541259766,44.30070920838682,43.124356993842675,44.30070920838682,51200
2015-11-06,42.970924377441406,43.141410742958485,42.74076827175689,42.74076827175689,227600
2015-11-09,42.45947265625,42.77487034944555,42.16964678225058,42.62143293075425,123100
2015-11-10,42.63847351074219,42.63847351074219,41.555888936943326,42.08439369088029,272500
2015-11-11,42.7151985168457,42.94535463363952,41.8883417178187,42.91125670853886,180300
2015-11-12,42.502079010009766,42.75780687042705,42.45093213722384,42.646990271935636,37400
2015-11-13,42.237831115722656,42.49355901289549,42.19521034148662,42.237831115722656,36700
2015-11-16,42.68961715698242,42.723711822705184,42.29749760948494,42.29749760948494,26100
2015-11-17,42.868629455566406,43.39713420780252,42.62142441354625,42.902727375518836,565900
2015-11-18,43.53352737426758,43.610246076632684,43.056166198245045,43.09879022870331,36700
2015-11-19,43.525001525878906,43.53352438033023,43.25222465884203,43.43123386813059,367600
2015-11-20,43.46533203125,43.67843916304289,43.3545154122258,43.67843916304289,958300
2015-11-23,43.209598541259766,43.4227056615591,43.05616115450372,43.32041515430727,34800
2015-11-24,43.34599304199219,43.38861707342998,43.16698381627886,43.20960459595959,16200
2015-11-25,43.09878158569336,43.303362583135744,43.0476347104546,43.303362583135744,18600
2015-11-27,42.92831802368164,43.11585341394136,42.91126905622548,42.91126905622548,16100
2015-11-30,43.10731506347656,43.149935844135236,42.72372153403422,43.00502453954431,22300
2015-12-01,43.6102409362793,43.73810650906857,43.23517357545753,43.456803549634806,23600
2015-12-02,43.09878158569336,43.55909045581688,43.01353679362877,43.55909045581688,31500
2015-12-03,42.97945785522461,43.44829628921387,42.8601183453938,43.43124732327265,28800
2015-12-04,43.942691802978516,44.019410503772356,43.22665167948832,43.22665167948832,30400
2015-12-07,43.3204231262207,43.55057924870857,43.16698571122879,43.43976261526837,39400
2015-12-08,43.10731506347656,43.149935844135236,42.638479972716866,42.9794494697434,32800
2015-12-09,42.87715530395508,43.25222594611117,42.66404816700525,43.09026244090491,300700
2015-12-10,42.76634216308594,42.97944931738098,42.7492964522886,42.94535464402918,31000
2015-12-11,42.399803161621094,42.749298783654694,42.2634147055045,42.66405396623352,107200
2015-12-14,42.0503044128418,42.144068827397085,41.70933167202547,42.10144804773431,37000
2015-12-15,42.66405487060547,42.689629942252594,42.476522771818246,42.476522771818246,14700
2015-12-16,42.502079010009766,42.544699778119956,42.14405740402062,42.49355290533403,21900
2015-12-17,42.16964340209961,42.715197179602676,42.161117295212804,42.715197179602676,25400
2015-12-18,41.96505355834961,42.11849094444465,41.90538382506338,42.033249397394776,23100
2015-12-21,42.120506286621094,43.68372493552231,41.88731875592844,43.60599575862476,33400
2015-12-22,41.852783203125,42.1550648826805,41.766418891587605,41.96505944379346,15300
2015-12-23,41.887332916259766,42.31916109065419,41.602324739757435,41.74051291836766,33400
2015-12-24,42.44870376586914,42.578250219782376,42.29324538550368,42.35370105624725,10200
2015-12-28,42.65597915649414,42.81143753593583,42.59552348610981,42.80280242356104,44300
2015-12-29,42.86326217651367,43.11371999428096,42.74235082422865,42.949626486835186,9500
2015-12-30,42.59552001953125,43.122350785365235,42.44006165274133,42.69915783252897,45300
2015-12-31,42.483245849609375,43.13098797761803,42.4746107375208,42.768253967334864,10600
2016-01-04,42.077335357666016,42.46597805115319,41.62823369306745,42.224155345056765,25600
2016-01-05,42.215518951416016,42.370977341930775,42.085969194457995,42.370977341930775,31100
2016-01-06,41.82687759399414,42.13779440935763,41.68005430025581,41.79233054904541,253600
2016-01-07,41.446876525878906,41.680060879623085,41.30005320896392,41.38641754038117,15200
2016-01-08,41.11003112792969,41.75777323579362,41.11003112792969,41.714591087520034,27300
2016-01-11,41.15322494506836,42.08597205701223,40.97185461407346,41.66278230539472,46500
2016-01-12,41.524593353271484,41.73186900466813,41.222311694319686,41.628231178969806,54100
2016-01-13,40.807762145996094,41.60232439897117,40.807762145996094,41.53323360481952,330500
2016-01-14,40.34137725830078,41.213671799255025,39.81454648903694,40.617746957818426,230900
2016-01-15,39.633182525634766,39.892278726944674,39.356812804959276,39.840461463434856,42100
2016-01-19,39.68500900268555,40.160019325031875,39.40863924078996,40.160019325031875,26400
2016-01-20,39.227264404296875,39.581366621572855,38.424067141025915,39.27908496417345,155900
2016-01-21,38.959537506103516,39.28772783342082,38.94226398418287,39.28772783342082,27300
2016-01-22,39.512264251708984,39.615902055130924,39.304985350278734,39.44317018637011,39500
2016-01-25,39.37409210205078,39.65046186328057,39.304998014449616,39.63318834138028,10600
2016-01-26,39.529544830322266,39.633182652259954,39.32226589185993,39.555453462159946,4400
2016-01-27,39.063167572021484,39.667727540626224,38.92498271873355,39.37408431556602,9300
2016-01-28,39.25318145751953,39.35681929621946,39.097723052175894,39.22726952690393,15000
2016-01-29,39.78864288330078,39.79728129070648,39.555455302153625,39.59000234260219,23800
2016-02-01,40.14274215698242,40.160015677355396,39.72818755179243,39.8404637869232,11400
2016-02-02,39.46045684814453,39.78864717866129,39.279089808090845,39.78864717866129,135200
2016-02-03,39.486358642578125,39.6763607476098,38.97680140280902,39.6763607476098,16300
2016-02-04,39.667724609375,39.74545378951733,39.23589656293685,39.60726894644058,14600
2016-02-05,39.166812896728516,39.469094586272526,39.14090426132864,39.41727402088536,14400
2016-02-08,38.493160247802734,38.82998567084679,38.20815538776056,38.82998567084679,9300
2016-02-09,38.622703552246094,38.74361488445294,38.225419224812114,38.225419224812114,206500
2016-02-10,38.3895263671875,38.76089887045206,38.329070684757234,38.5363463689217,9200
2016-02-11,37.6640510559082,37.72450673219479,37.28404018257848,37.65541264810311,30600
2016-02-12,38.00951385498047,38.095881465235784,37.69860034182372,37.75905602170871,7900
2016-02-16,38.63134002685547,38.6831605830237,38.190876830479375,38.3895173539107,19700
2016-02-17,39.20134735107422,39.304985153978556,38.57951394447546,38.6917901527972,29000
2016-02-18,38.838623046875,39.00271655014084,38.769528964708016,38.88180520093578,4300
2016-02-19,38.95088577270508,39.00270632073913,38.743610169741494,38.81270093920058,83800
2016-02-22,39.538177490234375,39.59863315716362,39.38271911967726,39.38271911967726,39400
2016-02-23,39.38272476196289,39.59863883038284,39.34818101490199,39.34818101490199,2800
2016-02-24,39.287723541259766,40.928668409399116,38.96816836252029,39.10635322820136,26900
2016-02-25,39.78864288330078,39.78864288330078,39.235903414472155,39.235903414472155,8600
2016-02-26,39.702274322509766,40.07364673107005,39.538177545256254,40.07364673107005,3900
2016-02-29,39.529544830322266,39.84046159072229,39.49499779148071,39.84046159072229,14900
2016-03-01,40.16864776611328,40.30683262410656,39.8836429378839,39.90955156919924,37000
2016-03-02,40.20319747924805,40.20319747924805,39.92682774487274,40.19456236643068,201200
2016-03-03,40.0131950378418,40.05637719077031,39.90091880455799,40.02183015059266,125700
2016-03-04,39.96138000488281,40.08229136764149,39.81455671111331,40.047744322685425,5100
2016-03-07,39.952735900878906,40.08228565370238,39.607275384328105,39.866371595387974,20500
2016-03-08,39.73682403564453,39.909555950746565,39.60727757025845,39.909555950746565,5100
2016-03-09,40.090919494628906,40.2463778752507,39.918190889126436,40.01319359890498,8300
2016-03-10,40.17729187011719,40.45366162529322,39.92683074993036,40.35002379074905,25200
2016-03-11,40.60911560058594,40.66093615950655,40.237743164789045,40.237743164789045,5700
2016-03-14,40.58320999145508,40.58320999145508,40.4191131899431,40.47093375272381,106600
2016-03-15,40.2204704284668,40.30683473376282,40.073650450546154,40.168649868536946,24100
2016-03-16,40.35001754760742,40.47092888496555,40.125465097153594,40.29819699105957,31600
2016-03-17,40.66093826293945,40.79048472506206,40.37593011601281,40.38456522898612,17500
2016-03-18,40.8768424987793,40.92865975333387,40.591834420383655,40.591834420383655,39200
2016-03-21,40.64366912841797,40.76458049061527,40.59184856122447,40.76458049061527,6600
2016-03-22,40.82503128051758,40.82503128051758,40.574570177637725,40.59184369796604,4900
2016-03-23,40.59184646606445,40.686849187055174,40.54002590154569,40.66094055208947,3000
2016-03-24,40.54866409301758,41.02367440084676,40.42775273770695,41.02367440084676,7700
2016-03-28,40.54002380371094,40.68684708162272,40.229110316449336,40.68684708162272,3300
2016-03-29,40.97184753417969,41.05821512796431,40.4622902619043,40.54001944901705,7500
2016-03-30,41.395042419433594,41.45549809058207,41.17048995980756,41.265492670065726,276500
2016-03-31,41.28277587890625,41.56778407657369,41.1704996227414,41.1704996227414,234800
2016-04-01,41.19640350341797,41.256859176939365,40.747301861125365,41.07549215637518,31900
2016-04-04,41.15322494506836,41.27413630267336,41.07549574452408,41.265497894508776,7600
2016-04-05,40.62638473510742,40.850933877018754,40.53138203463417,40.781843100502435,54000
2016-04-06,41.36049270629883,41.36049270629883,40.69547707207301,40.69547707207301,18300
2016-04-07,40.8768424987793,41.17912079896888,40.799113322361066,41.170482393485536,35500
2016-04-08,41.04957962036133,41.23094993282465,40.8941212351568,41.066853140338175,18900
2016-04-11,41.3000373840332,41.51595142443262,41.3000373840332,41.412313607525206,13800
2016-04-12,41.490047454833984,41.59368528338405,41.23958634913309,41.420953372742495,17300
2016-04-13,41.93913650512695,41.93913650512695,41.56776416192245,41.56776416192245,151000
2016-04-14,41.861427307128906,42.025520839213144,41.58505751909875,41.939156515924125,60500
2016-04-15,41.913238525390625,42.129152596994054,41.73187149594469,41.80960069350541,14800
2016-04-18,42.301883697509766,42.483250723458504,42.068696109324016,42.10324315081536,11100
2016-04-19,42.725074768066406,42.79416555330653,42.345063918191066,42.345063918191066,15600
2016-04-20,42.56962203979492,42.68189499255259,42.49189283695404,42.57825715362724,37400
2016-04-21,42.56098556518555,43.001452166159524,42.483256358812945,42.87190239067597,44600
2016-04-22,42.465972900390625,42.76825454093424,42.345061562007935,42.53506697637324,35600
2016-04-25,42.422794342041016,42.621434885429174,42.06006029618103,42.06006029618103,89400
2016-04-26,42.53507614135742,42.664625914445324,42.31052693520433,42.664625914445324,13300
2016-04-27,42.20686721801758,42.26732287362063,41.90458894000232,42.06004728143478,20400
2016-04-28,41.80096435546875,42.18097192430495,41.740508680758154,41.84414650960672,18700
2016-04-29,41.70595932006836,42.13778742660561,41.58504797737185,42.13778742660561,17400
2016-05-02,41.852783203125,41.8959653588937,41.576413452700564,41.852783203125,17600
2016-05-03,41.35186004638672,41.51595353939852,41.230948704737294,41.51595353939852,7100
2016-05-04,40.997764587402344,41.03230833464992,40.8595797146503,41.03230833464992,24300
2016-05-05,41.03230285644531,41.49867797518812,40.92866503936473,41.49867797518812,8000
2016-05-06,40.59184646606445,40.894124855955525,40.401841024083005,40.74730486503339,18600
2016-05-09,41.058223724365234,41.10140588300523,40.48821066438983,40.48821066438983,7400
2016-05-10,41.343223571777344,41.37777061231679,41.10140087717551,41.1964035913654,450900
2016-05-11,41.17049026489258,41.61959189288563,41.032305402016796,41.420951358413376,10500
2016-05-12,40.92866897583008,41.11867440424128,40.72139332173342,41.11867440424128,10200
2016-05-13,40.7473030090332,40.850940838762774,40.62639165858417,40.62639165858417,11100
2016-05-16,40.66957473754883,40.816394725120816,40.410478510041784,40.410478510041784,35900
2016-05-17,40.4622917175293,40.70411769423907,39.25317501232822,40.367292302828865,10600
2016-05-18,40.298194885253906,40.565929471546895,40.03909870522758,40.04773381690757,27000
2016-05-19,39.97001266479492,40.160018105799985,39.728189954124716,40.11683594954993,11800
2016-05-20,40.17729187011719,40.23774754815023,39.78001075887506,39.78001075887506,14800
2016-05-23,40.13410568237305,40.34138133064178,40.05637649062551,40.34138133064178,13700
2016-05-24,40.89412307739258,40.92867011890257,40.401839266930416,40.401839266930416,16700
2016-05-25,41.084129333496094,41.12731148895436,40.799124471801704,40.799124471801704,4500
2016-05-26,41.06685256958008,41.075490976741975,40.764574210654125,40.764574210654125,11400
2016-05-27,41.01503372192383,41.09276291044572,40.937304533401935,40.97184827695519,5500
2016-05-31,41.28277587890625,41.34323156424399,41.04095313755528,41.04958825206592,44100
2016-06-01,41.343223571777344,41.47277332650668,41.110035990016804,41.110035990016804,24200
2016-06-02,41.90459060668945,41.91322571729642,41.2827572162272,41.369124795228224,11100
2016-06-03,41.73187255859375,42.13779207781236,41.46413791693655,42.13779207781236,30300
2016-06-06,42.155059814453125,42.1723333336013,41.800960908382784,41.84414305895977,12400
2016-06-07,41.887332916259766,41.89596803012915,41.73187450991077,41.89596803012915,3600
2016-06-08,41.75777053833008,41.88732026936892,41.628224101877755,41.71458839284597,13700
2016-06-09,41.30868148803711,41.429592840203355,41.30868148803711,41.429592840203355,3300
2016-06-10,40.64366912841797,41.09277082699904,40.64366912841797,40.73003344581961,8300
2016-06-13,40.35001754760742,40.704116447550604,40.306832103190786,40.306832103190786,4500
2016-06-14,40.31547546386719,40.50548089997029,40.16865218290009,40.341384098031334,20300
2016-06-15,40.23774337768555,40.557295256252566,40.14274066645527,40.47956606475388,390600
2016-06-16,40.21183395385742,40.28956314382609,39.8145495970248,40.08228420571399,76500
2016-06-17,40.43638229370117,40.43638229370117,40.134103946968565,40.22046824758163,10800
2016-06-20,40.73866653442383,40.92867197676644,40.62639358630079,40.78185198556523,15100
2016-06-21,40.79048538208008,40.79048538208008,40.64366539705884,40.72139459341926,2200
2016-06-22,40.827030181884766,41.04456551743017,40.70521092507147,40.80963027604784,9300
2016-06-23,41.49703598022461,41.49703598022461,41.06196534513149,41.14027819222127,6400
2016-06-24,39.85247039794922,40.42676351628531,39.85247039794922,40.30494426683911,10300
2016-06-27,38.99973678588867,39.22597540583065,38.67778540139921,39.22597540583065,30400
2016-06-28,39.6262321472168,39.748051387514316,39.27817432980218,39.574022478807,16700
2016-06-29,40.209224700927734,40.28753754295807,39.922079826366705,39.97428617483673,5700
2016-06-30,40.76612854003906,40.79223504256063,40.3745675148066,40.3745675148066,25600
2016-07-01,40.835731506347656,40.887941179345546,40.64429935801437,40.67910580667963,14700
2016-07-05,40.51377868652344,40.60949143789637,40.313646592938284,40.57468830981781,16900
2016-07-06,40.6094970703125,40.6094970703125,40.200532874231826,40.409364948969625,24400
2016-07-07,40.47026824951172,40.531181191050784,40.461568297477825,40.531181191050784,1000
2016-07-08,41.02716827392578,41.02716827392578,40.809632924264086,40.88794578291534,3800
2016-07-11,41.375213623046875,41.610152146654364,41.24469443392623,41.24469443392623,6900
2016-07-12,41.8451042175293,41.94082031213416,41.52315279694359,41.68847848441704,7800
2016-07-13,42.15834045410156,42.52379815312475,42.132233961796224,42.52379815312475,13900
2016-07-14,42.52379608154297,42.65431857873568,42.367170412641705,42.38457363355574,8100
2016-07-15,42.48030471801758,42.784852893446626,42.34978217464732,42.784852893446626,2000
2016-07-18,42.671730041503906,42.802249244580835,42.61082041620288,42.72393639500442,24300
2016-07-19,42.35848617553711,42.49770867517159,42.30627649342684,42.46290222043142,6000
2016-07-20,42.83705520629883,43.02848735182683,42.64562306077083,42.64562306077083,32100
2016-07-21,42.83705520629883,43.08069370473404,42.69783273300363,43.08069370473404,4000
2016-07-22,43.01979064941406,43.01979064941406,42.93277783506446,42.93277783506446,900
2016-07-25,43.03718566894531,43.10679856261068,42.924069695727304,42.924069695727304,11900
2016-07-26,42.69782638549805,42.810945665523214,42.488994366263235,42.810945665523214,7400
2016-07-27,43.03718566894531,43.03718566894531,42.66302466380767,42.66302466380767,6500
2016-07-28,42.88926696777344,43.01978617572496,42.73264126277101,42.91537014549859,3100
2016-07-29,42.8631591796875,42.897965628489835,42.70653679872828,42.75874315260614,10500
2016-08-01,42.81965637207031,43.089401393938836,42.7326435620874,42.92407572724093,31700
2016-08-02,42.41069030761719,42.515106338847204,42.33237745436323,42.471599935778514,1600
2016-08-03,42.48899841308594,42.506398316908495,42.15834381192533,42.15834381192533,10900
2016-08-04,42.8631591796875,42.8631591796875,42.43679179949863,42.43679179949863,2000
2016-08-05,42.584720611572266,42.689139973632244,42.523810976700354,42.689139973632244,5400
2016-08-08,42.80224609375,42.95887178137302,42.76744296708685,42.915365383550046,16600
2016-08-09,42.871864318847656,43.159009235659504,42.854461093688485,43.159009235659504,2900
2016-08-10,42.82835388183594,43.13290199512318,42.802247386893114,43.13290199512318,1900
2016-08-11,43.09809494018555,43.254720630331356,42.96757574461434,43.254720630331356,5100
2016-08-12,43.22862243652344,43.25472561478059,43.15900953540328,43.25472561478059,1000
2016-08-15,43.42875671386719,43.47226311957386,43.132908508005436,43.132908508005436,5800
2016-08-16,43.333038330078125,43.80291545315667,43.254725476231705,43.515767215944514,15600
2016-08-17,43.01979064941406,43.159013143969084,42.86316492812391,43.159013143969084,3700
2016-08-18,43.37654495239258,43.37654495239258,43.080696760738064,43.14160970899343,4400
2016-08-19,43.350440979003906,43.48096350678806,43.341741026170325,43.341741026170325,3100
2016-08-22,43.37654495239258,43.515767435563774,43.27212891984564,43.27212891984564,3900
2016-08-23,43.90732955932617,44.142268110560636,43.6462878310631,43.6462878310631,7900
2016-08-24,43.34174346923828,43.96824300766945,43.289533791316536,43.96824300766945,7400
2016-08-25,43.29823303222656,43.5853812770826,43.289533079045725,43.446158790907944,4500
2016-08-26,43.350440979003906,43.62888594023938,43.272128126198574,43.367844203996846,3800
2016-08-29,43.00238037109375,43.01978359497509,42.90666761873473,43.01978359497509,3800
2016-08-30,42.88926696777344,42.932773370423945,42.86316047072253,42.86316047072253,500
2016-08-31,42.8631591796875,42.94147202982994,42.723936703803794,42.8631591796875,3400
2016-09-01,42.880550384521484,42.95016326261343,42.628211999749986,42.64561189994825,7400
2016-09-02,43.07200241088867,43.15031527531789,43.019792728160446,43.019792728160446,800
2016-09-06,43.402652740478516,43.50706877612997,43.26343025316794,43.48096559704859,22500
2016-09-07,43.541866302490234,43.72459515725563,43.5331630316965,43.58537269848315,7800
2016-09-08,43.42005157470703,43.628883624888196,43.42005157470703,43.620183672516305,7400
2016-09-09,42.984989166259766,43.219924437892416,42.984989166259766,43.219924437892416,1700
2016-09-12,42.76744842529297,42.7935516034531,42.140945594843295,42.39328738147728,6300
2016-09-13,42.08003616333008,42.41939075830438,41.94081368028098,42.41939075830438,4700
2016-09-14,42.10613250732422,42.37587747665431,42.027819665862275,42.297564635192366,1100
2016-09-15,42.45419692993164,42.48900338029666,42.13224224304394,42.13224224304394,2800
2016-09-16,42.11483383178711,42.28885940981484,42.11483383178711,42.28015945864351,26500
2016-09-19,42.236663818359375,42.54121197677654,42.236663818359375,42.41939271340967,2400
2016-09-20,42.1496467590332,42.53251108612176,42.019127545156024,42.375885374008426,8900
2016-09-21,42.3410758972168,42.36717907426192,41.99301804642866,42.14964374735075,9600
2016-09-22,42.76744842529297,42.863161184988726,42.76744842529297,42.77614837823774,3800
2016-09-23,42.74134826660156,42.941480407270255,42.732648312366535,42.897973997442506,4000
2016-09-26,42.39328384399414,42.549909538537015,42.280164549196385,42.52380304322951,2700
2016-09-27,42.27145767211914,42.41938007088521,42.17574161676463,42.41938007088521,2000
2016-09-28,42.3410758972168,42.3410758972168,42.16704697182273,42.23665986971062,4500
2016-09-29,41.57535171508789,42.06263205519527,41.57535171508789,42.06263205519527,87400
2016-09-30,41.79289245605469,41.79289245605469,41.6623732311662,41.69717636620742,3100
2016-10-03,41.61886215209961,41.61886215209961,41.2969074643225,41.56665247640785,10900
2016-10-04,41.2534065246582,41.37522579808067,41.12288397780485,41.29691293383391,3400
2016-10-05,41.58405303955078,41.67106584080759,41.418724070107,41.514440143084855,9700
2016-10-06,41.366519927978516,41.38392315302514,41.23599739979172,41.279503802745396,2600
2016-10-07,41.20989227294922,41.323011570739645,41.044563302488065,41.253398673845346,4500
2016-10-10,41.82769012451172,41.871196523669354,41.679767703510656,41.73197405476962,55300
2016-10-11,41.20989227294922,41.49703717432415,41.053266574262665,41.49703717432415,10500
2016-10-12,40.93144607543945,41.05326532196285,40.800923557406946,41.02716214608655,14600
2016-10-13,40.74871826171875,41.035863161776334,40.470269994744626,40.75741821412782,33600
2016-10-14,40.36585235595703,40.565984446623126,40.36585235595703,40.565984446623126,2900
2016-10-17,40.043907165527344,40.63560357626468,40.03520389280492,40.522484266155075,23400
2016-10-18,40.827030181884766,40.827030181884766,40.47027236436334,40.53988526501425,23700
2016-10-19,40.740013122558594,40.940145212049536,40.64429705381826,40.940145212049536,13900
2016-10-20,40.853126525878906,40.870529746716336,40.67909763682962,40.69650085766704,31000
2016-10-21,40.77481460571289,40.82702095007037,40.58338249153535,40.7922178269404,104100
2016-10-24,40.809627532958984,40.89664033359811,40.722611412994276,40.85313393327854,4500
2016-10-25,40.76612854003906,40.88795114004463,40.7052188996995,40.74002535684395,26800
2016-10-26,40.661705017089844,41.04456601735574,40.592095434916885,41.04456601735574,11800
2016-10-27,40.478973388671875,40.835731186381324,40.47027011691094,40.82702791462039,35800
2016-10-28,40.38325881958008,40.5137813462514,40.304945967442436,40.48767484932169,9600
2016-10-31,40.42676544189453,40.47897511671216,40.17442365926465,40.17442365926465,22600
2016-11-01,40.51377868652344,40.65300115681422,40.20922725072606,40.39195612060917,12900
2016-11-02,40.09611511230469,40.45287293401954,40.00039903244751,40.261440774305186,11900
2016-11-03,39.26077651977539,40.470272457086836,39.165060440823986,40.470272457086836,44100
2016-11-04,39.713253021240234,39.956891551401505,39.521820850784366,39.63494016235611,12700
2016-11-07,40.44416427612305,40.8270252252441,39.93948408497827,40.45286754731068,22200
2016-11-08,40.270137786865234,40.42676348440845,40.03519924055041,40.42676348440845,56100
2016-11-09,40.58339309692383,40.75742203535169,40.43547065682199,40.45287388259737,8300
2016-11-10,40.29624557495117,40.565987258783935,40.20052949901347,40.565987258783935,25400
2016-11-11,40.478973388671875,40.478973388671875,40.25273479344602,40.46157016447561,5000
2016-11-14,40.57468795776367,40.75741682606131,40.35715264236397,40.487671840008495,108300
2016-11-15,40.34844970703125,40.72261071818156,40.02649836696895,40.461569001392526,133500
2016-11-16,40.322349548339844,40.400662401169,40.17442379551776,40.36585595117254,14500
2016-11-17,40.487674713134766,40.55728761227884,40.130916903335674,40.130916903335674,4100
2016-11-18,40.418067932128906,40.618200052038006,40.365858254155505,40.618200052038006,3600
2016-11-21,40.71391296386719,40.71391296386719,40.487674362931536,40.487674362931536,20900
2016-11-22,40.78352737426758,40.82703378134718,40.59209851925209,40.78352737426758,4100
2016-11-23,40.74871826171875,40.74871826171875,40.41806364163903,40.41806364163903,6700
2016-11-25,40.65299606323242,40.792218516079444,40.53117683190691,40.60948634976608,2900
2016-11-28,40.792232513427734,40.91405178655401,40.6182035578218,40.6182035578218,131000
2016-11-29,40.76612854003906,40.88795114004463,40.74872863079329,40.80963827113285,19600
2016-11-30,40.69650650024414,40.887938636672956,40.505074363815325,40.64429683049298,86000
2016-12-01,40.06130599975586,40.62689584964673,40.02649955133394,40.49637664705297,22300
2016-12-02,40.14832305908203,40.322352000321196,40.07001020149071,40.07001020149071,25000
2016-12-05,40.93144607543945,40.97495247500845,40.635597911314555,40.70520748675984,19800
2016-12-06,40.618194580078125,40.792223497218856,40.3745560876764,40.644297755885304,36000
2016-12-07,40.792232513427734,40.818335695004436,40.40066819314595,40.478981057202304,113100
2016-12-08,40.76612854003906,41.00106714677441,40.67911571650439,40.79223504256063,59900
2016-12-09,40.86183547973633,41.096774033818214,40.80092585304758,40.80092585304758,8100
2016-12-12,41.00975799560547,41.035861170891856,40.76611618873927,40.89663870382207,15600
2016-12-13,41.17509078979492,41.3056133275486,41.114181157330144,41.114181157330144,6700
2016-12-14,40.52247619628906,41.027159695252664,40.52247619628906,41.027159695252664,39300
2016-12-15,40.33974838256836,40.42676117876287,40.322345159464376,40.34844833445765,3500
2016-12-16,40.043907165527344,40.19182960854869,40.03520389280492,40.19182960854869,20700
2016-12-19,40.157020568847656,40.391955788580155,40.157020568847656,40.21793019164134,3600
2016-12-20,40.51377868652344,40.56598503830403,40.461569015417325,40.487672191307624,14800
2016-12-21,40.60432052612305,40.67464787159612,40.54278577553031,40.67464787159612,14100
2016-12-22,40.70103073120117,40.885635036416886,40.62191412133824,40.62191412133824,18000
2016-12-23,40.7713508605957,40.788932698932825,40.57795399228013,40.613117668954374,8400
2016-12-27,40.683433532714844,40.77134270681969,40.533992966824776,40.533992966824776,34300
2016-12-28,40.55158233642578,40.824092443304885,40.516418660250174,40.824092443304885,6500
2016-12-29,40.815303802490234,40.84167488331423,40.6131176915898,40.6131176915898,3700
2016-12-30,40.788936614990234,40.89442430174784,40.744980338230896,40.876842461722724,8800
2017-01-03,41.50977325439453,41.50977325439453,41.122979499587395,41.263630859501006,44300
2017-01-04,41.852603912353516,41.87897499010337,41.667999661319755,41.694370739069605,15500
2017-01-05,41.91413879394531,42.05479013137228,41.87897512124047,41.99325538083501,1800
2017-01-06,41.35153579711914,41.91414117883898,41.35153579711914,41.91414117883898,77700
2017-01-09,41.360321044921875,41.536136048078966,41.15813496497851,41.325157373612,21000
2017-01-10,41.500980377197266,41.50977297341588,41.272423176407095,41.31637609732141,33600
2017-01-11,41.386688232421875,41.5185469466702,41.17570959487621,41.369106399843766,4900
2017-01-12,41.64162063598633,41.69436613905918,41.3603179930485,41.52734374274984,27700
2017-01-13,41.852603912353516,42.01083708563742,41.703159980522095,41.703159980522095,15000
2017-01-17,41.72075271606445,41.84382224890465,41.668010546786235,41.79986932337505,8700
2017-01-18,41.703163146972656,41.703163146972656,41.632839149835995,41.69437390485282,3500
2017-01-19,41.62405014038086,41.852610695899735,41.544933540915544,41.7471230144103,159300
2017-01-20,41.67679214477539,41.72953765777052,41.650421064974154,41.67679214477539,25600
2017-01-23,41.650421142578125,41.72074513997668,41.32516217525777,41.63283930488032,23900
2017-01-24,41.90534973144531,41.966887840562286,41.67679254638263,41.75590913994138,11100
2017-01-25,42.44158172607422,42.459163562946586,42.19544271664605,42.19544271664605,11800
2017-01-26,42.50312042236328,42.53828409937091,42.292145067103114,42.292145067103114,10000
2017-01-27,42.87232971191406,42.8899115493466,42.564652586933505,42.63497993666367,8600
2017-01-30,42.35367965698242,42.5822368498388,42.30093414168043,42.5822368498388,7000
2017-01-31,42.344879150390625,42.41520649098838,41.703157257700866,42.03720541875587,23200
2017-02-01,42.47674560546875,42.52949111634122,42.16027924701894,42.35367610015883,14800
2017-02-02,42.371253967285156,42.520694537333725,42.17785713226493,42.520694537333725,16900
2017-02-03,42.56465148925781,42.634978837174344,42.48553825294049,42.59981516321608,5500
2017-02-06,42.55587387084961,42.57345571263091,42.35368772045478,42.57345571263091,9900
2017-02-07,42.151485443115234,42.450369932258816,42.11632177300607,42.450369932258816,92700
2017-02-08,42.151485443115234,42.26576569427394,42.10753253217486,42.24818385921936,6900
2017-02-09,42.467960357666016,42.53828435871722,42.248192405117656,42.248192405117656,4400
2017-02-10,42.44158172607422,42.467956158079026,42.2833485476154,42.2833485476154,31900
2017-02-13,43.426151275634766,43.461311601496774,42.94265906936057,42.94265906936057,7000
2017-02-14,43.672279357910156,43.672279357910156,43.35581303086278,43.364605625165304,6700
2017-02-15,44.24368667602539,44.24368667602539,43.50526620698458,43.50526620698458,10400
2017-02-16,44.12940979003906,44.2173156381626,43.944805496943744,44.182151957555924,17100
2017-02-17,44.094234466552734,44.217303962787014,44.094234466552734,44.14697997353554,6300
2017-02-21,44.48982238769531,44.85903091791043,44.46345130793499,44.57772822249149,15100
2017-02-22,44.43707275390625,44.56014225256509,44.28763217793261,44.56014225256509,17700
2017-02-23,44.40191650390625,44.45466202074488,44.17335930439133,44.410709100075806,7600
2017-02-24,44.164573669433594,44.19973399680538,44.00634045938449,44.19973399680538,4900
2017-02-27,44.36674880981445,44.375538051131166,44.050282468135514,44.10302462282044,6900
2017-02-28,44.270050048828125,44.36674846953196,44.190933464015195,44.190933464015195,6600
2017-03-01,44.612892150878906,44.83266009250885,44.55135739549393,44.56893923323145,17500
2017-03-02,44.36674880981445,44.551353057996394,44.27883962968567,44.31400330173719,12000
2017-03-03,44.419490814208984,44.428283408888284,44.243679161330945,44.243679161330945,2300
2017-03-06,44.050289154052734,44.13819499413145,43.9448014752797,44.067870992747046,69100
2017-03-07,44.14698791503906,44.19973007811727,43.95359104137131,44.05028947820519,14500
2017-03-08,44.14698791503906,44.27884667612745,44.05028947820519,44.27884667612745,16800
2017-03-09,44.22610092163086,44.22610092163086,44.11182065525352,44.12060989725519,2900
2017-03-10,44.58652114868164,44.58652114868164,44.36675320666865,44.3843350444368,1600
2017-03-13,45.44801712036133,45.56229740434929,45.31615499626806,45.31615499626806,19700
2017-03-14,45.56229782104492,45.56229782104492,45.27220248674387,45.430435695745686,7800
2017-03-15,46.0457763671875,46.05456560865327,45.535913173970414,45.56228760515253,7000
2017-03-16,45.685359954833984,45.878753459672,45.5359160134578,45.878753459672,19100
2017-03-17,45.77327346801758,45.77327346801758,45.68536761956058,45.711738703419044,15200
2017-03-20,45.667781829833984,45.77326950953843,45.57987263558622,45.69415291141188,2300
2017-03-21,45.01725769042969,45.966656667268694,45.01725769042969,45.966656667268694,4000
2017-03-22,45.254608154296875,45.254608154296875,44.76232682291573,44.999676570899915,26500
2017-03-23,45.3161506652832,45.42163834244021,45.10517531096919,45.10517531096919,29500
2017-03-24,45.4392204284668,45.4392204284668,45.30736166965023,45.30736166965023,4700
2017-03-27,45.50075149536133,45.50954409060483,45.043637144475746,45.22824140387868,11400
2017-03-28,45.491966247558594,45.50954808619667,45.43043148902173,45.474384408920514,8400
2017-03-29,45.34252166748047,45.430427499558604,45.25461248200979,45.36010015118206,9300
2017-03-30,45.15791702270508,45.35131389005909,45.105174861348715,45.25461545638208,74200
2017-03-31,45.05243682861328,45.11397159601017,44.9469491349891,45.08760051095245,6400
2017-04-03,45.228240966796875,45.29856496110254,45.06121519270998,45.289775719336525,17100
2017-04-04,45.16670608520508,45.7117296147386,45.06121506395923,45.7117296147386,22700
2017-04-05,45.07880401611328,45.35131750059007,44.98210557473787,45.02606185055799,105300
2017-04-06,45.16670608520508,45.27219375305842,44.946938154364986,45.228240837568904,40700
2017-04-07,45.24582290649414,45.28977582220908,45.149124479885764,45.1930773956007,3300
2017-04-10,45.00847244262695,45.193076697814895,44.95572693254792,44.99967984758422,4400
2017-04-11,44.99968338012695,45.21066208361279,44.850242786593725,45.06121813668684,15200
2017-04-12,45.02605438232422,45.05242546072783,44.92056336192481,45.02605438232422,160300
2017-04-13,44.700801849365234,44.823874724164206,44.68322336350119,44.823874724164206,19700
2017-04-17,44.85903549194336,44.85903549194336,44.60410720368373,44.612896446702486,5400
2017-04-18,44.32280349731445,44.79750312715359,44.32280349731445,44.74476095943357,23000
2017-04-19,44.52498245239258,44.779910693986146,44.52498245239258,44.595306443848344,8300
2017-04-20,44.80629348754883,44.80629348754883,44.60410736346341,44.665642124994065,2300
2017-04-21,44.7447624206543,44.89420303859882,44.481038159869165,44.481038159869165,88000
2017-04-24,45.36009979248047,45.439216382082165,44.9908912766009,45.113960781894086,12500
2017-04-25,45.3513069152832,45.50074748733345,45.19307374876398,45.4128416629971,8800
2017-04-26,45.44801712036133,45.65020325148273,45.404064196794614,45.404064196794614,29800
2017-04-27,45.64140319824219,45.68535946802083,45.40405677907886,45.41284602099905,13100
2017-04-28,45.491966247558594,45.65898868453111,45.48317700493597,45.65898868453111,3200
2017-05-01,45.52713394165039,45.641410872791205,45.35131889315042,45.615039789203806,35700
2017-05-02,45.65898895263672,45.764479985084634,45.47438467594214,45.55350127358165,13900
2017-05-03,45.386474609375,45.77326496548871,45.386474609375,45.56228962702397,10600
2017-05-04,45.896339416503906,45.90513201269953,45.650200377312885,45.6941532981123,18500
2017-05-05,46.054569244384766,46.09852216196823,45.852383140786664,45.9490815715059,19600
2017-05-08,46.30949783325195,46.42377809421109,46.23038124541754,46.30949783325195,5900
2017-05-09,46.28313446044922,46.511691667025886,46.274341864008,46.4677387449988,19400
2017-05-10,46.60839080810547,46.643554487612896,46.089738272246585,46.43257576396138,12400
2017-05-11,46.57322311401367,46.62596862872818,46.04578138043962,46.309502247226646,43100
2017-05-12,46.66992950439453,46.74904611325852,46.51169628666654,46.66992950439453,28500
2017-05-15,46.96000671386719,47.01275222096504,46.84572981191025,46.880893483308824,17700
2017-05-16,46.89847183227539,47.12703234232397,46.81056600742118,47.12703234232397,4200
2017-05-17,45.685359954833984,46.55563911008654,45.685359954833984,46.55563911008654,17300
2017-05-18,45.88754653930664,45.931499456624884,45.702942274534436,45.91391761901906,8500
2017-05-19,46.08094024658203,46.247966027867406,46.010616249245544,46.07215100443722,11300
2017-05-22,46.186424255371094,46.59079640044766,46.186424255371094,46.59079640044766,8000
2017-05-23,45.9578742980957,46.230387773202885,45.82601553534803,46.230387773202885,4600
2017-05-24,46.204010009765625,46.204010009765625,45.81721631349706,45.81721631349706,9100
2017-05-25,46.23038101196289,46.406196023306244,46.09851891510727,46.30949759939778,33100
2017-05-26,46.177642822265625,46.300712343696276,46.054573300834974,46.204017257852875,17900
2017-05-30,46.08094024658203,46.33587186288618,46.07215100443722,46.33587186288618,7900
2017-05-31,46.28313446044922,46.28313446044922,45.97545729947358,46.24797078147034,22400
2017-06-01,46.52927017211914,46.64355044391438,46.42378249613501,46.42378249613501,12000
2017-06-02,46.836936950683594,46.91605353418376,46.74903112607997,46.8017766328775,27800
2017-06-05,46.88090515136719,46.99518208176619,46.69629750727436,46.83694887448269,14700
2017-06-06,46.79299545288086,46.92485757534448,46.60839116414625,46.92485757534448,4800
2017-06-07,46.863319396972656,47.030341833646425,46.83694496236629,46.96001447921989,4100
2017-06-08,47.179786682128906,47.179786682128906,46.78420701471688,46.83694918189548,14100
2017-06-09,47.109458923339844,47.2940632005508,47.100669680641026,47.258899522969806,4700
2017-06-12,46.81057357788086,46.85452649741627,46.705085900317314,46.85452649741627,5500
2017-06-13,47.2764778137207,47.41712916009614,47.12703722530607,47.153408304816274,5800
2017-06-14,47.425926208496094,47.425926208496094,47.399551773116904,47.425926208496094,1100
2017-06-15,46.986385345458984,47.320433546830174,46.907268754434035,47.267688035016015,7800
2017-06-16,47.16220474243164,47.16220474243164,46.90727310842235,47.10066998296635,2400
2017-06-19,47.865455627441406,47.92699037931644,47.548989273002654,47.548989273002654,4500
2017-06-20,47.55496597290039,47.793802709926034,47.37805287086758,47.793802709926034,27800
2017-06-21,47.36035919189453,47.599195920377944,47.36035919189453,47.554964272050604,12300
2017-06-22,47.79380798339844,47.90880421192911,47.34267412439577,47.34267412439577,10300
2017-06-23,48.10340881347656,48.147637090296065,47.88226405497783,47.88226405497783,6600
2017-06-26,47.997249603271484,48.165321753796924,47.997249603271484,48.165321753796924,4400
2017-06-27,47.66996383666992,48.03264110741656,47.66996383666992,47.99725713602634,17800
2017-06-28,48.0414924621582,48.25378955793563,47.970724513964726,47.970724513964726,4700
2017-06-29,47.79380798339844,48.22725322976699,47.723043409657514,48.22725322976699,6900
2017-06-30,48.068023681640625,48.18301989811568,47.87341521905224,47.87341521905224,10100
2017-07-03,48.068023681640625,48.34224439034234,48.04148739106989,48.34224439034234,42400
2017-07-05,48.1387939453125,48.1387939453125,47.7672723357472,47.961880821368,12800
2017-07-06,47.56381607055664,47.91764566701037,47.56381607055664,47.91764566701037,8400
2017-07-07,47.510738372802734,47.55496664893968,47.386897849858805,47.55496664893968,12400
2017-07-10,47.66996383666992,47.69650012801197,47.50189503416825,47.50189503416825,3400
2017-07-11,47.43997573852539,47.5195879885757,47.43112805829685,47.45766772458116,13600
2017-07-12,48.271484375,48.31571265801315,47.882270760321916,47.882270760321916,3800
2017-07-13,48.85529708862305,48.90837304267255,48.545695792670216,48.65184432636818,6500
2017-07-14,48.33339309692383,48.76683826544583,48.21839688904642,48.660686362297035,9300
2017-07-17,48.03262710571289,48.22723551722872,47.9264785968862,48.22723551722872,7200
2017-07-18,48.21839904785156,48.25378301715202,47.88226146270038,48.032638270625746,13200
2017-07-19,48.253787994384766,48.253787994384766,48.04149090548632,48.04149090548632,3400
2017-07-20,47.92649459838867,48.076871421567006,47.70534982943132,48.076871421567006,54600
2017-07-21,47.767269134521484,47.9088016488329,47.59035264803188,47.72304085649941,4600
2017-07-24,47.69649887084961,47.82034276745115,47.360361274706015,47.63457860974941,10700
2017-07-25,47.723045349121094,47.90880615894201,47.56382083373128,47.88226986451092,32100
2017-07-26,47.97956848144531,48.1034090067981,47.74073173637868,47.74073173637868,10100
2017-07-27,47.66996383666992,48.129945341539035,47.475355368424964,47.908800581952036,11700
2017-07-28,47.64342498779297,47.64342498779297,47.36035998066885,47.58150472838464,9400
2017-07-31,47.298439025878906,47.46650781688758,47.09498626589967,47.46650781688758,8500
2017-08-01,47.298439025878906,47.333819620448466,47.11267487598395,47.31613101036419,18200
2017-08-02,46.85615158081055,47.23652082783326,46.61731484144271,47.23652082783326,9900
2017-08-03,44.582786560058594,45.316985434825185,44.361641792150365,45.1931449047008,26900
2017-08-04,43.24707794189453,44.11396518090499,43.24707794189453,44.11396518090499,19400
2017-08-07,42.71633529663086,43.28246550991631,42.68979562298156,43.185161246807446,32300
2017-08-08,42.82247543334961,43.22053671566117,42.81363112681005,42.89324338327236,14200
2017-08-09,42.37134552001953,42.69863888297397,42.28288557435489,42.63671860820967,15900
2017-08-10,41.28329849243164,41.937888408344115,41.28329849243164,41.937888408344115,31700
2017-08-11,41.566368103027344,41.566368103027344,41.30099170728418,41.3717596459893,10500
2017-08-14,42.40671920776367,42.51287112524891,42.309418345004225,42.309418345004225,20800
2017-08-15,42.56595230102539,42.63672026029922,42.309426884662805,42.49518771615358,19800
2017-08-16,42.40671920776367,42.45095086058319,42.25634238626161,42.42441119401121,4900
2017-08-17,41.973270416259766,42.389020213942224,41.973270416259766,42.30056367172914,8800
2017-08-18,42.16787338256836,42.18556536500945,41.86711980427163,41.884808412312104,9800
2017-08-21,42.38017654418945,42.38017654418945,42.185568099125156,42.362484560601715,9000
2017-08-22,42.698631286621094,42.78708784214687,42.45979453741995,42.45979453741995,7300
2017-08-23,42.32711410522461,42.397882062166346,42.2298132260326,42.38903438034767,8400
2017-08-24,42.486331939697266,42.55709988548864,42.33595511649267,42.33595511649267,7000
2017-08-25,42.59248733520508,42.645559924479535,42.45979911321562,42.57479534731304,5500
2017-08-28,42.34479522705078,42.530559379147185,42.291722647366996,42.530559379147185,4200
2017-08-29,42.31825637817383,42.33594836179892,41.973271133486676,42.017499405348985,10100
2017-08-30,42.362491607666016,42.4155675672585,42.176730810694416,42.20326710328996,6700
2017-08-31,42.76055145263672,42.8224717162435,42.327106232987994,42.415566162712885,32100
2017-09-01,42.70747375488281,43.05245903075182,42.56594124749037,42.82246997163953,34600
2017-09-05,42.24749755859375,42.70747910888483,42.141349008342445,42.52171830234466,20100
2017-09-06,42.66324234008789,42.689778628771215,42.47748157050282,42.47748157050282,12500
2017-09-07,42.86669921875,42.95515914687527,42.7605506794009,42.84016292751303,7600
2017-09-08,43.070152282714844,43.07899996278774,42.795934939677615,42.795934939677615,10500
2017-09-11,44.113956451416016,44.27318095099164,43.54782639710328,43.54782639710328,46700
2017-09-12,44.09626770019531,44.644709183144016,43.830894639569365,44.644709183144016,25400
2017-09-13,44.060882568359375,44.22010706323906,44.01665091746964,44.01665091746964,21500
2017-09-14,43.95472717285156,44.140491318426726,43.91049889986735,44.09625967104159,11700
2017-09-15,43.88397216796875,43.99896840229221,43.71589996986484,43.9812764143654,8300
2017-09-18,43.97241973876953,44.405864918312375,43.96357543381603,44.37932525464993,4900
2017-09-19,44.33509826660156,44.4058662058854,44.2643337017188,44.2643337017188,6900
2017-09-20,44.113956451416016,44.352793200779445,44.113956451416016,44.343948894981374,2400
2017-09-21,44.14048767089844,44.24663619216919,44.060875436345206,44.13163999239216,5500
2017-09-22,44.38816833496094,44.42355229991076,44.33509238753621,44.39701263899808,2000
2017-09-25,43.90166091918945,44.15818628921144,43.86627694594455,44.15818628921144,10100
2017-09-26,43.857425689697266,44.06972274672088,43.76012146589441,43.91934594586256,20400
2017-09-27,43.990108489990234,44.06087642202097,43.74242747668411,43.768963763995266,9500
2017-09-28,43.990108489990234,44.05202874331676,43.9281882366637,44.0254924560056,10500
2017-09-29,44.21126174926758,44.37048625266817,44.0166532730221,44.0166532730221,9900
2017-10-02,44.68008041381836,44.72431205998183,44.317403186323446,44.317403186323446,9100
2017-10-03,44.998531341552734,45.0073790209335,44.80392626238868,44.80392626238868,9700
2017-10-04,44.122806549072266,44.58278808700375,44.03434661423844,44.58278808700375,54200
2017-10-05,43.97241973876953,44.140491902494766,43.97241973876953,44.140491902494766,3300
2017-10-06,44.105106353759766,44.14933462574467,43.83973334744947,43.87511394039688,13700
2017-10-09,43.98127365112305,44.27318299757134,43.98127365112305,44.16703445108118,5100
2017-10-10,44.202415466308594,44.308564005694386,44.09626355252158,44.22895175755473,9400
2017-10-11,44.2554931640625,44.29087713941469,44.22895686974917,44.28203283277745,2000
2017-10-12,44.03435516357422,44.175887712385624,44.03435516357422,44.05204715397591,3800
2017-10-13,44.09626770019531,44.09626770019531,43.768974371236695,43.990119150825244,4800
2017-10-16,44.08741760253906,44.26433407785092,44.08741760253906,44.22010580262323,6000
2017-10-17,43.99896240234375,44.01665101345678,43.73358599403143,43.919350154730296,4800
2017-10-18,44.167030334472656,44.22010628997149,43.972421872044734,44.0785737830424,14700
2017-10-19,44.18472671508789,44.18472671508789,43.93704227252175,43.96358194011187,6800
2017-10-20,44.35280227661133,44.379338573836904,44.26434570292474,44.29088200015032,9200
2017-10-23,43.990108489990234,44.22894519899288,43.990108489990234,44.211253215985195,2700
2017-10-24,43.97241973876953,44.28202440255755,43.892807496584155,43.94588344950807,10000
2017-10-25,43.47705841064453,43.76896772065776,43.3532145183954,43.76896772065776,8200
2017-10-26,43.30014419555664,43.547825244160705,43.30014419555664,43.547825244160705,3100
2017-10-27,43.28245162963867,43.28245162963867,43.070151180538275,43.21168368847149,1800
2017-10-30,43.31783676147461,43.49474987033289,43.087844320916844,43.273605109858785,9500
2017-10-31,43.751285552978516,43.85743748443903,43.60975301876628,43.60975301876628,5800
2017-11-01,43.087852478027344,43.4947581044761,42.97285961038002,43.31784496212578,7200
2017-11-02,42.601322174072266,42.84015889593233,42.39786942013241,42.57478588533256,23100
2017-11-03,42.627864837646484,42.67209649136188,42.41556774717881,42.41556774717881,15800
2017-11-06,42.89323043823242,42.93745870638541,42.67208572306694,42.67208572306694,4700
2017-11-07,42.22980499267578,42.75170676296151,42.22980499267578,42.75170676296151,6600
2017-11-08,42.58363723754883,42.5924849181936,42.300572196142724,42.300572196142724,11800
2017-11-09,41.8405876159668,41.955583835171446,41.77866735356458,41.82289563036599,13400
2017-11-10,41.566368103027344,41.707900606036546,41.43367990515576,41.707900606036546,6400
2017-11-13,41.734439849853516,41.787515807639124,41.50444740718383,41.52213939311237,8000
2017-11-14,41.893672943115234,41.893672943115234,41.67252813524355,41.67252813524355,5300
2017-11-15,42.02634811401367,42.02634811401367,41.57521429470131,41.61944257119842,6200
2017-11-16,42.300567626953125,42.38017987214919,42.02634692141088,42.07057857105399,3500
2017-11-17,42.725162506103516,42.725162506103516,42.22095277578311,42.22095277578311,2900
2017-11-20,42.450950622558594,42.610171749090995,42.38018267796524,42.56594347092081,16400
2017-11-21,42.725162506103516,42.8136224255287,42.59247768856709,42.59247768856709,6000
2017-11-22,42.78709030151367,42.86670255582343,42.69863374090349,42.80478228851601,3000
2017-11-24,43.24707794189453,43.34438219693482,43.17631335830284,43.17631335830284,2900
2017-11-27,43.43282699584961,43.556670888765744,43.32667846203683,43.344370446739134,5300
2017-11-28,43.83974075317383,43.96358128541194,43.67166856707802,43.82204876651104,8500
2017-11-29,43.58320999145508,44.00780752851055,43.441677479103255,43.96357925110084,8900
2017-11-30,44.08741760253906,44.10510958751036,43.73358465191536,43.857428546714424,15500
2017-12-01,44.14048767089844,44.25548049627482,44.025491471121406,44.069719740450836,11200
2017-12-04,43.8928108215332,44.24664378569406,43.8928108215332,44.2289518000459,8100
2017-12-05,44.08741760253906,44.27317838313601,43.9547294024549,43.9547294024549,352700
2017-12-06,43.4947509765625,43.77781938161796,43.25591759864918,43.77781938161796,13800
2017-12-07,43.795501708984375,43.848577660016375,43.21167974523579,43.29129198458337,8100
2017-12-08,44.21126174926758,44.3793305586787,43.77781989232259,43.77781989232259,7500
2017-12-11,44.04318618774414,44.18471868302442,43.892806013408354,43.892806013408354,15900
2017-12-12,43.83974075317383,44.12280579097564,43.65397658041523,43.91050532542357,4600
2017-12-13,43.875118255615234,43.883965935522916,43.65397349953975,43.866273950108734,6600
2017-12-14,44.02550506591797,44.59163518671358,44.02550506591797,44.59163518671358,17600
2017-12-15,44.96315002441406,44.98083863408927,44.29971580636318,44.29971580636318,34300
2017-12-18,45.09584426879883,45.37006501769199,45.09584426879883,45.14007255103279,66300
2017-12-19,44.842037200927734,45.19180454370682,44.797195847961994,45.19180454370682,10500
2017-12-20,44.842037200927734,45.28149067081424,44.80616275008477,45.28149067081424,6400
2017-12-21,45.59537887573242,45.59537887573242,45.155925451019925,45.155925451019925,9600
2017-12-22,45.61332321166992,45.62229011426912,45.43395436910091,45.55951153254638,5100
2017-12-26,45.747840881347656,45.855464224547056,45.58641270889982,45.78371532908079,33300
2017-12-27,45.84649658203125,46.0796770847518,45.81062555337687,45.84649658203125,26300
2017-12-28,46.196266174316406,46.294919205586524,46.11555036883867,46.15142482042344,4400
2017-12-29,45.99896240234375,46.32182561631903,45.99896240234375,46.25904703817672,14800
2018-01-02,47.00342559814453,47.111045534857446,46.79715262728807,46.79715262728807,20900
2018-01-03,47.084136962890625,47.15588586137941,46.81508543590927,47.15588586137941,8700
2018-01-04,47.29938507080078,47.424942234811304,47.12898313006411,47.26351061789031,12200
2018-01-05,47.29938507080078,47.43390913745086,47.182794809429815,47.371130555445596,9400
2018-01-08,47.200721740722656,47.24556308649213,46.93167024493041,47.00341571392649,5200
2018-01-09,47.25453567504883,47.25453567504883,46.985484146871734,47.24556877328577,12200
2018-01-10,47.407005310058594,47.407005310058594,47.012393167884305,47.012393167884305,9800
2018-01-11,48.250022888183594,48.250022888183594,47.58636276977431,47.58636276977431,6100
2018-01-12,48.84194564819336,49.02131447957975,48.31280947725024,48.31280947725024,28100
2018-01-16,47.87335205078125,48.501141153244056,47.7836659383292,48.456296386430346,18000
2018-01-17,48.196224212646484,48.196224212646484,47.73883350667371,47.81954931236443,30700
2018-01-18,48.0527229309082,48.196217295856606,47.99891126111173,48.15137252710512,25800
2018-01-19,48.223121643066406,48.34867878532968,47.980974259626294,48.23208854415284,16400
2018-01-22,48.29487228393555,48.29487228393555,47.79264366113256,47.96304216941559,18900
2018-01-23,48.36662292480469,48.40249737663132,48.14241273265231,48.14241273265231,59400
2018-01-24,48.09756851196289,48.196221538018634,47.87335833317288,48.187251215008565,7400
2018-01-25,48.528053283691406,48.78813792095415,48.34868445036621,48.34868445036621,10200
2018-01-26,48.967498779296875,48.967498779296875,48.56392321831622,48.56392321831622,14200
2018-01-29,48.662567138671875,48.80606149100729,48.474231442702,48.474231442702,7000
2018-01-30,48.08860397338867,48.23209836822776,47.94510957854958,48.1244784273925,5500
2018-01-31,48.178279876708984,48.644637416189084,48.11550130612277,48.2410584472952,6300
2018-02-01,48.20519256591797,48.46527721665821,47.8285210754744,47.8285210754744,6100
2018-02-02,47.155887603759766,47.900263636618284,47.155887603759766,47.78367338285397,5700
2018-02-05,45.882362365722656,46.976508930653814,45.73886801468047,46.76126569350294,93000
2018-02-06,46.40253448486328,46.40253448486328,45.20973483607372,45.20973483607372,11800
2018-02-07,46.18729019165039,46.55499469516409,46.133478524852535,46.133478524852535,24600
2018-02-08,44.61782455444336,45.676096847720196,44.61782455444336,45.263550949304005,9700
2018-02-09,44.65369415283203,44.806155412182164,43.685104665753414,44.465358448514095,23900
2018-02-12,45.23664474487305,45.35323499655614,44.72544580749251,44.72544580749251,23000
2018-02-13,44.815128326416016,44.97655991693406,44.67163395941948,44.680600860592456,15200
2018-02-14,45.720943450927734,45.720943450927734,44.572988324780596,44.59989245393213,12400
2018-02-15,46.29491424560547,46.45634583926535,45.9182428078495,46.196261224904916,28900
2018-02-16,46.48325729370117,46.5729399994186,46.241109882853,46.31285536319176,8900
2018-02-20,46.18729019165039,46.734363496648285,46.08863717977532,46.59983604024131,8700
2018-02-21,46.384605407714844,47.012391205558586,46.384605407714844,46.590878372888646,8200
2018-02-22,46.40253448486328,46.78817279817056,46.25006980274958,46.62674463648459,10000
2018-02-23,46.87785720825195,46.87785720825195,46.25006812228746,46.48324858735941,10800
2018-02-26,47.31731414794922,47.31731414794922,46.76127386810313,47.00342126928831,5600
2018-02-27,46.60880661010742,47.173813719204034,46.50118327593872,47.173813719204034,4200
2018-02-28,45.96309280395508,46.725406145403824,45.96309280395508,46.725406145403824,22900
2018-03-01,45.81959915161133,46.106587949843714,45.75682056582151,46.07071349477058,5000
2018-03-02,46.15142059326172,46.42047211315218,45.66712580475348,45.85546494773492,575900
2018-03-05,46.465309143066406,46.50118016421357,46.0258557775562,46.03482609872433,7200
2018-03-06,46.40253448486328,46.45634273170013,46.241102902001906,46.30388147076184,5200
2018-03-07,46.429439544677734,46.501185015632316,46.13348049640447,46.18729216550201,6500
2018-03-08,46.465309143066406,46.51015048538171,46.41149747958298,46.50118016421357,4600
2018-03-09,46.97651672363281,47.09310355113735,46.743336226272234,46.76127345077503,9900
2018-03-12,47.23659896850586,47.308347868100554,47.06620046373221,47.06620046373221,15000
2018-03-13,47.227622985839844,47.559453029722306,47.11103275700405,47.36215043612539,47000
2018-03-14,47.02135467529297,47.54152046357004,46.95857610465911,47.54152046357004,16500
2018-03-15,46.85095977783203,47.263505679670146,46.67159095319674,46.94064247956179,4300
2018-03-16,46.77024841308594,47.084141320082715,46.599846473993885,46.77024841308594,16500
2018-03-19,46.09761047363281,46.85095675149805,45.97204990967564,46.66261761615008,20800
2018-03-20,46.196266174316406,46.232140625901174,46.12452069232287,46.21420340010879,3000
2018-03-21,46.43840789794922,46.483252667520745,46.08864059081505,46.08864059081505,1300
2018-03-22,45.29045104980469,45.8823657187571,45.2635469261354,45.69403001072121,6200
2018-03-23,44.9406852722168,45.882367265312965,44.75234955783268,45.69403155092884,5900
2018-03-26,44.716468811035156,44.92274171980098,44.223207209971214,44.68059436920412,24600
2018-03-27,44.39362335205078,45.138002921128646,44.339811667879324,45.04831678084289,13800
2018-03-28,44.13352584838867,44.34876910133182,43.945190140298074,44.34876910133182,6200
2018-03-29,44.42051696777344,44.510203086827595,44.097653781529736,44.16940267677306,3600
2018-04-02,43.6940803527832,44.043847681228876,43.4070916001521,44.043847681228876,8500
2018-04-03,43.963134765625,44.07972502314957,43.68511289650518,44.07972502314957,3400
2018-04-04,43.819637298583984,43.819637298583984,42.66271197056274,42.8420807954086,7700
2018-04-05,43.85551452636719,43.89138555666844,43.52368098196665,43.66717536669964,10300
2018-04-06,43.08422088623047,43.622323848299295,42.851040427138834,43.595419726548414,3500
2018-04-09,43.85551452636719,44.124566070094545,43.72995394619682,43.77479872113138,5800
2018-04-10,44.92274856567383,44.98552713785756,44.66266395452661,44.66266395452661,13000
2018-04-11,44.69853973388672,44.886875456050504,44.46536266185189,44.46536266185189,25100
2018-04-12,45.24561309814453,45.29942134952042,45.20973864977681,45.29045444801634,5800
2018-04-13,45.02140808105469,45.45189124721622,45.01243775734811,45.45189124721622,7200
2018-04-16,45.649192810058594,45.649192810058594,45.46982398656377,45.586414235011766,16700
2018-04-17,45.729915618896484,45.81063143078221,45.65816671003083,45.65816671003083,5100
2018-04-18,45.90927505493164,45.91824537795684,45.738876550386834,45.8734040263583,4300
2018-04-19,45.35322952270508,45.74783816077573,45.218702062293836,45.74783816077573,3100
2018-04-20,45.20973587036133,45.37116745691586,45.11108285400295,45.37116745691586,6700
2018-04-23,45.19180679321289,45.30839705366806,45.084186856502946,45.30839705366806,8300
2018-04-24,44.546077728271484,45.39807711196135,44.546077728271484,45.15592970262786,4300
2018-04-25,44.05282211303711,44.16941238283998,43.83758222236021,44.16941238283998,50700
2018-04-26,44.312896728515625,44.51020276784514,44.01694109069695,44.0707493405682,4600
2018-04-27,44.36670684814453,44.5460722363441,44.25908350981421,44.34876962508948,1600
2018-04-30,43.93622970581055,44.268059824308764,43.882418029361126,44.070753765170174,4300
2018-05-01,44.36670684814453,44.447422641304534,43.891378990124316,43.92725343623442,6400
2018-05-02,44.14250946044922,44.48330653354827,44.124572232205615,44.40259071704029,60500
2018-05-03,44.09765625,44.546076606845276,44.03487767373573,44.411552552497184,3900
2018-05-04,44.35774612426758,44.37568335120393,43.93623326538002,43.93623326538002,2700
2018-05-07,44.581947326660156,44.77028303969643,44.384644712554525,44.384644712554525,2400
2018-05-08,44.65369415283203,44.70750239910837,44.43845090420055,44.52813701662007,6400
2018-05-09,45.039337158203125,45.20076874395246,44.77925255658749,44.79718977957913,4200
2018-05-10,45.29045104980469,45.29045104980469,45.057273995261504,45.057273995261504,3700
2018-05-11,45.13799285888672,45.55053874870645,45.04830673859395,45.281487230179486,5500
2018-05-14,45.46085739135742,45.73887926162991,45.46085739135742,45.4967318432331,3500
2018-05-15,45.22767639160156,45.44291624191999,45.16489781682738,45.44291624191999,4700
2018-05-16,45.86442565917969,45.94514144637068,45.649185840787204,45.88236288090827,7900
2018-05-17,45.989986419677734,46.14245110581569,45.882366501988024,46.05276499009469,5200
2018-05-18,45.989986419677734,46.09760975854294,45.989986419677734,46.034831188125985,4100
2018-05-21,46.510169982910156,46.635727162497865,46.42945416443569,46.590885801384616,7900
2018-05-22,46.41150665283203,46.635716829898854,46.41150665283203,46.635716829898854,5100
2018-05-23,46.41150665283203,46.492222453423125,46.196263377530535,46.196263377530535,18000
2018-05-24,46.7523078918457,46.7523078918457,46.402540556935215,46.46531913391013,3000
2018-05-25,47.084136962890625,47.084136962890625,46.76127376204268,46.76127376204268,12200
2018-05-29,46.052772521972656,46.6805617499919,45.92721536060402,46.6805617499919,10300
2018-05-30,46.59984588623047,46.72540304744553,46.5819086601746,46.5819086601746,5800
2018-05-31,46.590877532958984,46.79715049441415,46.52809895430637,46.79715049441415,38400
2018-06-01,47.200721740722656,47.263500309035,46.89579579984467,46.89579579984467,107000
2018-06-04,47.407005310058594,47.46081356859061,47.16485788313605,47.442879763197375,24800
2018-06-05,47.28144073486328,47.42493510375249,47.26350351110518,47.299377958621385,4500
2018-06-06,47.63121795654297,47.76574203095774,47.37113328969423,47.46978633030418,19400
2018-06-07,47.362159729003906,47.70295673989107,47.281443927230455,47.70295673989107,2600
2018-06-08,48.169315338134766,48.169315338134766,47.70295774265988,47.70295774265988,15400
2018-06-11,48.034786224365234,48.22312193891558,48.034786224365234,48.08859447356501,2600
2018-06-12,48.27693176269531,48.34867723260927,48.08859263417338,48.08859263417338,20100
2018-06-13,48.06169509887695,48.21415638157808,47.98994619795226,48.20518947955044,12900
2018-06-14,47.73883056640625,48.17828401947307,47.69398921515677,48.11550544348864,25100
2018-06-15,47.577396392822266,47.72089076176844,47.1110388384533,47.55945916905704,20600
2018-06-18,47.56843566894531,47.64018115214773,47.28144689378351,47.35319237698593,16300
2018-06-19,47.363529205322266,47.363529205322266,47.07467243881011,47.29131329197209,1900
2018-06-20,47.733619689941406,47.733619689941406,47.56210864427097,47.598216595300926,6200
2018-06-21,47.11077117919922,47.56211025199898,47.11077117919922,47.56211025199898,9600
2018-06-22,47.25519943237305,47.354494579103864,47.146879019322995,47.354494579103864,21300
2018-06-25,46.722618103027344,47.20103984946894,46.59624371683499,47.20103984946894,9800
2018-06-26,46.74970245361328,46.785810406224165,46.614299353044416,46.74970245361328,2900
2018-06-27,46.46084213256836,47.01147631531857,46.46084213256836,46.75872411000021,21300
2018-06-28,47.11077117919922,47.11077117919922,46.334470866476465,46.44279127978413,4100
2018-06-29,46.849002838134766,47.27325927668044,46.849002838134766,47.21007207427057,12800
2018-07-02,46.85802459716797,47.0927194109117,46.524034631802046,46.524034631802046,71800
2018-07-03,47.0205078125,47.354497784017404,46.93926663635317,47.17396145441953,21100
2018-07-05,47.146881103515625,47.291309475114964,46.98439875503587,47.291309475114964,7200
2018-07-06,47.616268157958984,47.73361727113806,47.26422426186533,47.26422426186533,15100
2018-07-09,47.8961067199707,48.03150638443667,47.45379288511611,47.76972887898077,42500
2018-07-10,47.778751373291016,47.99539218562904,47.67945623286791,47.71556418273879,15700
2018-07-11,47.553077697753906,47.652372829503065,47.507944486079744,47.652372829503065,16000
2018-07-12,47.986366271972656,48.058582170739356,47.83291265225878,47.86901715819855,14000
2018-07-13,47.8780517578125,47.98637217584588,47.823889827073806,47.98637217584588,1200
2018-07-16,47.86000442504883,47.93221689928129,47.76973452795265,47.76973452795265,2700
2018-07-17,47.93220520019531,48.07663355685327,47.83291350279093,47.96831315022071,12100
2018-07-18,48.04052734375,48.11273979779199,47.80582912036563,47.80582912036563,29700
2018-07-19,47.742645263671875,47.81486116619722,47.58016292643362,47.73361999757809,10100
2018-07-20,47.8780517578125,47.92318497837274,47.796810583426456,47.796810583426456,2500
2018-07-23,47.79681396484375,47.79681396484375,47.63433160457675,47.71557278471025,2000
2018-07-24,47.8780517578125,48.12177528097062,47.77875660651356,47.968318198932984,28900
2018-07-25,48.7446174621582,48.8529378701321,48.07663415219118,48.07663415219118,24400
2018-07-26,48.9071044921875,49.277202411460664,48.74462214290231,49.141799305908336,6200
2018-07-27,48.20301055908203,48.825857190891334,48.166902609673016,48.825857190891334,2800
2018-07-30,48.338409423828125,48.410625321480296,48.21203504638036,48.29327620951729,1500
2018-07-31,48.347442626953125,48.464788306380626,48.13982706706926,48.33841391718556,41400
2018-08-01,48.29328155517578,48.39257670371689,47.9773455765849,48.112745234505034,43000
2018-08-02,47.742645263671875,47.87804835918501,47.4357345648267,47.859994383553676,134100
2018-08-03,48.04052734375,48.12176850669943,47.65237550337421,47.74264193178757,9500
2018-08-06,48.130794525146484,48.69045396564068,48.130794525146484,48.166902474454126,6500
2018-08-07,48.77170181274414,48.93418416344891,48.55506097410047,48.55506097410047,20200
2018-08-08,48.58213806152344,48.7085124523632,48.58213806152344,48.7085124523632,3300
2018-08-09,48.58213806152344,48.744620405015674,48.58213806152344,48.735595138574496,4400
2018-08-10,48.31133270263672,48.31133270263672,48.13982510193657,48.15787563384715,4600
2018-08-13,47.94124221801758,48.464793810346904,47.94124221801758,48.311340161309694,4100
2018-08-14,48.32938766479492,48.32938766479492,48.22106381045742,48.30230497948866,2400
2018-08-15,48.32035827636719,48.3925741782443,47.914155880361456,48.29327903488513,4000
2018-08-16,49.223045349121094,49.250128038976676,48.437716212196385,48.437716212196385,12700
2018-08-17,49.466758728027344,49.53897462820397,49.02444839149829,49.20498125505255,9800
2018-08-20,50.387489318847656,50.387489318847656,49.66534755545005,49.818801173665484,5400
2018-08-21,50.15279769897461,50.559000099127815,50.071556530255215,50.540949566917966,45500
2018-08-22,50.20695114135742,50.36040819728311,50.12570998079522,50.1979258761587,6600
2018-08-23,50.17084884643555,50.35138170590733,50.15279487179965,50.27916925080733,1900
2018-08-24,50.12571334838867,50.369436846449354,50.09863410752981,50.369436846449354,3300
2018-08-27,50.658294677734375,50.77564379645042,50.61316146082628,50.61316146082628,9700
2018-08-28,50.7846794128418,50.820787371104906,50.60414650841513,50.703438228472024,2400
2018-08-29,51.13671875,51.1457440164156,50.71245891614504,50.71245891614504,10300
2018-08-30,50.91104507446289,51.16379383488689,50.91104507446289,51.16379383488689,5400
2018-08-31,51.09158706665039,51.21796491289201,50.793705037691396,50.9200794404888,87500
2018-09-04,50.9471549987793,50.9471549987793,50.45971140090043,50.79370136175765,55200
2018-09-05,50.2972297668457,50.703432196929406,50.28820105663174,50.703432196929406,102900
2018-09-06,50.351383209228516,50.74856377618947,50.1347423940168,50.54997349270899,66800
2018-09-07,49.98128128051758,50.12570962678109,49.92712280282088,49.92712280282088,10000
2018-09-10,50.13474655151367,50.2340417014881,50.0444766681533,50.07155935488339,13300
2018-09-11,50.667327880859375,50.667327880859375,50.215988784861736,50.215988784861736,2900
2018-09-12,50.703426361083984,50.883962666699674,50.48678554910006,50.58608068936087,10700
2018-09-13,51.19989776611328,51.19989776611328,50.9922822372819,50.9922822372819,2700
2018-09-14,51.23601531982422,51.23601531982422,51.046453716100416,51.046453716100416,800
2018-09-17,51.75054168701172,52.35533441446361,51.74151297688749,51.96718252177742,14200
2018-09-18,52.14772033691406,52.34631064399557,51.80470165471257,51.80470165471257,7200
2018-09-19,52.084529876708984,52.29214543772873,52.084529876708984,52.29214543772873,4300
2018-09-20,52.60807418823242,52.60807418823242,52.355325443167295,52.40948736429985,6000
2018-09-21,52.36435317993164,52.70737180974172,52.36435317993164,52.590022696803935,4900
2018-09-24,52.07550048828125,52.310198732249575,51.91301814813204,52.310198732249575,4000
2018-09-25,51.93107223510742,52.32825282007407,51.93107223510742,52.24701164982578,23300
2018-09-26,51.29016876220703,51.89496487267184,51.29016876220703,51.89496487267184,9500
2018-09-27,50.7666130065918,51.19989803996303,50.7666130065918,51.01936174853085,7100
2018-09-28,50.55900955200195,50.911056977903144,50.5499842842096,50.55900955200195,100000
2018-10-01,50.73953628540039,51.07352966899187,50.60413663350233,51.07352966899187,38400
2018-10-02,50.6041374206543,50.72148309876919,50.369439177536904,50.72148309876919,51100
2018-10-03,50.67634582519531,51.217954728199224,50.62218734530539,50.947148554975506,26600
2018-10-04,50.16182327270508,50.58608309455751,49.99031566810957,50.42360075612227,37400
2018-10-05,50.13474655151367,50.39652404809282,49.6653534883716,50.39652404809282,3400
2018-10-08,49.52092361450195,49.728539174759646,48.98834337090391,49.728539174759646,16400
2018-10-09,49.52994918823242,49.5570318743081,49.250121165186805,49.32233362668624,19700
2018-10-10,48.302310943603516,49.32233831551135,48.302310943603516,49.32233831551135,8700
2018-10-11,47.652381896972656,48.184962160333114,47.55308674632925,48.04955905610229,23400
2018-10-12,48.50089645385742,48.56408364870938,48.112744574941736,48.266201650613546,19000
2018-10-15,48.53700256347656,48.76267209179283,48.428682154049,48.66337694838268,4200
2018-10-16,49.34038543701172,49.37649338789833,48.88002111526047,48.88002111526047,10200
2018-10-17,48.91612243652344,49.21400784676945,48.75364011156079,49.21400784676945,8400
2018-10-18,48.56407928466797,49.03347229241922,48.38354298269541,48.85293599044665,5900
2018-10-19,48.69046401977539,48.94321627367635,48.61825154969246,48.7626799333026,4500
2018-10-22,48.979305267333984,49.15081628589372,48.708502564302485,49.060546422587755,16100
2018-10-23,48.35647201538086,48.39257997064139,47.64335539448391,48.05858999309179,13800
2018-10-24,46.722618103027344,48.30230481731926,46.722618103027344,48.30230481731926,10500
2018-10-25,47.11980056762695,47.28228291165053,46.74970266033857,46.78581061310912,22600
2018-10-26,46.55112075805664,46.89413948434525,46.072702349627846,46.56014946959937,15700
2018-10-29,46.27128982543945,47.18299686992059,45.883141310294164,47.038568474406546,9900
2018-10-30,46.731651306152344,46.731651306152344,46.17199178058089,46.38863262247251,13400
2018-10-31,47.22812271118164,47.44476699229085,46.95731994237815,47.08369433825684,2600
2018-11-01,49.15985107421875,49.15985107421875,47.98637017144886,47.98637017144886,205700
2018-11-02,48.762672424316406,49.28622394298962,48.681431255830795,49.28622394298962,4800
2018-11-05,48.84391784667969,49.033479441840676,48.4286867020097,49.033479441840676,5600
2018-11-06,49.367469787597656,49.39455247528732,49.15985421367866,49.18693690136833,53000
2018-11-07,50.52289962768555,50.54997887160753,49.95421140121563,49.95421140121563,8300
2018-11-08,50.56803512573242,50.91105381911417,50.56803512573242,50.83883790747835,27700
2018-11-09,50.531925201416016,50.64927433153072,50.29723038463066,50.64927433153072,184400
2018-11-12,49.99032211303711,50.703435308724615,49.99032211303711,50.703435308724615,84200
2018-11-13,49.9181022644043,50.44165725745259,49.9181022644043,50.215987714265005,10800
2018-11-14,49.45772933959961,50.20695030253952,49.25011380906341,49.97225553341614,22100
2018-11-15,49.87296676635742,50.04447437170604,49.331361264824274,49.331361264824274,18400
2018-11-16,50.026424407958984,50.26112266930483,49.76465034584196,49.82783754464028,15000
2018-11-19,49.17789840698242,49.98128129857873,48.961257609230564,49.98128129857873,7100
2018-11-20,48.257179260253906,48.473823559147995,47.896110020022846,48.04053840480414,11100
2018-11-21,48.47381591796875,48.65435223134756,48.32938755595446,48.50992386933327,12700
2018-11-23,48.3745231628418,48.473818312276904,48.058587181406416,48.23912006025867,1400
2018-11-26,48.7446174621582,49.16887727160119,48.537001912106696,48.71753822102565,8300
2018-11-27,48.66337966918945,48.74462084166331,48.329389712771984,48.74462084166331,17400
2018-11-28,49.60216522216797,49.60216522216797,48.89807392091523,48.89807392091523,5500
2018-11-29,49.421627044677734,49.52092218877786,49.21401149039736,49.313306634497486,8100
2018-11-30,49.367469787597656,49.421631719532904,49.042508526318414,49.042508526318414,5900
2018-12-03,49.800758361816406,49.854920297502765,49.52093030271434,49.72854589101224,12300
2018-12-04,48.130794525146484,49.15082171070421,48.130794525146484,49.15082171070421,14000
2018-12-06,48.248146057128906,48.30230454036151,47.34546793985219,47.82388624010685,26900
2018-12-07,47.336448669433594,47.959298898357424,47.31839469027477,47.959298898357424,5700
2018-12-10,46.86704635620117,47.12882383753186,46.47889793241493,46.97537020992379,24400
2018-12-11,46.794837951660156,47.37255144779457,46.704571509180674,47.37255144779457,9800
2018-12-12,46.99342346191406,47.44476251514374,46.939261535886764,47.210064279135835,14000
2018-12-13,46.99342346191406,47.11076913647431,46.83996639322524,46.98439475252099,4500
2018-12-14,46.325439453125,46.83094042479933,46.27127752791015,46.596242192311955,28200
2018-12-17,45.44081115722656,46.23516877012233,45.44081115722656,46.23516877012233,9200
2018-12-18,45.338653564453125,45.745478192980514,45.302490302316045,45.627952764112756,5700
2018-12-19,44.88663101196289,45.772610397508856,44.58828922004767,45.66412059205654,21600
2018-12-20,44.18145751953125,44.94991139380443,43.874076659565745,44.751016881850624,115300
2018-12-21,43.42205047607422,44.35323568872468,43.3949297485715,44.35323568872468,25100
2018-12-24,42.05691909790039,42.29197344585208,42.01171673660804,42.29197344585208,7200
2018-12-26,44.20858383178711,44.20858383178711,42.852492345520254,43.23219630628986,37100
2018-12-27,43.71135330200195,43.71135330200195,42.861537099888416,43.12371564955899,22700
2018-12-28,43.83791732788086,44.109134925271206,43.648061905860644,44.00064512733998,35700
2018-12-31,43.77462387084961,44.091047231575516,43.61189609375887,43.77462387084961,44000
2019-01-02,44.145294189453125,44.23569889748172,43.44916690173361,43.44916690173361,120300
2019-01-03,43.84695816040039,44.02777104874378,43.602861278444664,43.693269446975854,4400
2019-01-04,45.040313720703125,45.06743444408823,44.1362528215341,44.1362528215341,37100
2019-01-07,45.34769821166992,45.69124234662651,45.3205774861035,45.329616578386,6900
2019-01-08,45.70933151245117,45.85398115384072,45.38386895714481,45.70933151245117,4400
2019-01-09,46.33312225341797,46.33312225341797,46.13422774698403,46.15230937927064,11100
2019-01-10,46.260799407958984,46.29696267541183,46.0257450669535,46.107110694362895,6700
2019-01-11,46.260799407958984,46.45969393023063,46.134231420593025,46.134231420593025,13600
2019-01-14,45.70933151245117,45.88110188387642,45.618923331133026,45.88110188387642,4100
2019-01-15,46.21559143066406,46.251754693721395,46.089023458681986,46.098065998805616,2100
2019-01-16,46.20655822753906,46.36928948331594,46.06190860559506,46.342165308207115,4100
2019-01-17,46.486812591552734,46.486812591552734,46.27887898601362,46.342162976885575,21300
2019-01-18,46.59531021118164,46.81228294524679,46.59531021118164,46.622430940759926,1800
2019-01-22,46.33312225341797,46.58625820799299,46.233675000201,46.37832460977512,60900
2019-01-23,46.785160064697266,46.92077060379279,46.50489989330217,46.90268896866544,2500
2019-01-24,47.02021026611328,47.02021026611328,46.81227665361431,46.91172391366142,2700
2019-01-25,47.5355224609375,47.65304789160533,47.27334397950579,47.27334397950579,4500
2019-01-28,47.6620979309082,47.6620979309082,47.3366354129175,47.3366354129175,3400
2019-01-29,47.74346160888672,47.88811122777901,47.59881198999443,47.78866396815575,5300
2019-01-30,48.47574234008789,48.47574234008789,48.14124078758062,48.19548568071092,4700
2019-01-31,48.70176315307617,48.81929204400859,48.448627186808395,48.448627186808395,27600
2019-02-01,48.67464828491211,48.891624459764486,48.529998651250295,48.86450028245838,7900
2019-02-04,49.0272331237793,49.22612766971282,48.864501849600856,48.89162602777687,7300
2019-02-05,49.33460235595703,49.5967808410297,49.18091366046391,49.29843909276385,148500
2019-02-06,48.80121612548828,49.208044296571536,48.66560903427339,49.126678662354884,17200
2019-02-07,47.87002944946289,48.38534393075216,47.76154309780171,48.32205993822322,11900
2019-02-08,47.96043395996094,47.96947650097958,47.5988116397506,47.788663616514945,5500
2019-02-11,48.385345458984375,48.385345458984375,48.08700367159446,48.1774118414334,38500
2019-02-12,48.927772521972656,48.927772521972656,48.737920570056836,48.737920570056836,2800
2019-02-13,48.33110046386719,48.593278982815875,48.31301882993427,48.34014300519316,9100
2019-02-14,48.77408981323242,48.801210538626705,48.50287221313289,48.52095039758315,3000
2019-02-15,49.352684020996094,49.352684020996094,48.94585593159362,49.09954807590948,6100
2019-02-19,49.4521369934082,49.60582570679133,49.18995847781687,49.18995847781687,3300
2019-02-20,49.25323486328125,49.60581804419701,49.25323486328125,49.49733170746565,2000
2019-02-21,49.15378952026367,49.25323676974946,48.99105828450849,49.090505533994275,11000
2019-02-22,49.39788818359375,49.632945954393094,49.289401838688754,49.334604195005944,8100
2019-02-25,50.094024658203125,50.094024658203125,49.849927751035004,49.94937502233157,4400
2019-02-26,49.542537689208984,49.64198494212962,49.542537689208984,49.64198494212962,5800
2019-02-27,49.33460235595703,49.452131236975575,49.162832028867314,49.37980471058921,3700
2019-02-28,49.117637634277344,49.47925997865816,48.94586383063124,49.47925997865816,28700
2019-03-01,49.217079162597656,49.27132406365612,49.14475607657204,49.27132406365612,2600
2019-03-04,49.04530715942383,49.55158253938248,48.90065754353834,49.55158253938248,11000
2019-03-05,49.03626251220703,49.17186957183316,48.783123126544986,49.17186957183316,42800
2019-03-06,48.66559982299805,48.91873577099515,48.66559982299805,48.91873577099515,2200
2019-03-07,48.30397415161133,48.629436627330264,48.07795892666413,48.484787021312805,311500
2019-03-08,48.15028762817383,48.25877743189505,48.00563800526458,48.068921999742436,7100
2019-03-11,48.4395866394043,48.4395866394043,48.159326507513796,48.159326507513796,5700
2019-03-12,48.39438247680664,48.43054574319179,48.20453050136293,48.42150665095496,8500
2019-03-13,49.14476013183594,49.208044130599966,48.71985032694666,48.71985032694666,4800
2019-03-14,49.10858917236328,49.22611805825994,48.909694665264134,48.909694665264134,2400
2019-03-15,49.42501449584961,49.42501449584961,49.189960147192714,49.28940741156571,2700
2019-03-18,49.57870101928711,49.67814827233934,49.39788814543928,49.40693068592697,7900
2019-03-19,49.50638198852539,49.89512851912643,49.50638198852539,49.76856052287851,66200
2019-03-20,49.89512252807617,49.89512252807617,49.452134594399276,49.452134594399276,2500
2019-03-21,50.17538070678711,50.17538070678711,49.741431882088165,49.80471587014518,5400
2019-03-22,49.3165283203125,49.75951974086399,49.27132595871805,49.75951974086399,14100
2019-03-25,48.48479461669922,48.77409387405431,48.48479461669922,48.77409387405431,6500
2019-03-26,49.00914001464844,49.23515523712741,49.000100923185464,49.000100923185464,1600
2019-03-27,48.945858001708984,49.090507611978936,48.72888531066342,49.090507611978936,2500
2019-03-28,48.7198486328125,48.7198486328125,48.49383337402326,48.7198486328125,3800
2019-03-29,48.873538970947266,49.06339095352432,48.765049167715496,48.8554573370753,43900
2019-04-01,49.39788818359375,49.56966196580528,49.18091549378375,49.46117217218156,13400
2019-04-02,49.307491302490234,49.4250167578378,49.29844876055933,49.39789602948363,5200
2019-04-03,49.48829650878906,49.78663482044521,49.48829650878906,49.714311739842,104600
2019-04-04,49.37077331542969,49.388854949844976,49.20804205441122,49.379812408277765,4500
2019-04-05,49.52445983886719,49.651027825442796,49.44309421196587,49.59678637332124,16200
2019-04-08,49.723358154296875,49.82280542240055,49.63295342804949,49.63295342804949,9900
2019-04-09,49.515419006347656,49.82279986953743,49.515419006347656,49.65102608060502,4600
2019-04-10,50.30195236206055,50.31099490314076,50.00361403207354,50.00361403207354,4800
2019-04-11,50.2025032043457,50.392358623943345,50.05785359100201,50.392358623943345,6000
2019-04-12,50.763023376464844,50.8082257339134,50.54604723250542,50.54604723250542,9800
2019-04-15,51.22410202026367,51.27834692804857,50.98000510831079,51.09753401748501,12100
2019-04-16,51.3868293762207,51.48627664188294,51.19697738653052,51.48627664188294,11900
2019-04-17,50.60029602050781,50.97999999072754,50.48276712313163,50.97999999072754,15000
2019-04-18,49.90416717529297,50.0216960692517,49.605825394179035,49.949369534902026,3500
2019-04-22,50.1934700012207,50.1934700012207,49.94033401035003,50.12114346170381,2900
2019-04-23,50.618377685546875,50.618377685546875,50.274833534624555,50.283872627327135,1800
2019-04-24,50.5098876953125,50.609334958271056,50.5098876953125,50.59125332421322,1900
2019-04-25,50.41948699951172,50.48277099940755,50.17539009331952,50.338121364114315,4300
2019-04-26,50.72686004638672,50.81726476116865,50.4918022700036,50.500844810713076,22300
2019-04-29,51.13368606567383,51.151767697633275,50.86246503500087,50.86246503500087,4600
2019-04-30,50.97096252441406,51.025203979765294,50.62741836273982,50.8715152579779,12300
2019-05-01,50.56413269042969,51.0432839233263,50.56413269042969,50.91671593340788,8900
2019-05-02,50.30195236206055,50.49180434011763,50.121139476364725,50.121139476364725,7200
2019-05-03,50.83534240722656,50.94382874620086,50.4737201277394,50.4737201277394,16100
2019-05-06,50.58220672607422,50.58220672607422,50.06689230240587,50.06689230240587,9600
2019-05-07,49.840885162353516,50.446604392362815,49.60582736509684,50.446604392362815,430000
2019-05-08,50.274837493896484,50.47373203620745,49.90417258695654,50.01265895152646,18300
2019-05-09,50.1934700012207,50.29291726869681,49.70527620563936,49.949373103430034,12300
2019-05-10,50.3742790222168,50.59125172662102,49.87704272312597,50.16634541019652,5100
2019-05-13,48.39438247680664,49.226120360070695,48.13220741731152,49.17187546049296,7700
2019-05-14,49.018184661865234,49.12667100767719,48.918737407904786,48.918737407904786,2900
2019-05-15,48.88257598876953,49.1085912294976,48.48479040662692,48.63847911493695,10700
2019-05-16,49.6058235168457,49.7775973050659,49.23515866412889,49.23515866412889,12000
2019-05-17,49.52445983886719,49.651027825442796,49.35268949261729,49.3707711262308,15600
2019-05-20,49.16283416748047,49.27132051306064,49.0633869137325,49.22611815646213,3400
2019-05-21,49.09955978393555,49.33461415346316,49.09955978393555,49.11764141985604,10200
2019-05-22,49.171878814697266,49.425014799222936,49.171878814697266,49.24420535240125,35800
2019-05-23,48.52998733520508,48.93681541274104,48.23164559543921,48.93681541274104,40800
2019-05-24,48.59328079223633,48.837377686341306,48.46671279871209,48.62944406144874,10700
2019-05-28,48.11412811279297,48.98202585572863,48.005638308386715,48.98202585572863,56800
2019-05-29,47.88811111450195,47.96043419941754,47.55360606952064,47.851947847684684,17200
2019-05-30,47.43608093261719,47.96947705110961,47.43608093261719,47.69825599694275,11800
2019-05-31,47.11061096191406,47.39991015504822,47.04732697896087,47.12869259257475,11100
2019-06-03,46.920772552490234,47.22815346498277,46.884609280733606,47.22815346498277,28100
2019-06-04,47.92427444458008,47.92427444458008,47.309516107230614,47.309516107230614,13300
2019-06-05,48.077964782714844,48.186451138262264,47.76154480873526,48.00563824653719,8900
2019-06-06,48.17741012573242,48.17741012573242,47.77058199774285,48.06892032578926,15500
2019-06-07,48.63847732543945,48.810251109253,48.303975747110115,48.34917810384888,421000
2019-06-10,48.60232162475586,48.90066343335771,48.46671453343444,48.46671453343444,16900
2019-06-11,48.48479461669922,48.71984897003054,48.213576994018716,48.71984897003054,93400
2019-06-12,48.03276443481445,48.23165552019957,48.02372189305378,48.23165552019957,10900
2019-06-13,48.17741012573242,48.55711407937674,48.17741012573242,48.285896476956665,2700
2019-06-14,47.91522979736328,48.53903060412981,47.83386417485297,48.2678130120017,11400
2019-06-17,47.761051177978516,47.915237912969744,47.761051177978516,47.915237912969744,9600
2019-06-18,48.169189453125,48.287096551735175,48.051282354514825,48.14198145337529,6300
2019-06-19,48.404991149902344,48.49569023182289,48.10569282910505,48.259876078645675,31200
2019-06-20,48.65895462036133,49.08522827926319,48.52290770082479,49.030812279302076,34200
2019-06-21,48.45034408569336,48.55918299551024,48.16918555154119,48.395928090601494,7300
2019-06-24,48.423133850097656,48.486621481314906,48.36871785752083,48.44127366756207,5700
2019-06-25,48.27802276611328,48.56825294993311,48.27802276611328,48.53197331200146,5700
2019-06-26,48.586387634277344,48.7587107065165,48.5591796386123,48.640807085423766,13200
2019-06-27,49.13056945800781,49.13964109665301,48.8403392980571,48.8403392980571,10700
2019-06-28,49.45708084106445,49.45708084106445,49.157782492673945,49.157782492673945,4700
2019-07-01,49.49335479736328,49.8833521912804,49.384519361330824,49.79265657122271,75000
2019-07-02,49.76544952392578,49.774521162624495,49.6384742606753,49.67475389583728,4400
2019-07-03,50.064754486083984,50.273357211714824,50.037543028085764,50.17358993862689,8000
2019-07-05,49.874290466308594,50.0375419115719,49.78359137469944,50.0375419115719,2700
2019-07-08,49.61126708984375,49.85614944153778,49.529639639279075,49.720102537324486,43700
2019-07-09,50.12823486328125,50.12823486328125,49.86521271955555,49.937771983955535,21200
2019-07-10,50.35498809814453,50.39126773807045,50.110105718369944,50.14638535829586,13500
2019-07-11,50.10103225708008,50.27335533883803,49.96498535160723,50.128240254248034,1000
2019-07-12,50.34591293334961,50.42754038755943,50.11917038941307,50.11917038941307,116900
2019-07-15,49.94684600830078,50.137308909919895,49.910566371854316,50.137308909919895,18800
2019-07-16,49.52964401245117,49.85615384353874,49.46615637416379,49.82894238440358,18900
2019-07-17,49.466156005859375,49.66568709906976,49.420808187394144,49.66568709906976,18600
2019-07-18,49.43893814086914,49.43893814086914,48.994524733751305,49.17591944392477,19900
2019-07-19,49.36638641357422,49.54778113874272,49.27569078089827,49.448013866909214,23400
2019-07-22,49.275691986083984,49.49336289375669,49.275691986083984,49.43894343693017,15300
2019-07-23,49.547786712646484,49.665690356425515,49.43894778941152,49.46615925012876,15500
2019-07-24,50.246150970458984,50.246150970458984,49.81987386502032,49.81987386502032,15700
2019-07-25,49.81079864501953,50.282423535051485,49.801730465899304,50.14638008934891,9100
2019-07-26,50.10103225708008,50.20986770556844,50.037541163993964,50.037541163993964,11600
2019-07-29,50.11916732788086,50.228006233389955,49.847076983741,50.14637878416635,12200
2019-07-30,50.391258239746094,50.40032641810985,50.1645157226735,50.18265553921726,11800
2019-07-31,50.13731384277344,50.817541523895656,50.06475802255852,50.373128043059936,37700
2019-08-01,50.29149627685547,50.944512442144514,50.200797184581575,50.627074268727384,13400
2019-08-02,50.110103607177734,50.26428688064163,49.83801323883062,50.26428688064163,28700
2019-08-05,49.475223541259766,49.883360821764825,49.475223541259766,49.883360821764825,41100
2019-08-06,49.828941345214844,50.17359098859921,49.67475807253722,50.06475553377873,9000
2019-08-07,49.93777847290039,50.028474105369256,49.03987648826556,49.23033939234014,226200
2019-08-08,50.91730499267578,50.91730499267578,50.05568263578665,50.273356999771444,225500
2019-08-09,50.42753982543945,50.71777000165767,50.32777601346544,50.6905620038299,13000
2019-08-12,49.85615158081055,50.110102122434505,49.738244489420865,50.110102122434505,23600
2019-08-13,50.173587799072266,50.39126215469243,49.63847527881489,49.66568327583622,12100
2019-08-14,48.13290786743164,49.05801787950245,48.11476804839299,49.05801787950245,23700
2019-08-15,47.815467834472656,48.223601637698664,47.72476874278732,48.223601637698664,7600
2019-08-16,48.26895523071289,48.41407032455945,48.024072861131195,48.03314104082678,3400
2019-08-19,48.831275939941406,48.95825121497802,48.804067940952635,48.831275939941406,8500
2019-08-20,48.90382766723633,49.16684983485313,48.794992220566655,48.794992220566655,7800
2019-08-21,49.6294059753418,49.63847415420462,49.411731624653264,49.411731624653264,10600
2019-08-22,49.71103286743164,49.828936490409575,49.36638325762629,49.828936490409575,19000
2019-08-23,48.80406188964844,49.76544797275981,48.80406188964844,49.43893818611205,17000
2019-08-26,48.67708969116211,48.83127642654071,48.595465693382415,48.82220824672634,14000
2019-08-27,47.92430114746094,48.749643815999626,47.92430114746094,48.749643815999626,8500
2019-08-28,47.85173797607422,47.99685304465169,47.643135281232624,47.6522069191653,13900
2019-08-29,48.28709030151367,48.36871775001391,48.28709030151367,48.36871775001391,2000
2019-08-30,48.20546340942383,48.20546340942383,48.08755632471446,48.18732359179035,2600
2019-09-03,47.761051177978516,47.87895827416983,47.6431440817872,47.77919099737847,12000
2019-09-04,48.31430435180664,48.33244417150377,48.25081671277513,48.25081671277513,6400
2019-09-05,48.48662567138672,48.559184947514744,48.25081494360407,48.559184947514744,24400
2019-09-06,48.45941162109375,48.61359487388619,48.45941162109375,48.54103906663571,2000
2019-09-09,48.4412727355957,48.55917981693778,48.278017841373256,48.55917981693778,1900
2019-09-10,48.423133850097656,48.486621481314906,48.26895059137475,48.35964621888041,2700
2019-09-11,48.68614959716797,48.77684521272069,48.61359033687303,48.61359033687303,5200
2019-09-12,48.77686309814453,48.885702028495835,48.68616744933567,48.858490565999396,3400
2019-09-13,48.74057388305664,48.88568895824267,48.731502244710846,48.8222013290873,1800
2019-09-16,48.41407012939453,48.49569758559271,48.34151085285538,48.43220994852932,8200
2019-09-17,48.559181213378906,48.61359720647369,48.35964667918749,48.35964667918749,2300
2019-09-18,48.8403434753418,48.93104257046909,48.64988056529955,48.93104257046909,4600
2019-09-19,48.958251953125,49.194066147305605,48.958251953125,49.10336704961429,3700
2019-09-20,48.69522476196289,49.130570006751356,48.64987694767967,48.95824692854856,7100
2019-09-23,48.822200775146484,48.89475658200812,48.73150169179911,48.73150169179911,7300
2019-09-24,48.64988327026367,49.19406749183429,48.53197616995083,49.07616039152145,7500
2019-09-25,48.94011688232422,48.99453634621941,48.658958301741905,48.776861950455775,5000
2019-09-26,49.26661682128906,49.37545226733738,49.09429374339452,49.302896456577315,5600
2019-09-27,49.06708526611328,49.475222538344966,49.05801708664887,49.4026667231797,8800
2019-09-30,49.520565032958984,49.53870484975484,49.16684725498041,49.16684725498041,17000
2019-10-01,48.958251953125,49.565923798297966,48.90383249451021,49.51150433968318,25300
2019-10-02,48.640811920166016,48.794995190681696,48.441277372612376,48.794995190681696,7100
2019-10-03,49.248477935791016,49.248477935791016,48.75871322957893,48.75871322957893,56200
2019-10-04,49.80172348022461,49.80172348022461,49.311958840834826,49.35730664970809,7200
2019-10-07,49.40266418457031,49.584055443070824,49.40266418457031,49.53870762844569,4100
2019-10-08,48.84941101074219,49.19406062363719,48.84941101074219,49.19406062363719,50200
2019-10-09,49.021732330322266,49.14870758846526,48.949176522733254,49.048943785507404,11800
2019-10-10,49.393592834472656,49.438940649362856,49.311965383743704,49.32103702261164,2300
2019-10-11,50.064754486083984,50.218937755535045,49.84708012118152,49.84708012118152,5800
2019-10-14,49.6294059753418,49.919636136382216,49.574986522715555,49.919636136382216,8800
2019-10-15,49.874290466308594,50.01033391399745,49.66568428551584,49.75638337712498,9100
2019-10-16,49.729183197021484,49.84708684492306,49.65662391232778,49.74731955837778,4900
2019-10-17,49.97405242919922,50.03754006106942,49.70196208406745,49.783589533588625,8100
2019-10-18,49.58405685424805,49.72010376181185,49.57498867499153,49.72010376181185,3500
2019-10-21,49.96498489379883,50.055680523405364,49.76545035688464,49.76545035688464,10500
2019-10-22,49.88336181640625,50.01033709291369,49.88336181640625,49.92870963518507,4900
2019-10-23,49.983123779296875,49.992191958161776,49.493359084998055,49.493359084998055,3900
2019-10-24,50.228004455566406,50.228004455566406,49.91056284879207,50.12823719228923,1200
2019-10-25,50.28242111206055,50.30963256774302,50.1191662172311,50.1191662172311,3100
2019-10-28,50.57265090942383,50.68148981175072,50.54544291375027,50.57265090942383,7600
2019-10-29,50.96265411376953,50.980793932883934,50.563588472702854,50.59079647146609,7900
2019-10-30,50.74497604370117,50.79032385518005,50.59986097107902,50.74497604370117,5700
2019-10-31,50.663352966308594,50.69056096357801,50.52730606032844,50.5454458784469,6500
2019-11-01,51.11683654785156,51.216603814682855,50.97172146695599,50.97172146695599,8200
2019-11-04,51.43427658081055,51.452416399060716,51.271021676375604,51.271021676375604,3300
2019-11-05,51.470550537109375,51.58845761281516,51.38892309390017,51.58845761281516,6300
2019-11-06,51.515899658203125,51.55217929162252,51.4161323962079,51.50683147975641,17100
2019-11-07,51.56125259399414,51.86055440972307,51.38892950785169,51.86055440972307,2600
2019-11-08,51.98752975463867,51.98752975463867,51.69729957765472,51.69729957765472,1400
2019-11-11,51.74264907836914,51.76078889749819,51.53404634811022,51.73358089871299,1800
2019-11-12,51.98752975463867,52.0328775710768,51.70636775701569,51.71543939619329,8000
2019-11-13,52.06008529663086,52.17798891895421,51.90589858001485,52.06008529663086,17500
2019-11-14,52.0238037109375,52.1779869619543,52.0238037109375,52.132639150467966,3300
2019-11-15,52.66775894165039,52.694966940356345,52.30496947975962,52.30496947975962,16100
2019-11-18,52.75845718383789,52.75845718383789,52.54985444388017,52.694969543842795,9200
2019-11-19,52.694969177246094,52.740320456770135,52.60427353783176,52.740320456770135,5900
2019-11-20,52.3593864440918,52.44101389614,52.13264390615974,52.3140386284687,3100
2019-11-21,52.14171600341797,52.27775945148287,52.14171600341797,52.27775945148287,5200
2019-11-22,52.268699645996094,52.295907648004665,52.141724356866604,52.250559824718,3100
2019-11-25,52.81287384033203,52.88543311637019,52.631479110053355,52.631479110053355,5800
2019-11-26,52.76752471923828,53.084962894521986,52.56799017487903,53.084962894521986,4600
2019-11-27,53.19380187988281,53.38426478531797,52.912639881514274,53.139382424122786,5400
2019-11-29,53.32077407836914,53.50216879396914,53.19379881539407,53.37519007117764,2100
2019-12-02,52.50450134277344,52.83101114980209,52.323106621111236,52.83101114980209,43400
2019-12-03,52.06008529663086,52.13264110576705,51.76985514045336,52.13264110576705,11200
2019-12-04,52.28683090209961,52.486361983838876,52.24147962642486,52.486361983838876,4500
2019-12-05,52.159854888916016,52.38659743982557,52.0782274321959,52.38659743982557,1300
2019-12-06,52.395668029785156,52.58613093837787,52.27776093692537,52.35032021247498,8300
2019-12-09,52.513572692871094,52.513572692871094,52.42287360263067,52.42287360263067,700
2019-12-10,52.3593864440918,52.59520062103841,52.33217844668125,52.59520062103841,1600
2019-12-11,52.63147735595703,52.66775699276699,52.450086091540456,52.450086091540456,4700
2019-12-12,52.531707763671875,52.69496266228711,52.45915195307423,52.69496266228711,2600
2019-12-13,52.64960861206055,52.79472367588399,52.540773179146974,52.55891299460191,7900
2019-12-16,52.52223205566406,52.74376497579999,52.52223205566406,52.651460179277066,7700
2019-12-17,52.48530960083008,52.58684699141411,52.41146294542265,52.56838532756226,5500
2019-12-18,52.4022331237793,52.5129995841021,52.12531521237116,52.319157398236634,5800
2019-12-19,52.55915451049805,52.58684876781252,52.30069825024601,52.439158973211,2400
2019-12-20,52.614540100097656,52.73453915994686,52.47607937556377,52.72530656700327,7600
2019-12-23,52.4022331237793,52.476076256927065,52.15300594715129,52.346848133016756,14800
2019-12-24,52.6976203918457,52.86377186718669,52.531468916504714,52.531468916504714,4500
2019-12-26,52.94683837890625,53.0852955700958,52.7068402802542,52.76222526945133,1700
2019-12-27,52.97452926635742,53.14068071322793,52.8360720747668,53.07606665291186,5300
2019-12-30,52.73453903198242,53.04838028845551,52.70684477442135,53.04838028845551,8000
2019-12-31,52.93760681152344,53.12221992455205,52.845302015610265,52.90991607698994,7100
2020-01-02,53.5652961730957,53.72221857177543,53.343763225927844,53.343763225927844,52900
2020-01-03,53.196075439453125,53.23299525124701,52.95607729617724,53.039153034818455,5800
2020-01-06,53.23298645019531,53.24221904251948,52.94683946978669,53.04837685813901,4800
2020-01-07,53.12221908569336,53.19606573821958,52.95606763871155,53.09452835159713,20300
2020-01-08,53.4176025390625,53.500678268596445,53.039147220341746,53.039147220341746,3100
2020-01-09,53.639137268066406,53.639137268066406,53.31606343194738,53.47298581433716,7900
2020-01-10,53.611454010009766,53.6760680820048,53.602221416180285,53.6760680820048,5400
2020-01-13,53.8975944519043,54.02682258010537,53.47298673890011,53.47298673890011,3200
2020-01-14,54.05451965332031,54.33143758835073,53.8422157857569,53.8422157857569,10000
2020-01-15,54.26681900024414,54.46066118649736,54.156049018497484,54.20220493815974,5700
2020-01-16,54.90373611450195,54.90373611450195,54.46066670621604,54.46066670621604,16800
2020-01-17,54.69142532348633,55.06065154427767,54.69142532348633,55.06065154427767,4800
2020-01-21,54.66373825073242,55.0883459682412,54.636043993536674,54.719119722719036,8200
2020-01-22,55.319114685058594,55.54988022153182,55.10681081404754,55.10681081404754,50800
2020-01-23,55.44832992553711,55.54986730136149,55.19910278156867,55.23602610390514,1400
2020-01-24,55.14373779296875,55.679112041978584,54.97758631402017,55.63295963587129,3900
2020-01-27,54.220664978027344,54.29450810911143,53.97143780836445,53.97143780836445,26600
2020-01-28,54.497589111328125,54.51605077651005,54.29451431552953,54.33143764589338,10200
2020-01-29,54.58066177368164,54.949884492942246,54.33143458954948,54.58989084515214,3400
2020-01-30,54.672969818115234,54.69143148335435,54.239129488002526,54.47912761490842,7700
2020-01-31,54.15604782104492,54.84834434624377,53.999128965510245,54.70988715392533,25000
2020-02-03,53.91605758666992,54.054518311348964,53.42683579622164,53.42683579622164,14700
2020-02-04,55.06065368652344,55.309877345871605,54.423738606938024,54.55296673288221,22300
2020-02-05,55.577571868896484,55.76218500533761,55.3560389221293,55.76218500533761,14200
2020-02-06,56.01140594482422,56.14986666196482,55.89140689138252,56.03909667977142,4100
2020-02-07,55.882171630859375,56.01139974123661,55.845248307551046,56.01139974123661,1000
2020-02-10,55.78986740112305,55.78986740112305,55.272954921825075,55.272954921825075,1700
2020-02-11,56.029869079589844,56.648318984330054,55.89140835881395,56.46370586369633,18300
2020-02-12,56.509864807128906,56.66678367927865,56.371404078947585,56.60216961178139,28100
2020-02-13,55.72526168823242,56.27910109769914,55.651418546358485,56.13141129274856,3000
2020-02-14,55.89140701293945,55.89140701293945,55.48526097428724,55.8729453492004,5900
2020-02-18,56.1683349609375,56.18679662797468,55.706803848616886,55.85449366371137,17400
2020-02-19,56.962158203125,56.99908153017641,56.352937391585776,56.352937391585776,5400
2020-02-20,56.15910339355469,56.399098011972065,55.69757230173428,56.020642657527446,8800
2020-02-21,55.75294876098633,56.140633128558456,55.660640444038975,55.956020015866,6900
2020-02-24,53.57452392578125,54.25758789256595,53.08529862935178,53.519138933392334,23300
2020-02-25,53.25144577026367,54.45142919303685,52.956066210529315,54.248354425268694,14100
2020-02-26,53.62990951538086,54.58066592445577,53.35299157457563,54.49759019009394,6800
2020-02-27,51.774559020996094,52.97453917865947,51.433026992391,52.53146974450082,85400
2020-02-28,50.74072265625,51.04533130557268,49.69766154063724,50.325344024262414,41400
2020-03-02,51.6822509765625,51.885322253764485,50.334577570608154,51.017645106294744,67500
2020-03-03,51.03610610961914,52.18070118111733,50.31611525243535,52.18070118111733,23600
2020-03-04,51.15610122680664,51.36840861400525,50.353038164786376,50.86072162879453,11900
2020-03-05,49.051513671875,49.669967037292786,48.922285556439,49.1715127167236,34000
2020-03-06,48.2299919128418,48.4238340974508,47.83307495128874,48.008455472429894,3800
2020-03-09,42.56239700317383,44.28852226625878,42.56239700317383,43.02392808579995,26200
2020-03-10,44.24236297607422,44.24236297607422,42.83930828072682,43.9746741447272,69200
2020-03-11,41.59317398071289,42.96853435554393,41.13164299188599,42.56238835300898,33500
2020-03-12,37.99323654174805,39.55321024966391,37.845546744082654,38.4732292644612,58900
2020-03-13,40.05167007446289,40.13474581700281,37.7163237314674,39.1932219086181,36900
2020-03-16,35.177894592285156,37.39324135569458,35.177894592285156,36.67325409773679,38400
2020-03-17,37.0886344909668,37.411704809047436,35.2055870110621,35.83326950436366,61100
2020-03-18,35.270206451416016,36.32249681495408,34.02407386747946,34.64252386242789,26200
2020-03-19,37.77169418334961,38.168611112788106,35.73172807143677,35.73172807143677,48300
2020-03-20,36.922481536865234,38.39937938985895,36.922481536865234,38.13169407483037,16300
2020-03-23,35.556358337402344,36.30404002847872,35.07636554425242,36.30404002847872,23000
2020-03-24,38.87937545776367,39.460905578542054,38.24246386342713,38.24246386342713,8500
2020-03-25,39.47012710571289,40.03319545394091,38.50091277048194,38.80552490163554,10700
2020-03-26,40.94704055786133,40.97473129761909,39.313220009297815,39.313220009297815,23800
2020-03-27,40.310123443603516,40.44858417816813,39.51629293186834,39.78397828618238,47900
2020-03-30,40.956260681152344,41.122412125798164,40.44857727637995,40.47626801008687,17300
2020-03-31,41.44548797607422,42.267012647540604,41.242413195728886,41.242413195728886,22100
2020-04-01,39.52552032470703,40.162431929993716,39.303987384260616,40.07935619702566,31300
2020-04-02,39.87628173828125,39.99628079214441,39.30398424641454,39.30398424641454,24500
2020-04-03,39.70089340209961,39.92242982211767,38.307071390008865,39.92242982211767,6700
2020-04-06,41.45471954345703,41.62087100625265,40.217816165535474,40.30089189693329,232600
2020-04-07,41.93471145629883,42.654698767026474,41.93471145629883,42.64546969536181,14700
2020-04-08,42.91316223144531,43.23623258546669,42.21163300385207,42.21163300385207,15500
2020-04-09,43.43007278442383,43.919298110807425,43.2546922462577,43.623914987849965,20700
2020-04-13,42.98699951171875,43.217765024889324,42.73777233495026,43.023922838914594,10400
2020-04-14,43.29161834716797,43.83622518298037,43.01469687174929,43.43007556367448,49200
2020-04-15,42.48854446411133,42.71008090246519,42.33162560789578,42.47931539306427,11900
2020-04-16,42.56239700317383,42.80239161681022,42.27624646431265,42.35009312771014,5400
2020-04-17,43.38391876220703,43.38391876220703,42.74700717992667,43.27315229598489,3800
2020-04-20,44.27006530761719,45.04543774972205,43.80853417591675,43.80853417591675,26500
2020-04-21,42.62700271606445,43.568526362581316,42.57161772937451,43.5039123053774,220100
2020-04-22,43.836219787597656,43.99313865123195,43.44853188245001,43.8177581234285,3000
2020-04-23,44.65774154663086,44.74081726934051,44.15928721037295,44.306976992834315,6400
2020-04-24,44.68544006347656,44.97159060736118,44.41775118576542,44.51928858911811,3200
2020-04-27,46.337711334228516,46.59616755757131,45.61772060731336,45.61772060731336,11500
2020-04-28,45.996185302734375,46.70694000824381,45.857724581753246,46.70694000824381,6500
2020-04-29,47.02077865600586,47.38077580639952,46.66078502681441,46.863859800697675,2800
2020-04-30,46.52232360839844,46.77154723581177,46.180788152220984,46.66078078793897,11400
2020-05-01,44.953125,45.85772543597407,44.74082113942264,45.85772543597407,5700
2020-05-04,44.55620574951172,44.620819811567095,44.39005429816867,44.39005429816867,13000
2020-05-05,45.682342529296875,45.79310898966446,45.488496822150736,45.553110884132025,3400
2020-05-06,46.05156707763672,46.05156707763672,45.562345297030326,45.562345297030326,4400
2020-05-07,47.066932678222656,47.40846463046397,46.84539625007565,46.993086028439635,4900
2020-05-08,47.35308074951172,47.42692740102014,47.08539191959692,47.42692740102014,7800
2020-05-11,47.95307540893555,47.95307540893555,47.113089063137394,47.113089063137394,5100
2020-05-12,46.7346305847168,47.4546178262325,46.7346305847168,47.4546178262325,1800
2020-05-13,45.48849868774414,46.679249629438694,45.32234722977734,46.679249629438694,10000
2020-05-14,45.06389236450195,45.110044766207984,44.02083118417352,44.57467056825348,51600
2020-05-15,45.55311584472656,45.55311584472656,44.94389496455913,44.94389496455913,8400
2020-05-18,46.93770217895508,47.066933819208174,46.56847948469556,46.7346309295331,4200
2020-05-19,46.81770324707031,47.23307830775328,46.81770324707031,47.20538757602826,5200
2020-05-20,47.73154067993164,47.82384900329908,47.54692755439924,47.66692661417567,1500
2020-05-21,47.38078689575195,47.70385727417803,47.223864482514266,47.70385727417803,6800
2020-05-22,47.602317810058594,47.602317810058594,47.233091518182015,47.233091518182015,5900
2020-05-26,48.220760345458984,48.82998112355129,48.220760345458984,48.82998112355129,7500
2020-05-27,48.59922409057617,48.65460556655869,47.66692933790654,48.46999243047734,14500
2020-05-28,48.479225158691406,48.99614123691544,48.479225158691406,48.71921977142235,6100
2020-05-29,48.746910095214844,48.93151969570256,48.34999311600188,48.63614010947931,4100
2020-06-01,48.673065185546875,48.72845018040311,48.21153412535257,48.21153412535257,3800
2020-06-02,49.4115104675293,49.44843379466104,48.87613630892807,48.92228870724161,6900
2020-06-03,49.18074417114258,49.439203935744395,48.95921125428642,49.32843395611409,10100
2020-06-04,49.25458908081055,49.5130453150618,49.1992040929558,49.30997054746319,232600
2020-06-05,49.67919921875,49.98381138523975,49.642275891684164,49.826889005811076,3100
2020-06-08,50.22380828857422,50.43611214720558,49.68843410620002,50.02073350153447,222800
2020-06-09,49.97458267211914,50.54688020125478,49.946891935271424,50.29765652722023,5400
2020-06-10,50.33457946777344,50.491501869146845,50.196122253717476,50.44534946446153,3300
2020-06-11,48.17461395263672,49.23613686913297,47.87000526397086,49.19921353680899,3100
2020-06-12,48.17461395263672,48.82075818349519,47.83308193164689,48.82075818349519,27200
2020-06-15,48.781368255615234,48.92935860883965,47.4309523130281,47.52344848902357,9000
2020-06-16,49.66006088256836,49.68781150060698,49.27158751371236,49.68781150060698,3300
2020-06-17,49.428829193115234,49.558323853518054,49.20684540344785,49.35483577268235,1300
2020-06-18,49.47507858276367,49.47507858276367,49.354835306281714,49.354835306281714,700
2020-06-19,49.761810302734375,50.10403738306454,49.35483765391929,50.057791052485136,14700
2020-06-22,49.51206588745117,49.51206588745117,48.7906133966356,48.7906133966356,4400
2020-06-23,49.13284683227539,49.53057159802933,49.040354177696216,49.53057159802933,4300
2020-06-24,48.2171516418457,49.00334969445043,47.91191956810645,48.84611149527675,6800
2020-06-25,48.4946403503418,48.577885153046765,47.828681928702075,47.856432548516196,6200
2020-06-26,47.8101806640625,48.53163676636597,47.8101806640625,48.53163676636597,2900
2020-06-29,47.09797286987305,47.486449750120755,46.89448834057026,47.486449750120755,5100
2020-06-30,47.902679443359375,47.92117868066459,47.02398507738975,47.02398507738975,5100
2020-07-01,48.485389709472656,48.60563298819046,48.34665072175405,48.34665072175405,3800
2020-07-02,48.94786071777344,49.354836888647,48.93861286314849,49.26234070055356,11100
2020-07-06,49.07735061645508,49.438076894076595,48.92010887614635,48.92010887614635,5300
2020-07-07,49.11434555053711,49.623065714644994,48.88311039534933,49.00335366399014,4400
2020-07-08,49.13284683227539,49.20684377863361,48.929362286527486,48.929362286527486,1200
2020-07-09,49.32709503173828,49.47508542002596,48.96636515244094,49.30859579215617,4500
2020-07-10,49.465824127197266,49.475075509319694,48.99410596163887,49.299334532678195,5500
2020-07-13,49.336341857910156,50.335276075916326,49.07735956590283,50.12254011771473,19500
2020-07-14,49.6323127746582,49.8173016015238,49.07734982242979,49.07734982242979,3400
2020-07-15,50.381526947021484,50.72375405808012,50.04854769156155,50.36302770745491,8100
2020-07-16,49.9098014831543,50.12253742994817,49.78956172738097,50.12253742994817,1600
2020-07-17,50.168785095214844,50.427767362006406,49.78955954954059,50.298276228610625,2800
2020-07-20,51.297210693359375,51.297210693359375,50.871738815528914,50.871738815528914,1600
2020-07-21,50.85323715209961,51.26946115549936,50.83473791546311,51.065973080866456,8500
2020-07-22,50.75149154663086,51.33420513338544,50.61275256869686,51.047472266932246,14000
2020-07-23,50.03004455566406,50.83474200810976,49.95604760316065,50.60350682408993,14100
2020-07-24,50.01154708862305,50.01154708862305,49.50283037143777,49.50283037143777,5000
2020-07-27,49.91904830932617,49.94679539991484,49.68781314543767,49.68781314543767,5000
2020-07-28,49.771060943603516,50.11328801882982,49.76180956060429,49.863553603382904,7200
2020-07-29,50.68674850463867,50.72374697860797,50.03004146934274,50.03004146934274,4300
2020-07-30,50.6405029296875,50.677501404207185,50.18728043774322,50.18728043774322,2000
2020-07-31,50.945735931396484,50.973483023580876,50.43701571889065,50.81624126834213,5800
2020-08-03,51.20471954345703,51.40820763379522,50.982732215054554,50.982732215054554,6900
2020-08-04,51.03822708129883,51.065974172662514,50.871737476379366,51.0474749356305,3600
2020-08-05,52.175899505615234,52.175899505615234,51.77817476229094,51.77817476229094,2100
2020-08-06,52.00941467285156,52.30539541193725,51.34345624572441,51.58394280146199,4400
2020-08-07,51.50069808959961,51.963168436288996,51.454451760604414,51.89842287002198,2700
2020-08-10,50.98272705078125,51.260208536900315,50.98272705078125,51.260208536900315,800
2020-08-11,50.92723846435547,51.6024447818107,50.92723846435547,51.28796478876878,2700
2020-08-12,52.064910888671875,52.064910888671875,51.667186120383526,51.667186120383526,2600
2020-08-13,51.8059196472168,52.20364437361892,51.68567991383439,51.70417914859359,17600
2020-08-14,51.8059196472168,51.926162908967456,51.58393588684293,51.73192623654826,19100
2020-08-17,52.44413757324219,52.47188466472905,52.28689582195631,52.43488619050077,6800
2020-08-18,52.1019172668457,52.582883380735424,52.046419548303426,52.39789804233284,9900
2020-08-19,51.73193359375,52.00016724335359,51.73193359375,51.91692243928243,2200
2020-08-20,51.56544494628906,51.58394418402383,51.408206718096785,51.408206718096785,1600
2020-08-21,51.25096130371094,51.51919493916775,51.25096130371094,51.51919493916775,1100
2020-08-24,51.315711975097656,52.25915195593653,51.17697298073156,52.25915195593653,16300
2020-08-25,51.96316146850586,52.12965105325881,51.657929387002696,51.657929387002696,18400
2020-08-26,52.77711868286133,52.860363488684804,52.08341314378866,52.08341314378866,11800
2020-08-27,52.52738571166992,52.64762546799429,52.01866900801682,52.610630519785445,11800
2020-08-28,52.638370513916016,52.88810490458194,52.48113230221994,52.51812724543943,6200
2020-08-31,52.19439697265625,52.52737614447037,52.1388992678978,52.1388992678978,9800
2020-09-01,52.3331413269043,52.51812662592497,52.12040188196738,52.12040188196738,39400
2020-09-02,52.50888442993164,52.50888442993164,51.97241712553805,51.97241712553805,2800
2020-09-03,49.58606719970703,51.278706699451945,49.36407989843849,51.278706699451945,18400
2020-09-04,49.1421012878418,49.7248113991937,47.84718287254437,49.7248113991937,9800
2020-09-08,47.958168029785156,48.74436964584111,47.911921706103826,48.50388311730886,6200
2020-09-09,48.9386100769043,49.1420981507558,48.60563087546315,48.614882257930184,19300
2020-09-10,47.63444137573242,48.78136928366905,47.421705459012,48.36514530383848,12000
2020-09-11,47.125728607177734,47.634445278262135,46.801997250401335,47.44945643558544,3600
2020-09-14,48.77212142944336,48.86461761407853,48.28190400016728,48.28190400016728,9000
2020-09-15,49.123600006103516,49.142099243080175,48.80912003423761,48.92936331040158,19600
2020-09-16,48.74436950683594,49.16984132888019,48.74436950683594,49.16984132888019,2400
2020-09-17,48.40214920043945,48.54088819035536,48.06916997925118,48.06916997925118,6800
2020-09-18,48.47614288330078,48.79062286851697,48.23565984913255,48.55938768904532,3100
2020-09-21,47.84718322753906,47.84718322753906,47.40321210343796,47.80093689701436,1900
2020-09-22,48.51313400268555,48.51313400268555,48.05066371386751,48.19865406515455,1800
2020-09-23,46.82974624633789,48.004421298976986,46.82974624633789,48.004421298976986,3200
2020-09-24,46.70949935913086,46.71874721246249,46.247029068446395,46.51526268385177,5100
2020-09-25,47.07948684692383,47.07948684692383,46.3765298822152,46.54301950394256,8900
2020-09-28,47.72693634033203,47.800933286277136,47.42170775922993,47.60669659572411,11800
2020-09-29,47.930423736572266,47.930423736572266,47.81943184759031,47.92117588264399,2200
2020-09-30,48.4946403503418,48.82761956116166,47.93042596849356,48.14316190243542,26800
2020-10-01,49.00335693359375,49.105100973203896,48.71662405181686,48.74437467158152,58800
2020-10-02,48.64262771606445,48.975606906330256,48.531635828765346,48.75361960336356,4300
2020-10-05,50.446258544921875,50.4832570138044,49.66930834022985,49.66930834022985,4600
2020-10-06,49.92829895019531,50.45551487101866,49.60457111402968,50.31677588196286,32700
2020-10-07,51.11221694946289,51.11221694946289,50.252025421642045,50.363017307753054,165000
2020-10-08,51.41745376586914,51.41745376586914,50.96423126940199,51.11222164058884,6300
2020-10-09,51.73193359375,52.249901655567065,51.556196131097,51.75043283114012,11100
2020-10-12,51.86142349243164,52.157404226889525,51.86142349243164,52.0741594248002,2200
2020-10-13,51.99091720581055,52.175906056129826,51.46370127584037,51.70418783976608,197600
2020-10-14,51.96316146850586,52.481129457555966,51.51919041862074,52.481129457555966,4700
2020-10-15,51.70418167114258,51.768927231774455,51.09372100777884,51.297205543321134,2800
2020-10-16,51.56544494628906,51.82442721783814,51.56544494628906,51.778180887685636,2400
2020-10-19,51.04747009277344,52.00940915696734,50.899479738925784,51.648682889986716,25800
2020-10-20,51.03822708129883,51.59319007878459,51.0012286072348,51.37120629113776,8400
2020-10-21,50.890235900878906,51.361954088373295,50.890235900878906,51.19546448611207,42700
2020-10-22,50.37226486206055,50.8717336391442,50.37226486206055,50.8717336391442,3800
2020-10-23,50.57575225830078,51.01047546910388,50.492507463218665,50.78848817276211,3200
2020-10-26,50.113277435302734,50.51100213942165,49.99303418028891,50.51100213942165,5300
2020-10-27,50.08553695678711,50.372266296398315,50.08553695678711,50.372266296398315,3600
2020-10-28,48.92011260986328,49.428829284524596,48.753623003120495,49.206845494446696,3600
2020-10-29,49.216094970703125,49.50282786473528,48.82762156108103,48.910866367195595,3400
2020-10-30,48.43914031982422,49.243841216899504,48.4298924659081,49.15134503589564,5600
2020-11-02,49.2715950012207,49.85430867142466,49.16985095247742,49.32709271736313,14000
2020-11-03,49.780303955078125,49.95604140290888,49.47507538480696,49.715558393857926,2600
2020-11-04,51.102970123291016,51.435949316687626,50.33526770203012,50.33526770203012,2500
2020-11-05,51.72267532348633,52.00016031901949,51.676429000353565,51.77817302826662,4200
2020-11-06,52.055660247802734,52.055660247802734,51.371206121718835,51.768930895673805,167000
2020-11-09,52.37939453125,53.230338309288285,52.37939453125,52.72162161342897,8500
2020-11-10,51.408203125,51.861422068533855,51.408203125,51.64868614200613,5400
2020-11-11,52.78636932373047,52.88811337270372,51.93542551117062,51.93542551117062,5800
2020-11-12,51.92617416381836,52.333150359995145,51.76893592683662,52.25915340491972,183200
2020-11-13,51.99091720581055,52.39789338218672,51.94467087532294,52.30539719284266,11900
2020-11-16,52.57362365722656,52.721614011562885,52.3978862140673,52.721614011562885,6700
2020-11-17,52.85110855102539,53.09159509761616,52.592126296267885,52.749364514265345,13500
2020-11-18,52.721614837646484,53.17483728961011,52.6476178951347,52.88810442992958,2300
2020-11-19,53.1470947265625,53.18409320342561,52.88811244525867,52.88811244525867,2800
2020-11-20,53.25808334350586,53.452320029633796,53.091593747290915,53.091593747290915,4100
2020-11-23,53.87779235839844,53.98878424741675,53.69280352445555,53.794547559542565,11600
2020-11-24,54.8489875793457,54.895233912698046,54.29402452237947,54.45126276145125,8200
2020-11-25,54.82123565673828,54.95997464457615,54.59924833648144,54.59924833648144,5200
2020-11-27,55.644432067871094,55.644432067871094,55.06171844210082,55.21896019499636,4400
2020-11-30,54.432762145996094,54.802739860197335,54.25702467235344,54.802739860197335,14000
2020-12-01,54.71023941040039,54.839730533433155,54.44200578219339,54.71948726417339,13200
2020-12-02,54.18302917480469,54.34951525862365,53.60956338688277,54.02578741735228,22200
2020-12-03,54.71949005126953,54.90447889146795,54.543752593683784,54.543752593683784,5700
2020-12-04,55.26519775390625,55.26519775390625,54.81197533281481,54.81197533281481,9200
2020-12-07,55.50568771362305,55.681428698000595,55.47794062277127,55.672177315470925,3300
2020-12-08,55.99591064453125,56.18089948960943,55.32995221359728,55.385449925631356,2300
2020-12-09,55.70917892456055,56.31963965624095,55.56118855107344,56.31963965624095,4800
2020-12-10,55.977413177490234,56.25489468969858,55.54268990706355,55.54268990706355,4700
2020-12-11,55.99591064453125,56.01440988187594,55.59818586254221,55.746176232931006,7500
2020-12-14,56.52312469482422,56.74510847889963,56.42138065696939,56.42138065696939,8200
2020-12-15,56.84685516357422,56.86535440116994,56.22714658177704,56.56937365637595,5300
2020-12-16,56.615623474121094,56.883857143231076,56.615623474121094,56.883857143231076,3400
2020-12-17,57.059593200683594,57.2353342001182,56.920854206169295,56.920854206169295,3900
2020-12-18,57.67005157470703,57.679302957648254,57.170586275313504,57.263078934513,16800
2020-12-21,56.55087661743164,56.95785280362288,56.09765762800641,56.09765762800641,8500
2020-12-22,57.457313537597656,57.48506415703911,56.8838513090915,56.8838513090915,4300
2020-12-23,57.72555160522461,58.11402855187311,57.72555160522461,58.11402855187311,3300
2020-12-24,58.354515075683594,58.382262170540116,58.04003506328957,58.33601583632287,1600
2020-12-28,59.11296463012695,59.78817097065666,58.77073753224073,59.78817097065666,9300
2020-12-29,58.65973663330078,59.42743909656995,58.65048877891973,59.23320239924957,8000
2020-12-30,59.2516975402832,59.65867369652397,59.020465899285504,59.020465899285504,7400
2020-12-31,59.29794692993164,59.43668944180646,58.99271481515451,59.43668944180646,4500
2021-01-04,58.58574295043945,59.31644340780174,57.97528224133515,59.29794769912258,31400
2021-01-05,59.26094055175781,59.519922775786405,58.56723514165136,58.56723514165136,10600
2021-01-06,59.04821014404297,59.56617816866711,58.89096840170215,58.97421319979588,25000
2021-01-07,60.11189270019531,60.12114408286375,59.695672217701194,59.695672217701194,12100
2021-01-08,60.67610168457031,60.70384877337167,60.232134150275186,60.232134150275186,7800
2021-01-11,61.776798248291016,61.92478511006772,60.46338397679213,60.70386350927157,271600
2021-01-12,62.54448318481445,62.56297889104367,61.95252179116926,62.13750708040722,61200
2021-01-13,62.794219970703125,62.794219970703125,62.35025241184229,62.53523771857812,9600
2021-01-14,61.91553497314453,62.23001143537404,61.804539544672934,62.045026111325825,20300
2021-01-15,60.95359802246094,61.24032740238436,60.74085854085651,60.88885245097055,15200
2021-01-19,61.8322868347168,62.06352201888308,61.32357366359365,61.74904555565108,312500
2021-01-20,62.008026123046875,62.26700839309396,61.90628208028015,61.943280555535104,22100
2021-01-21,61.536293029785156,61.66578414091498,61.26805942623442,61.66578414091498,12100
2021-01-22,61.65654754638672,61.75828452639833,61.08308179896051,61.08308179896051,8100
2021-01-25,60.9073371887207,61.249567751652016,60.121139088905444,60.9073371887207,55600
2021-01-26,60.574363708496094,60.944341395210095,60.444872576656806,60.944341395210095,23000
2021-01-27,59.8529167175293,60.592872160398706,59.79742252917243,60.42638253858999,33100
2021-01-28,60.148895263671875,60.58361854105982,59.77891755589035,59.96390993815003,21600
2021-01-29,59.085208892822266,60.000901676140835,58.65973351814628,60.000901676140835,19700
2021-02-01,60.37086868286133,60.74084632701285,59.66791892138371,59.778907274913536,268100
2021-02-02,61.046085357666016,61.166325106581404,60.66685628866473,60.66685628866473,13300
2021-02-03,60.52812576293945,60.97209337721593,59.408948286997585,60.81485514119043,11500
2021-02-04,60.86110305786133,60.9350929533852,60.352382831984734,60.666859293990065,9100
2021-02-05,60.9073371887207,61.110825250099495,60.62060786045246,61.110825250099495,32300
2021-02-08,61.63804244995117,61.813783426185516,60.90733851218465,60.99983116298386,17100
2021-02-09,62.1930046081543,62.2022559901358,61.79527986379176,61.81378262775476,9300
2021-02-10,62.063514709472656,62.5629834952564,61.73978690111383,62.5629834952564,12400
2021-02-11,61.5085563659668,61.90628114804631,61.05533740020933,61.90628114804631,97200
2021-02-12,61.6657829284668,61.6657829284668,61.258813897233125,61.35130653811641,9600
2021-02-16,61.795284271240234,62.18376471806584,61.57330048500941,62.18376471806584,15300
2021-02-17,61.92477798461914,61.92477798461914,61.073834221287264,61.35131925820478,11400
2021-02-18,62.008026123046875,62.31325825134706,60.787104666583765,61.21257654690935,10400
2021-02-19,62.285491943359375,62.525978457201475,61.684286243858466,62.03576110506136,17700
2021-02-22,61.5085563659668,62.12826493949563,61.5085563659668,62.00802518928089,8800
2021-02-23,60.694602966308594,60.92583810965621,59.658666983686096,60.92583810965621,18300
2021-02-24,61.37906265258789,61.37906265258789,60.731607014438374,60.731607014438374,2800
2021-02-25,59.59392166137695,61.08307655496078,59.44592778181595,60.62060626643752,66800
2021-02-26,59.39969253540039,59.936159831877355,58.77998043527593,59.667926183638876,33400
2021-03-01,60.731605529785156,60.888843744243715,60.472616224119434,60.53736178635161,14300
2021-03-02,60.5836067199707,61.11082255724909,60.5836067199707,61.11082255724909,19700
2021-03-03,59.46444320678711,60.463380936316156,59.29795358519893,60.463380936316156,12800
2021-03-04,58.252769470214844,59.501441631002315,57.68855503404818,59.501441631002315,14900
2021-03-05,58.631996154785156,58.77998654015445,57.08734672801628,58.502505008633165,39600
2021-03-08,57.68854904174805,59.06671220308452,57.68854904174805,58.72448514050689,10800
2021-03-09,59.519927978515625,59.714164663515604,59.08520828280642,59.08520828280642,21600
2021-03-10,59.64017868041992,60.17663891645835,59.58467744054617,60.17663891645835,12200
2021-03-11,60.84260559082031,60.97209674018799,60.33389237737256,60.33389237737256,3900
2021-03-12,60.45412063598633,60.46337201824838,59.80666501238351,60.111890059660816,9100
2021-03-15,60.88883972167969,61.07382501391158,60.398622346202266,60.740845842504925,18800
2021-03-16,61.18483352661133,61.462311524383736,60.95359833343195,61.305073286638894,5800
2021-03-17,61.29582214355469,61.573307199154044,60.35238565664545,60.73161476218203,6200
2021-03-18,60.047149658203125,61.00908885075861,60.047149658203125,60.759357962115786,5300
2021-03-19,60.11189270019531,60.25063521327247,59.584676795892,60.08414560892735,15600
2021-03-22,61.138580322265625,61.332817027107005,60.58361730032772,60.58361730032772,4700
2021-03-23,60.35237503051758,61.129321758619284,60.35237503051758,61.09233034400794,3500
2021-03-24,59.46444320678711,60.52812650822611,59.46444320678711,60.52812650822611,10300
2021-03-25,59.01121139526367,59.12220328274545,58.326757306029435,58.97421292331358,26300
2021-03-26,59.53843688964844,59.53843688964844,59.011217431353096,59.011217431353096,11900
2021-03-29,59.13145065307617,59.57542522961832,58.946461834244985,59.57542522961832,3700
2021-03-30,58.94647216796875,59.16845949515573,58.85397950652268,58.955723551134675,8500
2021-03-31,59.65867233276367,59.84365764133318,59.112957204398995,59.112957204398995,3200
2021-04-01,60.44487762451172,60.555873056816566,60.084151290443494,60.084151290443494,33500
2021-04-05,61.369815826416016,61.49006263724073,61.295818874637376,61.406814302305335,26300
2021-04-06,61.54555130004883,61.87853049643581,61.527048535395615,61.527048535395615,20200
2021-04-07,61.71204376220703,61.97102602547431,61.41606302465337,61.64729819639021,16700
2021-04-08,62.04502487182617,62.21151448283863,62.008026396408106,62.008026396408106,8100
2021-04-09,62.13751983642578,62.13751983642578,61.64730236824718,61.934031742448724,4800
2021-04-12,61.62879180908203,61.92477252924152,61.62879180908203,61.92477252924152,3900
2021-04-13,62.09125900268555,62.13750885468388,61.61029300289148,61.61029300289148,19200
2021-04-14,61.92477798461914,62.47974805845418,61.776791139870724,62.3502569230227,13500
2021-04-15,62.50749206542969,62.50749206542969,62.1375143867143,62.1375143867143,8700
2021-04-16,62.57225036621094,62.67399442498559,62.368762248661646,62.63699594390947,18100
2021-04-19,62.257747650146484,62.64622805354983,62.10976082811289,62.64622805354983,5000
2021-04-20,62.156009674072266,62.3780005138401,61.897027417747026,62.27625647646415,17500
2021-04-21,62.470489501953125,62.48898520914621,61.80453113521305,61.80453113521305,10100
2021-04-22,62.461238861083984,62.95145625999047,62.25775079586162,62.36874621054751,15300
2021-04-23,62.61848068237305,62.868218615628486,62.498240935417996,62.50749231802602,10600
2021-04-26,63.37694549560547,63.413943977323974,62.69249122566014,62.69249122566014,9600
2021-04-27,63.38618087768555,63.53417476719691,63.26594113501036,63.53417476719691,6200
2021-04-28,63.30293655395508,63.31218087905084,62.747966551793645,63.06245002346757,6500
2021-04-29,63.663673400878906,63.69142049425062,63.27519998019918,63.672917727510885,4200
2021-04-30,63.28445053100586,63.61742979769146,63.164210762323286,63.61742979769146,2100
2021-05-03,63.598907470703125,64.06137769681436,63.598907470703125,63.95038230212284,64800
2021-05-04,62.30400466918945,63.11794992585564,62.25775481256885,63.11794992585564,3100
2021-05-05,62.1930046081543,62.68322200212134,62.183760282909624,62.46123823172315,4500
2021-05-06,62.35948944091797,62.553726107284525,62.017265957825785,62.553726107284525,5700
2021-05-07,62.94221115112305,63.21043771731874,62.48898517268356,62.48898517268356,6800
2021-05-10,61.96176528930664,62.7109719312193,61.78603138389592,62.7109719312193,20400
2021-05-11,60.84260559082031,61.04609369889477,60.158151364628544,60.45413214271729,20600
2021-05-12,59.4459342956543,60.500373161226015,59.33494593055848,60.500373161226015,25800
2021-05-13,59.723426818847656,60.40788103089384,59.51993871497868,59.96391340130538,47300
2021-05-14,60.68535614013672,60.87959282832104,60.16739163831187,60.26913567356133,12700
2021-05-17,60.361629486083984,60.48186923153547,59.97314904551529,60.35237810359165,13700
2021-05-18,61.01832962036133,61.35130878512553,60.66684769270111,60.66684769270111,14000
2021-05-19,61.00908279418945,61.00908279418945,60.241380381621276,60.241380381621276,5700
2021-05-20,62.40574264526367,62.627726410653295,61.46229929306858,61.46229929306858,7000
2021-05-21,62.553741455078125,62.80347941363518,62.45199740629385,62.59999131606662,5700
2021-05-24,63.05322265625,63.25671079364532,62.82198741952612,62.82198741952612,4600
2021-05-25,63.0439567565918,63.31218332948475,62.9699598125414,63.228942059980795,3100
2021-05-26,63.312191009521484,63.69142010122911,62.93296897455169,62.93296897455169,14600
2021-05-27,63.487918853759766,63.79315092919524,63.33068065371229,63.53416870400261,9500
2021-05-28,63.50642776489258,63.774654340712885,63.45092652788056,63.45092652788056,2400
2021-06-01,63.321441650390625,63.506434030787936,62.80347709875367,63.506434030787936,94600
2021-06-02,63.58042907714844,63.58042907714844,63.24744982219487,63.35844525942551,21100
2021-06-03,62.75722885131836,62.93296985302508,62.488995185406296,62.93296985302508,3800
2021-06-04,63.38618087768555,63.38618087768555,63.24743837045291,63.24743837045291,1200
2021-06-07,63.73766326904297,63.913397193107855,63.33068712686452,63.33068712686452,13100
2021-06-08,64.01514434814453,64.07063853142327,63.39543577907378,63.41393148792088,1400
2021-06-09,63.487918853759766,63.922642041791555,63.469423147704454,63.922642041791555,173100
2021-06-10,64.09758758544922,64.10685489970545,63.569463775077665,63.68991058485027,3500
2021-06-11,64.20877075195312,64.25509318300372,63.98639763490908,63.98639763490908,2800
2021-06-14,64.79248809814453,64.83881760081506,64.60718422524167,64.63497909928815,2400
2021-06-15,64.15316772460938,64.79247800363363,64.14390748062971,64.75541582104933,5600
2021-06-16,64.04200744628906,64.37556012066223,63.75477721236788,64.30143573327027,3300
2021-06-17,64.39407348632812,64.42186835824961,63.82888752762764,63.875217026756175,6200
2021-06-18,63.93080139160156,64.00492575641492,63.699168053226195,64.00492575641492,9000
2021-06-21,64.11612701416016,64.24584116220149,63.47682358992527,64.15318920915638,51400
2021-06-22,64.54232025146484,64.63497217799485,64.12537597874652,64.12537597874652,4900
2021-06-23,64.65348815917969,64.78320224687344,64.56083624923953,64.56083624923953,4600
2021-06-24,65.13530731201172,65.19089705948437,64.9036739390229,65.08897780985814,2500
2021-06-25,65.10751342773438,65.40400389910107,65.07045830409267,65.40400389910107,2000
2021-06-28,65.10751342773438,65.20017244350994,64.9500044111406,64.9500044111406,8400
2021-06-29,64.82954406738281,65.28354346066524,64.73689213981952,65.10749985007271,6600
2021-06-30,64.51451873779297,64.95925788452007,64.4959911799201,64.95925788452007,9200
2021-07-01,64.51451873779297,64.65350016295075,64.32921488350854,64.6071777338241,15500
2021-07-02,64.6349868774414,64.68130931679673,64.46821054420316,64.55159517637703,3400
2021-07-06,64.6257095336914,64.6257095336914,64.18097035777187,64.54232491445677,104700
2021-07-07,64.74615478515625,64.8573413436884,64.44040411974895,64.8573413436884,5600
2021-07-08,63.782554626464844,63.930803360657585,62.995002665509844,63.560188594064435,34200
2021-07-09,64.51451873779297,64.57011554918944,63.94007254817791,63.98639497730455,6600
2021-07-12,64.56085205078125,64.84807516256112,64.3940757445147,64.53305717788504,9100
2021-07-13,64.17170715332031,64.60717899516835,64.17170715332031,64.40334051014254,10500
2021-07-14,63.95859909057617,64.607176708052,63.856679851671245,64.607176708052,14300
2021-07-15,63.14326095581055,63.56019821327172,63.106198766653364,63.4768135893354,8700
2021-07-16,62.744850158691406,63.14325984903556,62.494682153487815,63.14325984903556,10400
2021-07-19,62.22598648071289,62.22598648071289,61.2901857682715,62.0036133753143,13700
2021-07-20,63.096927642822266,63.319293695450774,62.18892880440371,62.337170483192935,37200
2021-07-21,64.10684967041016,64.14391185552226,63.42120984916979,63.50460153289428,88200
2021-07-22,64.23656463623047,64.38480630975693,63.99566396424974,64.29215438019175,15800
2021-07-23,64.66277313232422,64.74615775337911,64.31995319613408,64.39407757188701,6800
2021-07-26,64.78321838378906,64.8851376307767,64.60718183171991,64.83881519871191,8100
2021-07-27,64.47745513916016,64.51451732298204,64.04199038425267,64.12537499618534,11400
2021-07-28,65.42253875732422,65.7746189842683,64.5145327093552,64.5145327093552,7800
2021-07-29,65.92285919189453,66.09889574805516,65.81167262835397,65.81167262835397,3300
2021-07-30,65.58930969238281,65.8487379507707,65.54298018814646,65.78388088617373,6100
2021-08-02,66.27494049072266,66.58996555828851,66.27494049072266,66.58996555828851,3200
2021-08-03,66.05258178710938,66.11743885693784,65.7190291225943,66.11743885693784,2500
2021-08-04,65.9506607055664,66.08964215676258,65.81167925437023,65.81167925437023,5500
2021-08-05,64.95925903320312,65.53371230186525,64.82027760558772,65.53371230186525,4900
2021-08-06,64.5886459350586,64.93146585627287,64.38480744508736,64.93146585627287,17700
2021-08-09,64.45893859863281,64.60718735925818,64.33849178229218,64.42187640847646,8600
2021-08-10,64.37554168701172,64.74614938006835,64.34773974803271,64.74614938006835,21000
2021-08-11,63.6621208190918,64.25510173905737,63.37489767410883,64.25510173905737,6900
2021-08-12,64.16244506835938,64.29215919323912,63.99566875510119,64.01419631484559,9000
2021-08-13,64.26436614990234,64.41260783874951,64.18097445645282,64.31069565391762,7000
2021-08-16,63.87522506713867,64.10685845416033,63.689914116187346,64.09759113939027,2800
2021-08-17,63.30076599121094,63.467542297522044,62.930151191754106,63.467542297522044,5600
2021-08-18,64.09758758544922,64.49599727179194,63.83815933739156,63.83815933739156,19800
2021-08-19,64.24583435058594,64.40335042984209,64.06979777913165,64.06979777913165,9800
2021-08-20,64.65348815917969,64.69055033693328,64.20875616391186,64.41258753822517,5000
2021-08-23,65.41325378417969,65.47811083660626,64.91292492165107,64.91292492165107,12600
2021-08-24,66.2842025756836,66.35832694677937,65.74681148857289,65.74681148857289,3600
2021-08-25,66.85865783691406,66.97910464186032,66.57142765759716,66.57142765759716,15700
2021-08-26,66.32127380371094,66.6640866962133,66.237882107636,66.59922962988394,5000
2021-08-27,66.73820495605469,66.95131076524189,66.70114276885303,66.95131076524189,4400
2021-08-30,67.41458129882812,67.42384154448303,66.96057478170445,66.99763697099351,15100
2021-08-31,66.85865783691406,67.24780019340746,66.77526614972874,67.05322901516075,3700
2021-09-01,67.22000885009766,67.40531272418905,67.17367934712998,67.17367934712998,7200
2021-09-02,67.20146942138672,67.4516374093201,67.0995501772493,67.0995501772493,6700
2021-09-03,67.4516372680664,67.64620844222425,67.4516372680664,67.64620844222425,700
2021-09-07,67.31266784667969,67.67401538727763,67.3034005313363,67.451649301269,13800
2021-09-08,67.00691223144531,67.23854564030248,66.86793077235288,67.23854564030248,9100
2021-09-09,67.65547180175781,68.08168342445605,67.3497211247988,67.3497211247988,3900
2021-09-10,67.18295288085938,67.91491526839309,67.18295288085938,67.91491526839309,2100
2021-09-13,67.21073913574219,67.8315148675601,67.12734744715607,67.8315148675601,5100
2021-09-14,67.16439819335938,67.89636036231008,67.07174627540485,67.59060267106075,49400
2021-09-15,67.47017669677734,67.63695302809539,67.29413305013874,67.29413305013874,33100
2021-09-16,67.30339050292969,67.40530974984955,67.00690007613267,67.34972000385304,31800
2021-09-17,67.27558898925781,67.47942746297693,67.14587488214359,67.41457040941982,23800
2021-09-20,66.46025085449219,66.8030637243154,66.0711014133705,66.68261691449773,49500
2021-09-21,66.87718963623047,67.37751858439854,66.82159988717504,67.22000958281501,31100
2021-09-22,67.83152770996094,67.95197453973437,67.34046600618137,67.34046600618137,9900
2021-09-23,68.72099304199219,68.74878791800975,68.11874480901446,68.5634840319659,25900
2021-09-24,68.4708251953125,68.76731562446614,68.11873795083108,68.4615578812763,57300
2021-09-27,68.22065734863281,68.46155803187803,68.09094322739834,68.45229071782144,40700
2021-09-28,66.9791030883789,67.72959291119385,66.84012165888636,67.72959291119385,38800
2021-09-29,66.69187927246094,67.02542480323656,66.65481708706608,67.02542480323656,25700
2021-09-30,66.33979797363281,66.76600254042484,66.24714603631102,66.71968010620878,28700
2021-10-01,66.54363250732422,66.63628443911874,65.82093754288198,66.41391838903404,131700
2021-10-04,65.32061767578125,66.37686539609118,65.13531378652662,66.37686539609118,24100
2021-10-05,65.87654113769531,66.2193611331858,65.26503260417994,65.31135504537113,170600
2021-10-06,65.45960235595703,65.58931649861147,64.85735408283827,65.42254016249997,43900
2021-10-07,66.0988998413086,66.39539736244437,65.83947157920475,65.9228632742467,55900
2021-10-08,65.83021545410156,66.21935787161641,65.70976156137762,66.13596617135443,13000
2021-10-11,66.37686157226562,66.80306614811076,66.3212718224697,66.33979938277172,14300
2021-10-12,66.9698486328125,67.45165007170654,66.92352619334724,67.39605324790153,15100
2021-10-13,68.35962677001953,68.35962677001953,67.6091370477883,67.6091370477883,74500
2021-10-14,68.84143829345703,69.07307165639747,68.60053761670997,68.73025173444549,14400
2021-10-15,68.9526138305664,69.21204205116456,68.87848946214154,69.05453306992837,15600
2021-10-18,69.08232116699219,69.14717821578216,68.5356699084607,68.57273208903901,29800
2021-10-19,69.17498779296875,69.35102433404795,68.8692300710943,68.98040955622032,15300
2021-10-20,69.38809204101562,69.49001128975176,69.18425354354338,69.31396766577308,23600
2021-10-21,70.02741241455078,70.16639387077004,69.49928853603001,69.49928853603001,19900
2021-10-22,69.879150390625,70.1107837507654,69.69384653006834,70.09225619226541,18700
2021-10-25,70.42581939697266,70.72230985982497,70.16639112558816,70.25904306981259,23300
2021-10-26,70.2497787475586,70.93541164669753,70.0274126581685,70.65745580218254,17800
2021-10-27,69.73091125488281,70.49992866619337,69.59192981996037,70.43507160574816,14000
2021-10-28,70.18490600585938,70.499923973083,69.86988803863574,69.89768290999207,20600
2021-10-29,70.26830291748047,70.55553313250445,70.19418560385542,70.21271316503913,14300
2021-11-01,71.72295379638672,71.98238201703651,70.99099156304548,70.99099156304548,41200
2021-11-02,71.91753387451172,72.18622944173772,71.70442805606015,71.97312362328617,13900
2021-11-03,71.87120819091797,72.09357426672325,71.38941384852482,71.79708380935284,15100
2021-11-04,72.69581604003906,72.94598403838064,71.8989966812072,71.8989966812072,26300
2021-11-05,72.26961517333984,73.14981919725408,72.12136641581459,72.97378263380513,32000
2021-11-08,72.5938949584961,72.75140394968808,72.41785840847123,72.60316227235718,22800
2021-11-09,72.99230194091797,73.1034884964902,72.42711598731489,72.83479295552407,24800
2021-11-10,71.99165344238281,73.0942306202735,71.99165344238281,72.7514106646639,53700
2021-11-11,72.84406280517578,73.25173271868933,72.84406280517578,72.88112499165688,19600
2021-11-12,73.70574951171875,73.70574951171875,73.09423395257289,73.14982370562605,25600
2021-11-15,73.73352813720703,74.15046533099238,73.49262747892126,74.15046533099238,17700
2021-11-16,73.75206756591797,74.0948875167797,73.56676368749477,73.75206756591797,12900
2021-11-17,73.2610092163086,74.18754278781567,73.13129508180882,74.12268572056578,13300
2021-11-18,73.02937316894531,73.41851555830002,72.89039172449294,73.41851555830002,12300
2021-11-19,72.73287963867188,73.39998488867312,72.70508476473675,73.25173613583301,20200
2021-11-22,72.37153625488281,73.41851662301276,72.22328749361307,73.41851662301276,13500
2021-11-23,71.22262573242188,71.87119629151044,70.72229684302972,71.87119629151044,33200
2021-11-24,71.10218048095703,71.1207151099706,70.23124377734298,70.56479641068957,14300
2021-11-26,69.75869750976562,70.38874047720465,69.59192122224093,69.95326866706301,38500
2021-11-29,70.71304321289062,70.83349003463144,70.12932959676009,70.30536617178278,35800
2021-11-30,69.67530822753906,70.68523330030344,69.17498641664855,70.42580508165241,112900
2021-12-01,69.40662384033203,71.86193181738263,69.33249946811071,70.93539837128378,230300
2021-12-02,69.61045837402344,69.80502955813994,68.98968263390563,69.29544038132705,84300
2021-12-03,68.50788116455078,69.89768125048207,68.00755228534886,69.89768125048207,71500
2021-12-06,69.25837707519531,69.45294825616993,68.22992435512273,68.86923471324606,36900
2021-12-07,71.28749084472656,71.5469190976807,70.36095733052483,70.36095733052483,50400
2021-12-08,72.00092315673828,72.20476167395427,71.3523524827694,71.70443269593963,40100
2021-12-09,71.40794372558594,72.0843163587482,71.14851545058353,72.03798685154477,76400
2021-12-10,71.17630767822266,71.58398470599035,70.90761209800215,71.57471739111652,46000
2021-12-13,70.150634765625,70.64616657153702,69.88884491595363,70.6181186781063,33600
2021-12-14,69.22502899169922,69.62706550202009,69.00063867738322,69.23438066865724,103500
2021-12-15,70.59944152832031,70.59944152832031,69.00064697180707,69.49617891155651,45400
2021-12-16,70.35633850097656,71.16976318848891,69.96365367248345,71.0014686715291,24400
2021-12-17,70.04779815673828,70.34698761991363,69.25307681391998,69.67380954445923,41700
2021-12-20,68.29005432128906,68.41159757685115,67.85996995556306,68.18720728456776,96400
2021-12-21,69.83274841308594,69.94493998565855,68.85102935364557,68.87907724678873,35900
2021-12-22,70.51527404785156,70.51527404785156,69.60835408543772,69.8701510772621,89800
2021-12-23,71.62789154052734,71.65593943626818,71.0949601217344,71.12300801747524,24200
2021-12-27,72.60961151123047,72.74050644832589,72.16082377458966,72.27302249205964,22900
2021-12-28,73.18928527832031,73.56327386091924,73.02099077281274,73.45107514616788,19300
2021-12-29,72.73114776611328,73.27343081512447,72.7217960905818,73.19863167734947,17400
2021-12-30,72.94619750976562,73.45108106698649,72.69375929777493,73.09579580815972,19200
2021-12-31,72.83401489257812,73.09580481378163,72.6470169965468,72.90881405099066,22700
2022-01-03,73.76897430419922,74.20841039168293,73.24538739008014,73.81571842278373,96500
2022-01-04,73.48849487304688,74.25516846768862,72.86206792699929,74.25516846768862,16000
2022-01-05,72.170166015625,73.8624554334255,72.16081434041536,73.70351262105224,33000
2022-01-06,72.7966079711914,73.01164661338844,72.14213323419222,72.4506672483549,43200
2022-01-07,72.57221984863281,72.97425638017069,72.32912616757181,72.67506690088017,13200
2022-01-10,71.7120361328125,71.72138780925714,70.63682873856904,71.63724412097267,29100
2022-01-11,73.28279113769531,73.46043734485461,72.14213614057746,72.32912689204205,78000
2022-01-12,73.7502670288086,74.38604550031725,73.45107757946565,74.04011193487521,41900
2022-01-13,73.01164245605469,74.70393926520286,72.9274987660487,74.54499642858761,30800
2022-01-14,73.19865417480469,73.36694871990423,72.6470192807182,72.92751256696428,16000
2022-01-18,71.24455261230469,71.8896827593935,71.20716017277529,71.70269202878994,57700
2022-01-19,71.12300872802734,71.80553844190888,71.00146546752309,71.52504521522023,42900
2022-01-20,70.63682556152344,72.16082062445638,70.63682556152344,71.2352044287633,93600
2022-01-21,69.55226135253906,70.59007628984357,69.49616556130282,70.57138007051114,78300
2022-01-24,68.07500457763672,68.11240414636273,65.12050998066518,67.2802833586144,131000
2022-01-25,66.77540588378906,67.48598348698765,66.32662528520817,67.18679404352072,70000
2022-01-26,67.1867904663086,68.69208927982874,66.85955314450825,68.09371042475424,78700
2022-01-27,66.25181579589844,67.4859729491424,66.22376790452165,67.35507803389211,68400
2022-01-28,67.34573364257812,67.52337981816105,65.9245856376307,66.4388136793749,56600
2022-01-31,69.09413146972656,69.19697851270963,67.19614771270315,67.19614771270315,51900
2022-02-01,69.50550842285156,69.55225966991007,68.53314810983161,69.14087152215939,131500
2022-02-02,69.52422332763672,70.12260229657495,69.06609098993962,69.92625986613335,85900
2022-02-03,67.87866973876953,68.72014229556716,67.78517437317849,68.5611994607385,58500
2022-02-04,68.42094421386719,68.76688486947383,67.57012008787717,67.57947176322823,100400
2022-02-07,68.66403198242188,69.08476460522844,68.4396345925699,68.4396345925699,109300
2022-02-08,68.79493713378906,68.90712871217785,68.08435955995903,68.41159688565749,16000
2022-02-09,70.39373016357422,70.39373016357422,69.60835346161686,69.60835346161686,35400
2022-02-10,69.68315887451172,70.54332766051584,69.06608374828762,69.13153121823926,33500
2022-02-11,68.3368148803711,69.67381954626148,68.07502495416718,69.49618045818912,34400
2022-02-14,67.6916732788086,68.08435806100134,67.28963682087644,67.89736734564438,40500
2022-02-15,69.45877075195312,69.71120896306408,68.97258341710614,69.18762918698836,28700
2022-02-16,70.20673370361328,70.24413327427901,69.37461287270712,69.74860144612576,13000
2022-02-17,68.65469360351562,69.75795601761354,68.42095162708165,69.73925266488496,43000
2022-02-18,67.98150634765625,68.82297877531171,67.719716510883,68.81362710021607,54500
2022-02-22,67.75712585449219,68.14045898986636,67.42988851130958,67.67297503296575,26400
2022-02-23,67.12135314941406,68.61730051325895,66.95305862515403,68.51445346325339,13100
2022-02-24,67.5140380859375,67.57948556028019,64.21360220378266,64.36319337374891,40800
2022-02-25,68.67338562011719,68.70144064749304,67.31768509306615,67.55142705519485,29100
2022-02-28,69.36527252197266,69.39332041835732,67.87866981443321,67.87866981443321,26600
2022-03-01,67.68232727050781,68.2620099498363,67.21484330973169,68.09371543862733,25100
2022-03-02,68.7762451171875,68.98193922245315,67.79453297829217,67.94412415187819,74300
2022-03-03,67.1867904663086,68.11240664318342,67.12134300194853,68.11240664318342,9900
2022-03-04,66.12092590332031,66.85019966746542,65.8684805952772,66.81280009837613,45300
2022-03-07,64.74653625488281,66.00874167219281,64.37254761521022,66.00874167219281,21300
2022-03-08,64.23229217529297,65.2420592239643,63.63391328717047,63.88635861595782,27300
2022-03-09,66.1863784790039,66.63515907626814,65.61604748949976,65.61604748949976,80600
2022-03-10,65.90589141845703,65.90589141845703,65.11117005600865,65.43840742487096,7000
2022-03-11,64.7091293334961,66.18638036926177,64.5501864979773,66.18638036926177,5700
2022-03-14,63.3814811706543,64.4286478919238,63.19448329190633,64.4286478919238,5300
2022-03-15,64.783935546875,64.783935546875,63.708720887516385,63.87701541796591,27100
2022-03-16,66.49491882324219,66.53231839478501,65.37295307667439,65.42905600060807,5700
2022-03-17,67.25223541259766,67.30833119902347,66.30791591941241,66.4014112745349,26000
2022-03-18,68.06566619873047,68.06566619873047,67.21484198295781,67.2241936592957,26100
2022-03-21,68.39290618896484,68.75754311464615,67.85062307217342,68.14981252743088,16700
2022-03-22,69.33722686767578,69.51486592826915,68.5705462977615,68.5705462977615,34000
2022-03-23,68.97257995605469,69.49616683909622,68.81363712247025,68.81363712247025,3400
2022-03-24,69.60836029052734,69.6364153206527,69.00063683602428,69.25307504123825,18700
2022-03-25,69.68315887451172,70.04779579756215,69.55226393460845,70.0103962242699,8000
2022-03-28,69.17828369140625,69.27177906931117,68.7107996686416,69.04738873569136,6100
2022-03-29,70.43112182617188,70.70226332776132,69.66444856187123,69.66444856187123,6500
2022-03-30,70.37503814697266,70.7677301278197,70.15999950181426,70.43114107751637,14800
2022-03-31,69.38397216796875,70.02910234962884,69.3559242701991,70.02910234962884,5900
2022-04-01,69.57096862792969,69.75795936475348,69.19698002104273,69.65511231952858,165700
2022-04-04,70.84252166748047,70.84252166748047,69.9917045034174,69.9917045034174,15100
2022-04-05,70.27218627929688,71.3754414826027,70.06649221317596,71.20715411930942,92100
2022-04-06,68.94453430175781,69.70186318819243,68.49575368254554,69.70186318819243,147400
2022-04-07,69.36527252197266,69.49616746059384,68.71079069562755,68.71079069562755,66900
2022-04-08,68.95387268066406,69.4494044548816,68.94452100570581,69.25306208018624,78100
2022-04-11,68.36485290527344,68.89778430337202,68.17785505219753,68.48639615984374,98400
2022-04-12,68.47705078125,69.36527461525738,68.25266047016197,68.98193433112759,50500
2022-04-13,68.89779663085938,69.01933990717671,68.09372355186157,68.23397018345236,225000
2022-04-14,68.28070068359375,68.88843121042211,68.28070068359375,68.88843121042211,10800
2022-04-18,68.03761291503906,68.57989602472328,67.88802175599052,68.50509687857942,39000
2022-04-19,69.56161499023438,69.56161499023438,68.32745761556482,68.33680215887505,17400
2022-04-20,69.2156753540039,70.02910002856102,69.04738083972447,69.77665469052224,29600
2022-04-21,67.61688995361328,69.35593111946655,67.54209079668105,69.32788321892701,39200
2022-04-22,66.51361083984375,67.49532991440745,66.39206758993828,67.31768374411307,52100
2022-04-25,67.08394622802734,67.18679326677125,66.20507412721186,66.364024090059,17300
2022-04-26,65.43840026855469,66.43881562009427,65.43840026855469,66.43881562009427,10300
2022-04-27,64.9709243774414,65.27011385236393,64.72783783316919,64.72783783316919,48300
2022-04-28,66.1770248413086,66.37336723844726,65.11116203784796,65.45710271846681,22000
2022-04-29,64.64366912841797,66.21441522072534,64.52212588989124,65.87782626285679,36400
2022-05-02,62.960750579833984,63.0075018397265,62.01643790252367,62.33432364342241,49800
2022-05-03,62.87659454345703,62.90464244059678,62.35301477487673,62.54935718809434,32800
2022-05-04,63.334720611572266,63.48431889258942,61.48348825003622,62.21276203689821,38700
2022-05-05,60.97861099243164,62.493254509936776,60.60462238485084,62.493254509936776,21000
2022-05-06,60.744869232177734,60.83836460111375,59.68835444342616,60.83836460111375,12400
2022-05-09,57.59402084350586,58.62248766687314,57.20133604000488,58.62248766687314,48400
2022-05-10,57.89321517944336,58.32330315767861,57.285488136930994,57.958666218847235,102900
2022-05-11,57.38833236694336,58.687937215018714,57.17329017169388,58.070858525766404,7300
2022-05-12,57.687522888183594,58.21110265445984,56.743203266944526,57.173291232039574,38400
2022-05-13,59.62290573120117,59.79120024507986,58.762733375085695,58.762733375085695,14000
2022-05-16,59.435909271240234,59.8659936503628,59.3237141216038,59.3237141216038,16700
2022-05-17,61.54894256591797,61.55828710959273,60.95056364171883,61.18430563189785,16600
2022-05-18,59.435909271240234,60.894456916372334,59.16476772355098,60.894456916372334,21900
2022-05-19,59.38916778564453,59.6883572603031,58.79078883632739,58.996479371017735,12500
2022-05-20,59.361114501953125,60.10908812074628,58.25785207675089,60.10908812074628,13100
2022-05-23,60.726165771484375,60.726165771484375,60.14649020515846,60.38023219370649,5800
2022-05-24,59.35176086425781,59.35176086425781,58.59443559403152,59.164766574083735,15500
2022-05-25,58.78143310546875,58.949727619186135,58.005411573656026,58.005411573656026,11400
2022-05-26,59.987548828125,60.06234084502274,58.71598824212923,58.71598824212923,9600
2022-05-27,60.95990753173828,61.01601045938249,59.98754714027059,60.024939581047576,10300
2022-05-31,61.100154876708984,61.41804769300408,60.54852720320439,60.78226919365334,84300
2022-06-01,60.95990753173828,61.24975244705517,60.455031115615945,61.10950582780369,37100
2022-06-02,61.74528503417969,61.74528503417969,60.56722340536869,60.56722340536869,15600
2022-06-03,60.93186569213867,61.13755980305822,60.857066536669734,61.09080854758011,3000
2022-06-06,61.07210922241211,61.60504069488125,61.07210922241211,61.51154532191538,8900
2022-06-07,61.137550354003906,61.137550354003906,60.277381598773886,60.314781170728104,25200
2022-06-08,60.65137481689453,60.987963856948085,60.50177651765316,60.86641345550459,26300
2022-06-09,58.9140510559082,59.923790225258394,58.895176989208366,59.923790225258394,7700
2022-06-10,57.677825927734375,58.02699075730064,57.45134433003418,58.02699075730064,14100
2022-06-13,54.2994499206543,55.403555863842755,54.13902214779479,55.403555863842755,16100
2022-06-14,54.837345123291016,54.93171185499957,54.422122864109234,54.75241362480929,35800
2022-06-15,56.30005645751953,56.88513816985594,55.61116917044302,55.61116917044302,7600
2022-06-16,54.28057098388672,54.83734332234605,53.9691542997278,54.83734332234605,10500
2022-06-17,54.658042907714844,54.85621880268109,54.12014462107797,54.29944644986362,5600
2022-06-21,56.52653503417969,57.423029765552535,56.38498133982609,56.44160353753953,17600
2022-06-22,56.460479736328125,56.87569840233225,55.99807410385024,55.99807410385024,20700
2022-06-23,56.27174377441406,56.37554934291743,55.70553256435755,56.37554934291743,2000
2022-06-24,57.753326416015625,57.93262466062551,57.04556507170136,57.04556507170136,33900
2022-06-27,57.875999450683594,58.026988376241455,57.630640196739606,58.026988376241455,4200
2022-06-28,57.130496978759766,57.92318983396043,57.03612663893803,57.885441698031734,14100
2022-06-29,57.11162185668945,57.13993115818328,55.58285837839746,55.58285837839746,2700
2022-06-30,55.837650299072266,55.95089470681153,55.22425928985627,55.384683467696334,16300
2022-07-01,55.799903869628906,55.847087237989065,54.64861096236777,55.35637228735088,20100
2022-07-05,55.91313934326172,55.91313934326172,54.87509093885821,55.03551509596097,71700
2022-07-06,55.601722717285156,55.837643136689515,55.26200033722522,55.26200033722522,3300
2022-07-07,57.06443786621094,57.09274716739651,56.61147104794045,56.649215582901114,9200
2022-07-08,57.045562744140625,57.43247211925141,56.95119240883299,57.09274611186434,16300
2022-07-11,56.54541015625,57.10218254676758,56.54541015625,57.10218254676758,3600
2022-07-12,56.498226165771484,56.98894111471381,56.37555012843109,56.98894111471381,5300
2022-07-13,56.67752456665039,56.96062835852005,56.09243931694507,56.09243931694507,6500
2022-07-14,55.91313934326172,56.092437565881255,55.460172570438736,55.96032270712371,10500
2022-07-15,56.668087005615234,56.78132780493284,56.31892577446753,56.31892577446753,1800
2022-07-18,57.05499267578125,57.60232977012242,57.05499267578125,57.49852421086048,9200
2022-07-19,58.149662017822266,58.27234163976145,57.59288970269493,57.59288970269493,4300
2022-07-20,59.18771743774414,59.18771743774414,58.43276919706801,58.43276919706801,9000
2022-07-21,59.96154022216797,59.96154022216797,59.18772146272642,59.18772146272642,23500
2022-07-22,59.23490524291992,59.93322773807182,59.02729410118598,59.92379250429313,5900
2022-07-25,58.715877532958984,59.04616469367956,58.56488860236386,59.04616469367956,2700
2022-07-26,57.54570770263672,58.385583811470745,57.45134097574791,58.385583811470745,2600
2022-07-27,59.5368766784668,59.772797095864455,58.357274591478514,58.357274591478514,9800
2022-07-28,60.06534194946289,60.06534194946289,59.15940477697637,59.48025670059742,7700
2022-07-29,60.45225143432617,60.48056073526111,59.94266601819611,59.94266601819611,6300
2022-08-01,60.508872985839844,60.74479341002084,60.206891531016986,60.206891531016986,17000
2022-08-02,60.1785888671875,60.56549826150943,59.84829807700121,60.272955607320505,4600
2022-08-03,61.21664047241211,61.26382024220548,60.659864470972906,60.744799576154115,6600
2022-08-04,61.745094299316406,61.745094299316406,61.35818134406756,61.395929476266474,2100
2022-08-05,61.59410095214844,61.71678418009489,61.16000823720857,61.16000823720857,3500
2022-08-08,63.02851104736328,63.27387034203474,62.82089989031213,62.82089989031213,8900
2022-08-09,62.698219299316406,63.151182518493286,62.57553606101056,63.151182518493286,4700
2022-08-10,65.43489837646484,65.43489837646484,64.49121649252584,64.49121649252584,21700
2022-08-11,65.2083969116211,66.02940249289571,65.2083969116211,66.0199636610045,8200
2022-08-12,66.36913299560547,66.36913299560547,65.55756619056207,65.55756619056207,22400
2022-08-15,65.93505096435547,66.10491397893715,65.39715261813363,65.39715261813363,2400
2022-08-16,66.04828643798828,66.15209201082163,65.61419367874004,65.9539196989727,4900
2022-08-17,65.34996032714844,65.57644192824503,64.98192502547136,65.57644192824503,3400
2022-08-18,66.2842025756836,66.46350440795975,65.94447657753943,66.02941167693558,2200
2022-08-19,65.13290405273438,65.75573739509069,65.01022803062764,65.75573739509069,16400
2022-08-22,63.981624603271484,64.32135060432901,61.830024196667004,64.17035807064998,10200
2022-08-23,64.67994689941406,64.82150059942985,64.49120623281958,64.69881736621338,6600
2022-08-24,65.50094604492188,65.63306089845689,65.0291052252341,65.0291052252341,5100
2022-08-25,65.61418914794922,65.63306681428121,65.09516851934256,65.09516851934256,3500
2022-08-26,64.05709838867188,65.38769277533532,63.8872354286663,65.38769277533532,8400
2022-08-29,62.9813117980957,63.55695818507943,62.9813117980957,63.29272847296618,29000
2022-08-30,62.7642707824707,63.34934881839168,62.311300406535864,63.34934881839168,4500
2022-08-31,62.58498001098633,63.1511876811052,62.58498001098633,63.07569140516371,10300
2022-09-01,61.84890365600586,62.01876666145832,60.93353119327429,61.49030717770421,23700
2022-09-02,61.490299224853516,62.339606942550084,61.19775302013712,62.25467905066825,2000
2022-09-06,60.16914367675781,60.66929742623365,59.94266208442083,60.66929742623365,37000
2022-09-07,60.16914367675781,60.33900667094055,59.310393472771764,59.53687866496875,6700
2022-09-08,60.3673210144043,60.3673210144043,59.89548015257493,59.89548015257493,2600
2022-09-09,61.66960144042969,61.66960144042969,60.65042341393819,60.65042341393819,21800
2022-09-12,62.518917083740234,62.717089390907134,62.179191071533964,62.179191071533964,11500
2022-09-13,60.140838623046875,61.10339445807625,60.13140338930847,61.10339445807625,8600
2022-09-14,59.95209884643555,60.169145211235424,59.94266361312255,60.08421371197807,2600
2022-09-15,59.385894775390625,59.602941153070546,59.14053549637137,59.602941153070546,2200
2022-09-16,58.98954772949219,59.036734699376844,58.39503078743771,58.98011249543149,3000
2022-09-19,59.300960540771484,59.357582740982856,58.442210303463106,58.442210303463106,5200
2022-09-20,58.52714157104492,58.81024537125539,58.19685080424926,58.69700457114323,2400
2022-09-21,57.94205856323242,58.61207171486104,57.64008070334741,58.49883091736917,9400
2022-09-22,57.149375915527344,57.57402988139193,56.894581376092184,57.57402988139193,6300
2022-09-23,56.02638244628906,56.54540666988851,55.554541588496825,56.54540666988851,47100
2022-09-26,55.714969635009766,56.488788357729895,55.67722150222828,56.02638273080685,11600
2022-09-27,55.73384475708008,56.37554862707987,55.46961142246477,56.33780049358338,14700
2022-09-28,56.58315658569336,56.58315658569336,55.2620043021551,55.2620043021551,27800
2022-09-29,54.3277587890625,54.91284047395854,54.101277181942855,54.91284047395854,5700
2022-09-30,54.07296371459961,54.969462099717255,54.07296371459961,54.32775821983474,18300
2022-10-03,54.71466827392578,54.82790907770533,53.87479207949537,53.90310138047519,33200
2022-10-04,56.139625549316406,56.290614476333275,55.2336883873552,55.2336883873552,24100
2022-10-05,55.86595916748047,56.05469623355894,55.18650716954202,55.441301668768936,7100
2022-10-06,55.554542541503906,55.88483330754046,55.51679800812669,55.88483330754046,3700
2022-10-07,54.2994499206543,55.11101681899467,53.8464831029467,55.11101681899467,16900
2022-10-10,53.35576629638672,54.4126888343104,53.31801816292441,54.4126888343104,10300
2022-10-11,53.61056137084961,53.96915784299643,53.384076167513555,53.56337440358697,8400
2022-10-12,53.54450607299805,53.95028592873839,53.525632005311934,53.95028592873839,5900
2022-10-13,55.195945739746094,55.22425503957192,53.30858228767539,53.412384253656796,10300
2022-10-14,54.17676544189453,55.375241614934666,54.17676544189453,55.375241614934666,1500
2022-10-17,55.48848342895508,55.78102605290073,55.02608141030229,55.02608141030229,4600
2022-10-18,55.81877517700195,56.04525677387648,55.59228998026734,56.04525677387648,6800
2022-10-19,55.177066802978516,55.63946879199977,54.988329754458505,55.4035483813147,13800
2022-10-20,55.08270263671875,55.69609721301783,54.91283963404701,55.11101553707083,3800
2022-10-21,56.02638244628906,56.224558342455445,55.007208065385065,55.007208065385065,4200
2022-10-24,56.22455978393555,56.22455978393555,55.48848557900342,55.99807458245024,5000
2022-10-25,57.177677154541016,57.20598645497586,56.32836214289382,56.32836214289382,11400
2022-10-26,57.39472961425781,57.99868542002031,57.139935083727906,57.1776832215532,9400
2022-10-27,57.328670501708984,57.809946645439055,57.328670501708984,57.75332804021225,4100
2022-10-28,57.90431213378906,57.90431213378906,57.27204349615557,57.27204349615557,4900
2022-10-31,57.40415954589844,57.621205904941576,57.33809851501922,57.45134291093216,4600
2022-11-01,57.0361213684082,58.140230843202716,57.0361213684082,57.932619714639976,6800
2022-11-02,55.96976852416992,57.25317274072525,55.93202038842585,57.25317274072525,5200
2022-11-03,55.422428131103516,55.71497076631005,54.80903716031968,55.15819839598803,11300
2022-11-04,55.84708023071289,55.9320117230487,55.073261567146524,55.9320117230487,11000
2022-11-07,55.91313934326172,55.91313934326172,55.36580224285483,55.61116149471306,3100
2022-11-08,56.0546989440918,56.564284367326586,55.44130434964101,55.44130434964101,10900
2022-11-09,55.384681701660156,56.08300779434345,55.384681701660156,56.08300779434345,1500
2022-11-10,59.37644958496094,59.37644958496094,58.206286317538755,58.25346968157257,10600
2022-11-11,60.60324478149414,60.74479848777944,60.24464469880226,60.24464469880226,4000
2022-11-14,58.97067642211914,59.404769179941155,58.56489296593672,59.27265430580926,8600
2022-11-15,59.886043548583984,60.13140282179003,59.414202669191056,59.76336751184118,10800
2022-11-16,58.57432174682617,58.95179585978329,58.43276805450227,58.81968100020628,3800
2022-11-17,57.18711471557617,57.45134806320967,57.03612577401145,57.45134806320967,4600
2022-11-18,57.177677154541016,57.69670139505422,57.09274565337629,57.58346059345465,1600
2022-11-21,57.045562744140625,57.083310878263674,56.86626090698622,57.083310878263674,3200
2022-11-22,57.319236755371094,57.34754605871936,56.800208861582625,56.800208861582625,12300
2022-11-23,57.7438850402832,57.7438850402832,57.19655149670119,57.19655149670119,8400
2022-11-25,57.76276397705078,57.83826025141874,57.53628235366791,57.53628235366791,1900
2022-11-28,56.0546989440918,56.762460276214874,55.96032860655921,56.554849133503474,8500
2022-11-29,56.57372283935547,57.1116211603416,56.57372283935547,56.771895147116616,11900
2022-11-30,57.86656188964844,58.08360824991665,56.34723376791096,56.92288018420752,8900
2022-12-01,58.39502716064453,58.39502716064453,58.04586232445801,58.31009565993162,6000
2022-12-02,57.809940338134766,58.39502559395313,57.555149442692006,57.762756972306846,3800
2022-12-05,57.36640930175781,57.87599826502353,57.07386668954382,57.87599826502353,5500
2022-12-06,55.91313934326172,57.0644321407659,55.91313934326172,57.0644321407659,5400
2022-12-07,55.375247955322266,55.99807779531626,55.252568314151524,55.71497397711178,6000
2022-12-08,56.10188293457031,56.12075700228596,55.74328284769357,55.74328284769357,3700
2022-12-09,55.69609069824219,56.47934458573556,55.40354809455732,56.07356119346872,28500
2022-12-12,56.3283576965332,56.337796529173204,55.60172237722866,55.7244020025294,7700
2022-12-13,56.699398040771484,57.56293684521434,56.49062922433463,57.56293684521434,16800
2022-12-14,56.29135513305664,56.74684779716208,55.98769335698634,56.35778092032615,2800
2022-12-15,55.01028060913086,55.38036816148869,54.80151178680232,55.17159933916015,7600
2022-12-16,54.27959442138672,54.507338941205845,54.0898049082482,54.507338941205845,3500
2022-12-19,54.05185317993164,54.678156119266156,53.86206364257147,54.678156119266156,5500
2022-12-20,53.85257339477539,54.01389214138516,53.74818897288239,53.74818897288239,2700
2022-12-21,54.30805969238281,54.44091126097864,53.81460842335992,53.81460842335992,4900
2022-12-22,53.501461029052734,53.5299281892348,52.8466873853941,53.48248171562006,5900
2022-12-23,53.19779586791992,53.302176655254875,52.495575795343356,53.19779586791992,10700
2022-12-27,52.761287689208984,52.78975847224118,52.391200089198804,52.78975847224118,13700
2022-12-28,52.28681182861328,52.656903021406286,52.2014067256509,52.41966702650344,16300
2022-12-29,53.27371597290039,53.29269528743217,52.71383886398238,52.71383886398238,4100
2022-12-30,53.131370544433594,53.29268926983707,52.80872947369295,53.07443260726747,45700
2023-01-03,53.21677780151367,53.47298947933253,52.60945064021066,53.29269143421789,148700
2023-01-04,53.131370544433594,53.66277681158264,53.102899765883684,53.60584249435021,7600
2023-01-05,52.951072692871094,53.20728799863506,52.856179744040276,52.856179744040276,10000
2023-01-06,53.93797302246094,54.364998514128004,53.207285763371466,53.254732235793625,10200
2023-01-09,54.4029541015625,55.238022105367556,54.383974789666894,54.69712438611039,12300
2023-01-10,55.07670974731445,55.07670974731445,54.67815139132742,54.67815139132742,3400
2023-01-11,55.513221740722656,55.551180367962,55.22853927629548,55.24751858991515,2600
2023-01-12,56.073097229003906,56.073097229003906,55.68403036069371,55.740968299934416,1900
2023-01-13,56.14901351928711,56.30084803111628,55.40883837378992,55.40883837378992,263700
2023-01-17,57.088462829589844,57.20233507992012,56.813268239685904,56.84173901721865,43400
2023-01-18,57.06000518798828,57.69579594662564,56.632979653116976,57.69579594662564,18900
2023-01-19,56.34829330444336,56.414719091985056,55.873821324897534,56.092078001096546,16300
2023-01-20,56.78480529785156,56.94612402946814,56.1869696043499,56.1869696043499,5300
2023-01-23,57.06000518798828,57.145410294962545,56.67093828286869,56.67093828286869,5300
2023-01-24,57.069488525390625,57.33519167278635,56.96510411178977,57.069488525390625,5800
2023-01-25,56.708885192871094,56.708885192871094,56.11105314937469,56.376756279817535,2300
2023-01-26,55.65556335449219,56.462164252989936,55.0767069737175,55.674539047690914,19000
2023-01-27,55.313941955566406,55.75994313633066,55.067214509248174,55.171598919618674,15100
2023-01-30,54.222660064697266,55.87382423220336,54.146746426385526,54.402961743064104,23200
2023-01-31,55.408836364746094,55.46577430461755,54.659169779474404,54.69712840605537,9700
2023-02-01,56.490631103515625,56.64246198781122,55.31394265520823,55.31394265520823,134700
2023-02-02,58.008949279785156,58.17026802651667,57.35417558557463,57.35417558557463,9500
2023-02-03,57.221317291259766,57.914045914100384,57.041019250772614,57.19285013221804,4700
2023-02-06,55.79790115356445,56.234414483142146,55.77892184098276,56.1679886990731,18000
2023-02-07,56.32931137084961,56.33879921722829,55.342408830513506,55.5986241219431,11000
2023-02-08,54.924869537353516,55.446787916478,54.7635472049356,55.41832076014154,4100
2023-02-09,54.10878372192383,54.86793814753414,54.10878372192383,54.564276377290014,1700
2023-02-10,54.032867431640625,54.070826058580586,53.61533339510276,53.82410222333864,14700
2023-02-13,55.01028060913086,55.09568570736219,54.60223443090715,54.84895825916777,5100
2023-02-14,55.190582275390625,56.338803633711464,54.15623318220941,54.15623318220941,228800
2023-02-15,55.598628997802734,55.80739783577988,54.97232610380536,54.97232610380536,11500
2023-02-16,54.469383239746094,54.829979328182475,54.431424613615796,54.44091246018146,8700
2023-02-17,54.222660064697266,54.222660064697266,53.90001895702063,54.156234273699205,1800
2023-02-21,52.18243408203125,52.74231120752808,52.1254961367499,52.74231120752808,14700
2023-02-22,52.742305755615234,52.951070960198585,52.429152518839444,52.609450563691844,8500
2023-02-23,52.40068435668945,52.62842887004799,51.632038479253396,52.62842887004799,13100
2023-02-24,51.44225311279297,52.4006885751413,51.261955056874974,51.67000126441986,14500
2023-02-27,50.6451301574707,51.24296577172213,50.6451301574707,51.091134906825474,13000
2023-02-28,51.366336822509766,51.366336822509766,50.683096022852,50.74952180949274,19400
2023-03-01,51.76488494873047,51.99263305958462,51.62254554688836,51.8502900378091,8100
2023-03-02,51.793365478515625,51.793365478515625,51.25246406586882,51.33786917103052,8900
2023-03-03,52.22039031982422,52.22039031982422,51.76489760666886,51.83132340109145,1900
2023-03-06,53.16932678222656,53.62481943031694,53.16932678222656,53.33064913130466,7300
2023-03-07,52.514556884765625,53.0174960059709,52.22987443162932,53.0174960059709,12400
2023-03-08,53.074432373046875,53.39707344236369,53.055453060741925,53.055453060741925,2300
2023-03-09,52.41966247558594,53.482478626898654,52.34374522623961,53.311668435803114,8000
2023-03-10,51.65102005004883,52.65690195116885,51.61306142285171,52.647410484402606,9500
2023-03-13,50.436370849609375,51.11012016474176,50.22760202860856,50.341474285548195,10200
2023-03-14,51.34735870361328,51.518168907501035,51.11012271153962,51.11012271153962,6600
2023-03-15,50.70207977294922,50.85391067283343,50.294033550772745,50.81595204287883,9800
2023-03-16,50.853904724121094,50.93930982156146,49.895472959453684,49.895472959453684,5400
2023-03-17,50.50279998779297,50.64513941343519,50.303518999999426,50.569225777079474,2000
2023-03-20,51.015220642089844,51.015220642089844,50.37942998945415,50.37942998945415,23000
2023-03-21,51.45174026489258,51.83131565919211,51.28093007048098,51.4137816394825,24000
2023-03-22,51.12910079956055,52.11599975177788,50.83492687326532,51.679486405611186,6500
2023-03-23,52.6284294128418,53.37809598524085,51.36633587013413,51.36633587013413,9800
2023-03-24,52.656898498535156,52.656898498535156,52.04008351679439,52.26783164511006,2400
2023-03-27,52.67587661743164,52.95107122934239,52.39119415887363,52.65690092413712,68500
2023-03-28,52.21089172363281,52.38170190839404,51.95467644649097,52.26782965853108,2800
2023-03-29,51.5086784362793,51.7743852140928,51.138590860680296,51.375826857339554,13200
2023-03-30,51.271446228027344,51.62255813537894,51.12910679147486,51.39480996898694,27500
2023-03-31,51.92621612548828,52.07804701860644,51.223995982358005,51.223995982358005,15800
2023-04-03,51.935699462890625,51.96416662164903,51.43276035184571,51.60357054426355,264300
2023-04-04,51.92621612548828,52.24885722585613,51.9167246584555,52.05906770447492,5200
2023-04-05,51.60357666015625,52.16345377500656,51.39480781802877,52.16345377500656,1900
2023-04-06,51.33786392211914,51.66999646153839,51.176545195492956,51.328376075819726,29700
2023-04-10,51.32837677001953,51.32837677001953,50.93930990767432,51.17654588763929,15000
2023-04-11,51.48020553588867,51.698462194091185,51.0531800655213,51.2429695656772,6800
2023-04-12,51.23348617553711,51.546635801086126,51.16705676776144,51.404292758605884,5200
2023-04-13,51.02471923828125,51.29991386665493,50.87288834330509,50.88237619051994,115000
2023-04-14,50.68309783935547,51.03420609845953,50.24658447723324,50.72105646734889,58700
2023-04-17,50.93931198120117,50.93931198120117,50.55973294983262,50.87288619370176,14100
2023-04-18,51.06267547607422,51.11960979656561,50.939311748453015,50.977270375403215,12400
2023-04-19,50.6451301574707,50.76849386642841,50.48381144723885,50.76849386642841,12700
2023-04-20,50.18015670776367,50.388921913620145,49.82904484258286,50.20862386766822,18300
2023-04-21,50.19913101196289,50.32249110586254,49.95240358429659,50.1137259208374,7800
2023-04-24,51.16705322265625,51.16705322265625,50.36994382378316,50.85390361880378,12500
2023-04-25,49.8480224609375,50.55973039382323,49.762617364193865,50.55973039382323,5100
2023-04-26,49.696189880371094,50.047301721605145,49.696189880371094,49.82904144410998,3900
2023-04-27,51.005741119384766,51.081658378619224,50.531269108971884,50.6546328452608,3500
2023-04-28,51.366336822509766,51.366336822509766,50.986757796047925,51.015224956055704,3900
2023-05-01,51.38531494140625,51.39480278787701,51.31888915630953,51.31888915630953,1900
2023-05-02,51.034202575683594,51.41378158954822,50.92033031949771,51.41378158954822,8600
2023-05-03,51.15756607055664,51.385314201848814,51.14807822422243,51.24297116729949,4800
2023-05-04,50.8633918762207,51.03420206876979,50.77798677994616,51.03420206876979,5000
2023-05-05,51.60357666015625,51.60357666015625,51.37582850329589,51.423274980161004,1600
2023-05-08,51.64152908325195,51.64152908325195,51.508677506709766,51.53714828735021,5300
2023-05-09,50.88236999511719,51.12909743187088,50.59768755419139,51.12909743187088,3300
2023-05-10,51.575103759765625,51.575103759765625,51.17654902654737,51.499190123886244,10000
2023-05-11,52.01161575317383,52.16344663030678,51.83131409787406,52.16344663030678,11300
2023-05-12,51.432762145996094,51.83131686225154,51.375824206559386,51.83131686225154,4000
2023-05-15,51.76488494873047,51.84080219232633,51.62254554688836,51.745905637831505,5900
2023-05-16,51.67000198364258,51.87876720394457,51.53715040165018,51.56561756352452,14300
2023-05-17,52.56200408935547,52.7612814473342,52.163449373398,52.476598990231174,5800
2023-05-18,52.6284294128418,52.75179313714471,52.239362546902285,52.40068489713437,4600
2023-05-19,52.5240478515625,52.77077531355625,52.45762206254896,52.77077531355625,3500
2023-05-22,51.99263381958008,52.30578340415686,51.91671657487451,52.10650606670496,5400
2023-05-23,50.68309783935547,51.0816561934183,50.493308319322416,51.05318541245623,4900
2023-05-24,50.455345153808594,50.531262402968075,50.16117486314981,50.43636946145241,16500
2023-05-25,50.27504348754883,50.426874354973286,50.085253998284905,50.426874354973286,2500
2023-05-26,50.5692253112793,50.5692253112793,50.03781538194811,50.03781538194811,2300
2023-05-30,50.018836975097656,50.47432965709835,49.904964709581,50.43637464854883,4600
2023-05-31,49.800575256347656,49.85751319331655,49.572830748339456,49.85751319331655,7400
2023-06-01,49.345088958740234,49.715176546741326,49.21223737534848,49.43998191261031,4500
2023-06-02,49.61078643798828,49.99036544982074,49.53487280758203,49.56333996649266,3600
2023-06-05,50.227603912353516,50.350967640292815,50.09475233761915,50.161178124986336,3200
2023-06-06,50.815940856933594,50.872878789331935,50.18963808028541,50.18963808028541,4800
2023-06-07,51.62896728515625,52.06040786689111,51.33175550679739,51.772782031521515,4500
2023-06-08,52.041236877441406,52.11793905751099,51.7344354718856,51.772786561920384,2200
2023-06-09,52.491851806640625,52.731540627675514,52.491851806640625,52.54937844033902,14800
2023-06-12,53.46018981933594,53.46018981933594,52.990401806482424,53.14380249642493,48000
2023-06-13,53.86286926269531,54.16967064455346,53.73823005839014,53.80534263208655,465300
2023-06-14,53.60400390625,53.86286825309587,53.35472915967299,53.412252131842585,8000
2023-06-15,54.69698715209961,54.917500424228045,54.24637466442892,54.24637466442892,6300
2023-06-16,54.51482391357422,54.831211243163494,54.40936025125745,54.78327421229979,1600
2023-06-20,53.34514617919922,53.96833860901732,53.34514617919922,53.73823571970193,5300
2023-06-21,52.86576461791992,52.999989769565396,52.664426890451715,52.999989769565396,3500
2023-06-22,52.72195816040039,52.779481140530514,52.501441212030244,52.57814339535228,4500
2023-06-23,52.3288688659668,52.46309403006454,52.3288688659668,52.46309403006454,1900
2023-06-26,51.724849700927734,51.9357733821015,51.57144899763714,51.9357733821015,3600
2023-06-27,51.87825012207031,51.87825012207031,50.727743024967474,51.36052137976985,44100
2023-06-28,51.31258010864258,51.418043768627385,51.07289130226291,51.07289130226291,4300
2023-06-29,51.3029899597168,51.37010618955754,50.909900467751626,51.00577818369489,9700
2023-06-30,51.37010955810547,51.628970264724614,51.29340738032117,51.36051995720186,8000
2023-07-03,51.427635192871094,51.43722479427048,51.33176112304521,51.33176112304521,1600
2023-07-05,51.494747161865234,51.75361153615541,51.40845903710184,51.75361153615541,340300
2023-07-06,51.101654052734375,51.216703658581444,50.67021345910658,51.07289256561287,7900
2023-07-07,51.398868560791016,51.77278251600664,50.996189461616595,50.996189461616595,5700
2023-07-10,51.101654052734375,51.216703658581444,50.64145197198507,50.74691563457864,3300
2023-07-11,52.01247024536133,52.01247024536133,51.41804303804682,51.41804303804682,4800
2023-07-12,53.14380645751953,53.20133309204609,52.86576654334963,53.09586942409467,3700
2023-07-13,53.95874786376953,54.00668855532497,53.71905903543742,53.79576121603711,4300
2023-07-14,53.86286926269531,54.150495101017206,53.71905451485388,53.977918866551875,23900
2023-07-17,53.757408142089844,53.83411031985922,53.402669713309315,53.402669713309315,4100
2023-07-18,55.099666595458984,55.34894135668341,54.438123117749065,54.438123117749065,11100
2023-07-19,56.4898567199707,56.74872107243831,56.230996024864076,56.278933055166746,6200
2023-07-20,55.272239685058594,56.1255312424252,55.205127112503526,56.1255312424252,4900
2023-07-21,54.97502136230469,55.531097456732546,54.97502136230469,55.34893529185045,17800
2023-07-24,54.25596237182617,54.45730010631185,53.83411135804267,54.29431346145046,15400
2023-07-25,52.85617446899414,53.057512180442785,51.79195562653588,52.213806592051256,333100
2023-07-26,53.910804748535156,54.140907607017766,53.23008943062211,53.373900516982985,172000
2023-07-27,53.22050476074219,53.997097865532815,53.0766936610588,53.77658458679599,86700
2023-07-28,53.92039489746094,54.17925558701713,53.55606689172271,53.61358986390813,45900
2023-07-31,54.79286575317383,54.965441996283126,54.371011088968366,54.39018663346508,43400
2023-08-01,55.17636489868164,55.233891531366545,54.553176169386745,54.553176169386745,80400
2023-08-02,54.0450325012207,54.62987378979428,53.94915843901826,54.610698245881586,22400
2023-08-03,54.3134880065918,54.47647464845333,53.92998443212997,53.99709700905662,49500
2023-08-04,54.21760940551758,54.82162624542843,53.98751019045893,54.82162624542843,45200
2023-08-07,54.79286575317383,54.80245169674161,54.30389851191043,54.71616357518696,46000
2023-08-08,54.01626968383789,54.01626968383789,53.38349137974577,53.977918596956926,75600
2023-08-09,54.188846588134766,54.6490486643194,53.92039629136731,54.60111163380535,54600
2023-08-10,54.294307708740234,54.495645421893336,54.169668509347964,54.495645421893336,11100
2023-08-11,53.843692779541016,54.294308901376965,53.786166149936136,54.06420604031836,35500
2023-08-14,53.45060729980469,53.69988206541688,53.11504441198805,53.32596808831801,105100
2023-08-15,53.21092224121094,53.55607475443986,53.16298520489835,53.55607475443986,76100
2023-08-16,52.63566589355469,53.13421541649617,52.63566589355469,53.067102840047845,63200
2023-08-17,52.02206039428711,52.49185209533819,51.83031226229354,52.49185209533819,55600
2023-08-18,51.62896728515625,51.86865609085774,51.20711630377156,51.7248450018534,137600
2023-08-21,52.29051208496094,52.43432317769282,51.8111344611326,51.945359610626774,99100
2023-08-22,52.37679672241211,52.702773631244334,52.27133306700157,52.48226037782265,341300
2023-08-23,53.02875518798828,53.10545370759799,52.53978795320213,52.53978795320213,54300
2023-08-24,52.05082702636719,52.78906905917985,51.897426321975026,52.78906905917985,84700
2023-08-25,52.156288146972656,52.35762587589066,51.69608239892993,52.194635578175294,10900
2023-08-28,52.39597702026367,52.578139205093834,52.32886444388619,52.54937771732094,24300
2023-08-29,52.60689926147461,52.750714011148204,51.724846191735566,51.830309853848064,73900
2023-08-30,52.77947998046875,52.942470287764934,52.66443036537582,52.82741701531069,23500
2023-08-31,52.827415466308594,52.93287913428526,52.731541399435926,52.76030288802548,13000
2023-09-01,52.77947998046875,52.92329474235589,52.693191854808724,52.837006616695874,7600
2023-09-05,52.367210388183594,52.80824057989134,52.367210388183594,52.80824057989134,4400
2023-09-06,52.08917236328125,52.53978482539497,51.954943561573266,52.38638413794673,12500
2023-09-07,51.494747161865234,51.72485004702138,51.35093605883377,51.72485004702138,20400
2023-09-08,51.45639419555664,51.868659259134326,51.437222308407065,51.46598379649257,5400
2023-09-11,52.6452522277832,52.721954405642656,52.424738952479004,52.424738952479004,16600
2023-09-12,52.386390686035156,52.60690397322023,52.165877398850085,52.60690397322023,3800
2023-09-13,51.782371520996094,52.0891765780786,51.782371520996094,52.0891765780786,2300
2023-09-14,52.23298263549805,52.27133372110193,51.98370789379446,51.98370789379446,3400
2023-09-15,51.87825012207031,52.146700437028514,51.696084273467605,52.07958785828897,2100
2023-09-18,51.8494873046875,52.18505018978676,51.48515927417892,51.8494873046875,18400
2023-09-19,51.85906982421875,52.10834457135378,51.7056691358216,52.022056455545325,15300
2023-09-20,52.01247024536133,52.65483448179847,52.01247024536133,52.2905101345778,16700
2023-09-21,51.811134338378906,52.25216087348942,51.08247830376404,52.25216087348942,19800
2023-09-22,51.935768127441406,52.06040732917989,51.782367439671305,52.031645843148276,4000
2023-09-25,51.94535827636719,51.98370936305502,51.60020581089855,51.74402055729746,6700
2023-09-26,51.15918731689453,51.51392578104049,51.15918731689453,51.504339836544226,2200
2023-09-27,51.27423095703125,51.27423095703125,51.03454214160532,51.235879868796445,1600
2023-09-28,51.98371124267578,51.98371124267578,51.379694406265706,51.379694406265706,6200
2023-09-29,51.801551818847656,52.24258207160609,51.801551818847656,52.050830264845224,4400
2023-10-02,52.386390686035156,52.491854357593525,52.165877398850085,52.185052944348094,230400
2023-10-03,51.33176040649414,52.002889857990844,51.25505822581508,51.98371431282108,6400
2023-10-04,51.207122802734375,51.37969905733087,50.92908287506653,50.967433966612724,4700
2023-10-05,51.053714752197266,51.18793989594549,50.83320149355934,51.10165178105579,6600
2023-10-06,51.935768127441406,52.06999692943102,50.80444034098746,50.80444034098746,3600
2023-10-09,48.24456024169922,49.02115325216414,47.66930859811386,49.02115325216414,354100
2023-10-10,48.608890533447266,48.896516368850676,48.38837727105929,48.50342687374847,39600
2023-10-11,47.8994140625,48.234980612983456,47.659725236738055,48.22539101183069,23300
2023-10-12,47.22828674316406,47.53509181871139,47.00777345242801,47.420038543870625,32400
2023-10-13,46.8351936340332,47.36251196019513,46.624269960929546,47.324160871499515,30100
2023-10-16,46.51880645751953,46.75849527665925,46.327054670735535,46.62427012311879,33800
2023-10-17,46.384578704833984,46.605091967202796,46.0202506960955,46.17365138545472,27500
2023-10-18,46.06819152832031,46.38458253350473,46.039430039616725,46.250357376406335,24300
2023-10-19,45.32036209106445,45.94355082268793,45.1573717931954,45.88602784714918,21600
2023-10-20,44.75469207763672,45.157367497547426,44.58211585271477,45.157367497547426,39400
2023-10-23,43.80552291870117,44.5725299896605,43.29738384294727,44.5725299896605,28400
2023-10-24,44.10273742675781,44.47665135454609,44.016449315932775,44.16026405309474,106700
2023-10-25,43.69047546386719,44.23696565144465,43.69047546386719,44.08356496120116,22500
2023-10-26,43.01934814453125,43.46996429392043,42.68378526138684,43.43161320517217,33900
2023-10-27,42.87553787231445,43.33573997406037,42.808425294394915,43.249451851397936,32900
2023-10-30,44.658817291259766,44.71634026038455,44.045210914163405,44.371187816193064,37200
2023-10-31,44.69717025756836,44.78345837930996,44.294494794348296,44.534183615034856,16000
2023-11-01,45.186134338378906,45.30118394019772,44.879332961954795,44.91768039098714,18800
2023-11-02,46.547569274902344,46.66261888731422,46.23118192642939,46.23118192642939,121400
2023-11-03,47.57343673706055,47.69807594953252,46.79684728844265,46.79684728844265,45200
2023-11-06,47.8802375793457,48.34043967690766,47.67889984741756,48.25415521239088,43400
2023-11-07,48.64724349975586,48.89651825810734,48.37878953996072,48.49384280445624,61200
2023-11-08,48.79105758666992,48.896521256911655,48.589719847496404,48.762296097462645,17100
2023-11-09,47.956939697265625,48.79105576946185,47.93776415272119,48.79105576946185,20100
2023-11-10,48.5034294128418,48.66641605373687,47.82271404670159,47.95693919975897,45500
2023-11-13,47.83230209350586,47.88982872907195,47.28581185639242,47.42962661662702,28000
2023-11-14,49.768985748291016,49.807336836725824,48.8485815700222,48.8485815700222,48200
2023-11-15,49.1553840637207,49.52929804093196,49.10744703078409,49.260847730597966,15800
2023-11-16,50.21001052856445,50.36341121955129,49.433421130539045,49.433421130539045,54400
2023-11-17,50.583919525146484,50.708558717279296,50.25794263158726,50.25794263158726,13500
2023-11-20,50.98660659790039,51.1975339319861,50.718156287144886,50.72774223080279,15000
2023-11-21,51.12083053588867,51.27423123229033,50.97701578291664,51.02495647214804,74800
2023-11-22,51.90700912475586,52.17545942685657,51.791959517764276,51.93577061216349,15900
2023-11-24,51.94535827636719,52.07958342241367,51.85907016000003,51.85907016000003,12900
2023-11-27,52.137115478515625,52.290516183870906,51.005783905009906,51.916602193152485,22700
2023-11-28,52.72195816040039,52.94247145140913,52.5110308136262,52.539792303691264,14000
2023-11-29,53.1246223449707,53.31637410510648,52.99039721008385,53.23008599591341,26700
2023-11-30,51.974124908447266,52.24257888447969,51.70567458977613,52.24257888447969,21100
2023-12-01,52.424739837646484,52.4918524157261,51.868660010859756,52.089176947248426,30800
2023-12-04,52.65483856201172,52.76030222867038,51.782371397873426,52.30010013018261,38300
2023-12-05,53.019161224365234,53.3547277349579,52.894522025724484,52.94246271106687,10900
2023-12-06,52.67401123046875,53.421842799868685,52.67401123046875,53.421842799868685,7300
2023-12-07,52.86576461791992,52.9424667944951,52.635665402916565,52.91370164959886,14400
2023-12-08,53.08627700805664,53.13421403893961,52.94246591540774,52.99040294629071,5700
2023-12-11,52.41514205932617,52.664420445327465,52.41514205932617,52.482258284296236,20100
2023-12-12,52.4535026550293,52.66442999568678,51.94536350602132,52.49185374557817,214100
2023-12-13,53.45060729980469,53.47936878808578,52.539789044838024,52.63566676804361,17800
2023-12-14,53.949161529541016,54.41894958155063,53.824522315648956,53.824522315648956,12600
2023-12-15,54.02586364746094,54.31349318440819,53.853287388237185,54.15050286964731,44100
2023-12-18,55.042137145996094,55.07089863229917,54.639461708309305,54.639461708309305,22200
2023-12-19,55.55986404418945,55.60780107226235,55.157184962183386,55.195536047586025,20800
2023-12-20,55.665802001953125,56.55183399051438,55.62727807335393,55.858417971105055,20800
2023-12-21,56.40737533569336,56.40737533569336,55.72359208395148,56.06066729992443,18300
2023-12-22,56.30143737792969,56.62888345386536,56.16660728910519,56.330332163995216,10100
2023-12-26,55.9739875793457,56.09918851371791,55.762113314074426,55.92583450423151,20000
2023-12-27,56.397743225097656,56.61925030878517,56.26290947195193,56.26290947195193,29600
2023-12-28,56.0606689453125,56.36885305863139,55.98362475390499,56.36885305863139,30700
2023-12-29,56.041404724121094,56.34958882503991,55.877683527814845,56.1954967745805,15900
2024-01-02,56.40737533569336,56.73482140571465,56.05103815397277,56.667406362520055,40700
2024-01-03,55.93547058105469,56.08956263470039,55.579129722000474,56.08956263470039,51200
2024-01-04,55.848793029785156,56.282174400693876,55.848793029785156,55.993252262139954,4000
2024-01-05,56.00288391113281,56.272544078299674,55.713958104774896,55.713958104774896,17400
2024-01-08,56.0510368347168,56.282173070559686,55.087960613068205,55.13611368938179,16100
2024-01-09,55.48282241821289,55.781373699436905,55.09759045514699,55.09759045514699,21800
2024-01-10,55.4250373840332,55.55986747105099,55.13611524416018,55.145744390156736,117500
2024-01-11,55.56949996948242,55.77174509883933,54.904975010389265,55.579129115423285,61000
2024-01-12,55.54060363769531,56.00288345456148,55.43466833991787,55.52134534634975,50000
2024-01-16,54.02857208251953,54.62568195767434,53.9322659343173,54.62568195767434,126400
2024-01-17,53.93226623535156,53.93226623535156,53.4507281439645,53.85521837728447,24400
2024-01-18,55.020545959472656,55.020545959472656,54.625684852765886,54.625684852765886,10900
2024-01-19,55.52134323120117,55.56949630541905,54.85681831592452,55.126482144464006,63200
2024-01-22,55.29983901977539,55.53097894675065,54.89534873987431,54.89534873987431,28000
2024-01-23,55.2420539855957,55.37688407204298,55.06869996763655,55.251683131551516,5300
2024-01-24,55.90657424926758,56.407374328228784,55.78137331106621,56.12808134064276,21500
2024-01-25,55.83916091918945,56.243654857377784,55.80063698720116,56.147345027407056,6300
2024-01-26,56.137718200683594,56.137718200683594,55.85842519299593,56.06067033352375,15900
2024-01-29,57.620853424072266,57.620853424072266,56.522943420223974,56.522943420223974,22100
2024-01-30,56.78297424316406,57.36082219161807,56.78297424316406,57.36082219161807,6000
2024-01-31,56.494049072265625,57.35118629224302,56.38811010371217,57.35118629224302,10800
2024-02-01,56.725189208984375,56.89854321754556,56.15697410844362,56.65777416941548,60200
2024-02-02,56.75408172607422,57.09115693227484,56.33995865911677,56.359220624305976,49200
2024-02-05,56.349586486816406,56.513311350173176,56.17623615185648,56.30143341189175,21900
2024-02-06,57.2645149230957,57.303038856150245,56.879286614083725,56.95633080634834,13000
2024-02-07,57.4474983215332,57.54380447454705,57.418603536553654,57.42823635616159,3800
2024-02-08,56.994850158691406,57.27414314012315,56.628880171775464,57.19709528020646,14400
2024-02-09,57.87125015258789,58.034971346389426,57.21635802969332,57.38008289733907,7500
2024-02-12,57.967552185058594,58.21795404158029,57.67863007463229,57.67863007463229,23900
2024-02-13,57.61122131347656,58.00608243130092,57.48602037157781,58.00608243130092,7500
2024-02-14,58.266109466552734,58.285371431204624,57.697894367776385,57.909772305103054,4800
2024-02-15,59.20991897583008,59.258072046702736,58.506873854326585,58.94025883986814,32800
2024-02-16,59.04620361328125,59.33512574080583,58.65134251510069,58.87284960199767,7600
2024-02-20,58.564666748046875,59.344756141476985,58.41057469851859,59.344756141476985,11400
2024-02-21,57.929039001464844,58.18906636089441,57.48602112597341,58.160175248478765,38900
2024-02-22,59.24844741821289,59.34475356729904,58.882477438766166,58.882477438766166,4400
2024-02-23,59.24844741821289,59.35438638651411,58.89211025798124,59.181032379083774,10200
2024-02-26,59.90333938598633,60.1344756128184,59.884077421442974,59.884077421442974,8100
2024-02-27,60.90494155883789,60.90494155883789,60.230787472398546,60.28856969413858,5500
2024-02-28,60.68342971801758,60.731586467071075,60.49081741718015,60.51007938203272,2400
2024-02-29,61.37684631347656,61.71392519068466,61.030138290677,61.48278528420356,34100
2024-03-01,61.98358917236328,62.04137139716055,61.35758812886722,61.521313004763094,111000
2024-03-04,61.434635162353516,61.858391065635814,59.71072778490538,61.55983243028297,16200
2024-03-05,60.500450134277344,60.83752535448593,60.34635808020422,60.83752535448593,6200
2024-03-06,60.88568115234375,61.309433375943826,60.82789525528016,61.145712178363446,8200
2024-03-07,60.94346618652344,61.03014319919457,60.48119001022558,60.67380600214414,16900
2024-03-08,60.519710540771484,61.36721865325691,60.47155746396028,60.9627247255854,4900
2024-03-11,59.710723876953125,59.903339850034705,59.45069286436962,59.88407788534214,23000
2024-03-12,59.8166618347168,60.04779805943234,58.988415736157336,59.27733785397378,150400
2024-03-13,60.10558319091797,60.24041326593424,59.46032392509897,59.71072211100861,452300
2024-03-14,59.23881912231445,60.01891221531678,59.055835955541035,59.90334409282011,33000
2024-03-15,58.487613677978516,59.23881189330342,58.31425967846601,59.142505748615996,125600
2024-03-18,59.8262939453125,59.97075684830316,59.56626292423585,59.845555910634204,43700
2024-03-19,60.288570404052734,60.47155723863546,59.556634087254615,60.03817220126093,14800
2024-03-20,61.27090835571289,61.425000404633096,60.288570166155,60.288570166155,14900
2024-03-21,61.99321746826172,62.532537787514634,61.99321746826172,62.15693865836517,5900
2024-03-22,61.5790901184082,61.839121129946186,61.376845000715576,61.762073271485704,3400
2024-03-25,61.6561393737793,61.9739563053007,61.63688108142443,61.63688108142443,4700
2024-03-26,61.61761474609375,61.89690405156859,61.434631590942075,61.59835278126029,13500
2024-03-27,61.37684631347656,61.66576844119481,61.20349230207678,61.66576844119481,5600
2024-03-28,61.415374755859375,61.482789801485296,61.23239158542394,61.23239158542394,6600
2024-04-01,61.07829284667969,61.57909292798983,60.87604771975951,61.57909292798983,35800
2024-04-02,60.06706237792969,60.40414125679628,59.86481725491625,60.40414125679628,21700
2024-04-03,60.15373992919922,60.423403769505164,59.46032754774849,59.59515763097935,12100
2024-04-04,57.75568389892578,59.98038768558124,57.38971389518096,59.48922041448094,94100
2024-04-05,57.957923889160156,58.53576811847851,57.688263738657454,58.16016900203717,42500
2024-04-08,60.269309997558594,60.471555116621616,59.99964616496377,60.355983328147786,28700
2024-04-09,59.8262939453125,60.04780103574574,59.56626292423585,60.04780103574574,3500
2024-04-10,58.632080078125,58.911369383972236,58.42020213851855,58.911369383972236,13000
2024-04-11,58.150543212890625,58.28537329592335,57.57269527637925,58.07349535181809,375000
2024-04-12,56.561466217041016,57.21635834352771,56.17623793159512,57.13931415597622,163900
2024-04-15,56.5133171081543,57.77494837325132,56.07030289555943,57.77494837325132,49100
2024-04-16,56.38811111450195,56.821496141878335,56.05103591201153,56.43626419002285,36100
2024-04-17,55.617652893066406,56.58072913363898,55.40577494451026,56.58072913363898,12600
2024-04-18,55.72358703613281,56.56146226411112,55.72358703613281,56.24364904267548,12400
2024-04-19,55.444297790527344,55.954727012408924,55.444297790527344,55.896944790366014,21900
2024-04-22,56.5133171081543,56.76371532758133,55.95473109535203,56.63851805479006,23200
2024-04-23,57.29340362548828,57.48601592261742,56.61924956400409,56.61924956400409,7600
2024-04-24,56.9852180480957,57.27414385253295,56.715557882721434,56.715557882721434,5000
2024-04-25,56.291805267333984,56.561465430782,55.8680493832366,56.1377132205288,17000
2024-04-26,56.89854431152344,57.0815274690366,56.465159281787855,56.48442124686991,8400
2024-04-29,57.39934158325195,57.47638944475462,57.07189551955408,57.18746731180809,12700
2024-04-30,56.85038757324219,57.45712661499309,56.85038757324219,57.216357562185735,6400
2024-05-01,56.75408172607422,57.36082077107955,56.4266356655461,56.9755888149838,5100
2024-05-02,57.34156036376953,57.553434638918695,57.0044814745668,57.10079130312943,90100
2024-05-03,57.572696685791016,57.77494548913548,57.380084376082856,57.64974454874973,9800
2024-05-06,57.78457260131836,57.90977353729759,57.033374333131356,57.13931330404885,72500
2024-05-07,58.487613677978516,58.516504786615954,57.80383049870359,58.07349064290352,43400
2024-05-08,58.583927154541016,58.699495270150884,58.36241639500955,58.36241639500955,44700
2024-05-09,58.77653884887695,59.08472293654967,58.45872561577127,58.58392654946459,20900
2024-05-10,59.42180633544922,59.4892213801486,58.805438113143815,59.03657435958614,18700
2024-05-13,59.527740478515625,59.65293773773666,59.32549168699683,59.32549168699683,14700
2024-05-14,59.93223190307617,59.98038497864314,59.855187716937856,59.961123013647516,21100
2024-05-15,60.67380142211914,60.92419962102057,60.37524647348988,60.51008022934594,12200
2024-05-16,59.06546401977539,59.72998526293207,59.06546401977539,59.72998526293207,16100
2024-05-17,58.98841857910156,59.22918763452647,58.74764952367666,58.96915661380626,7900
2024-05-20,60.028541564941406,60.355983947444706,59.181033476657845,59.181033476657845,28000
2024-05-21,60.1922607421875,60.1922607421875,59.72035180147738,59.72035180147738,9700
2024-05-22,59.55663299560547,60.038171100785384,59.46995598971932,59.749248972446274,5600
2024-05-23,59.11362075805664,59.97075802555514,58.52614366266707,59.82629511972861,18200
2024-05-24,59.57589340209961,59.8455535583156,59.36401546573328,59.402539394862444,3800
2024-05-28,59.78777313232422,59.97075629041181,59.64331023067746,59.97075629041181,10300
2024-05-29,59.1906623840332,59.63367655441357,59.1906623840332,59.43143143408916,22600
2024-05-30,59.277339935302734,59.69146299912304,59.23881600521615,59.364016941075455,3000
2024-05-31,59.51810836791992,59.52774118726337,58.53577020400454,59.20029513262491,10800
2024-06-03,59.90333938598633,60.144108432012125,59.75887648883322,60.144108432012125,11200
2024-06-04,59.04620361328125,59.710724873972204,58.82469652638427,59.710724873972204,14600
2024-06-05,58.660972595214844,58.79580267861802,58.4683566158485,58.61281951883432,44300
2024-06-06,58.266109466552734,58.38167758061996,57.794200517191726,57.9964493091145,36500
2024-06-07,58.13127899169922,58.26610906949954,58.01571087841953,58.15054095621985,32700
2024-06-10,58.892112731933594,58.892112731933594,58.16980556191238,58.16980556191238,11100
2024-06-11,59.209720611572266,59.25828427465639,58.87948251536224,59.0251772097846,8600
2024-06-12,59.72450637817383,60.151871804583806,59.714791422363355,59.714791422363355,7200
2024-06-13,59.209720611572266,59.53024745723346,59.09316707913637,59.44283138161404,9600
2024-06-14,59.025177001953125,59.15144548966324,58.93776092664151,59.11259307726475,9400
2024-06-17,59.4331169128418,59.53024794497585,58.98632528053523,59.29713717302415,8400
2024-06-18,59.24857711791992,59.24857711791992,59.09317116221087,59.16116103626044,3300
2024-06-20,58.35498809814453,58.529816539214124,58.07331367307316,58.529816539214124,20900
2024-06-21,58.03446578979492,58.22872415690358,57.9179122515978,58.18016049141896,18100
2024-06-24,57.83049392700195,58.3647016369382,57.83049392700195,58.3647016369382,7600
2024-06-25,58.24814987182617,58.49097190236716,58.17044504357139,58.24814987182617,4500
2024-06-26,58.57838821411133,58.675515544645236,58.345277433591725,58.55896200697052,3300
2024-06-27,58.78235626220703,58.860057383525984,58.33556462540538,58.33556462540538,6200
2024-06-28,58.96689987182617,59.24857431107044,58.78235646602997,58.86005758761834,24300
2024-07-01,58.83091735839844,59.112591784371844,58.578384093671524,58.60752154974812,7600
2024-07-02,59.170867919921875,59.19029412609789,58.79206616241458,58.88919719329464,7100
2024-07-03,59.48168182373047,59.656510264007856,58.94747043199169,58.94747043199169,7200
2024-07-05,60.8511962890625,60.977461064674806,60.55009566724977,60.66664919288027,44400
2024-07-08,61.54081726074219,61.67679700777462,61.336847640193554,61.424263721167286,20300
2024-07-09,61.68650436401367,62.162437153746836,61.327128811666164,61.93904133984596,65300
2024-07-10,62.05559158325195,62.084729038469156,61.16200837500638,61.43396783748637,32800
2024-07-11,62.5800895690918,62.716069303723486,62.40525742308824,62.48296224583199,24400
2024-07-12,63.19200134277344,63.48339073657786,62.560670006764035,62.696649747782075,32100
2024-07-15,63.19200134277344,63.463960824809504,63.06573655763958,63.17257884134519,6200
2024-07-16,63.803916931152344,63.803916931152344,63.24056806110872,63.318272886702324,13400
2024-07-17,62.453826904296875,63.01716836241192,62.27899475237427,63.00746081699512,106500
2024-07-18,61.88076400756836,62.376123013830295,61.76421047292969,62.376123013830295,7200
2024-07-19,62.026458740234375,62.06531115352618,61.62823076691852,61.72535809497797,7000
2024-07-22,62.61894607543945,62.735495906837116,62.16243947489128,62.16243947489128,6400
2024-07-23,62.96860885620117,63.502812861219496,62.92004148740857,62.92004148740857,12800
2024-07-24,62.68693542480469,63.02688478078201,62.5412407264315,62.97831741121088,4300
2024-07-25,62.11387634277344,62.88119114569282,62.02646026330539,62.52181928201439,3700
2024-07-26,62.69664764404297,63.007459528846574,62.482963083801764,62.852049881274844,4000
2024-07-29,60.8317756652832,61.336845929582275,60.46268514422424,61.12316135867918,14000
2024-07-30,60.21015167236328,60.58895344308525,59.72450761653098,60.579238487073354,11800
2024-07-31,60.34613037109375,60.86091187571509,59.95761365108177,60.5792374389649,28500
2024-08-01,58.665802001953125,59.724506166164474,58.44240248114567,59.724506166164474,48600
2024-08-02,57.81106948852539,58.19958251437428,57.39341529948948,58.19958251437428,18400
2024-08-05,56.97575759887695,57.49053908635511,55.557677916846984,55.557677916846984,15100
2024-08-06,57.68479919433594,58.05388970676456,57.15059148473954,57.15059148473954,15800
2024-08-07,58.063602447509766,59.248575135881836,58.063602447509766,58.78235728435105,11100
2024-08-08,60.40440368652344,60.54038712854707,59.63708892782478,59.8701959895254,28000
2024-08-09,60.90947723388672,60.93861839705883,60.297568384824494,60.66665520341659,21300
2024-08-12,59.88962173461914,60.734641310828046,59.7827794550078,60.404403221652046,14600
2024-08-13,60.86090850830078,60.86090850830078,60.53067042611357,60.53067042611357,19100
2024-08-14,62.065311431884766,62.28870354638939,61.23971431899643,61.23971431899643,68400
2024-08-15,63.30856704711914,63.38627188390196,62.85206039394644,62.85206039394644,12400
2024-08-16,63.541664123535156,63.60965399240956,63.19199982351252,63.32797956126133,11600
2024-08-19,63.98845291137695,63.98845291137695,63.19199702116544,63.29883929756427,8800
2024-08-20,63.96903610229492,64.25071054601109,63.599949284842836,63.823341402394796,13000
2024-08-21,63.20171356201172,63.289133340503795,62.95889154780231,63.20171356201172,9200
2024-08-22,63.1240119934082,63.512528718241605,63.1240119934082,63.30855910503061,3300
2024-08-23,63.629085540771484,63.67764549959403,63.46396093182249,63.46396093182249,1400
2024-08-26,64.12443542480469,64.61007946210668,63.93018077401987,64.56151950458043,13800
2024-08-27,64.21185302734375,64.270127938535,63.92046365070818,64.16328566112459,7300
2024-08-28,64.19242858886719,64.63922764722012,64.18272104306756,64.63922764722012,6200
2024-08-29,64.66836547851562,65.08601967085916,64.40611353360623,64.40611353360623,11500
2024-08-30,65.15400695800781,65.32883911089598,64.81405760804192,64.81405760804192,2800
2024-09-03,63.03660202026367,64.31870207377945,62.68693769563751,64.31870207377945,53300
2024-09-04,63.05602264404297,63.182294841604154,62.74521074367272,62.76464065576224,5400
2024-09-05,62.949180603027344,63.64850923416122,62.900620643295426,63.47367707637775,17200
2024-09-06,62.29841995239258,63.085160964956884,62.16244020726641,63.085160964956884,6400
2024-09-09,61.521385192871094,61.75449595498542,61.21057331349857,61.75449595498542,13600
2024-09-10,61.531097412109375,61.67679210387153,61.19114807155758,61.599087280219734,6200
2024-09-11,62.11387634277344,62.11387634277344,61.268856711362396,61.637943531187354,20700
2024-09-12,62.997745513916016,63.06573538315885,62.35669182362076,62.56066884168923,4300
2024-09-13,63.43482208251953,63.69707401369918,63.28913479890856,63.28913479890856,2800
2024-09-16,61.95846939086914,62.3081337030973,61.94875443487942,62.23042887585989,23400
2024-09-17,61.20085906982422,61.49224845214821,60.92889959850307,61.395117422983574,18300
2024-09-18,61.210575103759766,61.832198880685816,61.142585234731605,61.832198880685816,13900
2024-09-19,61.93904495239258,62.10416215723095,61.37569605434827,61.74478658392315,9800
2024-09-20,61.667083740234375,61.667083740234375,61.249429556479726,61.42426171271051,5300
2024-09-23,62.3372688293457,62.4052586980506,62.191574136309505,62.2692789606408,15200
2024-09-24,63.493106842041016,63.493106842041016,63.094875157320764,63.279422270760904,14200
2024-09-25,63.64850997924805,63.93989938241167,63.51253023386245,63.93989938241167,6700
2024-09-26,64.99859619140625,65.28998557800138,64.62950939068037,65.1442908847038,12500
2024-09-27,64.59066009521484,65.1442940281888,64.49353276510965,65.1442940281888,13500
2024-09-30,65.58136749267578,65.62993486050934,64.95003617287905,65.15400577916813,15400
2024-10-01,63.522247314453125,65.14429676747112,63.29884777651108,65.05688438980289,153100
2024-10-02,63.58051300048828,63.755345140778296,63.16285885481434,63.3085535401126,18500
2024-10-03,63.22114181518555,63.44454134913517,62.9783197788814,63.27942414293006,7100
2024-10-04,63.6193733215332,63.6193733215332,63.259994041154656,63.26970899747312,5400
2024-10-07,62.92975997924805,63.774783335476656,62.88119260772645,63.21143443132425,19600
2024-10-08,64.04673767089844,64.12443508459619,63.551378680583326,63.561093636173005,9600
2024-10-09,64.69750213623047,64.70721709230625,63.687361604216186,64.066163377429,3400
2024-10-10,64.64894104003906,64.74607578954283,63.969042255558506,63.969042255558506,37600
2024-10-11,64.77519989013672,65.10543425724637,64.31869333885264,64.52266293212733,6000
2024-10-14,65.41625213623047,65.52309442019373,65.07630278286561,65.3579772214651,12900
2024-10-15,65.57166290283203,65.70764264648699,65.2219985876221,65.46482061705454,4900
2024-10-16,65.34825897216797,65.50366861749686,65.22199419309307,65.46481620616464,86900
2024-10-17,65.76591491699219,66.11557921813785,65.46481798391562,65.79505237369767,73500
2024-10-18,66.0475845336914,66.0475845336914,65.6105078942954,66.01844707911026,18600
2024-10-21,66.26126861572266,66.68863770748318,66.0475840698424,66.31954352447569,17500
2024-10-22,65.96987915039062,66.13499633183126,65.70763465106369,66.13499633183126,44700
2024-10-23,65.03744506835938,65.5522265344005,65.03744506835938,65.38710934913063,11400
2024-10-24,65.47453308105469,66.24184414375661,64.87233180326055,65.7950525158474,7800
2024-10-25,65.2997055053711,65.87276195620841,65.17343330340725,65.50367512738136,5200
2024-10-28,67.09658813476562,67.09658813476562,66.36812201190499,66.64979646865197,55500
2024-10-29,66.55265045166016,66.7566274526123,65.7659095435337,66.30012090728583,20500
2024-10-30,67.01887512207031,67.42681432259269,66.72748574436022,66.92174779961351,13100
2024-10-31,66.36811065673828,67.09657665496297,66.19327852075078,67.06743920068827,14200
2024-11-01,66.2515640258789,66.60122835378083,66.16415164907369,66.30013139766437,7700
2024-11-04,66.19328308105469,66.41667518611055,66.04758838930442,66.25155799361885,8400
2024-11-05,66.8343276977539,66.8343276977539,66.42638849921164,66.47495586537416,11800
2024-11-06,67.41710662841797,67.95131060591824,67.00916001845852,67.42681417340438,52900
2024-11-07,68.2232666015625,68.2232666015625,67.5627904694429,67.90274719550422,62600
2024-11-08,68.09700775146484,68.29126240295756,67.66963862577295,68.10672270714147,15400
2024-11-11,68.46609497070312,68.46609497070312,67.82504868859837,68.12614562334909,18100
2024-11-12,68.69921875,69.16543294369745,68.41754427823483,68.84490605406732,23700
2024-11-13,68.83518981933594,69.53451102161743,68.80604495185999,69.05858193093778,32800
2024-11-14,68.67005920410156,68.7283415236146,68.33010988335639,68.56321693039031,22300
2024-11-15,67.63077545166016,68.34953385055866,67.59192304547601,68.34953385055866,22300
2024-11-18,68.12614440917969,68.29126160204602,67.8833223924916,68.10672190839418,15300
2024-11-19,68.49522399902344,68.65063363031308,67.46566112791636,67.59192589558488,29000
2024-11-20,69.28197479248047,69.65106156461978,68.93231051978455,69.18484747458479,43400
2024-11-21,70.53495025634766,70.54465780269642,69.58308457997768,69.60251449335665,14800
2024-11-22,70.51551818847656,70.64179039055965,70.24355869220608,70.42810581196412,12200
2024-11-25,71.99187469482422,72.2541192141899,71.60335798325218,71.85589495732499,45900
2024-11-26,72.49694061279297,72.53579302465198,72.1181388600924,72.43866570017438,35000
2024-11-27,71.38967895507812,72.08900760804765,71.15657187420177,71.96273540605341,29600
2024-11-29,72.13755798339844,72.1472729384933,71.38966946856289,71.38966946856289,13700
2024-12-02,72.28324890136719,72.700903024606,72.07927931704207,72.34153121855945,20100
2024-12-03,73.51679992675781,73.5944973442378,72.74948142529867,72.74948142529867,23300
2024-12-04,74.23555755615234,74.33268489425915,73.54594382215087,73.57508128254884,15300
2024-12-05,73.866455078125,74.37152157562006,73.82760266903472,74.37152157562006,59700
2024-12-06,74.28411865234375,74.53664822801103,74.00244420840077,74.37153102615005,15200
2024-12-09,75.51764678955078,75.75075384944009,75.27482477415029,75.36223714273135,44900
2024-12-10,74.43951416015625,75.22625509456152,74.274396973241,75.22625509456152,23700
2024-12-11,74.74061584472656,74.9348779096671,74.37152903684967,74.37152903684967,9600
2024-12-12,74.70177459716797,75.1291363408395,74.64349226958606,74.64349226958606,48000
2024-12-13,73.99272918701172,75.05142967954632,73.88588690111591,75.05142967954632,99500
2024-12-16,74.53665161132812,74.79890356533154,74.05100752945282,74.05100752945282,29200
2024-12-17,75.60101318359375,75.76731797156775,75.21948692241187,75.53253430244926,24600
2024-12-18,74.11402893066406,76.28579807081587,73.9868485534966,75.40535011350606,90100
2024-12-19,73.84989929199219,74.38795295647768,73.39989416516705,74.10425261189788,37400
2024-12-20,74.73035430908203,75.0140546800792,73.37055397254856,73.37055397254856,38700
2024-12-23,74.88687133789062,74.94556538455133,74.35860252703117,74.70099690528146,31700
2024-12-24,75.65970611572266,75.80644870561528,74.89665360464681,74.89665360464681,46700
2024-12-26,74.95535278320312,75.18035161220786,74.44664614924491,75.18035161220786,25300
2024-12-27,74.02598571777344,74.3488179025708,73.64445948615389,74.27055419771611,62800
2024-12-30,74.34881591796875,74.47598883723472,73.59554830385298,74.18251114731997,22500
2024-12-31,75.37601470947266,75.38579207565618,74.85752321985127,75.17057060140549,33100
2025-01-02,74.94556427001953,75.93362300139474,74.77925949786221,75.51296492476075,85400
2025-01-03,75.23905181884766,75.93362541609596,75.12165625990117,75.93362541609596,23600
2025-01-06,76.45211029052734,76.9608094579004,76.38363141292639,76.60863024062756,54200
2025-01-07,76.03144836425781,77.15646483698515,75.85535876449495,77.15646483698515,128100
2025-01-08,75.7673110961914,75.90426884605237,75.12165419879507,75.42491672153899,45500
2025-01-10,74.79882049560547,75.24882558793617,74.34881540327477,75.24882558793617,66700
2025-01-13,75.81623077392578,75.87492482228986,74.99448424227717,75.102087509732,34500
2025-01-14,77.05863952636719,77.20538211877182,76.6086343829944,76.6184192127916,88800
2025-01-15,78.63365173339844,78.73148509224104,78.12495260014882,78.36952106998058,86300
2025-01-16,78.94670104980469,79.1521451376001,78.49669594970118,78.65322335685244,108900
2025-01-17,79.87606811523438,80.09128957465772,79.05431413049416,79.05431413049416,43300
2025-01-21,80.75651550292969,80.91303544985497,80.21846185866646,80.55107141065628,140300
2025-01-22,80.57064056396484,80.89347274850002,80.30650242620419,80.59020275834379,24800
2025-01-23,79.61192321777344,79.86627650856528,79.17170297077429,79.86627650856528,34600
2025-01-24,79.6706314086914,80.02281062129468,79.58258287372169,79.62171472663736,16400
2025-01-27,78.1347427368164,78.34017936979485,77.41081464311567,77.79234088488109,87100
2025-01-28,78.7803955078125,78.99561695872416,77.74342756829728,77.74342756829728,41100
2025-01-29,78.45756530761719,79.03475080083987,78.13474058675597,79.03475080083987,122000
2025-01-30,78.6238784790039,79.0445365676527,78.34017814353028,78.7803984267879,24400
2025-01-31,78.87822723388672,79.63150236774719,78.58474952211247,78.78040132996198,64800
2025-02-03,77.98799896240234,78.22278261599035,77.02928722615817,77.90973525666041,70200
2025-02-04,79.22062683105469,79.2695360498015,78.58474727824333,78.58474727824333,53600
2025-02-05,80.8836898803711,80.8836898803711,80.04237369256441,80.23802549564779,61200
2025-02-06,80.46302795410156,80.77607530230758,79.96410617727282,80.58042350854289,68400
2025-02-07,79.51410675048828,80.75651886676107,79.45541270090118,80.5510747659301,73800
2025-02-10,80.84455871582031,81.32391086200516,80.65868427676095,80.65868427676095,59800
2025-02-11,80.3162841796875,80.65867854549042,80.15976423973649,80.41411007511157,34800
2025-02-12,79.44562530517578,79.91520007761861,78.70213502532374,78.84887760818948,413600
2025-02-13,81.363037109375,81.363037109375,80.18911143448636,80.66846354764152,41200
2025-02-14,81.10869598388672,81.45109037031087,80.75651676823963,81.34347963977216,54600
2025-02-18,81.86196899414062,82.1750163770314,81.67609454492354,82.08697529917384,38100
2025-02-19,81.50978088378906,82.09674372986858,81.44130200947374,82.01848002675463,104300
2025-02-20,80.37498474121094,81.35325861120442,80.16954066051147,81.35325861120442,48300
2025-02-21,79.09344482421875,80.35541907481954,78.75105044544435,80.35541907481954,158400
2025-02-24,78.05647277832031,79.16191956161308,77.48907214393473,79.16191956161308,53700
2025-02-25,77.69451904296875,78.41844717449844,77.13690316327809,78.41844717449844,77300
2025-02-26,78.1347427368164,78.91735741526226,78.03690937132751,78.32060971124193,32400
2025-02-27,77.10755920410156,78.92714950780167,77.10755920410156,78.77062207952535,46800
2025-02-28,77.35211944580078,77.47929236995435,76.36406068541449,76.98037803883342,40200
2025-03-03,77.22494506835938,78.9173547579444,77.00972361335143,78.76083481298075,50200
2025-03-04,76.2564468383789,76.99993708555614,75.04338930303314,76.3836272209709,238600
2025-03-05,77.44017028808594,77.57712804545139,76.14884149526085,76.26623705741896,144900
2025-03-06,75.5521011352539,77.06842129347461,75.45426776844651,76.66733285138866,66000
2025-03-07,75.94339752197266,76.22709783871665,74.63251412422869,75.64991984038865,35600
2025-03-10,74.09446716308594,75.77709955762444,73.45858760045621,75.77709955762444,219400
2025-03-11,74.38795471191406,75.16079205566821,73.87924806009802,73.87924806009802,321900
2025-03-12,76.1097183227539,76.6184175063032,75.54231762536722,76.26623827783133,92400
2025-03-13,75.09231567382812,76.07058969133736,74.92600341848633,76.07058969133736,50800
2025-03-14,76.43254089355469,76.54993645426,75.49339879882588,75.49339879882588,50300
2025-03-17,77.55755615234375,77.81190946453994,76.76515665560838,76.76515665560838,24200
2025-03-18,76.01188659667969,76.68689804310922,75.62058296871189,76.68689804310922,165100
2025-03-19,76.46189880371094,76.52059285487165,75.51297183720884,75.51297183720884,90300
2025-03-20,75.54232025146484,76.11949833485725,75.08253027255176,75.13144695851041,64800
2025-03-21,75.49339294433594,75.49339294433594,74.83795124107918,74.83795124107918,14400
2025-03-24,75.0629653930664,75.26840203219984,74.17273249318335,74.28034322753489,108300
2025-03-25,75.85535430908203,75.86513913728234,75.39556441094963,75.39556441094963,43000
2025-03-26,74.07489776611328,74.90642905318168,73.7618504299121,74.87708203160614,35800
2025-03-27,74.47599029541016,74.65207989826169,73.55641789264119,74.28033849830297,25500
2025-03-28,73.1259765625,74.28034010310238,72.84227622601898,74.28034010310238,51700
2025-03-31,72.74444580078125,72.85205652391319,71.53138828795613,72.25530886423142,58600
2025-04-01,73.84011840820312,73.84011840820312,72.87162185827165,73.17489184727742,18900
2025-04-02,74.7401351928711,75.02383554888782,73.20424530935871,73.36076526847651,133000
2025-04-03,72.5781478881836,73.83033736983072,72.44119013010582,73.50750516994536,37000
2025-04-04,69.26179504394531,71.1987731845881,68.72374141396813,71.1987731845881,63700
2025-04-07,68.47917938232422,70.99334324110117,66.48349954468847,67.61830095699905,52100
2025-04-08,68.28352355957031,70.6607295170714,67.52046362180783,70.55311878727046,34600
2025-04-09,72.03030395507812,72.83248824768339,67.53024554622824,68.37156169013588,24400
2025-04-10,70.72920227050781,71.63899724865357,69.46722810961937,71.33572728018021,16900
2025-04-11,72.22596740722656,72.44118887007326,70.92486126448092,71.46291492159766,10600
2025-04-14,73.5564193725586,74.45642959917964,72.94010201835943,73.96729263293284,10900
2025-04-15,73.95751190185547,74.4564337248916,73.90860268070335,73.91838004675085,5900
2025-04-16,73.49771881103516,74.33903500094173,73.00858183846798,74.11403617319806,19000
2025-04-17,73.63468170166016,74.19229759073023,73.21402357736952,73.63468170166016,15300
2025-04-21,71.36507415771484,72.60748612312032,70.54332770872863,72.43139653210369,18000
2025-04-22,72.59770965576172,72.74445224244849,72.19662121336509,72.19662121336509,5500
2025-04-23,74.26077270507812,74.96512361871099,73.92815570975065,74.38794562067073,12200
2025-04-24,75.9727554321289,76.09014352459926,74.50534456714855,74.63251748853732,31900
2025-04-25,76.08036041259766,76.19775597135491,75.56187642278591,75.56187642278591,10100
2025-04-28,75.60101318359375,75.86515134203552,74.97491842351897,75.86515134203552,6600
2025-04-29,76.54993438720703,76.80428769671471,75.72818787537288,75.72818787537288,6300
2025-04-30,76.65754699707031,76.80428958168147,75.23905276098425,75.82601563579097,8400
2025-05-01,76.99015808105469,77.6162528217345,76.94124886097417,77.20537954759551,19500
2025-05-02,77.91951751708984,78.25212706007156,77.76299011076608,77.85103864273258,52400
2025-05-05,77.82169342041016,78.15430297108699,77.47929157706461,77.53799308761289,5900
2025-05-06,78.2032241821289,78.36952896709968,77.73364938873348,77.79234343904362,11600
2025-05-07,79.6999740600586,80.01302140257215,79.03474752426263,79.03474752426263,66400
2025-05-08,81.079345703125,81.24565795399279,80.14020356721679,80.87390906061117,24500
2025-05-09,80.7173843383789,81.24565315807584,80.47281585501761,81.15760462297412,8700
2025-05-12,80.96195983886719,81.431527187982,80.61956542521297,81.431527187982,17800
2025-05-13,81.14781951904297,81.58804726578529,80.37498968223946,80.67825221221648,31000
2025-05-14,81.48043060302734,81.81304013250588,81.15759843831896,81.49999279620486,37500
2025-05-15,80.94239044189453,81.42175008620661,80.44347606479359,81.42175008620661,10400
2025-05-16,81.12825775146484,81.56847803688653,80.9521681445686,81.19673662838906,6100
2025-05-19,81.57826232910156,81.65652603468203,80.59020357115186,80.59020357115186,23700
2025-05-20,81.80326843261719,81.9597883797881,81.49999844008485,81.90109433255373,12600
2025-05-21,79.97388458251953,80.96194322803628,79.78801016882632,80.65867326933099,19700
2025-05-22,79.3282241821289,79.6901881993248,78.80974022752214,79.31844681729136,13400
2025-05-23,79.46519470214844,79.7391102086568,78.89779403087383,78.89779403087383,20400
2025-05-27,82.3510971069336,82.65435962722485,81.66630836316703,81.95000122584351,35700
2025-05-28,82.77175903320312,83.16307010369273,82.68371049711497,83.16307010369273,5500
2025-05-29,83.32937622070312,83.63263875997302,82.43914333445692,83.39785509936529,50100
2025-05-30,82.92827606201172,83.20219902625183,82.0380506850536,83.20219902625183,9100
2025-06-02,83.51525115966797,83.51525115966797,82.29240870223623,82.56632421851884,14500
2025-06-03,83.44676208496094,83.62285167586177,83.1532769455805,83.34892872940937,14200
2025-06-04,83.83807373046875,84.13155889812666,83.25111085879078,83.25111085879078,42900
2025-06-05,84.24895477294922,84.85547984170802,83.98481662834185,84.51308545391872,7800
2025-06-06,84.55220794677734,84.61090198857539,84.3467713368471,84.61090198857539,5300
2025-06-09,84.32721710205078,84.87505562568921,84.11200308822107,84.85548596575298,13100
2025-06-10,84.17068481445312,84.68916877225828,83.81850562355956,84.68916877225828,7000
2025-06-11,83.36851501464844,84.62070459364388,83.2609042729874,84.23917831453241,84400
2025-06-12,82.31197357177734,82.48806318991399,81.83262140270914,81.83262140270914,87000
2025-06-13,80.21846771240234,81.39239352273829,80.12064180548073,81.0499991166935,133900
2025-06-16,85.32831573486328,85.5054682540448,83.82252307616533,83.8520472445806,152700
2025-06-17,85.10195922851562,85.21021951907994,84.48192165370362,84.97401115310876,124400
2025-06-18,85.90898895263672,86.35186651535629,85.25942718471184,85.79088476518942,98600
2025-06-20,86.0762939453125,87.28683741219362,85.86961725754057,86.80458429870261,71900
2025-06-23,87.92654418945312,87.96591224867524,86.21407491108357,86.6077479946152,180000
2025-06-24,90.28857421875,90.63303534740686,89.58980806956339,90.05237337462665,180800
2025-06-25,90.73146057128906,91.34164671989278,90.37715554559485,91.0463975376073,91000
2025-06-26,90.61335754394531,90.71177393929035,89.82601136380566,90.50509725645887,63500
2025-06-27,90.63304138183594,91.10545061022552,90.28858023024455,91.10545061022552,47100
2025-06-30,93.37889862060547,93.39858640500876,92.02073433567777,92.49314354839028,78500
2025-07-01,91.84358215332031,93.09348615464212,91.40070461560299,93.09348615464212,86300
2025-07-02,93.58557891845703,93.60526670362054,92.75887215014944,93.17222553430324,67100
2025-07-03,95.37679290771484,95.45552152310279,94.78627948581979,94.90438367193681,72100
2025-07-07,94.41228485107422,95.4653560035493,93.84145927082322,95.4653560035493,78400
2025-07-08,93.89067840576172,94.19577149396886,93.65447754743005,94.1564034327986,22400
2025-07-09,96.13460540771484,96.16412957644343,95.17995057247775,95.23899890993492,175500
2025-07-10,95.29805755615234,96.28223658903539,95.14058530671979,95.9968237684565,115100
2025-07-11,93.92020416259766,94.61897036563322,93.8217877623528,94.61897036563322,68900
2025-07-14,92.26678466796875,92.50298553428551,91.28260563151042,92.1486804804653,198900
2025-07-15,92.02073669433594,93.27064072315203,91.84358417361422,93.27064072315203,73600
2025-07-16,92.4832992553711,92.52266731531734,91.70579696598477,92.50297953099938,69300
2025-07-17,93.3001708984375,93.45763563171623,92.58171693466335,92.7195013920409,61100
2025-07-18,93.01475524902344,93.40842833322496,92.79823467727812,93.3001680473523,31500
2025-07-21,93.87098693847656,94.04813945244848,93.39858524034452,93.67415414903648,34600
2025-07-22,94.0579833984375,94.28434786424398,93.23127667188778,94.28434786424398,24900
2025-07-23,95.17994689941406,95.3275752460498,94.55991685397147,94.91422188242142,22600
2025-07-24,93.86115264892578,94.37292241810023,93.62494428590087,94.37292241810023,24500
2025-07-25,93.9595718383789,93.98909600746205,93.40843399232014,93.70368319184162,31300
2025-07-28,93.59542083740234,93.88083364673483,93.4281122104905,93.88083364673483,28000
2025-07-29,93.69384002685547,93.72337170485795,92.56204015686548,93.13285828384919,111500
2025-07-30,92.15852355957031,92.76871725991538,91.92232269533903,92.76871725991538,35200
2025-07-31,90.36731719970703,92.15852271345331,90.31810524529438,92.07978658986907,50300
2025-08-01,89.57012939453125,89.9933266483521,88.95993573523224,89.93427080474923,41900
2025-08-04,90.20984649658203,90.26889483102094,89.73743729500218,90.10158621098435,29200
2025-08-05,87.27699279785156,88.28085205996688,87.1588886163775,88.0741753739046,175800
2025-08-06,87.85765075683594,88.03480326655865,87.51318962923328,87.71986630579488,28500
2025-08-07,87.31636047363281,88.85167728258223,86.75537875430977,88.50721614066278,48400
2025-08-08,86.66680145263672,87.3262070977277,86.66680145263672,87.20810291307932,42600
2025-08-11,86.58807373046875,87.82813389294995,86.48964982123591,87.11952379513781,45900
2025-08-12,86.03692626953125,86.19439851350403,85.62357289213753,85.62357289213753,39700
2025-08-13,88.77294921875,88.81231728264085,88.0052907446046,88.18244327776819,27900
2025-08-14,89.04852294921875,89.47172023727104,88.71389817070079,89.07804711906353,196700
2025-08-15,89.45203399658203,89.55045040066119,89.0780486576051,89.42250982622731,14200
2025-08-18,90.27873992919922,90.27873992919922,89.65870237454828,89.97363934357953,19400
2025-08-19,89.56028747558594,90.89877149349866,89.51107552294762,90.44605006224727,27000
2025-08-20,89.09772491455078,89.52092219081636,88.54658706962444,89.52092219081636,31700
2025-08-21,89.55044555664062,89.55044555664062,88.63515878170308,89.1272482841708,28600
2025-08-22,91.13497161865234,91.42038442255594,89.99332791172765,89.99332791172765,13600
2025-08-25,91.47943878173828,92.07978859694647,91.45975850475826,91.45975850475826,16500
2025-08-26,93.0934829711914,93.27063548195832,92.21756430925761,92.53250127187775,287500
2025-08-27,93.6151123046875,93.6151123046875,93.09349110999474,93.17222723470574,17800
2025-08-28,93.81194305419922,94.0973558685112,93.31985354856269,93.67415859331619,18600
2025-08-29,93.28048706054688,93.59542404911909,93.04428619629024,93.49700764806965,17500
2025-09-02,90.74130249023438,90.82988250640649,89.69807513354303,90.49525773564189,51100
2025-09-03,91.93216705322266,92.02073956199877,91.18418888590044,91.34165362662135,22700
2025-09-04,93.16238403320312,93.16238403320312,92.12899312089058,92.50297842286514,16200
2025-09-05,93.54621887207031,94.14656867507843,92.9458690690622,93.39859051730454,15600
2025-09-08,95.2882080078125,95.45551663138683,94.845330472777,94.91422270064228,23300
2025-09-09,96.16412353515625,96.26253992763206,95.26852460233016,95.44567711226239,20200
2025-09-10,95.77046203613281,96.79400916075464,95.48504920736121,96.79400916075464,23500
2025-09-11,95.4456787109375,95.77045206067852,94.99294978232479,95.41614703487961,21400
2025-09-12,95.51457214355469,95.95744967704982,95.1799473888802,95.95744967704982,8700
2025-09-15,93.98909759521484,94.50086738824471,93.35922361516725,94.50086738824471,44800
2025-09-16,94.54022979736328,94.68785814513517,93.96941169930281,94.04814031058343,22200
2025-09-17,92.58171844482422,93.04428377728966,91.8632644693309,93.04428377728966,51900
2025-09-18,93.78241729736328,93.78241729736328,92.63092967575595,92.63092967575595,18900
2025-09-19,93.78241729736328,94.18592678063438,93.56589671715885,93.95956981674054,16200
2025-09-22,93.13285827636719,93.35922275556104,92.37504373221225,92.99507381379357,40200
2025-09-23,93.0934829711914,93.60526022838005,92.78838990047207,93.51668021865184,23400
2025-09-24,92.67029571533203,93.06396129763756,92.40456318771716,93.00491296202966,22200
2025-09-25,92.78839111328125,93.04427974522021,92.28645774143278,92.9556997343342,24500
2025-09-26,93.1427001953125,93.36906466970962,92.6210865253812,92.84744349108841,18000
2025-09-29,96.52827453613281,96.7841556603703,95.63266807523277,95.87871281609239,224800
2025-09-30,98.7131576538086,98.79188626796223,97.7289786443337,98.51631734669965,115800
2025-10-01,98.13249206542969,99.0084108182613,97.94549564335657,98.82142190487842,41400
2025-10-02,98.36869049072266,98.74268332557689,98.1226457346091,98.1226457346091,61500
2025-10-03,98.53600311279297,99.23476929415992,97.99470166519683,98.5950514493708,77800
2025-10-06,99.28397369384766,99.62844234690319,98.68362390994315,99.30366147849129,101500
2025-10-07,98.28995513916016,99.51033494341257,97.82738982797775,99.51033494341257,25700
2025-10-08,98.9985580444336,98.9985580444336,98.0045427004655,98.27026771600906,48200
2025-10-09,100.63230895996094,101.63616829808497,100.21895555653872,101.63616829808497,91400
2025-10-10,97.9258041381836,100.82912899609117,97.73880773755118,100.82912899609117,106900
2025-10-13,99.92369842529297,100.7405688444391,99.29382442970062,100.46499990995373,135500
2025-10-14,99.23477172851562,100.17958268038737,98.00454796169983,99.24460811239337,95300
2025-10-15,97.96517944335938,99.15603514304195,97.62071829199499,98.87062232942861,117300
2025-10-16,96.33143615722656,98.34900607594282,96.01649918300004,98.34900607594282,151100
2025-10-17,96.71527099609375,96.94163547920898,95.95745643881092,96.1936573060732,30500
2025-10-20,97.83724212646484,97.92581463603469,96.95147948731544,97.3845131596961,36400
2025-10-21,97.14830780029297,97.53213700806218,96.81369054580281,97.31561642753803,32300
2025-10-22,96.78416442871094,97.55183039704035,96.242870454994,97.55183039704035,20700
2025-10-23,98.05374908447266,98.39821773446027,97.5419793186429,97.5419793186429,45600
2025-10-24,98.68362426757812,99.23476960925049,98.51631564094983,98.70331205229311,37500
2025-10-27,99.90401458740234,100.06147932634323,99.4020811839413,99.83512235623633,31900
2025-10-28,99.66780090332031,100.10084205253274,99.15603114317896,100.10084205253274,34600
2025-10-29,99.76622772216797,100.83897922572845,99.41192268222197,100.83897922572845,28200
2025-10-30,100.14021301269531,100.83897919999664,99.56938739196244,100.16973718123496,47500
2025-10-31,100.82913208007812,101.3507532394446,100.14020980723882,100.43546650056402,66500
2025-11-03,101.8625259399414,102.28572320796219,101.39011671871525,101.66569314449958,71800
2025-11-04,100.04179382324219,101.18343752416327,99.98273797912083,100.6618238713441,28000
2025-11-05,102.2562026977539,102.6105077491764,101.0751833567822,101.14407558852047,38400
2025-11-06,100.7799301147461,101.35075573124126,100.19926060591416,100.88819040438104,33300
2025-11-07,101.24250030517578,101.54759340406339,99.87449204355113,100.64215049152006,34200
2025-11-10,103.45690155029297,103.73247047520779,102.32509417265847,102.32509417265847,53600
2025-11-11,103.94898986816406,104.31313129675381,103.49626842404575,103.57499703833896,24900
2025-11-12,105.44493865966797,105.88781621123364,104.8347449695933,105.75987564290556,27900
2025-11-13,104.26392364501953,105.48430347896904,103.91945499473394,105.41541125064987,48600
2025-11-14,103.8505630493164,104.41154476964063,102.12824982795557,103.3486371739193,25800
2025-11-17,102.63018798828125,104.56902187766221,102.2758829369888,104.13598070192917,52200
2025-11-18,101.40980529785156,101.87237063032211,100.31736600460533,101.13423637859844,77900
2025-11-19,101.25233459472656,101.53774741078081,100.41578393177583,101.16376208734249,193500
2025-11-20,97.827392578125,101.42948375750548,97.827392578125,101.3704354212059,222600
2025-11-21,98.90999603271484,99.64813033146645,97.55183162614043,97.9258169677127,104900
2025-11-24,100.49451446533203,100.61261864396471,99.41191910827943,99.49064771867829,61300
2025-11-25,100.07131958007812,100.37641266290633,98.82141557189082,99.49065007391663,78200
2025-11-26,100.89802551269531,101.27201832986692,100.27799545973302,100.92755718933232,57100
2025-11-28,102.11841583251953,102.21683223144662,101.52790993026703,101.82315912704831,39800
2025-12-01,102.38414001464844,102.90575368247367,101.83300217825797,102.11841498887156,78000
2025-12-02,104.02771759033203,104.32297429464188,103.54547198140318,103.54547198140318,108500
2025-12-03,105.5531997680664,105.5531997680664,104.00803900887215,104.19503542522808,41900
2025-12-04,105.93702697753906,105.93702697753906,105.20873661984687,105.28747274194599,40200
2025-12-05,105.83861541748047,107.24599175240596,105.77956707755177,106.44880912860775,26200
2025-12-08,107.31487274169922,107.89553471333521,106.74404715322729,107.89553471333521,59800
2025-12-09,107.52155303955078,107.65933749538226,107.11803605555167,107.29518857143353,38000
2025-12-10,108.81082916259766,108.93877723971767,107.42314066021355,107.42314066021355,116100
2025-12-11,110.19852447509766,110.19852447509766,108.44668704625497,109.66706691095045,83900
2025-12-12,108.83051300048828,110.06073672085365,107.8758581920944,110.06073672085365,49700
2025-12-15,107.82664489746094,108.94860831577157,107.5806001564509,108.86987970525246,79000
2025-12-16,108.14375305175781,108.44196640408514,107.59701719638086,107.90518085308125,55700
2025-12-17,107.5572509765625,109.11792432196114,107.48766710450295,108.67060051358871,79600
2025-12-18,109.63484191894531,110.19151290726495,109.2670371107636,109.64478463918627,64500
2025-12-19,110.52949523925781,110.75812471235702,110.13186986126011,110.22133158967112,69200
2025-12-22,111.33468627929688,111.33468627929688,110.79789313179,111.14581250959807,52200
2025-12-23,111.72236633300781,111.76212963012028,110.8475965487537,111.17563047780308,45300
2025-12-24,111.80189514160156,111.80189514160156,111.33468587136815,111.77207456419494,21200
2025-12-26,109.04834747314453,109.34656842064852,108.66066479183358,109.34656842064852,54700
2025-12-29,109.46585845947266,109.7640718232925,108.97876373897486,109.26704196618567,81300
2025-12-30,110.04240417480469,110.53943401766121,109.84359527129149,110.0324690384805,35600
2025-12-31,109.37638854980469,110.06229217580531,109.09805304478232,110.06229217580531,90000
2026-01-02,111.33468627929688,112.05041047597271,110.68854595818266,112.05041047597271,96200
2026-01-05,113.60114288330078,114.01864614293264,112.9152392538529,113.68066948058505,160500
2026-01-06,115.61907958984375,115.65884288735128,114.54550089343452,114.55543602975627,110100
2026-01-07,116.42427062988281,116.68272068210528,115.30097835525477,115.9272407976611,224500
2026-01-08,115.96700286865234,116.15586904573055,115.39044644919126,116.15586904573055,107400
2026-01-09,117.27916717529297,117.34875105118651,116.4143325028386,116.87159905643529,109300
2026-01-12,117.42826843261719,117.99488215247311,117.01076518305463,117.49785230754428,104500
2026-01-13,116.97100067138672,117.67678213377185,116.41432967774739,117.49785108809158,166400
2026-01-14,118.05452728271484,118.22351560464789,117.06046762324048,117.37856641090936,103400
2026-01-15,118.61119842529297,119.35674317090553,118.11416859488459,118.46208795935578,100200
2026-01-16,118.44221496582031,118.98894325127166,118.17381459929945,118.70067261178428,125800
2026-01-20,116.33480072021484,117.2095780742493,115.80795031421137,116.15586967816901,203200
2026-01-21,116.45409393310547,116.65290283701987,115.05246613306626,115.5793165541056,285900
2026-01-22,117.12010955810547,118.14398980075042,116.84177406504548,117.60719667096043,193100
2026-01-23,118.07440948486328,118.42232886167048,117.6072002142621,117.70661225112724,138700
2026-01-26,119.60526275634766,119.92336155686692,119.16787406160606,119.45615228458816,120400
2026-01-27,120.69872283935547,120.69872283935547,119.85377363997345,119.95317808977015,136400
2026-01-28,120.01282501220703,120.62913714207143,118.49190737542895,120.62913714207143,174300
2026-01-29,118.96906280517578,119.80406929601638,117.4978511417907,119.80406929601638,102400
2026-01-30,118.28315734863281,119.27721701307665,117.96505855937372,119.22751858029848,57400
2026-02-02,120.00288391113281,120.35080327689093,118.96906094997054,119.14799199294235,119600
2026-02-03,120.77825164794922,122.25939845408307,119.82395526106659,121.00688871234098,230200
2026-02-04,119.93330383300781,121.3249889241505,118.79013366585225,121.3249889241505,93000
2026-02-05,118.06446838378906,119.11817683323862,117.54756067173875,118.78019258822312,195000
2026-02-06,119.19770050048828,119.58538317101578,117.9054198760143,118.32292312364798,130700
2026-02-09,120.60926055908203,120.70866500842487,119.39650655850869,119.59531545719437,143900
2026-02-10,122.27928161621094,123.09441023882142,122.12022842932433,122.81607474584322,131000
2026-02-11,122.5079116821289,123.48209349631657,121.70272577584032,123.3131051724909,105900
2026-02-12,122.23951721191406,123.790247849641,121.38462530032784,123.54173293543742,113900
2026-02-13,121.77230834960938,122.22957488311911,121.10629019758912,121.51385071446967,103700
2026-02-17,122.15999603271484,122.637148026123,121.27528350566988,122.18981661028906,138500
2026-02-18,121.86177062988281,123.15405122735349,121.09634802521522,122.32897988564642,143500
2026-02-19,120.91741943359375,121.53373916834063,119.96312304642257,120.37068357340912,181400
2026-02-20,122.04070281982422,122.27928260207767,120.91741811865624,121.28522292824191,116100
2026-02-23,121.6629638671875,122.1699364285228,121.09635015183869,122.15999370816272,104900
2026-02-24,120.33092498779297,120.60926047939836,119.28715931019939,120.06252463226394,337000
2026-02-25,120.01282501220703,120.22157662884561,119.13804766544737,119.6549629310914,148200
2026-02-26,118.1042251586914,119.08834967746624,116.7523034214512,118.9392392124331,197800
2026-02-27,118.07440948486328,118.08435220536452,117.09029250930193,117.09029250930193,77900
2026-03-02,124.61532592773438,125.41057672984509,122.26934440398885,122.76637425928962,751200
2026-03-03,123.08447265625,124.07853236356394,120.80807501641222,122.61726338036065,326600
2026-03-04,125.08253479003906,125.25152312010277,124.03876906374205,124.53579891739325,219200
2026-03-05,125.0626449584961,126.3847461429737,124.01888685291384,125.27139657961254,171500
2026-03-06,124.96324157714844,125.54974073260374,123.5516786504334,124.96324157714844,415200
2026-03-09,123.154052734375,123.56162084215984,120.28122087556062,121.83195154424286,382100
2026-03-10,121.11622619628906,122.26933905045344,120.48997133629706,121.72260319993181,173800
2026-03-11,120.09234619140625,121.00688685083092,120.01282718177778,120.28121995542983,104100
2026-03-12,117.00082397460938,119.23745830569295,117.00082397460938,119.23745830569295,204200
2026-03-13,117.21951293945312,118.9193540429241,117.08034519419164,118.20363746046789,126400
2026-03-16,118.36268615722656,118.63107893465731,117.56743537715832,118.02470950534534,137800
2026-03-17,121.05658721923828,121.29515942008467,119.57544041220974,120.22158072423916,113200
2026-03-18,120.85778045654297,122.27928613455637,120.82795987891816,121.56356193526659,110800
2026-03-19,122.12023162841797,122.25939937855274,119.55555580323664,119.93330333995125,114700
2026-03-20,119.46609497070312,122.1202325477779,118.8597179473765,122.1202325477779,89000
2026-03-23,119.79413604736328,121.61325952652265,119.67484615361775,119.80407118378687,140400
2026-03-24,118.49191284179688,119.18775918010009,117.40839141248598,118.53167613976336,177700
2026-03-25,119.69473266601562,120.40051414616197,119.4959161746601,120.33093027020595,57200
2026-03-26,117.84577941894531,119.28716293747706,117.52768062114164,118.17381335312746,65300
2026-03-27,113.21345520019531,114.66478140818627,112.83571525589304,114.31686204052978,628100
2026-03-30,109.57520294189453,112.2591610706822,109.16763482872773,112.2591610706822,511900
2026-03-31,115.3506851196289,115.43021171347735,111.52355690353485,112.10010574875258,180700
2026-04-01,117.80601501464844,117.98494606073687,116.15587230249129,116.16581502284996,184300
2026-04-02,117.14993286132812,117.94518364635776,114.78407353117899,115.07235175115039,120400
2026-04-06,117.65690612792969,118.23346257131028,117.18969685774451,117.1996395782369,122100
2026-04-07,117.6668472290039,117.95512544672671,116.57337551209899,117.52767948032029,50400
2026-04-08,121.65302276611328,122.53773528809941,121.27528281221059,121.97112156520859,182600
2026-04-09,123.17394256591797,123.53179708492397,121.57350582272079,121.66296755645386,107700
2026-04-10,124.84394836425781,125.65908456163179,124.26739952856218,125.50003137656175,360300
2026-04-13,124.31710052490234,124.64514203782022,122.62720211108194,122.92542304720246,113400
2026-04-14,126.58355712890625,127.13029299136474,126.05670670730454,126.23563775464791,172400
2026-04-15,126.68296813964844,127.02094479074273,125.98712181269052,126.51397223002779,91900
2026-04-16,125.59944152832031,126.29528786848823,125.16206041766402,126.29528786848823,80700
2026-04-17,129.03887939453125,129.40667660739055,128.2436286491914,128.5716701504496,153300
2026-04-20,127.94542694091797,128.5617390831913,127.62732056545636,127.98518265377726,71000
2026-04-21,125.62925720214844,127.83607844665848,125.41057044739316,127.45833092174601,58000
2026-04-22,126.56367492675781,127.66707416607261,125.84795076195762,127.47821557293211,57400
2026-04-23,126.72273254394531,128.09453218507508,125.50997850940409,127.74660522652009,79800
2026-04-24,125.96724700927734,126.24558251317744,125.25152280834928,126.07659418353434,39900
2026-04-27,126.25552368164062,126.56367975944546,125.61932608509761,125.7584938353368,50300
2026-04-28,126.84201049804688,127.10046813196251,125.98711858777257,126.24557622168821,30300
2026-04-29,128.17405700683594,128.67108684466723,127.72673318641716,128.67108684466723,44900
2026-04-30,129.98324584960938,129.98324584960938,128.29334732903857,129.4961662857192,48800
2026-05-01,130.6094970703125,131.18605348865344,130.39080273341952,130.4405087496491,122800
2026-05-04,132.0608367919922,133.16424366220664,131.24570055987556,131.67315411695182,88000
2026-05-05,134.32728576660156,134.49627408743763,133.47239385827723,134.19805315790188,96500
2026-05-06,135.7388458251953,136.13646361085975,134.75472132867841,136.13646361085975,193300
2026-05-07,134.13841247558594,136.16628750087008,133.7010237998206,135.99729917944194,141200
2026-05-08,136.06689453125,136.12653568544414,135.3412200401627,135.95754735917842,55400
2026-05-11,135.33128356933594,135.58973362434423,134.21794158696557,134.39686504778356,88200
2026-05-12,134.01913452148438,134.51616436587236,132.50815954746375,134.51616436587236,37400
2026-05-13,133.24375915527344,133.6612775886529,131.84214646776238,133.06483568509455,78600
2026-05-14,133.07476806640625,133.21393581860193,131.58367850653235,132.60755879086062,50200
2026-05-15,129.22775268554688,129.824194534431,128.73072286752554,129.71484736774045,188400
2026-05-18,128.4921417236328,129.9832311617904,127.75654730842194,129.56572793928382,95400
2026-05-19,128.5816192626953,129.5557934534306,127.77641822080848,127.95535684172096,53100
2026-05-20,131.41468811035156,131.82225622399758,129.32717186023862,129.32717186023862,40500
2026-05-21,131.92166137695312,132.21986713416155,130.34109502301678,130.42062161432113,53800
2026-05-22,133.03500366210938,133.5717891946156,132.48826782557296,132.48826782557296,31000
2026-05-26,136.38497924804688,136.57385300609837,135.24181673204063,136.08675832313116,91100
2026-05-27,136.78262329101562,137.61762981394477,136.35516972475466,137.61762981394477,89300
2026-05-28,136.7428436279297,137.17029716674406,135.49033392395904,136.18617264838718,54500
2026-05-29,136.87208557128906,138.02519848935157,135.89791129065233,137.74686298059822,148200
2026-06-01,133.1443634033203,133.64139327108356,131.01707617601957,133.32328687500413,161300
2026-06-02,131.7924346923828,132.14034648080877,130.54986008768938,131.17612254226194,142400
2026-06-03,129.26751708984375,131.06677789331857,128.53192261731937,131.06677789331857,95300
2026-06-04,128.6611328125,129.1780480759487,127.39868798205208,127.99511466928075,88600
2026-06-05,123.35285949707031,127.37880415135056,123.27334048821244,127.31916299868884,118000
2026-06-08,125.2415771484375,127.6969133592637,125.22169929179988,127.27939494506504,75700
2026-06-09,123.79025268554688,126.09647087608643,120.53968081777154,125.39068940226544,270800
2026-06-10,120.78819274902344,123.26339920631946,120.77825002877269,121.78225242004214,65500
2026-06-11,127.50804138183594,127.57761767308055,123.8697792561512,124.09840873902239,78600
2026-06-12,129.18800354003906,129.22775925351698,127.88577260939469,128.9891794682083,40100
2026-06-15,126.70999908447266,127.56999969482422,126.56999969482422,127.27999877929688,81500
2026-06-16,123.47000122070312,125.61000061035156,123.41000366210938,125.61000061035156,87000
2026-06-17,120.4800033569336,123.62999725341797,120.29000091552734,123.0199966430664,62400
2026-06-18,122.97000122070312,123.70999908447266,122.47000122070312,123.70999908447266,38700
2026-06-22,121.08999633789062,121.73999786376953,120.25,121.73999786376953,99200
2026-06-23,119.5,120.6500015258789,118.7300033569336,120.0,295400
2026-06-24,120.4000015258789,121.44999694824219,119.68000030517578,120.8499984741211,98000
2026-06-25,119.81999969482422,122.11000061035156,119.02999877929688,122.11000061035156,51300
2026-06-26,117.8499984741211,118.4000015258789,117.16999816894531,117.52999877929688,80200
2026-06-29,119.61000061035156,120.66000366210938,117.68000030517578,120.0,48100
2026-06-30,120.70999908447266,121.05000305175781,119.13999938964844,119.38999938964844,48100
2026-07-01,120.5999984741211,122.16999816894531,120.58999633789062,121.20999908447266,97300
2026-07-02,120.4800033569336,122.41000366210938,118.86000061035156,121.41999816894531,234700
2026-07-06,122.95999908447266,123.22000122070312,122.11000061035156,122.12999725341797,41300
2026-07-07,119.55999755859375,120.66000366210938,119.30999755859375,120.54000091552734,84100
2026-07-08,119.51000213623047,119.9000015258789,118.44999694824219,119.30999755859375,128500
2026-07-09,119.56999969482422,119.77999877929688,118.87999725341797,118.87999725341797,51100
2026-07-10,119.37000274658203,119.5,118.63999938964844,119.36000061035156,51700
2026-07-13,118.0,118.91000366210938,117.88999938964844,118.0,65100
2026-07-14,120.16999816894531,120.45999908447266,119.4000015258789,119.97000122070312,56000
2026-07-15,122.9000015258789,123.16999816894531,121.52999877929688,122.0,96600
2026-07-16,120.48999786376953,121.87000274658203,120.2300033569336,121.87000274658203,47700
2026-07-17,119.94000244140625,120.4800033569336,118.88999938964844,119.18000030517578,30400
2026-07-20,118.61000061035156,120.45999908447266,118.61000061035156,120.45999908447266,74600
2026-07-21,120.69000244140625,121.16999816894531,119.91999816894531,120.58999633789062,241100
2026-07-22,119.68000030517578,120.73999786376953,119.68000030517578,120.4800033569336,49600
2026-07-23,119.29000091552734,119.81999969482422,118.5,118.5,30700
2026-07-24,119.56999969482422,120.91000366210938,119.45999908447266,120.80999755859375,20300
2026-07-27,119.66999816894531,120.76000213623047,118.44000244140625,120.73999786376953,22100
2026-07-28,118.76000213623047,119.12999725341797,117.58000183105469,119.05999755859375,47300
2026-07-29,115.83999633789062,118.27999877929688,115.08999633789062,117.5999984741211,78800
2026-07-30,119.08000183105469,119.08000183105469,117.30999755859375,117.30999755859375,30300
2026-07-31,119.3499984741211,120.31999969482422,118.45999908447266,119.94000244140625,40200
2026-08-03,119.6500015258789,120.19999694824219,118.70999908447266,118.95999908447266,59000
2026-08-04,122.77999877929688,123.37999725341797,120.2300033569336,120.62000274658203,92000
2026-08-05,120.27999877929688,122.56999969482422,120.2699966430664,121.47000122070312,26900
2026-08-06,120.81999969482422,121.3499984741211,119.91000366210938,120.48999786376953,24100
2026-08-07,123.63999938964844,123.9000015258789,122.41000366210938,122.94000244140625,41700
2026-08-10,121.62000274658203,122.30000305175781,121.55000305175781,121.79000091552734,29500
2026-08-11,121.41000366210938,122.13999938964844,121.25,122.13999938964844,17300
2026-08-12,123.12999725341797,124.02999877929688,123.0999984741211,123.80999755859375,17700
2026-08-13,124.48999786376953,125.08000183105469,123.72000122070312,123.97000122070312,29300
2026-08-14,124.69000244140625,125.01000213623047,124.54000091552734,125.01000213623047,13300
2026-08-17,122.5,124.16999816894531,122.43000030517578,124.05000305175781,22400
2026-08-18,122.25,122.58000183105469,121.97000122070312,122.16999816894531,19200
2026-08-19,123.0199966430664,123.62000274658203,122.5999984741211,123.55999755859375,12600
2026-08-20,121.12999725341797,122.05999755859375,121.12999725341797,121.7300033569336,26100
2026-08-21,122.80000305175781,123.33999633789062,122.4000015258789,122.91000366210938,15100
