Price,Close,High,Low,Open,Volume
Ticker,CSSMI.SW,CSSMI.SW,CSSMI.SW,CSSMI.SW,CSSMI.SW
Date,,,,,
2008-01-03,52.28904342651367,52.28904342651367,52.28904342651367,52.28904342651367,0
2008-01-04,51.101051330566406,51.101051330566406,51.101051330566406,51.101051330566406,0
2008-01-07,50.977149963378906,50.977149963378906,50.977149963378906,50.977149963378906,0
2008-01-08,52.27085494995117,52.27085494995117,52.27085494995117,52.27085494995117,0
2008-01-09,52.41748809814453,52.41748809814454,52.41748809814454,52.41748809814454,0
2008-01-10,52.108768463134766,52.108768463134766,52.108768463134766,52.108768463134766,0
2008-01-11,51.2840690612793,51.2840690612793,51.2840690612793,51.2840690612793,0
2008-01-14,51.494266510009766,51.494266510009766,51.494266510009766,51.494266510009766,0
2008-01-15,50.11469268798828,50.11469268798828,50.11469268798828,50.11469268798828,0
2008-01-16,49.31989288330078,49.31989288330078,49.31989288330078,49.31989288330078,0
2008-01-17,48.94549560546875,48.94549560546875,48.94549560546875,48.94549560546875,0
2008-01-18,48.341636657714844,48.341636657714844,48.341636657714844,48.341636657714844,0
2008-01-21,45.79556655883789,45.79556655883789,45.79556655883789,45.79556655883789,0
2008-01-22,47.056427001953125,47.056427001953125,47.056427001953125,47.056427001953125,0
2008-01-23,46.2283821105957,46.2283821105957,46.2283821105957,46.2283821105957,0
2008-01-24,48.33145523071289,48.33145523071289,48.33145523071289,48.33145523071289,0
2008-01-25,48.30519104003906,48.30519104003906,48.30519104003906,48.30519104003906,0
2008-01-28,47.64319610595703,47.64319610595703,47.64319610595703,47.64319610595703,0
2008-01-29,48.413185119628906,48.413185119628906,48.413185119628906,48.413185119628906,0
2008-01-30,48.20785903930664,48.20785903930664,48.20785903930664,48.20785903930664,0
2008-01-31,48.19878005981445,48.19878005981445,48.19878005981445,48.19878005981445,0
2008-02-01,49.11176681518555,49.11176681518555,49.11176681518555,49.11176681518555,0
2008-02-04,48.707374572753906,48.707374572753906,48.707374572753906,48.707374572753906,0
2008-02-05,47.23501968383789,47.23501968383789,47.23501968383789,47.23501968383789,0
2008-02-06,47.53623962402344,47.53623962402344,47.53623962402344,47.53623962402344,0
2008-02-07,46.62178421020508,46.62178421020508,46.62178421020508,46.62178421020508,0
2008-02-08,46.79136657714844,46.79136657714844,46.79136657714844,46.79136657714844,0
2008-02-11,46.163658142089844,46.163658142089844,46.163658142089844,46.163658142089844,0
2008-02-12,47.416324615478516,47.416324615478516,47.416324615478516,47.416324615478516,0
2008-02-13,47.350276947021484,47.350276947021484,47.350276947021484,47.350276947021484,0
2008-02-14,47.13363265991211,47.13363265991211,47.13363265991211,47.13363265991211,0
2008-02-15,46.19807052612305,46.19807052612305,46.19807052612305,46.19807052612305,0
2008-02-18,47.03546905517578,47.03546905517579,47.03546905517579,47.03546905517579,0
2008-02-19,46.884498596191406,46.884498596191406,46.884498596191406,46.884498596191406,0
2008-02-20,46.37376022338867,46.37376022338867,46.37376022338867,46.37376022338867,0
2008-02-21,47.03022003173828,47.03022003173829,47.03022003173829,47.03022003173829,0
2008-02-22,46.8318977355957,46.8318977355957,46.8318977355957,46.8318977355957,0
2008-02-25,47.84252166748047,47.84252166748047,47.84252166748047,47.84252166748047,0
2008-02-26,48.64207458496094,48.642074584960945,48.642074584960945,48.642074584960945,0
2008-02-27,48.88930892944336,48.88930892944337,48.88930892944337,48.88930892944337,0
2008-02-28,48.13764190673828,48.13764190673828,48.13764190673828,48.13764190673828,0
2008-02-29,47.536468505859375,47.536468505859375,47.536468505859375,47.536468505859375,0
2008-03-03,46.71540069580078,46.715400695800774,46.715400695800774,46.715400695800774,0
2008-03-04,45.90782928466797,45.90782928466797,45.90782928466797,45.90782928466797,0
2008-03-05,46.304080963134766,46.304080963134766,46.304080963134766,46.304080963134766,0
2008-03-06,45.86857604980469,45.86857604980469,45.86857604980469,45.86857604980469,0
2008-03-07,45.436641693115234,45.436641693115234,45.436641693115234,45.436641693115234,0
2008-03-10,44.68075942993164,44.68075942993164,44.68075942993164,44.68075942993164,0
2008-03-11,45.23752975463867,45.23752975463867,45.23752975463867,45.23752975463867,0
2008-03-12,45.883338928222656,45.88333892822266,45.88333892822266,45.88333892822266,0
2008-03-13,45.924983978271484,45.924983978271484,45.924983978271484,45.924983978271484,0
2008-03-14,45.16667556762695,45.16667556762695,45.16667556762695,45.16667556762695,0
2008-03-17,42.899559020996094,42.899559020996094,42.899559020996094,42.899559020996094,0
2008-03-18,44.41636657714844,44.41636657714843,44.41636657714843,44.41636657714843,0
2008-03-19,44.79024887084961,44.79024887084961,44.79024887084961,44.79024887084961,0
2008-03-20,44.3900260925293,44.3900260925293,44.3900260925293,44.3900260925293,0
2008-03-25,45.80982971191406,45.80982971191406,45.80982971191406,45.80982971191406,0
2008-03-26,45.495487213134766,45.495487213134766,45.495487213134766,45.495487213134766,0
2008-03-27,46.004215240478516,46.004215240478516,46.004215240478516,46.004215240478516,0
2008-03-28,45.84154510498047,45.84154510498047,45.84154510498047,45.84154510498047,0
2008-03-31,45.74485397338867,45.74485397338867,45.74485397338867,45.74485397338867,0
2008-04-01,47.45414733886719,47.45414733886719,47.45414733886719,47.45414733886719,0
2008-04-02,48.105751037597656,48.105751037597656,48.105751037597656,48.105751037597656,0
2008-04-03,47.59798812866211,47.59798812866212,47.59798812866212,47.59798812866212,0
2008-04-04,47.96040344238281,47.96040344238281,47.96040344238281,47.96040344238281,0
2008-04-07,48.375606536865234,48.375606536865234,48.375606536865234,48.375606536865234,0
2008-04-08,48.04046630859375,48.04046630859375,48.04046630859375,48.04046630859375,0
2008-04-09,46.99229049682617,46.99229049682617,46.99229049682617,46.99229049682617,0
2008-04-10,46.41758728027344,46.41758728027344,46.41758728027344,46.41758728027344,0
2008-04-11,46.07625961303711,46.07625961303711,46.07625961303711,46.07625961303711,0
2008-04-14,45.31684875488281,45.316848754882805,45.316848754882805,45.316848754882805,0
2008-04-15,45.620140075683594,45.620140075683594,45.620140075683594,45.620140075683594,0
2008-04-16,46.28277587890625,46.28277587890625,46.28277587890625,46.28277587890625,0
2008-04-17,45.79007339477539,45.79007339477539,45.79007339477539,45.79007339477539,0
2008-04-18,47.35563278198242,47.35563278198242,47.35563278198242,47.35563278198242,0
2008-04-21,47.207801818847656,47.207801818847656,47.207801818847656,47.207801818847656,0
2008-04-22,46.784645080566406,46.784645080566406,46.784645080566406,46.784645080566406,0
2008-04-23,46.83491516113281,46.83491516113281,46.83491516113281,46.83491516113281,0
2008-04-24,47.703487396240234,47.703487396240234,47.703487396240234,47.703487396240234,0
2008-04-25,48.062503814697266,48.062503814697266,48.062503814697266,48.062503814697266,0
2008-04-28,48.504798889160156,48.50479888916015,48.50479888916015,48.50479888916015,0
2008-04-29,47.937171936035156,47.937171936035156,47.937171936035156,47.937171936035156,0
2008-04-30,48.36948776245117,48.36948776245117,48.36948776245117,48.36948776245117,0
2008-05-02,49.38433074951172,49.38433074951172,49.38433074951172,49.38433074951172,0
2008-05-05,49.34755325317383,49.34755325317383,49.34755325317383,49.34755325317383,0
2008-05-06,48.608680725097656,48.608680725097656,48.608680725097656,48.608680725097656,0
2008-05-07,49.223289489746094,49.223289489746094,49.223289489746094,49.223289489746094,0
2008-05-08,48.881080627441406,48.881080627441406,48.881080627441406,48.881080627441406,0
2008-05-09,48.221473693847656,48.22147369384766,48.22147369384766,48.22147369384766,0
2008-05-13,48.86607360839844,48.86607360839844,48.86607360839844,48.86607360839844,0
2008-05-14,48.96976089477539,48.96976089477538,48.96976089477538,48.96976089477538,0
2008-05-15,49.54071044921875,49.54071044921876,49.54071044921876,49.54071044921876,0
2008-05-16,49.34995651245117,49.34995651245117,49.34995651245117,49.34995651245117,0
2008-05-19,50.15533447265625,50.15533447265625,50.15533447265625,50.15533447265625,0
2008-05-20,49.18346405029297,49.18346405029297,49.18346405029297,49.18346405029297,0
2008-05-21,48.84550857543945,48.845508575439446,48.845508575439446,48.845508575439446,0
2008-05-22,48.867916107177734,48.867916107177734,48.867916107177734,48.867916107177734,0
2008-05-23,48.10727310180664,48.10727310180665,48.10727310180665,48.10727310180665,0
2008-05-26,47.49461364746094,47.49461364746094,47.49461364746094,47.49461364746094,0
2008-05-27,47.843589782714844,47.843589782714844,47.843589782714844,47.843589782714844,0
2008-05-28,48.20153045654297,48.20153045654297,48.20153045654297,48.20153045654297,0
2008-05-29,48.63710021972656,48.63710021972656,48.63710021972656,48.63710021972656,0
2008-05-30,48.43501281738281,48.43501281738281,48.43501281738281,48.43501281738281,0
2008-06-02,48.72296142578125,48.72296142578125,48.72296142578125,48.72296142578125,0
2008-06-03,48.94832992553711,48.94832992553712,48.94832992553712,48.94832992553712,0
2008-06-04,48.457923889160156,48.45792388916015,48.45792388916015,48.45792388916015,0
2008-06-05,48.800376892089844,48.800376892089844,48.800376892089844,48.800376892089844,0
2008-06-06,47.63071823120117,47.630718231201165,47.630718231201165,47.630718231201165,0
2008-06-09,47.23895263671875,47.23895263671876,47.23895263671876,47.23895263671876,0
2008-06-10,46.97126388549805,46.97126388549805,46.97126388549805,46.97126388549805,0
2008-06-11,46.21613311767578,46.21613311767578,46.21613311767578,46.21613311767578,0
2008-06-12,46.57353973388672,46.57353973388672,46.57353973388672,46.57353973388672,0
2008-06-13,46.825130462646484,46.825130462646484,46.825130462646484,46.825130462646484,0
2008-06-16,46.67552185058594,46.675521850585945,46.675521850585945,46.675521850585945,0
2008-06-17,46.75971984863281,46.75971984863281,46.75971984863281,46.75971984863281,0
2008-06-18,46.31313705444336,46.31313705444336,46.31313705444336,46.31313705444336,0
2008-06-19,46.156333923339844,46.156333923339844,46.156333923339844,46.156333923339844,0
2008-06-20,45.57910919189453,45.57910919189453,45.57910919189453,45.57910919189453,0
2008-06-23,45.30155563354492,45.30155563354492,45.30155563354492,45.30155563354492,0
2008-06-24,45.29726791381836,45.29726791381836,45.29726791381836,45.29726791381836,0
2008-06-25,45.655879974365234,45.655879974365234,45.655879974365234,45.655879974365234,0
2008-06-26,44.807830810546875,44.807830810546875,44.807830810546875,44.807830810546875,0
2008-06-27,44.23897933959961,44.23897933959961,44.23897933959961,44.23897933959961,0
2008-06-30,44.8615608215332,44.8615608215332,44.8615608215332,44.8615608215332,0
2008-07-01,44.15840530395508,44.15840530395508,44.15840530395508,44.15840530395508,0
2008-07-02,44.12034225463867,44.12034225463867,44.12034225463867,44.12034225463867,0
2008-07-03,44.122093200683594,44.122093200683594,44.122093200683594,44.122093200683594,0
2008-07-04,43.66225814819336,43.66225814819336,43.66225814819336,43.66225814819336,0
2008-07-07,43.93663024902344,43.93663024902344,43.93663024902344,43.93663024902344,0
2008-07-08,43.75869369506836,43.75869369506836,43.75869369506836,43.75869369506836,0
2008-07-09,44.618133544921875,44.618133544921875,44.618133544921875,44.618133544921875,0
2008-07-10,43.854557037353516,43.854557037353516,43.854557037353516,43.854557037353516,0
2008-07-11,42.794029235839844,42.794029235839844,42.794029235839844,42.794029235839844,0
2008-07-14,43.02754592895508,43.02754592895508,43.02754592895508,43.02754592895508,0
2008-07-15,41.32819366455078,41.32819366455078,41.32819366455078,41.32819366455078,0
2008-07-16,41.464595794677734,41.464595794677734,41.464595794677734,41.464595794677734,0
2008-07-17,42.443389892578125,42.443389892578125,42.443389892578125,42.443389892578125,0
2008-07-18,42.998199462890625,42.998199462890625,42.998199462890625,42.998199462890625,0
2008-07-21,43.19181823730469,43.19181823730469,43.19181823730469,43.19181823730469,0
2008-07-22,43.59400177001953,43.594001770019524,43.594001770019524,43.594001770019524,0
2008-07-23,44.45021057128906,44.45021057128906,44.45021057128906,44.45021057128906,0
2008-07-24,44.441314697265625,44.441314697265625,44.441314697265625,44.441314697265625,0
2008-07-25,44.177101135253906,44.177101135253906,44.177101135253906,44.177101135253906,0
2008-07-28,43.94300079345703,43.94300079345703,43.94300079345703,43.94300079345703,0
2008-07-29,44.12709045410156,44.12709045410156,44.12709045410156,44.12709045410156,0
2008-07-30,44.85594177246094,44.85594177246094,44.85594177246094,44.85594177246094,0
2008-07-31,45.05907440185547,45.05907440185547,45.05907440185547,45.05907440185547,0
2008-08-04,44.659488677978516,44.65948867797851,44.65948867797851,44.65948867797851,0
2008-08-05,45.369224548339844,45.369224548339844,45.369224548339844,45.369224548339844,0
2008-08-06,45.485130310058594,45.48513031005859,45.48513031005859,45.48513031005859,0
2008-08-07,45.3126106262207,45.3126106262207,45.3126106262207,45.3126106262207,0
2008-08-08,45.8164176940918,45.8164176940918,45.8164176940918,45.8164176940918,0
2008-08-11,46.292423248291016,46.29242324829101,46.29242324829101,46.29242324829101,0
2008-08-12,46.0657958984375,46.0657958984375,46.0657958984375,46.0657958984375,0
2008-08-13,45.38220977783203,45.38220977783203,45.38220977783203,45.38220977783203,0
2008-08-14,45.4633674621582,45.4633674621582,45.4633674621582,45.4633674621582,0
2008-08-15,45.64823913574219,45.64823913574219,45.64823913574219,45.64823913574219,0
2008-08-18,45.61957550048828,45.61957550048828,45.61957550048828,45.61957550048828,0
2008-08-19,44.88459396362305,44.88459396362305,44.88459396362305,44.88459396362305,0
2008-08-20,44.788822174072266,44.788822174072266,44.788822174072266,44.788822174072266,0
2008-08-21,44.1613883972168,44.1613883972168,44.1613883972168,44.1613883972168,0
2008-08-22,44.751502990722656,44.751502990722656,44.751502990722656,44.751502990722656,0
2008-08-25,44.550254821777344,44.550254821777344,44.550254821777344,44.550254821777344,0
2008-08-26,44.74625015258789,44.74625015258789,44.74625015258789,44.74625015258789,0
2008-08-27,44.701087951660156,44.701087951660156,44.701087951660156,44.701087951660156,0
2008-08-28,45.35436248779297,45.35436248779297,45.35436248779297,45.35436248779297,0
2008-08-29,45.65836715698242,45.658367156982415,45.658367156982415,45.658367156982415,0
2008-09-01,45.588138580322266,45.588138580322266,45.588138580322266,45.588138580322266,0
2008-09-02,46.03415298461914,46.03415298461914,46.03415298461914,46.03415298461914,0
2008-09-03,45.76865768432617,45.76865768432617,45.76865768432617,45.76865768432617,0
2008-09-04,44.68416976928711,44.68416976928711,44.68416976928711,44.68416976928711,0
2008-09-05,44.00249099731445,44.00249099731445,44.00249099731445,44.00249099731445,0
2008-09-08,45.266334533691406,45.266334533691406,45.266334533691406,45.266334533691406,0
2008-09-09,45.342159271240234,45.342159271240234,45.342159271240234,45.342159271240234,0
2008-09-10,44.91283416748047,44.91283416748047,44.91283416748047,44.91283416748047,0
2008-09-11,44.59601593017578,44.59601593017578,44.59601593017578,44.59601593017578,0
2008-09-12,45.50483703613281,45.50483703613281,45.50483703613281,45.50483703613281,0
2008-09-15,43.79438018798828,43.79438018798828,43.79438018798828,43.79438018798828,0
2008-09-16,42.49131393432617,42.49131393432617,42.49131393432617,42.49131393432617,0
2008-09-17,41.99491882324219,41.99491882324219,41.99491882324219,41.99491882324219,0
2008-09-18,41.79869842529297,41.79869842529297,41.79869842529297,41.79869842529297,0
2008-09-19,44.3330192565918,44.3330192565918,44.3330192565918,44.3330192565918,0
2008-09-22,43.46517562866211,43.46517562866211,43.46517562866211,43.46517562866211,0
2008-09-23,42.94768524169922,42.94768524169922,42.94768524169922,42.94768524169922,0
2008-09-24,42.78837203979492,42.78837203979492,42.78837203979492,42.78837203979492,0
2008-09-25,43.82904052734375,43.82904052734375,43.82904052734375,43.82904052734375,0
2008-09-26,43.0099983215332,43.0099983215332,43.0099983215332,43.0099983215332,0
2008-09-29,41.018714904785156,41.018714904785156,41.018714904785156,41.018714904785156,0
2008-09-30,41.99510192871094,41.99510192871094,41.99510192871094,41.99510192871094,0
2008-10-01,42.45363235473633,42.45363235473633,42.45363235473633,42.45363235473633,0
2008-10-02,42.472373962402344,42.472373962402344,42.472373962402344,42.472373962402344,0
2008-10-03,43.41056442260742,43.41056442260742,43.41056442260742,43.41056442260742,0
2008-10-06,40.754817962646484,40.754817962646484,40.754817962646484,40.754817962646484,0
2008-10-07,40.55716323852539,40.55716323852539,40.55716323852539,40.55716323852539,0
2008-10-08,38.32231521606445,38.32231521606445,38.32231521606445,38.32231521606445,0
2008-10-09,36.59281539916992,36.59281539916992,36.59281539916992,36.59281539916992,0
2008-10-10,33.74006652832031,33.74006652832031,33.74006652832031,33.74006652832031,0
2008-10-13,37.58088302612305,37.58088302612305,37.58088302612305,37.58088302612305,0
2008-10-14,39.4973030090332,39.4973030090332,39.4973030090332,39.4973030090332,0
2008-10-15,37.2957763671875,37.2957763671875,37.2957763671875,37.2957763671875,0
2008-10-16,36.079708099365234,36.079708099365234,36.079708099365234,36.079708099365234,0
2008-10-17,38.48236846923828,38.48236846923828,38.48236846923828,38.48236846923828,0
2008-10-20,39.21895217895508,39.21895217895508,39.21895217895508,39.21895217895508,0
2008-10-21,39.023555755615234,39.023555755615234,39.023555755615234,39.023555755615234,0
2008-10-22,37.41721725463867,37.41721725463867,37.41721725463867,37.41721725463867,0
2008-10-23,37.196502685546875,37.196502685546875,37.196502685546875,37.196502685546875,0
2008-10-24,35.8140869140625,35.8140869140625,35.8140869140625,35.8140869140625,0
2008-10-27,34.714874267578125,34.714874267578125,34.714874267578125,34.714874267578125,0
2008-10-28,34.9543342590332,34.9543342590332,34.9543342590332,34.9543342590332,0
2008-10-29,37.11157989501953,37.11157989501953,37.11157989501953,37.11157989501953,0
2008-10-30,36.871307373046875,36.871307373046875,36.871307373046875,36.871307373046875,0
2008-10-31,38.830772399902344,38.830772399902344,38.830772399902344,38.830772399902344,0
2008-11-03,39.33980178833008,39.33980178833008,39.33980178833008,39.33980178833008,0
2008-11-04,40.38705062866211,40.38705062866211,40.38705062866211,40.38705062866211,0
2008-11-05,38.98131561279297,38.98131561279297,38.98131561279297,38.98131561279297,0
2008-11-06,37.38929748535156,37.38929748535156,37.38929748535156,37.38929748535156,0
2008-11-07,37.9141845703125,37.9141845703125,37.9141845703125,37.9141845703125,0
2008-11-10,38.432865142822266,38.432865142822266,38.432865142822266,38.432865142822266,0
2008-11-11,37.10960388183594,37.10960388183594,37.10960388183594,37.10960388183594,0
2008-11-12,35.984458923339844,35.984458923339844,35.984458923339844,35.984458923339844,0
2008-11-13,36.21981430053711,36.21981430053711,36.21981430053711,36.21981430053711,0
2008-11-14,36.81643295288086,36.81643295288086,36.81643295288086,36.81643295288086,0
2008-11-17,35.627235412597656,35.627235412597656,35.627235412597656,35.627235412597656,0
2008-11-18,35.81105041503906,35.81105041503906,35.81105041503906,35.81105041503906,0
2008-11-19,34.85417938232422,34.85417938232422,34.85417938232422,34.85417938232422,0
2008-11-20,33.47953796386719,33.47953796386719,33.47953796386719,33.47953796386719,0
2008-11-21,32.455894470214844,32.455894470214844,32.455894470214844,32.455894470214844,0
2008-11-24,34.48812484741211,34.48812484741211,34.48812484741211,34.48812484741211,0
2008-11-25,34.56281661987305,34.56281661987305,34.56281661987305,34.56281661987305,0
2008-11-26,34.690513610839844,34.690513610839844,34.690513610839844,34.690513610839844,0
2008-11-27,35.58719253540039,35.58719253540039,35.58719253540039,35.58719253540039,0
2008-11-28,36.696449279785156,36.696449279785156,36.696449279785156,36.696449279785156,0
2008-12-01,34.87205505371094,34.87205505371094,34.87205505371094,34.87205505371094,0
2008-12-02,34.934627532958984,34.934627532958984,34.934627532958984,34.934627532958984,0
2008-12-03,35.35496139526367,35.35496139526367,35.35496139526367,35.35496139526367,0
2008-12-04,35.63752746582031,35.63752746582031,35.63752746582031,35.63752746582031,0
2008-12-05,34.89143371582031,34.89143371582031,34.89143371582031,34.89143371582031,0
2008-12-08,36.706302642822266,36.706302642822266,36.706302642822266,36.706302642822266,0
2008-12-09,36.87432861328125,36.87432861328125,36.87432861328125,36.87432861328125,0
2008-12-10,36.28384017944336,36.28384017944336,36.28384017944336,36.28384017944336,0
2008-12-11,36.14509582519531,36.14509582519531,36.14509582519531,36.14509582519531,0
2008-12-12,35.55355453491211,35.55355453491211,35.55355453491211,35.55355453491211,0
2008-12-15,34.86053466796875,34.86053466796875,34.86053466796875,34.86053466796875,0
2008-12-16,35.1170539855957,35.1170539855957,35.1170539855957,35.1170539855957,0
2008-12-17,34.99809646606445,34.99809646606445,34.99809646606445,34.99809646606445,0
2008-12-18,34.787498474121094,34.787498474121094,34.787498474121094,34.787498474121094,0
2008-12-19,34.43930435180664,34.43930435180664,34.43930435180664,34.43930435180664,0
2008-12-22,34.182533264160156,34.182533264160156,34.182533264160156,34.182533264160156,0
2008-12-23,34.056705474853516,34.056705474853516,34.056705474853516,34.056705474853516,0
2008-12-24,34.056705474853516,34.056705474853516,34.056705474853516,34.056705474853516,0
2008-12-29,34.46684646606445,34.46684646606445,34.46684646606445,34.46684646606445,0
2008-12-30,34.904640197753906,34.904640197753906,34.904640197753906,34.904640197753906,0
2008-12-31,34.904640197753906,34.904640197753906,34.904640197753906,34.904640197753906,0
2009-01-05,36.30355453491211,36.30355453491211,35.93729731645165,36.246721601319614,530529
2009-01-06,36.5750732421875,37.13077256085176,36.13304215688624,36.379317306950874,806436
2009-01-07,36.335105895996094,36.62558408821776,36.196180495851735,36.429825788822356,196489
2009-01-08,36.265663146972656,36.30986626972029,35.804686003397734,35.962554987179125,429696
2009-01-09,35.93098449707031,36.246722489456204,35.61524650468442,36.04465036704041,252484
2009-01-12,35.26161575317383,35.68470346671469,35.22372633046844,35.65944626046724,619019
2009-01-13,34.901668548583984,35.015334387879385,34.358598962814625,34.90798224681637,283019
2009-01-14,33.91656494140625,35.14162954598681,33.607143145633145,35.10374013044991,257977
2009-01-15,33.94182586669922,34.30176689713262,33.62608795166016,33.96076937075704,331490
2009-01-16,34.27649688720703,34.73116011777491,34.21966398338604,34.48488500418011,181277
2009-01-19,33.935523986816406,34.75644237003611,33.54400710141673,34.661719998980395,395620
2009-01-20,33.5503044128418,34.200723609068845,33.5503044128418,33.93550497293733,387925
2009-01-21,33.449275970458984,33.90393693660017,33.08933493485635,33.48716297911874,339575
2009-01-22,33.607139587402344,34.402797958322985,33.50610356555705,34.188096110790624,164069
2009-01-23,33.461891174316406,33.550297367796304,32.76726660903928,33.51872407139464,267095
2009-01-26,34.15652084350586,34.40911208805337,33.46821223144697,33.58187805060449,240019
2009-01-27,33.72711944580078,34.11232003569248,33.34823496233713,33.91656168753261,171440
2009-01-28,34.162845611572266,34.3712338171884,33.6702951748642,33.86605357327122,609499
2009-01-29,33.247196197509766,33.81552287583394,33.09564097129016,33.81552287583394,193821
2009-01-30,33.35455322265625,33.55662529599808,32.81148362221665,33.17142465341236,330594
2009-02-02,32.57784652709961,33.05776722115915,32.41366382907364,33.05776722115915,256019
2009-02-03,32.89356994628906,33.02617926772357,32.45785257205197,32.767274322065816,284084
2009-02-04,32.944114685058594,32.95043079651417,32.42630435467444,32.773618218009545,327429
2009-02-05,32.19895935058594,32.41997496678568,31.573797107937374,32.205273050096125,1001103
2009-02-06,32.29998779296875,32.49574374721564,31.902157368674747,32.445226936370595,281626
2009-02-09,32.520992279052734,32.584138873320875,32.1799948886732,32.19262468930446,177385
2009-02-10,32.4326057434082,33.026192279566715,32.20527401201867,32.64099155792219,294700
2009-02-11,32.29998779296875,32.55257666497192,31.95267417951979,31.95267417951979,454322
2009-02-12,32.19264221191406,32.36945469921527,31.952680687084236,32.21790182692551,248275
2009-02-13,32.31895065307617,32.754668344250994,32.1358219851905,32.50207932096185,185516
2009-02-16,32.00948715209961,32.23681868147402,32.003173458011425,32.03474674622732,52470
2009-02-17,31.150707244873047,31.59905455489914,31.150707244873047,31.561165133769986,437259
2009-02-18,31.23910903930664,31.491697917550834,30.961258141682272,30.967574248749575,530990
2009-02-19,31.460124969482422,31.794806381214446,31.283312511795927,31.529587694684704,494149
2009-02-20,30.57604217529297,30.87283642746365,30.37397021050505,30.85389293354223,477908
2009-02-23,30.241374969482422,31.049663203738774,30.222431466769837,30.310837691280508,134182
2009-02-24,29.76775550842285,30.096123066577213,29.43938795026849,29.995087080136482,404301
2009-02-25,29.64147186279297,30.152968105180324,29.382566892695667,30.10244888716675,440590
2009-02-26,30.07087516784668,30.27926332596068,29.774083197199428,29.830916112240622,401488
2009-02-27,29.578336715698242,29.57833671569824,29.073156384165486,29.36363477368559,505903
2009-03-02,27.987001419067383,28.795289503436884,27.987001419067386,28.795289503436884,377677
2009-03-03,27.48183250427246,28.498509127435614,27.48183250427246,28.264861301132015,543555
2009-03-04,28.144895553588867,28.182784994825358,27.41238321858465,27.766010776786594,694968
2009-03-05,27.683902740478516,28.397471161040947,27.683902740478512,28.037530101307976,368099
2009-03-06,27.18503761291504,27.854402948881198,27.185037612915043,27.734420983545228,368133
2009-03-09,27.15977668762207,27.406054305637767,26.717745496312855,26.837725046969737,1103900
2009-03-10,28.454307556152344,28.612176545771476,27.203985447435585,27.216612846782255,820542
2009-03-11,28.858442306518555,29.193123683750994,28.35326218742558,28.55533423506277,730275
2009-03-12,29.29416847229004,29.616222550680412,28.29012163129633,28.744785078958248,444712
2009-03-13,29.799335479736328,30.184536017132018,29.521487056988054,29.944574592233504,1175494
2009-03-16,30.361364364624023,30.430824694586907,29.931960532526777,30.20349537955561,924403
2009-03-17,30.361364364624023,30.41819488671469,29.90670091678234,30.064569901850753,348580
2009-03-18,30.165584564208984,30.71496756816657,29.81195742122792,30.664450781390897,733533
2009-03-19,30.23505973815918,30.923368405513074,30.0456174939741,30.544481508254083,380825
2009-03-20,30.19085693359375,30.51922461765152,29.78039672629933,29.81197003250147,306820
2009-03-23,31.100191116333008,31.100191116333008,30.430825729674613,30.63921395332011,541131
2009-03-24,31.05598258972168,31.47275655562774,30.778134082080705,31.47275655562774,1297779
2009-03-25,31.346454620361328,31.5674725695629,30.90442113084691,31.10017947290166,347330
2009-03-26,31.327516555786133,31.542218436014377,30.879169291126573,31.472755708750952,170881
2009-03-27,30.72760772705078,31.396972841945118,30.708664226733983,31.314880325757922,658509
2009-03-30,29.93195343017578,30.468706888489965,29.717251565072317,29.818287595186362,515856
2009-03-31,31.07492446899414,31.07492446899414,30.34872872261459,30.430818844668966,421391
2009-04-01,31.624305725097656,31.624305725097656,30.493963589891525,30.860218260790184,398247
2009-04-02,32.65361022949219,32.65361022949219,32.1547438122944,32.22420652973824,749813
2009-04-03,31.80110740661621,32.45784252212108,31.479053544120127,32.45784252212108,1671996
2009-04-06,31.542213439941406,32.23683578477389,31.20121596496309,32.07265315361142,1637798
2009-04-07,31.447486877441406,31.744281203683958,31.340137173244656,31.681132193372544,2038131
2009-04-08,31.61167335510254,31.61798705198101,30.980197676159218,31.08754738531308,2077492
2009-04-09,32.06002426147461,32.06002426147461,31.33382618213674,31.706396972676274,513692
2009-04-14,32.23683547973633,32.43890752028056,31.9274137215418,32.30629819534005,323816
2009-04-15,32.02214050292969,32.40734116560396,31.971623686404293,32.06634362072287,342279
2009-04-16,32.65361022949219,32.65361022949219,32.116856809244155,32.23052263617248,410816
2009-04-17,32.83043670654297,33.07039584049633,32.596788863482026,32.75465785582013,654017
2009-04-20,32.028465270996094,33.08302909334196,31.98426214125045,33.08302909334196,256229
2009-04-21,32.097923278808594,32.2305326484566,31.321205750551282,31.864275445935952,417265
2009-04-22,32.01582717895508,32.123176920883886,31.409610920218878,31.45381403852948,407073
2009-04-23,31.763214111328125,32.1042114266436,31.542198671153816,32.02211894505559,228390
2009-04-24,32.2431526184082,32.32524273139676,31.78848930818129,31.78848930818129,1078312
2009-04-27,32.6409797668457,32.64729587315249,31.857951207016736,32.0095040339371,299399
2009-04-28,32.2178955078125,32.426281268561176,31.820065080524486,32.07897006138738,737035
2009-04-29,32.50204849243164,32.50204849243164,31.99686610724322,32.17999460142962,584964
2009-04-30,32.969337463378906,33.34190812944315,32.9061908727462,33.0388001584077,626870
2009-05-04,33.5566291809082,33.60083230151363,32.98198620414822,33.29141045727563,283734
2009-05-05,33.322975158691406,33.56293661488308,33.20930933254213,33.46821429012908,404723
2009-05-06,33.56925582885742,33.79027141108475,33.146168168911046,33.2030010913251,359318
2009-05-07,33.61346435546875,34.19442347908461,33.4366518612285,33.910258821277374,738842
2009-05-08,34.0239143371582,34.05548764311491,33.746063463405974,33.84078579016493,494954
2009-05-11,33.821834564208984,33.884981161701106,33.56292966027001,33.83446436548506,397413
2009-05-12,33.746063232421875,34.04917130353146,33.562937095570895,33.63239740464468,685375
2009-05-13,33.310359954833984,34.07444535860277,33.184064269435794,33.70187441156752,557298
2009-05-14,33.828163146972656,33.83447925483433,32.918838734928,32.950412047568356,322169
2009-05-15,33.77132797241211,33.948140438538665,33.48716335978787,33.89130751601382,316206
2009-05-18,34.301753997802734,34.301753997802734,33.41768720459503,33.41768720459503,463774
2009-05-19,34.70590591430664,34.87640465229904,34.52277737251236,34.67433260924629,768341
2009-05-20,34.775386810302734,34.97745895899274,34.59225817277429,34.76907310954556,261220
2009-05-22,34.14387893676758,34.396470091774354,34.01126966438852,34.30174780642487,231639
2009-05-25,34.37754440307617,34.42174751986025,33.941826933823485,34.21967544059328,161732
2009-05-26,34.282833099365234,34.32072011820761,33.73344723725282,34.156537415814455,481149
2009-05-27,34.20704650878906,34.5101570443256,34.04286384352193,34.5101570443256,498248
2009-05-28,33.77132797241211,33.9986596625115,33.56294219574713,33.96077024453187,502170
2009-05-29,33.77763748168945,34.11231884402029,33.746061768429875,34.11231884402029,393378
2009-06-02,34.29545593261719,34.3838621704532,33.87868194789791,34.33965905153519,724225
2009-06-03,33.99232864379883,34.42172978432862,33.87234675244248,34.4027862894357,191790
2009-06-04,34.232303619384766,34.33965576139241,34.09338057704834,34.14389739001911,165931
2009-06-05,34.087074279785156,34.66171734492744,34.087074279785156,34.41544208970785,342507
2009-06-08,34.03654861450195,34.16284185492661,33.78395731587434,34.01128900286136,161910
2009-06-09,34.01759719848633,34.27650215369788,33.916561177157156,34.2575586524764,553525
2009-06-10,34.32701873779297,34.560664067542156,34.251242329826205,34.42173864552928,658663
2009-06-11,34.61750793457031,34.731173786947835,34.40912214447108,34.52278558795926,265361
2009-06-12,34.857479095458984,34.92062573808718,34.604887707166164,34.649090838783906,173725
2009-06-15,34.087074279785156,34.60488440842371,34.087074279785156,34.56068128101967,284545
2009-06-16,33.94182586669922,34.257563781738284,33.81553021890577,34.06812151449267,690245
2009-06-17,33.468223571777344,33.941830509113814,33.272465170478064,33.783961530001655,875801
2009-06-18,33.94182586669922,33.967085478035735,33.348239453625865,33.56294133220799,572329
2009-06-19,34.21968078613281,34.39017958131508,34.118644730716234,34.16284785440539,239084
2009-06-22,33.518741607666016,34.08706846689643,33.499795692802444,34.068124960922226,605660
2009-06-23,33.58819580078125,33.84078707580876,33.39243985107941,33.41769705147102,161673
2009-06-24,34.358612060546875,34.41544500185967,33.42402778809528,33.51243405038409,1121241
2009-06-25,33.84077453613281,34.207029099429505,33.53135045932544,34.17545580397276,330162
2009-06-26,33.9292106628418,34.24494871376222,33.7145086918603,34.24494871376222,352463
2009-06-29,34.358612060546875,34.44701832283568,33.89763482940528,33.929208150381285,235717
2009-06-30,34.106014251708984,34.57330750437355,33.99866449882996,34.57330750437355,267991
2009-07-01,34.541725158691406,34.59855807444225,34.194413966386875,34.194413966386875,622714
2009-07-02,33.796592712402344,34.44701216196194,33.7776492049828,34.244940053188294,430537
2009-07-03,33.689231872558594,33.859730622089195,33.58188214631095,33.72080758864454,140314
2009-07-06,33.79025650024414,33.79025650024414,33.316649825414835,33.36085533124264,277115
2009-07-07,33.63239669799805,34.03022708685947,33.63239669799805,33.75237862973573,313045
2009-07-08,33.379825592041016,33.74608046162475,33.379825592041016,33.480861667328604,364894
2009-07-09,33.480838775634766,33.70185428643434,33.46189527724863,33.60713438561527,321923
2009-07-10,33.05144119262695,33.3292896582959,32.99460827818458,33.15247721731465,1164501
2009-07-13,33.54398727416992,33.54398727416992,32.88725440111111,32.918827703170614,437272
2009-07-14,33.85342025756836,34.02391902388705,33.619774870637926,33.76501402515626,1107954
2009-07-15,34.541725158691406,34.541725158691406,34.0554885259095,34.14389474843551,1038224
2009-07-16,34.95219802856445,35.07849371898606,34.59857298605189,34.655405926297114,523641
2009-07-17,35.29949188232422,35.34369498772251,35.0469006438581,35.16688015724079,174802
2009-07-20,35.50788116455078,35.71626931850003,35.381585532662335,35.438418446567695,393707
2009-07-21,35.558406829833984,35.80468203179276,35.50157390562124,35.57103663620229,250265
2009-07-22,35.57103729248047,35.60261060453912,35.36264909689263,35.507888259473866,269115
2009-07-23,36.37931823730469,36.354058629244705,35.552084140006365,35.798359296369156,508384
2009-07-24,36.34775924682617,36.53088545516119,36.1520008205973,36.215147456728026,646241
2009-07-27,36.50562286376953,36.69506515312071,36.33512408068665,36.575083189716416,277688
2009-07-28,36.429840087890625,36.833986646134036,36.3161742447736,36.732948199906325,340624
2009-07-29,36.581398010253906,36.739266980638604,36.49930547116485,36.51193527786234,199443
2009-07-30,37.503360748291016,37.534934067770585,36.74558903633193,36.808738084180945,831199
2009-07-31,37.61699676513672,37.78118175032415,37.332832297610736,37.490701178582064,516769
2009-08-03,37.7243537902832,37.92010968659965,37.61068798840798,37.76855689002487,689834
2009-08-04,37.54123306274414,37.755934909773,37.25706849919288,37.755934909773,661175
2009-08-05,37.364418029785156,37.66752850197003,37.25706831125662,37.6170092869763,194599
2009-08-06,37.7243537902832,37.92010968659965,37.623317789603924,37.74961098378682,445863
2009-08-07,38.09061813354492,38.03378521806863,37.339162836815134,37.604381503111924,322082
2009-08-10,37.97064971923828,38.01485284322647,37.83172423876706,38.00222303510276,315613
2009-08-11,37.60437774658203,38.03378141864299,37.56649074597519,38.014837918339566,252393
2009-08-12,37.68648910522461,37.73069223395907,37.18130877048095,37.320231856979305,545427
2009-08-13,37.83802795410156,38.01484281228796,37.711734723968505,37.78751114382613,195314
2009-08-14,37.82539367675781,38.17270481421652,37.65489495642968,37.983262594592546,170675
2009-08-17,37.1812858581543,37.57911377160979,37.02341695027528,37.40230136562957,380705
2009-08-18,37.62333297729492,37.73699641616524,37.1939291988453,37.21918640254468,320348
2009-08-19,37.793819427490234,37.856968442399086,37.27600954968073,37.3707318675997,148095
2009-08-20,38.122188568115234,38.33057671212505,38.052725853445295,38.16007797854121,185018
2009-08-21,38.797874450683594,38.87996698375532,38.21060173118809,38.21060173118809,261058
2009-08-24,39.14518356323242,39.22727367792797,38.879962490455426,39.02520162671162,291347
2009-08-25,39.18307113647461,39.32199657703728,38.87364935744363,38.93679597103272,304665
2009-08-26,39.03152084350586,39.29042583031298,38.924168702742925,39.2525364143574,438808
2009-08-27,38.98100280761719,39.10098234845809,38.709468007234356,39.05677923294359,1247986
2009-08-28,39.25254821777344,39.58091602812958,39.151512153732305,39.170455662961956,240788
2009-08-31,39.284114837646484,39.31568815060883,38.99363650416992,39.01258001016945,244853
2009-09-01,38.72210693359375,39.46724878333428,38.728423042377315,39.44830527476298,476109
2009-09-02,38.475830078125,38.652642574437984,38.15377599253824,38.46320026997556,445615
2009-09-03,38.374794006347656,38.55792261110633,38.22955482602203,38.39373751411939,605399
2009-09-04,38.66526412963867,38.747356660642915,38.450562254704636,38.551598289444826,161177
2009-09-07,39.06309509277344,39.12624171199722,38.91785594144746,38.981002560671236,213322
2009-09-08,39.13886260986328,39.25252842570775,38.95573408334846,39.056770096444815,313531
2009-09-09,39.18937301635742,39.15148361662551,38.89257874067754,39.03150413080651,268946
2009-09-10,39.22726058959961,39.38512947749437,39.025188605805376,39.33461268598983,380688
2009-09-11,39.37883377075195,39.43566669271175,39.18939150051569,39.353574159016674,141253
2009-09-14,39.340938568115234,39.334624870554414,38.917850973765034,39.00625719294933,163369
2009-09-15,39.26519012451172,39.38516973474828,39.145210514275156,39.34096659366689,311224
2009-09-16,39.8082389831543,39.90927502488253,39.359891698540814,39.40409481624134,373276
2009-09-17,39.92189407348633,40.07344689079523,39.808228256060346,40.03555989091231,306112
2009-09-18,39.96609115600586,40.149219657469466,39.83979555468998,39.90925825585813,313049
2009-09-21,39.84612274169922,39.972418385775775,39.62510717123203,39.95978858047921,152851
2009-09-22,40.067142486572266,40.38919410471376,39.99767975882491,40.00399345730687,268107
2009-09-23,40.12397003173828,40.332355778166914,40.03556381150257,40.079766921620426,367036
2009-09-24,39.650352478027344,40.12395916579484,39.53668668025209,39.80190526913556,302034
2009-09-25,39.41040802001953,39.536703672816046,39.18939243429255,39.45461113716493,837699
2009-09-28,39.73876190185547,39.73876190185547,38.93047385992834,39.26515517562222,601482
2009-09-29,39.90928268432617,39.96611561926134,39.57459877464587,39.700894453267324,320673
2009-09-30,39.953468322753906,40.11765094687575,39.644044166011746,39.94715221669807,201224
2009-10-01,39.51776123046875,40.21238372619111,39.359892262451005,40.16186450015858,420619
2009-10-02,38.85470962524414,39.11993074405147,38.576861108821994,39.09467113104329,710163
2009-10-05,38.93681716918945,39.063112874015,38.709485382281514,38.74737481639624,117407
2009-10-06,39.65667724609375,39.71351016084912,39.01257168182917,39.088350507428906,509194
2009-10-07,39.54933166503906,39.75140373668968,39.45460932756385,39.55564536338916,334553
2009-10-08,39.83980178833008,39.928208000417435,39.6124701521691,39.9029483944243,265368
2009-10-09,39.745086669921875,39.99136425963395,39.61247732776933,39.82086550162823,292562
2009-10-12,40.288143157958984,40.471269252839065,39.858739553413734,39.858739553413734,678605
2009-10-13,39.93453598022461,40.408142893416176,39.86507324753422,40.17449508184135,231586
2009-10-14,40.464969635009766,40.56600325580455,40.19343485356801,40.237637965999085,165876
2009-10-15,40.32604217529297,40.509170722719475,40.199746542278525,40.464967612497745,285858
2009-10-16,40.07978057861328,40.62916158902306,39.87770846096545,40.56601495559174,308574
2009-10-19,40.66072463989258,40.692300355655135,40.32604325103184,40.36393025572466,464763
2009-10-20,40.60390853881836,40.84386768330496,40.452350830719915,40.679682575088066,614851
2009-10-21,40.64811325073242,40.76177912734822,40.09872737745945,40.58496179433943,339523
2009-10-22,40.464969635009766,40.67966909030989,40.237637965999085,40.237637965999085,371256
2009-10-23,40.288143157958984,40.87541807280212,40.37654935732625,40.80595537075976,163978
2009-10-26,39.81454849243164,40.40813728290342,39.751401876329496,40.36393176096512,581453
2009-10-27,40.225006103515625,40.34498562984987,39.90926822579398,39.978730944314954,323193
2009-10-28,39.669307708740234,40.04819220747169,39.59984498856539,39.915582873804574,217826
2009-10-29,40.11765670776367,40.1492324247998,39.404090789860476,39.441977796081424,320626
2009-10-30,39.70086669921875,40.38286144167244,39.65666360393617,40.04817776596253,154177
2009-11-02,39.73876190185547,39.87768731239483,39.36619118086311,39.36619118086311,342019
2009-11-03,39.23990249633789,39.372511824950145,38.823128600064514,39.33462482185453,925710
2009-11-04,39.580902099609375,39.63141890940819,39.33462693072895,39.35357043329239,258961
2009-11-05,39.694580078125,39.782986328989296,39.10099112136815,39.25886011473716,193343
2009-11-06,39.745086669921875,39.86506861567907,39.321999032895455,39.726143166439805,79200
2009-11-09,40.32604217529297,40.3386719794833,40.067137211613336,40.14291362786647,403032
2009-11-10,40.225006103515625,40.40181854419532,40.193432797521226,40.23763590769115,108588
2009-11-11,40.2565803527832,40.54074252227997,40.161858023691686,40.45865240654881,81510
2009-11-12,40.13660430908203,40.25658384864654,39.966105547244595,40.19975092803407,96894
2009-11-13,40.11134719848633,40.11766089721949,39.78297945990926,40.0924036933976,105500
2009-11-16,40.56599807739258,40.635460790599645,40.294465739501966,40.307095542711316,256166
2009-11-17,40.26921463012695,40.50286001657875,40.225011514011456,40.50286001657875,257287
2009-11-18,40.21870422363281,40.64179438206261,40.225020332399204,40.42077875303266,1180377
2009-11-19,39.70086669921875,40.11132676557195,39.60614681313665,40.04817776596253,316987
2009-11-20,39.637752532958984,39.89665762092704,39.372531335419275,39.782991737537166,363814
2009-11-23,40.47760009765625,40.66704477544407,40.04819633674506,40.04819633674506,138149
2009-11-24,40.3954963684082,40.667031078970645,40.224997661155854,40.28183056357331,246023
2009-11-25,40.553375244140625,40.704928081920706,40.414449802101444,40.67335718367952,108087
2009-11-26,39.675636291503906,40.326055768777856,39.593543741038665,40.31973966010918,194147
2009-11-27,40.016632080078125,40.161871266055556,39.16414047272244,39.16414047272244,583308
2009-11-30,39.53668975830078,39.91557417445677,39.53037365299477,39.890314571009476,313666
2009-12-01,40.237648010253906,40.2755350252872,39.94716724462452,39.9597970525988,308600
2009-12-02,40.32604217529297,40.54074161986203,40.19343284462778,40.32604217529297,297409
2009-12-03,40.685977935791016,40.932253063635976,40.54705251643702,40.54705251643702,351011
2009-12-04,41.04592514038086,41.18485058093121,40.38287606219864,40.56600220514631,234655
2009-12-07,40.850162506103516,41.03329102796346,40.74280798102906,40.925936502889,339532
2009-12-08,40.40813064575195,41.07749574737897,40.25657541955558,40.87542371837621,299345
2009-12-09,40.10502243041992,40.47127710008391,39.997672712912994,40.34498388157899,245673
2009-12-10,40.471282958984375,40.61652451729091,40.117658041755455,40.174490961865686,745536
2009-12-11,40.47760009765625,40.749134899670366,40.49023231232386,40.641785163887135,2579287
2009-12-14,40.61654281616211,40.793355354435484,40.496560814713604,40.70494908529879,416186
2009-12-15,40.65440368652344,40.78070171673909,40.54073786821797,40.679663292566566,109075
2009-12-16,41.24168014526367,41.20379314153502,40.685983213540254,40.78070554063955,554715
2009-12-17,40.96382141113281,41.28587047871647,40.75543331956019,41.121690301516395,718651
2009-12-18,40.812286376953125,41.24800629705539,40.88174911255722,41.03330679993645,393060
2009-12-21,41.064857482910156,41.18483938855701,40.86910158866654,41.01433827866132,323590
2009-12-22,41.557411193847656,41.588986903617226,41.298508681289334,41.31113607453102,416673
2009-12-23,41.538475036621094,41.72791969316727,41.399549597524256,41.67108436909232,981258
2009-12-24,41.538475036621094,41.538475036621094,41.538475036621094,41.538475036621094,0
2009-12-28,41.60794448852539,41.71529422964162,41.57636876806601,41.677407219313196,254389
2009-12-29,41.71529769897461,41.7721330369726,41.59532055036361,41.690038084062046,159249
2009-12-30,41.31746292114258,41.72792316596797,41.26694369948878,41.677403944314165,291050
2009-12-31,41.31746292114258,41.31746292114258,41.31746292114258,41.31746292114258,0
2010-01-04,41.86051940917969,41.75316971009418,41.53846549414651,41.595300805164904,361579
2010-01-05,41.52583694458008,41.75947983398859,41.33007623183395,41.75947983398859,216605
2010-01-06,41.4058723449707,41.68372326772709,41.39324494747201,41.68372326772709,145039
2010-01-07,41.37429428100586,41.5005923377315,41.01435325044971,41.165910918520474,881489
2010-01-08,41.76580810546875,41.89210133557226,41.59531176305123,41.60162305211187,941231
2010-01-11,41.60794448852539,42.068923991228225,41.66477982179656,42.037348270768845,277297
2010-01-12,41.285888671875,41.715292435651705,41.172222827999455,41.715292435651705,325899
2010-01-13,41.36798858642578,41.48796573431896,41.191176100874664,41.22906311412736,472276
2010-01-14,41.8226432800293,41.929993007006374,41.47532967183534,41.53216017984277,528155
2010-01-15,41.50059127807617,42.0499721530258,41.42481244597568,41.9426224208837,320639
2010-01-18,41.67741012573242,41.778448584025625,41.59531999170334,41.7595002597615,231857
2010-01-19,41.866844177246094,41.89841507409847,41.14696220723612,41.57636109242738,652700
2010-01-20,41.570064544677734,41.9994683999154,41.5195453104664,41.810023680512565,576673
2010-01-21,41.519535064697266,42.05628854684494,41.519535064697266,41.87947608851659,763800
2010-01-22,40.982784271240234,41.4121880486852,40.427082431147646,41.197483751073484,602467
2010-01-25,40.71123504638672,41.04591636280841,40.64177234096598,40.787009039371696,256233
2010-01-26,40.91963195800781,40.869112739974604,40.31341338605378,40.49022824028112,184561
2010-01-27,40.843841552734375,41.00802655591101,40.58493424704137,40.60388256176579,414864
2010-01-28,40.65440368652344,41.323771202223305,40.679663292566566,41.19747317200765,565799
2010-01-29,40.64179992675781,40.862815585940574,40.420784267575044,40.8312446733602,338515
2010-02-01,40.99540710449219,40.95752009880519,40.44602625091905,40.53443247604065,169589
2010-02-02,41.3300895690918,41.487958520566984,41.00172426984576,41.039611276510826,396754
2010-02-03,41.355350494384766,41.42481322066471,41.18485414119286,41.29220387534251,353467
2010-02-04,40.35762023925781,41.45007313718238,40.38919354901153,41.44375702989816,472613
2010-02-05,39.5240592956543,40.199738018796396,39.25883828166944,40.130275314922066,1094192
2010-02-08,40.0482177734375,40.117680537955955,39.36622475857265,39.599870268315286,522156
2010-02-09,39.83980178833008,40.161853333632386,39.73876577324616,40.048187515551895,215028
2010-02-10,39.96609115600586,40.28814265091752,39.83348185862389,40.06081105032659,300032
2010-02-11,40.40181350708008,40.534425229945256,40.079761971867015,40.23131478530073,280170
2010-02-12,40.4838981628418,40.76174894836209,40.24393677777102,40.74911673932418,520457
2010-02-15,40.635467529296875,40.71756246821598,40.55337740815588,40.69861414692673,208423
2010-02-16,40.99540710449219,41.0269828210833,40.61652259428845,40.97014749477488,75507
2010-02-17,41.43745040893555,41.45639391514422,41.2858927237086,41.32378455390473,372525
2010-02-18,41.87314987182617,41.87946597746389,41.43743493836355,41.513208934908185,388409
2010-02-19,42.32781219482422,42.35307179904467,41.8668376666874,41.92998426835009,481158
2010-02-22,42.18889617919922,42.40991656092213,42.144693066410234,42.340453838285434,216129
2010-02-23,41.948917388916016,42.3467452169676,41.89839819297355,42.3088582288986,241228
2010-02-24,42.18889617919922,42.182584890070764,41.8794743896763,42.03734333789097,549285
2010-02-25,41.91103744506836,42.23940263833315,41.71527673233264,42.201515643896265,500039
2010-02-26,42.33413314819336,42.27098653929948,41.98050828416565,42.07522578861776,245254
2010-03-01,42.84562301635742,42.80141991240536,42.46042247429934,42.687754099703355,226996
2010-03-02,43.028770446777344,43.1108605851122,42.586739213006396,42.713032474718354,341987
2010-03-03,42.984561920166016,43.06034075833513,42.820376846355536,43.06034075833513,314108
2010-03-04,42.94667053222656,43.00350104172652,42.71933885867067,42.908778708115236,169311
2010-03-05,43.218204498291016,43.24977539704317,42.851947384764976,42.971929326245764,135475
2010-03-08,43.24345779418945,43.35712361221284,43.08558887014459,43.148735476207094,407429
2010-03-09,43.350830078125,43.39503320716209,43.14244183361595,43.39503320716209,227829
2010-03-10,43.382389068603516,43.49605491457854,43.21820881602281,43.3192424470126,135175
2010-03-11,43.24345779418945,43.42658150643753,43.12347587022665,43.376067112253864,147971
2010-03-12,43.148746490478516,43.36976207700294,43.12348687805023,43.350818572126336,215835
2010-03-15,43.07295227050781,43.29396777810075,43.07295227050782,43.256080781878175,263290
2010-03-16,43.382389068603516,43.4771114098791,43.293982834820554,43.369761671396695,166484
2010-03-17,43.49604797363281,43.65391691130715,43.43921746860332,43.4707883654716,207062
2010-03-18,43.527626037597656,43.565513042995526,43.41396020362614,43.458163315849625,138398
2010-03-19,43.4202766418457,43.79284504517605,43.344497812693696,43.76758543545871,310044
2010-03-22,43.33189010620117,43.33189010620118,42.8961700717027,43.192964598518756,1607572
2010-03-23,43.40133285522461,43.65391931519057,43.3002944170159,43.483422972935756,132853
2010-03-24,43.42658996582031,43.5402558059855,43.1613712780276,43.5402558059855,345167
2010-03-25,43.51499557495117,43.565509972662305,43.357126639882175,43.43921675171813,547502
2010-03-26,43.16768264770508,43.43290130639103,43.079276428143096,43.41395780473884,430191
2010-03-29,43.237144470214844,43.312918475254406,43.0413885334926,43.28766368542624,465924
2010-03-30,43.37606430053711,43.56550410644476,43.34448859066404,43.54656060763169,182543
2010-03-31,43.382389068603516,43.603409470839345,43.237152320722245,43.439224400480235,285898
2010-04-01,43.483421325683594,43.57182754687823,43.28766538129229,43.312920172109855,256174
2010-04-06,43.432891845703125,43.65390734646581,43.29396644014471,43.60970424631327,109227
2010-04-07,43.16768264770508,43.388698196610044,43.17399875418169,43.36975469495785,273432
2010-04-08,42.832984924316406,42.98453769747293,42.599337251627595,42.97822159340681,414726
2010-04-09,43.47080612182617,43.496065740305085,43.123497207745274,43.123497207745274,333976
2010-04-12,43.609710693359375,43.824414938538645,43.57813979874118,43.74232001342129,257865
2010-04-13,43.45816421508789,43.672868491600276,43.369757988811614,43.672868491600276,332014
2010-04-14,43.6539306640625,43.76128523701309,43.502377785127585,43.666562881011586,433351
2010-04-15,43.97595977783203,44.11488517871526,43.71705729073037,43.83703437694881,463260
2010-04-16,43.508689880371094,44.05175953238935,43.571836505954415,43.99492419691926,307016
2010-04-19,42.93402862548828,43.14241674883187,42.73827271325596,43.085586252161946,373720
2010-04-20,43.1550407409668,43.458151152648,43.098210248775885,43.098210248775885,434503
2010-04-21,42.984561920166016,43.36344647545454,42.921415297247684,43.32555946525924,82176
2010-04-22,42.416221618652344,43.098216531014046,42.28992840574562,42.83930918144484,730139
2010-04-23,42.7193489074707,42.795122937961516,42.33414819321189,42.35309170083459,242497
2010-04-26,42.940345764160156,43.09821468241074,42.89614265976107,43.04769547230406,640792
2010-04-27,42.08155059814453,42.851951912205635,42.3215096886806,42.84563580467672,125934
2010-04-28,41.50690841674805,41.98682657864394,41.39955386415979,41.885792951110474,873878
2010-04-29,42.09416580200195,42.18257200056611,41.63318649425182,41.71527658783954,233976
2010-04-30,41.78474044799805,42.18257317034572,41.58266844313673,42.03733165851885,504776
2010-05-03,41.72792434692383,41.772127462677375,41.51953616503784,41.66477772695851,147847
2010-05-04,40.94822692871094,41.91737137398048,40.818604581823,41.77845071341502,721174
2010-05-05,40.698631286621094,41.0712046777644,40.098730939830176,40.91965176807261,1154535
2010-05-06,40.31343078613281,40.951220531306994,40.161875475507784,40.33869040605197,616574
2010-05-07,39.164119720458984,40.49022001787078,38.810492492704824,39.36619173377896,1631870
2010-05-10,40.907012939453125,40.995419190638394,40.041891527139086,40.41446244919822,946094
2010-05-11,41.096435546875,41.07117594330195,40.4965308020129,40.641772318113716,535079
2010-05-12,41.513206481933594,41.73422198842417,40.951193557810385,41.08380286170473,461566
2010-05-14,40.591251373291016,41.519521289310724,40.41443897362565,41.519521289310724,780574
2010-05-17,40.59757995605469,41.00804019159115,40.262896142395,40.262896142395,205779
2010-05-18,40.8628044128418,41.071192613568925,40.648104921992314,41.014357278016654,510406
2010-05-19,40.2565803527832,40.68598406925734,40.067138103489064,40.55969084232051,883282
2010-05-20,39.54933166503906,40.66704416635665,39.113611803320026,40.52811871376344,247306
2010-05-21,39.19569396972656,39.51143179929348,38.63999471520001,39.34724918782961,990296
2010-05-25,38.469512939453125,38.61475452483756,38.0906283406742,38.520032170698066,977057
2010-05-26,38.94942092895508,39.353564986969936,38.65894268836797,39.012567534686674,1032519
2010-05-27,39.81454849243164,39.8398081024281,38.987316740604115,39.164129192801326,665479
2010-05-28,39.92189407348633,40.218686011086525,39.871374861790954,40.067133193777615,307818
2010-05-31,39.86505126953125,40.111326343194655,39.88399476477059,39.89662456455948,251560
2010-06-01,39.890323638916016,40.161858415479095,39.30936708089477,39.76403041074717,273090
2010-06-02,40.21870422363281,40.212390523756106,39.631431370622145,39.73246743087722,468412
2010-06-03,40.53443908691406,40.88806404507416,40.50286336517318,40.692308060061066,224280
2010-06-04,39.77666473388672,40.8122823305154,39.81455174308569,40.68598908799991,433686
2010-06-07,39.726131439208984,40.04186925144523,39.37882032752678,39.460912833196936,126290
2010-06-08,39.435646057128906,39.86504959637699,39.239887781949136,39.789270800824106,302657
2010-06-09,39.896636962890625,39.890320856589376,39.34093764392951,39.59984259783945,481861
2010-06-10,40.26289749145508,40.40182294362488,39.70720050055406,39.78929062330067,247967
2010-06-11,40.57865524291992,40.73020815685066,40.35132346313369,40.53445210894928,167357
2010-06-14,40.8628044128418,40.93858325431859,40.654416212114675,40.93858325431859,122215
2010-06-15,40.938594818115234,41.109091237374194,40.698630827879555,40.7365226682105,382645
2010-06-16,40.97645568847656,41.19747120859915,40.78069977319328,41.19747120859915,541473
2010-06-17,40.88174057006836,41.04592562153229,40.768074737174544,40.90700017935342,464882
2010-06-18,40.704933166503906,41.06487421230414,40.660730049222416,41.06487421230414,114665
2010-06-21,41.159610748291016,41.26696052474009,41.07752059296762,41.115407615766095,285253
2010-06-22,40.80595779418945,41.096436011901226,40.692291985712956,41.00802980728359,370250
2010-06-23,40.294471740722656,40.69230216995722,40.21869291018054,40.477597892310236,192881
2010-06-24,39.902950286865234,40.40181668889014,39.86506328496731,40.382873187941186,216598
2010-06-25,39.61878204345703,40.13027576151781,39.56194914046269,39.966093157805446,112853
2010-06-28,39.84612274169922,39.921901573478586,39.59353386243515,39.808235734698584,107488
2010-06-29,38.79154586791992,39.60614996096469,38.665250267551336,39.59352016003901,249099
2010-06-30,38.690521240234375,38.949426213080365,38.57054170951172,38.89259329665618,527355
2010-07-01,37.762264251708984,38.40005635956387,37.58545174286514,38.261130868963846,800434
2010-07-02,37.71174621582031,37.976964970586245,37.629653664106705,37.89487241887264,719196
2010-07-05,37.50966262817383,37.831714218918506,37.414940296778305,37.70541858002078,182852
2010-07-06,38.27375030517578,38.40004595250303,37.50966513173514,37.55386824696631,388356
2010-07-07,38.501068115234375,38.48843831416372,37.85064660898105,38.160070712991455,101742
2010-07-08,38.86101531982422,39.056771245960064,38.73471969751451,38.93679172965459,367665
2010-07-09,39.202022552490234,39.27148287363643,38.911541826079414,39.15781702610377,123700
2010-07-12,39.37883377075195,39.5303866233853,39.15150208291277,39.328314547281394,191793
2010-07-13,39.82086181640625,39.896638232210826,39.35988480618777,39.410401613761216,329650
2010-07-14,40.03556442260742,40.0418781203397,39.59984460352508,40.016618511632835,218729
2010-07-15,39.77035140991211,40.23764463014804,39.5872228230028,40.003996815585396,175169
2010-07-16,39.09465789794922,39.90926207505924,38.943102680089126,39.82716956501467,318814
2010-07-19,38.917842864990234,39.246210474177886,38.82943666422592,38.911526759856606,308358
2010-07-20,38.7094612121582,39.031515178817884,38.40635315517119,39.031515178817884,727870
2010-07-21,38.76628494262695,39.01887613474092,38.772601047318275,38.86100724189173,83908
2010-07-22,39.157814025878906,39.296739475305465,38.58317113355411,38.67789346887023,235973
2010-07-23,39.202022552490234,39.23359586371837,38.90522812738948,39.088356704957576,144419
2010-07-26,39.20832443237305,39.3409337448915,38.854697190102,39.32830394242948,237904
2010-07-27,39.65667724609375,39.77034307560449,39.410402085116765,39.45460519560551,407656
2010-07-28,39.612491607666016,39.99769237658923,39.612491607666016,39.814563747283124,200573
2010-07-29,39.347251892089844,39.8461158663363,39.29673267962058,39.81454256298733,458784
2010-07-30,39.30937576293945,39.39146830649167,38.96206449098856,39.26517264153968,76711
2010-08-02,39.90928268432617,40.073465380311255,39.41041607866079,39.43567569616302,145343
2010-08-03,40.022945404052734,40.09240814227171,39.801927381638755,40.086092033948425,339157
2010-08-04,40.2755241394043,40.351302966768095,39.80823341510545,39.934529051822864,326110
2010-08-05,40.300785064697266,40.50285712648898,40.22500864374762,40.36393168067381,183923
2010-08-06,39.85874938964844,40.502854955416936,39.75139966646478,40.363929517048575,406329
2010-08-09,40.45235061645508,40.45235061645508,40.23133498220657,40.27553810905627,179102
2010-08-10,40.37657165527344,40.458664203830736,40.17449954258593,40.3513144478547,101543
2010-08-11,39.5240592956543,40.3197175198322,39.5240592956543,40.24394111964582,352525
2010-08-12,39.68193435668945,39.87137659098587,39.43565921121524,39.44197290850668,70229
2010-08-13,39.77035140991211,39.928220382994745,39.44829976473484,39.92190668398276,124133
2010-08-16,39.70086669921875,40.00397467067994,39.460907727366994,39.820848594032654,121766
2010-08-17,40.225006103515625,40.225006103515625,39.77665889528421,39.81454589892195,96726
2010-08-18,40.19343185424805,40.28815177000832,40.04819031408249,40.155542442610674,97740
2010-08-19,39.644046783447266,40.43339147033584,39.618789584222334,40.36392875246744,163447
2010-08-20,39.06309509277344,39.68825481331182,39.01889197753897,39.68825481331182,59547
2010-08-23,39.20832443237305,39.4672293606232,39.119918224027415,39.15149152573821,67161
2010-08-24,38.79154586791992,39.0441370686571,38.53895466718274,39.0441370686571,384661
2010-08-25,38.501068115234375,38.84837921356849,38.03377511117316,38.646307214214524,389209
2010-08-26,38.772621154785156,38.89891440744964,38.640009385264435,38.848397588161724,152650
2010-08-27,39.0567741394043,39.07572004993194,38.576853629739794,38.67788965329489,162136
2010-08-30,39.23990249633789,39.35988442984414,39.107293167725636,39.2651621043275,248595
2010-08-31,39.07573318481445,39.07573318481445,38.621069721541936,38.621069721541936,200216
2010-09-01,40.0482177734375,40.0482177734375,39.18941220080961,39.233615340250374,174157
2010-09-02,39.985042572021484,40.06081898426303,39.86506305189831,39.991358678226696,245091
2010-09-03,40.40181350708008,40.61019922777358,40.029242761463415,40.13659487912679,247518
2010-09-06,40.52179718017578,40.63546300636919,40.49653757237974,40.63546300636919,86490
2010-09-07,40.11765670776367,40.464970324049034,40.0229367833223,40.464970324049034,189429
2010-09-08,40.32604217529297,40.4018185915461,39.846119251615846,39.99136079536021,68704
2010-09-09,40.57231140136719,40.61651450512452,40.15553755959195,40.2250002680359,165087
2010-09-10,40.843841552734375,40.87541725949865,40.471268447576996,40.49652804943313,107058
2010-09-13,40.89438247680664,41.102765871690266,40.86280675327146,41.09013847294359,177271
2010-09-14,40.82490921020508,40.982778151607434,40.65440805553499,40.850168818962786,225597
2010-09-15,40.685977935791016,40.91330956422899,40.55968472789305,40.90067735277296,132678
2010-09-16,40.61021041870117,40.72387626454355,40.408140748068185,40.654413535541075,303347
2010-09-17,40.363929748535156,40.976462011520674,40.35130235305549,40.843852678984284,175713
2010-09-20,40.8880729675293,40.91333258687833,40.338689495582166,40.338689495582166,171836
2010-09-21,40.62285232543945,40.9322742171404,40.62285232543945,40.67337156181744,143956
2010-09-22,40.03556442260742,40.67335629356693,40.03556442260742,40.648096684860064,87583
2010-09-23,39.78297805786133,40.250271240991886,39.612479291403794,40.250271240991886,237374
2010-09-24,40.21238327026367,40.21238327026367,39.618796824447166,39.732460263953094,227080
2010-09-27,40.03556442260742,40.35761600250888,40.03556442260742,40.21869056351,136389
2010-09-28,39.99135208129883,40.28183028771505,39.549318666511176,39.85874037064071,362130
2010-09-29,39.84612274169922,40.294472398615454,39.8271792381989,40.13660344574202,79206
2010-09-30,39.77666473388672,40.22501200792862,39.68194239311091,39.694572199140296,77626
2010-10-01,39.7135124206543,39.92821428762627,39.58721677969038,39.85243786660351,172349
2010-10-04,39.429344177246094,39.732452242140596,39.423030479782966,39.70087893704739,146971
2010-10-05,39.890323638916016,40.03556518731024,39.36619999712632,39.385143499573864,252250
2010-10-06,40.11765670776367,40.281841764351114,40.035566588358954,40.0481939845066,232515
2010-10-07,40.26921463012695,40.43971339609637,39.991366127559665,40.168178592021654,205250
2010-10-08,40.168182373046875,40.24395880653639,39.94716436277584,40.24395880653639,132321
2010-10-11,40.319725036621094,40.363928145711284,40.18080201186141,40.30078153526495,150411
2010-10-12,40.23131561279297,40.32603792980373,39.902947965081204,40.09870629608877,144636
2010-10-13,40.79334259033203,40.951211566933765,40.42077411808578,40.45234502273883,155893
2010-10-14,40.69230651855469,40.925949506583,40.62284378757909,40.83123198050587,297011
2010-10-15,40.673343658447266,40.85015604669103,40.54704565414725,40.77437724411102,117592
2010-10-18,40.87541198730469,40.96381817351011,40.55335812739873,40.59756122050145,174031
2010-10-19,40.850162506103516,41.10906502474895,40.76806758588323,40.8564737939843,153348
2010-10-20,40.89438247680664,41.00173222837987,40.74914089343539,40.74914089343539,92353
2010-10-21,41.128021240234375,41.37429644148656,40.75545279344003,40.799655911157636,346776
2010-10-22,40.951210021972656,41.11539510042234,40.91963911851068,41.090135486985574,337519
2010-10-25,41.153297424316406,41.23539240297709,41.00806061523748,41.153297424316406,165812
2010-10-26,40.913307189941406,41.09643570321005,40.69860296764215,41.008029499256466,207046
2010-10-27,40.951210021972656,41.15959821949203,40.74282182445329,40.79334105132683,220576
2010-10-28,41.03329849243164,41.27325755553225,40.95120355727726,41.17221911773543,212265
2010-10-29,40.91963195800781,41.09012829664765,40.74913080159018,40.98909467835903,105848
2010-11-01,41.090126037597656,41.17221614905513,40.8438508854477,41.1217017515769,224636
2010-11-02,41.33640670776367,41.374293715374286,41.077504126127515,41.096447629932825,252593
2010-11-03,41.10276412963867,41.48796481510285,41.10276412963867,41.40587468228117,163140
2010-11-04,41.67108154296875,41.772119971015044,41.456382110036515,41.481641717048085,516461
2010-11-05,41.639522552490234,41.77213191388162,41.51954058932616,41.70898528718746,201990
2010-11-08,41.6837043762207,41.74685097065247,41.59529818046096,41.63318517356475,247158
2010-11-09,41.60794448852539,41.77844567056037,41.55111397303275,41.696350724477405,186135
2010-11-10,41.273250579833984,41.58267231217926,41.17221215911394,41.41848728739772,178850
2010-11-11,41.191162109375,41.386918035059594,41.090123684649235,41.36165842887815,155989
2010-11-12,41.064857482910156,41.25430208995503,40.616510385198865,40.7301761858705,127463
2010-11-15,41.450042724609375,41.532132787960386,40.90697352330338,40.92591701347863,143303
2010-11-16,40.85647201538086,41.32376745817465,40.85016072777482,41.304823959802945,171523
2010-11-17,41.02699279785156,41.203805291091285,40.818604580342274,40.818604580342274,131475
2010-11-18,41.797386169433594,41.8036974588487,41.23537307368508,41.27326008128848,187792
2010-11-19,41.60794448852539,41.95525814246441,41.42481590897377,41.93631463730019,350095
2010-11-22,41.25432205200195,41.816335222330515,41.191175425023914,41.80370300626762,155727
2010-11-23,40.40181350708008,41.03960288065002,40.206055180098936,41.00803198748058,234989
2010-11-24,40.74913024902344,40.79333335975864,40.30709914167137,40.528114695347405,170038
2010-11-25,41.07118225097656,41.07749835728404,40.704925169583134,40.736500883343,221815
2010-11-26,40.951210021972656,41.04593236791589,40.59126896161131,40.881747289466205,220237
2010-11-29,40.40181350708008,41.38060032420871,40.37024020502209,41.16590090665902,290075
2010-11-30,39.81454849243164,40.42076708790165,39.801918687433414,40.389191370961576,282966
2010-12-01,40.509159088134766,40.54072997620989,39.99134930949499,40.029236302295665,260341
2010-12-02,40.95753860473633,40.97648211613911,40.3955252834799,40.67337629813435,299032
2010-12-03,40.679664611816406,40.95751546952437,40.56599878982473,40.8943688612573,167655
2010-12-06,40.509159088134766,40.68597147823962,40.38286349139352,40.68597147823962,195505
2010-12-07,40.787052154541016,41.11542253051216,40.57866863577755,40.57866863577755,126272
2010-12-08,41.14064025878906,41.21010296688927,40.59125469957196,40.622830409718226,111611
2010-12-09,41.31746292114258,41.45638837180147,41.21011318846186,41.34272253196948,482224
2010-12-10,41.128021240234375,41.33640943137961,41.077506832684605,41.33640943137961,104338
2010-12-13,41.165897369384766,41.367969375858586,41.165897369384766,41.304822777168646,110844
2010-12-14,41.355350494384766,41.355350494384766,41.14696713332315,41.14696713332315,144735
2010-12-15,41.41218185424805,41.74054713245802,41.23536941076747,41.23536941076747,209801
2010-12-16,41.431129455566406,41.48164867806717,41.26062828407091,41.46901646355286,120679
2010-12-17,41.285888671875,41.519536467002055,41.15327932364991,41.519536467002055,149154
2010-12-20,41.20378875732422,41.48795089060869,41.19747265144893,41.22904836304818,361673
2010-12-21,41.41218185424805,41.41849314310253,41.27957252163761,41.32377563250776,412590
2010-12-22,41.431129455566406,41.513219578796466,41.292204002578444,41.361666729072425,3930525
2010-12-23,41.64583206176758,41.64583206176758,41.39955685574691,41.46270829751926,321411
2010-12-27,41.39324188232422,41.74055069227314,41.3237791567788,41.702663684804065,438054
2010-12-28,41.46270751953125,41.570057260084226,41.450075304302366,41.55111375501941,131332
2010-12-29,41.44375228881836,41.55110682925592,41.34271867272016,41.55110682925592,115052
2010-12-30,40.57231140136719,41.47532179336161,40.57231140136719,41.47532179336161,140425
2011-01-03,40.99540710449219,41.07750204051792,40.81859465424897,40.82491076112278,407113
2011-01-04,40.96382141113281,41.21009649470911,40.888042609349256,41.033284108323684,2299053
2011-01-05,41.128021240234375,41.128021240234375,40.5470646022948,40.90700565164633,415230
2011-01-06,41.191162109375,41.570046566542096,41.140642897012114,41.28587961033383,170637
2011-01-07,40.98908996582031,41.39323402806573,40.97645775387544,41.342714815840736,527512
2011-01-10,40.679664611816406,41.020662077791435,40.60389060900688,40.98277507638667,174071
2011-01-11,41.22904586791992,41.292192469519684,40.730179525061146,40.761755234749465,321875
2011-01-12,41.73424530029297,41.77213713526886,41.342733275184074,41.342733275184074,277438
2011-01-13,41.468997955322266,41.7279052417508,41.41847875536898,41.715273032874435,124824
2011-01-14,41.36798858642578,41.456394829201344,41.03961841230607,41.456394829201344,103471
2011-01-17,41.563743591308594,41.582687097484964,41.38693110995743,41.41850201432512,196699
2011-01-18,41.797386169433594,42.00576952903043,41.57005448825687,41.57005448825687,242481
2011-01-19,41.39956283569336,42.0120952942449,41.386935436182085,42.0120952942449,128191
2011-01-20,41.14064025878906,41.27956567498949,40.83121853401888,41.21010296688927,221747
2011-01-21,41.42481994628906,41.6268920506991,41.159601212584455,41.159601212584455,178730
2011-01-24,41.614261627197266,41.721611370973164,41.342726804966155,41.58900201375965,892314
2011-01-25,41.48796463012695,41.765815567328865,41.48796463012695,41.765815567328865,137260
2011-01-26,41.595306396484375,41.702656110000035,41.51321147150875,41.664769109412696,187235
2011-01-27,41.450042724609375,41.52582150308511,41.29848998543262,41.443726621959385,121460
2011-01-28,41.25432205200195,41.58268740295506,41.229062437654974,41.33641218529553,219885
2011-01-31,40.96382141113281,41.045911499732846,40.79332031156387,41.045911499732846,172027
2011-02-01,41.3300895690918,41.44375540686505,40.98278076651323,41.08381439021276,129817
2011-02-02,41.298519134521484,41.563737819719655,41.09644706706886,41.323778745175325,142906
2011-02-03,41.25432205200195,41.412191028336466,41.1469723043614,41.29220906463301,146157
2011-02-04,41.53214645385742,41.58266565613095,41.36165016840466,41.4626885729517,154388
2011-02-07,41.708984375,41.98683048993352,41.645832931908174,41.6521490397731,193309
2011-02-08,41.866844177246094,41.866844177246094,41.67739952502131,41.715286528355215,93019
2011-02-09,41.866844177246094,42.00576479539629,41.797381459282185,41.92999078872848,196197
2011-02-10,41.74055099487305,41.74055099487305,41.412185686278164,41.72160749100118,156552
2011-02-11,42.06261444091797,42.068930549550196,41.51954472524903,41.68372982523201,163849
2011-02-14,42.0373420715332,42.264673735536284,42.0373420715332,42.245730233165666,110185
2011-02-15,42.15732955932617,42.25205190142518,42.049975002132115,42.100494226955384,408463
2011-02-16,42.3909912109375,42.397307321266474,42.16997552722908,42.23943828750609,85963
2011-02-17,42.308868408203125,42.47936471330989,42.119423786727296,42.44779382158182,255758
2011-02-18,42.378360748291016,42.44782350355273,42.20785950618308,42.44782350355273,66338
2011-02-21,42.09416580200195,42.54251289979921,42.094165802001946,42.37201178987083,158677
2011-02-22,41.797386169433594,41.974198628620336,41.68372032884523,41.974198628620336,162460
2011-02-23,41.77843475341797,41.967874573336026,41.59530622171975,41.65213672236199,142816
2011-02-24,41.07118225097656,41.3679766163203,41.008035641234336,41.355344403705345,303888
2011-02-25,41.273250579833984,41.39954378795698,41.11538166079171,41.229047475213235,105707
2011-02-28,41.73424530029297,41.841599878648715,41.15960466243533,41.241694805620874,86638
2011-03-01,41.77843475341797,42.04996468018946,41.70265593478438,41.84789264827717,130857
2011-03-02,41.67108154296875,41.67108154296875,41.27325357253567,41.46269821623376,241188
2011-03-03,41.64583206176758,41.803701030641264,41.519538813780066,41.727927008960194,227129
2011-03-04,41.22275161743164,41.76582135110641,41.17223238225738,41.72161822477379,111954
2011-03-07,41.00804138183594,41.380609803914155,40.90068683069063,41.05855578603459,112422
2011-03-08,41.08381271362305,41.33008788245184,40.91331637280998,41.11538842974073,135989
2011-03-09,40.685977935791016,41.15326858634594,40.66071833065601,41.15326858634594,150071
2011-03-10,40.41445541381836,40.62915489567058,40.34499268315358,40.40182560743483,182323
2011-03-11,40.10502243041992,40.28183727232653,39.978729211915,40.048189518537214,133722
2011-03-14,39.53038787841797,39.97242146226261,39.53038787841797,39.73877606851629,310752
2011-03-15,38.42530059814453,38.91153724222368,37.86328753426663,38.741038491009775,1168960
2011-03-16,37.97064971923828,38.75999466029826,37.86961366313819,38.62106917982703,628581
2011-03-17,38.31795883178711,38.46319800361338,37.888555015566205,38.115886731081915,299158
2011-03-18,38.45689010620117,38.75999830298775,38.39374105964783,38.52635044407512,189250
2011-03-21,39.290443420410156,39.2967571214515,38.83577986094932,38.94312964088305,420325
2011-03-22,39.23990249633789,39.448290648918984,39.183069582805665,39.39145773538676,231661
2011-03-23,39.44828796386719,39.50512087353108,39.09466070274871,39.09466070274871,232616
2011-03-24,39.85874938964844,39.88400899824066,39.35356926224829,39.378828870840515,294510
2011-03-25,40.041873931884766,40.20605655352782,39.89663481034589,40.067133537949424,142706
2011-03-28,40.07345199584961,40.26289424606355,40.054508493494886,40.123971213980745,332457
2011-03-29,40.11765670776367,40.22500884613069,39.94084425502858,40.174489625984094,118710
2011-03-30,40.338687896728516,40.464983579577975,40.3071145782386,40.35131770590244,554965
2011-03-31,40.21870422363281,40.351316009940476,40.117668163377736,40.351316009940476,171316
2011-04-01,40.62915802001953,40.66704985097323,40.27553304964428,40.35131189377278,170669
2011-04-04,40.61021041870117,40.68598925518889,40.477601068181464,40.56600730186127,372507
2011-04-05,40.673343658447266,40.72385804239102,40.48389906088537,40.59124875120819,172987
2011-04-06,40.78072738647461,40.881761056466296,40.66706149662129,40.774411276543795,106311
2011-04-07,40.913307189941406,41.17220969644067,40.85647187724165,40.87542019332609,218433
2011-04-08,40.85647201538086,41.109063235149456,40.84384462239199,41.109063235149456,69821
2011-04-11,40.79964065551758,40.89436296314527,40.730177951109056,40.78069715754739,128472
2011-04-12,40.225006103515625,40.56600118069949,40.15554338499465,40.56600118069949,171293
2011-04-13,40.35762023925781,40.55969472123766,40.23132459135383,40.307103425429695,81469
2011-04-14,40.26921463012695,40.44602950347811,40.111345670031845,40.111345670031845,100611
2011-04-15,40.52179718017578,40.52179718017578,40.300781634182364,40.45865056957446,140996
2011-04-18,39.593544006347656,40.3639430557026,39.460934630092666,40.3639430557026,284804
2011-04-19,40.20604705810547,40.38917554549206,39.78927329202208,39.80190309207164,197353
2011-04-20,40.812286376953125,40.98910367889555,40.50286452966688,40.50286452966688,221786
2011-04-21,41.03329849243164,41.165907828706544,40.9385761614416,41.146964326064115,193639
2011-04-26,41.18486022949219,41.31746959441784,41.109081384772274,41.109081384772274,124047
2011-04-27,41.14698028564453,41.37430722330434,41.07120142790476,41.27327356409773,172812
2011-04-28,41.39956283569336,41.43745466978576,41.22275033585978,41.34904841986897,254009
2011-04-29,41.639522552490234,41.67740956495098,41.48165357686542,41.51954058932616,268899
2011-05-02,41.58269119262695,41.77845201721217,41.58269119262695,41.74056018334898,132921
2011-05-03,41.513206481933594,41.68370759963826,41.431116384601864,41.639504498340145,162624
2011-05-04,41.3300895690918,41.784752920184815,41.235372052429135,41.51321813093638,70889
2011-05-05,41.064857482910156,41.38059528280063,40.85015809151735,41.38059528280063,117175
2011-05-06,41.664764404296875,41.77211410568976,41.178525468708585,41.210101177483786,80437
2011-05-09,41.355350494384766,41.677404514611936,41.30483608981789,41.54479516928974,129150
2011-05-10,41.67108154296875,41.81632307884094,41.469009504653584,41.607934934328526,73277
2011-05-11,41.92369079589844,41.96789392270364,41.75950568871649,41.89211506913209,188047
2011-05-12,41.92998504638672,41.92998504638672,41.607931108821155,41.626874607893775,132888
2011-05-13,41.91735076904297,42.157314592873654,41.90472337620928,42.13837109473476,144169
2011-05-16,41.93632507324219,41.98052820221824,41.62058706119048,41.76582384877762,134934
2011-05-17,41.519535064697266,41.847900370481604,41.43744494269571,41.73423453044507,145789
2011-05-18,41.73424530029297,41.77845324406142,41.620584248703466,41.75950491768376,96315
2011-05-19,41.835269927978516,42.01839848013621,41.60793826445709,41.92367615070599,85380
2011-05-20,41.69002151489258,42.18888787114494,41.64581841080829,42.081538163765536,197353
2011-05-23,41.153297424316406,41.38694532221002,41.11541039895329,41.323798674011336,298947
2011-05-24,41.24168014526367,41.27957196677,41.10907081443573,41.10907081443573,107632
2011-05-25,41.355350494384766,41.38061010555731,41.020669077460425,41.020669077460425,187841
2011-05-26,41.3300895690918,41.462703727975644,41.22273983835541,41.43744411760625,290166
2011-05-27,41.48796463012695,41.652149712817064,41.39324709951609,41.55742736442743,89552
2011-05-30,41.37429428100586,41.51321973451494,41.323779876093845,41.4437570077604,32004
2011-05-31,41.92998504638672,41.99313164922113,41.65845031819947,41.753172631339574,234186
2011-06-01,41.468997955322266,41.92366111934968,41.42479485980716,41.92366111934968,129562
2011-06-03,40.907012939453125,41.18486391048076,40.81860668826785,40.98910789968185,262531
2011-06-06,40.673343658447266,40.919618744611974,40.61019224740913,40.780693348770086,162803
2011-06-07,40.471282958984375,40.74281775407891,40.401822642306605,40.5091747842433,182160
2011-06-08,39.97239685058594,40.32602398170533,39.97239685058594,40.28813458622862,149685
2011-06-09,40.09870910644531,40.212374931269174,39.86506375936905,39.90926686803514,168264
2011-06-10,39.694580078125,40.05452119029516,39.46724834225129,39.953485130894585,277345
2011-06-14,40.00398635864258,40.029245965866444,39.69456460126072,39.78297081765554,188727
2011-06-15,39.58721160888672,39.99135808896025,39.574581805551105,39.91557926894658,130577
2011-06-16,39.3598747253418,39.40407782398058,39.044136929985825,39.277782224060545,195714
2011-06-17,39.21463394165039,39.505114549481064,38.96835884216059,39.11991404663261,115240
2011-06-20,39.02521514892578,39.10730770095521,38.77262620182786,38.79156971041554,179176
2011-06-21,39.435646057128906,39.435646057128906,39.113592198248895,39.11990830232225,267967
2011-06-22,39.0567741394043,39.39145792465271,39.03151694018214,39.39145792465271,85227
2011-06-23,38.17901611328125,38.962046956476186,38.09060991026809,38.85469484646852,294890
2011-06-24,38.3116340637207,38.71578058266772,38.204284338375416,38.551595532401045,197830
2011-06-27,38.23587417602539,38.507409069031475,38.1348381048294,38.14746791484014,214951
2011-06-28,38.336875915527344,38.60841056536691,38.23583993481177,38.33056222062103,453288
2011-06-29,38.911537170410156,38.96837008737657,38.54528246798467,38.59579927812762,487475
2011-06-30,39.505126953125,39.59984687788253,38.898908353787384,39.08203691409655,365841
2011-07-01,39.80192947387695,40.05452082451656,39.54302442347169,39.568284040313586,182442
2011-07-04,39.902950286865234,39.909266393107366,39.7513974614961,39.86506328496731,148516
2011-07-05,39.83980178833008,39.9787272124037,39.76402537923929,39.83980178833008,94429
2011-07-06,39.429344177246094,39.85874787140216,39.39145717468976,39.82086086884583,171889
2011-07-07,39.669307708740234,39.89032326485211,39.39145923692975,39.631418295311526,147491
2011-07-08,39.271484375,39.8903304525092,39.271484375,39.808240321955566,232569
2011-07-11,38.58949279785156,39.18307927916526,38.45688343642341,39.18307927916526,251064
2011-07-12,38.374794006347656,38.52003318667328,37.67385531211865,38.115888961612484,436865
2011-07-13,38.475830078125,38.57686613443093,38.20429522513601,38.20429522513601,158726
2011-07-14,38.153778076171875,38.41268554404034,37.95802206138901,37.95802206138901,545206
2011-07-15,37.90747833251953,38.07797702834787,37.70540633943887,37.749609437369756,190560
2011-07-18,37.23813247680664,37.743312686308585,37.13078032728727,37.623333139329766,621352
2011-07-19,37.63594436645508,37.793813264651426,37.36440966884629,37.38335557467384,326819
2011-07-20,38.05274200439453,38.09063143090214,37.768579736701504,37.94539224262423,214659
2011-07-21,38.551605224609375,38.71579031615361,37.86329636134205,38.37479273422898,183947
2011-07-22,38.469512939453125,38.93049249344984,38.393736501475246,38.810510523687874,229259
2011-07-25,38.42530059814453,38.49476331999712,38.25480425581958,38.28006145649319,134474
2011-07-26,38.23587417602539,38.56424200963484,38.07169146366564,38.52003887904221,66727
2011-07-27,37.6485710144043,38.19164036414117,37.57279462410483,37.97693858421934,640416
2011-07-28,37.44019317626953,37.5854322917833,37.17497214137027,37.225491351403846,180318
2011-07-29,36.94763946533203,37.08656488009282,36.51823823667664,36.94763946533203,281086
2011-08-02,35.463680267333984,36.240395199907944,35.34370073444319,36.0698964475543,404774
2011-08-03,34.97111892700195,35.84886961364545,34.76273082556896,34.93322952431735,687336
2011-08-04,33.75236892700195,35.615222297711504,33.72079563100106,35.52050000082075,648432
2011-08-05,33.21562957763672,34.32702845042647,32.29367539169902,32.71676547440887,810035
2011-08-08,31.719009399414062,33.581862331540314,31.70006590805113,32.47046426642304,912532
2011-08-09,31.921123504638672,32.445249940999695,30.007751265021916,31.643274825765666,1763457
2011-08-10,30.651824951171875,32.66623116576022,30.487639952895172,32.66623116576022,2044566
2011-08-11,32.2178955078125,32.24946881593939,30.121396050852194,31.592733407788476,1157685
2011-08-12,33.5755729675293,33.84710780145227,31.491702946983924,32.07266203661776,891037
2011-08-15,33.96076965332031,34.39648952138857,33.739754074509705,34.2007311452355,557885
2011-08-16,34.238609313964844,34.3080720184527,33.46820827711897,33.74605668618204,446734
2011-08-17,34.56698989868164,34.92061484127662,33.739755648602646,34.1754731281097,429992
2011-08-18,33.04513168334961,34.453322509807364,32.716763959272726,34.20704491008284,573889
2011-08-19,32.520992279052734,33.03248836462204,31.630611810098273,33.03248836462204,1118446
2011-08-22,32.86831283569336,33.525048204415924,32.344189207364536,32.344189207364536,174881
2011-08-23,33.322975158691406,33.57556400988741,33.0261807894251,33.335604962584526,202461
2011-08-24,34.08073806762695,34.2449206596925,33.27876378621436,33.49977927724263,469378
2011-08-25,33.75868606567383,34.45331069297816,33.60081716068034,34.282811986518595,523785
2011-08-26,34.162845611572266,34.162845611572266,33.01355965332717,33.79027473001659,304930
2011-08-29,34.756431579589844,34.95218755262552,34.428063846468675,34.516470080599525,417632
2011-08-30,34.7690544128418,35.00901345481939,34.58592587378885,34.958496649256794,1877641
2011-08-31,35.13532257080078,35.34371079708136,34.81958458593177,34.926936753409855,694814
2011-09-01,35.29319763183594,35.583676049729135,34.83222038372975,35.356346685001895,382668
2011-09-02,34.17547607421875,34.8511551150833,33.948144357873765,34.79432218599705,312460
2011-09-05,32.811466217041016,33.480831110470135,32.69780043497026,33.480831110470135,242331
2011-09-06,34.11864471435547,34.51647523625665,32.78623007807672,32.78623007807672,403090
2011-09-07,35.04690170288086,35.04690170288086,34.630127833039985,34.9584954894129,211100
2011-09-08,35.27424240112305,35.50157409921365,34.85746842425337,35.06585420824357,184457
2011-09-09,34.83219528198242,35.31211569573974,34.73115927861834,35.29317219788658,404697
2011-09-12,33.83449935913086,34.14392137930849,33.49981530138529,33.95447898201126,222441
2011-09-13,34.18177795410156,34.39647977362482,33.72080101401397,34.345960564848305,633188
2011-09-14,34.4848747253418,34.63642748443247,33.9165458565326,33.9165458565326,97079
2011-09-15,34.61750793457031,35.04691173046554,34.510158190041174,34.59856442880383,178246
2011-09-16,34.81956481933594,35.09109952488788,34.78167782434897,34.85745422321119,212404
2011-09-19,34.320701599121094,34.598552434785404,34.13125938046084,34.42805371532462,290574
2011-09-20,34.90797805786133,34.92060786169958,33.98602405766775,34.01128366534425,132889
2011-09-21,34.87009811401367,35.23003916515632,34.8258949960761,34.926931038346154,189311
2011-09-22,33.765018463134766,34.459641016719786,33.61977928952661,34.28282852865585,338250
2011-09-23,33.765018463134766,34.03023719523067,32.76728534588374,34.03023719523067,298434
2011-09-26,34.49119186401367,34.813245724793106,33.47451590211799,33.47451590211799,257805
2011-09-27,35.463680267333984,35.58997590710213,35.07216595205282,35.18583178695525,832960
2011-09-28,35.438419342041016,35.86782305597879,35.22371748507213,35.22371748507213,431827
2011-09-29,35.855194091796875,35.99411953452899,35.248977919874996,35.248977919874996,857091
2011-09-30,35.17950439453125,35.716260089132966,35.091098197720854,35.716260089132966,600140
2011-10-03,35.06584548950195,35.27423363056798,34.64907161625857,34.8574597573246,334060
2011-10-04,34.7690544128418,34.79431161117873,34.26387190388349,34.724851304641255,248520
2011-10-05,35.06584548950195,35.31212063157004,34.88903306112254,35.236344220677246,314937
2011-10-06,35.94361114501953,35.949927253713355,35.438430849548176,35.470004166348325,461248
2011-10-07,36.06358337402344,36.265655437595846,35.70364236022952,36.06358337402344,293287
2011-10-10,36.3856315612793,36.56244640699488,36.12672660354486,36.29722534286589,188117
2011-10-11,36.51823425292969,36.62558394616073,36.00042205682408,36.4298256475246,160767
2011-10-12,36.884521484375,36.960297947185616,36.42985788973064,36.60035673772227,243549
2011-10-13,36.48666000366211,36.8718605114873,36.37931030614403,36.73293510633375,185300
2011-10-14,36.73924255371094,37.0297206879543,36.44876441946757,36.60663328488953,184160
2011-10-17,36.48035430908203,37.1307735597127,36.43615119936279,36.97922072892925,119136
2011-10-18,36.246700286865234,36.398253081399915,36.05725568036452,36.3035331870378,322224
2011-10-19,36.404571533203125,36.600327439503985,36.31616292032229,36.467718133515326,1284366
2011-10-20,36.133026123046875,36.50559673596651,36.088823034131636,36.151969615756926,189881
2011-10-21,36.72661590576172,36.77713510329631,36.01936400249292,36.284582562885745,543125
2011-10-24,36.93502426147461,37.0108006904937,36.720322371846144,36.916078347552904,533380
2011-10-25,36.39826202392578,36.9413315570239,36.29091230216346,36.84029553288161,254878
2011-10-26,36.3856315612793,36.61296321370734,36.18355951665187,36.32879864817228,114379
2011-10-27,37.06761932373047,37.402300631016274,36.947637414410416,37.111822424357335,399795
2011-10-28,37.39597702026367,37.44018010917136,37.19390506843206,37.238108157339745,523914
2011-10-31,36.606666564941406,37.24445630116643,36.606666564941406,37.13079042201505,126070
2011-11-01,35.68471145629883,36.01939540957306,35.28688326882365,35.886786013748,407018
2011-11-02,35.855194091796875,35.96885992514334,35.533142503241166,35.9436003157577,346086
2011-11-03,36.227752685546875,36.24038248598177,35.31842873422732,35.31842873422732,269666
2011-11-04,36.17725372314453,36.44878854410415,35.96255182770878,36.34143639194161,205216
2011-11-07,36.00675582885742,36.22145772955408,35.76048061518259,35.95623660098086,136952
2011-11-08,36.31615447998047,36.53085624358625,36.145658216985375,36.170915405907124,238755
2011-11-09,35.82362747192383,36.57508292475853,35.67207460509653,36.53087980452646,150384
2011-11-10,35.558406829833984,35.905718073849926,35.261612402401994,35.2995018215069,139228
2011-11-11,36.088836669921875,36.12672366965718,35.52682128199936,35.63417340198944,122638
2011-11-14,36.17725372314453,36.25303015421324,35.84256986888657,36.21514073423423,136940
2011-11-15,36.164634704589844,36.36039315287655,35.73523078562483,35.97519236596175,302034
2011-11-16,36.30983352661133,36.46138867428501,36.02566913027777,36.02566913027777,171161
2011-11-17,36.044639587402344,36.20250853638244,35.84888122346699,36.183562624460315,170164
2011-11-18,35.8741455078125,36.120420714888695,35.836256087920276,35.905718819944695,116287
2011-11-21,35.01530838012695,35.64046762302323,34.882699135741355,35.571007358502634,362631
2011-11-22,34.80693435668945,35.14793175842271,34.74378776031881,35.02163615679318,368939
2011-11-23,34.37754440307617,34.8069481737408,34.37754440307617,34.54172947303634,292167
2011-11-24,34.251251220703125,34.53541342656293,33.97971641204176,34.41543388206411,757244
2011-11-25,34.42806625366211,34.66802776943041,33.89762640289971,34.049179269466464,464672
2011-11-28,35.1921501159668,35.2805563527714,34.64908047972217,34.71854321117987,446705
2011-11-29,35.24268341064453,35.419495954835746,35.0279814317451,35.21110767727589,212254
2011-11-30,35.981475830078125,36.03199502933369,34.983745733660776,35.02794882856539,273191
2011-12-01,36.21514892578125,36.581406175087885,36.019392900501366,36.18357560643513,202604
2011-12-02,36.44878387451172,36.78346527700306,36.37300504426202,36.63822613235797,709625
2011-12-05,36.581398010253906,36.70137756054612,36.461418459961685,36.69506386164203,116008
2011-12-06,36.78345489501953,36.92238030237717,36.37931088331184,36.37931088331184,640829
2011-12-07,36.78345489501953,36.98552690087338,36.54349348473497,36.97921320457909,272239
2011-12-08,36.53718185424805,37.04867559409675,36.53718185424805,37.02973209525449,216414
2011-12-09,36.93502426147461,36.93502426147461,36.322491903939735,36.32880560265414,111814
2011-12-12,36.701377868652344,37.02974561887587,36.6508610503276,36.91607976653352,200755
2011-12-13,36.80241394042969,36.859246866641385,36.543508922996274,36.73295120740547,155274
2011-12-14,36.53718185424805,36.73925387152702,36.436145845608564,36.57506885193257,177869
2011-12-15,36.897132873535156,36.96659560013302,36.53087573652427,36.56245145507903,115892
2011-12-16,36.467742919921875,37.14342211983953,36.40459627669014,37.14342211983953,415808
2011-12-19,36.764530181884766,36.92871286719615,36.27829341658131,36.27829341658131,1391660
2011-12-20,37.02342224121094,37.02342224121094,36.638221665515836,36.73925768464171,661201
2011-12-21,37.04238510131836,37.27603056598941,36.966608649593425,37.19394041365821,351196
2011-12-22,37.168663024902344,37.28864255018455,37.09288660940246,37.16234691842554,189971
2011-12-23,37.63594436645508,37.63594436645508,37.351782276812216,37.433872369474805,249188
2011-12-27,37.52228546142578,37.78750651174951,37.452825156922785,37.78750651174951,481083
2011-12-28,37.66752624511719,37.78750576020558,37.54123062408863,37.64226663913375,95326
2011-12-29,37.61699676513672,37.68645945818617,37.48438748325391,37.68645945818617,132788
2011-12-30,38.02748107910156,38.03379477845758,37.73700032204535,37.812779167654526,110316
2012-01-03,38.690521240234375,38.690521240234375,38.28006102062757,38.41267276487663,311869
2012-01-04,38.63999938964844,38.7220919097557,38.513706169654206,38.63999938964844,182852
2012-01-05,38.362152099609375,38.741036588889486,38.33689249128701,38.722093087092134,134329
2012-01-06,38.381103515625,38.614751327452,38.27375377145259,38.51371528221766,143137
2012-01-09,38.22954559326172,38.4505611601867,38.19797228497087,38.40004434869914,204031
2012-01-10,38.68419647216797,38.68419647216797,38.36214495713011,38.45055116090958,117235
2012-01-11,38.26743698120117,38.65263764956573,38.22954997046976,38.5831749180391,65671
2012-01-12,38.362152099609375,38.63368686685269,38.3558384019732,38.48213162580735,778992
2012-01-13,38.24849319458008,38.557917430317225,38.04642110920086,38.48845469930138,225414
2012-01-16,38.51371383666992,38.51371383666992,38.13482687459503,38.13482687459503,121654
2012-01-17,38.62736129760742,38.74734320330172,38.54527120400297,38.68419419796571,198405
2012-01-18,39.06309509277344,39.10098210075206,38.494765884202984,38.646321142784814,114097
2012-01-19,39.48619079589844,39.51776652084056,39.10730618548905,39.132565801886905,121487
2012-01-20,39.06309509277344,39.62510819408805,39.06309509277344,39.593534884476156,103758
2012-01-23,39.11360549926758,39.22727132236234,38.962052674400375,39.01888558594776,76590
2012-01-24,39.157814025878906,39.157814025878906,38.785243200598714,39.01257487824616,106845
2012-01-25,38.75999450683594,39.03784305778871,38.513719271622634,39.03784305778871,230398
2012-01-26,38.86732864379883,38.93679135584673,38.69682991665087,38.87995844679741,366196
2012-01-27,38.48845672607422,38.94943384567585,38.47582691896178,38.816824484329366,236735
2012-01-30,38.14113998413086,38.393728863437,38.096936870030056,38.242176017631124,249566
2012-01-31,38.077980041503906,38.33057125728666,38.04640674175315,38.26742224889679,240541
2012-02-01,38.72210693359375,38.77262616830347,38.17903720491272,38.19166701359015,391723
2012-02-02,38.690521240234375,38.842074078106265,38.51370879308753,38.842074078106265,140700
2012-02-03,39.271484375,39.271484375,38.58317556479979,38.646324598559495,600423
2012-02-06,39.21463394165039,39.2398935438771,38.9746749471614,39.1135979416318,231301
2012-02-07,39.284114837646484,39.31568815060883,39.031525925058354,39.20202470572226,604975
2012-02-08,39.2462043762207,39.479849643207324,39.2462043762207,39.40407325559586,455480
2012-02-09,39.32829284667969,39.47353192068365,39.132536985968535,39.20831337047325,147393
2012-02-10,39.17675018310547,39.23989678499976,38.91784526111738,39.20832348405261,88689
2012-02-13,39.334617614746094,39.40408031954578,39.2146357032236,39.28409840802328,83200
2012-02-14,39.30937576293945,39.42935531975465,39.19570990537161,39.27780244892382,99355
2012-02-15,39.53038787841797,39.568277297223815,39.441981643426885,39.48618476092243,244131
2012-02-16,39.669307708740234,39.669307708740234,39.23990399210383,39.265163601056294,262594
2012-02-17,39.77666473388672,39.940847394490376,39.66299888851142,39.940847394490376,152589
2012-02-20,39.82086181640625,39.9724146480154,39.73245318759728,39.94715503978427,409722
2012-02-21,39.77035140991211,39.86507375731743,39.59985262991613,39.86507375731743,337579
2012-02-22,39.53038787841797,39.76403568105352,39.38514871966272,39.757719573474596,345444
2012-02-23,39.5240592956543,39.66929839971501,39.35987669376907,39.45459659177997,104707
2012-02-24,39.441978454589844,39.65668032601947,39.3535722267463,39.58090390342344,446226
2012-02-27,39.21463394165039,39.26515314610381,38.886268748256164,39.132543847745964,922143
2012-02-28,39.0820198059082,39.34724077868439,38.936780724413985,39.227258887402414,243299
2012-02-29,39.044151306152344,39.29042649178711,38.981002278496575,39.16413084536466,304324
2012-03-01,39.06939697265625,39.170432978184394,38.89889826166093,38.924157865265066,426369
2012-03-02,39.271484375,39.28411418175194,39.01257935880851,39.15150482419054,223074
2012-03-05,39.25254821777344,39.34727058170129,39.069419598920824,39.214658790424345,267845
2012-03-06,38.62105178833008,39.113602038905874,38.61473809155614,39.107288342131945,586693
2012-03-07,39.018898010253906,39.018898010253906,38.507401643458,38.538974957951446,1439897
2012-03-08,39.25884246826172,39.25884246826172,38.86732821517762,38.86732821517762,617661
2012-03-09,39.56827926635742,39.587222772258464,39.258855019600766,39.265171127494014,206817
2012-03-12,39.49249267578125,39.62510200075806,39.30936413621019,39.30936413621019,305416
2012-03-13,39.93453598022461,39.97242299159076,39.58722231677266,39.63774154377997,270952
2012-03-14,40.2565803527832,40.35130268187472,40.09239771243199,40.10502510801456,352461
2012-03-15,40.40813064575195,40.43338784271085,40.1807990109017,40.218686010784346,272832
2012-03-16,40.43971633911133,40.57232569710851,40.363937498350644,40.45234373701543,137184
2012-03-19,40.4838981628418,40.4838981628418,40.28813987385142,40.42706285772349,268259
2012-03-20,40.14924240112305,40.351314514142516,40.11766667624095,40.33236859743534,245536
2012-03-21,40.168182373046875,40.363938360302235,40.092405939557366,40.27553211974957,142887
2012-03-22,39.86505126953125,40.04817734425019,39.78295877534745,40.01660404922196,109466
2012-03-23,39.82086181640625,39.95347114628646,39.6251034659482,39.92821153805533,399674
2012-03-26,40.054500579833984,40.14290678520795,39.852428565011095,39.902945364272604,329532
2012-03-27,39.96609115600586,40.275512849897105,39.934517857898946,40.2439395517902,458008
2012-03-28,39.87137985229492,40.06713820878368,39.84612024328561,39.88400965679957,506001
2012-03-29,39.404090881347656,39.84612201421168,39.37883127121571,39.80191890092528,418018
2012-03-30,39.8082389831543,39.8082389831543,39.42935202000646,39.5998507920896,198692
2012-04-02,40.26289749145508,40.26289749145508,39.77666322663896,39.997678801555374,363431
2012-04-03,40.168182373046875,40.28184822772584,40.123979252770546,40.26290231268642,263946
2012-04-04,39.37251281738281,40.04819169035902,39.37251281738281,39.991361184283114,223166
2012-04-05,39.49249267578125,39.644045501786536,39.22727161693889,39.58089889243246,165016
2012-04-10,38.84207534790039,39.20833246769387,38.835761649819716,39.13886974436138,408024
2012-04-11,38.80419158935547,38.91154132793468,38.69052574327796,38.74104255881841,296870
2012-04-12,39.31568145751953,39.31568145751953,38.7978715046429,38.86102052870649,323193
2012-04-13,38.924163818359375,39.19569857641158,38.79155449248888,39.183068772677906,295163
2012-04-16,39.22726058959961,39.31566678139858,38.81048682191299,38.83574642210928,379928
2012-04-17,39.77666473388672,39.8019219370563,39.22096531303962,39.22096531303962,191896
2012-04-18,39.61878204345703,39.7955944488224,39.543003233539,39.7955944488224,77195
2012-04-19,39.87137985229492,39.95347237713071,39.74508421613729,39.808233238660556,282830
2012-04-20,40.03556442260742,40.054507924693134,39.75139984687738,39.839806068462536,218598
2012-04-23,39.29674530029297,39.68194598797318,39.151506131131306,39.68194598797318,285151
2012-04-24,39.35356903076172,39.44197525142561,39.107293870658346,39.391458443427176,79091
2012-04-25,39.5240592956543,39.5240592956543,39.2967276862068,39.372504086393185,114679
2012-04-26,39.30937576293945,39.59354040685908,39.20833971275575,39.50513416405951,380844
2012-04-27,39.31568145751953,39.41040378917043,39.17044231550672,39.2525348423449,214046
2012-04-30,39.220947265625,39.473536043317125,39.21463116107205,39.473536043317125,168783
2012-05-02,39.397769927978516,39.751397199658406,39.30936371228072,39.700877985608976,114010
2012-05-03,39.25884246826172,39.60615602467114,39.22726916555775,39.38513808796618,32866
2012-05-04,38.99995803833008,39.41673211627564,38.95575490952447,39.252549410553385,122790
2012-05-07,38.911537170410156,38.911537170410156,38.50739305371075,38.50739305371075,515675
2012-05-08,38.56422805786133,38.86733616179079,38.48213552693593,38.82944915435528,307383
2012-05-09,38.25480270385742,38.53896486879678,38.014841240525946,38.52633506452788,400180
2012-05-10,38.23587417602539,38.44426242786771,38.033802033633414,38.44426242786771,193142
2012-05-11,38.43794631958008,38.43794631958008,37.97696909417882,38.04643184479502,186894
2012-05-14,37.88222885131836,38.147447492891295,37.80013633464112,38.147447492891295,217695
2012-05-15,37.81277847290039,38.06536739362157,37.73699962868353,37.93275802957624,686270
2012-05-16,37.87592315673828,38.065365439777715,37.711740487141256,37.711740487141256,244645
2012-05-18,37.44019317626953,37.67383850045355,37.18128824706872,37.24443485072218,258473
2012-05-21,37.5601692199707,37.65489152559656,37.23180161172624,37.32020781223662,221629
2012-05-22,38.14113998413086,38.14113998413086,37.66753312543166,37.743309548334594,200919
2012-05-23,37.56649398803711,38.0527282029713,37.560177881465115,37.87591576117705,178868
2012-05-24,37.82539367675781,37.907483779632145,37.497026038594946,37.736985059304004,115835
2012-05-25,37.90116882324219,38.090611036570344,37.69278070235931,37.800132815541275,179879
2012-05-29,38.1727180480957,38.2800677931733,37.97064595592312,38.07168200200941,102242
2012-05-30,38.122188568115234,38.355836319075706,38.00852274572601,38.08430156657796,283959
2012-05-31,37.6738395690918,38.18533574519233,37.63595016049186,38.147446336592395,397755
2012-06-01,37.32022476196289,37.86329442190205,37.156042087717964,37.85698072280737,672503
2012-06-04,36.9034309387207,37.11813272593887,36.9034309387207,37.0928755342394,122896
2012-06-05,36.833980560302734,37.03605260159286,36.833980560302734,36.97921968942446,251469
2012-06-06,37.62965774536133,37.62965774536133,37.01712520879183,37.036071128251166,396669
2012-06-07,37.88853073120117,37.957993422963774,37.541219681276075,37.629625867560144,233431
2012-06-08,37.90116882324219,37.90116882324219,37.61700429880573,37.74329991065398,289447
2012-06-11,37.869590759277344,38.437917327777875,37.869590759277344,38.38108443003901,229632
2012-06-12,38.33059310913086,38.33059310913086,37.88855943395675,37.88855943395675,133185
2012-06-13,38.16008758544922,38.299013049763964,38.09062485329184,38.25480993091642,215749
2012-06-14,38.09061813354492,38.41267212420689,38.00221191144599,38.35583920873059,233566
2012-06-15,38.0716667175293,38.22321952137076,38.0716667175293,38.08429651933081,120086
2012-06-18,38.292686462402344,38.45687149509427,38.20428024890145,38.418982085498754,98319
2012-06-19,38.97469711303711,38.981010812740415,38.22955528578629,38.22955528578629,552201
2012-06-20,38.84207534790039,38.98731690153505,38.7094660082051,38.98731690153505,161095
2012-06-21,38.87363815307617,38.962044350175546,38.7473425534107,38.7473425534107,82397
2012-06-22,38.63999938964844,38.80418442986296,38.545279474652766,38.60211238720567,1328526
2012-06-25,38.31795883178711,38.58949366877649,38.20429297402926,38.58949366877649,184425
2012-06-26,38.41897964477539,38.4758125511138,38.210591518571725,38.330573436890866,191169
2012-06-27,38.71576690673828,38.74734020251697,38.48211921842224,38.614730914913636,74629
2012-06-28,38.57053756713867,38.778923299054675,38.45055564041283,38.778923299054675,160901
2012-06-29,39.11991882324219,39.189381533403036,38.930476601187145,39.06939961262029,338938
2012-07-02,39.44828796386719,39.467231464125604,39.25884332572848,39.26515943174037,225089
2012-07-03,39.953468322753906,39.953468322753906,39.606157165231366,39.606157165231366,227790
2012-07-04,40.041873931884766,40.041873931884766,39.83980190114471,39.97872732561173,230629
2012-07-05,40.00398635864258,40.23763411213028,39.90926644488616,40.067135376702254,497196
2012-07-06,39.953468322753906,40.1365968561546,39.90294910986186,40.035560839259155,202492
2012-07-09,39.7198486328125,39.934550608461386,39.7198486328125,39.934550608461386,201162
2012-07-10,40.01031494140625,40.03557455650689,39.726150293747786,39.871389467242224,358404
2012-07-11,39.85244369506836,39.97873935450317,39.7640374561308,39.846127587207484,413672
2012-07-12,39.61878204345703,39.80190814520473,39.48617033054465,39.77033484551639,498157
2012-07-13,39.902950286865234,39.91558009046078,39.70719435335604,39.782970766040606,223595
2012-07-16,39.90928268432617,39.997688936694274,39.852449749391006,39.90928268432617,203902
2012-07-17,40.03556442260742,40.18711725707086,39.97873150746141,40.079767533399995,320285
2012-07-18,40.446006774902344,40.446006774902344,40.14289642202971,40.17446971452833,337062
2012-07-19,40.83123016357422,40.856484957551956,40.57232275640829,40.59758236816435,621103
2012-07-20,40.53443908691406,40.88806404507416,40.48391985924013,40.88806404507416,758921
2012-07-23,39.902950286865234,40.37655708169905,39.814544070585114,40.30078066901448,916114
2012-07-24,39.833492279052734,40.067137636831305,39.80191656379739,40.067137636831305,110506
2012-07-25,39.902950286865234,39.97241300219639,39.770340962445054,39.770340962445054,131935
2012-07-26,40.49654769897461,40.603902263397345,39.947164340919805,39.9787400630051,350940
2012-07-27,41.05225372314453,41.07751333981006,40.45234866734149,40.648109492054544,527979
2012-07-30,41.31746292114258,41.40586915014766,41.11539085230552,41.15959396680805,278704
2012-07-31,41.304832458496094,41.367979071986795,41.18485052041929,41.266940636179434,261986
2012-08-02,41.298519134521484,41.77844210138826,41.298519134521484,41.456388087774414,294783
2012-08-03,41.664764404296875,41.715278793449755,41.399540976804744,41.46269239435514,199390
2012-08-06,41.708984375,41.810018011945274,41.487963959736,41.620578136005875,386008
2012-08-07,41.6584587097168,41.7658084379371,41.48164625905324,41.61425559705091,421241
2012-08-08,41.639522552490234,41.67740956495098,41.48796486708968,41.645833842714495,336783
2012-08-09,41.98051834106445,42.06892457825007,41.80370104891461,41.82896066207888,824509
2012-08-10,41.835269927978516,41.89841654167274,41.727920202920565,41.759491100878776,492779
2012-08-13,41.664764404296875,41.86683641423861,41.658448298986485,41.74053839691456,468389
2012-08-14,41.948917388916016,41.96154477901378,41.809992008962084,41.83525160693332,313779
2012-08-15,42.08155059814453,42.182589047493465,41.88579462475401,41.88579462475401,400404
2012-08-16,42.087867736816406,42.087867736816406,41.7531862962607,42.03103240322057,339042
2012-08-17,42.12575149536133,42.28362045081589,42.049972662342995,42.28362045081589,155257
2012-08-20,41.948917388916016,42.119413653002205,41.91734168700805,42.08784276886994,285402
2012-08-21,42.06261444091797,42.113133674417234,41.91106155819944,42.00577909878647,125159
2012-08-22,41.772132873535156,41.88579873130748,41.727929752055864,41.83527950168003,375526
2012-08-23,41.563743591308594,42.01209090267155,41.5195404709708,41.93631687796607,750292
2012-08-24,41.803707122802734,41.81002323145615,41.57006409819858,41.6142672232139,187621
2012-08-27,41.87314987182617,41.87946597746389,41.607931248365965,41.82263548005541,85993
2012-08-28,41.450042724609375,41.72789342791236,41.40583964160887,41.72789342791236,106307
2012-08-29,41.4058723449707,41.513222085934395,41.3742966245562,41.39324494747201,170840
2012-08-30,41.128021240234375,41.342725538990265,41.07119072507395,41.27326280860852,256181
2012-08-31,41.36798858642578,41.456394829201344,40.99541529091829,41.07751024333767,146679
2012-09-03,41.48796463012695,41.48796463012695,41.11539616231418,41.12171227028116,168006
2012-09-04,41.039615631103516,41.54479825653877,40.995412512711326,41.54479825653877,721169
2012-09-05,41.431129455566406,41.48795996754609,41.02698531111682,41.02698531111682,136357
2012-09-06,42.100486755371094,42.138378576153094,41.52584633276798,41.52584633276798,366787
2012-09-07,42.119415283203125,42.302543762250636,42.08784439784893,42.182566689463286,302471
2012-09-10,41.993133544921875,42.17626207385254,41.96155783319076,42.13205896809529,60006
2012-09-11,41.96155548095703,41.96155548095703,41.74685607010782,41.803686566705466,265759
2012-09-12,41.88578796386719,42.10680351444794,41.81000913890621,41.96787807757499,189766
2012-09-13,42.0310173034668,42.0310173034668,41.78474218784311,41.8163178971392,93610
2012-09-14,42.30256271362305,42.40360115468339,42.22678870060582,42.40360115468339,322438
2012-09-17,42.30256271362305,42.40360115468339,42.151009869810565,42.151009869810565,370489
2012-09-18,42.18889617919922,42.21415578904693,42.04997073392584,42.13838177728178,145928
2012-09-19,42.35940170288086,42.35940170288085,42.1636409108486,42.23310364063771,124214
2012-09-20,42.30256271362305,42.30887882063383,42.13206636655626,42.15732597682135,227246
2012-09-21,42.593040466308594,42.593040466308594,42.39728451145255,42.56778567414096,220127
2012-09-24,42.52988815307617,42.61829436715404,42.37833533148231,42.56146386572284,152750
2012-09-25,42.66881561279297,42.66881561279297,42.441483960684636,42.5551497867388,161154
2012-09-26,42.17626953125,42.47306393000233,42.11312291439969,42.47306393000233,173289
2012-09-27,42.29624557495117,42.37833568362636,42.18257975336693,42.31518907558565,157734
2012-09-28,41.94261169433594,42.359387937633635,41.94261169433593,42.321496122384914,127241
2012-10-01,42.599369049072266,42.599369049072266,41.96789306882907,41.96789306882907,165827
2012-10-02,42.624629974365234,42.78249897427029,42.42887395617242,42.42887395617242,294662
2012-10-03,42.54254150390625,42.63725905335511,42.485706156457205,42.529909285459915,401173
2012-10-04,42.75088882446289,42.76983713612926,42.542505573889386,42.68774223890196,80638
2012-10-05,43.01613998413086,43.04771088842082,42.73197293884852,42.89615802160418,186630
2012-10-08,42.93402862548828,42.940344731043915,42.7509001065903,42.86456591770708,260606
2012-10-09,42.858299255371094,43.098258520792314,42.85829925537109,43.01616833420183,154233
2012-10-10,42.76353454589844,42.85825686306075,42.70669922849017,42.807737651537224,242830
2012-10-11,42.94667053222656,42.997184934744965,42.60567302189273,42.637243921244476,152764
2012-10-12,42.93402862548828,43.00980743882511,42.75721621214594,42.81405152659279,307586
2012-10-15,43.19927978515625,43.22453458803146,42.94668839638392,42.94668839638392,75643
2012-10-16,43.66023254394531,43.672864756777635,43.32555117055246,43.36343817349426,359510
2012-10-17,43.70445251464844,43.74865564106015,43.56552702656038,43.58447053533976,326520
2012-10-18,43.69179916381836,43.76126186660476,43.47077884525621,43.52761415561626,198795
2012-10-19,43.508689880371094,43.80548432016929,43.508689880371094,43.710761972904955,198391
2012-10-22,43.45183563232422,43.653907636905465,43.445524344957995,43.502354837913686,91884
2012-10-23,42.738277435302734,43.48973509281132,42.64987121886378,43.48973509281132,247231
2012-10-24,42.700382232666016,42.78878843212643,42.54251333109005,42.72564183505135,174765
2012-10-25,42.61199188232422,42.820375248400495,42.57410005576444,42.61199188232422,219287
2012-10-26,42.561466217041016,42.624612828045564,42.3404506696363,42.45411649655552,459007
2012-10-29,42.52988815307617,42.56777997180764,42.42885454460605,42.44779804508311,152889
2012-10-30,42.84562301635742,42.845623016357415,42.48568207909723,42.48568207909723,577557
2012-10-31,42.49832534790039,42.820374552868294,42.4983253479004,42.70039742108306,307780
2012-11-01,42.86458969116211,42.87090580022077,42.39729879419289,42.39729879419289,142574
2012-11-02,43.104549407958984,43.19295565494593,42.87721768205565,42.89616118958441,177249
2012-11-05,43.218204498291016,43.218204498291016,43.04770333747327,43.07927905400335,249805
2012-11-06,43.464481353759766,43.464481353759766,43.19294656152922,43.19294656152922,194731
2012-11-07,43.224510192871094,43.83704239916298,43.224510192871094,43.647602577835286,157684
2012-11-08,43.306617736816406,43.45185449370907,43.21821149754817,43.281358123057096,135494
2012-11-09,43.306617736816406,43.319245134806714,42.940360563974444,43.23715500342298,1629694
2012-11-12,43.1550407409668,43.31922574803481,43.129785956288536,43.237135653389075,251202
2012-11-13,43.369754791259766,43.376070897750395,42.934034981181306,43.054016915615115,342992
2012-11-14,42.99716567993164,43.256072954674515,42.99716567993164,43.256072954674515,116873
2012-11-15,42.32149124145508,42.801414031115385,42.30254774490391,42.74458354146189,268356
2012-11-16,41.898414611816406,42.35939402432914,41.898414611816406,42.163633267782735,251264
2012-11-19,42.82670211791992,42.82670211791992,42.138395590604674,42.138395590604674,267233
2012-11-20,42.649879455566406,42.662506852734566,42.45412348390038,42.63093595092497,67314
2012-11-21,42.78248596191406,42.81406167940309,42.54883817871826,42.54883817871826,361016
2012-11-22,43.06664276123047,43.06664276123047,42.83299982503787,42.86457072079979,196506
2012-11-23,43.25608444213867,43.32554715294238,43.00980931029903,43.03506891584376,133549
2012-11-26,43.022438049316406,43.25608579457745,43.022438049316406,43.19925529365782,157884
2012-11-27,43.25608444213867,43.31291494128145,43.167678231620705,43.18662173133497,231029
2012-11-28,43.508689880371094,43.508689880371094,43.192951934675776,43.192951934675776,261818
2012-11-29,43.957027435302734,43.98228704348913,43.74232317460714,43.74232317460714,190079
2012-11-30,43.92544174194336,44.12751374375159,43.90649824455142,43.982277051895714,193317
2012-12-03,44.08331298828125,44.28538500083577,43.95701978710098,43.95701978710098,160582
2012-12-04,44.16542434692383,44.28540148737706,44.07070200188705,44.07070200188705,312195
2012-12-05,44.13385772705078,44.3169863471448,44.0517675805726,44.3169863471448,146554
2012-12-06,44.51905059814453,44.51905059814453,44.18436914463428,44.18436914463428,283498
2012-12-07,44.56325149536133,44.702176956178626,44.44958564721795,44.500104872565785,304620
2012-12-10,44.75899887084961,44.771631083648515,44.44957710616237,44.607446041705714,217619
2012-12-11,44.96738815307617,44.99896386809008,44.727429099414636,44.727429099414636,174504
2012-12-12,44.878971099853516,45.099986598270874,44.834768000170044,44.910546807245936,229683
2012-12-13,44.594825744628906,44.90424755856533,44.582193529819385,44.90424755856533,593522
2012-12-14,44.487464904785156,44.64533384315242,44.42431829299378,44.64533384315242,226234
2012-12-17,44.500091552734375,44.45588844823058,44.33590652838726,44.44957234250802,317576
2012-12-18,44.58218002319336,44.651642730266246,44.48745771193242,44.569552629987776,203593
2012-12-19,44.77164840698242,44.91688518592281,44.613779410355384,44.65798253669978,312491
2012-12-20,44.500091552734375,44.63901697196831,44.500091552734375,44.59481386746452,454035
2012-12-21,44.39274597167969,44.59481801359536,44.26013182806166,44.57586969466599,260790
2012-12-27,44.26012420654297,44.424309217882545,44.20329371287351,44.31695951798911,99466
2012-12-28,43.91913986206055,44.31696784583486,43.843361038484574,44.30434045079432,283686
2013-01-03,45.26418685913086,45.276814255677444,44.923189339035055,44.9358215533598,310309
2013-01-04,45.371559143066406,45.44102190304318,45.15685957061497,45.17580308373944,112086
2013-01-07,45.36522674560547,45.54835533636226,45.365226745605476,45.50415221568158,328154
2013-01-08,45.5735969543457,45.649375767493815,45.39046843590379,45.39046843590379,371646
2013-01-09,46.034584045410156,46.034584045410156,45.655699551501876,45.668326946928474,247681
2013-01-10,46.02192687988281,46.21137143301213,46.00929949130258,46.13559264820538,193795
2013-01-11,46.318748474121094,46.3250645810318,46.08510551398242,46.20508263861813,228976
2013-01-14,46.350345611572266,46.56504516797954,46.30614247832488,46.451379279946224,143073
2013-01-15,46.82392120361328,46.84918080817406,46.394517561633975,46.394517561633975,450718
2013-01-16,47.10808563232422,47.1522887380275,46.760776892591956,46.86812660390317,449388
2013-01-17,47.79639434814453,47.81533784714027,47.17754608021424,47.190178291396045,366383
2013-01-18,47.4490966796875,48.023742036262334,47.430153174354885,48.023742036262334,638112
2013-01-21,47.25333786010742,47.47435343866515,47.08283668680698,47.44909382714737,379752
2013-01-22,47.0449333190918,47.25332142831523,46.90600791294284,47.24700532318757,715442
2013-01-23,47.594329833984375,47.7079956636588,47.196497021235025,47.24070013178743,386384
2013-01-24,48.02370071411133,48.080531181209196,47.55640550169269,47.61324078656498,168809
2013-01-25,47.99848175048828,48.080571878371885,47.91007551498948,47.954278632738884,218061
2013-01-28,48.181583404541016,48.263673486551504,48.06791761987799,48.13738031149294,232415
2013-01-29,48.061614990234375,48.11844548961085,47.73956104043619,48.036355384585775,223007
2013-01-30,47.56276321411133,48.030054017563586,47.53750360071139,48.030054017563586,190685
2013-01-31,47.67639923095703,47.802692401147326,47.32277450020369,47.55010606076673,394299
2013-02-01,47.81534194946289,47.88480466359147,47.556434593569556,47.556434593569556,401003
2013-02-04,47.32912063598633,47.92270957206275,47.32912063598633,47.8343033242785,486330
2013-02-05,47.63222885131836,47.77747043278075,47.30386349265142,47.30386349265142,173690
2013-02-06,47.80902862548828,48.04898767694721,47.57538086275205,47.64484358092288,334484
2013-02-07,47.20280456542969,47.8027045023612,47.202804565429695,47.68272740564101,195206
2013-02-08,47.56276321411133,47.65748555991643,47.379634630295755,47.379634630295755,420314
2013-02-11,47.73957443237305,47.815353270576374,47.60696507885111,47.6953713145324,83791
2013-02-12,47.79639434814453,47.840597451726914,47.63852543281075,47.79639434814453,189036
2013-02-13,48.17527389526367,48.26368009346192,47.88479569864419,47.9100553006689,208176
2013-02-14,48.181583404541016,48.20052689902222,47.91004874216688,48.017398422744236,236511
2013-02-15,48.307891845703125,48.42155766628647,48.21948563166913,48.21948563166913,597929
2013-02-18,48.244781494140625,48.29530074520448,48.13111558813743,48.244781494140625,164919
2013-02-19,48.78783416748047,48.78783416748047,48.23844834620319,48.23844834620319,304865
2013-02-20,49.09724426269531,49.14144737671588,48.74993063983511,48.775190250386586,290617
2013-02-21,48.244781494140625,49.021494503678305,48.244781494140625,48.92046081933155,462455
2013-02-22,48.6236457824707,48.655221505544915,48.35842705265144,48.3773705593844,334294
2013-02-25,48.93936538696289,48.98988459782239,48.749920755128315,48.7878125721615,645664
2013-02-26,48.31419372558594,48.59203968026172,48.118433036915015,48.16263613091633,445407
2013-02-27,48.599857330322266,48.599857330322266,48.09836917711185,48.48559414550094,844311
2013-02-28,49.26006317138672,49.26006317138672,48.65701019969573,48.72048869517393,194974
2013-03-01,49.298152923583984,49.36797587671354,48.96805700630547,49.10771259876187,542638
2013-03-04,49.20926284790039,49.22831074929822,49.08230589716492,49.133090614698,562462
2013-03-05,50.11701202392578,50.12971062306711,49.450480861902484,49.450480861902484,441776
2013-03-06,49.90121841430664,50.231309571397226,49.856782973100216,50.0599171104867,374089
2013-03-07,50.20124816894531,50.316154578669995,50.073576544966905,50.150177571209845,196742
2013-03-08,50.443809509277344,50.65447200245142,50.32252296774329,50.37997371841332,197252
2013-03-11,50.53955841064453,50.57147873669572,50.32889594756581,50.41188684715571,130252
2013-03-12,50.877906799316406,50.877906799316406,50.46935183639341,50.46935183639341,210042
2013-03-13,50.64169692993164,50.820439057684275,50.57147611254914,50.81405401873376,220458
2013-03-14,51.056636810302734,51.12047258875351,50.877889812139784,50.877889812139784,243315
2013-03-15,51.343929290771484,51.34392929077149,51.043895604947856,51.24178809118878,176618
2013-03-18,51.10768127441406,51.12683151295616,50.654441104280444,50.69912661766388,598810
2013-03-19,50.814064025878906,51.12048264119823,50.73107798461012,50.90982014756361,373886
2013-03-20,51.165164947509766,51.235385774282264,50.973652716246875,50.99280296530149,347420
2013-03-21,50.603431701660156,51.21626929766834,50.57790126632459,51.203499209638984,515689
2013-03-22,50.51403045654297,50.686392449666876,50.322523083510326,50.52041549675166,434022
2013-03-25,50.64807891845703,50.91619699007795,50.52679239618539,50.7629852719066,526646
2013-03-26,50.76300048828125,50.88429191726827,50.482121994821966,50.6353288885597,283198
2013-03-27,50.711936950683594,50.948129907358194,50.34168247707099,50.948129907358194,219604
2013-03-28,50.865116119384766,51.11407902306172,50.711909302589,50.76297499461633,285626
2013-04-02,51.56733703613281,51.580107116298,50.865133608162814,50.87151864824541,324756
2013-04-03,51.33114242553711,51.995040461363736,51.29283705666982,51.490734329802024,325609
2013-04-04,50.603431701660156,51.43331209055166,50.55236596062745,51.43331209055166,424512
2013-04-05,49.79267120361328,50.61616596565448,49.55009327671948,50.61616596565448,325155
2013-04-08,50.31613540649414,50.43104177243554,49.99056655793376,50.02887192681983,245498
2013-04-09,50.02888870239258,50.57150038503492,49.99696836267713,50.533199873664415,128029
2013-04-10,50.94173812866211,50.94173812866211,50.18846414070226,50.18846414070226,296872
2013-04-11,51.17793273925781,51.197082989278776,50.82683345803679,50.83959866793123,110355
2013-04-12,50.884273529052734,51.177921998583074,50.66084587510112,51.16515679136766,211095
2013-04-15,51.186614990234375,51.23807292979818,50.717069879488264,51.16731948972275,84642
2013-04-16,50.922874450683594,51.14799670365581,50.46619647828365,50.942169942753054,187380
2013-04-17,49.65577697753906,51.135160955524384,49.57216149983712,51.07084097980754,440238
2013-04-18,50.02240753173828,50.18320992884176,49.33417346842738,49.59789175518095,264617
2013-04-19,50.260379791259766,50.427615601543295,50.003095061738506,50.1510353760851,244631
2013-04-22,50.260379791259766,50.672033395574566,50.106010916466225,50.54339348446296,114829
2013-04-23,51.47602462768555,51.5210490693907,50.33754665468604,50.33754665468604,408382
2013-04-24,51.88765335083008,51.90694882989832,51.566048946909284,51.566048946909284,247717
2013-04-25,52.14496994018555,52.27360981798837,51.60467656465752,51.93270972524377,196031
2013-04-26,51.82980728149414,52.067791585082624,51.81694034723134,52.035634064020776,303255
2013-04-29,52.3057746887207,52.44728150530366,52.048490013778704,52.08708590476306,145346
2013-04-30,52.22856903076172,52.65308932783768,52.09992919320277,52.563040460087365,147693
2013-05-02,52.24789047241211,52.24789047241211,51.95844336035015,52.03563023835945,313097
2013-05-03,52.49874496459961,52.7303007057655,52.07422447002963,52.28005125025514,158087
2013-05-06,52.49874496459961,52.56949838036127,52.37653362695718,52.49874496459961,195910
2013-05-07,52.76889419555664,52.974720985541396,52.55663393820736,52.5695008729364,201112
2013-05-08,53.65008544921875,53.669380941389804,52.85893591912599,52.85893591912599,150878
2013-05-10,54.145362854003906,54.17109181667757,53.662955845293,53.75943822849475,195949
2013-05-13,53.85591506958008,54.100332828880894,53.688679283059855,54.06817040202408,206791
2013-05-14,54.2225227355957,54.22252273559571,53.79800242386654,54.08101596501932,203100
2013-05-15,55.0651741027832,55.12306061112603,54.36407308884367,54.36407308884367,249390
2013-05-16,54.627750396728516,55.2452305589706,54.60845490842347,55.00081286161314,199587
2013-05-17,54.762840270996094,54.762840270996094,54.30616224968691,54.57630898218571,165543
2013-05-21,54.994388580322266,54.994388580322266,54.454095188368996,54.846448299784434,159695
2013-05-22,55.631168365478516,55.65689732514366,54.936506083708885,55.18092383958179,359607
2013-05-23,54.151798248291016,54.69852522949042,53.79803113306303,54.58918081471015,594381
2013-05-24,54.06816482543945,54.51198075234218,53.86877153992516,54.19037614613367,221345
2013-05-27,54.01028823852539,54.16465710371991,53.89451036280506,54.16465710371991,254039
2013-05-28,54.537723541259766,54.55701903735839,54.3447587656773,54.3447587656773,124894
2013-05-29,53.10981369018555,54.35764181907495,53.07765124895249,54.31904590813537,360009
2013-05-30,53.12908935546875,53.4185364965982,52.86537608355726,52.98758251855627,216204
2013-05-31,52.69169616699219,53.167674505361916,52.421549482380215,53.167674505361916,274431
2013-06-03,51.59181594848633,52.28648315117662,51.57895392205016,52.07422291024947,628725
2013-06-04,52.0742301940918,52.40870181578474,51.649714560156085,51.66257658839132,502449
2013-06-05,51.270198822021484,52.1321016022762,51.21874091421305,51.78476808551351,248224
2013-06-06,50.45334243774414,51.36669852709771,50.44047550279671,51.13514277102246,508137
2013-06-07,51.49530029296875,51.57248712359163,50.29250285301781,50.51762497488342,386017
2013-06-10,51.5725212097168,51.84266793450518,51.385989926230316,51.72689006569624,197792
2013-06-11,50.717071533203125,51.33455210620515,50.44049123315332,51.32169007454442,141981
2013-06-12,50.72349548339844,51.186607053062595,50.549826191125156,50.549826191125156,84788
2013-06-13,50.49192810058594,50.53695255355571,49.72650749280242,49.93233426456387,473843
2013-06-14,50.49192810058594,50.80709927137436,50.45976567390867,50.691321405552465,605422
2013-06-17,51.186614990234375,51.360279402138204,50.84571472839778,50.85857675963912,1689553
2013-06-18,50.980777740478516,51.173737613534996,50.948615307986664,51.12228459176553,114436
2013-06-19,51.154441833496094,51.308810712545515,50.70419722489437,51.102983904713554,205775
2013-06-20,49.584999084472656,50.80709764974261,49.565703592001086,50.61413781772978,347784
2013-06-21,49.17978286743164,50.324694645071084,48.980389553233046,49.45636306485109,399156
2013-06-24,48.06703186035156,48.94822543707134,47.99627844666345,48.71666970269161,478754
2013-06-25,48.89031982421875,48.993230717393246,48.17635740716866,48.4079130509306,292533
2013-06-26,50.0481071472168,50.1381560441904,48.961086917379234,49.05113581435283,210351
2013-06-27,50.88426208496094,51.051497791452256,50.048088459799345,50.2088907025385,98023
2013-06-28,50.749210357666016,51.038652554687516,50.49192567848185,50.903579202257674,257947
2013-07-01,51.154441833496094,51.38599760571932,50.80067961453708,51.02580191883794,157546
2013-07-02,51.12228012084961,51.23805799747739,50.65273514694311,51.19946210040294,619314
2013-07-03,50.736351013183594,50.864995825665254,50.389017380429834,50.82639992827184,94822
2013-07-04,51.894142150878906,51.90057561985998,51.00651481615144,51.00651481615144,145995
2013-07-05,51.521060943603516,52.13211268734277,51.437445506107444,51.9455814123464,96258
2013-07-08,52.042049407958984,52.23500918902624,51.971296016045564,52.016320455690845,89610
2013-07-09,52.56306457519531,52.64024655022246,52.33794230253697,52.40869571784352,218059
2013-07-10,52.698150634765625,52.807495063928876,52.42157037392414,52.56951070719694,266876
2013-07-11,52.81393051147461,53.19342174713113,52.81393051147462,53.10337281299912,262046
2013-07-12,52.820350646972656,53.219137281092905,52.82035064697266,53.103359408248856,267501
2013-07-15,52.92326736450195,53.15482313547522,52.910405336024844,52.94899632875433,210169
2013-07-16,52.543785095214844,53.064783214622736,52.45373615870729,53.03905424600644,165478
2013-07-17,52.4730110168457,52.67883777751031,52.00989957852608,52.62094639407183,156435
2013-07-18,52.518035888671875,52.65310924138244,52.40225802816323,52.41512005386548,163907
2013-07-19,52.453704833984375,52.453704833984375,52.17069125551635,52.43440443857387,282501
2013-07-22,52.51160430908203,52.71743107879374,52.4279888707701,52.627382173750945,77025
2013-07-23,52.29293441772461,52.58237673038509,52.11926510428908,52.524490230772614,356419
2013-07-24,52.440818786621094,52.826743130111005,52.29288349347553,52.33147445563624,104446
2013-07-25,52.02919006347656,52.50516348158934,51.919845680867624,52.25431229452338,161166
2013-07-26,51.5725212097168,52.1514105537615,51.49533432807836,52.112814659293555,408610
2013-07-29,51.70759582519531,51.91985607437187,51.585384486463795,51.585384486463795,140017
2013-07-30,51.6561393737793,51.84267066709772,51.418155063953975,51.6561393737793,210603
2013-07-31,51.8040885925293,51.92629995577139,51.39243494584898,51.54680383652946,282869
2013-08-02,52.67884063720703,52.78175156947737,52.40869391928789,52.49230935846363,180885
2013-08-05,52.730308532714844,52.91683493944871,52.698146099941006,52.78819502294986,32758
2013-08-06,53.116214752197266,53.46354829493821,52.81390565533219,52.81390565533219,290184
2013-08-07,52.801055908203125,53.10979857133171,52.72387392289459,52.76889838342395,75270
2013-08-08,52.62739562988281,52.76890249035929,52.466593271577466,52.73031149470154,198277
2013-08-09,52.75603103637695,52.903971352561854,52.620957655841934,52.84608486403175,85183
2013-08-12,52.92326736450195,53.01331628573621,52.736736054145815,52.910405336024844,63753
2013-08-13,53.19339370727539,53.20626063811105,52.961838025196286,53.0197293993642,108960
2013-08-14,53.50212478637695,53.53428719927707,53.23197818427886,53.25127366910083,206857
2013-08-15,52.730308532714844,53.36065099377681,52.63382614169158,53.341355497031806,246684
2013-08-16,52.646671295166016,52.820340524799974,52.40868703519629,52.75601567987084,458973
2013-08-19,52.518035888671875,52.749591609689155,52.40869149466291,52.665971267084686,155735
2013-08-20,52.543785095214844,52.59523812514846,52.06780653676174,52.28650031635082,355165
2013-08-21,52.19002151489258,52.58881319503569,52.099972572166614,52.550217285796464,248827
2013-08-22,52.87822341918945,52.936114794249896,52.07421198493473,52.07421198493473,207248
2013-08-23,53.000431060791016,53.006864525862945,52.60163965036365,52.83962878506489,213561
2013-08-26,53.16769790649414,53.16769790649414,52.91684169488967,52.93614210139685,117291
2013-08-27,52.25433349609375,52.955434337013216,52.10639807308136,52.858951939618976,272741
2013-08-28,51.45673751831055,52.16426667772794,51.212319781725455,51.89411998350806,625544
2013-08-29,51.43745422363281,51.55966557455226,51.096554041908085,51.3667008001845,818592
2013-08-30,51.39887237548828,51.559674746968646,51.019376226999164,51.48248784203045,258123
2013-09-02,52.202877044677734,52.27362556367217,51.701169592611805,51.701169592611805,302418
2013-09-03,52.02919006347656,52.466572501208915,52.02275659764763,52.4472770110187,114310
2013-09-04,52.0999641418457,52.26076650030819,51.78479289330282,52.241471002460464,127027
2013-09-05,52.42156982421875,52.53091425223539,51.94559620844738,52.29292989799902,403217
2013-09-06,52.543785095214844,52.66599156201854,52.11926447399435,52.511622657619725,182855
2013-09-09,52.4730110168457,52.7431577200998,52.24788876413396,52.67883777751031,87874
2013-09-10,53.251277923583984,53.251277923583984,52.73670871984236,52.756004206205944,189209
2013-09-11,53.25774002075195,53.341355475712966,53.116233168280814,53.2706020494774,75980
2013-09-12,53.1355094909668,53.36706518285348,53.013298179333134,53.28987831645909,106640
2013-09-13,53.116214752197266,53.13551024224456,52.9296835029125,53.04546135049282,79105
2013-09-16,53.116214752197266,53.59862163256581,53.084052330587404,53.59862163256581,176407
2013-09-17,53.03260803222656,53.103361452093175,52.85251020249256,53.096932891958254,149323
2013-09-18,53.2384147644043,53.32203508762863,53.06475046753894,53.12263693072874,19711
2013-09-19,53.617923736572266,53.90093737830077,53.50857934128522,53.86877495272356,338446
2013-09-20,53.60505676269531,53.83661248624322,53.60505676269531,53.72726809103925,111366
2013-09-23,53.367069244384766,53.7915847736207,53.25129138963009,53.65008286873996,81600
2013-09-24,53.26415252685547,53.547166146493225,53.08405473519391,53.40565933667435,62186
2013-09-25,53.32206344604492,53.4507033708567,53.09694112397502,53.270605513200785,233176
2013-09-26,53.31564712524414,53.476449536626184,53.058362285572855,53.33494262944197,61444
2013-09-27,53.28990936279297,53.38639177517182,53.116244946350506,53.32850527212411,120089
2013-09-30,53.12908935546875,53.12908935546875,52.87180464356403,52.88467157817301,129944
2013-10-01,53.32206344604492,53.37352137888906,53.00045872671691,53.00045872671691,441878
2013-10-02,52.601661682128906,53.26416655043781,52.46658830282013,53.26416655043781,121831
2013-10-03,52.530887603759766,52.93611248965216,52.47942969645658,52.83963014028272,87334
2013-10-04,52.60808181762695,52.6595397321223,52.17713282514634,52.48587049752473,318654
2013-10-07,52.170719146728516,52.434432470770936,52.00991678341281,52.434432470770936,78667
2013-10-08,51.746185302734375,52.20286821604255,51.746185302734375,52.03563242697044,135780
2013-10-09,51.23805236816406,51.68186342372938,51.1544320231046,51.52106110759625,183658
2013-10-10,51.92628479003906,52.07422016910603,51.385986469510556,51.46317334595666,155989
2013-10-11,52.518035888671875,52.518035888671875,52.09994889754083,52.24788918325074,221276
2013-10-14,52.41511535644531,52.492302225632656,52.22215554442195,52.434410846917984,162426
2013-10-15,52.87181854248047,53.064783353959925,52.749612075355884,52.77534104403974,354841
2013-10-16,52.76247024536133,52.884681610842584,52.27362969073497,52.58880585357624,270553
2013-10-17,53.096920013427734,53.27058433360714,52.884659805311095,52.94897974214433,200961
2013-10-18,53.437828063964844,53.48285251719191,53.1419523845731,53.48285251719191,149467
2013-10-21,53.73371124267578,53.759440206296006,53.450697550151375,53.669391287274244,197717
2013-10-22,54.293296813964844,54.54414803657832,53.77229396851609,53.7851609019973,172408
2013-10-23,54.35759735107422,54.389754858700826,54.1196082396188,54.24824808471628,172183
2013-10-24,54.486270904541016,54.51199987093705,54.24185308472654,54.47340887499229,113732
2013-10-25,54.479827880859375,54.724250565102935,54.28686802768034,54.37691694062343,85641
2013-10-28,54.80142593383789,54.80142593383789,54.65349055497294,54.74997292357454,89556
2013-10-29,54.49911880493164,54.82715197047783,54.40906500035189,54.67278313332098,67205
2013-10-30,54.447662353515625,54.75640003612733,54.29972207126215,54.614898127520206,244970
2013-10-31,54.582733154296875,54.634191068094964,54.31901502655425,54.34474398345329,195390
2013-11-01,54.33830642700195,54.54413314081539,54.09388383058254,54.51840418817672,81408
2013-11-04,54.19037628173828,54.56343880362494,54.19037628173828,54.56343880362494,47578
2013-11-05,53.89449691772461,54.3769037949968,53.75299011522399,54.30615039374649,117073
2013-11-06,54.486270904541016,54.57631983327786,54.12607518959367,54.12607518959367,165556
2013-11-07,54.42192077636719,54.878598635340474,54.351167384821025,54.486240703055735,85467
2013-11-08,54.44125747680664,54.55703539541065,54.04889924749857,54.24186408093844,272535
2013-11-11,54.73067092895508,54.904340168836,54.69851341188982,54.74353786161876,138970
2013-11-12,54.65993118286133,54.865757972772855,54.582744296407846,54.61490672592123,105988
2013-11-13,54.486270904541016,54.647073264042305,54.22898614787924,54.56345780372912,52235
2013-11-14,54.968650817871094,55.01367525998871,54.73066167679449,54.93005984099776,154211
2013-11-15,55.07155227661133,55.071552276611335,54.878587627954126,55.05225188590972,82706
2013-11-18,55.21308135986328,55.32885922471023,54.99439256365088,55.03941701624151,130152
2013-11-19,54.96225357055664,55.0844649542495,54.83361362467949,55.0844649542495,176833
2013-11-20,54.75640106201172,55.03298123265241,54.58273672570108,54.84002140422916,70273
2013-11-21,54.74352264404297,54.910758371103945,54.460509091677565,54.60844933240374,225603
2013-11-22,54.61490249633789,55.14233391134602,54.55701110915667,54.9236402036465,162767
2013-11-25,54.96225357055664,55.065169453097866,54.72426917995397,54.78215568340888,143616
2013-11-26,54.60846710205078,54.82715589473424,54.57630467616335,54.80142693548374,51998
2013-11-27,54.63420486450195,54.68565788399637,54.41551112928321,54.59560896575865,48514
2013-11-28,54.65993118286133,54.67279321028803,54.4798284478032,54.550581866894454,93650
2013-11-29,54.672786712646484,54.73067319013371,54.56344231697252,54.56987087627298,33884
2013-12-02,54.69852828979492,54.80787271069286,54.45411048297042,54.62777486279077,528745
2013-12-03,53.54718017578125,54.60204315242601,53.54718017578125,54.60204315242601,347566
2013-12-04,53.154815673828125,53.67581363173342,53.09692919285975,53.579336163452794,411954
2013-12-05,53.064754486083984,53.42495003710924,53.000434553014664,53.000434553014664,373406
2013-12-06,53.405643463134766,53.4185103914558,52.974694602991356,53.212683703977206,175807
2013-12-09,53.367069244384766,53.48284709913945,53.129080068695465,53.48284709913945,161518
2013-12-10,52.78175354003906,53.219136059936304,52.7238670585941,53.10979165678637,255654
2013-12-11,52.588775634765625,52.993995587613874,52.44083538749325,52.44083538749325,288272
2013-12-12,51.881248474121094,52.48586169247226,51.881248474121094,52.44727071672321,222372
2013-12-13,51.84910583496094,52.02277019937525,51.675436563248745,51.88126826521812,421006
2013-12-16,52.01634216308594,52.247897922835904,51.26378349024959,51.63684609287986,209483
2013-12-17,51.88765335083008,52.17066679661438,51.88765335083008,51.95840671227615,463951
2013-12-18,52.19002151489258,52.29293739646474,52.05494810080363,52.087110540619754,164936
2013-12-19,53.03260803222656,53.064770462092405,52.6338213827578,52.717436830192064,445425
2013-12-20,53.437828063964844,53.54073899678498,53.27702574425429,53.54073899678498,170796
2013-12-23,53.65008544921875,53.669380941389804,53.309180427440836,53.560031640258686,171366
2013-12-27,54.49911880493164,54.50554736381123,54.0102784287553,54.0102784287553,119483
2013-12-30,54.228981018066406,54.38335480183956,54.07461214159135,54.38335480183956,190302
2014-01-03,54.69852828979492,54.73711928368871,54.02315645286378,54.042451949810676,351329
2014-01-06,54.66636276245117,54.775712084458014,54.4605359611707,54.692091726023484,134981
2014-01-07,55.11659240722656,55.18734580473567,54.7242344418747,54.85930777149311,85810
2014-01-08,55.16162872314453,55.251677628938474,54.98153091155664,55.251677628938474,108497
2014-01-09,54.814292907714844,55.29669984378514,54.814292907714844,55.20021747511166,172489
2014-01-10,55.373897552490234,55.54113337857329,55.251691097578224,55.335306556970494,195537
2014-01-13,55.68263626098633,55.701931757367866,55.348169540010566,55.5218339147426,262855
2014-01-14,55.48321533203125,55.48321533203125,55.07156192293264,55.12301491859817,211815
2014-01-15,55.71480941772461,55.77269591801183,55.457524632750136,55.611893540815174,297285
2014-01-16,55.92061996459961,55.98493991527058,55.66976872187444,55.81127065043151,288254
2014-01-17,56.042823791503906,56.10071517952297,55.9592083502513,56.036395231844246,251196
2014-01-20,56.042823791503906,56.21005958130656,55.98493731078228,55.98493731078228,207744
2014-01-21,55.9592170715332,56.4802151084155,55.9592170715332,56.08142842627773,116115
2014-01-22,55.90776824951172,56.184348529256546,55.73410384469474,56.1135950920684,101692
2014-01-23,55.5797119140625,56.21005421131109,55.41247614023661,55.82412965481034,187227
2014-01-24,54.1839485168457,55.38031817340211,54.183948516845696,55.36745614697884,197742
2014-01-27,53.701541900634766,54.05530897076505,53.56003507258265,54.036013477357464,738664
2014-01-28,54.074588775634766,54.31257790897493,53.70795978536781,53.70795978536781,352272
2014-01-29,53.72727584838867,54.68565639921057,53.405671175615076,54.68565639921057,302079
2014-01-30,54.164649963378906,54.23540337295291,53.32204742228477,53.354204940174796,238712
2014-01-31,54.09389877319336,54.10676570671496,53.45068950143768,54.081036746969055,163082
2014-02-03,53.50859451293945,54.44124623155358,53.50859451293945,54.177532914777274,183087
2014-02-04,53.521453857421875,53.65652724323329,53.30276501581244,53.34135600967333,274789
2014-02-05,53.63724899291992,53.791617925297835,53.42498864383786,53.44428414697261,379993
2014-02-06,54.319026947021484,54.44123829228739,53.64366008257321,53.76586652054128,222712
2014-02-07,55.013702392578125,55.013702392578125,54.42195088795487,54.47983738181432,225821
2014-02-10,55.02012634277344,55.25168209275033,54.923643962400114,55.200224168911525,365941
2014-02-11,55.251678466796875,55.26454049326363,54.98153174531843,55.251678466796875,79675
2014-02-12,55.496097564697266,55.785544693793426,55.45750657707012,55.5282599925849,249719
2014-02-13,55.48966598510742,55.48966598510742,55.09087934660236,55.30956816032479,99524
2014-02-14,55.66975784301758,55.676186401720045,55.2966953318122,55.470359655416516,81774
2014-02-17,55.611873626708984,55.86915831955214,55.59257813352278,55.72765149312354,104125
2014-02-18,55.57328414916992,55.68906201872788,55.367457370766594,55.65689959101276,93262
2014-02-19,55.50252914428711,55.63116903686802,55.34172682491229,55.444637757517555,146666
2014-02-20,55.4124870300293,55.42534905794498,55.12303987529817,55.16806433394995,573853
2014-02-21,55.77268600463867,55.77911947262677,55.48324374005155,55.669775053320365,336720
2014-02-24,56.01706314086914,56.0234966041867,55.56038539121628,55.6568677118009,211931
2014-02-25,56.28081512451172,56.28081512451172,55.89489051654602,55.978505960961,330296
2014-02-26,56.33229446411133,56.33229446411133,55.894911766851955,56.10717209948507,176984
2014-02-27,56.34519577026367,56.46153153991651,56.09960022586073,56.4550670718957,88511
2014-02-28,56.32577896118164,56.64246870166246,56.209443250054136,56.4873560638064,133379
2014-03-03,55.052555084228516,55.79581080298376,55.02023768869653,55.666546151798094,203121
2014-03-04,56.241783142089844,56.241783142089844,55.569626406577356,55.569626406577356,454106
2014-03-05,56.267662048339844,56.39046234079576,56.034990405237345,56.1513262267886,229546
2014-03-06,56.75505828857422,56.86553871666475,56.58608501378303,56.605580976589415,105129
2014-03-07,56.0856819152832,56.78106616106787,56.02718905663009,56.78106616106787,424275
2014-03-10,55.89070129394531,56.20914692462688,55.70873236212728,55.942693833973756,90439
2014-03-11,56.00119400024414,56.261151799096815,55.85821696296103,56.098678794599216,75894
2014-03-12,55.630741119384766,55.845206618912506,55.364288040383485,55.819210350035085,78228
2014-03-13,54.98735809326172,55.63725004098183,54.915869582349934,55.5397652571674,278177
2014-03-14,54.369937896728516,54.74687128597492,54.10998024470079,54.564902417039455,487402
2014-03-17,54.629920959472656,54.7793983039246,54.14250195031738,54.25298736068733,348185
2014-03-18,55.169307708740234,55.448761346644105,54.499920030530575,54.65589265499682,181639
2014-03-19,55.097816467285156,55.253789083950764,55.0718202047942,55.214797169354384,210370
2014-03-20,55.07832717895508,55.11731909827266,54.74688098991357,54.915854237424234,126850
2014-03-21,55.585262298583984,55.68924739918049,55.00685881179284,55.00685881179284,767687
2014-03-24,54.95485305786133,55.52676105716858,54.720891596014056,55.41627567475975,205613
2014-03-25,55.539756774902344,55.63074123702506,54.80538077111714,54.80538077111714,177841
2014-03-26,55.82569122314453,56.15063703357229,55.611225798275115,55.611225798275115,289595
2014-03-27,55.682708740234375,55.92317040103773,55.565728061773164,55.69570438971714,217473
2014-03-28,56.0076904296875,56.08567925142663,55.741232340790496,55.741232340790496,140100
2014-03-31,56.46912384033203,56.79406988842154,56.378139343529625,56.378139343529625,653273
2014-04-01,56.57960891723633,56.911055301615725,56.56661325589837,56.696589702412375,117953
2014-04-02,56.989009857177734,57.040997429534954,56.63806771279319,56.800540652326,108412
2014-04-03,57.09300231933594,57.1579905175612,56.839544875460206,56.956525615578364,391655
2014-04-04,56.97602844238281,57.23598622487933,56.80055979020998,57.145001744747894,699644
2014-04-07,56.365135192871094,56.6575846087862,56.28064605979332,56.37813085119251,267275
2014-04-08,56.514583587646484,56.5730764209711,56.27412186536591,56.48209197649312,269261
2014-04-09,56.41059494018555,56.65105166773964,56.29361424954748,56.52107532626605,553836
2014-04-10,56.52756118774414,56.872002867094174,56.345587414584905,56.61204529228789,102019
2014-04-11,55.70870590209961,56.09213954655605,55.32526729936401,56.00765542784848,119642
2014-04-14,56.127685546875,56.3764468613162,55.57780157803513,55.669448906175106,540918
2014-04-15,55.990238189697266,56.7496077941564,55.94441450628383,56.74306012669536,273008
2014-04-16,56.31098175048828,56.599019072217175,56.14732508939776,56.599019072217175,299394
2014-04-17,56.690696716308594,56.690696716308594,56.14081243832679,56.330654866032205,199202
2014-04-22,57.273284912109375,57.443489241629095,57.044166580681896,57.05071424569555,182473
2014-04-23,57.12272644042969,57.50240612536419,57.11617877508788,57.29292578407418,130403
2014-04-24,56.854331970214844,57.33875436449433,56.599027938472574,57.16200734036726,320756
2014-04-25,56.61866760253906,56.841243300107976,56.55975359090385,56.697224612458534,96062
2014-04-28,56.77578353881836,57.017992254035455,56.72995986342004,56.85433555698346,295189
2014-04-29,57.207820892333984,57.22091622182271,56.82813624763845,56.82813624763845,200772
2014-04-30,57.39109802246094,57.463107329442465,57.19471308975041,57.19471308975041,115655
2014-05-02,57.16853332519531,57.580946221355354,57.103071674211726,57.33873261887187,511115
2014-05-05,57.07689666748047,57.24709599292216,56.63175036554687,57.24709599292216,87061
2014-05-06,56.94597244262695,57.27328577657948,56.84123477285281,57.22091943889496,65120
2014-05-07,57.15546798706055,57.286396352127895,56.78887855368486,56.81506422669833,187727
2014-05-08,57.436954498291016,57.47623550280501,57.20128844883175,57.273297796966865,66156
2014-05-09,57.731544494628906,57.731544494628906,57.260212355401144,57.260212355401144,44510
2014-05-12,57.98030471801758,58.05231407704803,57.64644359836794,57.84938133491145,78094
2014-05-13,58.026092529296875,58.20938715009387,57.88207390026958,58.170111158324175,66873
2014-05-14,58.52362060546875,58.52362060546875,58.18321196748995,58.189759632098514,236524
2014-05-15,58.66765594482422,58.96223600872296,58.556365592447975,58.556365592447975,295139
2014-05-16,58.91640853881836,59.01460355193088,58.64800916927116,58.94259420860875,108651
2014-05-19,58.831298828125,58.909850829698655,58.4581618374352,58.80511316279879,192505
2014-05-20,58.706912994384766,59.07350228784548,58.693822660077394,58.82474598076921,106923
2014-05-21,58.91640853881836,58.936046542559694,58.54327148451541,58.64146649762794,115507
2014-05-22,59.10621643066406,59.106216430664055,58.73962725618999,58.95565016577483,212225
2014-05-23,59.30264663696289,59.328832311480696,59.02770454613605,59.17827092601174,47826
2014-05-26,59.18484115600586,59.43359766714719,58.96226533495634,58.96226533495634,68037
2014-05-27,59.25682067871094,59.27646367964973,58.98842626542605,59.21754466564646,129365
2014-05-28,59.28956604003906,59.289566040039055,59.15209497203484,59.191370993062456,92850
2014-05-30,58.92948913574219,59.21097879645275,58.909851135246925,59.21097879645275,115511
2014-06-02,59.11280059814453,59.459751994589986,59.02115324792898,59.289547632301385,137558
2014-06-03,58.91640853881836,59.053879559413566,58.84439919549622,59.053879559413566,64973
2014-06-04,58.88365173339844,59.12586533661483,58.77891409038854,58.909837392751875,87802
2014-06-05,58.87058639526367,59.19135211832214,58.82476272054103,58.870586395263665,41841
2014-06-06,58.88365173339844,58.88365173339844,58.556338483086265,58.81819008221677,50736
2014-06-10,59.56448745727539,59.56448745727539,58.922956029737826,58.922956029737826,117209
2014-06-11,59.10621643066406,59.597186215507364,59.106216430664055,59.49899125965811,137253
2014-06-12,58.96876907348633,59.25025872914815,58.90330740820787,59.178249399020366,47141
2014-06-13,58.80510711669922,58.84438311344785,58.43197016437383,58.82474511507353,128451
2014-06-16,58.91640853881836,58.91640853881835,58.66110450136927,58.76584218612503,66896
2014-06-17,58.99496078491211,59.04078445474402,58.85094210989597,58.92295144740404,171118
2014-06-18,58.85093307495117,59.13242271624805,58.80510941215422,58.981856398826835,50335
2014-06-19,58.864017486572266,59.14550709954515,58.857474817120085,59.138959435688804,53009
2014-06-20,59.26990509033203,59.315728761931666,59.06697240102017,59.17171008135978,134789
2014-06-23,58.7789192199707,59.119322832464384,58.74618589432134,59.073499173197845,232606
2014-06-24,58.955692291259766,59.02115897153897,58.74621189982316,58.981877964490145,249257
2014-06-25,58.359989166259766,58.726578632252945,58.189784773731404,58.726578632252945,134604
2014-06-26,58.07194137573242,58.39270710127327,57.91483234609695,58.39270710127327,133883
2014-06-27,58.22903823852539,58.22903823852539,58.02610557621503,58.111205242318256,55503
2014-06-30,58.18321990966797,58.412343252600934,58.019563232947526,58.22904357937348,59191
2014-07-01,58.608760833740234,58.65458452890749,58.25526161627503,58.25526161627503,227782
2014-07-02,58.52362060546875,58.75273892272098,58.47124927740975,58.6218155969782,55317
2014-07-03,59.18484115600586,59.18484115600586,58.56949005626685,58.60221841608594,40460
2014-07-04,59.06700897216797,59.20448007208165,59.00808993254283,59.09318966265834,113494
2014-07-07,58.497432708740234,58.97530732442636,58.49743270874023,58.94257899144219,82810
2014-07-08,58.16357421875,58.58253485621826,58.16357421875,58.58253485621826,141778
2014-07-09,58.052284240722656,58.21594088269646,57.836256274660194,58.21594088269646,70377
2014-07-10,57.580970764160156,58.0850361798302,57.325666720422944,58.03921250516983,135749
2014-07-11,57.56129837036133,57.82314992386758,57.2863564866611,57.69876931221144,155541
2014-07-14,58.386165618896484,58.40580362370025,57.74462916033893,57.81009084115352,191694
2014-07-15,58.28139877319336,58.57598370634633,58.124289805487535,58.124289805487535,55438
2014-07-16,58.58252716064453,58.80510277941403,58.41887052705676,58.41887052705676,107601
2014-07-17,58.359989166259766,58.54983156669391,58.05231372398396,58.31416548301061,61599
2014-07-18,57.96064376831055,57.973734103677046,57.70533977622184,57.954096103424824,123879
2014-07-21,57.81003952026367,57.93442009947673,57.69875426223181,57.855863155594534,28830
2014-07-22,58.373085021972656,58.41236603590251,57.95412416570823,58.02613353110437,275823
2014-07-23,58.405792236328125,58.52362523658292,58.17667390094522,58.17667390094522,132132
2014-07-24,58.700382232666016,58.87058659409895,58.438530521478256,58.64146821971191,167092
2014-07-25,58.261783599853516,58.56291132025438,58.13086024121175,58.523635311543046,153904
2014-07-28,57.92136001586914,58.2944969539371,57.73151771483045,58.2944969539371,56208
2014-07-29,58.052284240722656,58.222488546808634,57.816618276728036,58.104655564811324,232501
2014-07-30,57.692222595214844,58.01953579386003,57.58093730633222,57.85587919453744,95113
2014-07-31,57.161983489990234,57.816609963762176,57.11615983660234,57.646405682148455,483905
2014-08-04,56.44191360473633,57.155454294387,56.330628266894436,56.89360761579553,454521
2014-08-05,56.716854095458984,57.01798176330148,56.49428342573392,56.513921426662,306558
2014-08-06,56.32408905029297,56.47465041362693,55.859304633348046,56.441922071096336,276066
2014-08-07,56.396114349365234,56.703789823742945,56.31755731513878,56.402662017485966,137577
2014-08-08,56.19316101074219,56.26517035688001,55.61709123604557,56.12769933090944,373083
2014-08-11,56.61866760253906,56.7823242940669,56.435372907132816,56.69067694636378,187558
2014-08-12,56.61213302612305,56.80197042036405,56.546666344625784,56.61213302612305,216345
2014-08-13,57.01140213012695,57.01140213012696,56.710274631135995,56.76919359528766,187104
2014-08-14,57.260223388671875,57.28640906749756,56.86744819510181,56.893633873927485,160408
2014-08-15,56.9852294921875,57.633308222640146,56.95249617478561,57.54166092719848,144278
2014-08-18,57.4434814453125,57.515490767474354,57.26018680504754,57.27982480301816,147811
2014-08-19,57.9541130065918,57.9541130065918,57.55479023697857,57.55479023697857,97464
2014-08-20,58.00645065307617,58.006450653076165,57.82969871312871,57.96717466393385,245527
2014-08-21,58.30760955810547,58.33379522974044,58.03266749754762,58.03266749754762,102449
2014-08-22,58.15047073364258,58.30757968856312,58.0457281007598,58.28794169349851,174358
2014-08-25,58.57598876953125,58.595626767891446,58.2748561466601,58.47124611907094,36636
2014-08-26,58.98186111450195,58.981861114501946,58.49089111910753,58.53017211493452,143263
2014-08-27,58.864017486572266,59.053859783172975,58.765822506343746,58.85092715326374,123834
2014-08-28,58.59563064575195,58.86402496511103,58.458159653728316,58.81165363641494,351924
2014-08-29,58.720008850097656,58.909851179034725,58.530171515565605,58.7592898455224,314143
2014-09-01,59.44013214111328,59.50559384062754,59.132456659548005,59.132456659548005,494038
2014-09-02,59.54484558105469,59.63649292188543,59.20444188574131,59.20444188574131,236207
2014-09-03,59.957244873046875,60.160182505007874,59.7346742375853,59.74122190168839,180854
2014-09-04,60.04888916015625,60.18636012151842,59.747756584520616,59.80012790153583,64315
2014-09-05,59.72162628173828,59.970382755723335,59.571059866952666,59.95074474388345,123463
2014-09-08,59.89175796508789,59.93103893874137,59.67573508480385,59.78702035561717,136608
2014-09-09,60.00304412841797,60.10778173072868,59.904849192600366,59.904849192600366,142306
2014-09-10,59.87211608886719,59.898301738135586,59.65608822820433,59.80010680197957,203985
2014-09-11,59.957244873046875,60.02271152526908,59.780497897498236,60.02271152526908,110031
2014-09-12,59.656105041503906,60.0554275651875,59.656105041503906,60.0554275651875,26482
2014-09-15,59.76741027832031,59.81323394031455,59.49901097635082,59.57102030154241,57191
2014-09-16,59.78706359863281,59.83943493844863,59.66923058125014,59.773968266475926,89013
2014-09-17,59.94416427612305,59.99653560864588,59.82633127514927,59.87215494250545,67745
2014-09-18,60.01615524291992,60.01615524291992,59.747755991682865,59.87213661975893,26777
2014-09-19,60.022727966308594,60.39586501192244,60.00308996302455,60.39586501192244,125497
2014-09-22,59.950706481933594,60.06853947217703,59.839421156260556,59.878697154873464,39436
2014-09-23,59.59722900390625,59.839442736313664,59.374653277887404,59.839442736313664,327974
2014-09-24,59.81978225708008,59.81978225708008,59.52520225851052,59.61684959115016,133776
2014-09-25,59.59722900390625,60.1143848145665,59.45975796477984,59.91144709493621,131944
2014-09-26,59.69542694091797,59.83944565399822,59.3746561729095,59.54486056058678,130359
2014-09-29,59.675785064697266,59.826346440860576,59.47284734832879,59.826346440860576,122769
2014-09-30,60.179813385009766,60.179813385009766,59.675753185586366,59.7084815134221,94735
2014-10-01,59.754356384277344,60.120945934431084,59.67580433462042,59.976932178590715,47841
2014-10-02,58.80510711669922,59.564471355464725,58.80510711669922,59.564471355464725,55155
2014-10-03,59.014591217041016,59.15860987358334,58.67418257532194,59.02768155199723,311413
2014-10-06,59.32880783081055,59.4859218130879,59.23061783489305,59.361541159052834,225795
2014-10-07,58.22248840332031,59.106233268919986,58.15047908147695,59.106233268919986,145877
2014-10-08,57.71188735961914,58.01301501667281,57.56132103388984,57.94754835671793,359218
2014-10-09,57.70534896850586,58.43852773154143,57.65952529581614,58.346880386161985,194994
2014-10-10,56.972164154052734,57.4107628694321,56.65794611698315,57.4107628694321,732886
2014-10-13,56.664493560791016,57.017992628071,56.23899014118936,56.25862814585946,172823
2014-10-14,56.72992706298828,56.72992706298828,55.931282044034674,56.43534218197582,437168
2014-10-15,55.49923324584961,56.60555361659919,54.91006840360416,56.513906307183646,204898
2014-10-16,54.66133117675781,55.71528059660462,53.53537241808378,55.38796723626476,893057
2014-10-17,56.21280288696289,56.25207889519691,54.70715930885061,54.99519668764919,334143
2014-10-20,56.29134750366211,56.35680917358219,55.61053514880168,56.07532449236638,261952
2014-10-21,57.08344650268555,57.10308949907568,55.97058310537017,56.21933945451921,188765
2014-10-22,57.803550720214844,57.80355072021484,57.13582856098148,57.26020925610278,338227
2014-10-23,58.052284240722656,58.07846990276699,57.345286348738796,57.646413970642065,475704
2014-10-24,57.908287048339844,58.00648206878055,57.74463034574074,57.94102038662215,417715
2014-10-27,57.90174102783203,58.39271114958665,57.75772732075202,58.373073143821486,206994
2014-10-28,58.6741828918457,58.778925549679634,58.353417242437736,58.353417242437736,225424
2014-10-29,58.77239227294922,58.96878230726339,58.765844606630466,58.85749695187484,369436
2014-10-30,59.23064041137695,59.309192438052015,58.471270857474124,59.10625970993266,214682
2014-10-31,59.983436584472656,60.094726907831586,59.62339493296156,59.90488458493089,630769
2014-11-03,59.44662094116211,60.07506167690474,59.354973646016504,60.042333354011596,291488
2014-11-04,59.15858840942383,59.80011947201606,59.15858840942383,59.44007795569678,239759
2014-11-05,60.15365219116211,60.15365219116211,59.52521110492017,59.54484910848932,229913
2014-11-06,60.19293212890625,60.323860485259914,59.81325238149592,59.98999941956572,107277
2014-11-07,59.80670928955078,60.356593445077145,59.741247603569995,60.31076976544995,45497
2014-11-10,60.212562561035156,60.22565289673535,59.931072896632905,59.931072896632905,144310
2014-11-11,60.50060272216797,60.533336057260286,60.2387510246466,60.32385569812433,178253
2014-11-12,60.19293212890625,60.402412504665996,60.07509910539101,60.402412504665996,259663
2014-11-13,60.80171585083008,60.82135884382006,60.35002690015087,60.47440255599364,539197
2014-11-14,60.52676773071289,60.94572830597375,60.44166808068941,60.880266652539994,426253
2014-11-17,60.66428756713867,60.697020917424716,60.17986494823518,60.17986494823518,209469
2014-11-18,60.99159240722656,61.07669710808822,60.749383629469115,60.78865964869306,352705
2014-11-19,61.00465774536133,61.15521907462235,60.84100108652682,60.92610075113501,205042
2014-11-20,61.02428436279297,61.06356035537776,60.78861841847636,61.00464636650058,48793
2014-11-21,61.7443733215332,61.75746365442829,61.207579773562614,61.207579773562614,202309
2014-11-24,61.59379959106445,61.80328484733782,61.51524761436535,61.67890422502636,83612
2014-11-25,61.44329071044922,61.757508874045776,61.44329071044922,61.476024058260705,108752
2014-11-26,61.51526641845703,61.73129440922219,61.502171088735246,61.60036608402894,642711
2014-11-27,61.98005294799805,61.999690948876825,61.60036828299135,61.6134636131806,139814
2014-11-28,62.2222785949707,62.2222785949707,61.73785117278125,62.03243622590825,191977
2014-12-01,62.05862045288086,62.28773882593312,61.88186842623629,61.921144434643544,155891
2014-12-02,62.130615234375,62.471018881060594,62.07824390583728,62.2549908966461,130145
2014-12-03,62.24193572998047,62.58233956900284,62.1699263611552,62.1699263611552,109753
2014-12-04,61.96042251586914,62.621596927849055,61.842589501797534,62.379383233811375,159505
2014-12-05,62.60195541381836,62.60195541381837,62.16335668220379,62.209180355739555,339464
2014-12-08,62.48411178588867,62.595402112209754,62.37282645397258,62.536483116580364,163616
2014-12-09,61.46946716308594,62.20264609769755,61.345086453361354,62.071722714918884,240480
2014-12-10,61.32539749145508,61.71162464582931,61.220654876734955,61.61997735515058,235046
2014-12-11,61.613468170166016,61.613468170166016,60.97847945796068,61.1028551375269,133551
2014-12-12,60.3238525390625,61.31234027309748,60.3238525390625,61.16177393172575,263817
2014-12-15,59.15858840942383,60.49402683864413,59.13240275460739,60.29763692472236,191357
2014-12-16,59.85252380371094,59.872161807057275,58.301056612075904,59.2044447212532,968533
2014-12-17,59.715049743652344,59.715049743652344,59.28299371442145,59.381188720556246,134281
2014-12-18,61.35161590576172,61.351615905761726,60.4024041820095,60.47441351948054,862210
2014-12-19,61.03740310668945,61.5872922308539,60.67081368685067,61.41708785975463,209495
2014-12-22,61.44981002807617,61.58728103552625,61.220686687920676,61.25342002063014,165117
2014-12-23,61.40401077270508,61.79678594935629,61.240354032899795,61.51529615711491,182821
2014-12-29,61.33198165893555,61.47600034269581,61.201053312605424,61.39744333489774,123206
2014-12-30,60.998111724853516,61.423620048174314,60.98502138933203,61.27305372044972,111969
2015-01-05,60.76244354248047,61.61346015848129,60.76244354248047,61.03084285785474,499605
2015-01-06,60.22565460205078,61.063575953931,60.22565460205078,60.69043894584668,192872
2015-01-07,60.441673278808594,60.716615243518405,60.2256453089347,60.304202296453695,308350
2015-01-08,62.21575927734375,62.21575927734375,61.01779050313054,61.09634755197362,422115
2015-01-09,61.79673385620117,62.33352731048228,61.652715247471555,61.894928816189825,457123
2015-01-12,62.15023422241211,62.49063776496933,61.87528732889689,62.10441057256012,163578
2015-01-13,62.916168212890625,63.09946287718958,61.914590229824924,61.914590229824924,212200
2015-01-14,62.42523193359375,63.02093991426995,62.346674894582584,62.51687931523624,911828
2015-01-15,57.273284912109375,62.955444503536185,54.24236528344286,62.90307317223703,3774058
2015-01-16,53.75141906738281,56.219360462313716,53.41101025776025,56.219360462313716,1753544
2015-01-19,55.401065826416016,55.983683295062946,54.32093557190837,54.543506292781906,824846
2015-01-20,55.56471633911133,56.16697674049267,55.44688332518951,55.911672709396356,556883
2015-01-21,54.39946746826172,55.69563028631642,53.771026554612426,55.69563028631642,578225
2015-01-22,54.45185470581055,54.451854705810554,53.39790521086598,54.3863930279593,462213
2015-01-23,55.44687271118164,55.453420375814375,54.334009455045035,54.602408766534836,456357
2015-01-26,56.43537139892578,56.448466730765325,55.31596025811974,55.48616461119371,389861
2015-01-27,57.08998489379883,57.33219853254193,56.36334897197412,56.664476607100774,987447
2015-01-28,56.68412399291992,57.3322080268908,56.42881997750306,57.220922685689686,346729
2015-01-29,57.260223388671875,57.273313730880936,56.402663633363005,56.42884431778113,601951
2015-01-30,57.08344650268555,57.71843520368759,57.00489449474658,57.71843520368759,328529
2015-02-02,57.306026458740234,57.55478282646785,57.0310844216088,57.55478282646785,318031
2015-02-03,57.292930603027344,57.84936733256107,57.24710693059106,57.40422094557752,229187
2015-02-04,58.45817565917969,58.50399933573378,57.60715881528237,57.79045352149873,592414
2015-02-05,57.941001892089844,58.261767528363265,57.78388791177237,58.0391968811871,183860
2015-02-06,58.359989166259766,58.51055055647544,57.69881459845901,57.973756697953895,242542
2015-02-09,58.59563064575195,58.674182644391294,57.934456355577,58.06537968291243,202763
2015-02-10,58.59563064575195,58.59563064575196,58.15702701092819,58.54980698174408,179345
2015-02-11,58.19635009765625,58.7069584357505,57.98686962576096,58.589125358158874,117311
2015-02-12,58.43852615356445,58.51053549361899,58.12430811914976,58.30105513920732,339992
2015-02-13,58.680747985839844,58.85095235817144,58.47781526901782,58.64801464694312,164408
2015-02-16,59.15858840942383,59.28951168910302,58.634885301901086,58.66761861902238,263312
2015-02-17,59.36810302734375,59.407379035107496,58.824761612717865,59.269908013528514,116131
2015-02-18,59.76741027832031,59.898333599902536,59.5055586407513,59.57756796594289,338600
2015-02-19,60.42857360839844,60.546406584008096,59.66920942789497,59.839413724754266,306039
2015-02-20,60.19293212890625,60.58571220356112,59.98999941956572,60.50060752332971,146441
2015-02-23,60.945735931396484,61.0177452575045,60.53987063268364,60.61842262887083,176903
2015-02-24,61.01118469238281,61.05700834527094,60.71005711706031,61.05700834527094,187124
2015-02-25,60.96539306640625,61.017764409905915,60.62498932247087,60.87374571248495,148591
2015-02-26,61.50871658325195,61.50871658325195,60.84754229896925,61.07011794674169,200808
2015-02-27,61.220645904541016,61.639611307617244,61.09627031079219,61.41048812009683,236698
2015-03-02,61.50871658325195,61.50871658325195,61.115941610341196,61.207588937540216,361664
2015-03-03,61.20609664916992,61.90999286683498,61.127153187936145,61.72579647626472,245920
2015-03-04,61.55476760864258,61.607396593732865,61.02848779569222,61.245578594957465,416476
2015-03-05,62.07042694091797,62.176204933076896,61.75310305198576,61.805987004292945,205015
2015-03-06,62.361289978027344,62.5992853349511,62.07701802635566,62.11668223791944,585101
2015-03-09,62.1100959777832,62.29520747840196,61.825823906548784,62.29520747840196,473870
2015-03-10,62.04398727416992,62.453869460044366,61.84566108908693,62.229093731089776,319796
2015-03-11,62.5596809387207,62.639014487868316,62.03741308866111,62.03741308866111,630038
2015-03-12,62.652198791503906,62.751364410911805,62.3811514784801,62.46709232528806,73484
2015-03-13,62.9497184753418,62.9497184753418,62.6456141643226,62.76461194200618,145802
2015-03-16,63.38601303100586,63.68350986912844,62.923246896734184,62.96952351016135,219753
2015-03-17,63.16120147705078,63.59752282933142,63.06203592851494,63.564471008999014,309107
2015-03-18,63.590946197509766,63.74299574075104,63.148007206004884,63.35955812460666,174132
2015-03-19,64.02726745605469,64.14626516243814,63.66366699594039,63.723163327246255,87431
2015-03-20,64.43717193603516,64.52311279234785,64.13967504490942,64.1462874319407,277833
2015-03-23,64.32477569580078,64.45699315142286,64.1859408104932,64.41071653757787,307756
2015-03-24,63.95453643798828,64.53630515399233,63.736378213257716,64.19253181384977,283487
2015-03-25,63.16120147705078,63.98096026032635,63.022371726608334,63.696688377867254,224608
2015-03-26,62.295230865478516,62.80427381291183,61.83245950585548,62.71172054974214,413355
2015-03-27,62.47370529174805,62.910032003685565,62.387764444142,62.52659429509313,245311
2015-03-30,63.27361297607422,63.30005746956473,62.7447382375783,62.79101484024383,90992
2015-03-31,62.76457977294922,63.53145002425945,62.67863389525457,63.28684724933695,465942
2015-04-01,62.77781295776367,63.134806184373126,62.34149126553428,62.34149126553428,199137
2015-04-02,62.71826934814453,62.86370644011358,62.64554828027529,62.757933551066145,61300
2015-04-07,63.822349548339844,63.94134729317919,63.101750692431175,63.23397321101565,114185
2015-04-08,63.643882751464844,63.99426882094135,63.643882751464844,63.77610533724162,69219
2015-04-09,64.62889862060547,64.78756062211717,63.95457628757607,63.9611886754065,134160
2015-04-10,65.32305908203125,65.32967147098047,64.82062848493885,64.88673724310627,136006
2015-04-13,65.05860137939453,65.25692758478914,64.88010224638889,65.1842064630125,311738
2015-04-14,64.83379364013672,65.03212479145316,64.68173908495802,64.93957159917767,50398
2015-04-15,65.0057144165039,65.28337413904538,65.0057144165039,65.07843554056572,119069
2015-04-16,64.82060241699219,65.13792634609233,64.75448864163782,64.97265199525224,197880
2015-04-17,63.716548919677734,64.9528025498707,63.71654891967773,64.88669383592793,254131
2015-04-20,64.04942321777344,64.28910962299723,63.876320320362844,63.876320320362844,230800
2015-04-21,64.53550720214844,64.86840469002095,64.50887479356514,64.50887479356514,61818
2015-04-22,64.82176208496094,64.88168116021455,64.32907550764031,64.72855124816,91668
2015-04-23,64.84841918945312,65.40768442337269,64.64201933250622,65.16134358064642,155257
2015-04-24,64.49552154541016,65.22789455331841,64.42893802501078,64.9149702940353,51313
2015-04-27,64.86840057373047,64.91500601589073,64.13602716280697,64.84176816683716,97159
2015-04-28,64.20925903320312,64.66865404040405,63.87636159745174,64.66865404040405,194794
2015-04-29,63.39034652709961,64.60209332306128,63.08408141159426,64.57546091132866,318026
2015-04-30,63.02412414550781,63.2504918887917,62.77777829580762,62.99749174989616,301931
2015-05-04,63.38364791870117,63.66328552898659,63.203885600298406,63.376993629596996,214662
2015-05-05,62.824398040771484,64.14266890661858,62.824398040771484,63.39032260760933,67243
2015-05-06,61.83237075805664,62.67792799907287,61.705868108605614,62.57140346238649,526063
2015-05-07,61.89226531982422,61.9588437638091,60.80036258372119,61.6326058325564,386409
2015-05-08,63.35038757324219,63.496863268193586,62.31840341671163,62.73785746672919,281348
2015-05-11,63.61666488647461,63.74982175123942,63.25047588895818,63.56340010872516,59470
2015-05-12,63.21055221557617,63.37034152576493,62.74449286474399,63.37034152576493,308089
2015-05-13,63.08406066894531,63.46356352202786,63.08406066894531,63.38366631310099,104730
2015-05-15,63.68327713012695,64.20259628988342,63.58340688872499,63.91630430699056,66707
2015-05-18,64.09610748291016,64.2492426278308,63.676658297524476,63.73658251235941,91772
2015-05-19,64.86840057373047,64.92166538751711,64.30247589618105,64.30247589618105,96810
2015-05-20,65.11474609375,65.11474609375,64.74855685092304,64.82845407107042,100259
2015-05-21,65.40103912353516,65.42101215897651,64.84842810480019,64.9349796182502,226213
2015-05-22,65.3011703491211,65.50756515951691,65.1014298309486,65.20795946187057,294370
2015-05-26,64.5887680053711,65.3477738241821,64.5887680053711,65.32780078888901,173523
2015-05-27,65.64738464355469,65.68733579687554,64.86840572856853,64.86840572856853,291646
2015-05-28,65.53421783447266,65.80053691452747,65.46763933436243,65.46763933436243,129652
2015-05-29,64.5887680053711,65.647379512803,64.5887680053711,65.647379512803,105437
2015-06-01,64.80182647705078,65.05482674022237,64.74856165966332,64.98158888621775,235581
2015-06-02,64.24920654296875,64.781844483978,64.2225741379571,64.68197423508728,113483
2015-06-03,64.64867401123047,64.90167928597482,64.29580358025672,64.38235507552592,93617
2015-06-04,64.4289321899414,64.78180754542753,63.70321861571994,64.3623537551812,104917
2015-06-05,63.556758880615234,64.06276425443059,63.38365084332915,64.06276425443059,141704
2015-06-08,63.35038757324219,63.51683630303021,63.21722554164451,63.50351756006438,32354
2015-06-09,62.71787643432617,63.0640926207603,62.47153557665269,63.024146552945545,226152
2015-06-10,63.71657180786133,63.743204214212994,62.584722475782456,62.677933358207206,198901
2015-06-11,63.82976531982422,64.1360303951141,63.59007872531692,63.59007872531692,177511
2015-06-12,63.02412414550781,63.77647027299907,62.91759456306122,63.72986485058121,129699
2015-06-15,62.47154998779297,62.844393585704445,62.29178248193347,62.6246800028153,138526
2015-06-16,62.63796615600586,62.82438785796134,62.05206357316243,62.072041680895154,471208
2015-06-17,62.338382720947266,62.624674768159664,62.03211763688955,62.624674768159664,74589
2015-06-18,61.97218322753906,61.97218322753906,60.98014528581229,61.92557779320106,156435
2015-06-19,61.918880462646484,62.61796662874547,61.918880462646484,62.238464016191,183202
2015-06-22,63.00418472290039,63.08408195879127,62.45823297667902,62.558103251639324,294917
2015-06-23,63.81644821166992,63.99621570196451,63.27049652787868,63.37702616355141,172977
2015-06-24,63.416934967041016,63.98285935502444,63.23717266200519,63.783124024941266,143465
2015-06-25,63.157283782958984,63.629997396443684,62.917597291669516,62.977516374686736,155173
2015-06-26,62.91761779785156,63.11735829889587,62.35835252230662,62.81774754732941,420353
2015-06-29,61.88563537597656,62.371667899415876,60.90692111687441,60.973499592515005,396378
2015-06-30,61.446205139160156,62.072053901463526,61.19985922472743,61.725837747146656,106421
2015-07-01,62.23849105834961,62.50480487580511,61.37295591278787,61.506112821515615,677950
2015-07-02,62.60468673706055,62.81774087840375,62.23850263017049,62.64463280118383,86151
2015-07-03,62.198543548583984,62.498154230106174,61.898937946672554,62.498154230106174,105087
2015-07-06,61.81906509399414,62.05875170175864,61.406275442542984,61.439562144969145,196737
2015-07-07,61.186588287353516,62.005513651081,61.18658828735352,61.898989045871105,93947
2015-07-08,61.7857780456543,61.91893501383897,61.40627509875399,61.40627509875399,161295
2015-07-09,62.664608001708984,62.8643433926579,61.77244033404804,61.91225663159564,124374
2015-07-10,63.72985076904297,63.78311554849705,63.10400230947985,63.64329423252784,387901
2015-07-13,64.57543182373047,64.67530205283856,63.91629643899438,63.97621552869272,268929
2015-07-14,64.94829559326172,64.96826862785176,64.39568459808126,64.6420254641744,307340
2015-07-15,65.24790954589844,65.24790954589844,64.78850937361962,64.90835267597006,216274
2015-07-16,65.98692321777344,65.98692321777344,65.02152278693468,65.02152278693468,350256
2015-07-17,65.7804946899414,65.9802299802069,65.72722991402716,65.8004677110071,77926
2015-07-20,66.07347106933594,66.46629262216108,65.68065459612174,65.68065459612174,140889
2015-07-21,65.34708404541016,66.10036124070366,65.34708404541016,66.09363408536967,174268
2015-07-22,64.83596801757812,65.27314102044315,64.76871181667255,65.23951035433076,113091
2015-07-23,65.51525115966797,65.63630921240775,65.17896510743188,65.36055731785947,110454
2015-07-24,65.06458282470703,65.73715450406898,65.06458282470703,65.36724315920873,87535
2015-07-27,64.1633529663086,65.0982273901499,64.0422898328672,65.05114756777357,277592
2015-07-28,64.73505401611328,64.73505401611328,64.16336885106556,64.39204086455783,249672
2015-07-29,65.54886627197266,65.54886627197266,64.98390825700677,65.0847899515956,178804
2015-07-30,65.57576751708984,65.91205350435696,65.28656136278744,65.7102798594699,110621
2015-07-31,65.84483337402344,65.84483337402344,65.40766032502155,65.7506736565547,282223
2015-08-03,65.99278259277344,66.28198882860673,65.9322484297152,65.9322484297152,336411
2015-08-04,66.09366607666016,66.27526343936408,65.91207384527475,66.03313704330452,195451
2015-08-05,66.53752899169922,66.58460881287994,66.15416326742314,66.37611319498183,324047
2015-08-06,66.03985595703125,66.42994387414284,66.01295245734806,66.32233500672795,239236
2015-08-07,65.66996765136719,65.96590114454922,65.64979130070843,65.89191777125372,37849
2015-08-10,66.39630126953125,66.4164776062744,65.43452321134723,65.77753632993054,102430
2015-08-11,65.743896484375,66.27522884665625,65.743896484375,66.18779635589446,220741
2015-08-12,64.05574798583984,65.34708996723855,63.82707599692209,65.34708996723855,214787
2015-08-13,65.34708404541016,65.49504554354563,64.97044031644735,65.04442363117312,138982
2015-08-14,65.22602081298828,65.50849976082063,65.07805418374771,65.15203749836799,42422
2015-08-17,65.5354232788086,65.74391897573814,65.12515391101213,65.62958295686178,68965
2015-08-18,65.66996765136719,65.66996765136719,65.34040861752726,65.47492104279904,27320
2015-08-19,64.54004669189453,65.25297179170317,64.53331953114534,65.16553922724444,150617
2015-08-20,63.450435638427734,64.43239520622448,63.389906625636904,64.23062156762147,211382
2015-08-21,61.44619369506836,63.0469136080527,61.44619369506836,62.48195544981767,439018
2015-08-24,58.843299865722656,60.20189764874629,56.98027841098675,59.663838206324336,1475771
2015-08-25,61.29822540283203,61.49327194228858,59.435202803217464,60.18175830098214,635456
2015-08-26,59.751312255859375,60.914864428809395,59.47556031997192,60.16830887042039,283655
2015-08-27,61.56724548339844,61.60759816399055,60.901400597041224,61.25786295911814,299378
2015-08-28,61.358734130859375,62.064931517560574,60.61217894254942,62.064931517560574,231970
2015-08-31,61.40583801269531,61.59415738959073,60.92158525421101,61.0359212857092,133318
2015-09-01,60.05396270751953,61.09644637127816,59.77820568678037,61.09644637127816,240496
2015-09-02,60.161556243896484,60.73324648144786,60.00014041972445,60.42385888241972,674184
2015-09-03,61.31167984008789,61.4730957198007,60.71981306227709,60.86777975672979,152923
2015-09-04,60.38351821899414,60.79378758265618,60.18174968147813,60.67945156493202,155507
2015-09-07,60.7668571472168,61.18385348333985,60.49782741847015,61.18385348333985,113375
2015-09-08,61.21078872680664,61.67485999006649,61.00901504273335,61.00901504273335,62940
2015-09-09,61.930458068847656,62.50887065224748,61.82284403876426,62.32055123092091,170710
2015-09-10,61.37889099121094,62.038008343001934,61.15021395903838,61.79588213543783,173167
2015-09-11,61.143516540527344,61.412541207127326,60.69961660426749,61.412541207127326,114005
2015-09-14,60.65251922607422,61.74208728330254,60.6256157409348,61.2645568362218,102594
2015-09-15,61.41254806518555,61.452905874735656,60.5920093990013,60.76687955687265,136361
2015-09-16,61.79588317871094,61.930400591470075,61.5201314623553,61.77570684962573,75946
2015-09-17,61.76227569580078,62.03802749261884,61.4999730785257,62.03802749261884,105259
2015-09-18,61.25109100341797,61.48649002023235,60.60542292959261,61.40578471807526,237908
2015-09-21,61.37221908569336,61.80939208352651,60.733277487465855,60.982125941084135,81863
2015-09-22,59.11233901977539,60.787041476298526,59.11233901977539,60.726512473307594,124339
2015-09-23,58.98456573486328,59.6436885904952,58.98456573486328,59.320851754175656,339580
2015-09-24,57.76721954345703,58.991300608622424,57.646156355415705,58.97785142387032,221653
2015-09-25,59.61681365966797,59.70424621930981,58.67521132814403,58.75592185872719,155680
2015-09-28,58.48686218261719,59.61005622333294,58.48686218261718,59.15270704495588,130982
2015-09-29,58.11695861816406,58.419614015814034,57.63942790343581,57.95553761685395,211238
2015-09-30,59.39481735229492,59.58986380100891,58.829859471591696,58.85003580571454,86767
2015-10-01,59.46881866455078,60.34989152801367,59.34775549185529,60.20192485790613,291827
2015-10-02,59.48225402832031,60.12792236655209,58.83658569008853,59.83871627565825,179556
2015-10-05,61.015724182128906,61.183867158763384,60.269168955366524,60.42385762033304,180332
2015-10-06,61.1636962890625,61.40582260756142,60.7870524984437,61.11661645664976,95934
2015-10-07,60.20191955566406,61.33856271613873,60.20191955566406,61.33856271613873,70435
2015-10-08,60.484439849853516,60.73329350040369,60.32974593057735,60.457536336443724,164561
2015-10-09,60.54494857788086,61.136815411529206,60.54494857788085,61.04937773947545,99661
2015-10-12,60.7467155456543,60.766891888865345,60.356622472513415,60.73326636061968,61905
2015-10-13,60.47767639160156,60.67945005541562,60.027054357909904,60.67945005541562,69250
2015-10-14,59.88581848144531,60.322991358705,59.744578960727765,60.067410684848525,107587
2015-10-15,60.36330795288086,60.46419473059708,59.986669456142636,60.13463604595113,101331
2015-10-16,60.88120651245117,61.04262746401241,60.37677758428421,60.55164771615069,57927
2015-10-19,60.79378128051758,61.33856294604927,60.672718118030865,60.672718118030865,110620
2015-10-20,60.43730545043945,60.874478169068055,60.32296947010584,60.82067119079957,37259
2015-10-21,60.08757400512695,60.61218442294539,59.966515983303424,60.61218442294539,94641
2015-10-22,61.40583801269531,61.4260143557458,60.1346770873331,60.1346770873331,100755
2015-10-23,62.212894439697266,62.38776455272863,61.580675275802506,61.74209620997725,221169
2015-10-26,62.17256546020508,62.468493689645456,62.06495146308654,62.19946895948472,63363
2015-10-27,61.78248596191406,62.05823791017598,61.479830508474585,61.809389467091634,74963
2015-10-28,62.347408294677734,62.38776609487694,61.715194246471285,61.789177560301184,228087
2015-10-29,62.43486022949219,62.549196238411874,62.152381219931605,62.549196238411874,110196
2015-10-30,62.28015899658203,62.690428279808046,62.22635201126663,62.56936512850666,30088
2015-11-02,62.347408294677734,62.49537492233753,61.98422401209674,61.98422401209674,27892
2015-11-03,62.347408294677734,62.347408294677734,62.04475301542158,62.33395911548865,91150
2015-11-04,62.529029846191406,63.05363527063219,62.414693819083645,62.582836846472,61761
2015-11-05,62.79132843017578,63.04690396772871,62.43486605655908,62.6635380957405,64392
2015-11-06,62.5491943359375,62.9258330038959,62.22635752674673,62.60972335129496,35737
2015-11-09,61.86989974975586,62.643358612354845,61.85645056690359,62.643358612354845,95132
2015-11-10,61.67484664916992,62.16582643750809,61.46635098369375,62.16582643750809,32795
2015-11-11,62.01786804199219,62.434864559777346,61.82282153196289,61.82282153196289,32257
2015-11-12,61.843017578125,62.26674138818677,61.103189114516965,62.078421975412276,25048
2015-11-13,61.10315704345703,61.452897310458795,60.69961492341507,61.452897310458795,93986
2015-11-16,60.81394958496094,61.14351350844117,60.65926092246856,60.67943725833136,36831
2015-11-17,62.4617805480957,62.46178054809571,61.35876257732256,61.35876257732256,166418
2015-11-18,62.596275329589844,62.764418328232914,62.14565332474251,62.14565332474251,156756
2015-11-19,62.78457260131836,63.35625756952176,62.78457260131836,63.02669884477408,59505
2015-11-20,62.872039794921875,63.1343424935252,62.75769864243199,63.1343424935252,39171
2015-11-23,62.33399200439453,62.47523155132316,62.14567260848968,62.46850439252122,46473
2015-11-24,61.358734130859375,62.08510785270687,61.12332987064281,62.08510785270687,176422
2015-11-25,62.407928466796875,62.63660038106237,61.459599909682716,61.59411732805786,63309
2015-11-26,62.57611846923828,62.68372735358108,62.313815720211785,62.313815720211785,133033
2015-11-27,62.878753662109375,62.999816825088,62.192732492775214,62.3070684991114,280512
2015-11-30,62.68370819091797,63.14778451178041,62.508843165903045,62.623179174101374,42107
2015-12-01,62.65682601928711,62.94602712724017,62.44832515662819,62.878770936290195,60645
2015-12-02,62.96616744995117,63.127583228998404,62.79129736271621,62.912360479830404,55353
2015-12-03,61.62102508544922,63.09395371677926,61.60757077702117,62.616428393887176,258518
2015-12-04,61.42597961425781,61.4865086091751,61.01571043321199,61.41925245993969,270814
2015-12-07,61.56052017211914,62.30034841595769,61.50671317550458,61.63450350963476,121058
2015-12-08,60.70636749267578,61.48654856718705,60.370081396642625,61.426019532934006,212013
2015-12-09,60.154808044433594,60.96861909847597,60.01356861832518,60.80047619149248,509736
2015-12-10,60.329689025878906,60.484382799243456,59.66384437382209,59.90597063480923,257049
2015-12-11,59.320858001708984,60.255732823350804,59.15271497434437,59.97998092675818,239991
2015-12-14,58.34561538696289,59.72438990684718,58.3456153869629,59.57642326007131,533537
2015-12-15,60.047237396240234,60.047237396240234,58.86350904120997,58.944219542002266,274752
2015-12-16,60.03377914428711,60.37678717538103,59.77819849604,59.93961947324361,149453
2015-12-17,60.34319305419922,61.38567713503101,60.28265887341859,61.06284527526732,273201
2015-12-18,60.05396270751953,60.43732859468819,59.9934285509572,60.09431539101586,267759
2015-12-21,59.704185485839844,60.56508154236284,59.704185485839844,60.1615344312711,201328
2015-12-22,59.48898696899414,59.97996675063683,59.38810528147289,59.946336100585235,90315
2015-12-23,60.72652053833008,60.867760028716056,60.094301278330924,60.12120477144968,54567
2015-12-28,60.94173812866211,61.378910874567794,60.63235568128847,61.0224486011007,72548
2015-12-29,62.00442123413086,62.02459757536933,61.25113866288249,61.25113866288249,352707
2015-12-30,61.68157958984375,62.17255942422449,61.68157958984375,62.17255942422449,147579
2016-01-04,60.3364372253418,60.719803083732245,59.959798524135024,60.71307592654857,457089
2016-01-05,60.67269515991211,60.88119075423379,59.99339627570539,60.7870311225198,46053
2016-01-06,59.96650695800781,60.69960779129209,59.710926378002334,60.69960779129209,143850
2016-01-07,58.87024688720703,59.07874263795942,58.07661144494185,58.51378442379722,170618
2016-01-08,57.61250305175781,59.07870465480318,57.5990487421742,58.86348188330596,430354
2016-01-11,57.37040328979492,58.009344744599545,57.23588578840795,57.53181916014129,165769
2016-01-12,58.083309173583984,58.527203955318384,57.16861098728216,57.25604348622412,296327
2016-01-13,58.68190383911133,59.14598013613544,58.48013019745297,58.73571082772914,378407
2016-01-14,57.91521453857422,58.170790224322445,57.00051558882605,58.16406819432003,340104
2016-01-15,56.502777099609375,57.84119398886186,56.18666742772924,57.525084316981726,427519
2016-01-18,56.428810119628906,57.26279823322643,56.31447407407901,56.52969697859833,123702
2016-01-19,57.175357818603516,57.72013959817079,57.16190350255701,57.26951750565667,261880
2016-01-20,55.5544548034668,56.29428309212698,55.352686250914715,56.13959438163551,340458
2016-01-21,56.031951904296875,56.650721825733925,55.62840987297032,55.82345629989648,322228
2016-01-22,57.64613342285156,57.9084360373732,56.98701587452603,57.09462470368862,189759
2016-01-25,57.47800827026367,57.80756714655523,57.12827305295882,57.80756714655523,78859
2016-01-26,57.942081451416016,58.02951396810311,56.64401722735259,56.68436990715935,129643
2016-01-27,57.86811065673828,57.98244669517729,57.33677802177534,57.686513295623634,133522
2016-01-28,56.832332611083984,57.908446758521585,56.54312645289916,57.64614409543732,441461
2016-01-29,58.016075134277344,58.02952431950622,57.3031451655077,57.484742519666476,541350
2016-02-01,57.821006774902344,58.392691860780616,57.51162431820724,58.392691860780616,75273
2016-02-02,57.06774139404297,57.726864306765684,56.81889300224064,57.726864306765684,82545
2016-02-03,56.60366439819336,57.47127779965354,56.1395880563707,57.30986194953506,108446
2016-02-04,55.87727737426758,57.05427825594567,55.36612126888444,57.05427825594567,179190
2016-02-05,55.473731994628906,56.28754336943336,55.473731994628906,55.836916301305,107618
2016-02-08,54.0949821472168,55.74278198152027,53.97391894619688,55.74278198152027,136363
2016-02-09,52.9314079284668,54.33035875033176,52.57494563270582,54.13531227822705,301503
2016-02-10,53.96718215942383,54.377451537946165,52.86416436083458,53.260984555562395,344206
2016-02-11,52.32609558105469,53.17353247578642,51.714052692432084,53.17353247578642,435303
2016-02-12,53.38203811645508,53.4022144541703,52.628755676747076,52.7498188343552,229855
2016-02-15,54.62629318237305,54.928948499491966,54.29000721610019,54.41107036921109,150450
2016-02-16,54.417808532714844,55.05674994534905,54.15550070515218,55.02311928939244,175012
2016-02-17,55.39972686767578,55.54096629385426,54.747331567245915,54.76078074203297,96948
2016-02-18,54.98948669433594,55.66878070172192,54.881872714165674,55.11727188164186,189942
2016-02-19,54.77427291870117,55.14418449121416,54.52541939691334,54.949137968404976,229713
2016-02-22,55.520809173583984,55.79656096828731,55.25177940294254,55.25177940294254,462532
2016-02-23,54.37071228027344,55.25178499660646,54.36399025553103,55.18452882996613,495515
2016-02-24,54.37071228027344,54.41107008531091,53.274421883218025,54.41107008531091,311472
2016-02-25,54.66166687011719,54.844343765674815,54.23541733917055,54.53311321200402,296628
2016-02-26,55.38560104370117,55.52768417863184,55.10819695028886,55.19615686379362,97979
2016-02-29,55.155582427978516,55.155582427978516,54.485760163169736,54.76992655891055,134589
2016-03-01,55.879512786865234,55.906576980712046,54.87139608541536,55.033776086529095,236553
2016-03-02,56.427555084228516,56.43432242335056,55.92688039051032,56.136621445588084,216632
2016-03-03,56.15534973144531,56.59767964536406,56.10091320025949,56.59767964536406,108362
2016-03-04,56.39353561401367,56.48880604124199,55.9580121775845,56.46839169138577,148408
2016-03-07,56.652122497558594,56.652122497558594,56.073693456373654,56.18257171276386,89000
2016-03-08,56.25740051269531,56.468360793425326,56.032832403456624,56.196157496637156,58757
2016-03-09,56.277835845947266,56.67933702665604,56.08049370379914,56.17576411443892,239614
2016-03-10,55.71304702758789,57.16932994727389,55.67901963928147,56.25744889753703,581032
2016-03-11,56.550048828125,56.55004882812501,56.2302101702661,56.39353535205503,115158
2016-03-14,56.58406448364258,56.83584833433865,56.48198756413302,56.63850619962738,46863
2016-03-15,56.10089874267578,56.37990341559027,56.10089874267578,56.3322682181733,48421
2016-03-16,55.90354537963867,56.250604747099445,55.7742476327354,56.250604747099445,41338
2016-03-17,55.39998245239258,56.13492480749907,54.98487347819714,56.11451046316937,153852
2016-03-18,55.168601989746094,55.64495394702969,54.998475549023816,55.64495394702969,563646
2016-03-21,55.40681076049805,55.71304165014679,55.093778547324895,55.093778547324895,187630
2016-03-22,55.522483825683594,55.522483825683594,54.637829112467145,55.14820862880895,524939
2016-03-23,55.71304702758789,55.99885839869998,55.542920469756815,55.7470692240438,332223
2016-03-24,54.94406509399414,55.400008160272776,54.869209002150626,55.400008160272776,21050
2016-03-29,54.91682815551758,55.29110850521531,54.7058729721507,55.09376115645182,81411
2016-03-30,55.4680290222168,55.52246554022693,55.31831691603272,55.42039382405343,136623
2016-03-31,55.18903732299805,55.34555599240682,54.9984964676127,55.25708688680011,51025
2016-04-01,54.32479476928711,54.54255647978225,53.882464834636416,54.54255647978225,104229
2016-04-04,54.70589065551758,54.92365242250059,54.22273189726935,54.38605192454409,181630
2016-04-05,54.26353073120117,54.365607638992955,53.88244914674886,54.22950855650205,189648
2016-04-06,54.97129440307617,54.97129440307617,54.100247228087355,54.290788148634824,62298
2016-04-07,54.84880447387695,55.36599069421191,54.84880447387695,55.202670642682754,57748
2016-04-08,55.42721939086914,55.42721939086915,55.10738588720041,55.23667851486242,259709
2016-04-11,55.32426071166992,55.72924252215326,55.049697571201676,55.37917438713483,689096
2016-04-12,55.65372085571289,55.65372085571289,54.823171401320586,55.138917085373095,204315
2016-04-13,56.628414154052734,56.628414154052734,55.99005727593286,56.07928804327155,198047
2016-04-14,57.20502471923828,57.35603474829516,56.73140854439174,56.813773842526246,554440
2016-04-15,57.184383392333984,57.36971562479642,56.83432070764384,57.16379208580552,193031
2016-04-18,57.362884521484375,57.37661032178622,56.628431139213674,56.8068979642752,100853
2016-04-19,58.31010055541992,58.31010055541993,57.678609235006014,57.726657373801544,434302
2016-04-20,58.52976989746094,58.52976989746094,57.93260071691026,58.200298329610106,136069
2016-04-21,58.31010055541992,58.72194773007231,57.733522889873576,58.72194773007231,359747
2016-04-22,57.89141082763672,58.17283946736439,57.863959228651744,58.15224814969768,287759
2016-04-25,57.81586456298828,58.145335854312016,57.52071036121607,58.06296541305521,302998
2016-04-26,57.86394119262695,58.18654713027674,57.747248367461786,58.069859541965904,302478
2016-04-27,57.81586456298828,58.00805702240242,57.68544600687794,57.86391267784182,165573
2016-04-28,57.96002960205078,58.02866904251314,57.17066294459956,57.71292342690338,338979
2016-04-29,57.06086730957031,57.4795749366128,56.902997032600766,57.32170465964326,244501
2016-05-02,57.177520751953125,57.28047728034092,57.0402366526812,57.12260711224435,83617
2016-05-03,56.264591217041016,56.964721670990436,56.03807642079044,56.964721670990436,103937
2016-05-04,55.5233039855957,56.47054106779326,55.5233039855957,56.19598323772204,331652
2016-05-06,55.255619049072266,55.55763901532078,55.070291947782756,55.46840298700765,38676
2016-05-09,56.13420104980469,56.19598022405608,55.633128323626686,55.80472957664607,189593
2016-05-10,56.916709899902344,57.053994062654105,56.51859368320523,56.525459200556654,308243
2016-05-11,56.889259338378906,56.93730749142464,56.55978778516698,56.86866802091015,201511
2016-05-12,56.690162658691406,57.25301954999208,56.4224652399204,56.655845565197794,286719
2016-05-13,56.93732833862305,57.074612566773595,56.27837975407394,56.36075029096427,142939
2016-05-17,56.87549591064453,57.38343394063112,56.71076024302637,57.095145213086234,142479
2016-05-18,57.081459045410156,57.170689836297846,56.765708044425196,56.77943908108859,56638
2016-05-19,56.92356872558594,57.29422806615972,56.92356872558594,57.0951699812115,209344
2016-05-20,57.6099853515625,57.65803350334105,57.25991725325831,57.31483092296402,73848
2016-05-23,57.85021209716797,58.124775142332254,57.383456491445045,57.712933193013086,48994
2016-05-24,58.598411560058594,58.598411560058594,57.43838514079047,57.43838514079047,64771
2016-05-25,58.83177947998047,58.9484670881268,58.653312690732704,58.71509187183414,288366
2016-05-26,59.236785888671875,59.284834055391954,58.7768903079426,58.86612635817805,169107
2016-05-27,59.628028869628906,59.785899152211925,59.44269651042327,59.44269651042327,180541
2016-05-30,59.634864807128906,59.82019709067616,59.5250427297548,59.78587474576605,66737
2016-05-31,59.22303009033203,59.64860312969706,58.91414989581006,59.607415263400306,128663
2016-06-01,58.96906661987305,59.23676419884581,58.79746533915432,58.95533558477647,111058
2016-06-02,59.13379669189453,59.16125352258969,58.83864230799033,58.866099138685485,98699
2016-06-03,58.598411560058594,59.25735989834315,58.29639160785722,59.11321544029864,105746
2016-06-06,58.87295150756836,58.90040833457396,58.67389867627275,58.73567260939464,127407
2016-06-07,59.07888412475586,59.15438910135229,58.82491236376286,58.95533100276671,106342
2016-06-08,58.52976989746094,58.88670353896484,58.426813305542645,58.88670353896484,46374
2016-06-09,58.20030975341797,58.39936793162558,58.06302554248659,58.39936793162558,48498
2016-06-10,56.97160720825195,57.90511829952824,56.94415038358455,57.90511829952824,131477
2016-06-13,56.031246185302734,56.66960313501498,55.996929072564406,56.60096367268303,296941
2016-06-14,54.94671630859375,55.591933376652605,54.94671630859375,55.54388524140509,188341
2016-06-15,55.32426071166992,55.85279567352115,55.2830780734994,55.33799174896431,271675
2016-06-16,54.76824188232422,55.12517008884985,54.528001239773,54.754510853119434,148269
2016-06-17,55.509578704833984,55.928286207496186,55.509578704833984,55.543895815484426,338549
2016-06-20,56.94414520263672,57.09515510614118,56.47738969946538,56.504846521634676,250057
2016-06-21,57.25992202758789,57.25992202758789,56.62843048388581,56.75198363259763,61514
2016-06-22,57.50702667236328,57.53448350871643,56.944174619263954,57.4109303635553,53765
2016-06-23,57.71979522705078,58.00122379703433,57.24617932752079,57.3697324397579,39926
2016-06-24,55.70176315307617,56.71763955397378,54.08871255598111,54.56232841393364,771606
2016-06-27,54.486812591552734,55.859622228156915,54.486812591552734,55.317361793275886,318505
2016-06-28,55.95573425292969,56.223437025415045,55.59880595104029,55.722359062627895,165431
2016-06-29,57.41091537475586,57.41091537475587,56.449947300708864,56.518586755243355,78222
2016-06-30,57.68549346923828,57.79531557775483,57.026545107570776,57.280511679246835,544942
2016-07-01,58.145389556884766,58.27580823344866,57.68549928470006,58.00124507919359,170662
2016-07-04,57.898277282714844,58.344441707851985,57.85022912842968,58.22775408128173,41694
2016-07-05,57.08832550048828,57.80218761535604,56.98536366180277,57.80218761535604,90959
2016-07-06,56.889259338378906,57.21187061033852,56.45682596096729,56.86180250280193,33593
2016-07-07,57.32856750488281,57.54821698816371,57.04714405920576,57.15696618241783,69981
2016-07-08,57.898277282714844,57.898277282714844,57.09518445958163,57.205006567866555,199433
2016-07-11,58.50916290283203,58.54348524884631,57.97376782087968,58.06299858892015,150689
2016-07-12,58.728843688964844,58.728843688964844,58.282684373459134,58.44742020128982,313919
2016-07-13,58.694496154785156,58.82490955069742,58.57780331853599,58.6533082915217,306027
2016-07-14,58.92100524902344,59.01710677110947,58.673904256182205,58.85236579340894,512441
2016-07-15,58.749427795410156,58.79061567495101,58.54350934513348,58.749427795410156,74471
2016-07-18,58.934749603271484,58.9622064390943,58.529767820954845,58.680777799552374,128393
2016-07-19,58.44118881225586,58.76790976123659,58.183981717542565,58.677542281045646,152291
2016-07-20,59.08767318725586,59.08767318725586,58.55935838905348,58.72619799073847,248308
2016-07-21,59.00425338745117,59.32402133533629,58.91388591421191,59.21280023777772,82313
2016-07-22,59.01815414428711,59.07376733995439,58.67753260206597,58.774853042700585,56729
2016-07-25,59.01815414428711,59.32401611332463,58.83741391015158,58.906927752952555,45490
2016-07-26,59.275360107421875,59.28926605911051,58.788757869651924,59.059865588347556,62499
2016-07-27,59.26840591430664,59.518659981502445,59.22669336739665,59.40048061941784,35927
2016-07-28,58.30909729003906,59.421339953479865,58.29519664335079,59.14327928761967,122551
2016-07-29,58.53154373168945,58.70533098184716,58.21177582782719,58.34385583508816,132618
2016-08-02,57.79469680786133,58.47594527190348,57.739083605987105,58.47594527190348,109250
2016-08-03,57.74602508544922,57.933712974949366,57.45406378908641,57.933712974949366,94368
2016-08-04,58.23959732055664,58.28825755090426,57.759942690296235,57.92678231168867,250803
2016-08-05,59.07378005981445,59.08768070994126,58.32301766734962,58.350824271170616,56590
2016-08-08,58.899986267089844,59.25450849367807,58.81656646482784,59.15023506674226,137616
2016-08-09,59.34486389160156,59.34486389160156,58.7817896724833,58.80264329104967,42893
2016-08-10,59.10157012939453,59.43524400827334,59.0807165063833,59.09462245743504,36460
2016-08-11,59.789772033691406,59.789772033691406,59.19194341882505,59.33097110916151,58775
2016-08-12,59.629886627197266,59.8175798468851,59.615985979307986,59.69940047377677,50125
2016-08-15,59.76891326904297,59.92184159383127,59.6715875298999,59.761960294054326,96489
2016-08-16,59.240604400634766,59.58817893450043,59.2058448258216,59.51866508844059,92174
2016-08-17,58.69142150878906,59.23363679916669,58.66361491651775,59.23363679916669,211325
2016-08-18,59.011192321777344,59.0181452960849,58.73313168869502,58.80264552107423,404634
2016-08-19,58.503761291503906,59.0876840944899,58.36472826443508,59.0876840944899,308862
2016-08-22,58.837432861328125,59.04597976046897,58.51071186100585,58.74706536693667,84012
2016-08-23,59.10157012939453,59.233650146554155,58.893028595715855,58.93473584173831,121901
2016-08-24,58.94168472290039,59.24059900695226,58.7957040683959,58.858264933083824,36196
2016-08-25,58.712310791015625,58.712310791015625,58.336929522680954,58.66365055087419,147149
2016-08-26,58.851341247558594,58.858288921867114,58.37863951973839,58.531567908048544,129088
2016-08-29,58.90690994262695,58.941669505301114,58.54543488721304,58.670561887849516,160378
2016-08-30,59.32401657104492,59.435242963237656,58.99034800159931,58.99034800159931,39440
2016-08-31,59.032073974609375,59.44916247051942,58.934753502349295,59.35184199825934,96444
2016-09-01,58.61497497558594,59.35878433947349,58.56631474817524,59.164143429830695,29636
2016-09-02,59.761959075927734,59.761959075927734,58.837409653224476,58.90692349099607,115186
2016-09-05,59.8870964050293,59.956610254756235,59.67159657623896,59.67159657623896,94114
2016-09-06,59.77588653564453,60.01224005436778,59.74807992734955,59.97052749014118,51137
2016-09-07,59.91490936279297,59.97051726633463,59.49781561304281,59.73416909147239,32503
2016-09-08,59.90100860595703,60.130409127507846,59.63685380462349,59.873201999990165,136804
2016-09-09,59.428314208984375,59.91492191780445,59.428314208984375,59.85235572080441,162643
2016-09-12,59.08070755004883,59.136320738692355,58.69142583667532,58.77484561964061,178358
2016-09-13,58.9764404296875,59.393534085379166,58.9764404296875,59.37268046330781,140732
2016-09-14,58.802669525146484,59.12939050462289,58.740108641536594,59.12939050462289,202606
2016-09-15,58.802669525146484,58.85828273517813,58.60108092002509,58.614981570749194,263822
2016-09-16,58.545448303222656,58.927777062427936,58.455075540986286,58.6288627870521,72188
2016-09-19,59.05289840698242,59.094610948447524,58.88606415181806,58.88606415181806,49338
2016-09-20,59.37961959838867,59.51865256482021,58.83045131400621,58.83045131400621,71116
2016-09-21,59.26840591430664,59.71330085519562,59.26840591430664,59.67158830828562,44512
2016-09-22,59.880157470703125,60.01223752865343,59.51172920754492,59.55343646644795,65550
2016-09-23,59.51865768432617,59.82451962965355,59.38657768074668,59.82451962965355,61621
2016-09-26,58.816558837890625,59.22669421280325,58.816558837890625,59.22669421280325,98056
2016-09-27,58.851341247558594,59.17110928350047,58.524620233740016,59.17110928350047,28772
2016-09-28,59.205833435058594,59.567313850729974,59.03204620156113,59.03204620156113,20439
2016-09-29,58.899986267089844,59.74806372403631,58.899986267089844,59.74806372403631,134994
2016-09-30,58.61497497558594,58.61497497558594,57.815552407924145,58.26044743098397,110050
2016-10-03,58.84437561035156,58.955596714610614,58.691441951374216,58.719248553330736,31250
2016-10-04,59.330970764160156,59.33097076416015,58.81656194862674,58.81656194862674,23998
2016-10-05,59.13633346557617,59.13633346557617,58.80961254143799,59.025112367918524,58192
2016-10-06,58.88607406616211,59.20584198555037,58.733140430027234,59.087667922561145,39451
2016-10-07,58.4481315612793,58.92778078429068,58.448131561279304,58.81655969763811,41038
2016-10-10,58.962554931640625,58.962554931640625,58.09361843164382,58.50375921749742,25236
2016-10-11,58.608028411865234,58.9834096230634,58.608028411865234,58.66364162172443,89464
2016-10-12,58.24654006958008,58.51764777727865,58.204832823339196,58.489841178595924,32254
2016-10-13,57.55833435058594,57.864196277746295,57.28027371388656,57.864196277746295,342865
2016-10-14,58.3299560546875,58.53849757583344,57.80164132136554,57.80164132136554,47020
2016-10-17,57.593116760253906,58.14923830542012,57.593116760253906,58.11447872000919,20118
2016-10-18,58.2117805480957,58.2117805480957,57.86420601959621,57.93371986458283,115490
2016-10-19,58.37860107421875,58.42726128017387,58.07968686519024,58.218714509757824,17450
2016-10-20,58.21873092651367,58.39251818301072,57.80164257163397,58.12141048716061,40930
2016-10-21,57.83638000488281,58.2465205686802,57.79467277260548,58.163100800560905,198874
2016-10-24,57.57221984863281,58.1074820580107,57.55831920705957,58.1074820580107,53587
2016-10-25,57.10649871826172,57.69737438315905,57.10649871826172,57.69737438315905,38291
2016-10-26,56.863216400146484,57.07175801364866,56.67552311406927,57.07175801364866,44792
2016-10-27,57.16905975341797,57.16905975341797,56.44610406241855,56.64769793521742,151091
2016-10-28,56.96052169799805,57.0995494032758,56.55733392769876,56.80063506371833,251172
2016-10-31,56.44607925415039,56.70328621403655,56.44607925415039,56.66852665334014,100895
2016-11-01,55.959503173828125,56.67550590623934,55.959503173828125,56.571232479363566,100371
2016-11-02,55.528507232666016,55.9108413524411,55.49375296041069,55.70229450464257,335495
2016-11-03,55.0557861328125,55.48678032388405,55.0557861328125,55.35470034684048,185176
2016-11-04,55.0557861328125,54.96541869268861,54.64565086198318,54.812485098967585,461407
2016-11-07,55.71621322631836,55.78572709032793,55.375591580173925,55.45900609555827,199302
2016-11-08,55.73707962036133,55.938673584656705,55.577192923310136,55.68841937405341,113522
2016-11-09,56.84929656982422,56.98137660530631,54.569208209146545,54.569208209146545,567290
2016-11-10,57.155155181884766,57.64175739071025,56.66159999762854,57.41930990902341,207035
2016-11-11,56.724143981933594,57.42624579160173,56.585116336098096,57.42624579160173,257027
2016-11-14,56.93965148925781,57.4679608583002,56.585124049416265,57.24551341250197,162124
2016-11-15,57.04392623901367,57.14124667642789,56.640743842683065,57.120393054634285,205708
2016-11-16,57.099544525146484,57.19686497124003,56.87709703356601,57.19686497124003,41375
2016-11-17,57.099544525146484,57.370652239773726,56.939663208092746,57.02307770270633,48712
2016-11-18,57.0369758605957,57.56528526618149,56.96745671982815,57.56528526618149,103994
2016-11-21,56.66855239868164,56.911858826965464,56.47391149890799,56.911858826965464,108325
2016-11-22,55.75096893310547,56.758938549523975,55.75096893310547,56.758938549523975,123366
2016-11-23,55.88302230834961,56.029002947874645,55.50764124804287,55.9247295471952,38559
2016-11-24,56.2306022644043,56.2306022644043,55.85522116745106,56.0637679891693,146292
2016-11-25,56.807586669921875,56.82844029485387,56.383545284414986,56.383545284414986,71603
2016-11-28,56.30710983276367,56.8006653442521,56.307109832763665,56.73810443459588,36734
2016-11-29,56.522552490234375,56.543406107604476,56.028997432737235,56.17497805789287,89391
2016-11-30,56.8562126159668,56.85621261596679,56.404364901791524,56.404364901791524,50774
2016-12-01,55.99428176879883,56.57820467192255,55.92476259155863,56.57820467192255,273308
2016-12-02,56.133296966552734,56.133296966552734,55.44510075499573,55.688401910236344,141421
2016-12-05,56.50167465209961,56.83534829767902,56.10544018122807,56.10544018122807,178928
2016-12-06,57.002197265625,57.002197265625,56.48778867773803,56.61986333327141,103746
2016-12-07,57.085636138916016,57.40540403324348,56.96745678162248,57.28722997951577,83738
2016-12-08,57.31508255004883,57.31508255004883,56.96750774913023,57.18995540957531,103662
2016-12-09,58.3369140625,58.4620411187843,57.4193174176042,57.53054382477556,515041
2016-12-12,57.787742614746094,58.34386401464294,57.78774261474609,58.30215676589903,258637
2016-12-13,58.88607406616211,58.91388066396538,57.78078964720481,57.79469029432333,300046
2016-12-14,58.698402404785156,58.754010312214525,58.42034165336748,58.66364282202006,123925
2016-12-15,59.21277618408203,59.247535746205166,58.53152801284633,58.53152801284633,146246
2016-12-16,59.26840591430664,59.29621251105796,59.05985909045479,59.25449996414797,118196
2016-12-19,59.37961959838867,59.37961959838867,59.05289875673129,59.17107810408944,213530
2016-12-20,59.48388671875,59.64377328737877,59.24753865611119,59.24753865611119,52103
2016-12-21,59.219757080078125,59.532572072424294,59.10853067169109,59.24756368217488,182629
2016-12-22,59.33795166015625,59.497833047986276,59.15721133587244,59.191970926393175,135477
2016-12-23,59.233665466308594,59.50477324270464,59.15719862644635,59.324032957251355,301959
2016-12-27,59.5047492980957,59.65768291627996,59.442188438056114,59.504749298095696,66812
2016-12-28,59.46306610107422,59.62294745486478,59.40049991217131,59.51172633530192,115597
2016-12-29,59.46306610107422,59.58124019797468,59.23366558104315,59.23366558104315,72421
2016-12-30,59.30318069458008,59.49087396168001,59.080733147194586,59.37269986228694,94221
2017-01-03,59.79671859741211,60.02611905542525,59.66464388511034,59.76891730271325,1521991
2017-01-04,60.04001998901367,60.16514701896749,59.873180413364665,60.06782658495518,58195
2017-01-05,60.387577056884766,60.4084306719317,59.9843894874297,60.053903305440905,130009
2017-01-06,60.64482879638672,60.64482879638671,60.297254115727696,60.40848055925157,119687
2017-01-09,60.64482879638672,60.73520160764205,60.40848055925157,60.73520160764205,35118
2017-01-10,60.82553482055664,60.82553482055664,60.39454055025874,60.69345481923382,79616
2017-01-11,60.90896987915039,61.02019098428545,60.65871576313766,60.895063926279086,59353
2017-01-12,60.24856185913086,60.51272187035264,60.144288449625726,60.45710867814112,55287
2017-01-13,60.83942794799805,60.83942794799805,60.47795286216066,60.67259370096272,187188
2017-01-16,60.22077941894531,60.6656745279632,60.22077941894532,60.59616066159816,173223
2017-01-17,59.76891326904297,60.081728197174186,59.73415369766573,60.026115004397,125405
2017-01-18,59.83844757080078,59.9844282740865,59.574287466559,59.9844282740865,70894
2017-01-19,59.46997833251953,59.935726727243726,59.46997833251954,59.935726727243726,86592
2017-01-20,59.56039810180664,59.678572221588354,59.4283180246572,59.518690836841046,59026
2017-01-23,59.233665466308594,59.351839562980146,59.00426494672186,59.268425049361525,85686
2017-01-24,59.365760803222656,59.560401789872934,59.296246922786004,59.33795419033417,104645
2017-01-25,60.40148162841797,60.40148162841796,59.51864494475853,59.51864494475853,135696
2017-01-26,60.554420471191406,60.999315338262186,60.55442047119141,60.63784024760412,451182
2017-01-27,60.123435974121094,60.610043459895614,60.123435974121094,60.54052431652353,141073
2017-01-30,59.97745132446289,60.28331856351553,59.7967111101531,60.28331856351553,73574
2017-01-31,59.692440032958984,60.08172173338715,59.64377982040546,59.866227264016615,31993
2017-02-01,60.06781768798828,60.33892532880535,59.97049196482551,60.081718332117184,170996
2017-02-02,59.69939041137695,59.85232403021463,59.51865550144664,59.727197006035226,211762
2017-02-03,60.22077941894531,60.255539003911856,59.76198365808165,59.76198365808165,62517
2017-02-06,59.97745132446289,60.32502580390792,59.90793748928702,60.13038494398921,100796
2017-02-07,60.33198547363281,60.49881975728191,59.949651382388794,59.949651382388794,92431
2017-02-08,60.2833137512207,60.491855240100875,59.97744653658483,60.331973962315935,159997
2017-02-09,60.658721923828125,60.75604238954313,60.436274387398456,60.436274387398456,126025
2017-02-10,60.658721923828125,60.860315832399955,60.582255085970964,60.790796668117,183590
2017-02-13,61.03407287597656,61.11748734605199,60.79771950244456,60.86723332869574,100476
2017-02-14,60.700416564941406,60.89505745592165,60.630902718672246,60.88810448022478,84600
2017-02-15,61.110538482666016,61.110538482666016,60.86723214019025,60.86723214019025,65210
2017-02-16,60.936744689941406,61.03406509499909,60.77685813673847,60.89503215665647,53867
2017-02-17,61.242637634277344,61.242637634277344,60.72127578386596,60.91591669278216,45707
2017-02-20,61.29827117919922,61.45120488797381,61.21485134616705,61.40949231967335,72386
2017-02-21,61.81266784667969,61.81266784667969,61.15227820400916,61.166178854946686,116765
2017-02-22,61.847408294677734,61.86826191641607,61.534588057904536,61.70142763894333,72393
2017-02-23,61.687522888183594,61.784843327232146,61.60410839960835,61.60410839960835,51499
2017-02-24,61.22177505493164,61.59020319343439,60.96456800372867,61.56934957103857,106283
2017-02-27,61.25651550292969,61.43030270672464,61.17309573582486,61.43030270672464,135613
2017-02-28,61.47897720336914,61.47897720336915,61.24262379341048,61.367750821373114,441487
2017-03-01,62.11159133911133,62.18805818940666,61.65279554090779,61.65279554090779,169504
2017-03-02,62.75456619262695,62.87337854630697,62.558874002515815,62.768541920972496,139158
2017-03-03,62.8314208984375,62.83841142592041,62.50992595295546,62.55185845343265,49526
2017-03-06,62.740570068359375,62.76852685055043,62.56584417882353,62.635738800406656,107674
2017-03-07,62.48899459838867,62.796508660629684,62.461037805055284,62.7336098747894,61702
2017-03-08,62.55189514160156,62.62877499237501,62.31427038991147,62.4680247592451,115755
2017-03-09,62.57285690307617,62.614789425131434,62.23039553112813,62.39813095156207,80545
2017-03-10,62.74755859375,62.831428937645605,62.614765215634655,62.6846598349864,88227
2017-03-13,62.97819900512695,63.07604507506542,62.76154061200763,62.908309716915326,144055
2017-03-14,62.76155090332031,62.91530522971339,62.733594117009275,62.91530522971339,111851
2017-03-15,62.9432487487793,62.9432487487793,62.77551339848026,62.91529196836102,45601
2017-03-16,63.07676696777344,63.22432790180062,62.964345971352444,63.132980146375814,120316
2017-03-17,63.392982482910156,63.39298248291016,63.11894984999267,63.18218567568801,51897
2017-03-20,63.35785675048828,63.36488474125414,63.25245833214536,63.28056493442256,25632
2017-03-21,62.70438003540039,63.41405685412288,62.6973574068716,63.3789222683384,116374
2017-03-22,62.423309326171875,62.479522510013005,62.11414753661422,62.346022899370666,137223
2017-03-23,62.915164947509766,62.915164947509766,62.38817842497055,62.493576801635214,174888
2017-03-24,62.77460479736328,62.887031113310954,62.64813323309487,62.795688752189825,133135
2017-03-27,62.66923904418945,62.66923904418945,62.12117391787617,62.34602128664019,306028
2017-03-28,62.662208557128906,62.880027929211536,62.493574377477316,62.80976413442203,185658
2017-03-29,63.16811752319336,63.20324674078916,62.73247341089017,62.992455352862336,252359
2017-03-30,63.47024917602539,63.47024917602539,63.16108207729836,63.29458702643656,16570
2017-03-31,63.2664909362793,63.3789119430615,63.16812054505077,63.280541551832975,66008
2017-04-03,63.19622802734375,63.5545750172462,63.11893623874887,63.378912836036804,174761
2017-04-04,63.17512893676758,63.203230159158146,62.92217504899169,63.08378120125914,36957
2017-04-05,63.33674621582031,63.39998737926558,63.07676429638274,63.10487088449357,84324
2017-04-06,63.147056579589844,63.24542699362184,62.80275476969235,62.8589679665065,78578
2017-04-07,63.25946807861328,63.28757467278441,62.84490787635463,62.95030090351551,117249
2017-04-10,63.40139389038086,63.62846078509634,63.20980839728102,63.536216720078166,75927
2017-04-11,63.63553237915039,63.69939237975649,63.167204053240525,63.21687474716736,29950
2017-04-12,63.763282775878906,64.00453897984544,63.64265467389564,63.77038013884902,103706
2017-04-13,63.550392150878906,63.64264160944838,63.429764073657964,63.621354938609464,143359
2017-04-18,62.89759826660156,63.59299377504883,62.798256824495176,63.59299377504883,78729
2017-04-19,62.89759826660156,62.89759826660156,62.64214729727012,62.83373823111999,179698
2017-04-20,63.138797760009766,63.19556037554187,62.84786567048238,62.84786567048238,101775
2017-04-21,63.004005432128906,63.15301752045453,62.98981071112655,63.082060156542305,58765
2017-04-24,64.23868560791016,64.25288032995546,63.86260667921349,63.876795987558545,355941
2017-04-25,64.87023162841797,64.87023162841797,64.41609785593838,64.42319521873695,85060
2017-04-26,65.18954467773438,65.24630733613408,64.75669760194131,64.75669760194131,145101
2017-04-27,65.41661071777344,65.4378973911144,64.99085559614932,65.04053171887989,84147
2017-04-28,65.04051208496094,65.3030548618467,64.9908359772262,65.2817681949316,68201
2017-05-02,65.54432678222656,65.55141872985678,65.2746811886648,65.2746811886648,82892
2017-05-03,65.74300384521484,65.74300384521484,65.40949826992016,65.48045563592542,90373
2017-05-04,66.34614562988281,66.34614562988281,65.80685993566496,65.80685993566496,139142
2017-05-05,66.64417266845703,66.64417266845703,66.04812430735554,66.10489236470804,178296
2017-05-08,67.0131607055664,67.0131607055664,66.60160040369003,66.70803915951323,170828
2017-05-09,67.69434356689453,67.69434356689453,67.0273325899082,67.0273325899082,149681
2017-05-10,67.37503051757812,67.43179856372888,67.10539041891032,67.22601845670653,114386
2017-05-11,67.2472915649414,67.6233757346053,67.2472915649414,67.52403438071606,81576
2017-05-12,67.64466857910156,67.72981522525022,67.24729771351427,67.33954713177297,93205
2017-05-15,67.5808334350586,67.76532694047093,67.38215062016869,67.75113763099337,89855
2017-05-16,67.77952575683594,67.77952575683594,67.37506270873624,67.37506270873624,38546
2017-05-17,66.7506103515625,67.54534690064628,66.60869562415817,67.3111827280993,231617
2017-05-18,66.31065368652344,66.50934184707016,66.06230025296357,66.48804976959461,195226
2017-05-19,66.95641326904297,66.95641326904297,66.54485284041111,66.6725783039968,102091
2017-05-22,67.44601440429688,67.44601440429688,66.91382598578964,67.11960074355596,80086
2017-05-23,67.1976547241211,67.36086155266048,67.05573997959156,67.22603875576709,57432
2017-05-24,67.0699462890625,67.24734247154,66.97770222310687,67.14800104244875,77449
2017-05-26,67.0841293334961,67.19056810718801,66.89253845811045,66.91383054380957,88538
2017-05-29,67.04154968261719,67.09831233137218,66.7931907627999,66.92801355770638,95371
2017-05-30,66.88545989990234,66.94222256536072,66.5945275544819,66.7293503890623,147429
2017-05-31,66.89961242675781,67.3253619589498,66.75769772059348,66.75769772059348,162613
2017-06-01,67.00605010986328,67.30407423634269,66.87122735153733,66.87122735153733,69104
2017-06-02,67.05570983886719,67.41050195441676,66.86412447849757,67.31116059515873,95769
2017-06-06,66.13329315185547,66.64419501191557,66.05523840025174,66.41003075710441,50729
2017-06-07,65.92040252685547,66.36743882237757,65.92040252685547,66.0268412868465,73981
2017-06-08,65.4378890991211,65.91330945583016,65.38821839638582,65.84944944389935,144215
2017-06-09,65.6436767578125,65.84235959141226,65.38112849129786,65.4591832350265,101511
2017-06-12,65.35980987548828,65.51591928665157,65.21789518190268,65.40238320082425,87575
2017-06-13,65.72171783447266,65.80686450905104,65.5443217108343,65.5443217108343,63624
2017-06-14,65.6578598022461,66.1474748909604,65.6578598022461,65.85654261688359,67984
2017-06-15,65.56561279296875,65.6649541957973,65.13276578905842,65.6649541957973,77178
2017-06-16,66.48097229003906,66.48097229003906,66.00554656954714,66.00554656954714,103051
2017-06-19,66.92802429199219,66.9918897259227,66.58742127633238,66.83578023598284,74525
2017-06-20,66.89961242675781,67.24021530073081,66.89961242675781,67.2331179413129,199893
2017-06-21,66.52356719970703,66.73644478022679,66.28231099457294,66.73644478022679,186475
2017-06-22,67.0770263671875,67.0770263671875,66.63708741277992,66.90672759172973,84475
2017-06-23,67.03446960449219,67.05575627997608,66.67967724322247,67.04156696755408,65471
2017-06-26,67.5808334350586,67.82209500578253,67.49568675079188,67.63050413878106,120322
2017-06-27,67.31827545166016,67.58791558063535,67.22602601287169,67.58791558063535,22071
2017-06-28,67.2969970703125,67.36086249583535,67.06283827993018,67.20475302644677,83849
2017-06-29,66.28231048583984,67.55246235509998,66.28231048583984,67.55246235509998,78693
2017-06-30,66.11198425292969,66.70803802720211,66.04812424873974,66.26809370366055,70686
2017-07-03,66.86416625976562,66.94221559335485,66.3319777538938,66.3319777538938,109771
2017-07-04,66.60871887207031,66.807401725261,66.54485343285805,66.54485343285805,19858
2017-07-05,66.38159942626953,66.41707538556619,66.06228331041498,66.33192875229626,55925
2017-07-06,65.83525085449219,66.3035792359488,65.54432401661481,66.3035792359488,78409
2017-07-07,65.89202117919922,65.90621048804893,65.63657031030094,65.79267977614994,10788
2017-07-10,66.31776428222656,66.43130039662853,66.10489218827273,66.2113255283997,119703
2017-07-11,65.89202117919922,66.42420958712059,65.8565397865243,66.27519748254666,68648
2017-07-12,66.88545989990234,66.88545989990234,65.8778454427626,65.8778454427626,23207
2017-07-13,66.77896881103516,67.10537689004781,66.77896881103516,66.899596824512,25912
2017-07-14,66.96348571777344,67.0628271065238,66.84994960851608,66.87833363583043,18661
2017-07-17,66.97765350341797,67.12666553866318,66.75768412953667,67.02732418183304,55075
2017-07-18,66.51251220703125,67.38560607353688,66.49819614956084,67.085028926396,161608
2017-07-19,67.07071685791016,67.07787488648837,66.6985758115075,66.8345510546134,36262
2017-07-20,66.91326141357422,67.2853969356243,66.73434894990156,67.16373777072093,61702
2017-07-21,66.29779052734375,67.0921621641654,66.26200585686655,67.04206690148179,140069
2017-07-24,65.94713592529297,66.30496085656425,65.88988262589552,66.30496085656425,28810
2017-07-25,66.31211853027344,66.59122153837829,66.13320606559212,66.13320606559212,135640
2017-07-26,66.68424224853516,66.89893935213247,66.44091850045993,66.44091850045993,19060
2017-07-27,66.9776611328125,67.19235825350583,66.55543037808343,66.61268367159826,64600
2017-07-28,66.8846435546875,66.96336548584773,66.41231742770198,66.70573106750078,41367
2017-07-31,67.07789611816406,67.45003182238008,66.84173024011544,66.85604084182548,80246
2017-08-02,67.5001220703125,67.7863832229047,67.34983619369649,67.46433737874696,70289
2017-08-03,67.786376953125,67.91519418687791,67.4643311387543,67.68618637798127,65589
2017-08-04,68.03683471679688,68.13702526444112,67.63607252621988,67.65038312160819,40738
2017-08-07,67.88656616210938,68.20860651002243,67.80784421751254,68.17997985198933,101808
2017-08-08,67.95806121826172,68.13697355470195,67.82208609537635,67.88649737567987,30668
2017-08-09,66.99198913574219,67.34265606611454,66.81307665657611,67.33549803815474,79106
2017-08-10,66.34074401855469,66.99198805298171,66.29780677144099,66.94905080586801,39560
2017-08-11,65.83262634277344,66.16898263651983,65.73959383045046,66.01153880030026,115835
2017-08-14,66.9776611328125,66.9776611328125,66.21191607696902,66.21191607696902,87669
2017-08-15,66.9776611328125,67.149421013357,66.72718479865334,67.09932574652517,27855
2017-08-16,67.01347351074219,67.26394994845249,66.97053625284236,67.01347351074219,57750
2017-08-17,67.01347351074219,66.67711709725542,66.31213948515334,66.44095125885276,100396
2017-08-18,65.732421875,65.87555508667721,65.67516859032911,65.85408100994532,52189
2017-08-21,65.86128997802734,66.2405837273947,65.70384605338928,65.70384605338928,67940
2017-08-22,66.45525360107422,66.49103828192229,66.18330859054632,66.26918308862054,74736
2017-08-23,66.41232299804688,66.44810222249973,66.1546885580908,66.37653831361776,30368
2017-08-24,66.3622055053711,66.55542854068109,66.32642083291859,66.55542854068109,18509
2017-08-25,66.04736328125,66.43381507761184,66.04736328125,66.36225114346591,18766
2017-08-28,65.68236541748047,65.91137323147564,65.68236541748047,65.80402462429544,26616
2017-08-29,65.453369140625,65.453369140625,64.88800480580049,65.27445658378097,278329
2017-08-30,65.65372467041016,65.79685793592954,65.48197021176269,65.73244660145187,54911
2017-08-31,66.1332015991211,66.26917135031276,65.89703585129777,65.93281506583253,25578
2017-09-01,66.30498504638672,66.33361170652921,66.12607251547902,66.30498504638672,170783
2017-09-04,65.71096801757812,65.93997574772533,65.68949939599791,65.72527861197328,70261
2017-09-05,65.7253189086914,66.19049268137265,65.65375497288929,65.65375497288929,115179
2017-09-06,65.70381164550781,65.78969159396699,65.03825705988072,65.03825705988072,71751
2017-09-07,66.11176300048828,66.11176300048828,65.5463986916516,65.87560258589285,33485
2017-09-08,66.09030151367188,66.12608621125585,65.86845167659035,65.89707834266189,22745
2017-09-11,66.58409118652344,66.59840178725706,66.20479747734248,66.20479747734248,24347
2017-09-12,67.16375732421875,67.16375732421875,66.81309032212309,66.86318560813675,46870
2017-09-13,67.27111053466797,67.27111053466797,66.90612744871822,67.04926074711864,68249
2017-09-14,67.27111053466797,67.27111053466797,66.9633807680784,66.9633807680784,165492
2017-09-15,66.79876708984375,67.09934423362384,66.7844564925095,67.09934423362384,111195
2017-09-18,67.06352996826172,67.24244238588913,67.04206135174222,67.15656245983745,51388
2017-09-19,67.39275360107422,67.4213802538975,66.9705227568762,67.04208665894654,71965
2017-09-20,67.44286346435547,67.6074653886938,67.26395094049843,67.26395094049843,33877
2017-09-21,67.71480560302734,67.77921148284506,67.60745701002158,67.61461503888229,24532
2017-09-22,67.75059509277344,67.90803899170723,67.72196843296938,67.80069038243627,55523
2017-09-25,67.73624420166016,67.9795624752973,67.60742703915408,67.64320624764397,96748
2017-09-26,67.57880401611328,67.87937559140242,67.5430193457328,67.62889927866146,66215
2017-09-27,67.49290466308594,67.72191229169465,67.47859407503589,67.69328565562199,104317
2017-09-28,67.52156066894531,67.67184647871703,67.34264821064923,67.40705953482278,22222
2017-09-29,67.9223403930664,67.9223403930664,67.52873073067805,67.55019935590362,54053
2017-10-02,68.52350616455078,68.52350616455078,68.0297057828562,68.0297057828562,279041
2017-10-03,68.83839416503906,68.8527047665823,68.57360162667858,68.64516555435021,188390
2017-10-04,68.83839416503906,68.83839416503906,68.60938632050325,68.76682477738974,270342
2017-10-05,68.67375946044922,68.78826605808703,68.595037539567,68.72385473192199,85221
2017-10-06,68.587890625,68.87415170550015,68.50917415133904,68.80974582887501,136146
2017-10-09,68.56641387939453,68.73817378333933,68.55210328405347,68.63798323602586,62176
2017-10-10,68.70952606201172,68.83834322047919,68.60933554542298,68.68805744559607,131718
2017-10-11,68.67375946044922,68.84551389693084,68.67375946044922,68.76679197604862,74878
2017-10-12,68.98863220214844,68.98863220214844,68.69521320423272,68.83834642027962,27651
2017-10-13,69.06737518310547,69.08168577909034,68.83120939953835,68.99581128322998,37127
2017-10-16,68.76680755615234,69.07453728205566,68.76680755615234,69.07453728205566,53341
2017-10-17,68.85265350341797,69.01009730305985,68.62364582938623,68.90990678691932,69882
2017-10-18,69.05307006835938,69.10316535220718,68.68809248317234,68.73102973790577,45386
2017-10-19,68.48770904541016,68.96004070916035,68.430461189785,68.85269210740107,43356
2017-10-20,68.52350616455078,68.78829870226686,68.34459361581827,68.7668246100377,73651
2017-10-23,68.6881103515625,68.75251625041707,68.4376284071871,68.49488173504308,29182
2017-10-24,68.20860290527344,68.58074398005974,68.16566565048134,68.58074398005974,93376
2017-10-25,67.3426513671875,68.25152975551921,67.22815022769798,68.19427645578686,188056
2017-10-26,68.12989044189453,68.17998573277919,67.39277167888729,67.41424030926969,312916
2017-10-27,68.10124969482422,68.6093604879517,68.0368383621873,68.21575084399171,270245
2017-10-30,68.03683471679688,68.25868443515552,67.78635834768625,67.84361164919021,84675
2017-10-31,68.54495239257812,68.69523822919452,68.01537295021906,68.05831020068777,145139
2017-11-01,68.74535369873047,68.95289290357712,68.64516311156001,68.7954489923157,155996
2017-11-02,68.70952606201172,68.83834322047919,68.44473371961367,68.68089942013297,52897
2017-11-03,69.13178253173828,69.18187780871878,68.74533091218493,68.90993279939265,225365
2017-11-06,68.86698150634766,69.16755310693435,68.86698150634766,68.98148263324872,145239
2017-11-07,68.36603546142578,69.03159010033741,68.31594018580772,69.03159010033741,33852
2017-11-08,68.72386169433594,68.72386169433594,68.30878342580993,68.4376006312154,102557
2017-11-09,68.04400634765625,68.78828303607547,67.95096834911857,68.65946581192644,82352
2017-11-10,67.72195434570312,68.12987460809705,67.65754846952427,68.02253148113229,126771
2017-11-13,67.9366226196289,68.13700365135647,67.57879778869437,67.9437806450402,102882
2017-11-14,67.76490783691406,68.16567013460737,67.52158397047398,67.97959958497398,93411
2017-11-15,67.39990997314453,67.4786319014803,67.0563956076816,67.37128332102466,73116
2017-11-16,67.79351806640625,67.92233526801569,67.42137705732321,67.42137705732321,138975
2017-11-17,68.07980346679688,68.15137285678317,67.62894579376382,67.81501637976798,172444
2017-11-20,68.96717071533203,69.06020322040082,68.44474397770085,68.48052865040587,273233
2017-11-21,69.1246337890625,69.3107043256886,68.7238715193845,68.85984677230086,193644
2017-11-22,68.87413024902344,69.38939894140597,68.87413024902344,69.18185985919777,35584
2017-11-23,69.11030578613281,69.1317744080337,68.71669618469956,68.73101223928353,21574
2017-11-24,69.1461181640625,69.31071463789368,68.99583229057339,69.06739621223812,51046
2017-11-27,68.7381820678711,69.25344546188059,68.7381820678711,69.05306434310312,58678
2017-11-28,69.13178253173828,69.14609858800453,68.69523563520444,68.69523563520444,84995
2017-11-29,69.0101318359375,69.41805213005526,69.0101318359375,69.31786156377906,74845
2017-11-30,69.2033462524414,69.47529672103312,68.98865454878948,68.98865454878948,82947
2017-12-01,68.7166976928711,69.41803696355171,68.70238709794809,69.0745226256729,45209
2017-12-04,69.1461181640625,69.55403852352647,69.1461181640625,69.1890554250659,162182
2017-12-05,68.85987091064453,69.30357059047341,68.83124424420745,69.08172075055897,64994
2017-12-06,69.03876495361328,69.05307555300224,68.34458349374543,68.38752075188921,47867
2017-12-07,68.72386169433594,69.24628854402908,68.70239307009763,69.13178193479061,90175
2017-12-08,69.1389389038086,69.23197142740807,68.83120922116348,69.017279728338,665153
2017-12-11,69.04588317871094,69.25341678008179,69.01725653645923,69.21763757224745,117551
2017-12-12,69.38941192626953,69.39656995388496,68.87414313746457,69.05305560802323,82233
2017-12-13,69.66133880615234,69.68996544919672,69.11029094247608,69.11029094247608,401949
2017-12-14,69.5611801147461,69.77587730583151,69.32501975652379,69.43952092112,99969
2017-12-15,69.76155090332031,69.79733012041122,69.42519459481008,69.66135489953044,38795
2017-12-18,70.16948699951172,70.16948699951172,69.83313061481611,69.91185255421195,99165
2017-12-19,69.63272094726562,70.16945824502983,69.63272094726562,70.00485640466019,1138586
2017-12-20,69.06022644042969,69.71862314376797,69.06022644042969,69.68999648797374,83861
2017-12-21,69.89036560058594,69.91898678924636,68.8526700624598,68.93139198121334,451664
2017-12-22,69.66850280761719,69.91182656437825,69.65419221485446,69.68281886035426,62396
2017-12-27,69.91182708740234,69.91182708740234,69.5540022059395,69.5540022059395,21808
2017-12-28,69.70429229736328,69.9046733697376,69.70429229736328,69.87604672225916,48988
2017-12-29,69.53971099853516,69.61843293738104,69.31786123995658,69.53971099853516,147567
2018-01-03,70.27680206298828,70.29827614149909,69.62556364082303,69.92613522028392,281284
2018-01-04,70.5058364868164,70.59887448237455,70.16948556895443,70.39849335344358,246829
2018-01-05,70.8135757446289,70.82789180432388,70.58456792930228,70.72770122636705,308213
2018-01-08,70.70623016357422,71.0211124863266,70.68475607477075,70.98533325827444,142233
2018-01-09,71.20716094970703,71.21431897708798,70.8063987759761,70.8063987759761,130925
2018-01-10,70.57025909423828,71.06405942649975,70.48437911385193,71.0068061062422,136502
2018-01-11,70.54163360595703,70.71338810960579,70.25537245989095,70.71338810960579,94512
2018-01-12,70.73486328125,70.84221190344896,70.49870286438555,70.57026679252562,89036
2018-01-15,70.72051239013672,70.75629706380909,70.59169520888065,70.6417904760372,195418
2018-01-16,70.15513610839844,70.8564751857063,70.11935690096837,70.64893612670677,88246
2018-01-17,69.91182708740234,70.14798735958729,69.8116365573907,69.92613768027213,118508
2018-01-18,70.05494689941406,70.25532793667881,69.9046611214655,70.15513741804644,102325
2018-01-19,70.30546569824219,70.41281430737986,69.98342533080624,69.98342533080624,259306
2018-01-22,70.52731323242188,70.56309245823631,70.21958349854006,70.4342752333561,187366
2018-01-23,70.75631713867188,71.08551548195372,70.67043717347724,70.69906382854212,381758
2018-01-24,70.75631713867188,71.25726995236681,70.75631713867188,70.80641242004137,77975
2018-01-25,70.24105072021484,70.8779788027149,70.21958209316057,70.5344643899173,172837
2018-01-26,70.48435974121094,70.75631020770014,70.36985859214361,70.37701116022707,166800
2018-01-29,70.09076690673828,70.58456172325879,70.08360887752015,70.52015584022519,165901
2018-01-30,69.86172485351562,70.36983547931064,69.61840111920635,69.91182011352433,201145
2018-01-31,69.18904113769531,69.96194443601718,69.18904113769531,69.79018450751714,52346
2018-02-01,68.82404327392578,69.81879610708936,68.80973267962466,69.51106645985332,314404
2018-02-02,68.32308959960938,68.68091451175985,68.30162097847632,68.63797726949375,123419
2018-02-05,67.40705108642578,67.75055990571495,67.24960726926231,67.58596352229804,512440
2018-02-06,65.47482299804688,66.4624235833385,64.40850592868763,64.87367956350127,340305
2018-02-07,66.5053482055664,66.71288734043935,65.75391359516351,65.81832492804337,264128
2018-02-08,64.90229797363281,66.5912323512667,64.87367131943847,66.41231985753409,79442
2018-02-09,64.26535034179688,65.24578701418608,64.19378099814055,65.0382479295263,352601
2018-02-12,65.36031341552734,65.6107898143544,65.06689430548994,65.23865423037935,134289
2018-02-13,64.89514923095703,65.53207736298528,64.8665225726665,65.35316484365202,127866
2018-02-14,65.9399642944336,65.9399642944336,64.9809962972501,65.43185365204882,294423
2018-02-15,66.01869201660156,66.22623110740625,65.90418543134057,65.93281207765581,58995
2018-02-16,66.59123229980469,66.60554289690279,66.28350259242337,66.31212924659559,63095
2018-02-19,65.95429992675781,66.57691186918105,65.92567327446612,66.57691186918105,68592
2018-02-20,66.44092559814453,66.44092559814453,65.93281488932338,66.17613866339217,68581
2018-02-21,66.58409118652344,66.60555981761256,65.95432101467368,66.34076729423275,147337
2018-02-22,66.44092559814453,66.44092559814453,65.91134626866506,66.14035398897846,51349
2018-02-23,66.30498504638672,66.37654896675437,65.98293921476659,66.34792230661188,88307
2018-02-26,66.89180755615234,66.89180755615234,66.39800730023025,66.46957120950016,253331
2018-02-27,66.62699890136719,67.09933041577084,66.46955506323263,67.04923514545303,33364
2018-02-28,65.97579193115234,66.47674487384286,65.96147586994543,66.39086488653409,74385
2018-03-01,65.1814193725586,65.80403153159943,65.04544409185885,65.65374564976277,114424
2018-03-02,63.87177276611328,64.64467620073638,63.71432886721112,64.53016956154315,405308
2018-03-05,65.20288848876953,65.20288848876953,63.90756340713931,63.90756340713931,166314
2018-03-06,65.35386657714844,66.07283099387116,65.35386657714844,66.07283099387116,152140
2018-03-07,65.49763488769531,65.57672138533424,64.98717098446485,65.19567125230738,47904
2018-03-08,66.34600067138672,66.35319184765287,65.50481406183745,65.50481406183745,45707
2018-03-09,66.61202239990234,66.63359044443104,66.22378114260428,66.2597315403258,139675
2018-03-12,66.88524627685547,66.94995591457183,66.61204182438969,66.89962863424229,304652
2018-03-13,66.15908813476562,67.02184852935613,66.07281593498993,66.80615705939302,46013
2018-03-14,66.11592864990234,66.58325634602228,66.02965099538082,66.19501512856542,51344
2018-03-15,66.66584777832031,66.73819945075336,66.09426018196532,66.38367239177629,50039
2018-03-16,66.62966918945312,66.92631822256392,66.41985099539765,66.92631822256392,79791
2018-03-19,66.08699798583984,66.5572919562123,66.01464634118484,66.4849403115573,85319
2018-03-20,66.39813995361328,66.39813995361328,65.82655788219752,66.28961520592593,53161
2018-03-21,65.9278335571289,66.44153746467826,65.76865660998571,66.42706382216858,52152
2018-03-22,64.77740478515625,65.59499424903632,64.741231728572,65.53711073441059,352476
2018-03-23,64.31433868408203,64.82804238413493,64.1406936846455,64.46627874859838,251475
2018-03-26,63.86580276489258,65.0668616807774,63.786219777530185,64.58209933187045,492907
2018-03-27,64.82807922363281,65.01619796663402,64.54590386917006,64.71954896728295,135531
2018-03-28,65.73973083496094,65.76867260694262,63.967090081692355,64.27097040738207,79465
2018-03-29,65.68183898925781,65.8988994916461,65.43584223862376,65.80483736457482,99639
2018-04-03,64.82807922363281,65.44307664951117,64.65443412551991,65.09578645328538,220366
2018-04-04,64.27822875976562,64.9149369711437,64.06841048474065,64.85705340282189,93043
2018-04-05,65.62394714355469,65.62394714355469,64.97277675899431,65.2477152431403,71395
2018-04-06,65.4565200805664,65.8568457302894,65.42740498302864,65.59481540558653,13789
2018-04-09,65.61666870117188,65.98787935722848,65.36191846785405,65.59483376019301,28564
2018-04-10,66.08977508544922,66.08977508544922,65.76223433298382,65.95875989509071,30941
2018-04-11,65.71129608154297,66.02427656172259,65.67490636016441,66.02427656172259,32012
2018-04-12,66.25717163085938,66.32995660451108,65.58026082493726,65.79862129902989,42964
2018-04-13,66.54265594482422,66.81345407461188,66.42555782370792,66.66707444345153,31571
2018-04-16,66.63829040527344,66.94737885373945,66.35127890102846,66.94001800077054,223765
2018-04-17,67.38896942138672,67.48463810069919,66.71191658004777,66.71191658004777,67624
2018-04-18,67.49931335449219,67.9408690073259,67.31533136458775,67.44779862190633,48370
2018-04-19,67.46253204345703,67.79370307918204,67.21231916794969,67.75690442587275,157098
2018-04-20,67.28589630126953,67.46251744662908,67.12399124523789,67.42572441596687,21840
2018-04-23,67.22705841064453,67.26385707662574,66.7634255385972,67.07251411996208,33028
2018-04-24,67.27119445800781,67.58028293151412,67.13872716726424,67.33006444247128,34957
2018-04-25,66.86642456054688,67.22702774096157,66.52053747099814,66.99153098430709,143406
2018-04-26,67.63916778564453,67.65388388010244,66.8222869834007,66.91059477952201,74649
2018-04-27,67.67593383789062,67.73480942161474,67.4919518497663,67.65385689766526,47144
2018-04-30,68.03657531738281,68.09545093429742,67.62445722835632,67.63917893992891,41833
2018-05-02,68.13961791992188,68.13961791992188,67.71278365207431,67.71278365207431,117886
2018-05-03,67.71275329589844,68.33093027097155,67.6980315880997,67.9114514336901,48977
2018-05-04,68.19110107421875,68.19110107421875,67.74953971837009,67.84521396565738,16732
2018-05-07,68.9932632446289,68.9932632446289,68.345648501593,68.37508630100638,231149
2018-05-08,68.69892120361328,68.91234113259497,68.47814603254466,68.86818722131898,125147
2018-05-09,68.9417495727539,68.9417495727539,68.64737718872287,68.89759568028943,77552
2018-05-11,69.125732421875,69.42010480935943,68.94175038153303,69.42010480935943,37525
2018-05-14,69.1404800415039,69.39805950718349,69.06688831474781,69.2950299667872,158503
2018-05-15,69.16986846923828,69.29498049155389,68.93437174294546,69.10363764685195,103452
2018-05-16,69.03007507324219,69.19933543381794,68.83137129294711,69.05215202334449,172511
2018-05-17,69.07421875,69.08893484299439,68.74305331810585,68.89023670679516,41090
2018-05-18,68.83136749267578,69.02271040747674,68.5885098255846,68.5885098255846,49078
2018-05-22,68.79459381103516,69.06688374347975,68.61796694088417,69.06688374347975,72748
2018-05-23,67.63182067871094,68.4928555540395,67.43311686767322,68.4928555540395,225374
2018-05-24,67.4110107421875,67.95559594715185,67.19023568785983,67.63915226408409,96949
2018-05-25,67.32270812988281,67.94824592048415,67.27119338512003,67.63179659845956,93498
2018-05-28,67.47727966308594,67.79372911313477,67.19762326578937,67.19762326578937,24923
2018-05-29,66.40280151367188,67.13136883275749,66.23353556343665,67.03569457687769,338936
2018-05-30,65.93179321289062,66.53525962145639,65.93179321289062,66.417508434999,409808
2018-05-31,65.10022735595703,66.4175399014492,64.94568306152789,66.36602513663948,71590
2018-06-01,66.33656311035156,66.49110734836536,65.65214970504125,65.79197785049067,231973
2018-06-04,66.3807373046875,66.68983148993499,66.21147692234257,66.68983148993499,113027
2018-06-05,65.86557006835938,66.36600143983492,65.76990142921194,66.13786550780613,53652
2018-06-06,65.63741302490234,65.85818803223766,65.16641960496564,65.60061438300423,63551
2018-06-07,65.70368957519531,66.2335589451063,65.4976305123829,65.97598511659078,160367
2018-06-08,65.48292541503906,65.74049928682587,65.05608550482702,65.2768607029203,162808
2018-06-11,66.35128784179688,66.35128784179688,65.83613474358478,65.83613474358478,137183
2018-06-12,66.35128784179688,66.50583208685455,66.19673798205271,66.47639428569788,42716
2018-06-13,66.40280151367188,66.54998490238273,66.29241116479554,66.4984701548653,84961
2018-06-14,66.85171508789062,66.85171508789062,65.8729348476624,65.99804129431529,44582
2018-06-15,66.49847412109375,66.8664382295041,66.38072291135282,66.8664382295041,96984
2018-06-18,65.49759674072266,66.24824088459293,65.2841769315131,66.20408699809629,80304
2018-06-19,65.04131317138672,65.10754960954903,64.78373950005538,64.91620676169505,97910
2018-06-20,65.76988983154297,66.04217960828868,65.35776631820347,65.35776631820347,201737
2018-06-21,65.01188659667969,66.11577876260219,65.01188659667969,65.92444149641614,42843
2018-06-22,66.2776870727539,66.2776870727539,65.12228010741195,65.12228010741195,42363
2018-06-25,65.06340789794922,65.76989822062151,65.01924839268558,65.71838347671893,81977
2018-06-26,65.24002838134766,65.2768214182092,64.91621821472485,65.2768214182092,73282
2018-06-27,65.49024963378906,65.6742316857216,64.39371817638349,65.04133297789878,51037
2018-06-28,65.04131317138672,65.43871495630577,64.73958561773712,65.04131317138672,111471
2018-06-29,66.21881866455078,66.2408956111201,65.80669507474046,65.81405592849234,88504
2018-07-02,65.6006088256836,65.80666772761417,65.41662686114786,65.5711710375958,184679
2018-07-03,66.29975128173828,66.4469402515634,65.78460392406308,65.8802725434356,48338
2018-07-04,66.6162338256836,66.6162338256836,66.19675487783626,66.19675487783626,14351
2018-07-05,66.76341247558594,66.96947148951143,66.54263175227318,66.59414650575455,41768
2018-07-06,66.85171508789062,66.92531239974441,66.52791049741765,66.83699899433182,33511
2018-07-09,67.381591796875,67.4331065520991,67.00627241510813,67.08722497541562,127276
2018-07-10,67.484619140625,67.60973121188425,67.27856012634439,67.44782609646748,263323
2018-07-11,66.73400115966797,66.96213721353946,66.49114339056582,66.84439156514068,64317
2018-07-12,67.77898406982422,67.77898406982422,66.78548215247672,66.9694641969739,84057
2018-07-13,68.08808135986328,68.16167867892636,67.74955502798426,67.74955502798426,104224
2018-07-16,68.03657531738281,68.18376435966931,67.80843932019856,68.0144983647118,140709
2018-07-17,67.8956527709961,67.95499050846614,67.5544692686805,67.91790300785783,42479
2018-07-18,68.68927764892578,68.68927764892578,68.19233682236657,68.19233682236657,70667
2018-07-19,68.59286499023438,69.0007992504204,68.54094587861947,68.68186594799778,380045
2018-07-20,69.02303314208984,69.06753926918924,68.60768034754491,68.72635580813342,95726
2018-07-23,68.87469482421875,68.96370142011128,68.56318022673108,68.8301943556512,60582
2018-07-24,69.19364166259766,69.36423059816511,68.91920884868487,69.02304706827165,73326
2018-07-25,69.21588897705078,69.32714582441015,69.10463212969142,69.13430099957114,24845
2018-07-26,70.28396606445312,70.35071679699465,69.9576140597791,69.9576140597791,105929
2018-07-27,70.45451354980469,70.5954392249663,70.22458695033605,70.22458695033605,65971
2018-07-30,70.41742706298828,70.68444113577291,70.27650139714189,70.28392002659596,58663
2018-07-31,70.71411895751953,70.71411895751953,70.40260436111151,70.45452346051286,21966
2018-08-02,70.35807037353516,70.38032059714162,70.12814385126205,70.26165085165557,152418
2018-08-03,70.38774871826172,70.49900551005473,70.18748536128322,70.47674962469173,48281
2018-08-06,70.35066986083984,70.6918532477521,70.31358803153236,70.43225780757497,262585
2018-08-07,70.80309295654297,70.81051158411559,70.35065287344544,70.41740920408932,69133
2018-08-08,70.46195220947266,70.64737839949758,70.32102649425107,70.5509588178376,45972
2018-08-09,70.30616760253906,70.40258714677789,70.18007920035997,70.37291828883762,50550
2018-08-10,69.41613006591797,70.01691463353846,69.32712913646083,70.01691463353846,46030
2018-08-13,69.23812866210938,69.34938549251196,68.87469496430124,69.08978999407758,69987
2018-08-14,69.20108795166016,69.6757787619863,69.01566167704023,69.53485298247169,48557
2018-08-15,68.54090881347656,69.29002621042284,68.45190224508684,69.18618804334601,11938
2018-08-16,69.16397094726562,69.17138957954074,68.82278742646953,69.03788249238067,36735
2018-08-17,69.17137145996094,69.36421057853212,68.90435735558567,69.31229148372343,14503
2018-08-20,69.73503112792969,69.73503112792969,69.29742833642607,69.40868510572923,30823
2018-08-21,69.86117553710938,69.92792625158128,69.3642290303098,69.42356677123489,13771
2018-08-22,69.50511932373047,69.66829519872492,69.40128115941684,69.59412588975168,29725
2018-08-23,69.61641693115234,69.7128365234707,69.4532409604914,69.54224757869524,29738
2018-08-24,69.54961395263672,69.7127898139653,69.36418786635515,69.51253213063345,15164
2018-08-27,69.95755767822266,69.99464516113987,69.512536176993,69.95755767822266,53165
2018-08-28,69.81668090820312,70.03919464396446,69.63867331484967,70.03919464396446,25046
2018-08-29,69.7944107055664,69.80182933697259,69.60898453171593,69.7944107055664,19270
2018-08-30,69.49028015136719,69.66828760525219,69.25293499326888,69.66828760525219,40872
2018-08-31,69.00076293945312,69.35678355943068,68.93401225625746,69.35678355943068,59011
2018-09-03,69.18619537353516,69.18619537353516,68.88209946880752,68.88209946880752,190685
2018-09-04,68.74858856201172,69.49029302582885,68.45932427382351,69.4383739397119,56561
2018-09-05,68.2961654663086,68.60768006091584,68.19232726810617,68.51126049365857,57767
2018-09-06,67.75472259521484,68.33325135053647,67.75472259521484,67.94756739990797,27089
2018-09-07,67.8733901977539,67.96239112902444,67.62120768872092,67.72504588104124,33917
2018-09-10,68.65956115722656,68.77081792479395,68.1032829781439,68.1552020485081,116334
2018-09-11,68.47418212890625,68.845034503014,68.31842481083197,68.74861492289892,41723
2018-09-12,68.8301773071289,68.99334753771346,68.59283210229422,68.59283210229422,36006
2018-09-13,68.8821029663086,69.08236070312601,68.8005150138535,68.81534661486506,57881
2018-09-14,68.9192123413086,69.01563759206755,68.76345500403512,68.92663097415748,63418
2018-09-17,68.6744155883789,68.82275988071561,68.42223877954072,68.68925284699064,12176
2018-09-18,68.57798767089844,68.77083239801692,68.23680432830756,68.5112369915625,40327
2018-09-19,68.82276153564453,68.8746806245218,68.51124700238091,68.60766655065119,62998
2018-09-20,69.19364166259766,69.25297940486398,68.81537062909811,68.8672897388915,27903
2018-09-21,69.17137145996094,69.64606194357097,69.15653419929735,69.60897445066894,71866
2018-09-24,68.80792236328125,69.11944254663847,68.68925258861442,69.1120239173605,42329
2018-09-25,69.37905883789062,69.43839657243795,68.85986214873826,68.85986214873826,51240
2018-09-26,69.83145904541016,69.83145904541016,69.1565054348752,69.26776220854909,18192
2018-09-27,70.05398559570312,70.12816057041493,69.21586157376689,69.49029426743475,52326
2018-09-28,69.89826965332031,70.06144564013428,69.47549807782933,69.82410029352108,59066
2018-10-01,70.21713256835938,70.37288976534734,69.87594932846854,69.89819954821628,101126
2018-10-02,69.87596893310547,69.87596893310547,69.63120512970102,69.83146848112477,48329
2018-10-03,70.50643920898438,70.6844523916921,70.12817392793406,70.12817392793406,43264
2018-10-04,69.99468231201172,70.35811607072648,69.84633796036194,70.3432788061823,70479
2018-10-05,69.5793228149414,69.96501246508886,69.52740370727828,69.96501246508886,43845
2018-10-08,68.8895263671875,69.38647278703898,68.74118769958724,69.33455368750315,62415
2018-10-09,68.9192123413086,68.97855008658198,68.3629337115781,68.8895434686719,291150
2018-10-10,68.41482543945312,69.12686112144905,68.38515657869205,68.87468429311483,135009
2018-10-11,66.53832244873047,67.62121054201891,66.38998378451568,67.39870254569674,124794
2018-10-12,66.59766387939453,67.19844285924003,66.59766387939453,67.00559805803671,61060
2018-10-15,66.52349090576172,66.54574113953825,66.06363199226975,66.43448431189825,241701
2018-10-16,67.59154510498047,67.67313307206311,66.57541332019093,66.57541332019093,100269
2018-10-17,67.2206802368164,68.28131795242822,67.13167931386718,68.05139135646733,133630
2018-10-18,67.47288513183594,67.8808193679378,67.26520869763739,67.31712780618703,80208
2018-10-19,68.17748260498047,68.3851589788403,67.48769712965645,67.48769712965645,230932
2018-10-22,68.19970703125,68.7189034282029,68.1181191068539,68.25162610506983,91624
2018-10-23,67.40611267089844,67.63604494710474,67.11684832676647,67.3986996991309,64687
2018-10-24,67.20584106445312,68.06621528898573,67.13167175076589,67.6063621488713,69978
2018-10-25,66.75342559814453,66.93143314862067,66.19714705149333,66.36032299724563,372270
2018-10-26,66.85726165771484,67.01301896671791,66.10813832119344,66.45674043795363,87349
2018-10-29,67.36904907226562,67.86598993554955,66.97594642940645,66.97594642940645,34847
2018-10-30,68.05139923095703,68.12556856158265,67.43578303512567,67.5470398604427,42162
2018-10-31,69.39386749267578,69.4457865785449,68.49640577479182,68.5260746322536,284999
2018-11-01,69.32711029052734,69.71279408376328,69.074927855186,69.18618464552026,231835
2018-11-02,69.00820922851562,69.75733259537286,69.00820922851562,69.63865712156029,130061
2018-11-05,69.20844268798828,69.49770698027255,68.97851611175105,68.99334771138477,28324
2018-11-06,69.17137145996094,69.47546739848131,68.94885782006257,69.44579853591107,103556
2018-11-07,69.60897064208984,69.7350590570469,69.23811836838797,69.23811836838797,84277
2018-11-08,69.9056625366211,70.20976415616695,69.69798614217873,69.69798614217873,58238
2018-11-09,69.71282196044922,69.79440992873594,69.40872598127314,69.70540898788329,38909
2018-11-12,69.04530334472656,70.03919080894468,69.04530334472656,69.9353525802776,43209
2018-11-13,69.3419418334961,69.56445541398814,68.88208873332046,69.33452886390033,32722
2018-11-14,68.68927764892578,69.25297484582954,68.65219014776122,68.95629181278765,48390
2018-11-15,68.18486785888672,68.82273392851276,67.71759624642979,68.67438969211484,66969
2018-11-16,68.48157501220703,69.00818450638727,68.10330414839225,68.78567090208306,37119
2018-11-19,67.75472259521484,68.9414489726384,67.68797188902745,68.7708600620988,89321
2018-11-20,67.37641906738281,67.72502101019317,67.01298552772636,67.47284425252482,58157
2018-11-21,67.90308380126953,67.90308380126953,67.28004876159055,67.47289361420061,37504
2018-11-22,67.4654312133789,67.83628341155628,67.42093076039937,67.83628341155628,42792
2018-11-23,68.00688171386719,68.00688171386719,67.30225910269145,67.46543498441122,31888
2018-11-26,68.56320190429688,68.92663571627237,68.3481068069516,68.3481068069516,52759
2018-11-27,68.36293029785156,68.72636972543339,68.05141563886019,68.31101118801966,59119
2018-11-28,68.3851318359375,68.6892333046426,68.29613094461271,68.66698308181141,19644
2018-11-29,69.27522277832031,69.28264141005806,68.60768739087374,68.89695178230758,32070
2018-11-30,69.41613006591797,69.64606233744848,68.93402660800658,69.26779141098477,104933
2018-12-03,70.06887817382812,70.52131871474471,69.92053376604206,70.18754804129644,283120
2018-12-04,69.853759765625,70.06885484121872,69.76475315059214,69.8982602437621,74447
2018-12-05,68.71895599365234,69.29006624253195,68.71895599365234,68.97855156132489,97653
2018-12-06,66.50123596191406,68.29615970368548,66.50123596191406,68.29615970368548,316211
2018-12-07,67.01297760009766,67.82143817206568,67.01297760009766,67.09456551998676,69276
2018-12-10,65.70761108398438,66.94626212858748,65.70761108398438,66.57540981004031,372907
2018-12-11,67.01297760009766,67.27257295485644,66.33802967772482,66.37511149483075,30397
2018-12-12,68.03657531738281,68.214582862753,67.07235693400844,67.12427603718966,316175
2018-12-13,67.865966796875,68.25165067570376,67.84371656562136,68.15523112068574,168850
2018-12-14,67.06492614746094,67.2577709209357,66.66440499890112,67.22068342877473,94037
2018-12-17,66.071044921875,66.8424183591917,66.04137605981396,66.83499972898723,415165
2018-12-18,65.49250030517578,66.1451981352568,65.49250030517578,66.01910974627901,176183
2018-12-19,65.63345336914062,65.81887956123464,65.38127646409677,65.54445241854083,83916
2018-12-20,64.64697265625,65.06232540219895,64.43929062451878,64.5653847013305,82260
2018-12-21,64.60245513916016,64.96588872775959,64.0535954418612,64.86205055958833,95037
2018-12-27,63.096778869628906,65.26997249848547,62.49600025175102,64.77303202051847,81353
2018-12-28,64.75082397460938,64.83982491893023,63.638266900535385,63.697598977163324,83194
2019-01-03,65.1142349243164,65.32191126676457,64.45411841063931,65.01781538211002,179375
2019-01-04,66.20454406738281,66.20454406738281,64.8472234986185,65.54442752691942,66303
2019-01-07,65.68536376953125,66.63474484180425,65.30709846210712,66.63474484180425,73552
2019-01-08,66.38998413085938,66.61249212834234,65.70019858702322,65.99688157575785,124024
2019-01-09,66.63473510742188,66.8275798779172,66.32322054960717,66.75341055349799,44544
2019-01-10,67.62863159179688,67.71763818876371,66.26389206542609,66.38998615915185,162099
2019-01-11,67.88825225830078,68.06625985946252,67.6657441715385,67.86600201550051,104163
2019-01-14,67.25775909423828,67.39868474916122,67.08716458255495,67.33192840676136,55443
2019-01-15,67.79923248291016,67.92532092964731,67.46546195719895,67.82889569257698,43938
2019-01-16,68.14781188964844,68.2368184726347,67.82887870739347,67.97722301237056,445453
2019-01-17,68.51126098632812,68.57059305804374,67.82888840340289,67.82888840340289,35676
2019-01-18,69.2603759765625,69.29746347138564,68.90436092479206,69.02303072246313,235034
2019-01-21,69.14170837402344,69.32713453651169,69.0452831479248,69.17879021126664,42427
2019-01-22,68.86722564697266,69.26774654638396,68.67438099345908,68.98590102105895,21159
2019-01-23,68.7931137084961,69.24555404650329,68.53351818474394,68.67443823549053,28748
2019-01-24,68.62992095947266,68.90435367953873,68.28873754625238,68.83018435644851,41697
2019-01-25,68.62992095947266,68.97852300262893,68.399994360266,68.56317026631845,40720
2019-01-28,68.08849334716797,68.39258932993313,67.97723651103134,68.21458178736918,163423
2019-01-29,68.61509704589844,68.8969427687215,67.9994808436393,68.01431244641641,28134
2019-01-30,68.92658233642578,68.92658233642578,68.14779054085047,68.14779054085047,52210
2019-01-31,68.90435791015625,69.2084538511241,68.57058744762239,68.97852723780034,116958
2019-02-01,69.0378646850586,69.29746016014471,68.62250626616387,69.29746016014471,27988
2019-02-04,69.09721374511719,69.2307151609836,68.79311209673378,68.91178756695888,25653
2019-02-05,70.25426483154297,70.32101553334358,69.26037766537185,69.26779629626881,88736
2019-02-06,70.1504135131836,70.40259032894005,70.03173807605846,70.09107579462103,41617
2019-02-07,69.6015396118164,70.31358083017115,69.6015396118164,69.97981044805069,44514
2019-02-08,69.14170837402344,69.38647226660972,68.99336404877839,69.28263406831688,21217
2019-02-11,69.52741241455078,69.86118299883492,69.47549330038557,69.5348310476484,23436
2019-02-12,70.20233154296875,70.20975017236621,69.83147929568287,69.95756770165858,47756
2019-02-13,70.37291717529297,70.46934237676206,70.09107151745428,70.2616660332224,35499
2019-02-14,70.21713256835938,70.90691767430822,70.2023009747788,70.71407300523818,58624
2019-02-15,70.93659210205078,70.98851117179882,69.87595482683723,69.87595482683723,58480
2019-02-18,71.22588348388672,71.3445589221796,70.88470008692923,71.00337552522211,36721
2019-02-19,71.0552978515625,71.2036364974295,70.8327842240054,71.04046059172184,38948
2019-02-20,71.50028991699219,71.61895965292169,71.14426939169512,71.14426939169512,41595
2019-02-21,71.6041488647461,71.94533223547185,71.33713480787274,71.33713480787274,63231
2019-02-22,71.81925201416016,72.01950975024072,71.5670695278387,71.60415701836602,49402
2019-02-25,72.25687408447266,72.2791243211703,71.82668397912485,71.88602171615725,17637
2019-02-26,72.64997100830078,72.76864647308523,71.73767742249021,71.73767742249021,47075
2019-02-27,72.30136108398438,72.46453132950771,72.10109768918394,72.3532801754592,40505
2019-02-28,72.1382064819336,72.33104564506695,71.76735410224266,72.33104564506695,49277
2019-03-01,72.24203491210938,72.56096814180212,72.20494741565959,72.38295494935213,41559
2019-03-04,72.51007080078125,72.83770079748228,72.51007080078125,72.75579329830703,43438
2019-03-05,72.68878173828125,72.68878173828125,72.11542923957506,72.36859942470913,59751
2019-03-06,72.52497100830078,72.70367570890917,72.3090335579773,72.51007563604675,19551
2019-03-07,72.37516784667969,72.98927811077273,72.1355152000524,72.3152532565804,45024
2019-03-08,71.94831848144531,72.26286164910319,71.67121766397203,72.01572385381334,69508
2019-03-11,72.49504852294922,72.49504852294922,71.93336169776245,72.18799031590234,18586
2019-03-12,72.34524536132812,72.80957508736007,72.2703549445546,72.80957508736007,28317
2019-03-13,72.81703186035156,72.81703186035156,72.36767814187318,72.36767814187318,14606
2019-03-14,73.46862030029297,73.48360181222647,72.81706737550248,72.81706737550248,41862
2019-03-15,73.43116760253906,73.8430677023164,73.41618609271626,73.76817729451797,47002
2019-03-18,73.62586975097656,73.70825090051778,73.48357971303614,73.49106475297918,48868
2019-03-19,74.09019470214844,74.40473777316545,73.82807547630092,73.82807547630092,61215
2019-03-20,73.3188247680664,73.78314869703091,73.21397706063755,73.56596824147937,32395
2019-03-21,73.3038330078125,73.40868070057871,72.98179917609605,73.02673798283209,24035
2019-03-22,72.36022186279297,73.55848558952039,72.3527311075025,73.55848558952039,35266
2019-03-25,72.19544219970703,72.41262834082131,71.9258322116873,71.95578951188624,21863
2019-03-26,72.89195251464844,72.98181872465018,72.35273239954888,72.6448090095991,11103
2019-03-27,72.74964904785156,73.3487837155299,72.4276151638845,73.05670713632392,54643
2019-03-28,73.10911560058594,73.41616791064727,72.6672525905937,72.6672525905937,30515
2019-03-29,73.58841705322266,73.59590209211228,73.22893520456563,73.3337828867218,39064
2019-04-01,74.16509246826172,74.23998286684088,73.73072015722292,73.73072015722292,25180
2019-04-02,74.06024169921875,74.18007090299788,73.73071710259707,73.73071710259707,20382
2019-04-03,74.21751403808594,74.30738594188205,73.8430563429253,74.19504749057965,21505
2019-04-04,74.2774658203125,74.36733776909414,74.16512731277889,74.18010882779609,28932
2019-04-05,74.48070526123047,74.65386620517083,74.2774348646701,74.65386620517083,162582
2019-04-08,74.4581298828125,74.71410047023171,74.30002938872055,74.43554491849753,14902
2019-04-09,74.68395233154297,75.14319888302701,74.35269676120707,74.42045162426965,69114
2019-04-10,74.53340911865234,74.7893796858326,74.375308637061,74.5785790437108,21735
2019-04-11,74.56351470947266,74.90983082603525,74.42046897336938,74.53339951535165,18054
2019-04-12,73.9989013671875,74.54848811393151,73.77304018059579,74.53343338197341,110977
2019-04-15,74.64180755615234,74.75526909844214,74.24091510816967,74.25604062072456,20441
2019-04-16,75.15620422363281,75.23940901716665,74.81582517437405,74.81582517437405,103561
2019-04-17,75.29991149902344,75.50413774417346,75.09567948297723,75.23183223670931,65479
2019-04-18,75.16374206542969,75.54950330631806,74.86117981640153,75.54950330631806,28338
2019-04-23,75.8006362915039,75.89920460604735,75.04240246769751,75.20921483451332,17901
2019-04-24,75.91438293457031,76.30866203168891,75.61108820647442,75.61108820647442,51560
2019-04-25,76.21769714355469,76.21769714355469,75.86891011532643,75.86891011532643,58673
2019-04-26,76.41485595703125,76.41485595703125,76.12672899001677,76.24804347643958,24364
2019-04-29,76.7181167602539,76.7181167602539,76.27833964954225,76.44515205600987,34970
2019-04-30,76.930419921875,76.96074997565526,76.20251598574734,76.20251598574734,88076
2019-05-02,76.58162689208984,76.90008375416441,76.58162689208984,76.85459156954398,162998
2019-05-03,76.7181167602539,77.03657365358316,76.58163440813189,76.58163440813189,55949
2019-05-06,76.35346984863281,76.35346984863281,75.53295355764871,75.53295355764871,59918
2019-05-07,75.69247436523438,76.53578155243343,75.6696832190383,76.32305645950467,28818
2019-05-08,76.09514617919922,76.11033834594838,75.4265749157443,75.54813543503595,23481
2019-05-09,74.62883758544922,75.84441350096934,74.51487607542352,75.77603427642465,31472
2019-05-10,74.833984375,75.47215973362705,74.833984375,75.32021487576102,10928
2019-05-13,73.99824523925781,74.94791469613658,73.74753111152445,74.94791469613658,24290
2019-05-14,74.26416015625,74.49967635409607,74.0742262428069,74.36292370456411,34412
2019-05-15,74.65164947509766,74.68203960597197,74.05905641386053,74.59846819514881,28749
2019-05-16,76.32307434082031,76.32307434082031,74.85678369666178,75.05431667051343,16069
2019-05-17,76.42940521240234,76.42940521240234,75.95837281916205,76.14070775214788,18602
2019-05-20,75.79884338378906,76.52059592079462,75.54053597641256,76.29267284672454,44142
2019-05-21,76.15589904785156,76.23187145270391,75.95077297511791,76.18628916905709,20066
2019-05-22,76.36864471435547,76.36864471435547,75.76845849658599,76.11033730886729,15403
2019-05-23,75.86719512939453,76.186282680392,75.70005237516087,76.01913992615833,25603
2019-05-24,76.49019622802734,76.61175093502942,76.18630076603641,76.18630076603641,10036
2019-05-27,76.97638702392578,77.18911199891889,76.91560680355038,77.0371672443012,6941
2019-05-28,76.6725082397461,76.94601349404948,76.38381082523568,76.94601349404948,37023
2019-05-29,75.6164779663086,76.00394471774055,75.53290659254243,76.00394471774055,14870
2019-05-31,75.39618682861328,75.48735722055208,75.06190698415384,75.30502223299922,9644
2019-06-03,75.93561553955078,75.9736046604114,74.79601146964461,74.94036317332372,229411
2019-06-04,76.03435516357422,76.35344278708914,75.60889920256392,75.60889920256392,25187
2019-06-05,76.33824920654297,76.58136440990073,75.9203922337451,75.9203922337451,13659
2019-06-06,76.71813201904297,77.24994481863607,76.64215379367985,76.64215379367985,16707
2019-06-07,77.31072235107422,77.44747503704531,76.6877391808336,76.88526633009494,17235
2019-06-11,77.8729248046875,78.16162234167682,77.15877124921577,77.15877124921577,56110
2019-06-12,78.14644622802734,78.22241866954415,77.46268266172459,77.49307279759645,36459
2019-06-13,78.13124084472656,78.45033434292597,77.90332354181292,77.90332354181292,45574
2019-06-14,78.02486419677734,78.08564445178243,77.70577655248687,77.7969469349945,12998
2019-06-17,78.13124084472656,78.13124084472656,77.79696097452153,78.10085650806491,19545
2019-06-18,79.14927673339844,79.2556392828449,77.78174996005225,77.93370059949306,36560
2019-06-19,78.76939392089844,79.16445391602458,78.69342151371914,79.16445391602458,25750
2019-06-20,79.04291534423828,79.65070052195065,79.04291534423828,79.31642070292236,43644
2019-06-21,78.7998046875,79.02772196874905,78.51110134973004,78.51110134973004,58159
2019-06-24,78.34392547607422,78.9365182282955,78.26794729034593,78.67820514872723,31233
2019-06-25,78.40473937988281,78.66305258948968,78.1312340032754,78.14643196660064,79956
2019-06-26,78.00965118408203,78.45029922062498,77.93367878379043,77.9640689031716,72928
2019-06-27,78.11605834960938,78.28320120357202,77.7361903347219,78.07047604264717,28694
2019-06-28,78.2983627319336,78.2983627319336,77.79694016260194,77.88810474084936,7349
2019-07-01,79.11890411376953,79.27084899051007,78.75423409106203,78.75423409106203,108945
2019-07-02,79.37718200683594,79.62029717913755,79.04289647130012,79.0732865923782,171168
2019-07-03,79.65071868896484,79.89383977109087,79.39241123369439,79.39241123369439,73627
2019-07-04,79.72669219970703,79.77227450174108,79.52915923035069,79.77227450174108,6270
2019-07-05,78.95173645019531,79.68108206263936,78.95173645019531,79.68108206263936,63226
2019-07-08,79.08848571777344,79.14926596528072,78.81498040031411,78.81498040031411,54722
2019-07-09,78.76939392089844,79.01250910166603,78.46549849585817,78.92133873525701,35269
2019-07-10,78.64783477783203,79.19484539299793,78.41991755239505,78.63264261466551,32047
2019-07-11,78.23757934570312,78.78458414170376,78.14640898154153,78.76939197917164,122617
2019-07-12,77.40187072753906,78.28316691833818,77.35628844054027,78.14641426101844,64359
2019-07-15,77.76652526855469,77.76652526855469,77.08276216786435,77.24990490317995,31346
2019-07-16,77.9956283569336,78.1025339808857,77.65963592398725,77.73600207759839,32887
2019-07-17,78.8050765991211,79.11052380666764,77.9040105411153,77.91928610574912,71515
2019-07-18,79.29378509521484,79.4159663013511,78.36217961506843,78.36217961506843,45203
2019-07-19,78.60652923583984,79.49231959815269,78.5759839370125,79.4465045628717,49393
2019-07-22,78.54541778564453,78.75922899475248,78.45378191349035,78.5759630763626,78435
2019-07-23,79.03414154052734,79.12577742515165,78.69814912282416,78.82033030232324,27306
2019-07-24,78.43852233886719,78.94250513618469,78.20943554177425,78.91195984151102,31768
2019-07-25,78.19418334960938,79.18687943257025,78.16363804808311,79.07997379018863,4484
2019-07-26,78.92725372314453,79.14106500957288,78.19418395856704,78.19418395856704,14489
2019-07-29,79.00360870361328,79.09524460268753,78.60653145946534,78.63707675915676,34377
2019-07-30,78.19418334960938,78.89670780695164,78.02618710417524,78.89670780695164,28135
2019-07-31,78.48433685302734,78.78978397184098,78.07198411651683,78.25525588335654,169178
2019-08-02,77.46112823486328,78.13310751771779,77.0945903731743,77.7971149633297,73849
2019-08-05,76.0255355834961,76.97242272748979,75.72009413154692,76.8502414859723,50564
2019-08-06,75.55968475341797,76.26221482151121,75.55968475341797,75.6055056046337,64088
2019-08-07,75.45279693603516,76.36150065816173,74.8877234624224,75.39171216320794,275635
2019-08-08,77.14035034179688,77.15562589750118,76.2316528585862,76.30801315935518,23446
2019-08-09,77.0945816040039,77.56802507443304,77.0945816040039,77.0945816040039,5258
2019-08-12,77.26258087158203,77.93456010417646,77.18622052200195,77.61384314038739,13187
2019-08-13,77.43060302734375,77.70550503849036,76.36154029798729,76.89606874970393,35911
2019-08-14,76.09424591064453,77.59856859039405,75.97970248041452,77.59856859039405,68179
2019-08-15,75.94149017333984,76.49893154546909,75.315326265069,76.33857313522006,19507
2019-08-16,77.01822662353516,77.01822662353516,75.78116794901638,75.78116794901638,3576
2019-08-19,77.79710388183594,77.96510013510044,77.33893598942784,77.43057189827779,211717
2019-08-20,77.35419464111328,77.98035864988115,77.33891908001773,77.62909648163767,37657
2019-08-21,77.96510314941406,78.07200880091182,77.35421454455849,77.35421454455849,15796
2019-08-22,77.5374526977539,77.90398456385213,77.5374526977539,77.67490360402049,29538
2019-08-23,77.1709213256836,78.14834748321758,77.1709213256836,77.82763061763663,4144
2019-08-26,76.88072967529297,77.20144645710592,76.52946760579528,76.72800906278717,25185
2019-08-27,77.24730682373047,77.4763878596942,76.69750301594406,76.86549927120335,26134
2019-08-28,77.12513732910156,77.24731856091685,76.57533343777632,77.18622794500921,15990
2019-08-29,77.91928100585938,77.91928100585938,76.95712440413412,76.95712440413412,11450
2019-08-30,78.23999786376953,78.65235069272535,78.14836195980584,78.14836195980584,40095
2019-09-02,78.57598114013672,78.78979239839758,78.31634902230579,78.31634902230579,23851
2019-09-03,77.90400695800781,78.3010900573312,77.85819191805535,77.91928252193905,9803
2019-09-04,78.30106353759766,78.9577727421254,78.30106353759766,78.57596533604735,42391
2019-09-05,79.07998657226562,79.18689223192692,78.30110164817309,78.62181862715698,47873
2019-09-06,79.62975311279297,79.6450286718255,78.72868738519323,78.72868738519323,18941
2019-09-09,79.5839614868164,79.98103874962928,79.55341618568919,79.84358780751704,38504
2019-09-10,79.32432556152344,79.43123119741593,78.77452764518499,79.43123119741593,55248
2019-09-11,79.95050811767578,79.96578368400237,79.53816104160286,79.56870052241293,20434
2019-09-12,79.90464782714844,80.22536462735269,79.59920075870323,79.62974604813958,15116
2019-09-13,79.4923324584961,80.16431748957197,79.41597211203411,80.16431748957197,18232
2019-09-16,78.789794921875,79.1105118195382,78.63707425420301,78.85088551931182,17979
2019-09-17,79.21739959716797,79.30903547266924,78.7745074303753,78.7745074303753,27715
2019-09-18,79.27852630615234,79.46179231474608,78.62181679727665,78.62181679727665,41020
2019-09-19,79.76722717285156,79.76722717285156,79.18687810542026,79.26324427091632,13753
2019-09-20,79.614501953125,80.08793952704482,79.614501953125,80.08793952704482,9314
2019-09-23,79.12577056884766,79.53812327504747,78.91195352325167,79.53812327504747,15805
2019-09-24,79.14104461669922,79.49230675759351,79.04940873501931,79.35485584803321,19254
2019-09-25,78.42327117919922,78.65235804757029,77.90401266002308,78.65235804757029,11433
2019-09-26,79.3548812866211,79.43124163287344,78.39273043718391,78.39273043718391,11846
2019-09-27,79.3548812866211,79.6145134549842,79.3548812866211,79.6145134549842,4619
2019-09-30,79.7519302368164,79.85883584094738,79.40066813382627,79.50757373795724,6334
2019-10-01,78.66763305664062,80.10323331955075,78.6218180102657,79.85887669568201,33537
2019-10-02,77.10985565185547,78.60654055438253,77.10985565185547,78.53017438335819,47110
2019-10-03,77.21676635742188,77.53748332341397,76.77386817052542,77.33894175240498,241593
2019-10-04,77.81237030029297,77.81237030029297,77.2320212642985,77.59855903069504,21423
2019-10-07,78.57598114013672,78.60652643787682,77.88872650578406,77.9039962416942,7516
2019-10-08,77.38472747802734,78.39270469082575,77.38472747802734,78.33161410351936,15591
2019-10-09,77.8429183959961,78.13309001145706,77.61383155552878,77.61383155552878,21254
2019-10-10,78.36217498779297,78.42325976133348,77.67492030866022,77.87346184394751,18265
2019-10-11,79.44647216796875,79.44647216796875,78.56067634092585,78.56067634092585,36920
2019-10-14,78.95775604248047,78.95775604248047,78.42322229147442,78.56067316162827,16213
2019-10-15,79.52287292480469,79.72141447426516,78.94252384033904,79.2479710335273,42368
2019-10-16,79.339599609375,79.7977674438687,79.339599609375,79.7977674438687,9322
2019-10-17,79.26322174072266,79.8893856687311,79.26322174072266,79.29376120713582,21968
2019-10-18,78.88143920898438,79.30906178469,78.86616364504023,78.98834485291079,13755
2019-10-21,79.1104965209961,79.24794742568838,78.85087027097673,78.92723059004602,25240
2019-10-22,79.26322174072266,79.40067264325714,78.69814257145936,79.29376120713582,57540
2019-10-23,79.40070343017578,79.4465184734787,79.0494353451164,79.11052595346769,7010
2019-10-24,80.05738067626953,80.05738067626953,79.59921291658092,79.59921291658092,258119
2019-10-25,80.714111328125,80.714111328125,80.02686241939473,80.10322276192913,39601
2019-10-28,80.9889907836914,81.18753228001076,80.63772864461508,80.72936452582071,84266
2019-10-29,81.17227935791016,81.2028188320514,80.79047184602143,80.80574158309206,42608
2019-10-30,81.15699768066406,81.26390330986516,81.03482231554274,81.11118264698355,27170
2019-10-31,80.88211059570312,81.38609936189582,80.8515652923653,81.17228806445198,34993
2019-11-01,81.11116790771484,81.35552441947362,80.95844144666636,81.05007732329544,52753
2019-11-04,81.87482452392578,81.93591513952569,81.26393001977026,81.29447532757021,27497
2019-11-05,81.34027862548828,81.85953713122929,81.32500888675513,81.85953713122929,52905
2019-11-06,81.70679473876953,81.70679473876953,81.2028061056218,81.3402570213967,12844
2019-11-07,81.87482452392578,81.90536983172574,81.52356222310897,81.89009426486487,13887
2019-11-08,81.56932830810547,81.72204892950963,81.4624227079389,81.49296799740338,24678
2019-11-11,81.5998764038086,81.78314232097979,81.3402443473908,81.56933111329364,22850
2019-11-12,81.63043975830078,81.72206982420394,81.4471738005747,81.52353413080058,68739
2019-11-13,81.52351379394531,81.64568912664492,81.01952525352388,81.30970259228226,43964
2019-11-14,81.0348129272461,81.47770512865938,81.00426763302463,81.47770512865938,20886
2019-11-15,81.63043975830078,81.76789068307528,81.2791775785259,81.61516419670376,32927
2019-11-18,81.9664306640625,82.11915715842301,81.63044402830951,81.70680436252974,48841
2019-11-19,82.07331085205078,82.56202379595813,81.92058441588108,82.10385031336688,42875
2019-11-20,82.16497039794922,82.16497039794922,81.6457119803127,81.79843847133517,32792
2019-11-21,81.8595199584961,81.95115584943413,81.52353334356272,81.76788989347777,11824
2019-11-22,82.18024444580078,82.47041603451702,81.98170292408976,82.05806325523405,57085
2019-11-25,82.85224914550781,82.85224914550781,82.4551718051745,82.4551718051745,3883
2019-11-26,83.27983093261719,83.27983093261719,82.89802352019782,82.98965939650923,40734
2019-11-27,83.27983093261719,83.4325573931362,83.15765559012075,83.37146680892859,72749
2019-11-28,83.38679504394531,83.38679504394531,83.20352898866676,83.20352898866676,7762
2019-11-29,82.98965454101562,83.29510161826401,82.98965454101562,82.98965454101562,5907
2019-12-02,81.75260925292969,83.47838055656639,81.75260925292969,82.95912219201726,39306
2019-12-03,80.88211059570312,82.088623860903,80.88211059570312,82.02753325422735,60908
2019-12-04,81.7984619140625,81.7984619140625,81.065392024823,81.065392024823,34109
2019-12-05,81.92059326171875,82.45512710715523,81.92059326171875,82.01222913331547,8123
2019-12-06,82.82168579101562,82.85223109145011,82.2107972600871,82.22606699734416,25071
2019-12-09,82.56205749511719,82.98968003909833,82.5467819323063,82.74532346740622,18379
2019-12-10,82.1038818359375,82.40932899963097,81.61516870439598,82.40932899963097,16396
2019-12-11,82.33296966552734,82.33296966552734,81.89007156408664,82.10388283349383,2956
2019-12-12,82.74533081054688,82.86750619427514,82.16498171655559,82.31770822861685,29770
2019-12-13,82.54679107666016,83.23404583127689,82.47043073190738,83.23404583127689,10745
2019-12-16,83.41731262207031,83.53949383558059,82.76060316425496,82.76060316425496,23318
2019-12-17,83.31037139892578,83.34091668926024,83.08129046029507,83.27982610859134,17968
2019-12-18,83.69219207763672,84.08927508911384,83.29511489207894,83.29511489207894,21500
2019-12-19,83.799072265625,83.799072265625,83.2950896128355,83.55471580422939,31120
2019-12-20,84.53217315673828,84.53217315673828,83.70747343334358,83.70747343334358,51819
2019-12-23,84.8071060180664,84.89874194347216,84.07403609258613,84.76129096832449,39385
2019-12-27,84.9903793334961,85.52490767610294,84.80710747952632,85.52490767610294,19530
2019-12-30,83.9212875366211,84.91398351589048,83.9212875366211,84.83762318301129,19511
2020-01-03,84.7154541015625,84.7154541015625,83.40203530527155,83.7685672606567,22312
2020-01-06,84.45581817626953,84.45581817626953,83.53948250293284,84.1809163090845,25058
2020-01-07,84.4863510131836,85.02087910613007,84.42526042372707,84.73070754509045,16481
2020-01-08,84.30313110351562,84.47112740329395,83.99768381536616,84.1351348037373,49772
2020-01-09,84.27253723144531,84.95979177728185,84.22672220369591,84.80706530825202,64537
2020-01-10,84.11982727050781,84.54744978625592,84.11982727050781,84.42526859551656,53356
2020-01-13,83.9823989868164,84.44056692377839,83.82967245721481,84.18093473641638,52395
2020-01-14,84.2420425415039,84.25731228461981,83.3715215358321,84.08932180665441,74713
2020-01-15,84.37948608398438,84.54748237304119,83.99767845464507,84.24203510438534,17803
2020-01-16,84.54747009277344,84.54747009277344,84.18093225844052,84.51692478775226,17574
2020-01-17,85.67760467529297,85.79978587744692,84.97508024066886,84.97508024066886,24440
2020-01-20,85.83032989501953,86.21213740716293,85.72342425769301,86.21213740716293,12387
2020-01-21,85.96774291992188,85.96774291992188,85.24994324935356,85.34157910918708,38879
2020-01-22,86.15106964111328,86.67032822829324,86.15106964111328,86.27325087382472,33289
2020-01-23,85.46380615234375,86.27324217261565,85.44853641275579,86.135791212639,13098
2020-01-24,85.86087036132812,86.28849288656005,85.86087036132812,85.86087036132812,46570
2020-01-27,84.39476013183594,84.91401876726846,84.25730914522373,84.73075272709298,45447
2020-01-28,85.29579162597656,85.32633692453417,84.39472570924696,84.82235406313355,29777
2020-01-29,85.95252990722656,86.0441658337392,85.31109589940401,85.34164120824155,33973
2020-01-30,85.03616333007812,85.26525015092021,84.76126147543555,85.03616333007812,14571
2020-01-31,84.11982727050781,85.55542130617634,83.99764607976844,85.55542130617634,48707
2020-02-03,84.4863510131836,84.66961695563391,83.87545677045684,84.19617945214398,61738
2020-02-04,85.44851684570312,85.44851684570312,84.56272067848943,84.56272067848943,14285
2020-02-05,86.9146499633789,87.02155558610782,85.15833331697037,85.15833331697037,58263
2020-02-06,87.15900421142578,87.78516819632793,86.86883264678504,87.61717198619722,74478
2020-02-07,86.9757080078125,87.08261359053603,86.68553071820523,86.94516272333188,37804
2020-02-10,87.12847137451172,87.17429223668417,86.79248473212809,86.85356950515774,8351
2020-02-11,87.7851791381836,87.8615394725101,87.57136787170134,87.6630037684452,18389
2020-02-12,87.66300964355469,87.8768209243664,87.61718877915185,87.76991528396054,33037
2020-02-13,87.81570434570312,87.81570434570312,87.22008571794014,87.5866175692164,34920
2020-02-14,88.12113952636719,88.21276956383986,87.70878687998633,87.95314335644336,18661
2020-02-17,88.31970977783203,88.39607010926002,88.13643799130105,88.21279832272904,12275
2020-02-18,88.1975326538086,88.36552888624878,87.70881951902993,87.70881951902993,23404
2020-02-19,89.1444091796875,89.1444091796875,88.4266150758488,88.4266150758488,46817
2020-02-20,88.48770904541016,89.0833336724534,88.48770904541016,88.99169777000358,14368
2020-02-21,87.81570434570312,88.33496265661012,87.5102572523604,87.98370053833756,5170
2020-02-24,84.7459945678711,86.28849429180653,84.22673613909599,86.2732245553367,82159
2020-02-25,82.88277435302734,84.95980812411555,82.7300478546119,84.7307212894525,88840
2020-02-26,83.09656524658203,83.32565202506466,80.9431716673368,82.1191392001046,400703
2020-02-27,80.54611206054688,82.2566080143632,79.87412713782184,81.99697588715033,190715
2020-02-28,77.9956283569336,78.98833009468255,76.97238714884367,78.72869798942779,724804
2020-03-02,78.6370620727539,80.13374652258831,77.49163976488806,79.2632260346838,99200
2020-03-03,80.15819549560547,81.87905810375443,79.89699658936658,80.09674072197845,544574
2020-03-04,81.61784362792969,81.87904836430721,80.15818596085346,80.34256784342868,94411
2020-03-05,80.46549224853516,82.20171707270455,79.94308857848458,82.1863548447069,33882
2020-03-06,77.6998062133789,79.19019393990064,76.79328262629977,78.79070579036365,629428
2020-03-09,73.15949249267578,75.44884424497965,71.75361198757045,72.04554105644247,358317
2020-03-10,72.72163391113281,76.14030110378222,72.72163391113281,74.14287737792384,166337
2020-03-11,72.59867858886719,74.55000885428304,72.59867858886719,74.10442825625454,77179
2020-03-12,65.07760620117188,69.85605968230198,64.87018399124372,69.37207061833244,289910
2020-03-13,67.00594329833984,71.93036229282987,65.8382143523607,68.40414089806013,422555
2020-03-16,65.82279968261719,66.45275621226207,60.529626853219014,64.14803634362872,273038
2020-03-17,67.68193817138672,68.53468498161605,63.27992655651106,68.30421651419542,75826
2020-03-18,65.83052825927734,67.22104164514991,64.47842338047619,65.26971013290554,96652
2020-03-19,70.36200714111328,70.36200714111328,66.20168827034105,66.20168827034105,70779
2020-03-20,69.53458404541016,73.98875843152332,68.09625696135032,73.47838164051187,110917
2020-03-23,65.18097686767578,69.20983943876476,65.18097686767578,66.44144444527004,84233
2020-03-24,70.28469848632812,70.28469848632812,67.32298074284202,68.05761365898475,80679
2020-03-25,72.29524993896484,73.09174176576542,69.40313220968211,71.22810640884823,285924
2020-03-26,73.74131774902344,73.86504172355671,69.98310836380371,70.43934900080754,123680
2020-03-27,72.302978515625,72.79015154106652,71.0657094749896,72.68962545955883,162100
2020-03-30,73.78865051269531,73.78865051269531,71.2119271512689,72.81367298878088,37024
2020-03-31,74.67079162597656,75.23566135190248,73.47915341388168,74.55472185724616,217190
2020-04-01,73.61843872070312,74.12140380172336,72.58929578475545,73.084521306622,52807
2020-04-02,74.31483459472656,74.86422509891243,73.27795233487879,74.19102529057352,183368
2020-04-03,74.3536605834961,74.95171831922524,74.3536605834961,74.57113612376124,54441
2020-04-06,76.34202575683594,76.62163889766352,75.63522422703156,76.11678150862679,74166
2020-04-07,76.5983657836914,78.2139017018573,76.21001472077103,77.6624439036024,111342
2020-04-08,76.29544067382812,76.29544067382812,75.47213251776257,76.09349649300835,44409
2020-04-09,76.18667602539062,77.04881548961826,75.3400739154499,76.74590226443173,64218
2020-04-14,76.84688568115234,77.63911898912404,76.66047296394072,76.89348589757272,34891
2020-04-15,75.07598114013672,77.11093558409486,74.95170603705616,76.81579110292311,57903
2020-04-16,76.01580047607422,76.41191409196853,75.68958124577476,75.78278758668374,53434
2020-04-17,77.58474731445312,77.9808669171265,77.18862771177974,77.9808669171265,59209
2020-04-20,79.09931945800781,79.09931945800781,77.2818398378469,78.04301031494332,78266
2020-04-21,76.93367767333984,78.74094888499542,76.93367767333984,78.4293491705851,39144
2020-04-22,78.02433776855469,78.03991509259427,77.55693484151578,77.58809543287005,38171
2020-04-23,77.79841613769531,78.42940167290048,77.23753746494663,77.97758208171135,27522
2020-04-24,77.99315643310547,78.28917305732585,77.19078479151148,77.19078479151148,43125
2020-04-27,79.44961547851562,79.4809387328633,78.66655204272388,78.85448559450992,29980
2020-04-28,80.43633270263672,80.81220006612342,79.60628679849157,79.70025065221124,259963
2020-04-29,80.18572235107422,80.45196113568586,79.68456207179203,80.1230758225885,64908
2020-04-30,78.40034484863281,80.49895593888665,78.38468022801396,80.32668095789307,135805
2020-05-04,76.39568328857422,77.1709205579713,76.33304274072795,76.40351559741795,294891
2020-05-05,77.53897857666016,77.60162511750588,76.74025609093758,77.31972165800309,32765
2020-05-06,77.97747802734375,78.08710645804688,77.28837820657967,77.4841441148783,87919
2020-05-07,78.43168640136719,78.49432697553992,77.90702902575681,78.32205195438162,32923
2020-05-08,78.63524627685547,78.94847291569376,78.52561784940725,78.93281427218739,11506
2020-05-11,79.07379150390625,79.27738380676087,78.18892551528003,78.93283976961288,35553
2020-05-12,79.26172637939453,79.54362985232459,78.83887116999945,78.83887116999945,109777
2020-05-13,78.50996398925781,78.82319064717998,78.30636576546316,78.74487950197324,25619
2020-05-14,77.23356628417969,78.08710877633888,76.53664010788994,77.98530667744834,42621
2020-05-15,77.52330780029297,78.0792823211364,77.4293380037257,77.92267196782632,40933
2020-05-18,79.57493591308594,79.71588761906472,78.10277232301829,78.28287960399749,23412
2020-05-19,79.7471923828125,79.95079058708893,79.34000194856064,79.95079058708893,19135
2020-05-20,79.91947174072266,79.91947174072266,79.2930244246372,79.2930244246372,38886
2020-05-22,79.05810546875,79.08942873169853,78.46297542133081,78.91715377263233,19845
2020-05-25,80.2640380859375,80.2640380859375,79.13642432202653,79.59060275185763,7582
2020-05-26,80.15440368652344,81.00011394670672,79.98212871045253,80.81217435046457,246116
2020-05-27,79.12076568603516,80.34234328090744,78.99547261255977,80.2170561817346,47993
2020-05-28,81.07843780517578,81.29769474367308,79.77854884936532,79.77854884936532,31329
2020-05-29,80.20136260986328,81.04707262763593,80.17003935280128,80.6555408758116,40922
2020-06-02,81.31334686279297,81.40731667501792,80.95313821071846,81.36033475605696,21299
2020-06-03,83.08304595947266,83.09871057692939,81.7205169814896,81.7205169814896,94026
2020-06-04,82.2373275756836,83.22398927569697,81.75183202076786,82.86378077633029,58265
2020-06-05,83.08304595947266,83.08304595947266,82.26865910645373,82.98908215193657,17276
2020-06-08,82.81680297851562,83.14568823670687,82.36262468427012,82.5662228807079,54452
2020-06-09,82.92640686035156,83.25529202122713,82.48788733821846,82.72280872415759,19664
2020-06-10,82.72283172607422,83.36494358864796,82.61320330863241,83.16134539584145,39387
2020-06-11,80.07608795166016,81.61089193948247,80.07608795166016,81.40729372421279,37506
2020-06-12,79.87248229980469,80.89046730707153,79.46529188147842,79.5749203008086,32214
2020-06-15,80.34233093261719,80.54592915857121,78.60392863829813,78.8545087724332,18661
2020-06-16,81.84583282470703,82.37831649372424,81.42298359352863,81.68922244088563,34695
2020-06-17,83.34928894042969,83.34928894042969,82.03374189379007,82.03374189379007,20341
2020-06-18,83.25531768798828,83.25531768798828,82.7698161287118,83.11436600783065,29245
2020-06-19,83.64684295654297,84.02271606579914,83.4119215164703,83.6625015978743,27710
2020-06-22,82.86380004882812,83.78781544882462,82.76983025458543,83.13004481203146,13840
2020-06-23,83.3336410522461,83.70951427287025,83.0987255168704,83.34930567251911,10044
2020-06-24,81.61091613769531,83.30233096228686,81.61091613769531,83.13006193215035,11567
2020-06-25,82.28431701660156,82.28431701660156,81.03141656574003,81.37596045578908,10851
2020-06-26,81.89278411865234,82.92642772309172,81.81447896173886,82.92642772309172,19339
2020-06-29,82.11202239990234,82.15900428857786,81.36028230959833,81.70482611705069,13285
2020-06-30,81.86148071289062,82.15904277104254,81.61090056542008,82.15904277104254,13173
2020-07-01,82.47224426269531,83.00472766024245,81.54822913090173,83.00472766024245,10570
2020-07-02,83.14570617675781,83.14570617675781,82.48792954414841,82.84814411337622,18006
2020-07-03,82.5975570678711,83.34929746075403,82.48792265966794,83.08305271106336,24295
2020-07-06,83.66252136230469,83.66252136230469,83.23967222916066,83.66252136230469,19100
2020-07-07,83.23966979980469,83.49024993309253,82.97342504764171,83.49024993309253,4413
2020-07-08,82.92640686035156,83.39624365793081,82.75413197390274,82.75413197390274,7338
2020-07-09,82.72283172607422,83.64684694044138,82.5348981496455,83.31796168811596,36220
2020-07-10,83.3962631225586,83.45890963667055,82.51922984789246,82.55055310494843,9236
2020-07-13,83.99139404296875,84.02271730039205,83.52155713022024,83.97572942710686,12441
2020-07-14,83.55288696289062,83.55288696289062,82.53490782808632,83.1770197659572,7268
2020-07-15,85.49488830566406,85.65149864367145,84.33595149178454,84.50822644817353,29579
2020-07-16,84.99372100830078,84.99372100830078,84.53954270171194,84.94673910565399,16534
2020-07-17,85.04070281982422,85.08769069672161,84.68049429321589,85.08769069672161,5846
2020-07-20,85.33827209472656,85.44790051864746,84.58652579598184,84.72747748020885,3697
2020-07-21,85.10236358642578,85.84156547737327,85.00799547280724,85.73146634500542,20141
2020-07-22,85.03945922851562,85.19673343252767,84.6777237595869,84.92936608578194,9372
2020-07-23,84.74060821533203,85.46407891733573,84.58332806296752,85.44835390191145,13346
2020-07-24,83.24650573730469,83.78124642292536,83.08923153549763,83.78124642292536,31185
2020-07-27,83.78124237060547,84.03288468110108,82.97912838115789,83.07349649745346,12825
2020-07-28,83.89132690429688,84.15869420694641,83.4352233884091,84.11151315344951,4887
2020-07-29,83.74977111816406,83.96995734989625,83.56104091948288,83.90704528379425,13264
2020-07-30,82.36575317382812,83.92279414295875,81.78383143772425,83.92279414295875,23504
2020-07-31,81.34345245361328,82.93194333734859,81.34345245361328,82.4601147777973,6998
2020-08-03,83.48243713378906,83.89135372729957,81.6422974639237,81.6422974639237,31549
2020-08-04,82.79039764404297,83.56105559003245,82.57021137365336,83.56105559003245,98858
2020-08-05,82.36575317382812,83.23077326795575,82.33429713408925,83.08923008856999,18139
2020-08-06,82.14555358886719,82.58592607462509,81.67372506846584,82.23992169279751,10359
2020-08-07,82.14555358886719,82.41292688352387,82.05118548493685,82.06691650207115,3143
2020-08-10,82.36575317382812,82.727488631386,82.12984187522575,82.23993501449874,10467
2020-08-11,82.9005126953125,83.26224823510111,82.49159608500331,82.74323846049222,20963
2020-08-12,83.7654800415039,83.87557913584214,82.66454909435838,82.66454909435838,24379
2020-08-13,83.60823822021484,84.0171547301095,83.59251320044528,83.60823822021484,16571
2020-08-14,82.91622924804688,83.48242599399127,82.38148854350231,83.41951391119157,20439
2020-08-17,83.40377044677734,83.40377044677734,82.57020647274221,83.0263100055494,12985
2020-08-18,82.94767761230469,83.57678038319635,82.71176032345414,83.24650097850629,19938
2020-08-19,84.14295959472656,84.14295959472656,82.79038021887139,82.80611123466021,27017
2020-08-20,83.51386260986328,83.73405486426356,83.32513239143137,83.40376948247588,10123
2020-08-21,83.23075866699219,83.81268630063609,83.02630344399576,83.79695528371325,5217
2020-08-24,84.00144958496094,84.47327828481983,83.87563139815803,83.87563139815803,14847
2020-08-25,83.70259094238281,84.39460567785609,83.52958575860826,84.15868842732264,11945
2020-08-26,83.92279052734375,84.14297679640356,83.27795673954327,83.3723188550684,52244
2020-08-27,83.5768051147461,84.1901830477136,83.51389301915259,84.04863383244205,17802
2020-08-28,82.91622924804688,83.49815101487798,82.79040508244748,83.49815101487798,8646
2020-08-31,82.79039764404297,83.52959955145882,82.63312345080065,83.23077018482216,35561
2020-09-01,83.21504974365234,83.85988357082456,82.88477031989672,83.16786868300903,32005
2020-09-02,84.7878189086914,84.9293680955023,83.74979353862032,83.74979353862032,13972
2020-09-03,83.30941772460938,85.71574780739532,83.12068148310075,85.21246316262474,33589
2020-09-04,82.74320220947266,83.98568851893462,82.30282974520759,82.77465824258086,10809
2020-09-07,84.01715087890625,84.33170525651289,82.94767559444485,83.23076793470251,31957
2020-09-08,83.43521881103516,84.26878870804327,82.82184115072492,84.26878870804327,24399
2020-09-09,84.7878189086914,85.07091728231319,83.73406851769754,83.73406851769754,16653
2020-09-10,84.55188751220703,84.89789791113199,84.41033834897641,84.66198663883125,21610
2020-09-11,85.10236358642578,85.32254985190994,84.52044188484253,84.52044188484253,10395
2020-09-14,85.22816467285156,85.5427189889703,84.85070429320872,85.49553794142108,7436
2020-09-15,85.88874053955078,86.1089267896665,85.38545596796477,85.38545596796477,21449
2020-09-16,85.88874053955078,86.28193198607894,85.71573534313833,85.71573534313833,8281
2020-09-17,85.98311614990234,85.98311614990234,85.196733133351,85.196733133351,5315
2020-09-18,85.93590545654297,86.39200888878038,85.87299339700176,85.98308650138677,9524
2020-09-21,84.28451538085938,85.71573194957367,83.82841188103419,85.51127072557874,20988
2020-09-22,84.50469207763672,84.69342226328646,84.17441275284354,84.45751103113038,12397
2020-09-23,84.50469207763672,85.14952571159577,84.41032398499962,84.80351537155086,24751
2020-09-24,83.12066650390625,83.68686312714527,82.9791173480965,83.43522085010851,29327
2020-09-25,83.43521881103516,83.59249898010508,82.52301782892955,83.59249898010508,14840
2020-09-28,84.04861450195312,84.41034996897811,83.73406609558447,84.33171286738595,17194
2020-09-29,83.41948699951172,83.84413442197595,83.34084992119416,83.84413442197595,24332
2020-09-30,82.96341705322266,83.62397597742739,82.96341705322266,82.97914207538741,23811
2020-10-01,83.52959442138672,83.98569795325353,83.35658921966996,83.63968754982001,38554
2020-10-02,83.45094299316406,83.49812404020844,82.60164814861827,82.85329039889578,10784
2020-10-05,84.01715087890625,84.14297502979919,83.84415167086703,84.11151899207596,12705
2020-10-06,83.48243713378906,83.96999084147922,83.21506374602558,83.96999084147922,4175
2020-10-07,83.04199981689453,83.7182893202968,82.8375386647996,83.41946609771419,13767
2020-10-08,83.70259094238281,84.09578236018864,83.16785037418191,83.45094867497208,13659
2020-10-09,84.22159576416016,84.26878281139174,83.74976728921625,83.74976728921625,11507
2020-10-12,84.567626953125,84.75635718968834,84.12725440126854,84.3002536183364,25382
2020-10-13,84.31597900390625,84.88217567538949,84.17442983603544,84.3788910784323,28130
2020-10-14,83.92279052734375,84.67771744967415,83.7969663738091,84.55189329613948,8483
2020-10-15,82.12981414794922,82.93192189180506,81.79952884200942,82.93192189180506,29572
2020-10-16,83.29369354248047,83.54533588552377,82.5073104705168,82.58594757778783,26337
2020-10-19,83.05775451660156,83.90704339132417,83.05775451660156,83.46667093779209,14725
2020-10-20,82.60166931152344,83.16786601961601,82.60166931152344,82.64885037065581,8440
2020-10-21,81.51647186279297,82.8218646383347,81.46928479887764,82.8218646383347,67922
2020-10-22,81.500732421875,81.51646344143053,80.69862441369926,81.18617802665128,20530
2020-10-23,81.84674072265625,81.90965279998595,81.5007302969688,81.5007302969688,16653
2020-10-26,81.4220962524414,81.76810669109996,81.07608581378285,81.07608581378285,18486
2020-10-27,80.5256118774414,81.6422741793484,80.4312437675635,81.6422741793484,21952
2020-10-28,78.37876892089844,79.89648790068837,78.04062409121597,79.77066977781492,270942
2020-10-29,78.0170669555664,78.73267845936401,77.57669433761524,78.15861615414028,27295
2020-10-30,77.93841552734375,78.00918711381598,77.31717226993102,77.39580936588656,247785
2020-11-02,79.99088287353516,79.99088287353516,77.95414770343243,78.21365554357365,48143
2020-11-03,81.59510040283203,81.59510040283203,80.03805944889272,80.05379046842174,229117
2020-11-04,84.080078125,84.080078125,81.34346834519236,81.6422917580415,52558
2020-11-05,83.95423126220703,84.53615286716514,83.89131919690757,84.41032873656621,37666
2020-11-06,84.20587921142578,84.33169735089827,83.35658427139212,83.96996195043026,24495
2020-11-09,84.9607925415039,86.5021020026878,84.53614513899035,85.18097875029815,244202
2020-11-10,84.48899841308594,84.77209679642124,84.06435083808299,84.77209679642124,22547
2020-11-11,85.92020416259766,85.99884125892244,84.48898741083347,84.48898741083347,23407
2020-11-12,85.52702331542969,86.0460330154055,85.44838620932748,85.44838620932748,118197
2020-11-13,85.55847930908203,85.70002849983605,85.40119909734057,85.40119909734057,6558
2020-11-16,86.31340026855469,86.36058132895236,85.4169241232417,85.81011562555884,22306
2020-11-17,86.20332336425781,86.6122399638515,85.96740601858205,86.12468024928101,24984
2020-11-18,86.0617446899414,86.5021171848204,85.71573430132203,85.85728346033675,22249
2020-11-19,85.52702331542969,85.71575357000029,85.29110599749646,85.29110599749646,5914
2020-11-20,85.49556732177734,85.82584676737073,85.27538102471507,85.52702336416147,11509
2020-11-23,85.40117645263672,85.93591703151436,85.27535831623169,85.81009889510935,19975
2020-11-24,85.57421112060547,85.85730952457686,85.19674458210126,85.85730952457686,11223
2020-11-25,85.71576690673828,85.95168426137849,85.55849267006317,85.71576690673828,13964
2020-11-26,85.66854095458984,85.88872717043219,85.66854095458984,85.82581510887026,7964
2020-11-27,85.49556732177734,85.73147864021836,85.43265523700909,85.65284153407136,14914
2020-11-30,85.35401153564453,86.14039453560481,85.32255549569098,85.60565385564676,28917
2020-12-01,85.3697509765625,85.6528493843396,85.1338396364997,85.57421227098534,106396
2020-12-02,85.33828735351562,85.47983654483504,84.94509582203133,85.11810105582468,22917
2020-12-03,84.4732437133789,85.27535757453134,84.41033164591107,85.22817052411798,4805
2020-12-04,84.63052368164062,84.81925388397224,84.37888141199016,84.70916076597672,109495
2020-12-07,84.7563247680664,85.00796698709948,84.53613857636545,84.70914372688013,46738
2020-12-08,84.88215637207031,84.91361240217984,83.85985639219608,84.72487622152275,16408
2020-12-09,85.00798797607422,85.43263545046995,84.86643881794231,84.94507590587665,28833
2020-12-10,84.88215637207031,85.62135208095893,84.77206326649916,85.29107276424544,19964
2020-12-11,84.86642456054688,85.1180667994365,84.04858578424954,84.74060644091418,16348
2020-12-14,84.81927490234375,85.18101037962843,84.66200069469873,85.08664225526556,20312
2020-12-15,84.37890625,84.6305485937246,84.31599416416216,84.55190548661395,20534
2020-12-16,85.32255554199219,85.32255554199219,84.5518975617774,84.85072694168521,36493
2020-12-17,86.12467193603516,86.32913321590988,85.5742061820956,85.63711826815347,20330
2020-12-18,86.07744598388672,86.50209334389339,85.96735289050983,86.06172097038586,49691
2020-12-21,84.23735046386719,85.25964478040214,83.63969769443635,85.25964478040214,94357
2020-12-22,84.89789581298828,85.05517599026058,84.34743019159849,84.37888622705296,19041
2020-12-23,84.9607925415039,85.14952272052408,84.77206236248374,84.97651755657883,5191
2020-12-28,86.53356170654297,86.65937983135706,85.57417375638461,85.57417375638461,18167
2020-12-29,87.27277374267578,87.27277374267578,86.58075297580719,86.64366504545436,33985
2020-12-30,87.83895874023438,87.83895874023438,87.27276814857757,87.33567421456735,15041
2021-01-04,87.68170166015625,88.32653545928626,87.27278515323579,88.31081043963107,79278
2021-01-05,87.38289642333984,88.10636747013194,87.30425330986606,87.50871460556894,15160
2021-01-06,87.74462890625,87.85472206174576,86.97397081815267,87.43007446213625,6711
2021-01-07,87.8861312866211,88.38941572923802,87.25702273353802,87.76030717615495,35455
2021-01-08,88.2164306640625,88.53098501222814,87.9962444202341,88.53098501222814,30133
2021-01-11,88.86127471923828,88.86127471923828,87.77606839138193,88.1692598724405,7527
2021-01-12,88.65680694580078,88.90844923517733,88.48380174692463,88.79835610855167,14090
2021-01-13,88.46809387207031,88.97137854835019,88.46809387207031,88.86128540039063,9474
2021-01-14,88.60963439941406,88.86127671295243,88.2950800075846,88.51526628197743,21356
2021-01-15,88.8140640258789,88.86124506798227,88.34222960634982,88.34222960634982,31392
2021-01-18,88.87699127197266,88.87699127197266,88.65680502349555,88.75117312982515,9022
2021-01-19,88.65680694580078,89.25445963292961,88.65680694580078,89.25445963292961,13122
2021-01-20,89.39602661132812,89.64766895085423,88.87701091126556,88.87701091126556,22308
2021-01-21,89.14439392089844,89.77350283762252,89.09721285201368,89.74204679182358,8841
2021-01-22,89.27019500732422,89.3802941463478,88.719729310337,88.92419056905774,19671
2021-01-25,89.23873138427734,89.86783408513276,89.22300036697146,89.53755471721178,10291
2021-01-26,89.50608825683594,89.80491155496436,89.30162705305095,89.30162705305095,17115
2021-01-27,89.19156646728516,89.74203821672647,88.704012803057,89.3331156600413,15497
2021-01-28,88.76689147949219,89.06572079394162,87.49295513768087,88.20070088292319,91335
2021-01-29,86.26618957519531,87.65022496407907,86.26618957519531,87.4300387430435,32886
2021-02-01,87.65025329589844,87.76034644200242,87.0054194403066,87.05260050302931,33137
2021-02-02,88.26361846923828,88.49953574831822,87.776064891924,87.776064891924,15320
2021-02-03,88.07489776611328,88.76691266012443,87.83898046153212,88.56245739575544,17169
2021-02-04,88.67255401611328,88.67255401611328,87.55588553020496,87.69743471858057,8504
2021-02-05,87.74462890625,88.70401726096478,87.74462890625,88.70401726096478,10056
2021-02-08,87.83895874023438,88.51524844652909,87.83895874023438,88.16924408489851,46236
2021-02-09,88.18497467041016,88.23215572278819,87.58732200857922,87.82323926971978,16984
2021-02-10,88.34226989746094,88.90846665942757,87.91762832561257,88.38945696070923,4443
2021-02-11,88.49951934814453,88.78261763072821,88.31078915963025,88.31078915963025,21753
2021-02-12,88.8140640258789,88.86124506798227,88.46805371812394,88.48377873228377,15947
2021-02-15,89.2230224609375,89.28593454648929,88.84556194688014,88.84556194688014,11237
2021-02-16,89.17578887939453,89.33306300102582,88.95560270926147,89.22296991595928,8224
2021-02-17,88.09060668945312,88.71971538695925,88.07488167184681,88.71971538695925,8073
2021-02-18,87.4615249633789,88.32654513014826,87.44579394237537,88.05917776935432,15009
2021-02-19,87.54015350341797,87.77607079837277,87.43006036567266,87.54015350341797,7054
2021-02-22,87.33565521240234,87.39856726432875,86.61218461411912,86.86382682220126,92330
2021-02-23,86.62798309326172,87.3986353308662,85.92023695695177,87.24136107818762,20677
2021-02-24,87.68170166015625,87.77606977696526,86.75376951022515,86.75376951022515,12517
2021-02-25,86.89530181884766,87.77605273922941,86.89530181884766,87.77605273922941,11744
2021-02-26,85.85728454589844,87.22558910059108,85.85728454589844,86.03028974239557,231703
2021-03-01,87.52442932128906,87.52442932128906,86.81668342927674,87.0211446868861,5088
2021-03-02,88.24787902832031,88.51524630126514,87.41431517781628,87.43004019402642,12153
2021-03-03,87.933349609375,88.65682055241416,87.38288389176398,88.515271367939,48989
2021-03-04,88.18630981445312,88.29697698745022,87.75944813393211,87.82268824161862,4057
2021-03-05,86.95314025878906,87.7278163437848,86.95314025878906,87.49066900344333,17237
2021-03-08,89.3848648071289,89.41664640712433,88.14517020662055,88.17695786949274,13499
2021-03-09,89.67091369628906,89.68681055420839,88.73320521679398,89.0192819677184,14768
2021-03-10,90.03645324707031,90.25896071681754,89.19409574504658,89.3053494799202,18619
2021-03-11,89.87753295898438,90.00468357444689,89.63913464930474,90.00468357444689,10299
2021-03-12,89.41663360595703,89.73450412629482,89.41663360595703,89.59146269528661,9514
2021-03-15,89.43254089355469,89.9729190222692,89.43254089355469,89.54379467921268,7765
2021-03-16,90.33845520019531,90.46559976735591,90.13183845782412,90.13183845782412,10359
2021-03-17,90.10002899169922,90.29075489058873,89.84573385605414,90.25896724077381,19165
2021-03-18,90.91466522216797,91.17022881744109,90.49938656579211,90.77091983928405,200360
2021-03-19,90.51532745361328,90.898666631622,90.19588524707048,90.19588524707048,16621
2021-03-22,92.13654327392578,92.13654327392578,91.25369695629585,91.3179050745277,10281
2021-03-23,92.53782653808594,92.6662366398229,91.97601473872167,91.97601473872167,14579
2021-03-24,92.24889373779297,92.55387307924616,91.97601232851594,92.20073459308381,25880
2021-03-25,92.3773193359375,92.52178454785953,91.89577067060523,91.9760277609567,5528
2021-03-26,92.60205078125,92.93914039116619,92.4896896190193,92.69836297311521,8149
2021-03-29,92.6502685546875,92.76284433068992,92.3929516188363,92.76284433068992,19227
2021-03-30,93.00410461425781,93.03626387112789,92.63420567611882,92.81111226351021,7711
2021-03-31,92.56903839111328,93.16521671792728,92.44013164660653,93.16521671792728,9867
2021-04-01,93.11690521240234,93.21357915059306,92.79464440966825,92.93966146356792,14920
2021-04-06,93.71306610107422,93.9225365055009,93.42303204774878,93.58416549215869,27803
2021-04-07,93.13298797607422,93.50358563843308,93.03631406643993,93.43913841421414,7202
2021-04-08,93.84198760986328,93.84198760986328,93.26191941201765,93.35859334724967,14574
2021-04-09,94.32689666748047,94.42387033866939,93.87433642680988,94.40771011536152,13768
2021-04-12,93.80960845947266,94.3429817230594,93.79344208337449,94.3429817230594,6150
2021-04-13,93.679931640625,94.24739773933172,93.58265633244898,94.21497057498998,5944
2021-04-14,94.05287170410156,94.23121808562401,93.7610394800713,93.89074200354568,5228
2021-04-15,94.42581939697266,94.53931147030409,94.08533699212425,94.15019137255767,10243
2021-04-16,95.00943756103516,95.00943756103516,94.23120398211164,94.53925902585372,6220
2021-04-19,94.87897491455078,95.41694524282205,94.8137645054249,94.91158011911372,12748
2021-04-20,93.98115539550781,95.02593362045867,93.91585519960601,94.97696158721705,38069
2021-04-21,95.68840026855469,95.77047861705061,94.75269331891275,94.75269331891275,26626
2021-04-22,95.88565826416016,96.1651094183061,95.68839198628737,95.93497169823708,4149
2021-04-23,95.72126770019531,95.85277854936399,95.09660370820893,95.73770969173262,19975
2021-04-26,95.49114990234375,95.70485194142532,95.17882097659665,95.68840994645858,10329
2021-04-27,94.89936828613281,95.50759044412398,94.76786367368415,95.4089635524835,11129
2021-04-28,94.89936828613281,95.11307033599394,94.63635279045144,95.03087916936552,31310
2021-04-29,94.71853637695312,95.40895591710394,94.6527872113826,95.24456732621871,30778
2021-04-30,94.2582778930664,95.04732445951666,94.2582778930664,94.83362238814951,7711
2021-05-03,95.17878723144531,95.2609783647874,94.55412333063875,94.55412333063875,6247
2021-05-04,93.8144302368164,95.2610186239635,93.71579707265269,95.24457662787746,18832
2021-05-05,95.1130599975586,95.1130599975586,94.34044931950643,94.34044931950643,5059
2021-05-06,94.81715393066406,95.11304707478888,94.71852079236162,95.09660508301387,5335
2021-05-07,95.62265014648438,95.62265014648438,95.11306119986654,95.32676322920042,50007
2021-05-10,95.21168518066406,95.50757835971477,94.93223399532911,95.39250948683764,11388
2021-05-11,93.78153991699219,94.50483714879142,93.66647104298474,94.47195943182025,35271
2021-05-12,94.34043884277344,94.70208742140754,94.02810996990569,94.24181197280608,20273
2021-05-14,95.1294937133789,95.16237142991963,94.80072281875502,94.98154712433733,5128
2021-05-17,95.359619140625,95.54044342284995,95.01441256771326,95.408938844457,4824
2021-05-18,95.359619140625,95.93496969959368,95.24455028298776,95.60619884743764,16542
2021-05-19,94.65279388427734,95.01443626815302,94.24183178426735,94.78429849547287,23454
2021-05-20,95.42540740966797,95.50759858330073,94.75142975262393,95.04732299432956,10062
2021-05-21,96.1651382446289,96.24732941632213,95.4582828806552,95.90212273273993,6954
2021-05-25,96.987060546875,97.03637399473938,96.44458753722957,96.44458753722957,29571
2021-05-26,97.2829360961914,97.39800496748612,96.88840977262154,96.88840977262154,11705
2021-05-27,97.23363494873047,97.67746849652532,96.98705518148091,97.16787950802606,20869
2021-05-28,97.89114379882812,98.00621265323119,97.03634211556093,97.23360838377954,5583
2021-05-31,97.48019409179688,97.89115612951169,97.48019409179688,97.57882723833032,6515
2021-06-01,97.98977661132812,98.46649401845175,97.71031920099342,97.71031920099342,7249
2021-06-02,98.21993255615234,98.45007030693347,98.02267252273758,98.02267252273758,19493
2021-06-03,98.51581573486328,98.51581573486328,97.89115170991985,97.95690713797343,5500
2021-06-04,99.0254135131836,99.0254135131836,98.58157376826617,98.59800949032254,6962
2021-06-07,99.45281982421875,99.45281982421875,98.79527801128242,98.82815572900759,8193
2021-06-08,99.78153991699219,100.2418151891826,99.66647109894458,99.66647109894458,19849
2021-06-09,100.8500747680664,100.89939447340953,99.74869959099766,99.79801302555816,10119
2021-06-10,101.19530487060547,101.21174059466615,100.85009195749414,101.12954943279534,8047
2021-06-11,101.55693054199219,101.6884413959933,100.8993950843346,101.06377738105333,5701
2021-06-14,101.50762939453125,101.78708058693691,101.39256051874263,101.67201171114829,12974
2021-06-15,102.39529418945312,102.39529418945312,101.88569904816688,101.88569904816688,9939
2021-06-16,102.67472839355469,102.70760610086708,102.13226189985387,102.21445303274412,7076
2021-06-17,102.90491485595703,102.90491485595703,102.11586831875708,102.42820355089637,14502
2021-06-18,102.2802505493164,103.29943481240483,102.13230394090164,103.08573276229814,12096
2021-06-21,102.74053955078125,102.74053955078125,101.62272197880596,101.62272197880596,13789
2021-06-22,102.70762634277344,102.74050405656547,102.09940431457774,102.74050405656547,15290
2021-06-23,101.85282897949219,102.62543960989525,101.81995126428535,102.42817958943725,12761
2021-06-24,102.67472839355469,102.82267494106972,102.16513960716627,102.21445303274412,28788
2021-06-25,102.70762634277344,102.72406833506082,102.46105289550732,102.46105289550732,4759
2021-06-28,102.67472839355469,103.00349919589715,102.62541496797684,102.62541496797684,124883
2021-06-29,102.93775177001953,103.29940030774105,102.75692750115877,102.75692750115877,5173
2021-06-30,102.3295669555664,103.05285802274993,102.21449806466867,102.92135340634577,11409
2021-07-01,102.6254653930664,102.87204518367577,101.93504574183092,102.70765656634134,16570
2021-07-02,102.3459701538086,103.1678941251622,102.2473432905468,102.97063412785637,15053
2021-07-05,102.4117202758789,102.47747569517158,101.9021314533156,102.29665142750773,6487
2021-07-06,102.44464111328125,102.92135869767156,102.23093904600549,102.29669449298027,16531
2021-07-07,103.44734954833984,103.44734954833984,102.70761673418016,102.70761673418016,14193
2021-07-08,101.8692626953125,103.0857067052107,101.57336955327618,103.0857067052107,14860
2021-07-09,102.74053955078125,102.78985300311446,102.32957739257812,102.51040174551308,4570
2021-07-12,103.38160705566406,103.39804904846946,102.41173641598232,102.55968299731624,13736
2021-07-13,103.29940795898438,103.41447681664022,102.92132367371768,103.31584367974274,20473
2021-07-14,103.03642272949219,103.15149162087265,102.6090186151211,103.00354500755716,113786
2021-07-15,102.55970764160156,103.1021806604389,102.46108074420162,102.80628742667025,8285
2021-07-16,102.92134857177734,103.06929517752262,102.4775087545415,102.98710401228278,3885
2021-07-19,101.5898208618164,102.47750042412846,100.98159876354337,102.3295538304098,15792
2021-07-20,102.2496109008789,102.62898439764095,101.870231111952,102.20012302414308,23291
2021-07-21,102.97537994384766,103.09084118259892,102.64548799363023,102.94239011960936,2923
2021-07-22,102.77677154541016,103.5215320404875,102.72712295020575,103.5215320404875,4834
2021-07-23,104.21665954589844,104.26630814853729,103.35604799087356,103.35604799087356,5045
2021-07-26,103.48841094970703,104.00146948385714,103.30635771780211,104.00146948385714,16730
2021-07-27,103.20709228515625,103.3725918304734,102.61128382056975,103.20709228515625,12083
2021-07-28,103.68704223632812,103.70358966429072,103.38913802578148,103.50498896172712,11415
2021-07-29,103.72013092041016,104.05113628058808,103.45532789494824,103.58773256438026,17556
2021-07-30,104.03456115722656,104.26626295364616,103.09120023557514,103.25669971490329,6822
2021-08-02,104.51451873779297,104.68001821751977,104.23316204617684,104.49796500178002,4873
2021-08-03,104.48141479492188,104.8951697966135,104.31590900620505,104.58071195475168,12059
2021-08-04,104.69658660888672,104.84553869583333,104.49798593075849,104.74624151347008,3658
2021-08-05,104.6800537109375,104.81245839033319,104.58075020139071,104.59730394301648,3099
2021-08-06,104.49800872802734,104.89521648434031,104.43180638307467,104.69660944948228,2540
2021-08-09,105.67302703857422,105.82197909472424,104.6138152230187,104.6138152230187,20953
2021-08-10,106.136474609375,106.25232555511909,105.63997596767433,105.63997596767433,6795
2021-08-11,106.38471221923828,106.7322649975859,106.2688612931224,106.45091455227649,11276
2021-08-12,106.84811401367188,106.84811401367188,106.59987105272114,106.59987105272114,5628
2021-08-13,106.96398162841797,107.17914239722064,106.8646844285433,107.03018397060296,32791
2021-08-16,106.41778564453125,106.76533831165897,106.30193475548867,106.76533831165897,6775
2021-08-17,107.03016662597656,107.03016662597656,106.50056060112678,106.58331667214853,6112
2021-08-18,107.80802154541016,107.94042620010512,107.1294697870035,107.1294697870035,5761
2021-08-19,106.4343490600586,106.64950977537616,105.60684524206012,106.58330744964788,18006
2021-08-20,106.58329010009766,106.6991409945634,105.85507726242702,106.43433173475572,10391
2021-08-23,107.1129150390625,107.22876595412812,106.74880855548405,107.1129150390625,12207
2021-08-24,106.84811401367188,107.36117892884539,106.58331731305653,107.36117892884539,7458
2021-08-25,106.05367279052734,106.74877808249319,105.83851844679525,106.74877808249319,8769
2021-08-26,106.51707458496094,106.51707458496094,105.92126645102998,105.9543612910044,15377
2021-08-27,106.914306640625,106.914306640625,106.46745672467175,106.46745672467175,10232
2021-08-30,106.76536560058594,106.8646627803454,106.51711002438417,106.66605579402336,14581
2021-08-31,106.55021667480469,107.14602507294786,106.46747322477646,106.84812087387627,12430
2021-09-01,106.84811401367188,107.1791256729457,106.6495196449113,107.1791256729457,5964
2021-09-02,106.76536560058594,107.03016228887887,106.73225812279738,106.79846045157139,12692
2021-09-03,106.08679962158203,106.84810745094592,105.59029478997086,106.84810745094592,3543
2021-09-06,106.76536560058594,106.91431137022512,106.38470536683614,106.38470536683614,7476
2021-09-07,106.00407409667969,106.59988252066555,105.83856824923777,106.59988252066555,2285
2021-09-08,104.6800537109375,105.32551073948503,104.44835183539762,105.32551073948503,14964
2021-09-09,103.98490905761719,104.68001442335598,103.98490905761719,104.44831263477639,7516
2021-09-10,103.58773040771484,104.31593713422355,103.58773040771484,104.00148552097247,3898
2021-09-13,103.73670959472656,104.51457143109961,103.68706098845719,103.7698107700407,13390
2021-09-14,103.86906433105469,104.11731988487816,103.53806534382471,103.753213422844,4260
2021-09-15,102.80984497070312,103.90215796426145,102.79329754790096,103.90215796426145,10201
2021-09-16,103.47184753417969,103.81940020679285,103.27324690888645,103.27324690888645,14132
2021-09-17,102.52851867675781,104.43178841617728,102.39611400963193,104.43178841617728,20949
2021-09-20,100.75762176513672,101.36997741195478,99.96321290384292,101.22102535587466,33886
2021-09-21,101.37000274658203,101.75065669316504,101.18794948660711,101.43620507991872,16546
2021-09-22,101.81684875488281,101.9989019964916,101.38653994500726,101.80029501651764,12380
2021-09-23,102.72711181640625,102.94226622797683,102.51195740483567,102.59471347241005,10283
2021-09-24,101.53549194335938,102.36300208572874,101.48584335510564,102.36300208572874,16742
2021-09-27,100.44316864013672,102.13128991729036,100.31077031372897,102.13128991729036,10814
2021-09-28,98.75505065917969,99.96322094085514,98.57300374346785,99.96322094085514,228318
2021-09-29,100.12874603271484,100.12874603271484,99.53293760816089,99.5991399472008,11305
2021-09-30,99.74806213378906,100.79072656401003,99.69841355110256,100.7245242448276,30615
2021-10-01,99.5660400390625,99.5660400390625,98.39097691652921,98.65577996264098,16090
2021-10-04,99.43363189697266,99.99633279041139,99.13572771020979,99.13572771020979,12258
2021-10-05,99.69842529296875,99.81427620848187,99.26811648100448,99.26811648100448,21604
2021-10-06,99.46672058105469,99.46672058105469,97.81170022986642,98.97021573837853,13152
2021-10-07,101.15481567382812,101.1879168298136,100.45971033833302,100.55900749288949,18805
2021-10-08,100.95626068115234,100.95626068115234,100.52595808565451,100.95626068115234,5364
2021-10-11,101.18795013427734,101.22105130115756,100.5921417572375,101.12174780051691,21488
2021-10-12,100.98932647705078,101.41962892182012,100.19491759281468,100.19491759281468,5516
2021-10-13,101.4361801147461,101.60167959395359,100.41006314077816,100.69141983151145,16576
2021-10-14,102.18096160888672,102.18096160888672,101.33689767487502,101.80030136357054,9443
2021-10-15,102.76020812988281,102.76020812988281,102.11475123904191,102.37955422793564,7876
2021-10-18,102.77677154541016,102.89262247648861,102.3795701569704,102.57817085119028,200571
2021-10-19,102.5947036743164,102.85950665042091,101.93269307735467,102.85950665042091,48513
2021-10-20,103.28981018066406,103.57116689695488,103.00845977777426,103.00845977777426,33618
2021-10-21,103.38911437988281,103.50496528933245,102.61125286209152,102.67745518560591,11110
2021-10-22,103.48841094970703,103.65391675753014,103.35601261684955,103.5877144344009,12600
2021-10-25,103.55461883544922,103.7532195021041,103.1905123520808,103.7532195021041,3564
2021-10-26,104.2000732421875,104.21662698016318,103.85252050551283,104.034573742838,10198
2021-10-27,103.81941223144531,104.166964944313,103.81941223144531,104.166964944313,5066
2021-10-28,104.41519927978516,104.41519927978516,103.58768938101159,103.58768938101159,8892
2021-10-29,103.95182037353516,104.03457012032854,103.38911325657878,103.76976714254913,8866
2021-11-01,104.84553527832031,104.91173760667239,104.46488136039817,104.48143509918695,21186
2021-11-02,105.8550796508789,105.8550796508789,104.74621926071566,104.81242157716133,16771
2021-11-03,106.30194091796875,106.30194091796875,105.45787717641274,105.67302523230714,14303
2021-11-04,106.59988403320312,107.39428685858594,106.50057420992634,107.24534106387863,20266
2021-11-05,105.8882064819336,107.0136271941696,105.83855788926212,106.46746742117574,13914
2021-11-08,106.10334777832031,106.45090051082384,105.92129454318004,106.10334777832031,21412
2021-11-09,106.31849670410156,106.58330600342151,105.80544447017213,105.80544447017213,5130
2021-11-10,106.63294219970703,106.69914451684438,106.20263345171473,106.25228203286751,7934
2021-11-11,106.81503295898438,106.99708623840078,106.40127780154802,106.45092640015153,8268
2021-11-12,107.41079711914062,107.46044569727808,106.930839819145,106.96393466230326,11891
2021-11-15,107.52666473388672,107.67561049146444,107.19565311682163,107.19565311682163,7845
2021-11-16,107.87421417236328,107.95697023080665,107.29495964366482,107.37770307530648,6011
2021-11-17,108.2052230834961,108.27142541096643,107.64252224020257,107.90731892328103,7961
2021-11-18,107.82456970214844,108.3210681913478,107.65907020574865,108.3210681913478,12244
2021-11-19,107.74180603027344,108.33761427666988,107.74180603027344,108.03971015347166,15882
2021-11-22,107.52666473388672,107.90731231000896,107.29496291534221,107.64251564315899,7899
2021-11-23,106.26882934570312,106.98048842841405,105.97092524999157,106.98048842841405,13913
2021-11-24,106.4343490600586,106.66605088670632,105.93785055730027,106.31849814673473,19091
2021-11-25,106.93087005615234,107.01362612764925,106.58331728411198,106.66606072880519,5089
2021-11-26,104.66346740722656,105.60682830061624,103.91870714576095,104.26625982997815,24985
2021-11-29,105.07721710205078,105.34202003571521,104.68000954485417,105.07721710205078,14480
2021-11-30,104.28282928466797,104.87863761972135,103.67047352404161,104.26628185909497,16990
2021-12-01,105.47441864013672,105.57372210806292,104.28280227862206,105.06066366054412,6855
2021-12-02,104.38213348388672,104.86209090296863,103.85252747434863,104.86209090296863,11650
2021-12-03,104.66346740722656,105.45787624832313,104.6303662496725,105.06066867107472,5157
2021-12-06,106.3681640625,106.55021733120999,105.11035123576183,105.32550567272838,26960
2021-12-07,107.5763168334961,107.60941168288252,106.81500902958304,106.98050853012022,37623
2021-12-08,108.02317810058594,108.5693378738809,107.92388091518825,107.92388091518825,6247
2021-12-09,108.35418701171875,108.48659167342262,107.92387817458291,108.35418701171875,17695
2021-12-10,108.23831176757812,108.45345982439912,107.55974749892619,107.69215213087789,7914
2021-12-13,107.857666015625,108.50312289911227,107.70872025488288,108.37073087627562,6767
2021-12-14,106.56676483154297,108.32108245259315,106.56676483154298,108.13902919454411,7035
2021-12-15,107.62594604492188,107.65905351515043,106.6329365936692,106.74878748586868,13535
2021-12-16,109.81056213378906,110.05881763124945,109.06580826820702,109.08236200185081,11698
2021-12-17,108.98310089111328,109.95956958333451,108.56934575285787,109.81061116762409,7846
2021-12-20,107.95698547363281,108.32107935250687,107.0963678007943,107.84113455153572,12611
2021-12-21,108.96649169921875,108.96649169921875,108.40379105840474,108.85064082453361,4400
2021-12-22,109.06582641601562,109.06582641601562,108.15556031613184,108.85066572324243,12324
2021-12-23,109.6947250366211,109.76092735271642,108.98306592209718,109.2809700311258,7603
2021-12-27,110.63809967041016,110.67120714596567,109.61199521063051,109.62853632160599,12583
2021-12-28,111.48213958740234,111.48213958740234,110.68772449305526,110.68772449305526,7162
2021-12-29,110.98562622070312,111.43248864766875,110.65462730404651,111.43248864766875,11377
2021-12-30,110.70430755615234,111.3663182056947,110.70430755615234,110.9525631280811,19234
2022-01-03,110.8863525390625,111.64766030993535,110.8863525390625,111.06840576979319,20514
2022-01-04,110.70430755615234,111.68077610525796,110.62155148990846,111.68077610525796,11939
2022-01-05,110.72086334228516,110.78706567114394,110.14160874827473,110.29055451810464,10517
2022-01-06,109.76095581054688,109.99265766355374,109.26444462450131,109.62855114402753,9427
2022-01-07,109.64512634277344,110.05888153651975,109.23137114902713,109.46307304738055,4964
2022-01-10,107.89077758789062,109.92644548947186,107.8411289990915,109.89335063920672,17548
2022-01-11,109.29753112792969,109.62853010389807,108.98307326199861,109.24788254421458,53873
2022-01-12,108.90033721923828,109.52924036696383,108.43692094392206,109.52924036696383,17232
2022-01-13,108.23831176757812,108.65206677232666,108.03970481965058,108.48656729578738,7825
2022-01-14,107.46045684814453,108.10591368450893,107.37770079146132,107.49355169473694,17730
2022-01-17,108.55274963378906,108.65205941442794,107.79144199182346,107.79144199182346,7881
2022-01-18,107.47699737548828,108.02314435134889,107.17909328556436,108.02314435134889,18396
2022-01-19,107.36116790771484,107.69216690620635,107.19565578166667,107.32806043178424,13688
2022-01-20,107.80802154541016,107.89077761129522,106.8977553278859,107.62596830190532,6397
2022-01-21,105.9875259399414,106.94744096547691,105.78891891254608,106.63298299546908,11338
2022-01-24,101.78373718261719,105.55718102861135,101.78373718261719,105.2923780624609,285889
2022-01-25,102.39610290527344,102.92570888953975,101.93269924739074,102.32990689229115,66150
2022-01-26,103.76978302001953,104.39869255599838,103.35602790934433,103.40567650233673,15359
2022-01-27,104.59728240966797,104.68003216055335,102.29680524268697,102.41265615660679,15537
2022-01-28,103.95182037353516,104.2662719367104,102.85950730101995,104.2662719367104,21115
2022-01-31,105.19310760498047,105.40825572914169,104.56419803316521,104.7958998982018,18730
2022-02-01,106.1695556640625,106.4178112365128,105.5571936022588,106.05370474715941,17791
2022-02-02,106.05367279052734,106.55017115901761,105.78886355922657,106.36811796919811,28614
2022-02-03,104.94485473632812,105.9378708724743,104.84555122869276,105.44135964769997,10881
2022-02-04,104.36559295654297,105.5241022331065,104.10078993427102,105.3751501384909,17939
2022-02-07,104.63037872314453,104.7958782172445,103.93526695844238,104.41522433009374,11541
2022-02-08,104.43177795410156,105.20963951203417,104.15042753474803,104.72968211188847,19692
2022-02-09,106.31849670410156,106.58330600342151,105.2261899114127,105.2261899114127,14976
2022-02-10,105.6565170288086,106.28542663451533,105.39171398115354,106.20267055248347,18592
2022-02-11,104.99447631835938,105.22618444322337,104.5972750168228,104.94482773401752,4352
2022-02-14,103.14086151123047,103.68702122435529,102.36299997316829,103.38911707417833,46587
2022-02-15,104.49800872802734,104.74626436489834,103.0084938470107,103.0084938470107,13975
2022-02-16,104.66346740722656,105.25926930299879,104.48141419737938,104.81241945951969,4082
2022-02-17,103.5711898803711,104.66350319959848,103.28983310164458,104.66350319959848,6212
2022-02-18,103.00847625732422,104.29939019644999,102.77676808955624,103.78633158078107,5173
2022-02-21,101.9657974243164,103.70356740388388,101.71754186434913,103.43876441950599,29783
2022-02-22,102.54503631591797,102.66088720929946,100.2280121348879,100.37696418543557,32555
2022-02-23,102.52851867675781,103.95183728135099,102.52851867675781,102.64436960379196,21141
2022-02-24,99.97975158691406,100.67486322566033,98.55643346731922,99.97975158691406,118764
2022-02-25,103.19048309326172,103.19048309326172,100.12869895632083,100.42660302853557,33061
2022-02-28,102.79330444335938,102.85950676581001,101.27068259399967,101.50239072257688,15124
2022-03-01,101.38656616210938,103.04158687611536,101.25416778795845,102.76023638516779,28490
2022-03-02,101.5686264038086,102.14788748140656,100.09565887765382,101.05557398792297,67222
2022-03-03,100.07909393310547,101.84996540333862,100.07909393310547,101.27070442711324,29734
2022-03-04,96.7855453491211,99.54943136119645,96.7855453491211,99.20187244737708,42449
2022-03-07,95.59398651123047,96.91800803410106,93.37625866784549,94.63407785189206,78233
2022-03-08,95.44403839111328,97.7097732207867,94.86094131732875,95.6939316896962,30182
2022-03-09,100.27536010742188,100.27536010742188,96.82678111495379,96.82678111495379,43021
2022-03-10,98.2928695678711,99.95885040800451,98.2928695678711,99.95885040800451,44707
2022-03-11,99.49235534667969,100.37532295895815,98.45944288321724,98.99255612329605,23039
2022-03-14,100.95841979980469,100.95841979980469,99.37574334561094,99.80889549665932,24856
2022-03-15,101.05838775634766,101.05838775634766,99.37575006647768,100.67521296271809,11440
2022-03-16,102.8742904663086,103.30744257724236,102.14126137272419,102.29119986404952,259910
2022-03-17,104.68177032470703,104.8323918341764,103.29271096774367,103.54374256075198,30018
2022-03-18,105.56875610351562,105.61896114034295,104.1964233833526,104.8993258197366,21979
2022-03-21,105.51856231689453,105.85327751472198,105.26753070664499,105.40141295527913,35904
2022-03-22,106.037353515625,106.15450285771084,105.08341951054862,105.53528399466275,13174
2022-03-23,104.98300170898438,106.2214458033897,104.94952955679393,106.20470653521436,25411
2022-03-24,105.18382263183594,105.43486056780421,104.81564174568504,105.10014544789982,5865
2022-03-25,105.11688995361328,105.60222019829284,104.76543554891124,105.33444936585714,19330
2022-03-28,105.58616638183594,106.52471238460357,105.26773421339125,105.26773421339125,31080
2022-03-29,107.11128997802734,107.68112028663889,106.10571008909919,106.39062204674447,15510
2022-03-30,106.5582275390625,107.07777440024319,106.29006607094178,106.6252615127714,32884
2022-03-31,105.8710708618164,106.92693424093294,105.73699652424986,106.92693424093294,12607
2022-04-01,105.9213638305664,106.2062758192692,105.58616836661125,105.87108035531402,7151
2022-04-04,107.34596252441406,107.34596252441406,106.40741633289646,106.59176779802551,7856
2022-04-05,107.69786834716797,107.69786834716797,106.94368034044436,107.21183536579942,17482
2022-04-06,107.22862243652344,107.71464916136058,106.57499477784427,107.61409499437727,19960
2022-04-07,107.6476058959961,108.40178761181484,107.41295822947089,107.59731603318515,26656
2022-04-08,109.12498474121094,109.12498474121094,108.47023585744991,108.95710271101696,13019
2022-04-11,109.66436004638672,109.7317851150493,109.20925690793541,109.5632288734013,23711
2022-04-12,108.66818237304688,109.14094430785595,108.34737411079932,108.75260966788989,78323
2022-04-13,109.14287567138672,109.29545865104527,108.63429591863995,108.90553586662837,14520
2022-04-14,109.92273712158203,110.1261768364405,109.1429042823703,109.1429042823703,22860
2022-04-19,108.71589660644531,109.8887270497204,107.86602248072133,109.8887270497204,29187
2022-04-20,108.74988555908203,108.9878557460066,108.61390907914974,108.63090370763204,9731
2022-04-21,109.00552368164062,110.04513338972824,108.97143737139034,109.51681183409605,24024
2022-04-22,108.63056945800781,109.07367841600177,108.15336769405526,108.15336769405526,6159
2022-04-25,107.01152038574219,107.62506095098828,106.51727865248296,106.61953758045689,19487
2022-04-26,105.95487213134766,108.00000533288409,105.95487213134766,108.00000533288409,13542
2022-04-27,106.97747039794922,106.97747039794922,104.81303778069581,105.68221620903647,27210
2022-04-28,107.13082122802734,107.82957432904772,106.670665795458,107.42054511077534,14772
2022-04-29,107.72731018066406,108.22155189925579,107.50575892857692,107.52279883208419,15338
2022-05-02,106.2275619506836,107.2330788878374,105.63106124915772,107.19899907750946,16831
2022-05-03,106.46614837646484,106.97742999422684,106.00599297008951,106.44910197180363,6686
2022-05-04,105.256103515625,106.31275952352287,105.256103515625,106.02302916609982,24126
2022-05-05,105.1368179321289,106.65362952132212,105.1368179321289,106.61954321019765,13831
2022-05-06,103.7052230834961,105.08568939773615,103.50071172256018,104.898217941337,13951
2022-05-09,101.1999282836914,103.70521001809821,101.1999282836914,103.3984397646936,28498
2022-05-10,102.54632568359375,103.41551043933154,101.98391775455723,102.3759006145038,19829
2022-05-11,102.49518585205078,102.54631206572842,101.28515111882236,102.4781459479245,14434
2022-05-12,102.54632568359375,102.54632568359375,100.22851483799215,101.02952046427446,57908
2022-05-13,103.6370620727539,103.6370620727539,102.32476831457036,102.46110706148204,20447
2022-05-16,103.65412139892578,103.87567921813033,103.10875330649958,103.17692594337797,16314
2022-05-17,103.89270782470703,104.7278062823698,103.79045538181347,104.11426561980936,12117
2022-05-18,102.71675872802734,104.59146052011833,102.71675872802734,104.1653913399795,14617
2022-05-19,100.33073425292969,101.71120026282718,99.73424020616395,101.71120026282718,23527
2022-05-20,100.55229949951172,101.14879359093878,100.55229949951172,100.99540846724354,32041
2022-05-23,101.94981384277344,101.94981384277344,100.80795177411007,101.57487095393542,20942
2022-05-24,102.03502655029297,102.30771051504986,101.11472223255004,101.2681008677584,20347
2022-05-25,102.18840789794922,102.68264959740183,101.86459773346215,102.68264959740183,12651
2022-05-27,103.4325180053711,103.4325180053711,102.10318467847452,102.7678513419228,9392
2022-05-30,104.26762390136719,104.31875010963172,103.67112980062062,104.02902626106855,13074
2022-05-31,103.26212310791016,103.96087627858309,103.02352541567544,103.80749111910369,22850
2022-06-01,102.0009536743164,104.16538577392166,102.0009536743164,104.16538577392166,15883
2022-06-02,102.63153076171875,102.73378318874668,101.96686398084205,101.96686398084205,4497
2022-06-03,102.3929214477539,103.09167445857622,102.3929214477539,103.09167445857622,9228
2022-06-07,102.46109008789062,102.71673413528679,102.17136623538663,102.58038890966264,6037
2022-06-08,101.8475570678711,102.49518393463379,101.35332184186933,102.49518393463379,12485
2022-06-09,100.55229949951172,101.79642039112959,100.55229949951172,101.42147753291944,12373
2022-06-10,98.13224029541016,100.0410280831702,97.8595498244315,100.0410280831702,231803
2022-06-13,96.51317596435547,97.74025057196744,96.44500334690518,97.38235408230139,37094
2022-06-14,94.9963607788086,96.99036086529607,94.9963607788086,96.99036086529607,29628
2022-06-15,95.84852600097656,96.35980771889089,95.20089902425855,95.42245681916467,14137
2022-06-16,92.55925750732422,95.26905735705213,92.55925750732422,95.18383833243838,45850
2022-06-17,92.72970581054688,93.97382716660728,92.62744685614312,92.76379212868146,42356
2022-06-20,93.10462951660156,93.10462951660156,92.42291629776791,92.81489912314258,9278
2022-06-21,93.05349731445312,93.82042306456162,93.05349731445312,93.29210149327508,5727
2022-06-22,93.39436340332031,93.5307086621976,91.9116444701785,92.35475355893016,11988
2022-06-23,92.67858123779297,93.29212197256292,92.47406332533596,93.0023915138991,15844
2022-06-24,96.05303955078125,96.05303955078125,93.24098028698155,93.3091529179185,11669
2022-06-27,96.73473358154297,96.92220504121228,96.15527929770103,96.42796978543753,37711
2022-06-28,96.00188446044922,97.0414875137792,96.00188446044922,96.93923509942101,7273
2022-06-29,95.89967346191406,95.89967346191406,94.75780442108498,95.23500643128725,6380
2022-06-30,95.09864044189453,95.23498570121687,94.24650207502935,95.03046781223337,27907
2022-07-01,95.5076904296875,95.54177675190981,94.6725917884941,94.89414963228846,4947
2022-07-04,96.53022766113281,96.85404438293293,95.98485965750038,96.0700721890743,2498
2022-07-05,95.06453704833984,96.92219861442162,94.97932452722206,96.92219861442162,10353
2022-07-06,96.2916259765625,96.70065521296377,95.67808537261017,96.08711460901144,25763
2022-07-07,97.10966491699219,97.5357340013075,96.68359583267687,96.85402736718197,12707
2022-07-08,97.89363861083984,97.89363861083984,97.09263308661312,97.14375930056622,12720
2022-07-11,97.91069793701172,97.91069793701172,96.59840409488362,96.87108810744922,19572
2022-07-12,98.30265808105469,98.30265808105469,97.02445084855273,97.53573244129387,12760
2022-07-13,96.8199462890625,97.6550380986928,96.35979087299538,97.6550380986928,4591
2022-07-14,95.74626159667969,96.61543981743678,95.50766390867969,96.61543981743678,11509
2022-07-15,97.45053100585938,97.45053100585938,95.86555333724633,96.3597950836523,10853
2022-07-18,97.92772674560547,98.67761257115318,97.65504276394238,97.92772674560547,15267
2022-07-19,98.81737518310547,98.81737518310547,97.1236599272635,97.34606928833439,46861
2022-07-20,98.15013885498047,99.22796164503686,98.11592153332776,99.02266424140743,15774
2022-07-21,98.94015502929688,98.94015502929688,98.32188535699235,98.47645277506848,8323
2022-07-22,98.81993103027344,99.59276807667062,98.7512329480582,98.95732064329421,10838
2022-07-25,99.31800079345703,99.31800079345703,98.32189807007855,98.42494521259006,21153
2022-07-26,98.8714828491211,99.11191966214678,98.8027847449961,99.04322155802178,1808
2022-07-27,98.57951354980469,99.1977767562802,98.57951354980469,99.1977767562802,1861
2022-07-28,99.18060302734375,99.18060302734375,98.5279842379636,98.75124976748512,12811
2022-07-29,99.47257232666016,99.90192563929543,99.43822982689157,99.90192563929543,11375
2022-08-02,99.11189270019531,99.11189270019531,98.28753532918523,98.94015403801363,22080
2022-08-03,99.67863464355469,99.81602425277103,98.63101184871576,98.7855792537151,10183
2022-08-04,99.57562255859375,100.05649618715978,99.35235699472587,99.47257540186737,11869
2022-08-05,99.28366088867188,99.9191019474813,99.07756658467028,99.62713829251813,5335
2022-08-08,99.40386962890625,99.7988738460669,99.28365123896218,99.59278611350719,13028
2022-08-09,99.16341400146484,99.35232389874962,98.95731975666567,99.21493428695982,12352
2022-08-10,99.33515930175781,99.42102863379918,98.71688962880377,98.80275896084514,4171
2022-08-11,99.5412368774414,99.67863303585123,99.11188370952483,99.67863303585123,4249
2022-08-12,99.18060302734375,99.5412581932864,99.02603559173821,99.12908273261218,12976
2022-08-15,99.48973846435547,99.62712810155794,98.95733806059509,99.3351710278709,10575
2022-08-16,99.11189270019531,99.62711523815035,98.78558662148612,99.62711523815035,11989
2022-08-17,99.00884246826172,99.69580360140706,99.00884246826172,99.3523197591297,41104
2022-08-18,99.60993957519531,99.60993957519531,99.00884773280544,99.02601897769813,5893
2022-08-19,99.31800079345703,100.14235827931633,99.24930269844936,99.26647394649581,4898
2022-08-22,98.83711242675781,99.14624727706816,98.49362853181182,98.97450860530036,22931
2022-08-23,97.39450073242188,98.18450922991543,97.39450073242188,98.18450922991543,9963
2022-08-24,98.11578369140625,98.11578369140625,97.32576891618221,97.32576891618221,2737
2022-08-25,98.57951354980469,99.06038711642265,97.96124379191819,98.5279867023735,4766
2022-08-26,97.42882537841797,98.8886301596058,97.39447633694664,98.8886301596058,15024
2022-08-29,97.10250091552734,97.37728664383023,96.5529294589216,96.707496840555,21167
2022-08-30,96.99946594238281,97.99556842669386,96.82772729749232,97.15403334334799,5782
2022-08-31,96.60445404052734,97.34294194663875,96.3468395425224,97.05097841213923,23285
2022-09-01,95.1103286743164,95.98620637472872,94.88706316189354,95.98620637472872,20747
2022-09-02,96.89643096923828,97.0166558974214,95.36793456334507,95.7114184475864,11718
2022-09-05,96.38119506835938,96.467064389673,95.28205203216287,95.62553586882659,12387
2022-09-06,96.57014465332031,97.13689416106082,96.17514039856701,96.31253660095678,3935
2022-09-07,96.1922836303711,96.39837787392698,95.81445728667121,96.17511238577957,6105
2022-09-08,96.12358856201172,96.69033133240293,95.3164025163234,96.5357639311309,5560
2022-09-09,97.20553588867188,97.428801327416,96.14074207155157,96.14074207155157,11640
2022-09-12,97.85818481445312,98.02993003276963,97.20556608767083,97.51470092923033,15533
2022-09-13,97.1368637084961,98.6825311923426,97.0338165890092,98.25317802159476,6492
2022-09-14,95.86598205566406,96.81055778620754,95.60836751487497,96.58729883902757,23144
2022-09-15,95.69425964355469,96.41556999797616,95.52251440339884,95.88317613202061,10723
2022-09-16,94.45768737792969,95.45378977131861,94.45768737792969,95.1274772038387,36742
2022-09-19,94.2516098022461,94.35465037024184,93.68486047263167,94.33747912604571,32029
2022-09-20,93.25553131103516,95.12751187801308,93.25553131103516,94.33750341341242,245234
2022-09-21,93.03204345703125,93.34146320100554,92.56791384106982,93.34146320100554,45322
2022-09-22,91.89751434326172,93.22114190262334,91.484959021417,91.96627574938537,77095
2022-09-23,90.4865951538086,91.98351930108545,90.0220311294291,91.70822283074045,77716
2022-09-26,90.05644226074219,90.65865122681296,89.45423329467141,90.10805829680956,38707
2022-09-27,90.15970611572266,91.05441495455494,90.15970611572266,90.36617688133109,7418
2022-09-28,91.14044189453125,91.1920579401874,89.98763322071287,90.71029067783225,51887
2022-09-29,90.3317642211914,90.86515414424606,89.72955508515173,90.86515414424606,15957
2022-09-30,91.57059478759766,91.63941399520348,90.67587945285393,90.67587945285393,73225
2022-10-03,91.75984954833984,91.96632026946583,90.05644804918936,90.62424417318226,18748
2022-10-04,94.25471496582031,94.44398251612685,92.36205258992582,92.68896509090092,32693
2022-10-05,93.60092163085938,94.39239841483538,93.29121218259264,94.28915974421724,20343
2022-10-06,92.65457153320312,93.79017050825856,92.44810078235308,93.72135130036642,22319
2022-10-07,91.96633911132812,93.17076393123037,91.86310044782088,92.24163565042689,19735
2022-10-10,91.53618621826172,91.77706986520764,91.02000603715089,91.2608896840968,85718
2022-10-11,91.19206237792969,91.19206237792969,90.33175990266619,91.07162055647976,15387
2022-10-12,90.8995590209961,91.36411656294679,90.64146566339083,91.02000083758875,24329
2022-10-13,91.3469009399414,91.4845458985888,89.33379009058828,90.46939545825497,13360
2022-10-14,92.08679962158203,93.27401495666149,91.9663577715126,92.03518356114901,38358
2022-10-17,93.63531494140625,94.03105984197016,91.96633266173511,92.01794870807528,16263
2022-10-18,94.20311737060547,94.96018115644605,93.87620480563524,93.94502401264857,17762
2022-10-19,93.48046112060547,94.58164713284383,93.48046112060547,94.58164713284383,13948
2022-10-20,93.56649780273438,93.669729897697,93.06752079845862,93.29120127685584,9202
2022-10-21,92.86104583740234,93.30840021034018,92.15559811157833,92.91266188254492,10216
2022-10-24,94.51282501220703,94.73650548069261,93.49766788734058,93.66972574704543,9890
2022-10-25,96.18181610107422,96.18181610107422,94.83973982189605,95.0290074102152,15053
2022-10-26,96.56034851074219,96.56034851074219,95.37313345131533,96.06137806070272,247770
2022-10-27,95.52799224853516,96.45712054189569,95.49357936023432,96.45712054189569,41733
2022-10-28,96.18181610107422,96.18181610107422,94.97739136379609,94.9945945247402,16499
2022-10-31,96.6119613647461,96.7496063345689,95.923716824873,96.06136835828217,13444
2022-11-01,96.11298370361328,97.45505332667567,95.97533217120365,96.92167004755412,36442
2022-11-02,96.50871276855469,96.6807706039976,96.28503233161037,96.49150961044468,5129
2022-11-03,95.56238555908203,95.803269164251,94.90855394249056,95.63121132158345,52006
2022-11-04,96.2850570678711,96.78403410786595,95.5451963709373,95.66563819940677,14705
2022-11-07,95.90650939941406,96.38827661774614,95.63121290842629,96.06136408581881,22918
2022-11-08,96.6808090209961,96.71522191447609,95.63124530600359,95.63124530600359,10307
2022-11-09,97.1109390258789,97.248590569581,96.35387522627799,96.43990415929838,10437
2022-11-10,99.19285583496094,99.31329762946936,96.8700357331867,96.99047752769512,20407
2022-11-11,99.1412353515625,100.25963096854638,99.1412353515625,100.00153765275451,54806
2022-11-14,98.10889434814453,98.93478393071835,98.07448146175558,98.59066163041585,8647
2022-11-15,98.43582916259766,98.7971547059337,98.22935836120396,98.22935836120396,15611
2022-11-16,97.60990905761719,98.2809438762896,97.47226408732905,98.2809438762896,15060
2022-11-17,97.38623046875,97.8163816749964,96.71519563717946,97.59270777353058,16626
2022-11-18,98.62506866455078,98.67668470927791,97.88520806005799,97.93682410478512,3560
2022-11-21,98.95198059082031,98.96919031467755,98.33256836727651,98.40138757194592,6997
2022-11-22,98.88316345214844,98.93477949762556,98.57345405211241,98.77992479760753,4214
2022-11-23,98.91756439208984,99.03800619271681,98.71108710794147,98.93476755064262,7209
2022-11-24,99.50259399414062,99.69185503775292,98.93479117254147,99.08964589083328,48291
2022-11-25,99.6058120727539,99.70905072494156,99.45095737626566,99.62302179657844,5158
2022-11-28,99.6230239868164,99.81228500794165,99.22727909318972,99.50258217174277,8795
2022-11-29,98.76274871826172,99.67466744420607,98.76274871826172,99.51981270172604,14329
2022-11-30,99.2789077758789,99.88111688808891,99.08964017958803,99.08964017958803,46851
2022-12-01,100.32847595214844,100.62097564007937,99.93273760540177,99.96714392808676,13523
2022-12-02,100.00154113769531,100.10477978032694,99.33050636955446,99.91551221729523,34784
2022-12-05,99.93270874023438,100.13917943464072,99.64020257320578,99.91549902027592,14516
2022-12-06,99.07243347167969,99.88111331290304,98.91757876785618,99.69184572338689,9925
2022-12-07,98.21212768554688,98.79712703169906,98.21212768554688,98.71109810218178,6540
2022-12-08,98.0916976928711,98.3153782024089,97.62714007369017,98.28096531143478,13727
2022-12-09,98.65948486328125,98.90036849821556,97.93682739489158,98.43580438930508,57952
2022-12-12,98.41859436035156,98.57344905251543,97.97123344361762,98.57344905251543,46353
2022-12-13,99.19285583496094,100.1219773120851,98.41858246770286,98.47019850432488,59605
2022-12-14,99.58861541748047,99.60581857884218,98.84875477077533,99.12405129767117,6384
2022-12-15,96.90444946289062,98.90035051402003,96.90444946289062,98.90035051402003,17902
2022-12-16,95.94093322753906,97.48948037420722,95.85490428907688,97.2141838329759,17535
2022-12-19,95.88931274414062,96.68078944314163,95.88931274414062,96.68078944314163,42493
2022-12-20,95.02901458740234,95.56240450716975,95.02901458740234,95.21828219001617,20360
2022-12-21,96.6463623046875,96.6463623046875,95.28708958766099,95.28708958766099,9325
2022-12-22,95.94093322753906,97.07653228056661,95.94093322753906,96.68079391277081,26564
2022-12-23,96.35387420654297,96.64637388843403,96.1129905712005,96.18181634232315,56534
2022-12-27,96.6119613647461,96.99048995444856,96.38828090474938,96.93887391121332,11097
2022-12-28,96.35387420654297,96.749612545118,96.31946132098165,96.50872890977553,11562
2022-12-29,96.93885803222656,96.93885803222656,95.94090426923817,95.94090426923817,6444
2022-12-30,95.7000503540039,96.59476576119103,95.7000503540039,96.5259399844257,11451
2023-01-03,97.76478576660156,98.09169838778985,96.40550609963978,96.50874477329349,24906
2023-01-04,99.41655731201172,99.41655731201172,98.31537113435756,98.31537113435756,46994
2023-01-05,98.53903198242188,99.0035960391738,98.50461910078255,98.88315423522916,24578
2023-01-06,99.46819305419922,99.46819305419922,98.59068069060216,98.67670964141271,12860
2023-01-09,100.13919830322266,100.13919830322266,99.45095377407333,99.60580846495262,9723
2023-01-10,99.57139587402344,99.65742479952273,99.07242548069307,99.21007044877466,10628
2023-01-11,100.32847595214844,100.74141746023761,99.21008012086531,99.67464424015583,8535
2023-01-12,100.5521240234375,101.0166880233249,100.2768275676063,100.68977553314573,24159
2023-01-13,100.67256164550781,101.08550959395411,100.3112362928579,100.7241842413042,12286
2023-01-16,101.87702941894531,102.01468098155217,100.81025606309328,100.81025606309328,12403
2023-01-17,101.6533432006836,102.06628471146688,101.42966272025025,101.8081913445371,17625
2023-01-18,101.2747802734375,101.79096030232732,101.20595451929614,101.58448960348842,7463
2023-01-19,100.44892120361328,101.2748108115907,100.44892120361328,100.82744983836096,34673
2023-01-20,100.6209487915039,100.84462921079353,100.56933275766215,100.77580345661438,6091
2023-01-23,101.58450317382812,101.58450317382812,100.65537505955618,100.84464262693595,9361
2023-01-24,101.6533432006836,101.94584289052284,101.42966272025025,101.68774952359306,4720
2023-01-25,101.39522552490234,101.72213802286286,101.03390014869565,101.72213802286286,7350
2023-01-26,100.96507263183594,101.82537488223427,100.96507263183594,101.82537488223427,19263
2023-01-27,101.10274505615234,101.27480949114619,100.72421642634,101.11995478144526,12368
2023-01-30,101.44686889648438,101.4812817840035,100.7414211113105,100.79304372438276,10039
2023-01-31,100.67256164550781,101.27477713017596,100.20800422843506,101.27477713017596,29251
2023-02-01,99.84668731689453,100.84464118018506,99.65741975223006,100.84464118018506,58302
2023-02-02,99.79508209228516,100.44891377828026,99.39934376127373,100.0703786079273,24895
2023-02-03,101.15438079833984,101.20599685374425,99.65744955573261,99.74348506619053,16426
2023-02-06,100.53495025634766,100.7758339051704,100.1564150575764,100.7758339051704,12243
2023-02-07,99.949951171875,100.72422478463038,99.949951171875,100.62098611506713,11468
2023-02-08,100.46611022949219,101.10273214872652,100.36287814526221,101.08552898921693,9316
2023-02-09,100.03594207763672,100.93065718288753,99.96711632409779,100.79301223939478,7338
2023-02-10,99.1412353515625,99.53697362248055,98.33255565168028,99.36491578767641,18800
2023-02-13,99.96714782714844,99.96714782714844,99.26170004002654,99.34773554085548,5538
2023-02-14,100.20803833007812,100.63818958111736,100.07038677922371,100.12200282900051,11911
2023-02-15,100.50053405761719,100.60377271667713,99.81228945772489,99.98435388949143,8144
2023-02-16,99.74346923828125,100.67259090606156,99.43375982782553,100.65538774485263,27197
2023-02-17,100.34567260742188,100.39728865168968,99.08963187607537,99.45095731312303,5017
2023-02-20,100.43170166015625,100.6553821249047,100.29405668740941,100.6553821249047,2043
2023-02-21,100.60377502441406,100.60377502441406,99.55420493911647,100.17362378051092,53411
2023-02-22,100.84465789794922,100.89627394647414,99.82950070757452,100.17362301277709,6776
2023-02-23,100.22526550292969,100.82747477321993,100.22526550292969,100.8102716070354,4334
2023-02-24,99.50259399414062,100.84466384361147,99.41655849007716,100.58657045859596,5132
2023-02-27,100.03594207763672,100.48330291205468,99.96711632409779,99.96711632409779,5686
2023-02-28,98.93476104736328,99.98433086690898,98.93476104736328,99.62300548877911,12203
2023-03-01,98.41859436035156,99.26168702378764,98.41859436035156,98.83153583039764,26228
2023-03-02,99.45097351074219,99.45097351074219,97.9884618005381,98.17772941179481,22836
2023-03-03,99.74346923828125,99.7950852854949,99.26169539780186,99.77788212428598,14034
2023-03-06,99.34770965576172,99.86388970830849,99.27888389846603,99.58859324271118,3994
2023-03-07,98.65948486328125,99.60581624206034,98.55624620677222,99.08963608668873,20620
2023-03-08,98.24652099609375,98.4529982758962,97.95402136175221,98.14328891977826,15541
2023-03-09,98.19469451904297,98.36757646153632,97.9180900058254,98.36757646153632,19557
2023-03-10,96.56961822509766,97.27841751446964,96.2411459188328,97.03638945391872,12687
2023-03-13,95.13472747802734,96.81164559236433,94.56423371006701,96.81164559236433,29410
2023-03-14,96.17203521728516,96.25847290010196,95.06561704977611,95.39408288238896,17225
2023-03-15,94.40864562988281,96.22386271055257,93.9591592854761,96.22386271055257,43387
2023-03-16,96.77367401123047,96.99973531365066,94.91297681770241,96.93018156179093,45761
2023-03-17,95.74765014648438,97.38227886794255,95.36507478530937,97.13882423215529,15509
2023-03-20,95.79981994628906,96.3736763714499,93.8173959861383,95.1564031563689,30669
2023-03-21,97.29533386230469,97.50400832131528,96.5301831231968,96.75625099008245,27114
2023-03-22,97.26056671142578,97.81703643243894,97.10405918778818,97.31273367475754,22091
2023-03-23,96.68669891357422,96.75625928375408,96.14762262878533,96.73887250803011,12021
2023-03-24,96.00849151611328,96.1823924227755,95.29551438290149,96.1823924227755,8311
2023-03-27,97.52388000488281,97.78514734454627,96.9664950624259,97.33227996911222,14778
2023-03-28,97.87223815917969,98.11609698270095,97.78514904444458,98.04642303312345,10290
2023-03-29,99.11091613769531,99.3551595355365,98.57008671738024,98.57008671738024,93316
2023-03-30,100.00065612792969,100.12277782102886,99.59939818558476,99.80874870873578,23661
2023-03-31,100.57637786865234,100.68104980212337,100.0355484768973,100.05299158076477,24840
2023-04-03,100.55892944335938,100.82062259077398,100.14022839365583,100.82062259077398,33994
2023-04-04,100.38446044921875,100.71593263074121,100.38446044921875,100.66359666921988,9540
2023-04-05,100.75084686279297,100.82063259638028,100.08789570398126,100.14023833173867,33988
2023-04-06,101.7452392578125,101.83246807063921,100.87293781928179,100.87293781928179,8962
2023-04-11,102.07673645019531,102.47800106687417,101.71037135336691,102.23375101385511,20630
2023-04-12,102.28703308105469,102.93552678547283,102.11175999473586,102.81283896804194,125312
2023-04-13,102.44479370117188,102.79533325005072,102.14683274452982,102.28705123847567,7911
2023-04-14,103.44537353515625,103.62091026440847,102.63789386652091,102.63789386652091,7125
2023-04-17,103.12937927246094,103.46290166284591,103.04161092723284,103.46290166284591,15350
2023-04-18,103.55069732666016,103.86666209314711,103.18205948921451,103.18205948921451,12164
2023-04-19,103.55069732666016,103.63846568936748,103.30493653626411,103.39271159526827,12030
2023-04-20,103.76134490966797,103.91933064436883,103.3049386999557,103.37515607011098,12313
2023-04-21,104.4459457397461,104.4459457397461,103.6911257642425,103.91932886519162,15821
2023-04-24,104.99278259277344,105.1338984240011,104.37538148500705,104.37538148500705,212206
2023-04-25,105.4866943359375,105.64545384609387,105.08097708311432,105.18681899958315,13601
2023-04-26,104.14608001708984,104.7987551147993,104.07551872839292,104.7987551147993,26735
2023-04-27,104.11077117919922,104.49885143284406,103.79325219514308,104.04020990961052,24609
2023-04-28,104.81637573242188,104.85165637127038,104.16370073645903,104.25189896903339,84753
2023-05-02,104.56941986083984,105.46905934484123,104.51650226616704,104.95750016602427,41514
2023-05-03,105.53961181640625,105.53961181640625,104.97512836092932,105.0456896340006,13472
2023-05-04,104.99278259277344,105.20445970416195,104.72818115671727,104.99278259277344,15706
2023-05-05,105.73365020751953,105.83949212211537,104.95749635443107,105.38085728372076,14744
2023-05-08,106.26287078857422,106.36870599174216,105.83950978861803,105.83950978861803,8554
2023-05-09,106.03353118896484,106.12172941901729,105.55725267176935,106.08644878117758,10330
2023-05-10,105.08098602294922,106.05118012129186,104.9398701847457,106.05118012129186,15885
2023-05-11,105.64546203613281,105.89241979794475,105.09862891471904,105.39850427432087,20415
2023-05-12,106.10408782958984,106.52744200698517,106.10408782958984,106.24520364569051,15679
2023-05-15,106.31576538085938,106.66856501628604,106.15700588137204,106.5098055167987,11465
2023-05-16,105.7689208984375,106.17463810592443,105.57488077114091,105.96296102573409,18035
2023-05-17,104.99278259277344,105.46906114021813,104.9045843571194,105.39849986005727,7184
2023-05-19,106.06883239746094,106.49218667545409,105.32795231733056,105.59255378789746,14797
2023-05-22,106.01589965820312,106.36869934794825,105.8747838197617,106.22758350950683,7427
2023-05-23,105.50435638427734,106.1041138904753,105.41615140731987,106.1041138904753,15424
2023-05-24,104.42830657958984,104.86930449020542,104.09314386090178,104.81638016514756,8081
2023-05-25,103.79325103759766,104.51648722008346,103.63449154734015,104.51648722008346,20118
2023-05-26,105.04570007324219,105.23974022892489,103.89910955280793,104.28718313507929,32468
2023-05-30,103.72271728515625,104.9751498577244,103.6345190403026,104.7634727242567,16969
2023-05-31,102.98181915283203,104.23425142378265,102.8406966117763,103.3875363647276,20996
2023-06-01,103.8109130859375,104.00495325750398,103.33464122912196,103.36991514295714,14617
2023-06-02,105.1338882446289,105.15153192750783,103.98729783395453,104.05785910728342,22834
2023-06-05,104.85166931152344,105.45142678777941,104.85166931152344,105.34559158726606,14417
2023-06-06,105.39849853515625,105.45141613006467,104.63998160569706,104.83402175915322,49915
2023-06-07,104.21662139892578,104.992775239051,104.21662139892578,104.992775239051,11782
2023-06-08,103.79325103759766,104.34009077717198,103.40517078828086,104.11077001811269,9616
2023-06-09,103.29933166503906,103.95200655377134,103.15820913283062,103.95200655377134,10071
2023-06-12,103.86383819580078,104.18135725546153,103.75799626621566,104.18135725546153,15082
2023-06-13,104.0049057006836,104.12838452992915,103.70503046654197,104.11074758107615,20700
2023-06-14,103.61688232421875,104.2342767687265,103.40519846116344,103.95203834708084,50046
2023-06-15,103.89911651611328,103.95203411517544,103.33463969580191,103.93439042942505,8320
2023-06-16,104.4636001586914,104.95751572644666,103.89912330151542,103.89912330151542,13872
2023-06-19,103.74034118652344,104.71053515307045,103.66977991245986,104.71053515307045,42768
2023-06-20,103.07003784179688,103.89911611238642,103.07003784179688,103.74035658672236,54888
2023-06-21,102.62903594970703,103.22879338696755,102.52319402698075,102.80543242515662,10238
2023-06-22,102.77015686035156,102.77015686035156,101.72940145396703,102.08220115138619,30711
2023-06-23,103.2817153930664,103.45811860514118,102.71723857261611,102.71723857261611,27201
2023-06-26,102.43498992919922,102.92890541547776,102.31151105762959,102.92890541547776,7484
2023-06-27,102.25857543945312,102.6642926215396,102.13509658964823,102.6466489406574,18376
2023-06-28,102.75252532958984,103.21116025008754,102.59376579382239,103.21116025008754,23828
2023-06-29,102.64665985107422,102.8406999868474,102.5408246709022,102.82306303318317,10566
2023-06-30,103.58159637451172,103.84619109613512,102.75251810941737,102.75251810941737,25590
2023-07-03,103.10530853271484,104.07550254964703,103.10530853271484,103.72270289010065,41549
2023-07-04,103.05238342285156,103.38754612495316,102.92890455231742,103.14058838388489,7007
2023-07-05,102.77015686035156,102.96419703038683,102.48791844823513,102.69960230414335,14822
2023-07-06,100.91795349121094,102.22331018000695,100.74155703041666,102.22331018000695,216453
2023-07-07,99.9477767944336,100.97089528555135,99.7360996590314,100.77685510764317,39856
2023-07-10,100.40637969970703,100.6004198157551,99.68314354931407,99.68314354931407,8652
2023-07-11,100.6180648803711,100.7415437324465,100.19470400961772,100.33582654289977,10907
2023-07-12,101.2354736328125,101.2354736328125,100.61807928405422,100.74155815380587,12671
2023-07-13,101.20018005371094,101.71173915103554,101.147262467468,101.18254310132758,16841
2023-07-14,102.08219146728516,102.08219146728516,101.55299533590626,101.55299533590626,8434
2023-07-17,100.81212615966797,101.58828006835651,100.81212615966797,101.58828006835651,9724
2023-07-18,102.08665466308594,102.08665466308594,100.97144200329076,100.97144200329076,21448
2023-07-19,102.12206268310547,102.45840245937734,102.05126035106622,102.13976833065978,10550
2023-07-20,103.00852966308594,103.16809564640798,101.98022080867011,102.12205348091385,23570
2023-07-21,103.0439682006836,103.11488790376941,102.76029615161542,102.95532195346388,7749
2023-07-24,102.74259185791016,103.34539593813555,102.67167213946561,102.95534424996718,18998
2023-07-25,103.2390365600586,103.39860257614095,102.65396567660858,102.90217797645269,4371
2023-07-26,102.76032257080078,103.3276668147986,102.24616473615373,103.23902054478835,5564
2023-07-27,104.60420227050781,104.71058186013903,103.23902797165536,103.23902797165536,21107
2023-07-28,104.07229614257812,104.48007433953155,103.96591657513446,104.19640225629108,41937
2023-07-31,103.94819641113281,104.33824132248918,103.87727669514933,103.9659229584905,18488
2023-08-02,103.07943725585938,103.34538278453908,102.5475529617757,102.88441143659769,6882
2023-08-03,101.9092788696289,102.52981611980736,101.306474926662,102.45889641751124,10745
2023-08-04,102.01569366455078,102.01569366455078,101.21786364629548,101.94477393775534,5665
2023-08-07,102.12205505371094,102.19297477256332,101.71427681522471,101.85611625292948,4740
2023-08-08,101.5369644165039,102.17522823475103,101.5369644165039,101.92701603060499,11592
2023-08-09,101.89159393310547,102.4057450765182,101.89159393310547,102.1575327803994,5750
2023-08-10,102.52984619140625,102.9021645927478,102.21071420074861,102.21071420074861,6397
2023-08-11,101.96247863769531,102.60074251552236,101.82064597777594,102.38799014400531,3409
2023-08-14,102.1929702758789,102.28161653890545,101.69654579230914,101.90929817622813,16854
2023-08-15,101.00509643554688,101.98021886469279,100.8100705970624,101.98021886469279,15745
2023-08-16,101.00509643554688,101.3951413492394,100.8100705970624,100.8100705970624,15961
2023-08-17,99.9945068359375,100.63276394710888,99.9945068359375,100.5263911435516,9486
2023-08-18,99.55128479003906,99.87041677856786,98.78891468002885,99.78176374364996,17153
2023-08-21,99.78173828125,100.43773540320397,99.62217232770381,99.62217232770381,5383
2023-08-22,100.02997589111328,100.5618670468828,99.99452279312051,100.13635547492258,10665
2023-08-23,100.8632583618164,101.25331004404111,100.50866653827364,100.50866653827364,15568
2023-08-24,100.8632583618164,101.55470869792273,100.81007195543177,101.43060257417424,9593
2023-08-25,100.59732055664062,101.20012463361284,100.59732055664062,100.73915322948767,14784
2023-08-28,101.41287231445312,101.66108455286479,101.16466007604146,101.16466007604146,3384
2023-08-29,102.12205505371094,102.12205505371094,101.50152442194421,101.64336385964897,10280
2023-08-30,102.08660125732422,102.31708019709858,101.78519583590733,102.28162033791561,7064
2023-08-31,102.15752410888672,102.67168197193364,102.15752410888672,102.28163024641152,6191
2023-09-01,101.98023223876953,102.24617106526206,101.76747982492004,102.1220649269101,31654
2023-09-04,101.55469512939453,102.37025824356003,101.55469512939453,101.94474675950518,9121
2023-09-05,100.77461242675781,101.30649678217549,100.72142602019899,101.21785051681861,8482
2023-09-06,100.38455963134766,100.49093920656348,99.85267528182139,100.26045350856741,11935
2023-09-07,101.07601928710938,101.07601928710938,100.11863007494607,100.13635662414589,10817
2023-09-08,100.66822052001953,101.0759987013356,100.3490885932025,100.95189259238182,3944
2023-09-11,100.88098907470703,101.32422715190121,100.49093740252772,101.05828160027417,6151
2023-09-12,101.0228271484375,101.5724448283489,101.0228271484375,101.46606524935024,56073
2023-09-13,101.07601928710938,101.129212461263,100.22500289669917,100.7746206077728,34228
2023-09-14,102.01569366455078,102.1043399414064,100.95191805245125,101.00511122918654,8411
2023-09-15,102.91988372802734,103.3276619615428,102.76031774419289,102.81351091432208,16603
2023-09-18,101.94474792480469,102.58301177654496,101.85610167056869,102.58301177654496,5156
2023-09-19,101.57244110107422,102.22843157263556,101.50152138434423,101.6965472237135,8295
2023-09-20,102.65470886230469,102.7611560079134,102.10470712731662,102.19341533799142,6635
2023-09-21,101.90953063964844,103.15146571806233,101.90953063964844,102.14017736929715,8629
2023-09-22,101.41242980957031,102.0870942417905,101.1993803788184,102.0870942417905,16809
2023-09-25,101.51893615722656,101.90953234050518,100.9863093081216,101.34139613176418,11071
2023-09-26,100.80875396728516,101.32362947929984,100.54244395165902,100.80875396728516,7746
2023-09-27,100.16960906982422,101.46567701127883,100.13410648237867,101.12834147608464,11088
2023-09-28,100.50696563720703,100.50696563720703,99.49497236528963,100.2406487666101,13040
2023-09-29,100.87979125976562,101.64322563605478,100.75551187504121,100.89754932770826,27359
2023-10-02,99.9388198852539,101.1283531103494,99.61924237973479,100.93305499334119,34677
2023-10-03,99.05110931396484,100.22289128135002,98.92682992141785,99.9210650617938,21964
2023-10-04,99.03333282470703,99.67248773761958,98.82028344464207,98.82028344464207,16463
2023-10-05,99.193115234375,99.7612513935033,98.92680521943706,99.35290395242467,9062
2023-10-06,99.83228302001953,99.85004108694278,99.03333932642673,99.60147555904425,11198
2023-10-09,99.63697814941406,100.08083497427943,99.38841941112429,99.60146879069872,5317
2023-10-10,101.43017578125,101.43017578125,100.38267327697727,100.38267327697727,14207
2023-10-11,101.60772705078125,101.83853454948854,101.00408135835242,101.05734202239286,12249
2023-10-12,101.16385650634766,101.85627213654985,101.14610521162994,101.78526018496068,5208
2023-10-13,100.32939910888672,101.12834279115988,100.25838716035423,100.89754210617276,15532
2023-10-16,100.24063110351562,100.52469922149523,99.74351359023086,100.50694792718569,5098
2023-10-17,99.61922454833984,100.08083265550906,99.35290775050385,99.7967645650855,13439
2023-10-18,98.21665954589844,99.26416215686058,98.19890824894482,99.06886402677488,16345
2023-10-19,96.24590301513672,97.45319400439182,95.99734430076954,97.45319400439182,244371
2023-10-20,95.37598419189453,95.87310181179653,95.25170478691903,95.55352426393964,13237
2023-10-23,95.12739562988281,95.41146371994157,94.47048266878896,95.28717758111821,21206
2023-10-24,95.51802825927734,95.62455638104093,94.63031422940911,95.26946941454952,96712
2023-10-25,95.6600112915039,95.6600112915039,94.77229776705009,95.30492452717904,14716
2023-10-26,95.51802825927734,95.69557512888332,94.8078610990151,95.16294129278593,17888
2023-10-27,95.1451644897461,95.80207079941152,94.967624440448,95.07414576093936,11579
2023-10-30,95.64227294921875,95.78431039332274,95.35820483372886,95.50024227783285,10891
2023-10-31,95.500244140625,95.87308227959326,95.34045539925027,95.500244140625,38433
2023-11-01,96.6720199584961,97.02710678082276,96.01511373945831,96.12163504525385,9273
2023-11-02,97.47097778320312,97.70177849445278,97.08038154459786,97.08038154459786,74667
2023-11-03,97.45321655273438,97.87932214218088,97.36444653030927,97.79055211975577,14721
2023-11-06,97.24017333984375,97.6307695906626,97.02712391790575,97.6307695906626,7474
2023-11-07,97.41768646240234,97.71951260169274,97.29340710290546,97.31116516724339,9491
2023-11-08,97.48872375488281,97.95033192489045,97.09812753760974,97.09812753760974,24796
2023-11-09,98.07463073730469,98.41195956766101,97.55975507040348,97.71954383693422,12543
2023-11-10,97.08036804199219,97.71952297164135,96.84956059012602,97.55973423922906,10604
2023-11-13,97.41768646240234,97.55972388623715,97.0270970922909,97.39993517078156,16485
2023-11-14,98.53621673583984,98.62498674772498,97.70176372414052,97.70176372414052,16005
2023-11-15,98.51848602294922,99.10437364195654,98.51848602294922,98.67827478680925,14159
2023-11-16,98.02134704589844,98.67826007310501,98.00359575154715,98.67826007310501,11491
2023-11-17,98.83805084228516,99.06885832571513,98.32318198762894,98.411952012727,7139
2023-11-20,98.89131927490234,98.89131927490234,98.53623239820288,98.78479118007685,9811
2023-11-21,99.28189849853516,99.31740785981265,98.80253905308456,98.94456972547633,15632
2023-11-22,99.77903747558594,99.9388262385035,99.35293185023275,99.56598804926892,15562
2023-11-23,99.85005950927734,99.95658083959749,99.51272390267857,99.51272390267857,19316
2023-11-24,100.08087158203125,100.11638095373527,99.79680338111918,99.95659216742722,4940
2023-11-27,99.72575378417969,100.09859868535973,99.63698376874369,100.02757996392371,19061
2023-11-28,99.13986206054688,99.35291144310347,98.64274457700891,99.35291144310347,12650
2023-11-29,99.38842010498047,99.72574885605476,99.13986136495545,99.13986136495545,10039
2023-11-30,99.97432708740234,100.08084840512588,99.24640206784434,99.38843274904859,8887
2023-12-01,100.20511627197266,100.68448246477925,99.93880623555863,100.18736497863217,40451
2023-12-04,100.72000885009766,100.86204631170301,100.13412125277291,100.13412125277291,17180
2023-12-05,100.91529846191406,101.02182654913315,100.54246031572482,100.72000035503827,9872
2023-12-06,101.28814697265625,101.43018443681602,100.64899192937541,100.96856945101582,204011
2023-12-07,100.91529846191406,101.16385722604022,100.84427973710135,101.16385722604022,22640
2023-12-08,101.82074737548828,101.99829415940562,100.8797731252369,101.05731313643693,15971
2023-12-11,102.37113189697266,102.44215061029708,101.66095830916302,101.89176574110874,29078
2023-12-12,102.54869842529297,102.65522652282634,102.28238834053808,102.28238834053808,20121
2023-12-13,103.0635757446289,103.59620269550716,102.61971882344383,102.61971882344383,14846
2023-12-14,103.24110412597656,104.28860654367745,102.76173792404043,103.80924034174132,33264
2023-12-15,103.0635757446289,103.4009113392698,102.72624692270715,103.22336450716429,22621
2023-12-18,102.65522003173828,103.06356755405041,102.38890319110409,102.53094064550062,36252
2023-12-19,102.54869842529297,102.92154338030026,102.40666773463415,102.74399655107797,82450
2023-12-20,102.44217681884766,102.86827566237169,102.35340679084007,102.70848690287042,27260
2023-12-21,102.38890075683594,102.51318691283734,101.76750384042116,102.40665882457262,19429
2023-12-22,102.67296600341797,102.70846859011574,102.08707173213767,102.14033238490214,20874
2023-12-27,102.14035034179688,102.7084866468923,102.08708967966886,102.7084866468923,7900
2023-12-28,101.67871856689453,102.44215281980486,101.67871856689453,102.30011539009251,13940
2023-12-29,102.54869842529297,102.54869842529297,101.98056211721969,102.03382955234589,12778
2024-01-03,102.65522003173828,103.8625113032344,102.54869194094088,102.97479753141188,10118
2024-01-04,103.22333526611328,103.2410933306529,102.53091974884674,102.95702525247388,19938
2024-01-05,102.79725646972656,103.11683396624034,102.17585277196378,102.70847967524722,26251
2024-01-08,103.34764862060547,103.34764862060547,102.58421413950249,102.93930104720239,12987
2024-01-09,103.5074234008789,103.6139514906069,102.95704520241395,103.40090208386945,14912
2024-01-10,103.48967742919922,103.70272684689608,103.0813298899807,103.22336057753897,15207
2024-01-11,102.61970520019531,104.00454321589797,102.58419583848824,103.88025706356412,7929
2024-01-12,103.22333526611328,103.45414269610788,102.77947847066373,102.95702525247388,52444
2024-01-15,103.0635757446289,103.2588738735854,102.9925570117867,103.2588738735854,13520
2024-01-16,103.22333526611328,103.27659591429773,102.38888232339862,102.56642910520877,21337
2024-01-17,102.49540710449219,102.49540710449219,102.03379903202836,102.47765581323924,18190
2024-01-18,102.99254608154297,103.17009289480605,102.49542854984318,102.97479478657587,10720
2024-01-19,102.47766876220703,103.36538243679935,102.42440133628335,103.13457498504435,25814
2024-01-22,103.64946746826172,103.84476559220009,103.08133116556041,103.27662251677984,12106
2024-01-23,102.47766876220703,103.86249992730133,102.47766876220703,103.86249992730133,13481
2024-01-24,102.93928527832031,102.9747946409227,102.53093776747045,102.81500589557115,18735
2024-01-25,103.08132934570312,103.0990806417846,102.42441625446811,102.6019630788771,13037
2024-01-26,104.71472930908203,105.03430685025404,103.73824538782065,103.73824538782065,18357
2024-01-29,105.123046875,105.19406559114665,104.64368070008639,104.75020877430637,30480
2024-01-30,105.194091796875,105.46040866241047,104.99879366517821,105.0698123990169,19920
2024-01-31,104.21759033203125,105.06979467619084,104.14657161017176,104.87449657743629,11113
2024-02-01,103.1700668334961,104.00451971324927,102.97476877459926,103.57841424177282,38440
2024-02-02,103.48967742919922,103.89802496841774,103.41865869906063,103.70272684689608,20095
2024-02-05,103.72047424316406,103.72047424316406,103.29437542379172,103.57844356094616,25255
2024-02-06,103.40090942382812,104.12883449017848,102.9748038073874,104.12883449017848,24602
2024-02-07,103.08132934570312,103.57844690861062,103.08132934570312,103.57844690861062,28968
2024-02-08,102.42442321777344,103.5429445830766,102.42442321777344,103.08133635366856,25378
2024-02-09,101.98054504394531,102.6552093366017,101.76749565726567,102.4954206034125,82792
2024-02-12,102.85052490234375,102.86827619895027,102.26463052354333,102.38890991794602,22053
2024-02-13,102.51317596435547,103.29436154337692,102.12257978848588,103.09906345544213,19858
2024-02-14,103.11683654785156,103.17009720769778,102.4066628105482,102.4066628105482,26257
2024-02-15,103.72047424316406,103.8092510388587,103.29437542379172,103.41865481050188,11478
2024-02-16,104.04004669189453,104.44840096864816,103.77373663589842,103.77373663589842,9149
2024-02-19,104.80348205566406,104.87450078036969,103.3831414251434,103.93352638253444,17051
2024-02-20,105.26509857177734,105.51365733925532,104.62594358528058,104.83899298987335,10224
2024-02-21,105.0343017578125,105.26510925362847,104.89227106457749,105.12307178767429,56853
2024-02-22,104.75022888183594,105.336123243436,104.57268883010681,105.08755768920884,27664
2024-02-23,105.72669982910156,105.7977185502272,104.83898613318514,104.83898613318514,23710
2024-02-26,105.2828369140625,105.93974311482441,105.2828369140625,105.49588629244411,14661
2024-02-27,105.14083862304688,105.4249068059193,104.9988011452508,105.1230805519625,12982
2024-02-28,104.92777252197266,105.63794629861398,104.92777252197266,105.37162943919373,14523
2024-02-29,105.08755493164062,105.56692118599301,105.01654297644369,105.06980363602106,15099
2024-03-01,105.6734619140625,105.99303945517846,105.44265440709665,105.46041247755836,37544
2024-03-04,105.42488861083984,105.72670803998649,105.10531111367365,105.60242865472392,23089
2024-03-05,105.60242462158203,105.85098338261427,105.30060520396239,105.38937522251415,8363
2024-03-06,106.1705551147461,106.24157383482668,105.38936951201339,105.38936951201339,10413
2024-03-07,107.06230163574219,107.16931288439237,106.25974108289266,106.25974108289266,70186
2024-03-08,107.65087127685547,107.77571435274584,107.15149897329397,107.15149897329397,9508
2024-03-11,108.61824798583984,108.61824798583984,108.04497063806673,108.06288256530743,23066
2024-03-12,109.44233703613281,109.47816772583622,108.60033291311585,109.08403697310398,7623
2024-03-13,109.56774139404297,109.56774139404297,109.11986802228282,109.26319078156861,18667
2024-03-14,109.54972076416016,110.1802459120298,109.18941773443092,110.1802459120298,27458
2024-03-15,108.97325134277344,109.72988160823886,108.97325134277344,109.67583855276547,7580
2024-03-18,109.2449951171875,109.67980411426801,108.97324554118491,109.64356945525675,5311
2024-03-19,108.86456298828125,109.08196407407793,108.30293602966258,108.88267686582434,8618
2024-03-20,109.20878601074219,109.29937613499379,108.64716594229678,108.75586303370883,8727
2024-03-21,109.89722442626953,110.69436633112153,109.5167708065258,109.87911054911515,47228
2024-03-22,109.4986343383789,110.0059126697853,109.46239967820311,109.77039083417,18297
2024-03-25,109.53491973876953,109.73453716594378,109.00865687122064,109.73453716594378,18494
2024-03-26,109.78899383544922,110.22452346846886,109.57123248019373,109.57123248019373,14464
2024-03-27,110.38883972167969,110.53425894401305,110.07983427517657,110.17071782214983,13534
2024-03-28,110.58879089355469,110.80691279941222,110.24343063144941,110.73420318613624,9914
2024-04-02,109.46182250976562,110.84327052858079,109.29822934256654,110.84327052858079,10942
2024-04-03,109.6435775756836,110.00711867776403,109.28003647360316,109.98893780897663,21352
2024-04-04,110.2070541381836,110.33429246939329,109.60721034765018,110.26158287042519,25703
2024-04-05,108.42571258544922,109.11643298659592,108.40753171838428,109.11643298659592,8823
2024-04-08,108.86197662353516,109.06192459472742,108.42573280817967,108.58932597243059,16582
2024-04-09,108.58930969238281,109.22550138355072,108.35300694967643,108.73472196437717,14950
2024-04-10,108.3711929321289,108.98921075824715,107.55322714256504,108.98921075824715,15716
2024-04-11,108.0985336303711,108.80743494653684,107.84405694600078,108.57113219649173,11638
2024-04-12,107.49647521972656,109.17497103626002,107.45999238346268,109.17497103626002,8484
2024-04-15,107.77012634277344,108.35394905682496,107.6424155590569,108.0620376997992,14171
2024-04-16,106.46992492675781,107.29399695892363,106.21354851358029,107.11087294543492,13866
2024-04-17,106.68968200683594,107.34893967499964,106.39667937495582,106.50655798156104,18019
2024-04-18,106.90943145751953,107.31230568101901,106.32342623630822,107.31230568101901,10762
2024-04-19,107.51376342773438,107.51376342773438,105.82899989456486,106.03044053129912,29466
2024-04-22,108.47320556640625,108.60236173527863,107.73516428272124,108.60236173527863,17036
2024-04-23,109.87547302246094,110.18914302425432,108.98982772557639,108.98982772557639,19138
2024-04-24,108.8791275024414,109.67251945948266,108.8237768668053,109.67251945948266,8988
2024-04-25,107.80896759033203,108.56545672315474,107.2000824881053,108.56545672315474,13909
2024-04-26,108.5101089477539,108.71306361535527,108.10418553558449,108.67616788559747,26190
2024-04-29,108.49165344238281,109.02673302118552,108.43630280956988,108.97138238837259,4682
2024-04-30,107.84587097167969,108.78686690772622,107.77206543671986,108.78686690772622,19283
2024-05-02,107.4030532836914,108.30715356215208,107.21854647020169,108.06728907382843,73950
2024-05-03,108.08575439453125,108.52857360497474,107.60602537165228,107.7720843351897,14024
2024-05-06,108.63927459716797,109.02674313978547,108.1595456066553,108.32560455898907,19247
2024-05-07,110.39209747314453,110.46589596417492,109.21123011638332,109.21123011638332,17853
2024-05-08,111.20394134521484,111.20394134521484,110.68731669624904,110.68731669624904,10844
2024-05-10,112.64312744140625,112.79073852353004,111.84973547120036,111.84973547120036,9524
2024-05-13,112.99368286132812,113.06748135255441,112.69846778097482,112.7353635073466,11519
2024-05-14,113.15975189208984,113.21510252507453,112.5508667753251,112.64312017646067,12555
2024-05-15,114.3405990600586,114.3405990600586,113.38114831484319,113.47340170528106,18711
2024-05-16,114.82032775878906,115.09709498508552,114.63582096691339,114.74652222664561,12669
2024-05-17,115.59527587890625,115.76133481289116,115.02329354218416,115.02329354218416,28412
2024-05-21,115.24469757080078,115.77977711443005,115.13399631245187,115.76132925086618,8851
2024-05-22,114.82032775878906,115.2631539131668,114.63582096691339,115.24469901088946,12545
2024-05-23,115.11556243896484,115.44768035164643,114.74654175393151,115.02330902732754,7120
2024-05-24,114.83879852294922,114.83879852294922,114.08230931019766,114.46977784974466,4990
2024-05-27,115.041748046875,115.041748046875,114.61737675519277,114.83879337227502,6148
2024-05-28,114.00848388671875,115.26314973373147,113.80552219992511,115.26314973373147,14216
2024-05-29,113.38115692138672,113.89778157784079,113.36270201880876,113.58411861884598,15583
2024-05-30,114.30370330810547,114.30370330810547,113.2519991079358,113.27044697176204,14583
2024-05-31,115.70598602294922,115.70598602294922,114.3959693534602,114.6173789362721,43522
2024-06-03,115.46611785888672,116.18570421510977,115.2447012581388,115.70597528530568,24699
2024-06-04,115.5399169921875,116.01964592464144,115.17089636071904,115.46611849668031,12792
2024-06-05,116.9052963256836,116.97910186289911,115.59527971328352,115.59527971328352,26568
2024-06-06,117.69869232177734,117.79094572724297,117.05290440655061,117.05290440655061,25352
2024-06-07,117.73558044433594,118.21530231616586,117.56952151976351,117.90163936890838,9298
2024-06-10,116.7576904296875,117.3296728107512,116.33331912960169,117.3296728107512,9511
2024-06-11,116.0381088256836,117.08981318663969,115.92740754883603,116.9606570046615,13515
2024-06-12,116.86837768554688,117.21894338198622,116.09343372699347,116.33329817112696,33784
2024-06-13,116.40711212158203,117.05289293503675,116.11189702993373,117.03444507114504,10476
2024-06-14,115.65064239501953,116.16726713238143,115.31852448143427,116.03811094804095,13468
2024-06-17,115.41075897216797,116.01964406007794,115.00484261871098,115.83513022806748,8458
2024-06-18,115.89048767089844,116.03809169773594,115.4845642797501,116.03809169773594,24202
2024-06-19,115.98274230957031,116.03809294041676,115.70597507837194,115.85358614527321,11930
2024-06-20,116.62852478027344,116.62852478027344,115.87203564791466,115.96428904679097,14179
2024-06-21,115.50303649902344,116.53629305869373,115.31852966695011,116.42558473635904,13809
2024-06-24,116.86837768554688,117.10824212968036,115.46610786130698,115.77977079415022,10620
2024-06-25,116.22261047363281,116.53627344305795,116.07499940203279,116.3886694099412,38001
2024-06-26,115.44766998291016,116.9975510900629,115.30006594524411,116.72078384152424,12174
2024-06-27,115.521484375,116.01966123746168,115.31852264898035,116.01966123746168,9115
2024-06-28,115.3000717163086,115.9643004767774,115.26316894542413,115.89050197349233,15036
2024-07-01,115.79823303222656,116.37021538125009,115.76133730253258,116.37021538125009,23627
2024-07-02,115.55838775634766,115.55838775634766,114.70963807592678,114.89415193622875,11548
2024-07-03,115.7613296508789,116.0380898361904,115.41075689560833,115.89048581172084,15675
2024-07-04,116.07501983642578,116.33333221871708,115.31853055750791,115.37388119986048,9936
2024-07-05,115.48458099365234,116.48093471331735,115.31852204037484,116.37022639830435,5728
2024-07-08,115.87203979492188,116.44402214999903,115.22625894119237,115.39231788050617,7969
2024-07-09,115.7613296508789,116.79457893761439,115.2816007347664,115.2816007347664,9022
2024-07-10,116.9052963256836,116.9052963256836,115.81668928644665,115.98274822593986,14486
2024-07-11,117.97544860839844,118.17841735523578,117.32966775316642,117.53262946152032,14747
2024-07-12,118.97181701660156,119.00871274916959,118.03081395098738,118.03081395098738,26222
2024-07-15,117.97544860839844,119.43308333552953,117.97544860839844,118.87954884420672,28695
2024-07-16,117.91983032226562,117.99399543680786,117.28944099420578,117.47485378056138,14018
2024-07-17,118.47606658935547,118.8098025460514,117.91983527967899,118.56876945004325,16473
2024-07-18,118.02996826171875,118.53182882015176,118.02996826171875,118.53182882015176,10220
2024-07-19,117.30503845214844,118.0113613720662,117.26786281525511,117.62102072995013,10369
2024-07-22,118.47607421875,118.84781649455024,117.58387290334706,117.6024642714547,11875
2024-07-23,118.45746612548828,118.95932663559562,118.02995689625503,118.53181740636235,9572
2024-07-24,117.509521484375,117.86267946090395,117.41657883060462,117.45375447400697,6715
2024-07-25,116.61732482910156,117.4723433375478,116.02252163786851,117.4723433375478,12635
2024-07-26,117.97420501708984,118.0857248554691,116.26416089314274,116.30133653611212,8321
2024-07-29,117.65821838378906,118.5318282879383,117.56528281942892,118.51323692074884,14546
2024-07-30,118.84779357910156,118.84779357910156,117.69537714715744,117.974190890778,5757
2024-07-31,118.6805191040039,119.47977768901116,118.40171242189153,118.81063030709542,13424
2024-08-02,114.29390716552734,116.89613848876667,114.2009645081912,116.63591606549566,35262
2024-08-05,111.11544036865234,111.87752324798579,110.07455083035974,111.8031790599136,94112
2024-08-06,110.92958068847656,111.87753477142249,110.07456216808943,111.07827617046485,33268
2024-08-07,114.25672149658203,114.34965705523538,111.63589903559712,111.76601023581755,22490
2024-08-08,113.99650573730469,114.16378549830887,112.26787730163775,113.43887817184127,13284
2024-08-09,114.36823272705078,114.90726885342966,114.12660171083523,114.14518598495638,10201
2024-08-12,114.49835205078125,115.01880394000884,114.34965657566521,114.75858154065934,9611
2024-08-13,114.9444580078125,114.9444580078125,113.8292170756781,114.75858688263307,11728
2024-08-14,116.30132293701172,116.37567421425659,115.48348015890225,115.72511117415601,11403
2024-08-15,117.26786804199219,117.37939495764303,116.28273843725795,116.72883191880521,10260
2024-08-16,117.509521484375,117.8069195410649,117.10059649747802,117.41657883060462,10336
2024-08-19,118.34593963623047,118.43888228292657,117.30505006230715,117.41656989349697,27798
2024-08-20,118.16006469726562,118.68050946737262,118.16006469726562,118.45746272168793,12532
2024-08-21,117.9927749633789,118.23441306806909,117.78831249714322,117.78831249714322,10323
2024-08-22,118.64334869384766,118.95933101339824,118.16007244090967,118.16007244090967,13246
2024-08-23,118.97792053222656,118.97792053222656,117.93702384943073,117.97419949065865,9426
2024-08-26,119.07084655761719,119.18238056954215,118.84779980535248,118.977918092246,14069
2024-08-27,118.5503921508789,119.21953944389496,118.3831053276249,119.08942825808938,10999
2024-08-28,118.92215728759766,119.42401782425955,118.64335060536024,118.69911052370196,6028
2024-08-29,119.70281982421875,119.70281982421875,118.82921003996461,118.82921003996461,28147
2024-08-30,119.8143539428711,120.18611037469724,119.66565137014064,119.66565137014064,16539
2024-09-02,120.03741455078125,120.03741455078125,119.16380461319552,119.88871196969035,10532
2024-09-03,118.92215728759766,119.59129757928474,118.55040795408564,119.57272039387587,14044
2024-09-04,117.23069763183594,117.91842924936827,116.97047524090631,117.78831805390345,15863
2024-09-05,115.9853515625,117.04483254612283,115.9853515625,116.63590757331096,4562
2024-09-06,114.60987854003906,116.35709113656068,114.60987854003906,115.91099762237704,17719
2024-09-09,115.48348236083984,115.83664029869463,114.87009494766617,115.16749297178815,21429
2024-09-10,115.18608856201172,115.85523591346409,114.77716360489562,115.11173728062181,6963
2024-09-11,114.8886947631836,115.83664881900866,114.36824286479238,115.000214598852,11398
2024-09-12,115.55783081054688,115.70653337335585,114.90727482457875,115.26043277545737,11554
2024-09-13,116.0596923828125,116.33850614535815,115.68795015345631,115.68795015345631,42439
2024-09-16,115.59501647949219,116.17122832457254,115.353385429758,115.353385429758,6353
2024-09-17,115.9853515625,116.63590757331096,115.9667601961747,116.15263840678406,178635
2024-09-18,115.31619262695312,116.0968597616782,115.0931387965791,116.0968597616782,94881
2024-09-19,116.45003509521484,116.89612861441762,115.8924075604184,115.8924075604184,13662
2024-09-20,115.0745620727539,116.20839430136525,115.01880215676597,116.00393182203815,12190
2024-09-23,115.48348236083984,115.70652910629929,115.00020614006152,115.3533711684445,26293
2024-09-24,116.15264892578125,116.46863127664002,115.83665948439311,116.05970626679515,19029
2024-09-25,117.21212005615234,117.24929569848537,116.17122334241397,116.17122334241397,15096
2024-09-26,117.71398162841797,118.29018636333187,117.17494544563564,118.12289951662454,17023
2024-09-27,118.04854583740234,118.14148848743294,117.65821223317711,117.93702600221152,11580
2024-09-30,117.32363891601562,117.84409081381695,117.28646327399206,117.41657447581021,12476
2024-10-01,116.58015441894531,117.99279344888899,116.41286756495587,117.84409796230345,16033
2024-10-02,116.89613342285156,117.28646704084224,116.28275303608466,116.72884657363714,8787
2024-10-03,115.91100311279297,116.91472420304278,115.50207812998107,116.91472420304278,12410
2024-10-04,115.70654296875,116.00394102850233,115.35338498858442,115.52067184035317,13424
2024-10-07,115.76229095458984,116.13404026358683,115.35337309616864,116.11545598887473,6263
2024-10-08,115.78087615966797,116.05968280868547,114.72139529424001,114.87009075561042,9983
2024-10-09,116.8775405883789,116.8775405883789,115.61359717364839,115.76229264510164,11221
2024-10-10,116.45003509521484,117.11917537401901,116.37568381183817,116.95188853168581,8361
2024-10-11,117.15636444091797,117.37941831660825,116.30134585569363,116.35710577935146,10075
2024-10-14,118.30876922607422,118.3273535008042,117.49091932738921,117.63962188734223,15141
2024-10-15,117.9555892944336,118.56897664098057,117.88123802384716,118.56897664098057,11243
2024-10-16,117.52810668945312,117.88126466877253,117.21212435382982,117.32364419438909,18795
2024-10-17,118.71768951416016,119.05227028090086,116.98906121723974,117.41657045006016,16971
2024-10-18,118.90357208251953,119.01509191833154,118.4574714676853,118.49464710979888,69297
2024-10-21,118.16006469726562,119.10802577484988,117.99277786537006,118.68050946737262,7879
2024-10-22,117.23069763183594,117.86266933432002,116.91471532585807,117.86266933432002,13537
2024-10-23,117.08200073242188,117.67679678743757,116.78460270491402,117.24928756605306,18312
2024-10-24,117.37939453125,118.1786530308575,117.37939453125,117.37939453125,4065
2024-10-25,117.3608169555664,117.5652794456086,117.04483462770399,117.32364131278338,12142
2024-10-28,117.9555892944336,118.08570047269615,117.32361767550373,117.88123802384716,17253
2024-10-29,116.67308807373047,118.30878094255992,116.67308807373047,118.30878094255992,10862
2024-10-30,115.26043701171875,116.58014748830321,115.26043701171875,116.43144492002885,14780
2024-10-31,113.71768188476562,114.77716282048165,113.21582137460618,114.77716282048165,39192
2024-11-01,115.42772674560547,115.59501359383796,114.07084768351038,114.12661469327381,29357
2024-11-04,114.70281982421875,115.57642971135678,114.70281982421875,115.07456916494955,10252
2024-11-05,114.36823272705078,115.00020440509165,114.21953726249721,115.00020440509165,17777
2024-11-06,114.29390716552734,116.85896284393806,113.9779177297488,116.07829557412504,45682
2024-11-07,114.83291625976562,115.57641484559635,114.46117405737827,114.62845379413578,24622
2024-11-08,113.624755859375,114.963043574856,113.58758021581595,114.963043574856,12277
2024-11-11,114.87010192871094,115.14891569537582,114.51694396939355,114.6470551696962,21546
2024-11-12,112.806884765625,114.03365241131716,112.806884765625,113.97789250168087,27470
2024-11-13,112.89986419677734,112.97420840367883,111.98907852956675,112.60246609758144,17735
2024-11-14,113.624755859375,113.71769142300815,112.37939661699814,112.71397031850064,20830
2024-11-15,111.9518814086914,112.95560245991454,111.89612149157745,112.49091757588849,18011
2024-11-18,112.2492904663086,112.2864661115423,111.59873440104197,112.11917925325527,30773
2024-11-19,111.30132293701172,112.84407303066305,110.27901763294949,112.49091507923166,26698
2024-11-20,111.15261840820312,112.13775514461095,111.04109857842256,112.04481249908936,13518
2024-11-21,111.69166564941406,111.80319258080212,110.70653590567126,111.1898050939614,8747
2024-11-22,113.10430145263672,113.36453095182702,111.89612497091866,112.34221850275864,13929
2024-11-25,112.41655731201172,113.38310264443419,112.41655731201172,112.9741777101902,20752
2024-11-26,112.08199310302734,112.62102927260047,111.80318642569992,112.02623318566759,26408
2024-11-27,112.0262222290039,112.30502887906279,111.84034403843668,112.13774914334424,18888
2024-11-28,112.658203125,112.97418543905806,112.26786952862409,112.47232491920538,216708
2024-11-29,113.38311004638672,113.38311004638672,112.4351560166511,112.86266525284783,29797
2024-12-02,114.05225372314453,114.33106038617272,113.02994844431794,113.02994844431794,36158
2024-12-03,113.97789764404297,114.40540684844046,113.79202654318422,114.01507328232032,47097
2024-12-04,113.49464416503906,113.95932907173923,113.3831172348406,113.75486657830652,12619
2024-12-05,113.51323699951172,113.88498637100474,113.40171006090497,113.69910813999348,7672
2024-12-06,113.60616302490234,113.66193003478509,113.36453198068308,113.36453198068308,2920
2024-12-09,113.34595489501953,113.94075107816552,113.1600837467351,113.88499115178614,14426
2024-12-10,112.15632629394531,113.12287155192445,112.15632629394531,113.12287155192445,25295
2024-12-11,112.49092102050781,112.71396778632227,111.98906047952862,111.98906047952862,28366
2024-12-12,112.93701934814453,113.38311998924652,112.41657450896649,112.63962128425293,32292
2024-12-13,112.7325668334961,113.10430910500432,112.49092868459229,112.89985369188653,23019
2024-12-16,112.67677307128906,112.8440598899662,112.24926388812027,112.58383752547456,22510
2024-12-17,113.1229019165039,113.160077562235,112.08200510762133,112.36081890533987,20704
2024-12-18,112.08199310302734,112.86266739870715,112.08199310302734,112.84407603256813,16841
2024-12-19,109.85150146484375,110.7437026632991,109.75856590807545,110.66935138167308,92505
2024-12-20,109.64705657958984,109.75857642218322,108.45745723120352,108.90355787316453,53265
2024-12-23,110.83663940429688,110.83663940429688,109.57269596526379,109.73998280544548,24941
2024-12-27,111.72882080078125,111.87751625816371,110.78085978417302,111.0782577894657,14919
2024-12-30,111.72882080078125,112.06339444305146,111.1526090634208,111.45000706871348,9667
2025-01-03,112.0262222290039,112.26786033147731,111.3384906502251,111.3384906502251,29652
2025-01-06,112.63961791992188,112.63961791992188,111.67307955903965,112.23070002586522,85868
2025-01-07,113.86637115478516,113.94072243161774,112.45373234760623,112.6024349012714,23566
2025-01-08,114.3124771118164,114.98162445378475,113.71768105018418,113.95931916601239,24326
2025-01-09,114.98162078857422,115.29760308413778,114.40540902012945,114.57269585028902,22859
2025-01-10,113.624755859375,114.66564551691256,113.56898884877192,114.44259874608723,19306
2025-01-13,112.8626708984375,113.08571766532157,112.26787479306074,113.02995774623277,4611
2025-01-14,112.71395111083984,113.56896949540686,112.69536683749178,113.34592276259107,7421
2025-01-15,113.43887329101562,113.53181594161326,112.43515931553118,112.71396599573791,17865
2025-01-16,115.03738403320312,115.03738403320312,114.27530113830186,114.59129053354442,12347
2025-01-17,115.5206527709961,115.61358831985333,115.24183903389648,115.29759894510525,17517
2025-01-20,115.83665466308594,116.11546844738083,115.35338547290773,115.35338547290773,10339
2025-01-21,116.65448760986328,116.65448760986328,115.74370922782578,115.74370922782578,12040
2025-01-22,117.62103271484375,117.93702211537064,117.26787476416402,117.26787476416402,23346
2025-01-23,118.12289428710938,118.12289428710938,117.3979870136469,117.60244949396268,46385
2025-01-24,118.34593963623047,118.7548645920023,118.16006852389515,118.7548645920023,9875
2025-01-27,119.64705657958984,119.81433631350484,117.82548578431054,117.82548578431054,25362
2025-01-28,119.87010955810547,120.72512804901696,119.87010955810547,120.05598067681538,43274
2025-01-29,120.72514343261719,120.9110287560712,120.13034726831818,120.16753000543264,15568
2025-01-30,121.30133819580078,121.5243778497288,120.76230206371423,120.76230206371423,24219
2025-01-31,121.4686050415039,122.39797465036172,121.3199025006335,122.04482384211303,19239
2025-02-03,120.89241027832031,121.00393010253794,118.95931963256443,119.64705830437035,70762
2025-02-04,120.09317016601562,120.98535725844344,119.88870766961381,120.98535725844344,15519
2025-02-05,121.18981170654297,121.18981170654297,119.64706867395408,119.64706867395408,18214
2025-02-06,121.52436065673828,121.76600582238132,121.28272967214957,121.69165455457225,23246
2025-02-07,121.26415252685547,122.04483383984997,120.44631684718196,121.74742873374616,16767
2025-02-10,121.6916732788086,121.71026464388503,121.20839705421697,121.20839705421697,20618
2025-02-11,122.36083221435547,122.3980007669765,121.72885337133548,121.76603610501434,25077
2025-02-12,122.34223175048828,122.56528559280224,121.6730844046032,122.43517439671663,21867
2025-02-13,124.79576110839844,124.79576110839844,123.16007555564391,123.4017065703859,28778
2025-02-14,123.75489044189453,124.98165124805921,123.4203167345663,124.98165124805921,20069
2025-02-17,124.03367614746094,124.07084469272337,123.64332842640258,123.92214214956353,28273
2025-02-18,124.25674438476562,124.31250430602262,123.58759696756515,124.08946462099466,11227
2025-02-19,123.12289428710938,124.36826046677628,122.88126326950106,124.36826046677628,32084
2025-02-20,123.30877685546875,123.42031087332023,123.04855444891126,123.30877685546875,171785
2025-02-21,124.62847137451172,124.64704855650145,122.67678950541271,123.16006567719003,31175
2025-02-24,124.75859069824219,125.31620399649064,124.21955458319623,124.72140796972543,37435
2025-02-25,125.3719711303711,125.53926505622186,124.46119276402666,124.46119276402666,27206
2025-02-26,125.557861328125,126.11547468028577,125.16751354623803,125.16751354623803,21213
2025-02-27,124.87013244628906,125.42776002350125,124.4054475256317,125.11176349984989,47832
2025-02-28,125.26044464111328,125.3533872817621,124.12661249426623,124.12661249426623,17496
2025-03-03,126.82179260253906,127.02624088529369,124.90727915221731,125.5392579079196,25210
2025-03-04,125.24185943603516,126.39428300389814,125.14893097187215,126.09687788404061,28991
2025-03-05,126.07830810546875,126.6731041990645,125.94819690315273,126.07830810546875,24090
2025-03-06,125.46492004394531,126.15265878492241,123.95934554135633,126.07830750094726,24372
2025-03-07,126.11548614501953,126.20842880269072,124.10804386021353,124.79578265622814,17847
2025-03-10,125.31622314453125,126.43146409249037,124.8887209686583,126.43146409249037,21720
2025-03-11,122.87110900878906,125.83882293743083,122.60980140149468,125.61485312557656,29842
2025-03-12,124.60693359375,125.52151012637528,123.6176957180254,123.6176957180254,85071
2025-03-13,124.7381820678711,125.63786338579683,124.26959387723322,124.66320624134782,25585
2025-03-14,125.67533874511719,125.7315670311497,124.3258026796391,124.47575430917544,22570
2025-03-17,126.98738098144531,126.98738098144531,125.50664080084367,125.61909737399645,31987
2025-03-18,126.87492370605469,127.4559683976942,126.63124873200621,127.2497884812722,18380
2025-03-19,126.89363861083984,127.04359021934316,126.40631733346274,126.61249722011169,27813
2025-03-20,127.28730010986328,127.36226163452606,126.5000610991401,126.53755616164788,30390
2025-03-21,127.00613403320312,127.0623623222246,126.29387090513055,126.79995410667425,21048
2025-03-24,126.27510833740234,127.45594503302881,126.25636081202582,127.45594503302881,20623
2025-03-25,126.48131561279297,127.26854024706248,126.48131561279297,126.68748123590402,49977
2025-03-26,125.80655670166016,126.74373303921675,125.5816292325832,126.51880557013979,54541
2025-03-27,125.78768157958984,126.2964793588497,124.41201970971727,125.35424953428348,52325
2025-03-28,125.5992431640625,126.18342107630102,125.18465972545967,125.52386305001774,35390
2025-03-31,124.1024398803711,125.35294468644368,124.0076994112931,125.20136571806529,96040
2025-04-01,124.84137725830078,125.44767871518572,124.25402678751546,124.97400525026414,109506
2025-04-02,123.6287612915039,124.50031864029441,123.24982834172211,124.50031864029441,11034
2025-04-03,120.84357452392578,122.41617392884471,120.69200277045324,121.8098724595873,42785
2025-04-04,114.43952178955078,119.97202486303648,113.60585179437385,119.44151284987596,91707
2025-04-07,108.50912475585938,114.25004518409128,106.10286254161147,107.41019878167583,231713
2025-04-08,111.95745849609375,113.20795613246638,109.62698595683946,111.02905534093553,94062
2025-04-09,106.99336242675781,108.98278949405264,104.24605493969196,108.7933157752682,92635
2025-04-10,110.65011596679688,117.37627721678801,110.49853700014505,116.94049852918845,182842
2025-04-11,111.18327331542969,112.47809538385289,109.29816962952876,112.47809538385289,49875
2025-04-14,112.93510437011719,114.02046895510094,112.34481543676932,113.392096161819,48070
2025-04-15,115.14950561523438,115.14950561523438,112.64874282921133,114.00412219324363,46002
2025-04-16,114.9204330444336,114.9204330444336,113.64141448753956,114.19501964324252,33213
2025-04-17,115.37857055664062,115.58855919779046,114.30954806666983,115.49311180149587,13288
2025-04-22,116.30101776123047,116.30101776123047,114.74444169729796,115.666854699029,29122
2025-04-23,117.8960189819336,118.47253351110015,117.22342847215495,117.68463862935084,39275
2025-04-24,119.81097412109375,119.92703519862015,118.16681610617933,118.68907988685461,26119
2025-04-25,119.96572875976562,120.99090917464542,119.73361397086373,120.42995833756942,68770
2025-04-28,120.6814193725586,121.01025541812427,119.84966672522877,119.96572780815713,35451
2025-04-29,121.10696411132812,121.59054086795933,120.9135289813982,121.20367798689522,32536
2025-04-30,121.7646255493164,122.11280139511236,120.7974720618378,121.37776267856586,41766
2025-05-02,123.1766586303711,123.31205951718441,121.90001642699204,122.28687926594219,40829
2025-05-05,122.80915832519531,123.6022239236046,122.80915832519531,123.06061292993292,24116
2025-05-06,122.77046966552734,123.17667237128101,122.44163363315836,122.78980948917457,34173
2025-05-07,121.70659637451172,122.34492124456625,121.53251582318322,122.15149349055957,10253
2025-05-08,121.01024627685547,122.20951452800345,120.77812412853353,121.95805255671911,35938
2025-05-09,121.49382781982422,121.78396944850151,121.1843389886243,121.62922872229944,25045
2025-05-12,122.63507080078125,122.63507080078125,120.797477614347,121.8613450237155,24971
2025-05-13,122.32557678222656,123.35075712142067,122.22885553009496,122.9252072241874,11152
2025-05-14,121.99674987792969,122.36426557559773,121.74528788542203,121.74528788542203,15704
2025-05-15,122.67375946044922,122.67375946044922,120.52668466001757,120.52668466001757,32418
2025-05-16,124.08580780029297,124.4339836808972,123.27339495261765,123.27339495261765,25974
2025-05-19,124.47265625,124.47265625,123.48616289693786,124.22120164515418,24311
2025-05-20,124.95623016357422,125.38178006790524,124.16317196171386,124.627401512988,16266
2025-05-21,124.68544006347656,124.72413447164236,123.75697349499936,124.33726417794806,11221
2025-05-22,123.60221862792969,124.201849067624,122.53834388886781,124.02776852355444,18809
2025-05-23,123.02191925048828,124.1438208249699,121.22301319402322,123.87301903217653,37587
2025-05-26,124.10514831542969,124.3179085154948,123.71827804805736,123.96973265365557,12288
2025-05-27,124.16316986083984,124.70477345442748,123.81499401387762,123.95039491227453,19770
2025-05-28,122.82850646972656,123.8730341224275,122.6931055568353,123.8730341224275,14212
2025-05-30,123.23469543457031,124.10514242666169,122.78980571639588,122.78980571639588,30791
2025-06-02,122.77046966552734,123.3120732731989,122.22885867906002,122.92521039109246,115205
2025-06-03,123.35076141357422,123.66025024629597,122.77047077457038,123.58287619341658,7563
2025-06-04,123.87301635742188,124.2792190378409,123.21535171249782,123.81498951130351,10791
2025-06-05,124.06645202636719,124.51134913769317,123.60222247015989,123.77631039843656,20535
2025-06-06,124.53067779541016,124.84017399519713,123.79564645730271,124.04710105143633,15383
2025-06-10,124.41462707519531,124.76280292948825,123.79564941840694,124.56937517879027,11847
2025-06-11,124.10514831542969,124.85952688981607,124.10514831542969,124.51135102797683,18923
2025-06-12,124.02777099609375,124.37594684876491,123.04127028726022,123.1960110113387,10898
2025-06-13,122.32557678222656,123.31207009632715,122.22885553009496,122.22885553009496,20447
2025-06-16,121.78396606445312,122.3255770380999,121.76462624126368,122.17082893740208,18284
2025-06-17,120.87486267089844,121.84201629087146,120.56537380765894,120.56537380765894,25933
2025-06-18,120.41060638427734,120.8361562700628,120.2171786428087,120.81680906863872,14985
2025-06-19,119.50147247314453,120.12045006262396,119.23067070009665,119.8883353112679,26752
2025-06-20,119.65623474121094,120.6427280854866,119.54017366238024,119.7529486175053,27162
2025-06-23,119.42412567138672,120.00441633568929,119.05660259358473,119.07594979704596,7486
2025-06-24,120.77812194824219,122.24819934589453,120.48798033627065,122.24819934589453,21438
2025-06-25,119.67557525634766,121.35842770453398,119.63688822984726,120.95221761567767,6682
2025-06-26,119.65623474121094,120.19783835149595,119.38543293606843,120.10112447520159,15940
2025-06-27,120.7200927734375,121.04892878188448,120.35257712050988,120.52666503585353,13519
2025-06-30,120.04310607910156,121.087626346954,119.92704499209738,120.99091246384866,23860
2025-07-01,120.3719253540039,120.48798643194144,119.25003111579069,120.42995220357481,19255
2025-07-02,120.79747009277344,120.99089783559798,120.12045823529675,120.6040349711535,12453
2025-07-03,120.62340545654297,121.08763508044984,120.37194343929525,120.99092119036898,22699
2025-07-04,120.48798370361328,121.08761414572318,119.77228480739838,120.33323560320069,22793
2025-07-07,120.41060638427734,120.6814081738516,120.23651846543743,120.6814081738516,20027
2025-07-08,120.6427230834961,120.6427230834961,119.67556960306031,120.54600921121161,18637
2025-07-09,120.93287658691406,121.20367839092293,120.23652487443654,120.50732667844541,14576
2025-07-10,122.09345245361328,122.20951352682343,121.24236005312511,121.24236005312511,23206
2025-07-11,120.2945556640625,121.57119805248492,120.15915475762345,121.57119805248492,20790
2025-07-14,120.2171859741211,120.2171859741211,119.65623515933954,119.65623515933954,40107
2025-07-15,119.82864379882812,120.68344986969419,119.63437204985608,120.17833887577156,12183
2025-07-16,120.00349426269531,120.46974943599128,119.71207922114107,119.71207922114107,12178
2025-07-17,120.76311492919922,121.40588991388476,120.56833868366648,121.40588991388476,17379
2025-07-18,120.93842315673828,121.46432796481187,120.76312155404707,120.99685454755604,10225
2025-07-21,120.54885864257812,120.93841857047866,120.27616892211903,120.93841857047866,6652
2025-07-22,120.10086822509766,120.17878169730851,119.6723515581756,120.06191148899222,10828
2025-07-23,121.91231536865234,121.93179002155122,121.34745384149502,121.34745384149502,21479
2025-07-24,121.60067749023438,122.7303931940193,121.17216079384794,122.7303931940193,46717
2025-07-25,120.66571807861328,121.42535578357844,120.50989114926814,121.19162281979769,78206
2025-07-28,120.35408020019531,121.7175362078783,120.27616672998772,121.46432114482235,15841
2025-07-29,120.72416687011719,121.07477008146289,120.17878739924078,120.33460692081773,18809
2025-07-30,120.41251373291016,121.15267685259353,120.41251373291016,120.72416018905511,14381
2025-07-31,119.41914367675781,120.97737596662772,119.41914367675781,120.76311763360104,8937
2025-08-04,119.28279876708984,119.32174807286273,116.40005974421025,116.78961967407812,71731
2025-08-05,119.61392211914062,120.17878365652147,119.43862051892718,119.82818045609459,16483
2025-08-06,118.60106658935547,119.94504797086873,118.42576499308147,119.80869568022216,33037
2025-08-07,119.69182586669922,120.12033507554953,118.52314615016161,118.58158496564265,26312
2025-08-08,119.76974487304688,120.08139132582271,119.10749523211851,119.98399577226228,13613
2025-08-11,119.78922271728516,120.68520536410861,119.65287785495279,120.43199772277006,17334
2025-08-12,119.9450454711914,120.17877845127317,119.51652881584363,120.17877845127317,5280
2025-08-13,120.89946746826172,120.89946746826172,120.06191618483105,120.19826105141391,14739
2025-08-14,121.26954650878906,121.3669420689272,120.89946864307343,120.97738211908873,13515
2025-08-15,121.8149185180664,122.10708287204791,121.63961693358266,121.63961693358266,13117
2025-08-18,121.7175521850586,121.93180311089678,121.40590569355761,121.93180311089678,11601
2025-08-19,123.17838287353516,123.29524565101441,121.91231496243394,122.63299600109399,13440
2025-08-20,123.86011505126953,124.1717615280913,122.71091727481964,122.84726214403928,27707
2025-08-21,123.60689544677734,123.72376565765103,123.04203390624467,123.58742079341732,20156
2025-08-22,123.82115173339844,124.19122958301003,123.29524693853709,123.29524693853709,10327
2025-08-25,123.17838287353516,123.72376231573868,123.15890079046352,123.49002933054254,21786
2025-08-26,122.69143676757812,123.4121178176777,122.41873961191014,122.49665308495814,7624
2025-08-27,123.21733093261719,123.41211461017471,122.73038288407972,122.73038288407972,22625
2025-08-28,123.23682403564453,123.50951377837212,122.92517755392183,123.15891055765431,8992
2025-08-29,123.31472778320312,123.50950403257121,122.74986625770296,123.11994410359739,7832
2025-09-01,122.84725952148438,123.50950919937262,122.691440001519,123.21733738286035,27913
2025-09-02,121.95127868652344,122.74987324275668,121.83440847210953,122.36031329161503,9811
2025-09-03,123.11994171142578,123.17838052929088,122.26291582852517,122.61351901476576,14163
2025-09-04,124.91191864013672,125.2625218591961,123.82115967438595,124.40549589607218,16959
2025-09-05,124.85347747802734,125.51573455575591,124.75609678397696,125.2430448356545,19052
2025-09-08,124.23018646240234,125.10670188508514,123.89906534872182,125.10670188508514,16296
2025-09-09,123.9964599609375,124.38601991465131,123.91854648414711,124.36653783033466,7980
2025-09-10,123.39263916015625,124.48340552239883,123.35368985278862,124.24967252700326,24305
2025-09-11,123.9964599609375,124.1717615685968,123.66533882993554,124.11333017612307,6067
2025-09-12,123.08098602294922,123.86010587238455,123.08098602294922,123.86010587238455,6718
2025-09-15,122.57456970214844,123.43159563694657,122.39926809841269,123.37316424578063,10787
2025-09-16,121.2305908203125,122.4576945668964,121.21110873721506,122.39926317807935,24823
2025-09-17,121.25006866455078,121.25006866455078,120.93842219892771,121.25006866455078,11217
2025-09-18,121.7564926147461,121.85388817330536,121.21111315195616,121.48380288335112,27186
2025-09-19,122.34082794189453,122.71090577649373,121.73700969890251,121.73700969890251,11256
2025-09-22,122.4771728515625,122.94463880807649,122.2434324430681,122.36030264731531,14932
2025-09-23,122.30187225341797,122.82777703144467,122.06813184302557,122.47717384609354,19520
2025-09-24,120.95790100097656,121.81493438351335,120.95790100097656,121.81493438351335,12206
2025-09-25,120.10086822509766,120.76311787841459,120.10086822509766,120.56834162812513,16987
2025-09-26,120.54885864257812,120.64624676699385,120.00347920165993,120.04243593747375,20082
2025-09-29,121.25006866455078,121.48380165620863,120.87999080857271,120.91894754555533,8452
2025-09-30,122.24343872070312,122.37979101444573,121.07476633916528,121.26954259267565,14814
2025-10-01,124.756103515625,124.81453490730314,123.0420367705275,123.0420367705275,25775
2025-10-02,125.55469512939453,125.90529835248684,125.22357399105084,125.59365929889175,30483
2025-10-03,126.29483795166016,126.68440530435691,125.92476754219201,125.92476754219201,98068
2025-10-06,126.76232147216797,126.89866633339425,126.06111508286843,126.23640924995564,20162
2025-10-07,126.54805755615234,127.09343697699838,126.52857547384365,126.78178310195797,27287
2025-10-08,127.77519226074219,127.9699685496722,126.898691530318,126.95712293094917,21734
2025-10-09,127.30769348144531,127.91150428011288,127.30769348144531,127.67777873764774,8260
2025-10-10,125.92477416992188,127.61934394679832,125.92477416992188,127.34665421579578,16145
2025-10-13,126.15850067138672,126.70389499792276,125.78843023968929,126.45067248834062,32733
2025-10-14,125.74946594238281,126.29484540788148,125.34043134325881,125.57417176867648,20709
2025-10-15,126.37274932861328,126.39223141104412,125.63259366146394,126.37274932861328,17120
2025-10-16,128.30108642578125,128.53481199522105,127.4245709589535,127.9699504349479,26238
2025-10-17,127.6972427368164,127.93098313385767,126.1195359230916,126.9376050220249,53057
2025-10-20,127.61933135986328,127.96993453092641,127.17134750046138,127.83358967887266,14587
2025-10-21,127.5609130859375,127.65830864476128,127.19084265545405,127.65830864476128,10913
2025-10-22,127.40509033203125,127.48298893999872,126.85969605293657,127.24926339514705,21510
2025-10-23,126.74284362792969,127.32718725871453,126.74284362792969,127.17136030910845,9631
2025-10-27,126.56755828857422,126.72337038857913,125.7884383466422,126.72337038857913,9363
2025-10-28,124.81452941894531,126.11954664395945,124.7366159466418,126.02215108846123,25313
2025-10-29,124.36653137207031,125.02878846015993,123.99645352189104,124.98982429355001,37743
2025-10-30,124.34705352783203,124.4249669985769,123.91853686897281,124.26914005708717,16139
2025-10-31,123.47054290771484,124.5418271016343,123.25628458288348,124.5418271016343,13412
2025-11-03,123.60689544677734,124.30810185154374,123.56793870981946,123.93802399580052,34595
2025-11-04,124.32758331298828,124.32758331298828,122.2434387624785,123.21733489083879,29604
2025-11-05,124.91191864013672,125.16514115752628,123.80168502009963,123.80168502009963,18688
2025-11-06,124.19123077392578,124.71713557383023,124.11332473079155,124.71713557383023,19195
2025-11-07,124.19123077392578,124.6197474472341,123.43159298414307,124.34705772066982,24997
2025-11-10,125.74946594238281,126.02215567513214,124.87296535289937,125.22356856078792,29052
2025-11-11,128.32054138183594,128.61271317617954,126.31431784673784,126.3532820115702,51225
2025-11-12,129.2360076904297,129.52817948843844,128.71011034239388,128.84645520006796,51584
2025-11-13,128.7490692138672,129.68401606487092,128.7490692138672,129.3528949374122,19754
2025-11-14,127.71673583984375,128.55428709259328,126.8791845870942,127.96994347980045,43974
2025-11-17,127.2103042602539,127.8141299494352,126.8402338461156,127.63882092339057,36126
2025-11-18,126.08059692382812,127.52195900551921,125.61311609154293,127.52195900551921,18248
2025-11-19,126.3922348022461,127.01552771248338,126.25588994252153,126.3338034138606,7308
2025-11-20,126.6259765625,127.6193398965649,126.52858100717192,127.6193398965649,15777
2025-11-21,127.65829467773438,127.65829467773438,125.788416064612,125.788416064612,53837
2025-11-24,127.63882446289062,128.26211739188042,127.52196168260366,128.26211739188042,29066
2025-11-25,128.9243621826172,129.04122495175005,127.46351812655965,128.06732891437835,15684
2025-11-26,129.60609436035156,129.645043665619,129.04123284088539,129.21652700530157,16554
2025-11-27,129.54766845703125,129.70348054517297,129.13863386226728,129.39184150841382,12627
2025-11-28,129.8203582763672,129.8203582763672,129.3918415976117,129.43079090455504,6266
2025-12-01,129.6840057373047,129.99564475583742,129.37235185829707,129.37235185829707,44052
2025-12-02,130.20989990234375,130.6773658489631,129.52817563425836,129.52817563425836,17338
2025-12-03,129.9372100830078,130.6968478182868,129.62557107235529,130.15146840428903,19875
2025-12-04,130.24887084960938,130.59947404295124,129.9177348788877,129.93721696198315,19042
2025-12-05,130.67738342285156,130.89164177313174,130.05409045671195,130.26834880699212,12627
2025-12-08,131.10589599609375,131.24224086375466,130.54103444136257,130.59948069362528,43403
2025-12-09,130.54104614257812,131.4759930763981,130.40470126269577,131.4759930763981,21476
2025-12-10,130.4436492919922,130.48259859836259,129.52818455729462,130.07356400933347,19918
2025-12-11,130.3462371826172,130.67735825638073,130.01511610885362,130.42415064593925,23302
2025-12-12,130.11251831054688,131.08641436119328,130.11251831054688,130.5410200900328,5556
2025-12-15,131.37857055664062,131.63179303910266,130.502070060128,130.5410193633283,10762
2025-12-16,131.80709838867188,132.44987339962537,131.47597727168696,132.17718367264067,57307
2025-12-17,131.53440856933594,131.9044938530449,131.35911439945838,131.74866690617,41796
2025-12-18,132.52780151367188,132.8199733564252,131.3201648318475,131.3201648318475,86256
2025-12-19,132.91732788085938,133.0342055112238,132.07977668887344,132.62515609565975,46815
2025-12-22,132.8978729248047,133.2484761273069,132.29404721687132,133.2484761273069,39208
2025-12-23,133.67697143554688,134.14445225644212,132.89786645500467,132.91733367718578,32634
2025-12-29,133.63803100585938,134.0860149133751,133.4237726638385,133.85228934788026,33372
2025-12-30,133.96914672851562,134.16392297873256,133.30690450568298,133.30690450568298,30148
2026-01-05,133.67697143554688,133.93019392865054,132.7030753493942,133.93019392865054,55660
2026-01-06,134.45608520507812,134.88460184131125,133.248463623484,134.22235966565955,17591
2026-01-07,134.45608520507812,135.2352050109134,133.9886192657667,134.9235511443896,32550
2026-01-08,134.65087890625,134.8261879440266,134.00811872900567,134.53401612138308,28763
2026-01-09,135.41050720214844,135.46895345094617,134.82617845844754,134.82617845844754,19891
2026-01-12,135.48841857910156,135.507900661733,134.96252123185224,134.96252123185224,26426
2026-01-13,134.90408325195312,135.27415364101626,134.3976531516085,135.2157222564523,36575
2026-01-14,135.78057861328125,136.01431900318352,135.21571714970602,135.21571714970602,13635
2026-01-15,135.87799072265625,136.54023295073733,135.78059516653823,136.34545669897676,26434
2026-01-16,135.50791931152344,136.11173021192533,135.020971202044,136.11173021192533,22560
2026-01-19,134.0081329345703,134.5340303826956,133.6185655095907,134.26134061544874,28147
2026-01-20,132.99525451660156,133.22899494000075,132.11875393468722,133.22899494000075,42945
2026-01-21,132.70309448242188,132.97578423702282,131.96293870000173,132.683627257434,15038
2026-01-22,133.5601348876953,134.24185930977708,133.3458765178299,133.94968745446263,25509
2026-01-23,132.78099060058594,133.36533420430555,132.27457532853575,133.3458521213882,29756
2026-01-26,132.52780151367188,132.8784047528804,131.86554434606586,132.4888373423836,53799
2026-01-27,133.32635498046875,133.52114606669218,133.01471599136354,133.32635498046875,31539
2026-01-28,131.35911560058594,132.6446507728695,131.28120212643609,132.6446507728695,48954
2026-01-29,132.74203491210938,133.1900187743406,131.18379528410432,131.80708816321146,77168
2026-01-30,133.19003295898438,133.8522900725825,132.7420490490432,133.8522900725825,25017
2026-02-02,135.41050720214844,135.41050720214844,133.0147311180719,133.0147311180719,19831
2026-02-03,134.9820098876953,136.20911366468323,134.63140668563082,135.91694185288353,21840
2026-02-04,136.1506805419922,137.10509457861627,134.41714663730792,134.5145273330183,44783
2026-02-05,135.8390350341797,136.34546520874557,135.02096580944155,136.24806964654874,30936
2026-02-06,136.28701782226562,136.38439851255836,134.68982886881318,135.39103522500935,17485
2026-02-09,136.48179626464844,136.55970973442408,136.05327961111982,136.48179626464844,16495
2026-02-10,136.30650329589844,136.73500509270224,136.17015843771654,136.6571064827197,14968
2026-02-11,136.69606018066406,136.9882319891504,135.85850892192352,136.50128392849834,28328
2026-02-12,136.67657470703125,137.3582990029388,136.44284915442014,137.3582990029388,41175
2026-02-13,137.3388214111328,137.47516626001996,136.57918370155096,136.7155285504381,17271
2026-02-16,137.7283935546875,137.88422050724384,137.31935894958417,137.45570381795196,17014
2026-02-17,138.87757873535156,138.91652803763816,137.78680508516544,137.78680508516544,86733
2026-02-18,139.24766540527344,139.55931930191338,138.93602636910921,139.0334070664524,15984
2026-02-19,139.28663635253906,140.0073100177661,138.99446452533624,139.79305166851577,14263
2026-02-20,139.75408935546875,139.87095213128507,139.18922783823146,139.87095213128507,14036
2026-02-23,139.89044189453125,140.085218151744,139.559320771222,139.77357911229876,42226
2026-02-24,141.15652465820312,141.85773114607525,139.7735937683657,139.90993864875875,38843
2026-02-25,141.03964233398438,141.56553969682886,140.8253840001097,141.42919483531546,37760
2026-02-26,140.33843994140625,141.31233608295528,140.24104438306102,140.68904314678292,37843
2026-02-27,141.2928466796875,141.76031264248132,140.63058961029415,140.90327932696349,19563
2026-03-02,139.52037048339844,139.65671536305896,138.17640377259553,138.7996967739689,37662
2026-03-03,135.37156677246094,137.68944439773026,134.74827382202838,137.68944439773026,60506
2026-03-04,136.36492919921875,137.65046425887775,135.68320493572728,136.0337932479734,45474
2026-03-05,134.1833953857422,136.637617570829,134.1833953857422,135.93641123223276,50926
2026-03-06,132.3135223388672,134.144451728987,130.93059168522504,133.96914270672187,73468
2026-03-09,130.9500732421875,130.9500732421875,128.04785222897118,129.02174830738542,105488
2026-03-10,132.6128692626953,134.17784472993,132.02599413444827,134.17784472993,43561
2026-03-11,131.79124450683594,131.83036254703543,130.65662731795925,131.57605797360577,19990
2026-03-12,131.0833282470703,131.61426219012975,130.37540632112714,130.37540632112714,12102
2026-03-13,130.98500061035156,131.90923285200535,129.58882541652417,130.47372032719917,41445
2026-03-16,131.31930541992188,131.86990808371064,129.98212109237883,130.84736242278828,52618
2026-03-17,132.1648712158203,132.53850086231958,130.92601528666523,131.04399727911905,98495
2026-03-18,130.02145385742188,132.24353310184375,129.74615253520312,132.24353310184375,58514
2026-03-19,126.91446685791016,128.86124481403738,126.89479819089554,128.54662115578918,87329
2026-03-20,125.73458862304688,128.11399462910632,125.40029631309864,127.81902464858875,58100
2026-03-23,126.85546875,127.99599632537516,123.11921737487071,123.84680048426392,165862
2026-03-24,127.64205932617188,127.99600532068979,126.22621533691093,126.99312833062771,33359
2026-03-25,130.17874145507812,130.17874145507812,129.11687363599165,129.11687363599165,21363
2026-03-26,129.1365509033203,130.08045191846807,128.6842765648852,129.21521057148243,29026
2026-03-27,128.2909698486328,129.09722014256045,127.81902687326843,128.93990081650676,18916
2026-03-30,129.84446716308594,129.84446716308594,128.15332187949645,128.15332187949645,16572
2026-03-31,130.55239868164062,131.22099837886057,130.06078699357818,130.2181063344297,24029
2026-04-01,132.9907684326172,133.2070787430242,132.18453318702407,132.9907684326172,29398
2026-04-02,132.81381225585938,132.81381225585938,131.5159502292182,131.791251567694,21817
2026-04-07,130.69003295898438,133.62003405148138,130.65071063010356,132.49916014342574,54374
2026-04-08,134.4852752685547,136.03876980774584,133.95434131346727,136.03876980774584,106662
2026-04-09,134.819580078125,134.819580078125,133.3644137303308,134.42629674179065,47114
2026-04-10,135.3137664794922,136.3021797191729,135.15563182345502,135.82774558708311,71724
2026-04-13,135.03701782226562,135.03701782226562,134.04860453981428,134.62188605347484,23884
2026-04-14,136.20335388183594,136.24288377721626,135.39284774763567,135.6102998772021,16897
2026-04-15,135.72891235351562,136.65800812338145,135.72891235351562,136.40102611239587,15627
2026-04-16,135.13587951660156,136.06499051377108,135.13587951660156,136.06499051377108,8600
2026-04-17,138.10110473632812,138.10110473632812,135.1951672789962,135.1951672789962,11915
2026-04-20,137.005859375,137.60325950328965,136.40844405380764,137.5236031142705,14768
2026-04-21,135.91061401367188,137.32448084912716,135.7114806214634,137.26474235075503,15175
2026-04-22,135.27337646484375,136.58766899241107,135.11406367577385,136.42837139624496,13415
2026-04-23,136.92620849609375,137.18508037614637,135.7313929985306,135.7313929985306,15819
2026-04-24,136.28897094726562,136.94610958780456,135.67163771301554,136.68723771079848,16516
2026-04-27,136.22923278808594,136.66732015189154,135.9106072221511,136.03008421292506,18503
2026-04-28,135.99026489257812,136.20931617299263,134.73571089894324,135.51234173208437,35783
2026-04-29,134.89500427246094,136.70715295506156,134.6958708945572,136.66731716373909,61806
2026-04-30,135.89068603515625,135.9703424247109,133.8794191722869,134.47681930459254,36602
2026-05-04,134.33743286132812,136.30887924973473,134.17812007220942,136.22923804807917,66351
2026-05-05,135.23355102539062,135.61189989476466,134.3971665091512,134.43700230144523,10863
2026-05-06,137.5037078857422,138.43963632355886,136.40845146832416,136.56776425502196,117761
2026-05-07,135.81103515625,138.08118917551113,135.81103515625,137.64310180453901,43021
2026-05-08,135.7313995361328,135.99027142865418,135.07424566330462,135.17380476370326,12561
2026-05-11,135.7313995361328,136.12966632353556,135.452594553466,135.59198944834736,8658
2026-05-12,135.91061401367188,135.99027040913606,134.47682928112454,134.59630627786885,15293
2026-05-13,137.22491455078125,137.22491455078125,135.95042748311675,136.32879154349698,11965
2026-05-15,136.92620849609375,137.9816291054896,136.7270751119838,137.20499827242838,11209
2026-05-18,137.5236053466797,137.82231301212477,135.7911282343236,135.8707846246358,24739
2026-05-19,138.4993896484375,139.2162819937858,137.9617127929745,137.9617127929745,26860
2026-05-20,139.57470703125,139.85351199181864,137.50370166941946,137.84222993117032,12522
2026-05-21,139.21627807617188,139.73402182765113,138.3998114641496,138.7582576267369,8844
2026-05-22,140.0526580810547,140.3911863735307,139.5747196991899,140.15221718259832,44181
2026-05-26,140.43099975585938,141.48643556687148,140.39117915587,141.327122781107,56552
2026-05-27,141.18772888183594,141.4466007658409,140.74962631436324,140.78944691463187,28087
2026-05-28,140.11239624023438,140.570401530612,139.51498086080662,140.570401530612,14061
2026-05-29,140.6699676513672,141.28728569944428,140.49075216369448,140.7297061472581,15124
2026-06-01,138.24050903320312,139.99291937835528,137.90198074121844,139.99291937835528,30612
2026-06-02,138.1409454345703,139.01713538571747,137.7426634632273,138.73834560222923,9853
2026-06-03,137.02577209472656,138.12102853267942,136.7868181031033,137.7426644554041,29650
2026-06-04,138.5989532470703,138.81800453709204,137.2050043041176,137.30456340409765,11003
2026-06-05,138.7582550048828,139.33575243330063,138.3599882508236,138.718434406638,24678
2026-06-08,138.10110473632812,138.9573919531749,137.66300217986188,138.16084323168204,9546
2026-06-09,138.61886596679688,139.7539429759214,137.84223512860135,137.84223512860135,19786
2026-06-10,139.39549255371094,139.67428232338614,138.28033347501022,138.9175694046825,15828
2026-06-11,140.53057861328125,141.38686587347053,139.07687598350725,139.07687598350725,27491
2026-06-12,142.30288696289062,142.62151253432233,141.48643552367795,141.56607672363242,29230
2026-06-15,142.28297424316406,143.85615387531266,142.14357934881693,143.53754348519234,25176
2026-06-16,142.7609100341797,143.09943831533872,142.1634946732724,142.52194085123602,22011
2026-06-17,143.3184814453125,143.5972712130958,142.5219327404018,142.5219327404018,16015
2026-06-18,142.7808074951172,143.81632539027805,142.48211501853538,143.71675110281532,27446
2026-06-19,142.7808074951172,143.35830493801396,142.4621971224622,142.4621971224622,39354
2026-06-22,143.53753662109375,143.59727511682806,142.22322894332584,142.78080849405043,19542
2026-06-23,144.09512329101562,144.2743387870729,143.15917963052792,143.15917963052792,11618
2026-06-24,146.4847412109375,146.5843154950539,144.31416159190482,144.31416159190482,49533
2026-06-25,147.73931884765625,147.8587958411523,146.126303470942,146.126303470942,6059
2026-06-26,146.94276428222656,147.3609489357879,145.76785151878033,147.24147194702834,43890
2026-06-29,147.42068481445312,147.42068481445312,146.56439762676288,147.06223866163157,12450
2026-06-30,147.30120849609375,148.15749568766884,146.88302384805513,147.71939314413237,25517
2026-07-01,146.30552673339844,147.34102940795117,145.92716268264707,146.98258325274006,36035
2026-07-02,148.9540557861328,149.35232256915566,146.64406590446933,146.7237222996547,64464
2026-07-03,149.59129333496094,149.67094973098776,148.51595477795493,148.85448306639088,16497
2026-07-06,148.3168182373047,150.00947483647317,147.8388798712848,149.61119286478993,19090
2026-07-07,148.67526245117188,149.49171389475458,148.35663687803475,148.5159496646033,28833
2026-07-08,147.10208129882812,148.05792762223723,146.34535316715056,148.05792762223723,33745
2026-07-09,147.520263671875,147.63974066221854,147.04232532469453,147.5600842710218,36354
2026-07-10,147.8189697265625,148.11766219915987,147.4804262694472,147.75921603914006,10576
2026-07-13,147.9583740234375,148.2570665150355,147.36095865443363,147.36095865443363,4818
2026-07-14,147.5999298095703,147.6397504113466,146.54449395119696,146.98259653525682,6170
2026-07-15,148.45620727539062,148.51594577056161,147.36095088757844,147.79905344270333,5847
2026-07-16,148.11766052246094,148.43628608016192,146.58431680650776,148.43628608016192,6849
2026-07-17,148.715087890625,148.79474428650136,147.8388827288893,148.61551359755356,25997
2026-07-20,147.5800018310547,148.7150788154436,147.4206890490239,147.77913521214163,29078
2026-07-21,148.3000030517578,148.72000122070312,147.4199981689453,147.4199981689453,12603
2026-07-22,148.47999572753906,149.47999572753906,147.97999572753906,147.97999572753906,13035
2026-07-23,147.52000427246094,147.6199951171875,145.89999389648438,146.74000549316406,16216
2026-07-24,148.66000366210938,148.72000122070312,147.44000244140625,147.44000244140625,16691
2026-07-27,149.36000061035156,150.0,149.05999755859375,149.6999969482422,27399
2026-07-28,151.10000610351562,151.13999938964844,149.75999450683594,149.94000244140625,14724
2026-07-29,150.25999450683594,151.89999389648438,150.0,151.6199951171875,37561
2026-07-30,149.36000061035156,150.5800018310547,149.0800018310547,149.66000366210938,18120
2026-07-31,148.63999938964844,150.77999877929688,148.63999938964844,150.17999267578125,12388
2026-08-03,149.13999938964844,149.5800018310547,148.8800048828125,149.44000244140625,31822
2026-08-04,149.97999572753906,150.9199981689453,148.97999572753906,149.52000427246094,11416
2026-08-05,150.74000549316406,151.0,150.10000610351562,150.44000244140625,11162
2026-08-06,150.55999755859375,151.82000732421875,150.52000427246094,151.39999389648438,18604
2026-08-07,150.83999633789062,151.5,150.75999450683594,150.75999450683594,7061
2026-08-10,151.60000610351562,151.6199951171875,150.82000732421875,151.0,12786
2026-08-11,151.13999938964844,152.0399932861328,151.10000610351562,151.86000061035156,5701
2026-08-12,149.9199981689453,151.0,149.5,151.0,10687
2026-08-13,150.0800018310547,150.52000427246094,149.9600067138672,150.27999877929688,11291
2026-08-14,149.1999969482422,150.24000549316406,148.77999877929688,150.24000549316406,8146
2026-08-17,148.24000549316406,149.22000122070312,148.16000366210938,148.74000549316406,9522
2026-08-18,148.25999450683594,148.63999938964844,147.8000030517578,148.24000549316406,12162
2026-08-19,149.1199951171875,149.17999267578125,148.3800048828125,148.3800048828125,8854
2026-08-20,148.75999450683594,149.33999633789062,148.33999633789062,149.33999633789062,8360
2026-08-21,150.05999755859375,150.0800018310547,148.02000427246094,148.4199981689453,19705
2026-08-24,150.0,150.0,149.5,149.63999938964844,3548
