Price,Close,High,Low,Open,Volume
Ticker,UAE,UAE,UAE,UAE,UAE
Date,,,,,
2014-05-01,15.39997386932373,15.424802811631563,15.39997386932373,15.424802811631563,597100
2014-05-02,15.382414817810059,15.382414817810059,15.382414817810059,15.382414817810059,600
2014-05-05,15.785140991210938,15.788168516855352,15.721551401645634,15.721551401645634,1700
2014-05-06,15.673100471496582,15.788166064869454,15.673100471496582,15.727605165457254,1700
2014-05-07,15.6670503616333,15.7106532064692,15.645853058317003,15.654937946910687,5300
2014-05-08,15.68521785736084,15.721553946491833,15.68521785736084,15.721553946491833,1500
2014-05-09,15.630709648132324,15.636765854149418,15.612542185184228,15.612542185184228,2200
2014-05-12,15.449028015136719,15.473251683987609,15.430859397171163,15.430859397171163,2000
2014-05-13,15.715494155883789,15.73971782296635,15.703381744790958,15.72760541187352,1800
2014-05-14,15.745776176452637,15.957738779079381,15.745776176452637,15.891121664084423,1300
2014-05-15,15.56954288482666,15.56954288482666,15.527755873448783,15.533812079238649,2800
2014-05-16,15.497477531433105,15.497477531433107,15.46719765459394,15.473252705879165,1100
2014-05-19,14.716246604919434,14.788919938186977,14.679910515837383,14.77680752345848,8800
2014-05-20,14.177255630493164,14.346825956728164,14.062190010722867,14.346825956728164,9000
2014-05-21,14.607237815856934,14.710191027164466,14.54062069233341,14.54062069233341,11600
2014-05-22,14.72230052947998,14.825253728501655,14.716244323054791,14.825253728501655,3600
2014-05-23,14.73441219329834,14.764692068781724,14.673851287228366,14.679907493345684,5200
2014-05-27,15.32790470123291,15.450237046926539,15.176503031688641,15.442970293515414,17500
2014-05-28,14.903982162475586,15.019046610794796,14.740468066312687,14.928205831294246,16000
2014-05-29,15.479310035705566,15.79422586014281,15.479310035705568,15.739721153793926,823300
2014-05-30,15.618598937988281,15.806336710677913,15.564094237029481,15.636766401572396,755500
2014-06-02,15.897183418273926,16.218155537413537,15.897183418273928,16.218155537413537,12100
2014-06-03,15.792858123779297,15.800135970036852,15.686715635441882,15.800135970036852,59100
2014-06-04,15.542359352111816,15.636372088567175,15.466542965028342,15.636372088567175,141800
2014-06-05,15.739482879638672,15.806200515546017,15.636372543927733,15.806200515546017,77000
2014-06-06,15.976027488708496,15.976027488708496,15.666696523307445,15.818329281433481,98300
2014-06-09,15.102622985839844,15.126884783251613,14.890336885951566,15.126884783251613,139500
2014-06-10,14.750834465026855,14.84181388815687,14.708377478023925,14.835748439032718,63600
2014-06-11,14.617399215698242,14.762966535639357,14.61739921569824,14.756901086033533,9300
2014-06-12,14.835748672485352,15.029839576913995,14.805422583253518,14.841814121704948,11400
2014-06-13,15.084426879882812,15.15720995397199,14.83150240035453,15.15720995397199,13700
2014-06-16,13.984180450439453,14.19889250856599,13.859235427250406,14.19889250856599,137900
2014-06-17,13.792515754699707,13.877429730372956,13.695470880539949,13.707601779026458,85400
2014-06-18,14.059389114379883,14.077584304437625,13.677273927041888,13.677273927041888,64000
2014-06-19,14.077580451965332,14.280162690307248,14.077580451965332,14.144299215561725,69700
2014-06-20,14.029061317443848,14.174022418694237,14.010866128102112,14.010866128102112,7600
2014-06-23,13.463773727416992,13.743990955852338,13.36794242232,13.743990955852338,50300
2014-06-24,12.87907886505127,13.03435111649698,12.694694078717308,12.949437146268583,139300
2014-06-25,13.264832496643066,13.477117405428636,13.25876704826834,13.477117405428636,47800
2014-06-26,13.27089786529541,13.483183948177347,13.246637226693348,13.483183948177347,22700
2014-06-27,13.276968002319336,13.398274708761834,13.25270735515073,13.398274708761834,14700
2014-06-30,12.646175384521484,12.913049428702365,12.609783837499771,12.864525823518186,133700
2014-07-01,12.737150192260742,13.046481121468137,12.70379080427769,13.046481121468137,115400
2014-07-02,13.604490280151367,13.646947264319572,13.204179919613944,13.204179919613944,77900
2014-07-03,13.604490280151367,13.646947264319572,13.525640603668087,13.634816366881212,202400
2014-07-07,13.853168487548828,14.050291530346707,13.79858060360068,13.79858060360068,103300
2014-07-08,13.68576431274414,13.88349353861159,13.685764312744142,13.87136379842495,39300
2014-07-09,13.883493423461914,13.901689768889979,13.859232786423833,13.895624320413956,8200
2014-07-10,13.877429962158203,14.022391077954547,13.727010751758076,13.727010751758076,33800
2014-07-11,14.035122871398926,14.035122871398928,13.93807803228633,13.93807803228633,1300
2014-07-14,14.077580451965332,14.204952531843373,13.998731950605238,14.204952531843373,15700
2014-07-15,14.326266288757324,14.374788734539353,14.247416591320048,14.253482041651097,38800
2014-07-16,14.526421546936035,14.59010704022088,14.43544094868184,14.59010704022088,21500
2014-07-17,14.508831977844238,14.690184669944836,14.496094878674619,14.653793123298273,36100
2014-07-18,14.6598539352417,14.671984832574255,14.44150241071986,14.671984832574255,7700
2014-07-21,14.247411727905273,14.30806505364513,14.120040785030945,14.30806505364513,88900
2014-07-22,14.10791015625,14.192217921999944,14.101844707874307,14.101844707874307,600
2014-07-23,14.016934394836426,14.103668131151887,14.010868944881082,14.065456837612883,15800
2014-07-24,13.998741149902344,14.046657405371018,13.980544796000347,14.046657405371018,7800
2014-07-25,13.950213432312012,14.037553352977858,13.865299459877702,13.865299459877702,57000
2014-07-28,14.217083930969238,14.308063330187244,14.101842741631327,14.101842741631327,40700
2014-07-29,14.483957290649414,14.483957290649414,14.399043335387791,14.435434865233361,56700
2014-07-30,14.265610694885254,14.477896795562616,14.24741434675879,14.320198582398467,22100
2014-07-31,14.665923118591309,14.853947447662229,14.490028533075744,14.52035578412998,89200
2014-08-01,14.629526138305664,14.647721325311092,14.356586764565185,14.647721325311092,75100
2014-08-04,14.544611930847168,14.817551321609521,14.411175538066674,14.483958604359314,103600
2014-08-05,14.411783218383789,14.611332208741427,14.37478548365776,14.37478548365776,7600
2014-08-06,14.192825317382812,14.417242298756017,14.144302883148889,14.308066532513166,17800
2014-08-07,14.095779418945312,14.204955177210762,14.08971397050101,14.095779418945314,11400
2014-08-08,14.39297866821289,14.392978668212892,14.211019852250535,14.211019852250535,3700
2014-08-11,14.53248119354248,14.568873883953872,14.29593449019841,14.29593449019841,6700
2014-08-12,14.587071418762207,14.587071418762209,14.36265557612252,14.36265557612252,2100
2014-08-13,14.435439109802246,14.587071878421456,14.435439109802246,14.490026999054459,44700
2014-08-14,14.53248119354248,14.593134520695472,14.483958763193288,14.490024211595186,112400
2014-08-15,14.53855037689209,14.5446158268522,14.53855037689209,14.5446158268522,97600
2014-08-18,14.556746482849121,14.574942832424542,14.556746482849121,14.574942832424542,1300
2014-08-19,14.599204063415527,14.647726507372745,14.435440381235047,14.435440381235047,30100
2014-08-20,14.599204063415527,14.619826362392267,14.55674706956125,14.562812519664194,900
2014-08-21,14.811488151550293,14.811488151550293,14.599202054622332,14.599202054622332,14400
2014-08-22,14.671982765197754,14.811484594267318,14.647720973951284,14.811484594267318,1500
2014-08-25,14.858798027038574,14.858798027038574,14.732640607189255,14.732640607189255,900
2014-08-26,14.799352645874023,14.981312596680967,14.787221751113734,14.981312596680967,5700
2014-08-27,14.78116226196289,14.860010789785534,14.78116226196289,14.860010789785534,151500
2014-08-28,14.557348251342773,14.726571127365004,14.544611157575435,14.629526272890269,198400
2014-08-29,14.70230770111084,14.708373148449558,14.526414355751138,14.629524646777787,159100
2014-09-02,15.151143074035645,15.157208522447908,14.938857007070403,14.938857007070403,20200
2014-09-03,15.296712875366211,15.34523531376036,15.265780587313788,15.272452234602229,28200
2014-09-04,15.296712875366211,15.387693459613152,15.199667998577914,15.363431661982986,60400
2014-09-05,15.399821281433105,15.436213973340728,15.266384881703278,15.284581227657089,67100
2014-09-08,15.254257202148438,15.466543322258579,15.223931109361112,15.466543322258579,32000
2014-09-09,15.072296142578125,15.278516782805873,15.072296142578125,15.145079217443143,62700
2014-09-10,14.799352645874023,14.944919912400099,14.708373248903449,14.938854465019954,11400
2014-09-11,14.993446350097656,15.073508425972394,14.908532377765697,14.908532377765697,16000
2014-09-12,14.853943824768066,15.02377291865127,14.853943824768066,14.93885779327664,18500
2014-09-15,15.01771068572998,15.078364029166675,14.975253692384186,15.041971328984877,26200
2014-09-16,14.981316566467285,14.981316566467285,14.981316566467285,14.981316566467285,1100
2014-09-17,15.041972160339355,15.066233961801478,14.920666623627836,14.92127282160448,24400
2014-09-18,15.369497299194336,15.430150637144708,15.248190623293594,15.248190623293594,26200
2014-09-19,15.369497299194336,15.430150637144708,15.284583320183536,15.375562748675993,569400
2014-09-22,15.01771068572998,15.217865909264658,15.01771068572998,15.217865909264658,16000
2014-09-23,15.035903930664062,15.205731868975029,15.03590393066406,15.132948797374919,14300
2014-09-24,15.18147087097168,15.18147087097168,14.993445433917268,14.994658986390473,21800
2014-09-25,14.993446350097656,15.05409968327739,14.932794173784034,14.96918571094543,38300
2014-09-26,14.9509916305542,15.038332721222096,14.908534637951592,14.908534637951592,15200
2014-09-29,14.920665740966797,14.981319084167673,14.829686304598631,14.926731190973515,30500
2014-09-30,14.823619842529297,14.981318061338422,14.823619842529299,14.981318061338422,600
2014-10-01,14.775094985961914,14.860008952636994,14.71444165682284,14.793290174897413,10800
2014-10-02,14.70837688446045,14.711409030467097,14.599807316191932,14.711409030467097,45000
2014-10-03,14.671982765197754,14.787222803020848,14.623460339570693,14.678048213009372,273800
2014-10-06,14.691390991210938,14.860006501143685,14.663490857744172,14.73263557214377,24400
2014-10-07,14.823619842529297,14.908533823093357,14.678658720804782,14.908533823093357,10300
2014-10-08,14.647725105285645,14.653790554807998,14.483961438780698,14.483961438780698,15400
2014-10-09,14.49002456665039,14.550677895289594,14.420273643618412,14.508220912301958,7500
2014-10-10,14.30200481414795,14.356592711508034,14.283808462739126,14.356592711508034,10900
2014-10-13,13.87136459350586,14.15036830051285,13.86529914463187,14.15036830051285,5400
2014-10-14,13.737927436828613,13.841037756992632,13.634817116664596,13.683339552220245,16100
2014-10-15,13.328518867492676,13.574163180460323,13.076807948875482,13.076807948875482,4600
2014-10-16,12.931241989135742,12.999173171566849,12.816000764035701,12.999173171566849,49500
2014-10-17,13.058611869812012,13.143525833264112,12.931239767767874,12.967631301123633,64000
2014-10-20,12.991896629333496,13.076810615888299,12.943374186035568,12.997962079354027,55300
2014-10-21,13.452855110168457,13.452855110168459,13.192046646540614,13.270895151958735,4900
2014-10-22,13.549906730651855,13.792518972655518,13.380077582816078,13.792518972655518,33700
2014-10-23,13.537773132324219,13.804647123794515,12.93124206971567,13.774319876544372,87300
2014-10-24,13.768250465393066,13.822838333283219,13.665140176807867,13.68940080872251,37000
2014-10-27,13.73186206817627,13.792515402192485,13.671209891026175,13.792515402192485,15700
2014-10-28,13.756124496459961,13.841038473863781,13.677274811556835,13.677274811556835,12700
2014-10-29,13.859236717224121,13.895628261535728,13.76219182781561,13.895628261535728,3800
2014-10-30,13.895622253417969,13.895622253417969,13.586291368350363,13.683336215799121,2400
2014-10-31,13.724587440490723,13.798584085726503,13.610559747382052,13.798584085726503,36800
2014-11-03,13.592358589172363,13.750056776066232,13.592358589172363,13.750056776066232,19200
2014-11-04,13.628752708435059,13.72579758695764,13.531707829912476,13.72579758695764,7000
2014-11-05,13.210245132446289,13.337616082676517,13.210245132446289,13.3194197368439,6300
2014-11-06,13.240571022033691,13.246636470554503,13.239357469583123,13.246636470554503,1400
2014-11-07,13.228442192077637,13.309111628830468,13.18598520266362,13.301226428834665,17900
2014-11-10,13.640883445739746,13.659079794071822,13.42859734266365,13.42859734266365,37700
2014-11-11,13.810711860656738,13.828907051201819,13.728830032605478,13.728830032605478,55000
2014-11-12,13.883493423461914,13.883493423461914,13.659683811966943,13.671208511131187,38600
2014-11-13,13.82284164428711,13.944147146648321,13.798579849695242,13.871364076604802,32200
2014-11-14,13.925951957702637,13.925951957702637,13.816777343566894,13.816777343566894,9200
2014-11-17,13.653010368347168,13.78644674665534,13.628748577637033,13.78644674665534,2400
2014-11-18,13.889558792114258,13.889558792114258,13.786448482346481,13.798579379228807,2100
2014-11-19,13.701536178588867,14.132172658312514,13.689405280236222,14.132172658312514,5100
2014-11-20,13.839826583862305,13.8913811700654,13.839826583862305,13.862874829552196,1000
2014-11-21,13.944144248962402,13.944144248962402,13.804642429646695,13.804642429646695,6900
2014-11-24,14.016934394836426,14.016934394836426,13.998738044970397,13.998738044970397,400
2014-11-25,14.071517944335938,14.471828262900848,13.828904648470957,14.471828262900848,248700
2014-11-26,13.62268352508545,13.622683525085447,13.39220229098334,13.39220229098334,111600
2014-11-28,13.640883445739746,13.640883445739748,13.537773118923711,13.54990401781176,4000
2014-12-01,13.182952880859375,13.355814139381566,13.022221364246711,13.355814139381566,51900
2014-12-02,13.03435230255127,13.234507505492713,13.03435230255127,13.185985067108914,13500
2014-12-03,13.03435230255127,13.048909149753028,12.979764414761222,12.979764414761222,700
2014-12-04,12.858455657958984,13.010088384317624,12.834193866445974,12.894847188362608,8900
2014-12-05,12.97976303100586,12.979763031005861,12.791738746921931,12.815999385094345,16600
2014-12-08,12.603718757629395,12.816003752223098,12.476346604006716,12.816003752223098,20600
2014-12-09,12.233732223510742,12.470278980191186,12.136687340930752,12.136687340930752,5200
2014-12-10,12.167011260986328,12.367166440186258,12.154881520478792,12.27012157492969,2800
2014-12-11,11.560481071472168,11.809158700439761,11.530154982814121,11.754570815362376,20400
2014-12-12,11.251148223876953,11.493761519970741,11.093451201028298,11.427042747858357,39800
2014-12-15,10.565770149230957,10.98427686643933,10.492985919638425,10.98427686643933,22400
2014-12-16,10.317091941833496,10.4383974417528,10.158180198307406,10.311026493307628,126800
2014-12-17,10.408073425292969,10.784123210599795,10.256440652597131,10.256440652597131,142900
2014-12-18,11.287540435791016,11.776404193830865,10.966078641846712,11.014601067643412,42300
2014-12-19,11.433111190795898,11.71211493477514,11.275412969773019,11.287543869128525,55800
2014-12-22,11.991118431091309,12.324710026230244,11.954725737287493,12.245861503387513,44200
2014-12-23,11.742443084716797,11.918336511411322,11.657527939574932,11.6817897401487,2800
2014-12-24,12.076034545898438,12.112426089294148,12.039643002502729,12.112426089294148,1400
2014-12-26,12.029475212097168,12.284603386254798,12.011473937008681,12.272188142202056,3900
2014-12-29,12.19149112701416,12.452205351179652,12.129417270199031,12.129417270199031,8700
2014-12-30,11.670062065124512,11.961814386341485,11.601780589421214,11.961814386341485,4900
2014-12-31,11.955608367919922,11.99906054482786,11.670063630551592,11.670063630551592,6500
2015-01-02,11.682477951049805,11.701100818527793,11.645233400076755,11.645233400076755,2000
2015-01-05,11.198294639587402,11.558328437091715,11.167256528778404,11.558328437091715,26600
2015-01-06,10.962413787841797,11.061733411198425,10.884820258095473,11.061733411198425,7200
2015-01-07,11.372103691101074,11.614195043307875,11.254161234187267,11.254161234187267,52000
2015-01-08,11.87491226196289,11.924572069419726,11.558331729415055,11.558331729415055,52800
2015-01-09,11.651440620422363,11.912154836201067,11.651440620422363,11.912154836201067,13500
2015-01-12,11.682477951049805,11.83145733892493,11.634680560237522,11.634680560237522,4400
2015-01-13,11.850079536437988,12.253565503785868,11.800419743287216,12.253565503785868,27300
2015-01-14,11.949398040771484,12.030094753341166,11.918361116856088,12.030094753341166,12800
2015-01-15,11.974228858947754,12.036302708498882,11.843871170128256,12.017681027226658,5500
2015-01-16,12.092171669006348,12.092171669006346,11.84325227999238,12.01147494386484,76900
2015-01-20,12.036306381225586,12.315643525373002,11.88732696567468,12.315643525373002,10600
2015-01-21,12.042510986328125,12.042510986328125,11.850079437473804,11.850079437473804,6200
2015-01-22,11.98664665222168,12.036306457720922,11.843874859409253,11.899742288593794,34000
2015-01-23,12.011474609375,12.042511537261367,11.943191947245502,12.042511537261367,3500
2015-01-26,11.694892883300781,11.819042961868274,11.465215593145793,11.819042961868274,3800
2015-01-27,11.719721794128418,11.732137038363838,11.589365281605073,11.663855563034739,7500
2015-01-28,11.52108097076416,11.90594519901251,11.508666912291133,11.90594519901251,12500
2015-01-29,11.384520530700684,11.545915182776216,11.334860728829986,11.483840134442078,3500
2015-01-30,11.384520530700684,11.576952114951752,11.378312907468963,11.533499936312774,9500
2015-02-02,11.781795501708984,11.924567242355497,11.583156352290754,11.583156352290754,25500
2015-02-03,12.098380088806152,12.098380088806152,11.85628871344548,12.036305043231284,20500
2015-02-04,11.800418853759766,12.172867866306404,11.800418853759766,12.172867866306404,22300
2015-02-05,12.092171669006348,12.092171669006346,11.968022770020728,12.032580623727107,9900
2015-02-06,11.980435371398926,12.0797549520792,11.949398446429889,11.949398446429889,6000
2015-02-09,11.98664665222168,12.104589134276063,11.856290106779852,11.918365159649694,28300
2015-02-10,11.87491226196289,12.011477620456594,11.850082950226072,11.949402565139748,33300
2015-02-11,11.800418853759766,12.067340665817904,11.800418853759766,12.067340665817904,21800
2015-02-12,12.104585647583008,12.104585647583008,11.843871447814214,11.992850821398838,60100
2015-02-13,12.265982627868652,12.359094606298187,12.104587979398703,12.104587979398703,44000
2015-02-17,12.157350540161133,12.68188342385662,12.085964653264142,12.68188342385662,8300
2015-02-18,12.023890495300293,12.402546008434111,11.974230697644236,12.321849281236632,4200
2015-02-19,12.197700500488281,12.365302779507681,11.930778615527704,11.930778615527704,3600
2015-02-20,12.408754348754883,12.408754348754883,12.079757430267792,12.352886925163055,8400
2015-02-23,12.197700500488281,12.284606043674135,12.073551585053357,12.24115268008966,6500
2015-02-24,12.19149112701416,12.197698749492258,12.011474811081019,12.197698749492258,5500
2015-02-25,12.377715110778809,12.470827071419034,12.186524381583025,12.197697627422603,16300
2015-02-26,12.129416465759277,12.195835535505779,12.129416465759277,12.160453392108431,2100
2015-02-27,12.073551177978516,12.582564437260814,12.048720685338866,12.570149190940988,19700
2015-03-02,12.098380088806152,12.203907311088527,11.999060489479568,12.141832265513656,19900
2015-03-03,11.978574752807617,12.042511010896217,11.978574752807617,12.042511010896217,6000
2015-03-04,11.983540534973145,12.036303547566343,11.85007961796546,11.85007961796546,1200
2015-03-05,11.781795501708984,11.887322697835259,11.732135714354428,11.887322697835259,6600
2015-03-06,11.788626670837402,11.824630411056075,11.769383394512166,11.824630411056075,500
2015-03-09,11.819042205810547,11.819042205810547,11.794211718092283,11.800419340021849,500
2015-03-10,11.775591850280762,11.887326705494162,11.775591850280762,11.887326705494162,8300
2015-03-11,11.683719635009766,11.77000357256695,11.56453518072775,11.77000357256695,2500
2015-03-12,11.743311882019043,11.743311882019043,11.670063588642135,11.701101703452785,8800
2015-03-13,11.533499717712402,11.769383476131619,11.452802985195659,11.769383476131619,30400
2015-03-16,11.198294639587402,11.396933812833524,11.198294639587402,11.396933812833524,6800
2015-03-17,11.19208812713623,11.310029407955863,11.185880504358938,11.310029407955863,1800
2015-03-18,11.130014419555664,11.161051353185275,10.892888647316727,11.117599172510568,14800
2015-03-19,11.01207160949707,11.167258640945422,10.918959627424677,11.167258640945422,8000
2015-03-20,11.316235542297363,11.415555125704492,11.291406238436993,11.316235542297363,15300
2015-03-23,11.444111824035645,11.502462056828586,11.437282610255037,11.463975506351396,2300
2015-03-24,11.43418025970459,11.434180259704592,11.421765013320268,11.434180259704592,300
2015-03-25,11.080352783203125,11.341067008124949,11.080352783203125,11.341067008124949,6900
2015-03-26,11.098974227905273,11.098974227905273,10.875505742768189,11.012069882795458,8200
2015-03-27,11.13621997833252,11.16104928383603,11.113251893955876,11.154841661464426,2700
2015-03-30,11.223127365112305,11.260371925452548,11.159811494135566,11.229334989166215,3500
2015-03-31,11.223127365112305,11.452804719174132,11.136222996323992,11.136222996323992,30000
2015-04-01,11.750761032104492,11.750761032104492,11.390106795538617,11.390727202615054,42000
2015-04-02,11.699864387512207,11.976337214105198,11.699864387512207,11.976337214105198,14800
2015-04-06,11.94491958618164,12.233959670746977,11.913501404067299,12.233959670746977,69000
2015-04-07,12.159187316894531,12.164842949629765,12.032888972138332,12.032888972138332,14800
2015-04-08,12.240243911743164,12.277945732142552,12.127140847507318,12.277945732142552,10700
2015-04-09,12.30936336517334,12.31564700223728,12.265379104206975,12.277946378334857,12300
2015-04-10,12.25281047821045,12.378480808661456,12.15918633370548,12.183691676614288,17400
2015-04-13,12.277944564819336,12.328212455424817,12.202542129670592,12.30936154701737,5600
2015-04-14,12.313763618469238,12.485303460173526,12.313763618469238,12.441317994199075,19000
2015-04-15,12.636106491088867,12.755492011098227,12.422467604729235,12.560704037704916,44000
2015-04-16,12.962846755981445,13.158263924482048,12.962846755981445,13.158263924482048,20200
2015-04-17,13.075949668884277,13.094800580882168,12.887445342830478,12.950908521864383,3400
2015-04-20,12.996150016784668,13.157635781254609,12.996150016784668,13.157635781254609,3500
2015-04-21,13.006831169128418,13.295871275851576,12.981696621510128,13.038248155170084,38400
2015-04-22,13.138784408569336,13.189052307084214,13.019397700166033,13.163918957067393,4800
2015-04-23,13.201620101928711,13.264455277170475,13.138784926686949,13.145068564059253,23400
2015-04-24,13.214187622070312,13.245604611033988,13.025682092844336,13.069666356786007,10600
2015-04-27,13.277022361755371,13.390125446083886,13.141928342675616,13.141928342675616,8400
2015-04-28,13.295867919921875,13.390120052738459,13.157631538356277,13.189048516468175,22100
2015-04-29,13.30215835571289,13.509513633308128,13.289591078650997,13.509513633308128,14900
2015-04-30,13.321002960205078,13.547207847742408,13.308435689097188,13.327285397278086,17600
2015-05-01,13.50951099395752,13.57234616850939,13.352423656818477,13.352423656818477,1400
2015-05-04,12.99083423614502,13.195790666200343,12.970086531673768,13.190131874303463,37400
2015-05-05,12.938650131225586,13.083250890135696,12.888354162945962,13.083250890135696,5100
2015-05-06,12.83806037902832,12.888356355865673,12.724894131356612,12.888356355865673,19000
2015-05-07,12.743754386901855,12.768901773405931,12.6997455611568,12.756328679729174,16500
2015-05-08,12.879555702209473,12.926079155035472,12.879555702209473,12.888357468937386,5500
2015-05-11,12.668309211730957,12.888354528883458,12.662022065623685,12.888354528883458,40400
2015-05-12,12.850632667541504,12.875780052460314,12.699744760577184,12.75004072956529,22800
2015-05-13,12.88835334777832,12.938649312876805,12.806622854174682,12.913501929902761,3800
2015-05-14,12.919787406921387,12.995231951403493,12.781473807712938,12.938648842829503,2300
2015-05-15,12.9889497756958,13.076967445308679,12.781478697929153,12.781478697929153,1300
2015-05-18,12.951224327087402,12.951224327087402,12.951224327087402,12.951224327087402,8400
2015-05-19,12.919787406921387,13.139832695914647,12.919787406921387,13.02037933346396,5700
2015-05-20,13.001519203186035,13.18384162185625,12.938648948794444,13.18384162185625,41700
2015-05-21,13.102113723754883,13.108400870353446,13.007179369012364,13.108400870353446,1200
2015-05-22,12.907217025756836,13.108400921087089,12.863206999396562,13.108400921087089,15400
2015-05-26,12.86320972442627,12.882071168290695,12.775192051360673,12.838062331757897,45800
2015-05-27,12.718605041503906,12.913502971233488,12.643161687347707,12.8191969798125,5500
2015-05-28,12.561429977416992,12.574004269482593,12.455808802027127,12.574004269482593,1800
2015-05-29,12.542570114135742,12.574004646090756,12.529995821693523,12.574004646090756,21200
2015-06-01,12.316238403320312,13.202705689390175,12.121341655096245,12.121341655096245,27200
2015-06-02,12.745776176452637,12.784071824952518,12.509625764160129,12.758541392619264,14300
2015-06-03,12.733013153076172,12.841515064088423,12.579832982058083,12.784072804296166,5400
2015-06-04,12.681951522827148,12.937249739087616,12.503242162765861,12.790453416907587,185100
2015-06-05,12.484094619750977,12.579831300823951,12.445800190793376,12.46494801395115,5600
2015-06-08,12.586215019226074,12.65642249297549,12.35006459956394,12.560685803454138,11600
2015-06-09,12.624509811401367,12.888105550509307,12.557493037666283,12.573450165967667,55400
2015-06-10,13.013840675354004,13.013840675354004,13.013840675354004,13.013840675354004,1000
2015-06-11,12.771306991577148,12.835131856965273,12.675570302173991,12.835131856965273,2100
2015-06-12,12.707481384277344,12.841513715502884,12.598979484659708,12.637273914713585,2000
2015-06-15,12.694716453552246,12.79045435687385,12.579831943452731,12.61174498367927,49100
2015-06-16,12.720248222351074,12.822367527090462,12.541538830378078,12.822367527090462,3800
2015-06-17,12.84151554107666,12.886192585383885,12.643658320061586,12.79683727941128,700
2015-06-18,12.860662460327148,12.873427678253707,12.573452361128687,12.573452361128687,1600
2015-06-19,12.860662460327148,12.860662460327148,12.860662460327148,12.860662460327148,0
2015-06-22,12.956396102905273,12.956396102905273,12.956396102905273,12.956396102905273,500
2015-06-23,12.975547790527344,13.00745961996186,12.803220989921133,13.00745961996186,9600
2015-06-24,12.988313674926758,13.03937333505387,12.924488795428287,12.9755484555554,8300
2015-06-25,12.950016975402832,13.026605843555553,12.876617585499151,13.026605843555553,17700
2015-06-26,12.939803123474121,12.975544753630174,12.915549700531376,12.975544753630174,3700
2015-06-29,12.637274742126465,12.784072298767382,12.464949186922189,12.77130708212764,57000
2015-06-30,12.720248222351074,12.720248222351074,12.640467439438545,12.656423352549423,4300
2015-07-01,12.669184684753418,12.694713894430214,12.637271650960214,12.637271650960214,5200
2015-07-02,12.84151554107666,12.84151554107666,12.720248408415511,12.83385592356219,76300
2015-07-06,12.595149993896484,12.835131431098986,12.525581635520103,12.835131431098986,31000
2015-07-07,12.752159118652344,12.752159118652344,12.394741578128302,12.541537915816635,21600
2015-07-08,12.29134464263916,12.445800589259619,12.222414181365414,12.222414181365414,2800
2015-07-09,12.535154342651367,12.57344998920675,12.299003942349614,12.337298371547043,1500
2015-07-10,12.67557144165039,12.67557144165039,12.67557144165039,12.67557144165039,200
2015-07-13,12.867043495178223,12.879808711543127,12.478989926134616,12.77768941533997,16100
2015-07-14,12.911720275878906,12.9627799229554,12.854278020748099,12.9627799229554,5500
2015-07-15,12.969162940979004,13.0329878061817,12.90533807577631,12.956397724466855,14600
2015-07-16,12.867043495178223,13.224461031889275,12.86066088699577,13.224461031889275,23700
2015-07-17,12.969162940979004,13.205314577021559,12.969162940979006,13.205314577021559,4000
2015-07-20,12.9946928024292,13.152977341200298,12.892573509539845,12.969162370527863,4500
2015-07-21,13.147872924804688,13.14787292480469,12.956398320389829,13.14787292480469,6500
2015-07-22,13.218076705932617,13.256372350050562,13.154253067118463,13.173399671819558,17300
2015-07-23,13.205312728881836,13.218076726249558,13.115957443160497,13.218076726249558,5100
2015-07-24,12.879809379577637,13.103195808117647,12.867044162550643,13.096813199604151,5300
2015-07-27,12.790454864501953,13.077664933791535,12.771307039606091,12.828749296935618,5000
2015-07-28,12.82874870300293,12.854277917657427,12.771306448332805,12.771306448332805,10300
2015-07-29,12.91810131072998,13.135105088717244,12.918101310729979,12.956395737034242,3600
2015-07-30,13.0393705368042,13.2819035660208,13.0393705368042,13.249991741799004,12100
2015-07-31,13.052135467529297,13.160637371807953,13.020222426648495,13.039370251176976,1800
2015-08-03,12.975547790527344,13.058519277472042,12.975547790527344,13.052137885471748,18400
2015-08-04,12.981925964355469,13.077662637306958,12.981925964355467,12.994691178711092,6600
2015-08-05,13.17978572845459,13.237227992306847,12.981929718162482,13.084049027820228,16200
2015-08-06,13.071281433105469,13.192548547784138,13.071281433105469,13.14787151010199,6400
2015-08-07,13.154252052307129,13.15425205230713,13.15425205230713,13.15425205230713,200
2015-08-10,13.096813201904297,13.154255461177762,13.001076508901221,13.154255461177762,3700
2015-08-11,12.981925964355469,13.020858285574922,12.873424077048353,13.020858285574922,1900
2015-08-12,12.82874870300293,12.879808349669927,12.790454272342181,12.854277917657427,6600
2015-08-13,12.688334465026855,12.777689764666007,12.445801434253315,12.777689764666007,5800
2015-08-14,12.560684204101562,12.701097916363457,12.503241954231264,12.701097916363457,2700
2015-08-17,12.274751663208008,12.426653603010402,12.254328046890773,12.426653603010402,2000
2015-08-18,11.930096626281738,12.203266873331058,11.80755372632485,12.203266873331058,2100
2015-08-19,11.801169395446777,11.840102930649447,11.596930852890889,11.813934608695954,21200
2015-08-20,11.539490699768066,11.647992597314078,11.443754017782283,11.443754017782283,9600
2015-08-21,11.188456535339355,11.437372168481033,11.105483846053437,11.42460695207427,32000
2015-08-24,10.365118980407715,11.15654418634743,10.18002759178183,10.850186277730401,30300
2015-08-25,11.15654468536377,11.52034487028852,10.760832673373336,10.818274935978105,60000
2015-08-26,11.07357406616211,11.24590086738437,10.697008634168988,11.24590086738437,1300
2015-08-27,11.679906845092773,11.9990299962413,11.616083188749638,11.616083188749638,21200
2015-08-28,11.935205459594727,11.935205459594727,11.647994157801577,11.737348243978058,20900
2015-08-31,11.896910667419434,12.005412587341528,11.743731701180863,11.743731701180863,5500
2015-09-01,11.456521034240723,11.667142254661059,11.456521034240723,11.667142254661059,40700
2015-09-02,11.194838523864746,11.475665965120399,11.182073308164588,11.475665965120399,10900
2015-09-03,11.363974571228027,11.526726827839546,11.363974571228027,11.450137960266396,3900
2015-09-04,11.1246337890625,11.335255030449298,11.080594636223676,11.335255030449298,13900
2015-09-08,11.36014461517334,11.36014461517334,11.14377869323959,11.328870685961833,1600
2015-09-09,11.309723854064941,11.539492908700433,11.237602685324081,11.539492908700433,1100
2015-09-10,11.434181213378906,11.493537155342056,11.284192967400895,11.284192967400895,2500
2015-09-11,11.265045166015625,11.265045166015625,11.188456303875578,11.220368126874261,300
2015-09-14,11.188456535339355,11.411841735667508,11.169308710729211,11.169308710729211,1600
2015-09-15,11.194838523864746,11.226750345757171,11.156542876764272,11.156542876764272,68600
2015-09-16,11.419500350952148,11.590550096784188,11.419500350952148,11.565020883567641,3100
2015-09-17,11.258662223815918,11.507579061778895,11.15654293242115,11.492261046333882,1500
2015-09-18,11.373547554016113,11.450137636783584,11.124631915398448,11.124631915398448,3100
2015-09-21,11.507579803466797,11.511408394556327,11.392695288903639,11.392695288903639,7600
2015-09-22,11.399077415466309,11.469283669009467,11.399077415466309,11.469283669009467,600
2015-09-23,11.454604148864746,11.454604148864746,11.26504447459058,11.26504447459058,400
2015-09-24,11.150161743164062,11.150161743164062,11.143779134470089,11.150161743164062,600
2015-09-25,11.284193992614746,11.48843259960826,11.258663558061496,11.48843259960826,9000
2015-09-28,11.016128540039062,11.220367110387286,11.016128540039062,11.220367110387286,600
2015-09-29,11.003364562988281,11.137396900707326,10.984216738354693,10.984216738354693,11800
2015-09-30,11.245898246765137,11.34801753835382,11.162925561500593,11.182073385182715,10700
2015-10-01,11.245898246765137,11.30525418719955,11.239515638871097,11.245898246765137,1800
2015-10-02,11.3607816696167,11.392694709460036,11.169308299988662,11.239515770286008,10000
2015-10-05,11.616080284118652,11.654374711820557,11.341634247979549,11.367163460661516,20500
2015-10-06,11.616080284118652,11.616080284118654,11.616080284118654,11.616080284118654,0
2015-10-07,11.779471397399902,11.779471397399902,11.75649498232518,11.75649498232518,500
2015-10-08,11.616080284118652,11.711816962052364,11.443753533423228,11.667139926840493,45900
2015-10-09,11.62692928314209,11.62692928314209,11.62692928314209,11.62692928314209,400
2015-10-12,11.565022468566895,11.743730637648671,11.565022468566895,11.584169076763885,7600
2015-10-13,11.565022468566895,11.565022468566895,11.565022468566895,11.565022468566895,0
2015-10-14,11.84584903717041,11.84584903717041,11.456519686062286,11.456519686062286,400
2015-10-15,11.84584903717041,11.84584903717041,11.84584903717041,11.84584903717041,0
2015-10-16,11.711817741394043,11.711817741394043,11.60969844915502,11.60969844915502,600
2015-10-19,11.705435752868652,11.858614699332861,11.705435752868652,11.85223209106043,6300
2015-10-20,11.679906845092773,11.718202499728509,11.679906845092773,11.718202499728509,400
2015-10-21,11.526725769042969,11.539490984918634,11.335252400339932,11.399077262360274,2400
2015-10-22,11.265045166015625,11.48843157908046,11.258662557944286,11.411841499582398,29500
2015-10-23,11.487791061401367,11.487791061401367,11.47566374362647,11.47566374362647,400
2015-10-26,11.233133316040039,11.233133316040039,11.10548358963583,11.10548358963583,1000
2015-10-27,11.233133316040039,11.233133316040039,11.233133316040039,11.233133316040039,0
2015-10-28,10.980388641357422,10.980388641357422,10.980388641357422,10.980388641357422,100
2015-10-29,10.792741775512695,10.97145112709165,10.779976560966086,10.806144885579277,2600
2015-10-30,10.839974403381348,10.840613516423964,10.792744558211032,10.792744558211032,1500
2015-11-02,10.786359786987305,10.920392112699606,10.779977179347869,10.79274239462674,15800
2015-11-03,10.977832794189453,11.003362003738411,10.837417880918036,10.837417880918036,1800
2015-11-04,10.5757417678833,10.882099722070786,10.562976548785915,10.882099722070786,5100
2015-11-05,10.5757417678833,10.607654815626766,10.5757417678833,10.607654815626766,1200
2015-11-06,10.511914253234863,10.66509319190941,10.511914253234863,10.624883857460116,2400
2015-11-09,10.326824188232422,10.339589404988539,10.243851496675735,10.339589404988539,11700
2015-11-10,10.326824188232422,10.326824188232422,10.326824188232422,10.326824188232422,0
2015-11-11,10.116203308105469,10.294911479033972,10.10343809093683,10.294911479033972,41800
2015-11-12,10.127691268920898,10.176198119088907,10.007701152129757,10.176198119088907,14000
2015-11-13,9.969406127929688,10.077908036685796,9.969406127929688,10.077908036685796,600
2015-11-16,9.959831237792969,9.988552364273135,9.899198289605048,9.97578775732583,3600
2015-11-17,9.886432647705078,9.991743237365345,9.880688544392509,9.991743237365345,1300
2015-11-18,9.918346405029297,9.918346405029297,9.892816580137394,9.892816580137394,600
2015-11-19,10.014083862304688,10.014083862304688,10.014083862304688,10.014083862304688,600
2015-11-20,10.275764465332031,10.294911072971678,10.09705508409425,10.14811473339675,8700
2015-11-23,10.07790756225586,10.25661632939691,10.07790756225586,10.103437386133153,7400
2015-11-24,10.100245475769043,10.122583994235868,10.014082097100738,10.014082097100738,7300
2015-11-25,10.061311721801758,10.192790630928236,10.054929114566342,10.173642809221992,6900
2015-11-27,10.211938858032227,10.211938858032227,10.14811399669793,10.14811399669793,8000
2015-11-30,10.154497146606445,10.26938165966903,10.014082809383174,10.26938165966903,198600
2015-12-01,10.033232688903809,10.109822177072033,9.905583541956766,10.109822177072033,18900
2015-12-02,9.975788116455078,10.077907410425757,9.931111077512657,9.931111077512657,27600
2015-12-03,9.8162260055542,10.21832115905621,9.809843397876636,10.21832115905621,21400
2015-12-04,10.103437423706055,10.103437423706055,9.88643361560256,9.88643361560256,2100
2015-12-07,9.822608947753906,9.969405277263416,9.726871655366887,9.969405277263416,38300
2015-12-08,9.493912696838379,9.632412133991101,9.446044351195171,9.611988517525399,22400
2015-12-09,9.53539752960205,9.611987605781087,9.40774841710196,9.58007517548632,6900
2015-12-10,9.414131164550781,9.554545494723351,9.388601341672041,9.554545494723351,7100
2015-12-11,9.286482810974121,9.407749327413438,9.286482810974121,9.337542460914785,14500
2015-12-14,9.465192794799805,9.509869842034934,9.209894512486041,9.209894512486041,3000
2015-12-15,9.458806991577148,9.573691484164373,9.382217532745303,9.452424993183678,13700
2015-12-16,9.669429779052734,9.669429779052734,9.471573796019745,9.599222915505386,2100
2015-12-17,9.803460121154785,9.848137763169708,9.62475137913188,9.69495823275686,1000
2015-12-18,9.599223136901855,9.599223136901855,9.599223136901855,9.599223136901855,200
2015-12-21,9.873668670654297,10.001317786154752,9.75240155441962,9.835373631664664,2500
2015-12-22,10.007702827453613,10.173646413613577,9.848141242111199,9.848141242111199,25000
2015-12-23,10.09705638885498,10.116204216327011,9.924730202360488,10.084291779219404,3500
2015-12-24,9.963021278381348,9.963021278381348,9.963021278381348,9.963021278381348,200
2015-12-28,10.086054801940918,10.092462861534363,9.90663341106782,10.070675703359127,1800
2015-12-29,10.086054801940918,10.086054801940918,10.086054801940918,10.086054801940918,0
2015-12-30,9.874593734741211,10.169357754186002,9.874593734741211,10.16294969458572,4100
2015-12-31,10.13090991973877,10.13090991973877,9.90919571727495,9.90919571727495,1700
2016-01-04,9.851524353027344,9.951487875363386,9.400407624017951,9.400407624017951,55500
2016-01-05,9.901506423950195,9.901506423950195,9.817563046795504,9.82333005574412,1400
2016-01-06,10.047609329223633,10.047609329223633,9.784884953479942,9.868187297554426,5500
2016-01-07,9.682357788085938,9.861779819231618,9.50934442868168,9.661852727381099,4100
2016-01-08,9.586236953735352,9.586236953735352,9.442058680610373,9.54138176258809,4500
2016-01-11,9.586236953735352,9.586236953735352,9.586236953735352,9.586236953735352,0
2016-01-12,9.44526481628418,9.63109429246784,9.246619830246276,9.246619830246276,2300
2016-01-13,9.214577674865723,9.52215716239263,9.214577674865723,9.52215716239263,2100
2016-01-14,9.253026962280273,9.336329912347908,9.035158413379838,9.039002882872378,10600
2016-01-15,9.195356369018555,9.214579938935788,8.84292099463585,9.092829236878686,33700
2016-01-19,8.708353042602539,9.137683221957044,8.708353042602539,9.137683221957044,6700
2016-01-20,8.5737886428833,8.625051903827687,8.368735599105756,8.54174895201649,13500
2016-01-21,8.62505054473877,8.708353483423538,8.266207163566396,8.266207163566396,15300
2016-01-22,8.945446014404297,8.945446014404297,8.714761380793233,8.714761380793233,27700
2016-01-25,8.637866020202637,8.794860419015816,8.593010826888115,8.685284803925256,3200
2016-01-26,8.727579116821289,8.87496146203677,8.528934117708395,8.855737279330627,4800
2016-01-27,9.06078815460205,9.06078815460205,8.791655790824338,8.791655790824338,26500
2016-01-28,9.099236488342285,9.118460056550637,9.060789351925582,9.060789351925582,800
2016-01-29,9.208172798156738,9.381186778008457,9.208172798156738,9.374778717027358,1300
2016-02-01,9.464487075805664,9.656723962326453,9.19535470134917,9.19535470134917,2800
2016-02-02,9.291474342346191,9.342737600174084,9.240211084518297,9.342737600174084,3000
2016-02-03,9.515750885009766,9.515750885009766,9.2145788081043,9.240210435217135,12000
2016-02-04,9.66954231262207,9.701582004806369,9.528568033674937,9.528568033674937,4700
2016-02-05,9.63750171661377,9.675949465850481,9.45808031275701,9.554198769189428,4200
2016-02-08,9.656723022460938,9.656723022460938,9.581109642605226,9.616353353553393,2000
2016-02-09,9.656723022460938,9.656723022460938,9.656723022460938,9.656723022460938,0
2016-02-10,9.611868858337402,9.611868858337402,9.611868858337402,9.611868858337402,3600
2016-02-11,9.423478126525879,9.423478126525879,9.423478126525879,9.423478126525879,600
2016-02-12,9.458080291748047,9.547790687924033,9.412584043213265,9.412584043213265,4500
2016-02-16,9.458080291748047,9.458080291748047,9.458080291748047,9.458080291748047,100
2016-02-17,9.791290283203125,9.804106401736066,9.432447519767134,9.451671086460378,10900
2016-02-18,9.75284194946289,9.913039744770927,9.746433890985108,9.913039744770927,900
2016-02-19,9.73361873626709,9.752842913600887,9.73361873626709,9.752842913600887,1300
2016-02-22,9.893817901611328,10.021976656953546,9.893817901611328,9.932265650435241,117800
2016-02-23,10.028383255004883,10.034791314449565,10.028383255004883,10.028383255004883,210800
2016-02-24,9.84896183013916,10.009159648998494,9.836146322405627,9.964304455271858,3600
2016-02-25,9.96430492401123,9.96430492401123,9.829738725394899,9.829738725394899,5200
2016-02-26,9.938673973083496,10.09246375023104,9.893818163085774,10.002752741341848,12100
2016-02-29,10.329556465148926,10.560240505871716,10.073239574232703,10.073239574232703,23700
2016-03-01,10.412858009338379,10.508976454212881,10.374410875831044,10.380818935117658,3400
2016-03-02,10.284701347351074,10.29751746851541,10.137960671099695,10.143727681181128,1500
2016-03-03,10.56024169921875,10.56024169921875,10.329557632427793,10.329557632427793,9700
2016-03-04,10.502570152282715,10.502570152282715,10.259069969709163,10.259069969709163,4300
2016-03-07,10.855005264282227,10.855005264282227,10.707622332326718,10.707622332326718,24200
2016-03-08,10.746070861816406,10.746070861816406,10.746070861816406,10.746070861816406,200
2016-03-09,10.970346450805664,10.970346450805664,10.598687584416194,10.656357670972302,10000
2016-03-10,10.683914184570312,10.81719890009427,10.681991644337037,10.723001761938649,3100
2016-03-11,10.989572525024414,11.028019667712634,10.89345405719755,11.015204768291646,6200
2016-03-14,10.611503601074219,10.98316250672137,10.603814662791995,10.98316250672137,1500
2016-03-15,10.637136459350586,10.637136459350586,10.637136459350586,10.637136459350586,208900
2016-03-16,10.688399314880371,10.848597143407446,10.592280862206614,10.848597143407446,60700
2016-03-17,10.906269073486328,10.951124272445304,10.803742555233667,10.919085193821036,4100
2016-03-18,10.906269073486328,10.906269073486328,10.906269073486328,10.906269073486328,0
2016-03-21,10.829373359680176,10.912676917997032,10.829373359680176,10.912676917997032,400
2016-03-22,10.66276741027832,10.765293925976192,10.649952512475442,10.714030668127256,37300
2016-03-23,10.573054313659668,10.573054313659668,10.573054313659668,10.573054313659668,100
2016-03-24,10.508976936340332,10.579464369514524,10.310331978191346,10.444897562746739,1300
2016-03-28,10.508976936340332,10.508976936340332,10.508976936340332,10.508976936340332,0
2016-03-29,10.400043487548828,10.438491849171715,10.400043487548828,10.425675728630752,800
2016-03-30,10.76529312133789,10.76529312133789,10.444897478176497,10.534609089366109,14000
2016-03-31,10.669177055358887,10.829374912713261,10.605097667974604,10.76529552532898,21500
2016-04-01,10.7928466796875,10.829371270439411,10.605094101132545,10.605094101132545,1900
2016-04-04,10.676864624023438,10.835780341700753,10.656358345048256,10.656358345048256,31900
2016-04-05,10.842187881469727,10.855003999661886,10.752477498549213,10.835779822373647,30300
2016-04-06,10.746070861816406,10.842189316555357,10.611504047411904,10.720438622039373,8400
2016-04-07,10.707621574401855,10.726845752568975,10.637135365547131,10.726845752568975,2800
2016-04-08,10.867818832397461,10.867818832397461,10.714029081623417,10.714029081623417,6600
2016-04-11,11.079280853271484,11.26510967274232,10.98316119187001,11.26510967274232,11200
2016-04-12,11.149767875671387,11.226663365997332,11.024813773327537,11.226663365997332,4200
2016-04-13,11.162586212158203,11.174120232445532,11.022252983868414,11.126061610879564,28400
2016-04-14,11.303560256958008,11.41249484723944,11.16258658456371,11.16258658456371,19400
2016-04-15,11.335598945617676,11.342007005569434,11.239480490766233,11.252295388457284,5700
2016-04-18,11.303560256958008,11.32278443955331,11.102352279086931,11.32278443955331,1200
2016-04-19,11.234994888305664,11.342006922065993,11.234994888305664,11.303558562638512,3100
2016-04-20,11.309967041015625,11.374046420219928,11.309967041015627,11.348414179653208,8800
2016-04-21,11.309967041015625,11.309967041015627,11.309967041015627,11.309967041015627,0
2016-04-22,11.329190254211426,11.367637389566585,11.316374135022242,11.322782194616835,3700
2016-04-25,11.284335136413574,11.386861646203242,11.239479941157144,11.35930686753686,4400
2016-04-26,11.24588680267334,11.316374236634381,11.233071905581484,11.30996617698225,1600
2016-04-27,11.274723052978516,11.274723052978516,11.274723052978516,11.274723052978516,600
2016-04-28,11.159381866455078,11.194624363792482,11.034426527447478,11.034426527447478,15300
2016-04-29,11.159381866455078,11.159381866455078,11.159381866455078,11.159381866455078,0
2016-05-02,11.159381866455078,11.159381866455078,11.159381866455078,11.159381866455078,0
2016-05-03,10.66276741027832,10.688399650309027,10.508977636731515,10.508977636731515,2700
2016-05-04,10.701215744018555,10.726846761773778,10.66276738406701,10.683914104261607,2300
2016-05-05,10.681990623474121,10.71402969840017,10.681990623474121,10.71402969840017,3100
2016-05-06,10.701215744018555,10.701215744018555,10.598689228572715,10.598689228572715,400
2016-05-09,10.675583839416504,10.701216080189418,10.669175779223275,10.669175779223275,10100
2016-05-10,10.752477645874023,10.752477645874023,10.736456886808167,10.746069586690144,7900
2016-05-11,10.688399314880371,10.714030331894236,10.617911879220479,10.701215434493522,27100
2016-05-12,10.675583839416504,10.675583839416504,10.617912519889959,10.617912519889959,1700
2016-05-13,10.502570152282715,10.592281775094058,10.400043630966215,10.585873714735209,36700
2016-05-16,10.521797180175781,10.54742820633346,10.419270631119318,10.432086755304594,16400
2016-05-17,10.444897651672363,10.444897651672363,10.430800653802462,10.430800653802462,700
2016-05-18,10.448101997375488,10.448101997375488,10.361595028063826,10.387226043667818,7100
2016-05-19,10.400043487548828,10.412859608089791,10.246253707694851,10.252661767965332,117000
2016-05-20,10.432085990905762,10.765296639817214,10.33596628877212,10.765296639817214,45000
2016-05-23,10.252659797668457,10.476936975184913,10.252659797668457,10.355186297868158,16500
2016-05-24,10.387228965759277,10.468609999286382,10.348781820431318,10.42567733329995,57200
2016-05-25,10.569855690002441,10.62432237754097,10.480144054332044,10.502571657696464,7100
2016-05-26,10.605095863342285,10.605095863342285,10.547424546731424,10.547424546731424,300
2016-05-27,10.566646575927734,10.566646575927734,10.489752317570254,10.541015563879307,11600
2016-05-31,10.547425270080566,10.547425270080566,10.348780289360208,10.348780289360208,10900
2016-06-01,10.573054313659668,10.5986865471425,10.477576321696798,10.508974952164753,28100
2016-06-02,10.476938247680664,10.585872820150232,10.348779495759137,10.476938247680664,43000
2016-06-03,10.41606330871582,10.41606330871582,10.41606330871582,10.41606330871582,300
2016-06-06,10.669177055358887,10.726848381783475,10.560242463469404,10.560242463469404,10500
2016-06-07,10.669177055358887,10.669177055358887,10.662768994399192,10.662768994399192,200
2016-06-08,10.880636215209961,10.989570787446631,10.701215429558342,10.701215429558342,8500
2016-06-09,10.931899070739746,10.951123249445983,10.75888635123318,10.75888635123318,12200
2016-06-10,10.803742408752441,10.90626892561501,10.803742408752441,10.90626892561501,6800
2016-06-13,10.642901420593262,10.66276603739565,10.624318904512322,10.624318904512322,1200
2016-06-14,10.771702766418457,10.784518887362367,10.585873901582017,10.669176243292304,9000
2016-06-15,10.630728721618652,10.765294320068563,10.630728721618652,10.765294320068563,3800
2016-06-16,10.534610748291016,10.68199247402304,10.528202687753199,10.57305788930533,13900
2016-06-17,10.65635871887207,10.65635871887207,10.6307277025725,10.6307277025725,1900
2016-06-20,10.82296371459961,10.93830633401547,10.758885568001732,10.758885568001732,7800
2016-06-21,10.82296371459961,10.82296371459961,10.82296371459961,10.82296371459961,0
2016-06-22,10.888816833496094,10.888816833496094,10.888816833496094,10.888816833496094,100
2016-06-23,11.161537170410156,11.161537170410156,10.955333850429389,11.088368168564768,4900
2016-06-24,10.722525596618652,11.02185090656393,10.722525596618652,10.995244804410898,5300
2016-06-27,10.789043426513672,10.789043426513672,10.709223836991615,10.709223836991615,500
2016-06-28,10.789043426513672,10.789043426513672,10.789043426513672,10.789043426513672,0
2016-06-29,11.021852493286133,11.079722137662442,11.021852493286133,11.079722137662442,900
2016-06-30,10.89280891418457,11.114975151990594,10.89280891418457,11.114975151990594,2200
2016-07-01,11.068411827087402,11.068411827087402,11.068411827087402,11.068411827087402,300
2016-07-05,11.004558563232422,11.035156028740355,11.004558563232422,11.035156028740355,1500
2016-07-06,11.021852493286133,11.108325192328085,10.96265324140086,11.081717817635344,9700
2016-07-07,11.035155296325684,11.083712609410263,11.035155296325684,11.083712609410263,8800
2016-07-08,11.035155296325684,11.035155296325684,10.957996199576932,10.957996199576932,1600
2016-07-11,11.17483901977539,11.17483901977539,11.041805977104982,11.041805977104982,1000
2016-07-12,11.198121070861816,11.207434666273802,11.198121070861816,11.20610379015513,1000
2016-07-13,11.454211235046387,11.46086307816943,11.241357329946377,11.31452633559051,51400
2016-07-14,11.520727157592773,11.537356129255935,11.440907586125919,11.467513687045132,21900
2016-07-15,11.527379989624023,11.567289778783701,11.334481618094475,11.567289778783701,3100
2016-07-18,11.487469673156738,11.567289247812148,11.440908043156204,11.567289247812148,2800
2016-07-19,11.381044387817383,11.47416766140115,11.208100259226493,11.208100259226493,10400
2016-07-20,11.381044387817383,11.381044387817383,11.381044387817383,11.381044387817383,0
2016-07-21,11.381044387817383,11.381044387817383,11.381044387817383,11.381044387817383,0
2016-07-22,11.633807182312012,11.633807182312012,11.633807182312012,11.633807182312012,200
2016-07-25,11.500771522521973,11.640456390224315,11.394343325456157,11.607198450878728,3200
2016-07-26,11.314526557922363,11.314526557922363,11.314526557922363,11.314526557922363,1100
2016-07-27,11.314526557922363,11.314526557922363,11.314526557922363,11.314526557922363,0
2016-07-28,11.341796875,11.347782644850362,11.341130802687273,11.347782644850362,300
2016-07-29,11.341796875,11.341796874999998,11.341796874999998,11.341796874999998,0
2016-08-01,11.32117748260498,11.32117748260498,11.32117748260498,11.32117748260498,500
2016-08-02,11.316520690917969,11.316520690917969,11.316520690917969,11.316520690917969,200
2016-08-03,11.314526557922363,11.314526557922363,11.178166942993853,11.301222871414856,3800
2016-08-04,11.381044387817383,11.38769623146043,11.30122353281026,11.381044387817383,1800
2016-08-05,11.46086311340332,11.46086311340332,11.18814388806685,11.18814388806685,3300
2016-08-08,11.440908432006836,11.440908432006836,11.301222268548354,11.301222268548354,700
2016-08-09,11.540685653686523,11.540685653686523,11.361089668620727,11.427606841094304,1900
2016-08-10,11.553985595703125,11.573939852878627,11.480151799251853,11.487468444796814,14400
2016-08-11,11.640460014343262,11.640460014343262,11.443570262454887,11.45022210613679,6900
2016-08-12,11.567290306091309,11.567290306091309,11.567290306091309,11.567290306091309,700
2016-08-15,11.859298706054688,11.973042293200205,11.567288787277027,11.887900486570771,3800
2016-08-16,11.640460014343262,11.89322373070827,11.447560353696463,11.772828278097586,9000
2016-08-17,11.500771522521973,11.93313107755992,11.407647008678017,11.440906216732666,31100
2016-08-18,11.520727157592773,11.81606236318041,11.341131218728528,11.341131218728528,6400
2016-08-19,11.53403091430664,11.660413383411075,11.434255814996495,11.434255814996495,3200
2016-08-22,11.440908432006836,11.60720069835165,11.434256589107928,11.434256589107928,8200
2016-08-23,11.403656959533691,11.673715670146734,11.403656959533691,11.474165473739298,6800
2016-08-24,11.440908432006836,11.580593326756011,11.4143010604112,11.507424323577316,15600
2016-08-25,11.407649040222168,11.607200517960232,11.407649040222168,11.607200517960232,6300
2016-08-26,11.267963409423828,11.547334444986706,11.180825923833256,11.547334444986706,21300
2016-08-29,11.347783088684082,11.440907613900439,11.221401888769881,11.221401888769881,13700
2016-08-30,11.347783088684082,11.347783088684082,11.347783088684082,11.347783088684082,0
2016-08-31,11.327163696289062,11.341798258316446,11.293905750126438,11.293905750126438,10200
2016-09-01,11.241357803344727,11.277942307707447,11.214751698441459,11.267965176957397,12000
2016-09-02,11.241357803344727,11.241357803344727,11.241357803344727,11.241357803344727,100
2016-09-06,11.627155303955078,11.80675126143618,11.234705442219042,11.234705442219042,24200
2016-09-07,11.514078140258789,11.63380879554518,11.514078140258789,11.567291623862793,7700
2016-09-08,11.473501205444336,11.474166009100074,11.467514166414903,11.467514166414903,1600
2016-09-09,11.379711151123047,11.379711151123047,11.379711151123047,11.379711151123047,200
2016-09-12,11.307872772216797,11.314524614327905,11.307872772216797,11.314524614327905,500
2016-09-13,11.035155296325684,11.307874521524527,11.015865839315833,11.307874521524527,2900
2016-09-14,11.121625900268555,11.186147378393542,11.095019798377743,11.095019798377743,18600
2016-09-15,11.394343376159668,11.400995217800197,11.154883420645932,11.154883420645932,6200
2016-09-16,11.17483901977539,11.227387686954174,11.17483901977539,11.227387686954174,800
2016-09-19,11.17483901977539,11.17483901977539,11.17483901977539,11.17483901977539,0
2016-09-20,11.208096504211426,11.208096504211426,11.208096504211426,11.208096504211426,100
2016-09-21,11.301222801208496,11.301222801208496,11.174840317591052,11.214751376865634,6500
2016-09-22,11.274617195129395,11.274617195129395,11.274617195129395,11.274617195129395,100
2016-09-23,11.381708145141602,11.394345758804883,11.381708145141602,11.394345758804883,500
2016-09-26,11.36108684539795,11.367738687863282,11.241356218440403,11.354435002932616,3100
2016-09-27,11.341130256652832,11.341130256652832,11.274614375642777,11.274614375642777,3600
2016-09-28,11.407649040222168,11.407649040222168,11.267964147643884,11.274615990439415,6300
2016-09-29,11.3876953125,11.3876953125,11.321178150146752,11.321178150146752,400
2016-09-30,11.323171615600586,11.324501222736213,11.274614312259125,11.294568568966321,4900
2016-10-03,11.09502124786377,11.09502124786377,11.094356444124694,11.094356444124694,700
2016-10-04,11.098345756530762,11.151559232239778,11.061761254097812,11.121626572859123,2400
2016-10-05,11.035155296325684,11.148234092289302,11.02185161004541,11.148234092289302,6500
2016-10-06,11.088370323181152,11.104999299001982,11.051785815149605,11.051785815149605,5700
2016-10-07,10.948684692382812,10.995247603244403,10.948684692382812,10.995247603244403,1200
2016-10-10,10.94202995300293,10.94202995300293,10.935378111125303,10.935378111125303,800
2016-10-11,10.842256546020508,10.908773714201077,10.795694908906947,10.85223494590874,9300
2016-10-12,10.914095878601074,11.00854875971915,10.74913320110139,10.875515692942367,10500
2016-10-13,10.775738716125488,10.775738716125488,10.596142774824576,10.722525244855873,53100
2016-10-14,10.775738716125488,10.775738716125488,10.775738716125488,10.775738716125488,0
2016-10-17,10.657337188720703,10.657337188720703,10.657337188720703,10.657337188720703,200
2016-10-18,10.808998107910156,10.808998107910156,10.808998107910156,10.808998107910156,100
2016-10-19,10.808998107910156,10.808998107910156,10.808998107910156,10.808998107910156,0
2016-10-20,10.915423393249512,10.915423393249512,10.908771550879639,10.908771550879639,400
2016-10-21,10.915423393249512,10.915423393249512,10.915423393249512,10.915423393249512,0
2016-10-24,10.775738716125488,10.961985231214525,10.769086873628133,10.928727287436978,21400
2016-10-25,10.775738716125488,10.775738716125488,10.775738716125488,10.775738716125488,0
2016-10-26,10.775738716125488,10.775738716125488,10.775738716125488,10.775738716125488,0
2016-10-27,10.722525596618652,10.850237678113599,10.722525596618652,10.850237678113599,10500
2016-10-28,10.722525596618652,10.722525596618652,10.722525596618652,10.722525596618652,0
2016-10-31,10.722525596618652,10.722525596618652,10.722525596618652,10.722525596618652,0
2016-11-01,10.727846145629883,10.75578312272204,10.642704338378401,10.642704338378401,2300
2016-11-02,10.583504676818848,10.583504676818848,10.583504676818848,10.583504676818848,200
2016-11-03,10.620753288269043,10.620753288269043,10.620753288269043,10.620753288269043,100
2016-11-04,10.609445571899414,10.722524988588024,10.503018631903783,10.722524988588024,2900
2016-11-07,10.609445571899414,10.609445571899414,10.609445571899414,10.609445571899414,16300
2016-11-08,10.835603713989258,10.942030653425697,10.81830867025851,10.81830867025851,1400
2016-11-09,10.743810653686523,10.743810653686523,10.743810653686523,10.743810653686523,200
2016-11-10,10.473751068115234,10.473751068115234,10.327413713272549,10.327413713272549,400
2016-11-11,10.246930122375488,10.323425053332802,10.246930122375488,10.316773209883522,11400
2016-11-14,10.203693389892578,10.343378916607254,10.203693389892578,10.243603177894117,1200
2016-11-15,10.203693389892578,10.203693389892578,10.203693389892578,10.203693389892578,0
2016-11-16,10.476412773132324,10.476412773132324,10.31012050689213,10.376637667130069,40500
2016-11-17,10.463109016418457,10.577518683497301,10.463109016418457,10.509671282011253,22800
2016-11-18,10.509671211242676,10.509671211242676,10.483064474377946,10.483064474377946,600
2016-11-21,10.509671211242676,10.562884684972135,10.483064474377946,10.562884684972135,16500
2016-11-22,10.44182300567627,10.44182300567627,10.409894670156799,10.409894670156799,1800
2016-11-23,10.443151473999023,10.443151473999023,10.429848426027855,10.429848426027855,1000
2016-11-25,10.443151473999023,10.443151473999023,10.443151473999023,10.443151473999023,0
2016-11-28,10.562884330749512,10.57618738155844,10.562884330749512,10.57618738155844,1300
2016-11-29,10.582839965820312,10.582839965820312,10.582839965820312,10.582839965820312,300
2016-11-30,10.575522422790527,10.715207308831186,10.575522422790527,10.709221538691859,1900
2016-12-01,10.662660598754883,10.685941414598792,10.606120568341597,10.669312441668758,11400
2016-12-02,10.686606407165527,10.695918733667689,10.669312630251229,10.682615047604793,3700
2016-12-05,10.895468711853027,10.922076083397805,10.828952820409695,10.922076083397805,3000
2016-12-06,10.895468711853027,10.895468711853027,10.895468711853027,10.895468711853027,0
2016-12-07,11.121625900268555,11.121625900268555,11.008547112636771,11.01519895528679,4500
2016-12-08,11.346454620361328,11.414301389954119,11.301222594826571,11.301222594826571,4400
2016-12-09,11.36108684539795,11.36108684539795,11.34113131800195,11.354435002932616,1200
2016-12-12,11.553985595703125,11.607199062686348,11.35909030548636,11.474164760873725,4700
2016-12-13,11.517403602600098,11.653763220676964,11.38104398452323,11.607201585535021,5800
2016-12-14,11.341130256652832,11.427602931900473,11.341130256652832,11.427602931900473,2700
2016-12-15,11.194795608520508,11.241357241305316,11.162202465571143,11.2014474515911,8100
2016-12-16,11.36108684539795,11.36108684539795,11.321177059315175,11.347783160467284,3200
2016-12-19,11.447558403015137,11.447558403015137,11.354435144755762,11.36108698730418,200500
2016-12-20,11.274617195129395,11.307875143951366,11.274617195129395,11.307875143951366,102400
2016-12-21,11.163784980773926,11.304843013675942,11.103331172049906,11.183935396227904,45300
2016-12-22,11.15706729888916,11.27125767952321,11.096613492601664,11.190652177412884,9600
2016-12-23,11.351860046386719,11.351860046386719,11.016006191279534,11.016006191279534,40700
2016-12-27,11.392163276672363,11.392163276672363,11.369326226962235,11.369326226962235,1100
2016-12-28,11.392163276672363,11.392163276672363,11.392163276672363,11.392163276672363,0
2016-12-29,11.224236488342285,11.439184056039885,11.224236488342285,11.439184056039885,46000
2016-12-30,11.110047340393066,11.42843617341586,11.110047340393066,11.204086019989518,140800
2017-01-03,11.452617645263672,11.519788682483656,11.338427266343992,11.338427266343992,17600
2017-01-04,11.318273544311523,11.500977584716534,11.318273544311523,11.486200447695431,25000
2017-01-05,11.539939880371094,11.58024198849276,11.27125702425845,11.27125702425845,2300
2017-01-06,11.426421165466309,11.524490442725892,11.244388413244167,11.244388413244167,1200
2017-01-09,11.654131889343262,11.701151235611778,11.492922153059304,11.613829775567547,3000
2017-01-10,11.815339088439941,11.815339088439941,11.734733597016374,11.734733597016374,3300
2017-01-11,11.783097267150879,11.783097267150879,11.640695295417895,11.640695295417895,2300
2017-01-12,11.734735488891602,11.848925872795961,11.654131265653836,11.848925872795961,3600
2017-01-13,11.721301078796387,11.776380326634147,11.68771492164566,11.691074177951181,4000
2017-01-17,11.523147583007812,11.795188417632136,11.523147583007812,11.795188417632136,32900
2017-01-18,11.674281120300293,11.69107484041771,11.553374791249292,11.553374791249292,3300
2017-01-19,11.633978843688965,11.633978843688965,11.633978843688965,11.633978843688965,10000
2017-01-20,11.533221244812012,11.801904068216272,11.533221244812012,11.801904068216272,700
2017-01-23,11.754887580871582,11.795189693846726,11.627262728405704,11.781756510309059,11900
2017-01-24,11.743467330932617,11.882511337467925,11.674280997074813,11.864374939888371,34900
2017-01-25,11.647412300109863,11.761602667019993,11.613827425622523,11.761602667019993,19700
2017-01-26,11.734063148498535,11.734063148498535,11.734063148498535,11.734063148498535,200
2017-01-27,11.62054443359375,11.62054443359375,11.62054443359375,11.62054443359375,1200
2017-01-30,11.593676567077637,11.677640040523002,11.539939995319841,11.61382826192966,11800
2017-01-31,11.425749778747559,11.539940155465167,11.425749778747559,11.486203582961643,112600
2017-02-01,11.459333419799805,11.527848407147022,11.459333419799805,11.527848407147022,3900
2017-02-02,11.432467460632324,11.452617875376513,11.224237112948389,11.251106040848638,16200
2017-02-03,11.338425636291504,11.492919384041185,11.277973120783457,11.277973120783457,18200
2017-02-06,11.54665756225586,11.54665756225586,11.372013378676066,11.392163792932333,14000
2017-02-07,11.560091018676758,11.612484915582927,11.486204029351027,11.612484915582927,4300
2017-02-08,11.741453170776367,11.811982189106253,11.432468167894342,11.436497482383851,12700
2017-02-09,11.694430351257324,11.748166913238133,11.694430351257324,11.707864812047701,6700
2017-02-10,11.828773498535156,11.842206679396007,11.788470112410158,11.810637102896989,4300
2017-02-13,11.62054443359375,11.687715469865006,11.526505751522565,11.533222983267787,16300
2017-02-14,11.642711639404297,11.642711639404297,11.642711639404297,11.642711639404297,300
2017-02-15,11.701149940490723,11.748169281554986,11.546657453799295,11.667565062925092,15500
2017-02-16,11.573526382446289,11.781756746212885,11.546658733651917,11.781756746212885,13100
2017-02-17,11.741453170776367,11.761604867948225,11.573526204554115,11.573526204554115,3800
2017-02-21,11.408284187316895,11.647412756558307,11.365295443793954,11.647412756558307,24400
2017-02-22,11.539939880371094,11.571509459359108,11.5197881857198,11.5197881857198,8400
2017-02-23,11.573526382446289,11.586960847434023,11.506355338688712,11.506355338688712,1300
2017-02-24,11.640694618225098,11.640694618225098,11.640694618225098,11.640694618225098,1100
2017-02-27,11.566808700561523,11.566808700561523,11.432467899446845,11.546658285043899,1900
2017-02-28,11.324995040893555,11.452618613097622,11.304843343670296,11.405599267424432,8800
2017-03-01,11.331710815429688,11.39753789090323,11.331710815429688,11.33305349302985,1100
2017-03-02,11.428435325622559,11.428435325622559,11.425748689430666,11.425748689430666,1500
2017-03-03,11.398880958557129,11.455976788040616,11.398880958557129,11.455976788040616,600
2017-03-06,11.46941089630127,11.633978585518612,11.425749531717091,11.633978585518612,24900
2017-03-07,11.419032096862793,11.419032096862793,11.419032096862793,11.419032096862793,400
2017-03-08,11.31155776977539,11.419030899274098,11.31155776977539,11.419030899274098,6600
2017-03-09,11.31155776977539,11.31155776977539,11.31155776977539,11.31155776977539,0
2017-03-10,11.2376708984375,11.239014857223772,11.2376708984375,11.239014857223772,400
2017-03-13,11.338425636291504,11.398879432980339,11.277973120783457,11.398879432980339,3600
2017-03-14,11.204084396362305,11.35185962591075,11.204084396362305,11.35185962591075,300
2017-03-15,11.204084396362305,11.204084396362305,11.204084396362305,11.204084396362305,0
2017-03-16,11.291406631469727,11.291406631469727,11.277973450508973,11.277973450508973,300
2017-03-17,11.291406631469727,11.291406631469727,11.291406631469727,11.291406631469727,0
2017-03-20,11.284689903259277,11.284689903259277,11.277973953070044,11.277973953070044,300
2017-03-21,11.352531433105469,11.352531433105469,11.352531433105469,11.352531433105469,200
2017-03-22,11.308199882507324,11.308199882507324,11.301483932133955,11.301483932133955,300
2017-03-23,11.340442657470703,11.340442657470703,11.304842481487691,11.304842481487691,14200
2017-03-24,11.351860046386719,11.372011738918232,11.351860046386719,11.372011738918232,700
2017-03-27,11.351860046386719,11.351860046386719,11.351860046386719,11.351860046386719,0
2017-03-28,11.247748374938965,11.247748374938965,11.247748374938965,11.247748374938965,100
2017-03-29,11.338425636291504,11.338425636291504,11.338425636291504,11.338425636291504,700
2017-03-30,11.432467460632324,11.439184692607387,11.432467460632324,11.432467460632324,2300
2017-03-31,11.274616241455078,11.274616241455078,11.274616241455078,11.274616241455078,100
2017-04-03,11.432467460632324,11.439184692607387,11.42642156750047,11.432467460632324,7700
2017-04-04,11.419032096862793,11.419032096862793,11.419032096862793,11.419032096862793,14100
2017-04-05,11.573526382446289,11.573526382446289,11.507699297659924,11.507699297659924,900
2017-04-06,11.573526382446289,11.613829777409492,11.546658733651917,11.613829777409492,7800
2017-04-07,11.507025718688965,11.519787561116194,11.507025718688965,11.519787561116194,300
2017-04-10,11.507025718688965,11.507025718688965,11.507025718688965,11.507025718688965,0
2017-04-11,11.539939880371094,11.5668075253919,11.466051614497273,11.466051614497273,5300
2017-04-12,11.506353378295898,11.54665676639242,11.419031933115193,11.497622130604443,19400
2017-04-13,11.385448455810547,11.533223720103628,11.385448455810547,11.445902264198862,14000
2017-04-17,11.43918514251709,11.445902374756344,11.363281571276453,11.363281571276453,6000
2017-04-18,11.43918514251709,11.43918514251709,11.43918514251709,11.43918514251709,0
2017-04-19,11.43918514251709,11.43918514251709,11.43918514251709,11.43918514251709,300
2017-04-20,11.43918514251709,11.459335558053805,11.41231621356007,11.45261832581455,13800
2017-04-21,11.419032096862793,11.419032096862793,11.419032096862793,11.419032096862793,200
2017-04-24,11.365293502807617,11.365293502807615,11.365293502807615,11.365293502807615,700
2017-04-25,11.365293502807617,11.365293502807615,11.351859042308227,11.351859042308227,1400
2017-04-26,11.365293502807617,11.365293502807615,11.365293502807615,11.365293502807615,300
2017-04-27,11.345142364501953,11.35185959507874,11.257820929365208,11.320290020666652,16400
2017-04-28,11.398880958557129,11.412315422103944,11.305513614914394,11.412315422103944,2800
2017-05-01,11.345142364501953,11.361936081534283,11.334395820523682,11.334395820523682,700
2017-05-02,11.345142364501953,11.345142364501953,11.345142364501953,11.345142364501953,0
2017-05-03,11.296107292175293,11.304839819701359,11.284688128759827,11.304839819701359,600
2017-05-04,11.533221244812012,11.586957809492864,11.533221244812012,11.573523348027459,4700
2017-05-05,11.526505470275879,11.561434305790192,11.526505470275879,11.561434305790192,600
2017-05-08,11.479484558105469,11.52247329692088,11.46605009678287,11.52247329692088,4500
2017-05-09,11.526505470275879,11.53993993343852,11.493591932354056,11.537924635846032,1300
2017-05-10,11.513072967529297,11.553376363879977,11.486205317809985,11.486205317809985,42600
2017-05-11,11.62658977508545,11.627261113873844,11.625245816327766,11.627261113873844,500
2017-05-12,11.62658977508545,11.62658977508545,11.62658977508545,11.62658977508545,0
2017-05-15,11.553375244140625,11.553375244140625,11.459335276284419,11.489562180027304,7000
2017-05-16,11.553375244140625,11.553375244140625,11.385448285831494,11.419033165020913,2900
2017-05-17,11.338425636291504,11.372011790663516,11.284689070477071,11.284689070477071,6600
2017-05-18,11.573526382446289,11.74145335124968,11.396195544387702,11.396195544387702,101900
2017-05-19,11.680998802185059,11.680998802185059,11.566808419364056,11.573525651433647,9900
2017-05-22,11.533221244812012,11.607109501690969,11.533221244812012,11.600392270958267,3200
2017-05-23,11.580242156982422,11.580242156982422,11.580242156982422,11.580242156982422,600
2017-05-24,11.539939880371094,11.627261328164858,11.419032274825174,11.627261328164858,15100
2017-05-25,11.539939880371094,11.539939880371094,11.539939880371094,11.539939880371094,0
2017-05-26,11.539939880371094,11.553374343471955,11.445901201026897,11.546657111921524,900
2017-05-30,11.680998802185059,11.680998802185059,11.680998802185059,11.680998802185059,500
2017-05-31,11.345142364501953,11.539938207686534,11.345142364501953,11.479484413676197,9700
2017-06-01,11.603752136230469,11.603752136230469,11.603752136230469,11.603752136230469,800
2017-06-02,11.603752136230469,11.603752136230469,11.603752136230469,11.603752136230469,0
2017-06-05,11.419032096862793,11.627261146957286,11.419032096862793,11.627261146957286,700
2017-06-06,11.553375244140625,11.553375244140625,11.324994478345724,11.324994478345724,2000
2017-06-07,11.672266960144043,11.672266960144043,11.620544403955854,11.620544403955854,3000
2017-06-08,11.672266960144043,11.672266960144043,11.672266960144043,11.672266960144043,0
2017-06-09,11.748169898986816,11.748169898986816,11.748169898986816,11.748169898986816,200
2017-06-12,11.633978843688965,11.633978843688965,11.633978843688965,11.633978843688965,300
2017-06-13,11.633978843688965,11.633978843688965,11.633978843688965,11.633978843688965,0
2017-06-14,11.633978843688965,11.633978843688965,11.633978843688965,11.633978843688965,0
2017-06-15,11.822057723999023,11.822057723999023,11.61382866142251,11.61382866142251,2600
2017-06-16,11.748169898986816,11.855643050262293,11.680998859144388,11.855643050262293,1100
2017-06-19,11.775036811828613,11.775036811828613,11.744809913132599,11.768319580876076,800
2017-06-20,11.828868865966797,11.828868865966797,11.828868865966797,11.828868865966797,284100
2017-06-21,11.745360374450684,11.74605144393623,11.61492594526457,11.74605144393623,1800
2017-06-22,11.663235664367676,11.663235664367676,11.614926613740627,11.614926613740627,6800
2017-06-23,11.704644203186035,11.704644203186035,11.476900576855645,11.476900576855645,700
2017-06-26,11.670137405395508,11.677038886542139,11.663235924248879,11.677038886542139,1500
2017-06-27,11.58455753326416,11.652191503957923,11.584557533264162,11.652191503957923,500
2017-06-28,11.57352066040039,11.57352066040039,11.57352066040039,11.57352066040039,300
2017-06-29,11.4216890335083,11.580420462844739,11.41478886887545,11.580420462844739,12600
2017-06-30,11.545912742614746,11.642532157032553,11.407887076239518,11.407887076239518,9600
2017-07-03,11.718446731567383,11.725348212875659,11.66323619742414,11.66323619742414,4000
2017-07-05,11.69774341583252,11.808854235565962,11.683940453437959,11.683940453437959,1500
2017-07-06,11.666687965393066,11.756404592593503,11.663236566468237,11.683941011048187,2000
2017-07-07,11.666687965393066,11.666687965393066,11.666687965393066,11.666687965393066,0
2017-07-10,11.594223022460938,11.676349730882762,11.594223022460938,11.676349730882762,1200
2017-07-11,11.683941841125488,11.704644970853272,11.607337101957253,11.607337101957253,4200
2017-07-12,11.759855270385742,11.959992957093812,11.759855270385742,11.863374854291498,26700
2017-07-13,12.001401901245117,12.104922813324295,11.932389714956432,11.932389714956432,33200
2017-07-14,12.160131454467773,12.187736061410721,12.008301509151506,12.111821088752588,13300
2017-07-17,12.187737464904785,12.202230181391405,12.180146230029367,12.180146230029367,1100
2017-07-18,12.249846458435059,12.249846458435059,12.208438895314929,12.249846458435059,7700
2017-07-19,12.31196117401123,12.31196117401123,12.236046194628816,12.249849157484343,9600
2017-07-20,12.201539039611816,12.229143646592249,12.153919743339625,12.229143646592249,5000
2017-07-21,12.125624656677246,12.132526137838783,12.084217086030975,12.132526137838783,2600
2017-07-24,12.167033195495605,12.311961678774418,12.091119529323889,12.091119529323889,10400
2017-07-25,12.160131454467773,12.193947789042392,12.160131454467773,12.187736061410721,4500
2017-07-26,12.18083381652832,12.215341218446053,12.111820329015643,12.111820329015643,4600
2017-07-27,12.118724822998047,12.201541291872031,12.111823340898288,12.187738327672514,17900
2017-07-28,12.167033195495605,12.187737640627734,12.125625621554393,12.173934677206315,20000
2017-07-31,12.229143142700195,12.236044623241652,12.146328008848357,12.146328008848357,4900
2017-08-01,12.263652801513672,12.263652801513672,12.263652801513672,12.263652801513672,500
2017-08-02,12.332664489746094,12.353367615811877,12.291255604968791,12.34646613501566,12500
2017-08-03,12.394776344299316,12.398227743181877,12.339565809085268,12.339565809085268,3300
2017-08-04,12.401677131652832,12.401677131652834,12.318861991628197,12.353368080584643,7000
2017-08-07,12.421690940856934,12.422380694016738,12.387874607506934,12.401676252317161,3000
2017-08-08,12.339564323425293,12.422380774436919,12.300227331896542,12.422380774436919,11200
2017-08-09,12.249846458435059,12.287803939762968,12.236043498620782,12.277452378063611,6000
2017-08-10,12.1946382522583,12.224313436806305,12.16703232738513,12.21534269591318,26000
2017-08-11,12.1497802734375,12.201540728634807,12.113893357969209,12.201540728634807,4500
2017-08-14,12.091119766235352,12.091119766235352,12.07731680254348,12.07731680254348,2400
2017-08-15,12.04970932006836,12.04970932006836,11.966894181251083,11.97379566220634,6300
2017-08-16,12.015202522277832,12.063511569789723,12.008301041730018,12.063511569789723,5900
2017-08-17,11.939287185668945,12.063511199066465,11.939287185668945,12.063511199066465,12700
2017-08-18,12.077317237854004,12.077317237854004,11.939290228606426,11.953093192795807,7900
2017-08-21,12.070416450500488,12.07731793299241,11.953093880784206,11.953093880784206,11400
2017-08-22,12.139427185058594,12.160131627803088,12.098019615892495,12.098019615892495,5400
2017-08-23,12.210511207580566,12.210511207580566,12.077315127441887,12.077315127441887,1300
2017-08-24,12.173934936523438,12.236046956919827,12.173934936523438,12.18428781747155,15500
2017-08-25,12.263652801513672,12.263652801513672,12.21534374515903,12.23604687426927,4200
2017-08-28,12.222243309020996,12.249849234906529,12.153231126953159,12.249849234906529,5100
2017-08-29,12.256750106811523,12.256750106811523,12.173933649596645,12.220173441522961,6800
2017-08-30,12.222243309020996,12.298158288883213,12.208441662401228,12.298158288883213,4100
2017-08-31,12.263652801513672,12.285047000231165,12.118724316126682,12.118724316126682,2400
2017-09-01,12.263652801513672,12.263652801513672,12.263652801513672,12.263652801513672,0
2017-09-05,12.263652801513672,12.284355930623914,12.201540781536828,12.284355930623914,2200
2017-09-06,12.291254043579102,12.298155523498606,12.291254043579102,12.298155523498606,1900
2017-09-07,12.325764656066895,12.33266613778537,12.249849673486702,12.33266613778537,13300
2017-09-08,12.307821273803711,12.307821273803711,12.307821273803711,12.307821273803711,100
2017-09-11,12.37407112121582,12.37407112121582,12.311959115075956,12.311959115075956,1500
2017-09-12,12.37407112121582,12.37407112121582,12.37407112121582,12.37407112121582,0
2017-09-13,12.318861961364746,12.318861961364746,12.284354556170157,12.284354556170157,3300
2017-09-14,12.277453422546387,12.346465594843458,12.277453422546387,12.33266395017773,3500
2017-09-15,12.35336971282959,12.3878771226684,12.270554561862626,12.270554561862626,14200
2017-09-18,12.25053882598877,12.325764051604944,12.249849072747661,12.277454998267755,12100
2017-09-19,12.208441734313965,12.31196132434849,12.180835808265822,12.242947825551138,207300
2017-09-20,12.229143142700195,12.229143142700195,12.16013096993127,12.208440017398646,102700
2017-09-21,12.146327018737793,12.215340502203889,12.139425538758912,12.215340502203889,15500
2017-09-22,12.104920387268066,12.12562351247614,12.104920387268066,12.12562351247614,4600
2017-09-25,11.98759937286377,11.987599372863768,11.987599372863768,11.987599372863768,100
2017-09-26,12.022107124328613,12.022107124328613,12.015205641988848,12.015205641988848,1200
2017-09-27,11.904783248901367,12.008302839975036,11.897881767320055,12.008302839975036,5500
2017-09-28,11.93583869934082,12.00140079681092,11.918585654356368,11.918585654356368,4700
2017-09-29,11.984148979187012,12.015204989868819,11.980698896365963,12.015204989868819,1400
2017-10-02,12.056612014770508,12.06351349642054,12.008302959543311,12.06351349642054,51700
2017-10-03,12.104920387268066,12.11182055145555,12.042808378998217,12.042808378998217,30700
2017-10-04,12.114584922790527,12.114584922790527,12.114584922790527,12.114584922790527,100
2017-10-05,12.125624656677246,12.146329100161852,12.098020048354044,12.104921529515579,4200
2017-10-06,12.104920387268066,12.132524992986436,12.042808378998217,12.132524992986436,4700
2017-10-09,12.104920387268066,12.104920387268066,12.104920387268066,12.104920387268066,0
2017-10-10,12.236045837402344,12.305059333342172,12.236045837402344,12.305059333342172,4700
2017-10-11,12.305059432983398,12.33266535811205,12.298157951701235,12.298157951701235,2000
2017-10-12,12.35336971282959,12.360271194797352,12.236047152023817,12.236047152023817,1500
2017-10-13,12.381665229797363,12.422383051441004,12.381665229797363,12.420312475245826,800
2017-10-16,12.408580780029297,12.429285226813215,12.346468756000684,12.42721465050251,3600
2017-10-17,12.291254043579102,12.318859963257118,12.27055092014329,12.278831906253075,10800
2017-10-18,12.263652801513672,12.291257412435014,12.249849837891471,12.291257412435014,21400
2017-10-19,12.346466064453125,12.37407198748022,12.28780545250484,12.311959976992117,6600
2017-10-20,12.339564323425293,12.360268765258908,12.325762678525717,12.325762678525717,4900
2017-10-23,12.236045837402344,12.236045837402344,12.222242874949787,12.222242874949787,2500
2017-10-24,12.291254043579102,12.298155523498606,12.249846480384777,12.277452400062794,3900
2017-10-25,12.339564323425293,12.339564323425293,12.305058236692101,12.305058236692101,6000
2017-10-26,12.284354209899902,12.284354209899904,12.284354209899904,12.284354209899904,1200
2017-10-27,12.318861961364746,12.339565088158587,12.277454391454153,12.277454391454153,11200
2017-10-30,12.229143142700195,12.284353670709027,12.187735575774276,12.284353670709027,1900
2017-10-31,12.236045837402344,12.236045837402344,12.236045837402344,12.236045837402344,200
2017-11-01,12.229143142700195,12.284353670709027,12.215341497940102,12.284353670709027,8000
2017-11-02,12.201539039611816,12.229143646592249,12.201539039611816,12.204989121863292,2300
2017-11-03,12.25329875946045,12.25675015820046,12.146329092332946,12.146329092332946,2100
2017-11-06,12.077317237854004,12.153232224572482,12.063514273664623,12.146330742477792,9200
2017-11-07,11.918585777282715,11.918585777282715,11.842670798980604,11.904782814623609,3300
2017-11-08,11.670137405395508,11.725347938245614,11.635631315985293,11.670137405395508,6700
2017-11-09,11.642533302307129,11.704644002675943,11.608025895076686,11.670137911768492,8700
2017-11-10,11.580419540405273,11.711543719151106,11.580419540405273,11.69705100519532,10600
2017-11-13,11.683941841125488,11.732250898921116,11.683941841125488,11.732250898921116,2500
2017-11-14,11.683941841125488,11.683941841125488,11.683941841125488,11.683941841125488,0
2017-11-15,11.552813529968262,11.645291787110526,11.545912049615305,11.601122576116166,10400
2017-11-16,11.594223022460938,11.614927466960415,11.559716931284811,11.614927466960415,16700
2017-11-17,11.656333923339844,11.670136885017623,11.656333923339844,11.670136885017623,1200
2017-11-20,11.490702629089355,11.490702629089355,11.366478603425215,11.463098021343384,27700
2017-11-21,11.492084503173828,11.511408125260699,11.490703680314896,11.511408125260699,2800
2017-11-22,11.5252103805542,11.539012026680524,11.512786924556082,11.512786924556082,1200
2017-11-24,11.608024597167969,11.690841048938223,11.608024597167969,11.690841048938223,800
2017-11-27,11.594223022460938,11.656335039636367,11.532111005285508,11.656335039636367,17300
2017-11-28,11.5252103805542,11.539012026680524,11.456196884630776,11.456196884630776,4900
2017-11-29,11.38718318939209,11.476899811096121,11.366478746080578,11.476899811096121,8600
2017-11-30,11.50450611114502,11.545913682797115,11.421689651517859,11.545913682797115,11300
2017-12-01,11.4216890335083,11.483801045787146,11.400985906963951,11.483801045787146,1800
2017-12-04,11.497603416442871,11.511406377644564,11.497603416442871,11.511406377644564,5500
2017-12-05,11.394083976745605,11.407886938112862,11.394083976745605,11.407886938112862,1200
2017-12-06,11.352676391601562,11.387182478644075,11.345774910928492,11.387182478644075,1700
2017-12-07,11.397534370422363,11.44032276203656,11.397534370422363,11.435491857058276,2800
2017-12-08,11.5252103805542,11.5252103805542,11.490702974431013,11.5252103805542,13800
2017-12-11,11.576971054077148,11.587323935451694,11.576971054077148,11.587323935451694,1000
2017-12-12,11.656333923339844,11.69084132753429,11.642532277984943,11.69084132753429,800
2017-12-13,11.580419540405273,11.580419540405273,11.54453263208769,11.54453263208769,600
2017-12-14,11.449295997619629,11.449295997619629,11.442394516036808,11.442394516036808,1300
2017-12-15,11.428590774536133,11.552814801920698,11.428590774536133,11.552814801920698,1300
2017-12-18,11.5252103805542,11.594222560154671,11.490702974431013,11.594222560154671,1400
2017-12-19,11.434950828552246,11.58769540935632,11.434950828552246,11.58769540935632,1500
2017-12-20,11.421067237854004,11.481470373641711,11.421067237854004,11.481470373641711,2100
2017-12-21,11.483552932739258,11.483552932739258,11.483552932739258,11.483552932739258,700
2017-12-22,11.539094924926758,11.539094924926758,11.518265758047399,11.518265758047399,1500
2017-12-26,11.365525245666504,11.45578234205389,11.344696073768135,11.45578234205389,9100
2017-12-27,11.462723731994629,11.462723731994629,11.43495150683653,11.43495150683653,3400
2017-12-28,11.65018081665039,11.657123872068379,11.510628448529362,11.532151523049404,18800
2017-12-29,11.664067268371582,11.747382621028962,11.664067268371582,11.747382621028962,20400
2018-01-02,11.76126766204834,11.761267662048342,11.71266759586569,11.71266759586569,33000
2018-01-03,12.015377044677734,12.015377044677734,12.00426921493205,12.00426921493205,1400
2018-01-04,12.114660263061523,12.114660263061523,12.062589331398492,12.076474118623814,7500
2018-01-05,12.13618278503418,12.21949812584841,12.094525776753272,12.21949812584841,5100
2018-01-08,12.288928985595703,12.288928985595703,12.13618439455445,12.13618439455445,26700
2018-01-09,12.393071174621582,12.46250040815427,12.261155763334722,12.46250040815427,22900
2018-01-10,12.365299224853516,12.365299224853516,12.233385134903063,12.337528325378031,19900
2018-01-11,12.365299224853516,12.365299224853516,12.205612911175063,12.330585269446031,11800
2018-01-12,12.37224292755127,12.37224292755127,12.330585914034142,12.330585914034142,2300
2018-01-16,12.219496726989746,12.393069119917861,12.157010559595443,12.393069119917861,51700
2018-01-17,12.379185676574707,12.379185676574709,12.281985539363214,12.323642551846348,29800
2018-01-18,12.32711410522461,12.356275472266843,12.323643239096018,12.351415465135242,2000
2018-01-19,12.55275821685791,12.55275821685791,12.386128841212978,12.511101204009817,1300
2018-01-22,12.347943305969238,12.393072511270748,12.316700213722445,12.393072511270748,7000
2018-01-23,12.38473892211914,12.386128062969572,12.33752799699167,12.367381944877387,2700
2018-01-24,12.406957626342773,12.504157761402002,12.351414502844284,12.504157761402002,3100
2018-01-25,12.413900375366211,12.45555871459333,12.344472458492938,12.42709258006392,3800
2018-01-26,12.511101722717285,12.511101722717285,12.407652432524365,12.434729425785603,5300
2018-01-29,12.365299224853516,12.372242280785516,12.281985202174546,12.372242280785516,13900
2018-01-30,12.240327835083008,12.261157004527089,12.179924700373054,12.261157004527089,3400
2018-01-31,12.196587562561035,12.275042907631752,12.191727555532434,12.275042907631752,3200
2018-02-01,12.254212379455566,12.254212379455566,12.163955305256401,12.163955305256401,3800
2018-02-02,12.052870750427246,12.16395700694479,12.018155467607617,12.16395700694479,4500
2018-02-05,11.830697059631348,11.973720302702699,11.726552545792812,11.865411014742524,8100
2018-02-06,11.9764986038208,12.073698748438789,11.95566943386581,12.066755691787124,10500
2018-02-07,11.941784858703613,12.16395737852556,11.941784858703615,12.13618515142148,1700
2018-02-08,11.844581604003906,12.02509708023229,11.844581604003906,12.02509708023229,3200
2018-02-09,11.872353553771973,11.917482752853878,11.532151776333054,11.87235355377197,14000
2018-02-12,11.882074356079102,11.934840522518206,11.882074356079102,11.927897466486478,2400
2018-02-13,11.934840202331543,11.962611101460887,11.816810901463715,11.816810901463715,2600
2018-02-14,11.948724746704102,11.948724746704102,11.747381428291556,11.837638503941497,10800
2018-02-15,11.879298210144043,11.879298210144043,11.754325841539545,11.754325841539545,2300
2018-02-16,11.782095909118652,11.900125212860376,11.782095909118652,11.879297369069356,6400
2018-02-20,11.740440368652344,11.837640516532106,11.740440368652344,11.782097385707571,8800
2018-02-21,11.747381210327148,11.809867386253286,11.747381210327148,11.802924330677888,3300
2018-02-22,11.823753356933594,11.925119583475738,11.80986724594777,11.893181263357855,1600
2018-02-23,11.823753356933594,11.941087419282248,11.761267181749815,11.893181263357855,82000
2018-02-26,11.914011001586914,11.920954057413022,11.719609411213382,11.816810868526394,10000
2018-02-27,11.691839218139648,11.754325400095173,11.691839218139648,11.754325400095173,4500
2018-02-28,11.594637870788574,11.63629487966647,11.559922593179964,11.63629487966647,11100
2018-03-01,11.615466117858887,11.719609305808863,11.593943042267277,11.593943042267277,18500
2018-03-02,11.546036720275879,11.573808942935575,11.490493599208952,11.532151933198495,17200
2018-03-05,11.816811561584473,11.865411630965134,11.65018218474253,11.726553154803895,19600
2018-03-06,11.532153129577637,11.816811820108525,11.483553059133719,11.816811820108525,96300
2018-03-07,11.546036720275879,11.684895185069433,11.532151933198495,11.684895185069433,135100
2018-03-08,11.51132583618164,11.533542825683012,11.490496663631896,11.525211951214803,2800
2018-03-09,11.719610214233398,11.719610214233398,11.652265349035966,11.691839313278619,1700
2018-03-12,11.483552932739258,11.594639185174847,11.483552932739258,11.576586973921456,9000
2018-03-13,11.490493774414062,11.594638286723438,11.469665931354175,11.576586076868885,3800
2018-03-14,11.578669548034668,11.615466553133768,11.525209473328847,11.54603731714785,13000
2018-03-15,11.552980422973633,11.566866535081182,11.525209523011071,11.525209523011071,2500
2018-03-16,11.594637870788574,11.60157960205786,11.539094750867235,11.552979537658242,9400
2018-03-19,11.414124488830566,11.546038595127007,11.379409204868862,11.539096862587343,14100
2018-03-20,11.476609230041504,11.552980196631717,11.476609230041504,11.53909540904873,15900
2018-03-21,11.601579666137695,11.625185790191448,11.566865712589784,11.566865712589784,4800
2018-03-22,11.441892623901367,11.501601838469425,11.441892623901367,11.501601838469425,14700
2018-03-23,11.386351585388184,11.501603937641,11.386351585388184,11.501603937641,10400
2018-03-26,11.50438117980957,11.53215340601617,11.379408810385142,11.53215340601617,32400
2018-03-27,11.328725814819336,11.469667348298355,11.323865807604633,11.400238106265757,14500
2018-03-28,11.309980392456055,11.351637405668336,11.2683220549912,11.2683220549912,8700
2018-03-29,11.62240982055664,11.62240982055664,11.53215273911004,11.537012745989879,22200
2018-04-02,11.365525245666504,11.428010112856063,11.309982111523627,11.344696073768135,5800
2018-04-03,11.490493774414062,11.525209053268016,11.379407530586382,11.379407530586382,22200
2018-04-04,11.698780059814453,11.698780059814453,11.539093769157757,11.55992160969852,4700
2018-04-05,11.525208473205566,11.66962084776379,11.504379306941525,11.643237766863637,21900
2018-04-06,11.2474946975708,11.532153394644578,11.212779414846786,11.504381168465365,37500
2018-04-09,11.532153129577637,11.559924030865904,11.393294650378502,11.393294650378502,3200
2018-04-10,11.580751419067383,11.594637529702332,11.552979197797487,11.552979197797487,2500
2018-04-11,11.539094924926758,11.66406595344555,11.532151869300305,11.532151869300305,11500
2018-04-12,11.539094924926758,11.550202754527119,11.518265758047399,11.550202754527119,600
2018-04-13,11.518266677856445,11.518266677856445,11.504380565494642,11.518266677856445,500
2018-04-16,11.657125473022461,11.657125473022461,11.63629630390788,11.643239360279408,1800
2018-04-17,11.677950859069824,11.677950859069824,11.615464689135255,11.615464689135255,2000
2018-04-18,11.594637870788574,11.691837999587811,11.568948697783448,11.691837999587811,3300
2018-04-19,11.491189002990723,11.5807521711737,11.491189002990723,11.5807521711737,1000
2018-04-20,11.463417053222656,11.475220115885069,11.386350853884407,11.443977026308684,4300
2018-04-23,11.463417053222656,11.469666200838939,11.434950921169335,11.468277059951149,2700
2018-04-24,11.261381149291992,11.393296594616961,11.191953222097316,11.393296594616961,3600
2018-04-25,11.266239166259766,11.266239166259766,11.212779089095784,11.212779089095784,1400
2018-04-26,11.539094924926758,11.539094924926758,11.476608748541134,11.476608748541134,3200
2018-04-27,11.477997779846191,11.490494751595396,11.386351554681898,11.490494751595396,3000
2018-04-30,11.476609230041504,11.559923252549465,11.458557019804854,11.552980196631717,2800
2018-05-01,11.483552932739258,11.483552932739258,11.372465356051082,11.432174580904672,2700
2018-05-02,11.379408836364746,11.389824083342315,11.372465779797244,11.372465779797244,1700
2018-05-03,11.365525245666504,11.365525245666504,11.219723690883466,11.266240718111773,51500
2018-05-04,11.386351585388184,11.386351585388184,11.309980613713716,11.309980613713716,1300
2018-05-07,11.289151191711426,11.289151191711426,11.275265079262518,11.275265079262518,1700
2018-05-08,11.21277904510498,11.21277904510498,11.150292862514867,11.21208513674917,6300
2018-05-09,11.060036659240723,11.087808224588336,11.011435923287637,11.046150545503743,3900
2018-05-10,11.136406898498535,11.136406898498535,11.101691620584045,11.101691620584045,2900
2018-05-11,11.129465103149414,11.136408159518503,11.039206694603866,11.039206694603866,6600
2018-05-14,11.087807655334473,11.164179290587867,11.011435357954767,11.011435357954767,18000
2018-05-15,11.143349647521973,11.157235759955952,11.101692634472606,11.101692634472606,2300
2018-05-16,11.268322944641113,11.268322944641113,11.226665928139951,11.233608984932259,1500
2018-05-17,11.268322944641113,11.268322944641113,11.268322944641113,11.268322944641113,0
2018-05-18,11.080864906311035,11.080864906311035,11.060036398323277,11.060036398323277,1000
2018-05-21,11.261381149291992,11.261381149291992,11.261381149291992,11.261381149291992,500
2018-05-22,11.309980392456055,11.365523518156621,11.303037336211913,11.341222159175835,3500
2018-05-23,11.414124488830566,11.414124488830566,11.261379887904427,11.261379887904427,4100
2018-05-24,11.346081733703613,11.354413930580058,11.309979961414088,11.354413930580058,900
2018-05-25,11.275264739990234,11.400237099764857,11.268321683974696,11.33983396910746,6400
2018-05-29,11.240550994873047,11.323865020116193,11.240550994873047,11.275264951348932,8300
2018-05-30,11.316922187805176,11.337751356654215,11.198892879499118,11.198892879499118,4300
2018-05-31,11.330808639526367,11.344694752508033,11.25443634237982,11.316922526544701,26200
2018-06-01,11.344694137573242,11.344694137573242,11.296094069024377,11.296094069024377,1500
2018-06-04,11.386351585388184,11.428008599415403,11.247494430546588,11.247494430546588,16900
2018-06-05,11.539094924926758,11.546036656300755,11.39329340527615,11.39329340527615,9200
2018-06-06,11.698780059814453,11.733494010217274,11.546035499836462,11.566864664629549,15800
2018-06-07,11.601579666137695,11.608522721697767,11.566865712589784,11.594637934830068,9500
2018-06-08,11.552980422973633,11.566172626751566,11.51479427680414,11.51479427680414,2800
2018-06-11,11.86888313293457,11.86888313293457,11.72655378315642,11.775153855141257,18800
2018-06-12,11.858470916748047,11.858470916748047,11.766824675172463,11.789041664955338,14200
2018-06-13,11.768211364746094,11.768211364746094,11.719609971639247,11.719609971639247,1700
2018-06-14,11.684897422790527,11.747383611488823,11.684897422790527,11.747383611488823,3200
2018-06-15,11.64323902130127,11.643239021301271,11.594638952368106,11.63629596513188,6800
2018-06-18,11.358580589294434,11.525209968264813,11.33080836400641,11.525209968264813,6600
2018-06-19,11.367278099060059,11.367278099060059,11.26291131432719,11.26291131432719,6300
2018-06-20,11.299149513244629,11.407864593431583,11.291901656913867,11.407864593431583,3400
2018-06-21,11.226670265197754,11.36437674535236,11.226670265197754,11.36437674535236,18200
2018-06-22,11.291901588439941,11.34263520006039,11.286103165171768,11.34263520006039,1500
2018-06-25,11.168689727783203,11.241166901329892,11.133176203046617,11.241166901329892,5400
2018-06-26,11.154195785522461,11.154195785522461,11.085342533119773,11.103461482660345,3600
2018-06-27,10.878783226013184,11.132451969927557,10.777315313731272,11.132451969927557,110900
2018-06-28,10.922270774841309,10.951261512942793,10.879509384302091,10.879509384302091,1400
2018-06-29,11.030982971191406,11.125203012156666,10.980248677629502,11.045477989928028,10600
2018-07-02,10.973004341125488,10.987499363596848,10.958508627460457,10.958508627460457,11800
2018-07-03,10.95125961303711,10.987498202175455,10.878783125954017,10.878783125954017,2500
2018-07-05,11.045480728149414,11.045480728149414,11.023737849057584,11.023737849057584,1300
2018-07-06,11.06722354888916,11.13970003801789,11.06722354888916,11.13970003801789,1900
2018-07-09,11.161442756652832,11.161442756652832,11.12520485820145,11.12520485820145,2000
2018-07-10,11.178112983703613,11.212177078319373,11.168690632430312,11.212177078319373,1600
2018-07-11,11.110709190368652,11.213626536542945,11.081718456775263,11.117957046565401,2300
2018-07-12,11.17593765258789,11.183185508226154,11.17593765258789,11.183185508226154,1200
2018-07-13,11.2194242477417,11.25566283746464,11.2194242477417,11.241167816291629,14200
2018-07-16,11.241167068481445,11.241167068481445,11.212176336870401,11.219423501377989,1900
2018-07-17,11.299149513244629,11.349883125172724,11.299149513244629,11.299149513244629,1500
2018-07-18,11.320891380310059,11.357129967534858,11.320891380310059,11.357129967534858,1200
2018-07-19,11.422358512878418,11.458597097649456,11.175936965867578,11.175936965867578,23500
2018-07-20,11.422358512878418,11.422358512878418,11.422358512878418,11.422358512878418,0
2018-07-23,11.299149513244629,11.313644534712532,11.219424475993481,11.219424475993481,1300
2018-07-24,11.364378929138184,11.370901723410826,11.357131072749189,11.370901723410826,1500
2018-07-25,11.596304893493652,11.596304893493652,11.451351220563708,11.560066302462758,6800
2018-07-26,11.422358512878418,11.436853532070725,11.39336778330029,11.436853532070725,1200
2018-07-27,11.322343826293945,11.436857350034604,11.31364653539774,11.328142250622664,5400
2018-07-30,11.41511344909668,11.41511344909668,11.40061773516613,11.406416158977086,1400
2018-07-31,11.444103240966797,11.458598953700617,11.444103240966797,11.451351097333708,700
2018-08-01,11.444103240966797,11.444103240966797,11.444103240966797,11.444103240966797,0
2018-08-02,11.523826599121094,11.552817330908818,11.473818053342924,11.552817330908818,600
2018-08-03,11.538322448730469,11.54557030456255,11.523826737066303,11.523826737066303,1600
2018-08-06,11.465847969055176,11.473095826591633,11.465847969055176,11.473095826591633,3000
2018-08-07,11.465847969055176,11.465847969055176,11.465847969055176,11.465847969055176,0
2018-08-08,11.357131004333496,11.400616760018243,11.349883147988162,11.400616760018243,4700
2018-08-09,11.41511344909668,11.422361306061955,11.41511344909668,11.422361306061955,2000
2018-08-10,11.407864570617676,11.407864570617676,11.407864570617676,11.407864570617676,300
2018-08-13,11.183185577392578,11.270157772008991,11.183185577392578,11.241167040470188,4500
2018-08-14,11.204930305480957,11.281755791318115,11.204930305480957,11.281755791318115,4300
2018-08-15,11.161442756652832,11.196956975397212,11.103461289698293,11.161442756652832,1300
2018-08-16,11.25566291809082,11.25566291809082,11.25566291809082,11.25566291809082,500
2018-08-17,11.25566291809082,11.25566291809082,11.25566291809082,11.25566291809082,0
2018-08-20,11.270157814025879,11.313643565899428,11.270157814025879,11.313643565899428,2100
2018-08-21,11.284652709960938,11.357129883876656,11.270157689893926,11.357129883876656,7700
2018-08-22,11.378873825073242,11.378873825073242,11.35858038036305,11.378873825073242,2300
2018-08-23,11.33176326751709,11.33176326751709,11.306396463585703,11.306396463585703,800
2018-08-24,11.446277618408203,11.446277618408203,11.427433606764195,11.441204257242264,1100
2018-08-27,11.262910842895508,11.349883044666893,11.233920108971713,11.349883044666893,5000
2018-08-28,11.197681427001953,11.197681427001953,11.197681427001953,11.197681427001953,700
2018-08-29,11.291901588439941,11.29407608356471,11.190433674005428,11.248415833106307,11600
2018-08-30,11.277406692504883,11.306397426780991,11.226672389126469,11.277406692504883,20800
2018-08-31,11.270157814025879,11.277405669735991,11.19768063931188,11.23391922666888,8400
2018-09-04,11.364378929138184,11.378873950722543,11.30639746041349,11.370901723410826,9600
2018-09-05,11.25566291809082,11.320892241820644,11.252038989973208,11.320892241820644,318200
2018-09-06,11.226670265197754,11.320890306568407,11.219422410201512,11.320890306568407,2200
2018-09-07,11.183910369873047,11.255662484976128,11.183910369873047,11.255662484976128,2400
2018-09-10,11.237545013427734,11.306398271676315,11.237545013427734,11.306398271676315,2800
2018-09-11,11.33538818359375,11.357131061545655,11.183186655543164,11.183186655543164,1400
2018-09-12,11.291901588439941,11.349883056347203,11.291901588439941,11.291901588439941,3100
2018-09-13,11.320891380310059,11.400615719249766,11.320891380310059,11.397716853453723,1100
2018-09-14,11.306397438049316,11.306397438049316,11.282480064967848,11.2919017253,2000
2018-09-17,11.03823471069336,11.204931988023992,11.03823471069336,11.204931988023992,11300
2018-09-18,11.06722354888916,11.06722354888916,11.045479980076287,11.045479980076287,3700
2018-09-19,11.023738861083984,11.0309867185112,10.973005241480932,11.01649100365677,11100
2018-09-20,11.059975624084473,11.074470645342952,11.016489177921807,11.074470645342952,12500
2018-09-21,11.088966369628906,11.088966369628906,11.088966369628906,11.088966369628906,6100
2018-09-24,11.088966369628906,11.096214225862687,11.088966369628906,11.088966369628906,8400
2018-09-25,11.074471473693848,11.088967187230194,11.038232881046646,11.088967187230194,18800
2018-09-26,11.016488075256348,11.03823095056458,11.016488075256348,11.03823095056458,13900
2018-09-27,11.088966369628906,11.103461390902854,11.088966369628906,11.103461390902854,9400
2018-09-28,11.06722354888916,11.161442915637148,11.06722354888916,11.161442915637148,4600
2018-10-01,11.17593765258789,11.190432672670863,11.139699065590124,11.190432672670863,5300
2018-10-02,11.2194242477417,11.299149283370893,11.161442780662435,11.299149283370893,5800
2018-10-03,11.096213340759277,11.139699092306042,11.088965485103632,11.096213340759277,9000
2018-10-04,10.965754508972168,11.052726701714565,10.907773047143904,11.052726701714565,16500
2018-10-05,10.922270774841309,10.969381156252293,10.900527894063625,10.958509370266594,1700
2018-10-08,10.944011688232422,10.965754563728204,10.907773101610417,10.965754563728204,10800
2018-10-09,10.965754508972168,10.965754508972168,10.944011633584955,10.944011633584955,1000
2018-10-10,10.828048706054688,11.016488814554721,10.828048706054688,11.016488814554721,3700
2018-10-11,10.719335556030273,10.886032817698872,10.675849103492553,10.886032817698872,9900
2018-10-12,10.90052604675293,10.92226892384585,10.857039601373486,10.864287457468993,4100
2018-10-15,10.69034194946289,10.737451626809948,10.68309409411918,10.6975898048066,2400
2018-10-16,10.806305885314941,10.828048762195033,10.791810864459412,10.791810864459412,4500
2018-10-17,10.712085723876953,10.712085723876953,10.712085723876953,10.712085723876953,3200
2018-10-18,10.828048706054688,10.929516616291687,10.81355368527431,10.871535150783,3200
2018-10-19,10.820802688598633,10.886032017010617,10.799059118332195,10.886032017010617,1400
2018-10-22,10.857039451599121,10.871535163590165,10.726581499647681,10.755572232436178,10900
2018-10-23,10.868637084960938,10.868637084960938,10.813554481314698,10.820077275705723,600
2018-10-24,10.683096885681152,10.79181267066435,10.675849028443531,10.79181267066435,2900
2018-10-25,10.857039451599121,10.871535163590165,10.690342910863661,10.690342910863661,3000
2018-10-26,10.748323440551758,10.791809881544802,10.675846269294526,10.741075585187328,8700
2018-10-29,10.675848007202148,10.820802373313548,10.675848007202148,10.820802373313548,4200
2018-10-30,10.929516792297363,10.929516792297363,10.799058147205152,10.879507552852868,1200
2018-10-31,11.001994132995605,11.001994132995605,10.980250564364242,10.980250564364242,1100
2018-11-01,11.023738861083984,11.063601385739942,11.01649100365677,11.052729599599118,111400
2018-11-02,11.052727699279785,11.08171843281048,11.052727699279785,11.08171843281048,2500
2018-11-05,11.080994606018066,11.117958261946075,11.044031641283743,11.044031641283743,11000
2018-11-06,11.073745727539062,11.175938006982355,11.073745727539062,11.175938006982355,2000
2018-11-07,11.125205993652344,11.125205993652344,11.096215257216247,11.096215257216247,6700
2018-11-08,11.146947860717773,11.204929328323582,11.088966393111964,11.096214249361093,18800
2018-11-09,10.944011688232422,11.052726756904885,10.944011688232422,11.052726756904885,7500
2018-11-12,10.835295677185059,10.900524993353827,10.835295677185059,10.871534262966989,4700
2018-11-13,10.84979248046875,10.907773947080727,10.770067445482079,10.770067445482079,3100
2018-11-14,10.986047744750977,10.986047744750977,10.90052498648467,10.951258591831282,2700
2018-11-15,10.973004341125488,11.040407474325601,10.915022868852708,10.936765748156583,2300
2018-11-16,11.00924301147461,11.00924301147461,10.980252273314328,10.980252273314328,1100
2018-11-19,10.886031150817871,10.900526171981808,10.837471343852423,10.878783294639097,4000
2018-11-20,10.712085723876953,10.784562901013462,10.683094991261067,10.784562901013462,3000
2018-11-21,10.84979248046875,10.84979248046875,10.84979248046875,10.84979248046875,500
2018-11-23,10.84979248046875,10.84979248046875,10.84979248046875,10.84979248046875,0
2018-11-26,10.762819290161133,10.762819290161133,10.567131339957621,10.567131339957621,5200
2018-11-27,10.617867469787598,10.639611041330202,10.617867469787598,10.639611041330202,264900
2018-11-28,10.596123695373535,10.610619408512171,10.529444935561829,10.581628673428545,8900
2018-11-29,10.472912788391113,10.487408501377388,10.436674197119064,10.487408501377388,4800
2018-11-30,10.487407684326172,10.487407684326172,10.363471836246193,10.363471836246193,59200
2018-12-03,10.63236141204834,10.64685643280048,10.494654913338278,10.509150625284006,4300
2018-12-04,10.36419677734375,10.509150438253357,10.356948921499875,10.509150438253357,21300
2018-12-06,10.269976615905762,10.335205935420863,10.219967378785041,10.313462368120117,35200
2018-12-07,10.226491928100586,10.451170657091039,10.183006168420942,10.451170657091039,4100
2018-12-10,9.958328247070312,10.009062559069466,9.893098911066932,10.009062559069466,18800
2018-12-11,10.01630973815918,10.070667979026664,9.994566856528433,10.070667979026664,2100
2018-12-12,10.15401554107666,10.168510564061634,10.15401554107666,10.15401554107666,3300
2018-12-13,10.332306861877441,10.332306861877441,10.28447211748718,10.28447211748718,1400
2018-12-14,10.15401554107666,10.233739895478259,10.15401554107666,10.233739895478259,1600
2018-12-17,10.139518737792969,10.204748062203187,10.139518737792969,10.19097741169006,3700
2018-12-18,10.113287925720215,10.171577713602364,10.054998137838064,10.120574322922753,3500
2018-12-19,10.033140182495117,10.324589137632668,10.033140182495117,10.222581655899965,23300
2018-12-20,9.989421844482422,10.084142922481547,9.974849050235292,10.084142922481547,4600
2018-12-21,9.996708869934082,10.069570761142135,9.952991179313956,9.982136074771,11200
2018-12-24,9.763548851013184,9.945704618344543,9.763548851013184,9.814552938376957,3300
2018-12-26,10.069571495056152,10.157006187799906,9.872843610099999,9.872843610099999,12900
2018-12-27,10.003994941711426,10.047712633944375,9.960277944347622,9.974850045179174,7600
2018-12-28,10.054997444152832,10.091428732783084,10.025852552222437,10.091428732783084,800
2018-12-31,9.982135772705078,10.142433040302684,9.982135772705078,10.142433040302684,12500
2019-01-02,10.27358627319336,10.280871976295103,10.01856790316513,10.01856790316513,13500
2019-01-03,10.200721740722656,10.229866632187104,10.098714273162582,10.12785916462703,631500
2019-01-04,10.27358627319336,10.288158374266002,10.26629987522246,10.27358627319336,1700
2019-01-07,10.27358627319336,10.280871976295103,10.251727079280661,10.27358627319336,10300
2019-01-08,10.259012222290039,10.324588406268036,10.237153725920397,10.324588406268036,17600
2019-01-09,10.361021041870117,10.412024438310262,10.237155054913345,10.24444145293884,12500
2019-01-10,10.419309616088867,10.419309616088867,10.317302140285921,10.317302140285921,6900
2019-01-11,10.310015678405762,10.324588472658611,10.288157181895562,10.288157181895562,1000
2019-01-14,10.215295791625977,10.244440686678827,10.215295791625977,10.237154289198337,4100
2019-01-15,10.0914306640625,10.178865356586776,10.025854470952,10.178865356586776,27900
2019-01-16,10.13514518737793,10.186148571842208,10.120573089617707,10.120573089617707,2800
2019-01-17,10.178864479064941,10.19343657912814,10.13514678913713,10.13514678913713,800
2019-01-18,10.27358627319336,10.280871976295103,10.244441376178917,10.244441376178917,1600
2019-01-22,10.084142684936523,10.135146073861879,10.062284188949807,10.135146073861879,5600
2019-01-23,10.106001853942871,10.164291643702022,10.084143356500466,10.084143356500466,8300
2019-01-24,10.193436622619629,10.193436622619629,10.093615200488575,10.093615200488575,21300
2019-01-25,10.310015678405762,10.310015678405762,10.266298685385362,10.266298685385362,1100
2019-01-28,10.280871391296387,10.317302684208727,10.280871391296387,10.28815778885268,5800
2019-01-29,10.357378005981445,10.357378005981445,10.32458990921948,10.328961331182128,2200
2019-01-30,10.331147193908691,10.331147193908691,10.253913181744803,10.302731214516793,2100
2019-01-31,10.368306159973145,10.470313641966609,10.368306159973145,10.470313641966609,3600
2019-02-01,10.339160919189453,10.38287860854679,10.331146299002732,10.331146299002732,3600
2019-02-04,10.33187484741211,10.33187484741211,10.317302053190815,10.317302053190815,700
2019-02-05,10.375591278076172,10.375591278076172,10.375591278076172,10.375591278076172,500
2019-02-06,10.34644889831543,10.350092097557935,10.34644889831543,10.350092097557935,1300
2019-02-07,10.29544448852539,10.29544448852539,10.208009799891503,10.266299592314095,4200
2019-02-08,10.29544448852539,10.29544448852539,10.29544448852539,10.29544448852539,100
2019-02-11,10.084142684936523,10.120573974827089,10.084142684936523,10.084142684936523,8800
2019-02-12,9.989421844482422,10.084142922481547,9.945704156610105,10.05499802885636,20300
2019-02-13,9.982135772705078,10.04771195921633,9.982135772705078,10.040425561855281,11000
2019-02-14,10.025854110717773,10.054999007178674,9.982136418591852,10.033140508550284,9700
2019-02-15,10.157005310058594,10.165020625237466,10.120574712382142,10.120574712382142,1900
2019-02-19,10.157005310058594,10.266299187695278,10.127860414995967,10.157005310058594,11500
2019-02-20,10.339160919189453,10.40473710579091,10.251726235343877,10.251726235343877,141500
2019-02-21,10.47760009765625,10.47760009765625,10.386522211579477,10.412023908501913,31200
2019-02-22,10.521316528320312,10.572320614292815,10.44116824303365,10.572320614292815,8500
2019-02-25,10.616039276123047,10.616039276123047,10.50674607948101,10.528604579835578,11300
2019-02-26,10.754477500915527,10.769049602095958,10.616038717921052,10.616038717921052,10500
2019-02-27,10.637898445129395,10.637898445129395,10.608753546438733,10.6160392499595,1300
2019-02-28,10.754477500915527,10.754477500915527,10.630611513970644,10.71804620566071,36400
2019-03-01,10.696187019348145,10.776335307864807,10.65246932887689,10.776335307864807,6300
2019-03-04,10.55046272277832,10.652470212425987,10.538076679747485,10.652470212425987,7100
2019-03-05,10.601465225219727,10.601465225219727,10.594178828151325,10.601465225219727,1900
2019-03-06,10.565035820007324,10.601467116981189,10.565035820007324,10.601467116981189,4000
2019-03-07,10.34644889831543,10.477601291568792,10.339162499830419,10.477601291568792,4400
2019-03-08,10.28815746307373,10.28815746307373,10.252455088995198,10.273585363291696,3800
2019-03-11,10.47760009765625,10.47760009765625,10.426596703811377,10.426596703811377,6900
2019-03-12,10.34644889831543,10.375593797386266,10.34644889831543,10.375593797386266,2300
2019-03-13,10.344261169433594,10.34644722759994,10.324588730543763,10.324588730543763,3100
2019-03-14,10.382878303527832,10.382878303527832,10.361019806925853,10.361748029720108,2800
2019-03-15,10.433882713317871,10.448455509055727,10.408381015645771,10.408381015645771,3600
2019-03-18,10.616039276123047,10.637898471346814,10.579608673821832,10.62332567453097,3400
2019-03-19,10.579607009887695,10.590535910911509,10.579607009887695,10.586892712280541,6900
2019-03-20,10.645182609558105,10.645182609558105,10.597822416609116,10.60146561527736,1800
2019-03-21,10.688899040222168,10.688899040222168,10.637895654609954,10.652467752698152,4500
2019-03-22,10.517674446105957,10.637897226289024,10.49945845221815,10.6306108287339,5900
2019-03-25,10.58324909210205,10.601465084531318,10.579606588485259,10.587621208232699,2500
2019-03-26,10.654654502868652,10.654654502868652,10.63133817159601,10.63789634577426,400
2019-03-27,10.557747840881348,10.6014655296782,10.499458052398273,10.6014655296782,3200
2019-03-28,10.652469635009766,10.659756032775892,10.594179842619027,10.594179842619027,12000
2019-03-29,10.730432510375977,10.747190669261519,10.68890087715336,10.68890087715336,1700
2019-04-01,10.79309368133545,10.79309368133545,10.739904228876272,10.747190626578137,4600
2019-04-02,10.776334762573242,10.841910947527355,10.776334762573242,10.841910947527355,3100
2019-04-03,10.769048690795898,10.769048690795898,10.769048690795898,10.769048690795898,400
2019-04-04,10.776334762573242,10.805479656456283,10.776334762573242,10.783621159761273,800
2019-04-05,10.856483459472656,10.856483459472656,10.805480066956985,10.805480066956985,2700
2019-04-08,10.856483459472656,10.856483459472656,10.856483459472656,10.856483459472656,200
2019-04-09,10.814950942993164,10.814950942993164,10.798192092298022,10.798192092298022,500
2019-04-10,10.911130905151367,10.922059806639343,10.820053020116278,10.820053020116278,5300
2019-04-11,10.814950942993164,10.836080519738246,10.798192092298022,10.812764885099188,4800
2019-04-12,10.885628700256348,10.885628700256348,10.827338908424197,10.827338908424197,1200
2019-04-15,11.093287467956543,11.093287467956543,11.031354473912138,11.031354473912138,900
2019-04-16,11.055398941040039,11.096929881112114,11.04592648462419,11.096929881112114,3000
2019-04-17,11.169792175292969,11.169792175292969,11.140647278806242,11.140647278806242,600
2019-04-18,11.286369323730469,11.373803994307446,11.213507445684149,11.213507445684149,4000
2019-04-22,11.446667671203613,11.446667671203613,11.395664282165237,11.432094877267472,2800
2019-04-23,11.43209457397461,11.43209457397461,11.404407516994784,11.404407516994784,1500
2019-04-24,11.366519927978516,11.395664822363319,11.366519927978516,11.373805630422897,2900
2019-04-25,11.359235763549805,11.367250385248603,11.332276922033563,11.366522162295565,3100
2019-04-26,11.375264167785645,11.381092730100848,11.344661436154277,11.344661436154277,4300
2019-04-29,11.257226943969727,11.30094463644203,11.235368445168149,11.249940546079484,28900
2019-04-30,11.263784408569336,11.279085427196225,11.220795633893077,11.257226928424831,4100
2019-05-01,11.07507038116455,11.228081251671753,11.07507038116455,11.220794854297814,11300
2019-05-02,11.257226943969727,11.257226943969727,11.114416741719067,11.169792253894268,11600
2019-05-03,11.184365272521973,11.24994077023329,11.184365272521973,11.24994077023329,8200
2019-05-06,11.024065971374512,11.11150064718116,10.95120339410112,10.95120339410112,14800
2019-05-07,10.79819393157959,10.907487811597601,10.710759244486656,10.907487811597601,13400
2019-05-08,10.703472137451172,10.790907513618277,10.69618643516148,10.754476222693496,8000
2019-05-09,10.557747840881348,10.667041715438929,10.50674444967593,10.579607032714318,15600
2019-05-10,10.608753204345703,10.623325305786539,10.49945931662815,10.49945931662815,2900
2019-05-13,10.003994941711426,10.120575222709576,10.003994941711426,10.120575222709576,16200
2019-05-14,10.280871391296387,10.28815778885268,10.171578207428485,10.171578207428485,18500
2019-05-15,9.96756362915039,10.054998312492346,9.96756362915039,10.033139815374131,21700
2019-05-16,9.952990531921387,10.062284403928121,9.94570413481379,9.967563326136581,19400
2019-05-17,10.018567085266113,10.025853482642164,9.974849395878913,10.025853482642164,6800
2019-05-20,9.756264686584473,9.80726808712029,9.705260591179439,9.799981688509682,15200
2019-05-21,9.931133270263672,9.982136666620255,9.836412180694902,9.836412180694902,4700
2019-05-22,9.916559219360352,9.98213540344581,9.880128623640939,9.880128623640939,4300
2019-05-23,9.923847198486328,10.003995494662774,9.923847198486328,10.003995494662774,7200
2019-05-24,9.94570541381836,10.018568004526216,9.94570541381836,9.97485031112767,4000
2019-05-28,10.13514518737793,10.149717980007152,10.025852022134764,10.12785879106332,15300
2019-05-29,10.259012222290039,10.259012222290039,10.113287755043972,10.149719045572757,31300
2019-05-30,10.251729011535645,10.295446712731836,10.200725605864495,10.280873914043344,15200
2019-05-31,10.280871391296387,10.280871391296387,10.113288416716388,10.186150307671952,17300
2019-06-03,10.28815746307373,10.331875152158021,10.28815746307373,10.302730257724859,5600
2019-06-04,10.470314025878906,10.47760042376042,10.2845150491152,10.317303144712863,88100
2019-06-05,10.34644889831543,10.470314893083781,10.34644889831543,10.470314893083781,7700
2019-06-06,10.33187484741211,10.397451031669783,10.317302053190815,10.397451031669783,1900
2019-06-07,10.40036678314209,10.448455899081473,10.346448409716135,10.433883102799637,3500
2019-06-10,10.171577453613281,10.426595790231142,10.164291056596984,10.426595790231142,37400
2019-06-11,10.30273151397705,10.30273151397705,10.296173338662923,10.296173338662923,1000
2019-06-12,10.20655345916748,10.2808724986655,10.186151404838505,10.2808724986655,19600
2019-06-13,9.989421844482422,10.098715021859602,9.982135447358857,10.098715021859602,22900
2019-06-14,9.88741397857666,10.025852738976548,9.88741397857666,9.96756295402998,15100
2019-06-17,9.922150611877441,10.035416880362575,9.88439494900594,9.88439494900594,81000
2019-06-18,10.171338081359863,10.171338081359863,9.899497855317364,9.899497855317364,29200
2019-06-19,10.065621376037598,10.261950248999817,10.065621376037598,10.193990199118327,153800
2019-06-20,10.156234741210938,10.345012341308276,10.156234741210938,10.345012341308276,115000
2019-06-21,10.156234741210938,10.193990405256285,10.14490854608791,10.156234741210938,3900
2019-06-24,10.088274955749512,10.136602120585298,10.088274955749512,10.110928786851215,5600
2019-06-25,10.04296875,10.11092880315587,10.04296875,10.11092880315587,3400
2019-06-26,10.073174476623535,10.088276312593075,10.027867528455893,10.042970084554943,5600
2019-06-27,10.288379669189453,10.352564084921683,10.158500726315793,10.17888831053412,84100
2019-06-28,10.216643333435059,10.254398996807096,10.216643333435059,10.246847720106812,5500
2019-07-01,10.299707412719727,10.3752180301543,10.259686216577109,10.269503021719999,43600
2019-07-02,10.256664276123047,10.329910074062122,10.246847472623898,10.329910074062122,2700
2019-07-03,10.27705192565918,10.292154478793586,10.269501369221347,10.290644367506019,2300
2019-07-05,10.095826148986816,10.292155029462197,10.088274872015592,10.292155029462197,27100
2019-07-08,10.246848106384277,10.246848106384277,10.14113310911267,10.171337496923046,17600
2019-07-09,10.163785934448242,10.23929726191785,10.163785934448242,10.224194708372172,8900
2019-07-10,10.397870063781738,10.397870063781738,10.277051800565221,10.299705629991085,21800
2019-07-11,10.215888977050781,10.293665113283913,10.20909311584663,10.29215500191959,50400
2019-07-12,10.103377342224121,10.193990504739611,10.103377342224121,10.193990504739611,9700
2019-07-15,10.2846040725708,10.337461572755597,10.2846040725708,10.337461572755597,400
2019-07-16,10.307255744934082,10.42052272682471,10.299705188911505,10.42052272682471,3100
2019-07-17,10.488483428955078,10.511136538700512,10.329910220478284,10.394094631531495,83800
2019-07-18,10.717280387878418,10.753525935834817,10.715014861098819,10.722566136944618,82400
2019-07-19,10.692363739013672,10.760323793985872,10.639506238537265,10.715016850627928,23800
2019-07-22,10.72256851196289,10.760324179425362,10.715017234444504,10.760324179425362,5300
2019-07-23,10.8698148727417,10.873589791138643,10.828283569081156,10.873589791138643,8700
2019-07-24,11.024612426757812,11.053305983260348,10.93399854258881,10.93399854258881,11300
2019-07-25,11.024612426757812,11.062367371677247,11.024612426757812,11.024612426757812,4300
2019-07-26,11.045753479003906,11.115223631199711,11.032161038710177,11.100121079790965,13200
2019-07-29,11.009509086608887,11.047264748961986,10.994407253745266,11.047264748961986,22700
2019-07-30,10.979303359985352,11.009507742153469,10.971752084411003,11.009507742153469,7300
2019-07-31,10.925691604614258,10.994407067360445,10.57909622877572,10.97930451462349,31200
2019-08-01,10.850936889648438,10.971754444307356,10.813181223785168,10.896243832710248,15500
2019-08-02,10.620625495910645,10.782974317121019,10.60174802745192,10.737668104768375,20500
2019-08-05,10.360114097595215,10.450727252252221,10.360114097595215,10.390318482480884,7600
2019-08-06,10.465827941894531,10.511134874340762,10.399378734479075,10.496032323482265,12000
2019-08-07,10.594198226928711,10.594198226928711,10.382767526212959,10.443176297846032,247200
2019-08-08,10.609299659729004,10.609299659729004,10.511135236157518,10.533788343095772,6700
2019-08-09,10.533790588378906,10.563994977444423,10.455259032782672,10.541341865677644,8900
2019-08-12,10.405421257019043,10.473381309197583,10.405421257019043,10.473381309197583,5200
2019-08-13,10.451481819152832,10.501319089607206,10.443175847453546,10.443175847453546,3100
2019-08-14,10.269501686096191,10.337461016909856,10.201541635153136,10.337461016909856,17900
2019-08-15,10.299707412719727,10.314809248154848,10.299707412719727,10.310278913563156,1600
2019-08-16,10.360114097595215,10.435624699744718,10.352562821341463,10.397869758734636,3800
2019-08-19,10.314807891845703,10.360114832452561,10.314807891845703,10.360114832452561,300
2019-08-20,10.420523643493652,10.420523643493652,10.382767979542166,10.382767979542166,3100
2019-08-21,10.412971496582031,10.420522772767232,10.345011451173894,10.420522772767232,2800
2019-08-22,10.394094467163086,10.394094467163086,10.360114443017594,10.360114443017594,400
2019-08-23,10.300460815429688,10.358604782899375,10.231746068572978,10.31480795336331,81100
2019-08-26,10.1992769241333,10.206828201537684,10.17133806189242,10.193991173976121,5700
2019-08-27,10.420523643493652,10.435625476996611,10.34501231559068,10.420523643493652,10100
2019-08-28,10.473381042480469,10.503585429331807,10.428074822268155,10.428074822268155,2600
2019-08-29,10.476400375366211,10.496033261158628,10.465828876872548,10.496033261158628,1100
2019-08-30,10.514156341552734,10.563993613080713,10.48093173391053,10.563993613080713,6700
2019-09-03,10.533790588378906,10.533790588378906,10.458279975779833,10.511137476612127,8300
2019-09-04,10.616852760314941,10.616852760314941,10.590423290859935,10.590423290859935,4500
2019-09-05,10.615341186523438,10.624402574248501,10.597973826770966,10.624402574248501,3700
2019-09-06,10.62440299987793,10.62440299987793,10.62440299987793,10.62440299987793,100
2019-09-09,10.57154655456543,10.586649109591235,10.526239609617473,10.526239609617473,3900
2019-09-10,10.677263259887695,10.707467652583622,10.548894410897633,10.563996247180832,14200
2019-09-11,10.760323524475098,10.77542607859262,10.662159083099443,10.669710360158206,9500
2019-09-12,10.760323524475098,10.79807918963949,10.601750306888182,10.677261637216967,104800
2019-09-13,10.72256851196289,10.941550519089876,10.715017234444504,10.767875456943749,15200
2019-09-16,10.775425910949707,10.813180855397295,10.737670246372714,10.737670246372714,8400
2019-09-17,10.691607475280762,10.77542476810281,10.639504678093147,10.77542476810281,1800
2019-09-18,10.684812545776367,10.699915100390905,10.631955044884362,10.6470575994989,87700
2019-09-19,10.684812545776367,10.692363823083637,10.601750655784725,10.609301933091995,28000
2019-09-20,10.533790588378906,10.609301921107418,10.526239311080166,10.579097532041901,3400
2019-09-23,10.458280563354492,10.522464983740951,10.428076172592009,10.473382398670992,43300
2019-09-24,10.397870063781738,10.511136330393606,10.397870063781738,10.458278835325316,5700
2019-09-25,10.39031982421875,10.442422628916779,10.360115435432684,10.42807549023369,4500
2019-09-26,10.360114097595215,10.435624699744718,10.314807160202042,10.435624699744718,10300
2019-09-27,10.314807891845703,10.44317671674751,10.314807891845703,10.44317671674751,11200
2019-09-30,10.224194526672363,10.397870288714222,10.224194526672363,10.397870288714222,25400
2019-10-01,10.194745063781738,10.277051526729458,10.178887095554431,10.265725332447678,82800
2019-10-02,10.110172271728516,10.186438289141366,10.035416365532356,10.095825134975959,12700
2019-10-03,10.095826148986816,10.171337478440241,10.095826148986816,10.171337478440241,5500
2019-10-04,10.209092140197754,10.209092140197754,10.156233926721528,10.156233926721528,1200
2019-10-07,10.258173942565918,10.307255797545187,10.24684702828024,10.284602689103165,11600
2019-10-08,10.261194229125977,10.322358414443997,10.254398368563827,10.277051477147438,120600
2019-10-09,10.314807891845703,10.358604721120564,10.254399117789488,10.358604721120564,4100
2019-10-10,10.443175315856934,10.496032806033254,10.412970932880565,10.412970932880565,77900
2019-10-11,10.662158012390137,10.684811121162147,10.609300518545663,10.639504903618125,3800
2019-10-14,10.60779094696045,10.60779094696045,10.60779094696045,10.60779094696045,400
2019-10-15,10.611565589904785,10.677260106613879,10.611565589904785,10.677260106613879,1700
2019-10-16,10.586647033691406,10.609300141658684,10.503584437595858,10.526237545563136,166600
2019-10-17,10.745221138000488,10.760323692353635,10.567770445127566,10.579097360892426,86000
2019-10-18,10.866040229797363,10.873590787412473,10.70746699780833,10.70746699780833,51700
2019-10-21,10.835834503173828,10.835834503173828,10.654607460291567,10.775425728922873,56500
2019-10-22,10.828282356262207,10.873588573245184,10.745219758244525,10.752771034451467,103200
2019-10-23,10.843384742736816,10.843384742736816,10.745220307417544,10.745220307417544,7700
2019-10-24,10.820731163024902,10.835833715554585,10.730118008234825,10.730118008234825,92600
2019-10-25,10.820731163024902,10.820731163024902,10.820731163024902,10.820731163024902,100
2019-10-28,10.669709205627441,10.669709205627441,10.658382291264944,10.658382291264944,600
2019-10-29,10.594198226928711,10.631953889231722,10.541340731782114,10.541340731782114,16900
2019-10-30,10.616852760314941,10.616852760314941,10.503585765895995,10.511137042883139,86400
2019-10-31,10.462809562683105,10.496034172242982,10.4431766751865,10.496034172242982,4800
2019-11-01,10.594198226928711,10.594198226928711,10.531523928323825,10.594198226928711,2300
2019-11-04,10.435625076293945,10.518687677823692,10.435625076293945,10.518687677823692,7700
2019-11-05,10.428074836730957,10.443176670112877,10.421278255573235,10.421278255573235,500
2019-11-06,10.488483428955078,10.502075150776463,10.454503404272238,10.502075150776463,103900
2019-11-07,10.478667259216309,10.556443396795917,10.43562584400566,10.556443396795917,3400
2019-11-08,10.473381042480469,10.473381042480469,10.413727684504066,10.43562537888395,2200
2019-11-11,10.360114097595215,10.390318482480884,10.34501154508771,10.352562821341463,2600
2019-11-12,10.308768272399902,10.354074496507057,10.307257440817475,10.345013107659735,1800
2019-11-13,10.556442260742188,10.579096089549484,10.246847135002527,10.269500963809826,412600
2019-11-14,10.428074836730957,10.473381057006106,10.397870449837727,10.428074836730957,8000
2019-11-15,10.511136054992676,10.511136054992676,10.433359925697228,10.436380148156466,6900
2019-11-18,10.288379669189453,10.382768473493943,10.239297807808066,10.382768473493943,5600
2019-11-19,10.39031982421875,10.420524213004816,10.314808492188869,10.314808492188869,11900
2019-11-20,10.39031982421875,10.39031982421875,10.307257214959995,10.360115435432684,75200
2019-11-21,10.3374605178833,10.3374605178833,10.239296804736927,10.284603023092275,33900
2019-11-22,10.307255744934082,10.335195322670275,10.29290860829719,10.335195322670275,1600
2019-11-25,10.386542320251465,10.386542320251465,10.322357915591981,10.322357915591981,1100
2019-11-26,10.3374605178833,10.488483166079412,10.3374605178833,10.488483166079412,3400
2019-11-27,10.291399955749512,10.345012871819984,10.27705281707912,10.345012871819984,48700
2019-11-29,10.141134262084961,10.254400549219056,10.141134262084961,10.254400549219056,7300
2019-12-02,10.209092140197754,10.375215896467784,10.088273880915906,10.375215896467784,13700
2019-12-03,10.193990707397461,10.193990707397461,10.186439430338698,10.193990707397461,1300
2019-12-04,10.31103229522705,10.322359210457005,10.20154166185507,10.20154166185507,3200
2019-12-05,10.397870063781738,10.397870063781738,10.360114401534663,10.382767510831163,1900
2019-12-06,10.369175910949707,10.369175910949707,10.355583469108826,10.355583469108826,2100
2019-12-09,10.369175910949707,10.369175910949707,10.369175910949707,10.369175910949707,0
2019-12-10,10.193990707397461,10.269502037726244,10.193990707397461,10.239297649620614,12300
2019-12-11,10.458280563354492,10.496035511710485,10.277053498650119,10.277053498650119,93600
2019-12-12,10.472627639770508,10.548893671975772,10.314809104882206,10.428076109655018,20900
2019-12-13,10.35256290435791,10.450727336055843,10.292154134102159,10.292154134102159,4500
2019-12-16,10.381258010864258,10.381258010864258,10.246848018180955,10.261950572020847,2300
2019-12-17,10.193990707397461,10.239297649620614,10.171337596350591,10.239297649620614,28600
2019-12-18,10.171338081359863,10.22495099882648,10.148684249103356,10.22495099882648,12900
2019-12-19,10.110929489135742,10.186440104331322,10.095826934018948,10.171338269343991,11100
2019-12-20,10.035416603088379,10.178887253880808,10.035416603088379,10.178887253880808,12500
2019-12-23,10.095826148986816,10.201541866195731,10.088274872015592,10.201541866195731,10500
2019-12-24,10.205316543579102,10.227969652229973,10.156989383695727,10.156989383695727,4600
2019-12-26,10.148682594299316,10.216642639728645,10.141132038241095,10.216642639728645,7700
2019-12-27,10.189458847045898,10.209091732380383,10.148682245087938,10.148682245087938,1000
2019-12-30,10.224194526672363,10.224194526672363,10.216643250033723,10.216643250033723,300
2019-12-31,10.141134262084961,10.193991766730273,10.141134262084961,10.153970570263471,5200
2020-01-02,10.20154094696045,10.239296608285095,10.178887118088056,10.186438394378854,23000
2020-01-03,10.095826148986816,10.141133090684754,10.092050510501204,10.141133090684754,2900
2020-01-06,9.93423080444336,10.035415448003711,9.876842262680116,10.035415448003711,12900
2020-01-07,9.937251091003418,10.012762406458046,9.937251091003418,9.990108579744094,71100
2020-01-08,9.911580085754395,9.918375947309984,9.88892625372984,9.899497753956188,1700
2020-01-09,9.987845420837402,9.987845420837402,9.975008394274335,9.97878403268285,1700
2020-01-10,9.895720481872559,9.982558716707395,9.876843011764167,9.914598672110271,18500
2020-01-13,10.20154094696045,10.20154094696045,9.929700761526478,9.929700761526478,4600
2020-01-14,10.110929489135742,10.126031324123073,10.095826934018948,10.126031324123073,4700
2020-01-15,10.246848106384277,10.26195066035417,10.224194995558848,10.224194995558848,8100
2020-01-16,10.25062370300293,10.25062370300293,10.224194953792988,10.244583257543175,900
2020-01-17,10.333683967590332,10.352561435568473,10.307254504239994,10.322357054725902,74500
2020-01-21,10.367664337158203,10.367664337158203,10.295173959671853,10.322358121277729,18700
2020-01-22,10.338972091674805,10.345012537153602,10.30121642691469,10.306502176773343,16600
2020-01-23,10.231746673583984,10.269502339859164,10.231746673583984,10.269502339859164,9000
2020-01-24,10.23401165008545,10.261950510366106,10.209093012502866,10.25439923349153,14500
2020-01-27,10.23401165008545,10.23401165008545,10.23401165008545,10.23401165008545,0
2020-01-28,10.147173881530762,10.147173881530762,10.147173881530762,10.147173881530762,1800
2020-01-29,10.092049598693848,10.092049598693848,10.073172128100756,10.073172128100756,300
2020-01-30,10.089031219482422,10.089031219482422,10.03541830024265,10.042969577911233,1200
2020-01-31,9.973499298095703,10.005213799800023,9.93196799150416,10.005213799800023,2700
2020-02-03,9.87684440612793,9.884395683289066,9.831538183419957,9.884395683289066,6900
2020-02-04,9.806619644165039,9.816435728470346,9.763578228066155,9.816435728470346,12800
2020-02-05,9.805863380432129,9.816434879598802,9.77867921680524,9.808883603014216,2000
2020-02-06,9.749985694885254,9.891946969147636,9.680515529226446,9.891946969147636,16700
2020-02-07,9.620105743408203,9.680514514157284,9.620105743408203,9.66541268153469,10500
2020-02-10,9.760557174682617,9.760557174682617,9.680515509206225,9.680515509206225,6200
2020-02-11,9.66314697265625,9.816434423581489,9.63218717217529,9.816434423581489,28100
2020-02-12,9.638985633850098,9.66692449721203,9.620107439581648,9.66692449721203,3400
2020-02-13,9.64653491973877,9.650310558094722,9.64578022414521,9.64578022414521,68600
2020-02-14,9.635208129882812,9.650309962244792,9.635208129882812,9.650309962244792,300
2020-02-18,9.794536590576172,9.826251088481005,9.771128064942781,9.778679341623755,2500
2020-02-19,9.77112865447998,9.813415374367157,9.703169320639057,9.703169320639057,71500
2020-02-20,9.763577461242676,9.771128017757809,9.72582179814951,9.771128017757809,2200
2020-02-21,9.73261833190918,9.778679970417993,9.73261833190918,9.778679970417993,2700
2020-02-24,9.514389991760254,9.627656247800305,9.453981225854989,9.627656247800305,12100
2020-02-25,9.469085693359375,9.529494476081803,9.461534415486698,9.529494476081803,17200
2020-02-26,9.499288558959961,9.582350441829659,9.43132850928049,9.537044222129598,22400
2020-02-27,9.33316421508789,9.33316421508789,9.191203668344793,9.31051110489321,38400
2020-02-28,9.197243690490723,9.250101181084112,9.083976713338643,9.250101181084112,156800
2020-03-02,9.151938438415527,9.235000327496607,9.076427826558938,9.235000327496607,17100
2020-03-03,9.099080085754395,9.284836735221967,9.099080085754395,9.227448906028133,13100
2020-03-04,9.046221733093262,9.121733056860824,9.03111990041736,9.121733056860824,9000
2020-03-05,8.898975372314453,9.046221660334611,8.84989351635085,9.046221660334611,52600
2020-03-06,8.75928020477295,8.774382037058663,8.676217606748853,8.766830760851139,41000
2020-03-09,7.569980621337891,8.147640271675023,7.56998062133789,8.041924568307318,9300
2020-03-10,8.132540702819824,8.215602601352897,8.079682476362857,8.079682476362857,9200
2020-03-11,7.875801086425781,8.094783056492657,7.8531472577045145,8.094783056492657,119600
2020-03-12,7.2037529945373535,7.437837529133921,7.120691112005346,7.256610490682324,33500
2020-03-13,7.090486526489258,7.332121610799478,6.984770817038858,7.332121610799478,31900
2020-03-16,6.531704425811768,6.611746084868284,6.463745097281394,6.493949483338016,7100
2020-03-17,6.5619096755981445,6.592114065630504,6.328580528556093,6.4712965055010665,21700
2020-03-18,6.312722682952881,6.4788471725417285,6.2674164622382635,6.463745339013321,19500
2020-03-19,6.8715057373046875,6.93191451880864,6.644972446600125,6.720483063415326,22100
2020-03-20,7.022525787353516,7.086710190318134,6.916810088314945,6.916810088314945,28500
2020-03-23,6.62986946105957,6.746912097743861,6.49395007155792,6.652523292751039,36200
2020-03-24,7.067831993103027,7.124465840459256,6.795992550336125,6.795992550336125,32100
2020-03-25,7.3245697021484375,7.407632295307389,7.1659965117250595,7.1659965117250595,14700
2020-03-26,7.490694522857666,7.490694522857666,7.28681438832293,7.301916940568167,15800
2020-03-27,7.3245697021484375,7.414428155444379,7.20375217042192,7.30946787074727,18200
2020-03-30,7.241508960723877,7.2641620714301975,7.113140133172384,7.249060237669119,7000
2020-03-31,7.067831993103027,7.158445140691995,7.0149745037084505,7.0149745037084505,17000
2020-04-01,6.833748817443848,6.969668190873597,6.8337488174438485,6.95456635832778,10300
2020-04-02,7.0149760246276855,7.064813302613318,6.984771635549406,6.984771635549406,12100
2020-04-03,6.894157409667969,7.060281884153637,6.894157409667969,7.022526223571077,17400
2020-04-06,6.984771728515625,7.022527395398356,6.969669173710753,6.969669173710753,9400
2020-04-07,7.256609916687012,7.400081280773933,7.256609916687012,7.362325620744253,24300
2020-04-08,7.2113037109375,7.256609926933636,7.203752434895038,7.24150809497803,9500
2020-04-09,7.520899772644043,7.611512936154283,7.513348495652504,7.603961659162744,24900
2020-04-13,7.60396146774292,7.732330292849928,7.60396146774292,7.687024072300038,19900
2020-04-14,7.724777698516846,7.807840288906878,7.7210027808893615,7.807840288906878,8400
2020-04-15,7.543551921844482,7.6794720098475855,7.543551921844482,7.6794720098475855,13300
2020-04-16,7.432552337646484,7.5133486992310665,7.347224201563014,7.490695587772059,694500
2020-04-17,7.46049165725708,7.505797882957297,7.46049165725708,7.505797882957297,3600
2020-04-20,7.483142852783203,7.520898511279312,7.430285362966223,7.430285362966223,666000
2020-04-21,7.2037529945373535,7.3132443452712215,7.2037529945373535,7.301917430327567,3600
2020-04-22,7.475593566894531,7.649269354153543,7.445389176083766,7.619064963342778,80400
2020-04-23,7.490694522857666,7.603960784179634,7.475591970612429,7.588858952063724,74400
2020-04-24,7.520899772644043,7.520899772644043,7.471817912457857,7.5193896612716165,6300
2020-04-27,7.868249893188477,7.890903002019375,7.702125414793412,7.702125414793412,8600
2020-04-28,7.836535453796387,7.8984543357868455,7.8078411796748535,7.8984543357868455,237200
2020-04-29,7.958863258361816,7.958863258361817,7.921107595895873,7.943761425453058,315200
2020-04-30,7.898454666137695,7.928659052771651,7.883352112756027,7.906005942828529,4300
2020-05-01,7.785187721252441,7.815392105267426,7.785187721252441,7.815392105267426,2300
2020-05-04,7.619064807891846,7.687024865861856,7.619064807891846,7.687024865861856,4400
2020-05-05,7.6341657638549805,7.68702398070588,7.6341657638549805,7.68702398070588,58100
2020-05-06,7.475593566894531,7.513349235440359,7.475593566894531,7.513349235440359,2100
2020-05-07,7.483142852783203,7.551102894050342,7.483142852783203,7.551102894050342,2400
2020-05-08,7.505796909332275,7.566206402645585,7.49824635278132,7.566206402645585,14200
2020-05-11,7.528449535369873,7.53600009071329,7.437836390085481,7.437836390085481,2100
2020-05-12,7.5360002517700195,7.591123987795273,7.520898420631169,7.581307185445131,2700
2020-05-13,7.483142852783203,7.5360003426001825,7.460489745737253,7.5360003426001825,5400
2020-05-14,7.48691987991333,7.490695518476476,7.430286741725006,7.475592964223896,3100
2020-05-15,7.498244762420654,7.513346592448883,7.490693487341927,7.490693487341927,3400
2020-05-18,7.679471969604492,7.679471969604492,7.498245666636256,7.498245666636256,2700
2020-05-19,7.626614093780518,7.664369031566842,7.60396026695359,7.664369031566842,2600
2020-05-20,7.679471969604492,7.679471969604492,7.6643694176258155,7.679471969604492,1200
2020-05-21,7.694572925567627,7.709675475827155,7.687022370567096,7.709675475827155,500
2020-05-22,7.694572925567627,7.694572925567627,7.694572925567627,7.694572925567627,0
2020-05-26,7.619064807891846,7.709677978475371,7.611513530310852,7.679473588280863,14000
2020-05-27,7.6870222091674805,7.739879693707548,7.6794709341962655,7.728552781250726,11400
2020-05-28,7.709676742553711,7.762534236888264,7.641716695478229,7.762534236888264,66200
2020-05-29,7.792738437652588,7.792738437652588,7.639450987583986,7.639450987583986,12000
2020-06-01,7.770084857940674,7.770084857940674,7.694573540863245,7.702124816596846,6100
2020-06-02,7.924883842468262,7.928659481017609,7.88335253855485,7.88335253855485,3700
2020-06-03,7.924883842468262,7.97396642348037,7.868250704486877,7.890903815653546,49200
2020-06-04,7.966416835784912,8.026825625126273,7.966416835784913,8.004172509155657,11600
2020-06-05,8.309988975524902,8.315274724604686,8.117435761737928,8.117435761737928,33500
2020-06-08,8.325091361999512,8.374173938265448,8.23825384414975,8.336418276552271,24100
2020-06-09,8.192947387695312,8.192947387695312,8.147640450932546,8.155191727081228,13400
2020-06-10,8.117436408996582,8.230702675488976,8.102333856061938,8.230702675488976,32700
2020-06-11,7.86069917678833,7.996619279714043,7.860699176788329,7.921107951393225,8700
2020-06-12,7.973966598510742,8.011721544574115,7.838046488268406,7.921108377789036,7300
2020-06-15,8.032134056091309,8.087912522060472,8.000260538405415,8.016197677210664,6800
2020-06-16,8.159628868103027,8.199470958811034,8.151660297976491,8.199470958811034,4700
2020-06-17,8.05604076385498,8.111820001931218,8.05604076385498,8.088711449586423,5800
2020-06-18,8.040103912353516,8.143693051393791,8.024166770997446,8.119787339359686,9700
2020-06-19,8.159628868103027,8.211423814000836,8.119786777395023,8.211423814000836,5000
2020-06-22,8.09986686706543,8.12775610518344,8.03213553452537,8.071977628947419,11400
2020-06-23,8.175564765930176,8.183533334845743,8.167596197014609,8.167596197014609,4300
2020-06-24,8.01619815826416,8.111818717060048,7.9922924486217,8.056039487818959,6300
2020-06-25,8.071978569030762,8.071978569030762,8.064009997233363,8.064009997233363,1400
2020-06-26,8.020180702209473,8.071975640174324,7.968386524169178,8.071975640174324,9400
2020-06-29,8.032134056091309,8.032134056091309,8.00822910780804,8.016197677210664,2200
2020-06-30,7.984323978424072,7.984323978424071,7.968386839980309,7.97635540920219,900
2020-07-01,8.040103912353516,8.040103912353516,8.032135341675481,8.032135341675481,800
2020-07-02,8.04807186126709,8.053649708325846,8.040103291204678,8.04807186126709,361900
2020-07-06,8.115802764892578,8.119786289791957,8.115802764892578,8.119786289791957,1400
2020-07-07,8.131738662719727,8.143691516483925,8.12775437813166,8.135722947307793,11600
2020-07-08,8.087913513183594,8.095882083562717,8.056039991591799,8.064008561970923,1500
2020-07-09,8.012214660644531,8.087913802176951,8.012214660644531,8.087913802176951,1100
2020-07-10,8.000262260437012,8.005042947152852,7.992293689319177,8.005042947152852,2000
2020-07-13,8.05604076385498,8.067993620569482,8.05604076385498,8.06002504942648,2300
2020-07-14,8.04807186126709,8.04807186126709,8.016198340942108,8.016198340942108,5600
2020-07-15,8.028151512145996,8.040104368841689,8.016199415375073,8.016199415375073,7700
2020-07-16,8.064008712768555,8.079945853824826,8.04010376110886,8.079945853824826,2200
2020-07-17,8.044089317321777,8.045682879694242,7.984326548767793,7.984326548767793,2400
2020-07-20,8.130146980285645,8.130146980285645,8.028151399042045,8.079946350735568,10100
2020-07-21,8.130146980285645,8.130146980285645,8.130146980285645,8.130146980285645,0
2020-07-22,8.119787216186523,8.127755786743679,8.095882264439771,8.095882264439771,8100
2020-07-23,8.067991256713867,8.071975541118006,8.0241648881929,8.0241648881929,3500
2020-07-24,8.017792701721191,8.017792701721191,8.008230568678629,8.015401978479366,2100
2020-07-27,8.358839988708496,8.390713514731296,8.135725306548897,8.135725306548897,60600
2020-07-28,8.291107177734375,8.295091462769888,8.191502331620569,8.191502331620569,5500
2020-07-29,8.382742881774902,8.39071069065526,8.311027282379845,8.34290079767492,9900
2020-07-30,8.342901229858398,8.342901229858398,8.255248488312894,8.279154195965988,6300
2020-07-31,8.26321792602539,8.26321792602539,8.207439455488156,8.223375835673938,3200
2020-08-03,8.350870132446289,8.350870132446289,8.319793772323177,8.319793772323177,500
2020-08-04,8.350870132446289,8.350870132446289,8.350870132446289,8.350870132446289,100
2020-08-05,8.33891773223877,8.33891773223877,8.215407937406505,8.215407937406505,4300
2020-08-06,8.346887588500977,8.406650352634383,8.31899758930893,8.406650352634383,6000
2020-08-07,8.358839988708496,8.358839988708496,8.311030079636698,8.318997891198796,3200
2020-08-10,8.370792388916016,8.370792388916016,8.370792388916016,8.370792388916016,600
2020-08-11,8.30704402923584,8.370791067739718,8.303059744338768,8.366806782842644,3400
2020-08-12,8.390711784362793,8.390711784362793,8.377962528567839,8.390711784362793,1500
2020-08-13,8.450474739074707,8.450474739074707,8.434538358933622,8.438522643950058,7800
2020-08-14,8.474381446838379,8.478365732323876,8.418602209966185,8.44649220836466,13900
2020-08-17,8.581954956054688,8.581954956054688,8.510239336489365,8.558049242916406,14900
2020-08-18,8.538127899169922,8.621795608754745,8.526175043547218,8.621795608754745,2500
2020-08-19,8.589920997619629,8.765225724896446,8.583546750035682,8.765225724896446,13700
2020-08-20,8.605857849121094,8.66163631324148,8.581952901630153,8.66163631324148,23200
2020-08-21,8.673589706420898,8.6751832683628,8.637731902991948,8.637731902991948,1700
2020-08-24,8.753273963928223,8.760446133242754,8.669606254505677,8.669606254505677,2600
2020-08-25,8.745306015014648,8.752477424290957,8.745306015014648,8.74928954022673,1600
2020-08-26,8.693511962890625,8.693511962890625,8.653669867347109,8.653669867347109,2900
2020-08-27,8.589920997619629,8.605858136428704,8.573984618735157,8.605858136428704,2900
2020-08-28,8.685542106628418,8.749289146095718,8.589921547427469,8.593905832384756,41700
2020-08-31,8.573986053466797,8.589922435017991,8.478365484385444,8.478365484385444,2600
2020-09-01,8.67757511138916,8.685542922127192,8.657653684732267,8.685542922127192,3700
2020-09-02,8.668012619018555,8.67757475143227,8.661637610767848,8.67757475143227,1800
2020-09-03,8.673589706420898,8.71741531955935,8.628169771415921,8.71741531955935,6900
2020-09-04,8.63773250579834,8.693510977280628,8.589921844581607,8.645701075988574,10500
2020-09-08,8.64570140838623,8.64570140838623,8.613827886324541,8.629764267393032,2100
2020-09-09,8.689525604248047,8.689525604248047,8.629762855152999,8.629762855152999,1600
2020-09-10,8.621795654296875,8.681559172801377,8.605859273307125,8.669606317115536,4600
2020-09-11,8.63773250579834,8.63773250579834,8.554064038650228,8.597890414771843,2700
2020-09-14,8.685542106628418,8.70147924645757,8.566016597608394,8.566016597608394,7400
2020-09-15,8.733352661132812,8.733352661132812,8.64330994997031,8.725384091314096,3500
2020-09-16,8.693511962890625,8.789132536240206,8.605859960634701,8.781164725071315,55300
2020-09-17,8.709447860717773,8.725384240703415,8.661637200911535,8.677574340821835,4000
2020-09-18,8.693511962890625,8.709449105077939,8.645702056178218,8.645702056178218,1500
2020-09-21,8.502270698547363,8.534144222556197,8.47039717453853,8.47039717453853,3100
2020-09-22,8.460834503173828,8.534143679723632,8.430554543302746,8.534143679723632,19800
2020-09-23,8.478364944458008,8.573985507449962,8.478364944458008,8.55007979675846,1600
2020-09-24,8.446491241455078,8.510238282076088,8.430554101337492,8.430554101337492,3000
2020-09-25,8.458442687988281,8.458442687988281,8.43055345484584,8.446490593741299,4100
2020-09-28,8.605857849121094,8.605857849121094,8.496690883682206,8.502268730094245,6200
2020-09-29,8.450474739074707,8.476770412243464,8.450474739074707,8.476770412243464,500
2020-09-30,8.56601619720459,8.605858284990466,8.518205539876616,8.573984766746689,6300
2020-10-01,8.486332893371582,8.486332893371582,8.466412227394649,8.478365082935627,500
2020-10-02,8.366806030273438,8.502268664890877,8.295090428426018,8.478363717583262,1704400
2020-10-05,8.486332893371582,8.494301463732233,8.350870236939292,8.350870236939292,2400
2020-10-06,8.311029434204102,8.486333433753032,8.311029434204102,8.486333433753032,662200
2020-10-07,8.510236740112305,8.589920146488453,8.354852691818436,8.366805544740897,421000
2020-10-08,8.629764556884766,8.629764556884766,8.526175416728124,8.542112558255948,275900
2020-10-09,8.462428092956543,8.478365233961735,8.398681048785189,8.398681048785189,4100
2020-10-12,8.518206596374512,8.518206596374512,8.38274469698083,8.38274469698083,6400
2020-10-13,8.474381446838379,8.506254970797595,8.42258649545168,8.44649220836466,10300
2020-10-14,8.558048248291016,8.558048248291016,8.494301207180536,8.518206157615797,385900
2020-10-15,8.502270698547363,8.502270698547363,8.422586508562903,8.4305550795463,1000
2020-10-16,8.54211139678955,8.550079206545348,8.466411504674738,8.470395789514953,4200
2020-10-19,8.41063404083252,8.542112416557117,8.41063404083252,8.542112416557117,1000
2020-10-20,8.434537887573242,8.434537887573242,8.398680084353865,8.40664865394142,1100
2020-10-21,8.422585487365723,8.478364717561789,8.422585487365723,8.438522627400218,3600
2020-10-22,8.454459190368652,8.470396330747846,8.295091586200119,8.454459190368652,38400
2020-10-23,8.420991897583008,8.42258545959627,8.36680698950877,8.406649079538981,2400
2020-10-26,8.446491241455078,8.502269712017295,8.40664915108578,8.431351262313239,5700
2020-10-27,8.446491241455078,8.532549670300975,8.446491241455078,8.532549670300975,3800
2020-10-28,8.330950736999512,8.438524172150677,8.326966451261526,8.438524172150677,14300
2020-10-29,8.374775886535645,8.382744456837793,8.366807316233496,8.382744456837793,2500
2020-10-30,8.362824440002441,8.40665082412318,8.279156717508107,8.362824440002441,4000
2020-11-02,8.406649589538574,8.422585970562663,8.406649589538574,8.422585970562663,1400
2020-11-03,8.406649589538574,8.418601685325465,8.37477606756569,8.418601685325465,900
2020-11-04,8.581954956054688,8.581954956054688,8.470397241183656,8.470397241183656,6300
2020-11-05,8.374775886535645,8.446491499405596,8.374775886535645,8.422585788499152,20300
2020-11-06,8.406649589538574,8.406649589538574,8.37477606756569,8.398681019064176,2200
2020-11-09,8.550079345703125,8.773194740838687,8.422585268439743,8.773194740838687,24700
2020-11-10,8.56601619720459,8.621794664150045,8.526174109418715,8.573984766746689,23400
2020-11-11,8.685542106628418,8.78116342575402,8.629763637075694,8.78116342575402,11200
2020-11-12,8.693511962890625,8.71741691624683,8.661638438440765,8.71741691624683,1900
2020-11-13,8.749290466308594,8.749290466308594,8.673591320471559,8.725385512882413,1100
2020-11-16,8.829771041870117,8.844911021690468,8.773195407796672,8.773195407796672,6200
2020-11-17,8.9166259765625,8.9166259765625,8.852878932363238,8.852878932363238,3400
2020-11-18,9.012247085571289,9.07599412823411,8.956467853297804,9.0441206069027,70900
2020-11-19,8.972404479980469,8.972404479980469,8.884751731396381,8.884751731396381,5000
2020-11-20,8.948498725891113,8.948498725891113,8.901485227859778,8.924593776361942,1600
2020-11-23,9.004279136657715,9.004279136657715,9.004279136657715,9.004279136657715,700
2020-11-24,9.100695610046387,9.123804160316565,9.036152165386998,9.115835589888958,5800
2020-11-25,9.127788543701172,9.139741399471136,9.123804258444517,9.123804258444517,2200
2020-11-27,9.185160636901855,9.25129763931423,9.147708510339005,9.25129763931423,8300
2020-11-30,9.370824813842773,9.410666907288011,9.155677965193325,9.243330722757793,154700
2020-12-01,9.3628568649292,9.3628568649292,9.291141243950289,9.3628568649292,3400
2020-12-02,9.394730567932129,9.40269913928637,9.32301494559356,9.38676199657789,4400
2020-12-03,9.402697563171387,9.410666133189904,9.346918332966425,9.374808328031238,1700
2020-12-04,9.390743255615234,9.3987118244012,9.386758971222251,9.3987118244012,900
2020-12-07,9.466445922851562,9.52222440090596,9.3787939202054,9.52222440090596,7000
2020-12-08,9.657685279846191,9.673622419149678,9.5700332934509,9.673622419149678,4300
2020-12-09,9.593939781188965,9.625813304983291,9.578003399254177,9.625813304983291,5200
2020-12-10,9.641748428344727,9.6975268933264,9.641748428344727,9.6975268933264,3800
2020-12-11,9.721433639526367,9.745338591808537,9.64175021194423,9.713465068790734,3200
2020-12-14,9.743759155273438,9.831468659234558,9.671996488203751,9.831468659234558,3300
2020-12-15,9.723824501037598,9.723824501037598,9.656048734395023,9.711864563668678,2500
2020-12-16,9.695917129516602,9.759705997966845,9.695917129516602,9.727811563741723,10800
2020-12-17,9.73498821258545,9.775654131739786,9.711865259789064,9.727812097565076,6100
2020-12-18,9.695917129516602,9.791600432191967,9.695917129516602,9.703890928178705,8100
2020-12-21,9.528472900390625,9.560367340442225,9.408868940302986,9.560367340442225,7800
2020-12-22,9.504549026489258,9.528469658282988,9.44873396549616,9.528469658282988,6400
2020-12-23,9.584287643432617,9.612195180229527,9.504551172221436,9.504551172221436,5300
2020-12-24,9.504549026489258,9.59225851668172,9.464680799884256,9.54441725309426,13100
2020-12-28,9.456708908081055,9.508537841238454,9.440762070479543,9.472656506105894,14900
2020-12-29,9.384947776794434,9.51252552988341,9.384947776794434,9.51252552988341,66500
2020-12-30,9.42481517791748,9.488604053944881,9.40089453951305,9.40089453951305,2600
2020-12-31,9.408869743347168,9.46468482809541,9.305212614226509,9.42481658452231,16200
2021-01-04,9.544419288635254,9.671997032641261,9.544419288635254,9.671997032641261,2700
2021-01-05,9.791601181030273,9.807548779574116,9.679971032916788,9.791601181030273,7300
2021-01-06,9.830672264099121,9.879311221846498,9.70229683633823,9.719838281819468,86700
2021-01-07,9.990939140319824,10.014860532245665,9.887282056577346,9.887282056577346,7700
2021-01-08,10.094599723815918,10.118520363611774,9.990942604135968,9.990942604135968,8700
2021-01-11,10.15041446685791,10.15041446685791,10.110546988661437,10.110546988661437,4700
2021-01-12,10.254070281982422,10.261247157153596,10.246097243608851,10.246097243608851,11100
2021-01-13,10.270018577575684,10.270018577575684,10.238124140643782,10.238124140643782,23700
2021-01-14,10.254070281982422,10.285964716746625,10.159981585364529,10.285964716746625,5400
2021-01-15,10.094599723815918,10.262045723233769,10.094599723815918,10.254071923160673,16200
2021-01-19,10.64477825164795,10.724513959794544,10.580989380961343,10.580989380961343,26700
2021-01-20,10.868038177490234,10.883985013304542,10.716539054926477,10.796275515267743,22000
2021-01-21,10.632019996643066,10.724514088374585,10.566636517468888,10.724514088374585,8200
2021-01-22,10.473344802856445,10.647966883828103,10.445437268512565,10.596935637989317,90800
2021-01-25,10.509227752685547,10.636805506700354,10.445438875678143,10.636805506700354,8900
2021-01-26,10.381648063659668,10.46935756309103,10.381648063659668,10.445436928777614,6200
2021-01-27,10.365701675415039,10.485305621346646,10.357727876240041,10.405569910866689,19700
2021-01-28,10.469358444213867,10.525173515783768,10.405569573727318,10.485305281623845,24300
2021-01-29,10.354538917541504,10.373675731866774,10.222176585477856,10.28596545961318,6500
2021-02-01,10.542715072631836,10.542715072631836,10.365700701775037,10.365700701775037,6800
2021-02-02,10.751625061035156,10.780330282276704,10.580989862208776,10.588962901089744,44000
2021-02-03,10.676673889160156,10.748435806445324,10.6439817660723,10.748435806445324,3800
2021-02-04,10.549093246459961,10.565040842924141,10.349752853197241,10.565040842924141,9000
2021-02-05,10.549093246459961,10.549093246459961,10.3816480461256,10.469357545408826,18100
2021-02-08,10.487698554992676,10.50125386233504,10.417530486720677,10.493280062672074,4700
2021-02-09,10.445436477661133,10.509225340024173,10.365700019495723,10.509225340024173,7800
2021-02-10,10.481318473815918,10.525172844212667,10.44543714140377,10.525172844212667,4600
2021-02-11,10.493278503417969,10.525172936907074,10.441450334156903,10.525172936907074,2700
2021-02-12,10.4573974609375,10.4573974609375,10.4286930022969,10.429489925912863,1400
2021-02-16,10.421515464782715,10.517198761823753,10.365700398281255,10.517198761823753,8400
2021-02-17,10.445436477661133,10.445436477661133,10.365700019495723,10.405568248578428,7000
2021-02-18,10.309885025024414,10.373673887820496,10.214201730830291,10.373673887820496,26400
2021-02-19,10.301913261413574,10.349754537746357,10.301913261413574,10.349754537746357,2100
2021-02-22,10.325830459594727,10.429487537680894,10.291543741377163,10.349751089792111,27600
2021-02-23,10.373674392700195,10.373674392700195,10.285964131769363,10.325832363063082,2500
2021-02-24,10.230149269104004,10.301911934785323,10.222175470600908,10.301911934785323,6500
2021-02-25,10.202241897583008,10.270017665094406,10.182308161430424,10.254070067833704,3100
2021-02-26,10.214203834533691,10.262045111272462,10.102572921437586,10.102572921437586,11900
2021-03-01,10.301913261413574,10.349754537746357,10.214203747854553,10.214203747854553,5200
2021-03-02,10.373674392700195,10.452613171283984,10.208620721192865,10.309885526799553,19200
2021-03-03,10.373674392700195,10.373674392700195,10.325832363063082,10.365700594356799,4300
2021-03-04,10.365701675415039,10.501253219696641,10.262044567410088,10.341781038313387,18500
2021-03-05,10.493278503417969,10.533146735385168,10.333806335972447,10.36570076946155,10300
2021-03-08,10.341781616210938,10.437464930387662,10.341781616210938,10.437464930387662,8800
2021-03-09,10.341781616210938,10.421517331146516,10.341781616210938,10.341781616210938,14000
2021-03-10,10.604910850524902,10.620857689237738,10.341781548164391,10.485306138273428,136400
2021-03-11,10.525174140930176,10.588963015205486,10.493279703792519,10.588963015205486,2900
2021-03-12,10.549093246459961,10.549093246459961,10.469357545408826,10.485304381449751,4300
2021-03-15,10.764381408691406,10.764381408691406,10.62484297908668,10.628829878266616,10000
2021-03-16,10.740461349487305,10.76438198542528,10.740461349487305,10.76438198542528,1400
2021-03-17,10.740461349487305,10.740461349487305,10.620856648950818,10.620856648950818,2100
2021-03-18,10.58896255493164,10.628830789726587,10.576204932715791,10.620856990682931,1800
2021-03-19,10.580989837646484,10.68464618666863,10.580989837646484,10.61288427436638,9300
2021-03-22,10.612882614135742,10.612882614135742,10.56504058632841,10.580988182405264,3100
2021-03-23,10.493278503417969,10.596935602363377,10.493278503417969,10.525172936907074,35700
2021-03-24,10.473344802856445,10.549093607383181,10.39759523790643,10.461384105099091,41100
2021-03-25,10.38962173461914,10.453410603624341,10.32583286561394,10.453410603624341,26300
2021-03-26,10.557068824768066,10.596937062227628,10.373675997046817,10.373675997046817,1800
2021-03-29,10.628829002380371,10.628829002380371,10.581784660526454,10.596934571992454,5100
2021-03-30,10.684645652770996,10.684645652770996,10.628830581406023,10.67667261430694,6900
2021-03-31,10.684645652770996,10.684645652770996,10.655941193453762,10.667901131361504,7600
2021-04-01,10.764381408691406,10.780329005411154,10.684644945939201,10.764381408691406,6300
2021-04-05,10.760395050048828,10.764381949429042,10.748434351908184,10.764381949429042,12300
2021-04-06,10.684645652770996,10.756408321910714,10.604909945167222,10.756408321910714,6600
2021-04-07,10.700592994689941,10.700592994689941,10.607301983292926,10.612883490295967,2400
2021-04-08,10.684645652770996,10.732487685671913,10.668698815419567,10.668698815419567,103600
2021-04-09,10.565040588378906,10.6846445172856,10.557066790338931,10.6846445172856,28800
2021-04-12,10.70856761932373,10.764382693659082,10.604910509541396,10.604910509541396,77000
2021-04-13,10.740461349487305,10.844118452449603,10.676672480037167,10.844118452449603,12100
2021-04-14,10.672684669494629,10.700592202443628,10.644777136545631,10.700592202443628,8400
2021-04-15,10.756407737731934,10.76438153618625,10.740460901246575,10.76438153618625,12900
2021-04-16,10.753218650817871,10.764381664617792,10.748434067518886,10.764381664617792,8900
2021-04-19,10.732486724853516,10.764381157124362,10.732486724853516,10.756407358950838,5000
2021-04-20,10.744447708129883,10.820196511525038,10.65275054753989,10.764381443671079,31900
2021-04-21,10.764381408691406,10.77953132140586,10.734879267267793,10.74843381197166,5300
2021-04-22,10.788304328918457,10.788304328918457,10.708568609696998,10.768370589218948,1700
2021-04-23,10.795477867126465,10.808236248328159,10.795477867126465,10.808236248328159,800
2021-04-26,10.891960144042969,10.89993394313733,10.883986344948609,10.883986344948609,13500
2021-04-27,10.883984565734863,10.938205782374263,10.852090134994564,10.852090134994564,8900
2021-04-28,10.891960144042969,10.947775216856824,10.821792080774598,10.947775216856824,3100
2021-04-29,10.860065460205078,10.907907493255902,10.748434556702037,10.891959895431189,6000
2021-04-30,10.724514961242676,10.752422499721138,10.700594322607335,10.752422499721138,7100
2021-05-03,10.931828498840332,10.931828498840332,10.844118989111585,10.844118989111585,2200
2021-05-04,10.899933815002441,10.899933815002441,10.804250508264928,10.812224307265552,3900
2021-05-05,10.84411907196045,10.979670617391706,10.84411907196045,10.979670617391706,2900
2021-05-06,10.91588020324707,10.93980159926426,10.75640803191561,10.891959567653176,7900
2021-05-07,10.95574951171875,11.01156534748171,10.954154903912386,10.97967091008432,2900
2021-05-10,11.00359058380127,11.0753532517628,11.00359058380127,11.019537420890886,19400
2021-05-11,10.931828498840332,10.97967053350723,10.899934062536847,10.923854699658625,5400
2021-05-12,10.931828498840332,11.12319511666124,10.844118989111585,11.011564969810715,12300
2021-05-13,10.87601375579834,10.923855031495181,10.852092357526553,10.915881232071252,4400
2021-05-14,11.019537925720215,11.019537925720215,10.876013343645274,10.876013343645274,6700
2021-05-17,11.346456527709961,11.346456527709961,11.163063703301791,11.163063703301791,3000
2021-05-18,11.418218612670898,11.478021344906242,11.346455942327147,11.442140009734366,10600
2021-05-19,11.362403869628906,11.402272105466661,11.322535633791153,11.370377668881128,4600
2021-05-20,11.537823677062988,11.544999792236819,11.474034803748166,11.474034803748166,1700
2021-05-21,11.553771018981934,11.561744818599822,11.458087704837432,11.458087704837432,4100
2021-05-24,11.713242530822754,11.737163928290956,11.641480619688176,11.641480619688176,3400
2021-05-25,11.840821266174316,11.856768104373034,11.800953030042491,11.800953030042491,125800
2021-05-26,11.856768608093262,11.856768608093262,11.721217055740325,11.848794808443468,10600
2021-05-27,11.896636009216309,11.904609808305295,11.76108446639685,11.84082093644006,51100
2021-05-28,11.848793029785156,11.848793029785156,11.765070427300344,11.765070427300344,7100
2021-06-01,11.896636009216309,11.912582846970949,11.816899539173097,11.912582846970949,14600
2021-06-02,11.941287994384766,11.968398606952137,11.856767701659228,11.856767701659228,29500
2021-06-03,11.81291389465332,12.008268190971636,11.808927755108666,11.856769033878667,34200
2021-06-04,11.761083602905273,11.832846268590725,11.761083602905273,11.777031199912386,3700
2021-06-07,11.896636009216309,11.904609808305295,11.880688411038332,11.880688411038332,6700
2021-06-08,11.944476127624512,11.944476127624512,11.862348134136756,11.904608656882255,11800
2021-06-09,11.769058227539062,11.920556607624688,11.769058227539062,11.920556607624688,10300
2021-06-10,11.880515098571777,12.1777340877721,11.864002538824,12.1777340877721,5600
2021-06-11,11.987845420837402,11.987845420837402,11.880516135198459,11.880516135198459,11800
2021-06-14,11.979589462280273,12.070406189171996,11.976286477536416,12.070406189171996,4800
2021-06-15,11.971333503723145,12.086919076175036,11.971333503723145,12.086919076175036,15600
2021-06-16,11.814467430114746,11.971332824129465,11.814467430114746,11.971332824129465,7800
2021-06-17,11.773186683654785,11.880515967781271,11.773186683654785,11.880515967781271,8900
2021-06-18,11.797953605651855,11.830977937032516,11.757498937498926,11.757498937498926,20200
2021-06-21,11.715392112731934,11.830977663573707,11.698880341104337,11.830977663573707,13600
2021-06-22,11.748416900634766,11.830978124072741,11.740161408180713,11.806210071986222,7700
2021-06-23,11.748416900634766,11.839234403888975,11.748416900634766,11.806210071986222,6200
2021-06-24,11.781442642211914,11.864003082648667,11.69888141441294,11.864003082648667,2200
2021-06-25,11.756671905517578,11.897025497724409,11.7153912982752,11.897025497724409,9100
2021-06-28,11.704660415649414,11.839234789055856,11.69888117706247,11.839234789055856,6000
2021-06-29,11.698880195617676,11.698880195617676,11.641087814596567,11.690623916225478,3700
2021-06-30,11.665857315063477,11.822722706197355,11.657601034645316,11.822722706197355,3900
2021-07-01,11.707136154174805,11.756672254446174,11.66585554570725,11.66585554570725,10700
2021-07-02,11.781442642211914,11.838409086283741,11.69888141441294,11.707137694665281,6200
2021-07-06,11.558526992797852,11.789697312192402,11.558526992797852,11.789697312192402,10400
2021-07-07,11.599807739257812,11.657600122940705,11.459454132574638,11.467710412347103,133000
2021-07-08,11.492478370666504,11.608063924452722,11.442941479797504,11.566783313288918,62500
2021-07-09,11.6245756149292,11.66585622580333,11.6245756149292,11.632831894576457,1300
2021-07-12,11.6245756149292,11.6245756149292,11.575039511769972,11.599807563349586,15800
2021-07-13,11.550271034240723,11.641088538477957,11.550271034240723,11.575039873957525,42900
2021-07-14,11.56678295135498,11.591551002333382,11.492478011057628,11.535409719346669,38400
2021-07-15,11.560178756713867,11.583295711247816,11.550271378004716,11.550271378004716,2400
2021-07-16,11.546142578125,11.566783277323808,11.533758945967882,11.566783277323808,1200
2021-07-19,11.385149955749512,11.442942343322757,11.253052619946537,11.401662516405999,12500
2021-07-20,11.327357292175293,11.434686571740595,11.327357292175293,11.434686571740595,3300
2021-07-21,11.48339557647705,11.48339557647705,11.352123421730417,11.352123421730417,5500
2021-07-22,11.479269027709961,11.504863022896371,11.479269027709961,11.504863022896371,1100
2021-07-23,11.459453582763672,11.492477912906882,11.37689236372458,11.37689236372458,1600
2021-07-26,11.558526992797852,11.63283193515807,11.459453998771616,11.459453998771616,8800
2021-07-27,11.583293914794922,11.62457452178714,11.566782144415289,11.62457452178714,1200
2021-07-28,11.674112319946289,11.674112319946289,11.605586617214824,11.605586617214824,10100
2021-07-29,11.632831573486328,11.707136513536362,11.631180475074883,11.707136513536362,4000
2021-07-30,11.674112319946289,11.740160981350504,11.641087989244182,11.641087989244182,4900
2021-08-02,11.822722434997559,11.864003048779198,11.748417487663053,11.864003048779198,2700
2021-08-03,11.797953605651855,11.897026599793838,11.78144183364261,11.897026599793838,12600
2021-08-04,11.748416900634766,11.905283067694484,11.748416900634766,11.905283067694484,16600
2021-08-05,11.8392333984375,11.888769498403668,11.814465348454416,11.888769498403668,22800
2021-08-06,11.822722434997559,11.897027382332066,11.756673767891824,11.756673767891824,9600
2021-08-09,11.905282974243164,11.964726456256644,11.830978031204683,11.830978031204683,2900
2021-08-10,11.93418025970459,11.971332734628623,11.93418025970459,11.96307645412056,5400
2021-08-11,11.921794891357422,11.921794891357422,11.901154979090043,11.909411258941867,900
2021-08-12,11.921794891357422,11.921794891357422,11.921794891357422,11.921794891357422,0
2021-08-13,11.923446655273438,11.93830732896499,11.89867781597128,11.90115485737393,3900
2021-08-16,11.979589462280273,12.004357517366692,11.897028228842508,11.897028228842508,20300
2021-08-17,12.161221504211426,12.210758395995574,12.020868683441071,12.020868683441071,29300
2021-08-18,12.045637130737305,12.062148903632135,12.045637130737305,12.062148903632135,1400
2021-08-19,11.913537979125977,12.045635291564343,11.880513651016384,12.045635291564343,31600
2021-08-20,12.02912425994873,12.02912425994873,11.971331875265419,11.971331875265419,4900
2021-08-23,12.243782997131348,12.243782997131348,12.103429385914424,12.103429385914424,12000
2021-08-24,12.252864837646484,12.268551455294364,12.1447104000635,12.20250278752294,7800
2021-08-25,12.27680778503418,12.301575838707627,12.210759116996837,12.301575838707627,12300
2021-08-26,12.185990333557129,12.285063329680092,12.152966001516143,12.285063329680092,5700
2021-08-27,12.19837474822998,12.21075916880036,12.185991115021835,12.21075916880036,900
2021-08-30,12.144710540771484,12.243783543576475,12.086918152642465,12.119942486910796,13600
2021-08-31,12.309831619262695,12.392392844638431,12.210758621229132,12.392392844638431,19900
2021-09-01,12.318087577819824,12.33459935004676,12.243782634393163,12.309831298025268,4500
2021-09-02,12.293318748474121,12.318086798929496,12.28506246920162,12.318086798929496,500
2021-09-03,12.293318748474121,12.29662094523827,12.268549910656619,12.268549910656619,900
2021-09-07,12.33459758758545,12.33459758758545,12.31808581771784,12.31808581771784,4400
2021-09-08,12.396520614624023,12.417160526670784,12.33459930375939,12.33459930375939,1800
2021-09-09,12.565771102905273,12.57402659575995,12.417161208450027,12.417161208450027,11400
2021-09-10,12.549257278442383,12.615305938800333,12.483208618084435,12.532745507033965,6700
2021-09-13,12.373403549194336,12.49972163645756,12.302400803649663,12.49972163645756,10200
2021-09-14,12.384136199951172,12.408904251889666,12.35936814801268,12.35936814801268,3300
2021-09-15,12.433673858642578,12.466698192386344,12.42541757836608,12.466698192386344,1000
2021-09-16,12.559165954589844,12.559165954589844,12.466698135474314,12.491466188828515,3000
2021-09-17,12.488987922668457,12.53274557375367,12.488987922668457,12.53274557375367,700
2021-09-20,12.313960075378418,12.318088215489398,12.21901521491254,12.318088215489398,7000
2021-09-21,12.22727108001709,12.28506346488431,12.202502240192116,12.28506346488431,2300
2021-09-22,12.27680778503418,12.29332034572463,12.27680778503418,12.29332034572463,600
2021-09-23,12.342855453491211,12.351111733167805,12.333774018264256,12.341204355028324,2200
2021-09-24,12.33459758758545,12.384134471912407,12.333772432141204,12.384134471912407,1200
2021-09-27,12.268550872802734,12.268550872802734,12.169477875849429,12.243782820404956,61700
2021-09-28,12.194246292114258,12.318087337164455,12.162047116489424,12.318087337164455,4500
2021-09-29,12.235525131225586,12.375878724251047,12.210757081680534,12.375878724251047,1200
2021-09-30,12.252038955688477,12.252038955688477,12.220665722252631,12.227270903583086,12600
2021-10-01,12.252038955688477,12.252038955688477,12.252038955688477,12.252038955688477,500
2021-10-04,12.136453628540039,12.35111218379018,12.029124350914968,12.35111218379018,6400
2021-10-05,12.177733421325684,12.177733421325684,12.103428481251516,12.169477141903634,2100
2021-10-06,12.000227928161621,12.152965955372622,11.92179484460126,12.152965955372622,11700
2021-10-07,12.141408920288086,12.177735453500143,12.10755864142616,12.152967398462934,3500
2021-10-08,12.157093048095703,12.20167585297338,12.111684300362354,12.111684300362354,4400
2021-10-11,12.012612342834473,12.152965950257231,11.996099783202535,12.086917286453836,52800
2021-10-12,12.043160438537598,12.086918094598175,12.012613146010702,12.03738119975245,10800
2021-10-13,12.049765586853027,12.210759116770795,12.041509306507955,12.210759116770795,5200
2021-10-14,12.122417449951172,12.144709247204997,12.07866058570336,12.119941195982422,5900
2021-10-15,12.095172882080078,12.285063382656247,12.053893057372473,12.285063382656247,4600
2021-10-18,12.268550872802734,12.268550872802734,12.103429211213893,12.103429211213893,8500
2021-10-19,12.091045379638672,12.318087562165212,12.078660959962574,12.318087562165212,46200
2021-10-20,12.309831619262695,12.309831619262695,12.11994190320558,12.11994190320558,2000
2021-10-21,12.20250129699707,12.235525626848888,12.20250129699707,12.227270134907531,2300
2021-10-22,12.185164451599121,12.253690157451658,12.16122155485689,12.253690157451658,6100
2021-10-25,12.367624282836914,12.441929229874239,12.346984369709753,12.375880563032664,8400
2021-10-26,12.359368324279785,12.367623816802238,12.252039047866036,12.326343992103414,17400
2021-10-27,12.170303344726562,12.219014292050039,12.170303344726562,12.210758012451649,1700
2021-10-28,12.201677322387695,12.268551144076586,12.18681586073067,12.268551144076586,3100
2021-10-29,12.219013214111328,12.219013214111328,12.181860746558257,12.181860746558257,1900
2021-11-01,12.408903121948242,12.417159400963325,12.309830135853574,12.309830135853574,7500
2021-11-02,12.626864433288574,12.659888763515395,12.590537906247715,12.623562236474536,6700
2021-11-03,12.755661010742188,12.81180229978822,12.6731005694494,12.681356062425117,14000
2021-11-04,12.978575706481934,12.978575706481934,12.846478372042377,12.846478372042377,6700
2021-11-05,13.044624328613281,13.044624328613281,12.896014434201337,12.97031938140731,9100
2021-11-08,13.12718391418457,13.1436964735387,13.095811468663626,13.12718391418457,3600
2021-11-09,13.109847068786621,13.209746012363233,13.052880624905796,13.209746012363233,17100
2021-11-10,13.117276191711426,13.117276191711426,13.117276191711426,13.117276191711426,600
2021-11-11,13.230385780334473,13.251025693307342,13.172593394120673,13.234514707763699,8600
2021-11-12,13.308819770812988,13.308819770812988,13.209745983061278,13.209745983061278,19500
2021-11-15,13.461555480957031,13.488799785275587,13.37486691077401,13.424403011632272,25600
2021-11-16,13.795926094055176,13.795926094055176,13.531731457203438,13.531731457203438,110100
2021-11-17,13.721623420715332,13.820695627157336,13.630805919206553,13.820695627157336,17600
2021-11-18,13.779417037963867,13.853721986813825,13.69685580871675,13.713368369511066,107800
2021-11-19,13.723273277282715,13.828951448785187,13.713366686856363,13.828951448785187,11800
2021-11-22,13.606037139892578,13.795926848675975,13.548244756760617,13.581269875535645,22400
2021-11-23,13.705110549926758,13.746390372552046,13.606036771012056,13.721623108866591,31900
2021-11-24,13.71336555480957,13.812437749791727,13.630804342508341,13.812437749791727,14400
2021-11-26,13.53998851776123,13.589524621348316,13.458254025578757,13.589524621348316,40200
2021-11-29,13.416147232055664,13.547419400207358,13.242770085232152,13.325329731496122,109400
2021-11-30,13.688600540161133,13.696856821168584,13.457429396126262,13.647320709848463,49900
2021-12-01,13.639062881469727,13.713367827382196,13.60603776118667,13.688598987169904,8300
2021-12-02,13.771158218383789,13.771983373854017,13.639060905834835,13.647317184709667,38900
2021-12-03,13.58127212524414,13.762905584420972,13.557328437748724,13.762905584420972,7700
2021-12-06,14.530721664428711,14.530721664428711,14.336703006134554,14.390368042950398,63500
2021-12-07,14.56374454498291,14.803171948479866,14.431647210199916,14.530720998649384,66700
2021-12-08,14.43990421295166,14.481185616339602,14.349086700222715,14.481185616339602,22800
2021-12-09,14.212859153747559,14.324316558441962,14.212859153747559,14.324316558441962,3000
2021-12-10,14.283038139343262,14.382111933511535,14.20873318739819,14.382111933511535,27600
2021-12-13,14.386276245117188,14.570931930531602,14.293950003322777,14.570931930531602,31500
2021-12-14,14.469369888305664,14.906665569434049,14.433277313673626,14.528962259035445,17300
2021-12-15,14.327523231506348,14.47021099284227,14.25198255780422,14.386276733071814,18900
2021-12-16,14.495389938354492,14.512177108391867,14.428242859117644,14.50378352337318,12500
2021-12-17,14.411456108093262,14.528963099946099,14.32752185637865,14.528963099946099,10300
2021-12-20,13.689624786376953,13.91624680231588,13.664445629658948,13.91624680231588,14800
2021-12-21,13.7735595703125,13.807133915102623,13.65605256537281,13.807133915102623,15700
2021-12-22,13.538541793823242,13.614082456604264,13.47139471589707,13.614082456604264,8000
2021-12-23,13.546936988830566,13.588904918093005,13.48818348877596,13.531829174661212,5900
2021-12-27,13.849098205566406,13.849098205566406,13.590581231859025,13.63086979930857,11000
2021-12-28,13.56372356414795,13.723198486507599,13.546936393181094,13.706411315540743,10600
2021-12-29,13.614084243774414,13.681231330515228,13.5469371570336,13.681231330515228,2700
2021-12-30,13.647658348083496,13.714805433645871,13.504970591149347,13.504970591149347,14700
2021-12-31,13.56372356414795,13.664444989036344,13.56372356414795,13.651853810354833,3100
2022-01-03,13.840704917907715,13.840704917907715,13.647657262387279,13.647657262387279,50900
2022-01-04,13.639263153076172,13.76516372353743,13.639263153076172,13.76516372353743,9000
2022-01-05,13.614084243774414,13.756772003212747,13.609888251252475,13.756772003212747,4400
2022-01-06,13.588903427124023,13.622476165937579,13.482306659497272,13.563722672329382,4200
2022-01-07,13.698017120361328,13.756770615217478,13.597297300868691,13.622476455285517,6500
2022-01-10,13.73998737335205,14.02536131086298,13.479790993610154,13.664446695480267,129400
2022-01-11,13.622476577758789,13.64765733331467,13.540221684220665,13.580510252745002,16800
2022-01-12,13.568758964538574,13.689623063951217,13.521756170271846,13.689623063951217,69300
2022-01-13,13.67283821105957,13.706410951188092,13.60568952897714,13.622476699497748,22400
2022-01-14,13.767683029174805,13.798739135328061,13.660247376417505,13.73159205246884,13100
2022-01-18,13.656050682067871,13.739984931554943,13.580510017620773,13.739984931554943,20500
2022-01-19,13.849098205566406,13.882672545411905,13.706410463048307,13.706410463048307,7900
2022-01-20,13.949820518493652,13.999341552301642,13.907852590996272,13.907852590996272,7000
2022-01-21,14.001859664916992,14.042148239201525,13.874281314233185,13.874281314233185,13500
2022-01-24,13.70305347442627,13.933032581548405,13.471395009931463,13.933032581548405,52800
2022-01-25,13.88183307647705,13.891065540332631,13.77355854414751,13.799578179147467,9600
2022-01-26,13.983392715454102,14.067326966270054,13.857492139686514,14.067326966270054,15600
2022-01-27,14.042146682739258,14.092508195469197,13.92463968819486,14.058933853649236,16700
2022-01-28,14.105937004089355,14.21840913090254,14.033753448102171,14.21840913090254,15200
2022-01-31,14.033753395080566,14.201621905917074,13.974999896561618,14.142868407398126,31600
2022-02-01,13.991786003112793,14.075720252144011,13.891064584092804,14.042145912166466,10000
2022-02-02,13.899459838867188,13.94982135488357,13.748378492643711,13.94982135488357,27100
2022-02-03,13.832311630249023,13.87427955685996,13.765164548584229,13.765164548584229,11800
2022-02-04,13.865885734558105,13.924639229896565,13.798738654040914,13.823917808664437,7500
2022-02-07,13.874279022216797,13.966605255377669,13.865885437218054,13.865885437218054,34900
2022-02-08,13.933032989501953,13.966605729724504,13.916245818934328,13.937228981687511,3800
2022-02-09,14.109292984008789,14.151260908959303,13.966605241002329,13.966605241002329,35100
2022-02-10,14.184832572937012,14.230996486427488,14.163849412508393,14.184832572937012,8500
2022-02-11,14.302342414855957,14.3107343990378,14.19742500254362,14.225961270769746,8100
2022-02-14,14.268770217895508,14.32752372147019,14.201623127965457,14.32752372147019,5200
2022-02-15,14.268770217895508,14.268770217895508,14.251983045184769,14.268770217895508,10900
2022-02-16,14.654862403869629,14.680043157470156,14.344307780692583,14.344307780692583,15100
2022-02-17,14.239392280578613,14.62129162293114,14.218409116893637,14.62129162293114,117400
2022-02-18,14.302342414855957,14.394668649070203,14.235193734099905,14.394668649070203,10300
2022-02-22,14.17643928527832,14.260373529661958,14.100898625424302,14.210013623396799,39500
2022-02-23,14.235193252563477,14.361095423809497,14.159654191093518,14.159654191093518,7900
2022-02-24,14.109292984008789,14.168046478026865,13.891064577004048,14.100899399018687,14800
2022-02-25,14.428243637084961,14.428243637084961,14.230998380792018,14.230998380792018,41200
2022-02-28,14.722010612487793,14.864696742287299,14.562535713242015,14.688436275420258,45400
2022-03-01,15.225614547729492,15.292761628389883,14.713618658036271,14.722012243232905,112500
2022-03-02,15.469024658203125,15.47741824391117,15.275976989656423,15.47741824391117,145700
2022-03-03,15.427055358886719,15.594923856306053,15.158467043745894,15.594923856306053,84300
2022-03-04,15.301156044006348,15.45223738391984,15.267583302310445,15.45223738391984,41100
2022-03-07,15.250794410705566,15.385088564166244,15.212185201790954,15.317941487435904,15600
2022-03-08,15.343125343322754,15.427058005519088,15.250797493811293,15.250797493811293,15600
2022-03-09,15.393485069274902,15.435451399850862,15.309550807210089,15.309550807210089,17700
2022-03-10,15.275978088378906,15.343125177960035,15.20883099879778,15.343125177960035,12200
2022-03-11,15.225614547729492,15.309548798783151,15.225614547729492,15.225614547729492,47400
2022-03-14,15.19204330444336,15.250796805695,15.10810904512123,15.10810904512123,10600
2022-03-15,15.128252983093262,15.175255783012414,14.864699510944403,14.898273854265401,54000
2022-03-16,15.729216575622559,15.729216575622559,15.19203999445946,15.242399898715377,43900
2022-03-17,15.385089874267578,15.477417712976097,15.326336377239514,15.385089874267578,64600
2022-03-18,15.301156044006348,15.301156044006348,15.049354878092377,15.049354878092377,5700
2022-03-21,15.31794261932373,15.31794261932373,15.200435626590847,15.309549033998136,23400
2022-03-22,15.401876449584961,15.48161310662388,15.343122954828635,15.39348286448939,45300
2022-03-23,15.477417945861816,15.552958614866755,15.443843603676179,15.536171443773936,9100
2022-03-24,15.729216575622559,15.729216575622559,15.41026838078509,15.645282334587701,55700
2022-03-25,15.720826148986816,15.720826148986816,15.586531976722792,15.653679062854804,8600
2022-03-28,15.78797435760498,15.83833587646918,15.698164743301378,15.83833587646918,53400
2022-03-29,15.880302429199219,15.930662347852143,15.796368164169046,15.796368164169046,13900
2022-03-30,16.006200790405273,16.031381546670747,15.897087381747005,15.939053707943403,23000
2022-03-31,15.947447776794434,16.01879085367354,15.922267019765632,15.9558413624707,11200
2022-04-01,15.970946311950684,16.030540279290232,15.913870579953652,15.997804820750028,116800
2022-04-04,16.24960708618164,16.283179821008595,16.17490530980019,16.274786237073748,22000
2022-04-05,16.127906799316406,16.24961139729195,16.09013646204513,16.24961139729195,105300
2022-04-06,16.04817008972168,16.19085785226784,16.031382917442635,16.19085785226784,18400
2022-04-07,16.11531639099121,16.148889132997034,15.989414205959216,16.01459496314817,51200
2022-04-08,16.13629913330078,16.197570866705018,16.081741627939742,16.182463053151448,102900
2022-04-11,16.24121856689453,16.266397725638484,16.132103542627597,16.132103542627597,30000
2022-04-12,16.107763290405273,16.24121859526796,16.090137238888538,16.24121859526796,27300
2022-04-13,16.064952850341797,16.106920773696647,16.031380112570503,16.09013360435471,14800
2022-04-14,15.839170455932617,15.997804874834964,15.620103191343073,15.997804874834964,38200
2022-04-18,15.913874626159668,15.95584255768472,15.594926351133749,15.678860613270958,47000
2022-04-19,15.939053535461426,15.988574568275398,15.779578615997943,15.863512868395182,61900
2022-04-20,15.964231491088867,16.064951295567624,15.846722917980415,16.064951295567624,29800
2022-04-21,15.687251091003418,15.964232980530682,15.56974250693157,15.947445811247192,45800
2022-04-22,15.880302429199219,15.95584310763508,15.838336097140607,15.863515256010594,14500
2022-04-25,15.888694763183594,16.0229889362794,15.787973332905326,15.955841849731497,15400
2022-04-26,15.611711502075195,15.897086995838722,15.594924331639062,15.897086995838722,32300
2022-04-27,15.712431907653809,15.771187006367033,15.678859166444715,15.72921907871473,9000
2022-04-28,15.796365737915039,15.913872730360941,15.74600582699718,15.913872730360941,20900
2022-04-29,15.796365737915039,15.863512819443084,15.762792997607368,15.796365737915039,14700
2022-05-02,15.813150405883789,15.821543989860487,15.704035415099176,15.804756821907093,19400
2022-05-03,15.712431907653809,15.813153333106587,15.704038322123349,15.73761266424519,6400
2022-05-04,15.829938888549805,15.843367343297825,15.678857566246506,15.720823888702942,52600
2022-05-05,15.670463562011719,15.905479123848163,15.670463562011719,15.905479123848163,110700
2022-05-06,15.746003150939941,15.880297291172537,15.729215983182758,15.880297291172537,26700
2022-05-09,15.410270690917969,15.657875858587083,15.401877105464962,15.50259692907557,77500
2022-05-10,15.200435638427734,15.359908957000057,15.05774788960696,15.359908957000057,20900
2022-05-11,14.738799095153809,15.133289629157288,14.738799095153809,15.133289629157288,58900
2022-05-12,13.958210945129395,14.13447301911935,13.773556887489377,14.06732594353093,694100
2022-05-13,14.520570755004883,14.755586359697872,14.27716316524503,14.27716316524503,88200
2022-05-16,14.419851303100586,14.596111810556495,14.394670544501366,14.587718224356754,30700
2022-05-17,14.814337730407715,14.898271977222475,14.772371407456637,14.898271977222475,11000
2022-05-18,14.562538146972656,14.923454326203412,14.503784648197934,14.923454326203412,78700
2022-05-19,14.495389938354492,14.533160270482261,14.461815598279744,14.470209183298431,7400
2022-05-20,14.335916519165039,14.570932121447777,14.319129347377812,14.570932121447777,14800
2022-05-23,14.042146682739258,14.251981516375812,14.016967527287019,14.251981516375812,20100
2022-05-24,13.664444923400879,13.78195191777896,13.580510669882509,13.78195191777896,20000
2022-05-25,14.092508316040039,14.092508316040039,13.731592142951246,13.731592142951246,45300
2022-05-26,14.142868041992188,14.2855557922428,14.016967462574053,14.042146617910044,58200
2022-05-27,14.226802825927734,14.235194810744286,14.142868569547169,14.168047725822388,5100
2022-05-31,14.562538146972656,14.780766571645039,14.450066020094777,14.722013072870315,361500
2022-06-01,14.394670486450195,14.688439598604866,14.335916984201834,14.612898924024726,123800
2022-06-02,14.5037841796875,14.5037841796875,14.35270284433981,14.47020983809347,46300
2022-06-03,14.40306282043457,14.461816317574986,14.277162240717574,14.436637162179224,17200
2022-06-06,14.251980781555176,14.436636450218796,14.243587196532951,14.344308615886986,13900
2022-06-07,14.428243637084961,14.445029207114759,14.310735041399953,14.327522212342489,62000
2022-06-08,14.159656524658203,14.361097790572462,14.147065344910962,14.361097790572462,13300
2022-06-09,13.855938911437988,14.12962609409741,13.855938911437988,14.07900686025782,17200
2022-06-10,13.933155059814453,14.04468985448929,13.907415883409035,14.04468985448929,10200
2022-06-13,13.598551750183105,13.761563234899889,13.512756145784008,13.761563234899889,17000
2022-06-14,13.847358703613281,13.917711466856444,13.727245826286149,13.727245826286149,17700
2022-06-15,13.958893775939941,14.018950215823644,13.941734325568811,13.950314050754375,16600
2022-06-16,13.684349060058594,13.984632094418945,13.658610701275174,13.984632094418945,57800
2022-06-17,13.607132911682129,13.675769079296067,13.57281482787516,13.675769079296067,12500
2022-06-21,13.701508522033691,13.77014387277359,13.675769345022596,13.744406332177842,16900
2022-06-22,13.52133846282959,13.547076821802113,13.40980448300509,13.4784406524036,12500
2022-06-23,13.10952091217041,13.461281492508496,13.049464467197868,13.461281492508496,41400
2022-06-24,13.221052169799805,13.315427498973612,13.135257382977969,13.246790524025604,57700
2022-06-27,13.246792793273926,13.298270328751435,13.195316076004087,13.272531970116516,8100
2022-06-28,13.409804344177246,13.487020238503098,13.384065985471185,13.384065985471185,4200
2022-06-29,13.40722942352295,13.487019394186683,13.38406514759993,13.392644054493111,30600
2022-06-30,13.324007987976074,13.40122387803525,13.255371823080726,13.384065245915226,12900
2022-07-01,13.289690017700195,13.401223991148449,13.229633577461763,13.401223991148449,4100
2022-07-05,13.00656509399414,13.135258512605779,12.895031125147094,13.075201256637309,71400
2022-07-06,12.94650936126709,13.049463610838465,12.929349910568039,12.997986076948957,108900
2022-07-07,13.075201034545898,13.229632806973694,12.997985148332003,12.997985148332003,24500
2022-07-08,13.15241813659668,13.203895671567162,13.102657201298262,13.109520327155886,25000
2022-07-11,13.066621780395508,13.092360955532177,13.023724791582953,13.092360955532177,3800
2022-07-12,13.143838882446289,13.203896145100305,13.06662298632519,13.06662298632519,15100
2022-07-13,13.00656509399414,13.066621531755013,12.972247012672558,13.00656509399414,8000
2022-07-14,13.058042526245117,13.096650469715627,12.955088283059618,13.083780882489593,442000
2022-07-15,13.255372047424316,13.29826985576185,13.143838073029785,13.178156156058284,34800
2022-07-18,13.088930130004883,13.22105512950156,13.040884973172531,13.22105512950156,205600
2022-07-19,13.401223182678223,13.409802907396866,13.195314698676265,13.263950860010251,21700
2022-07-20,13.5127592086792,13.547077294576107,13.487020848808445,13.5127592086792,2600
2022-07-21,13.967473983764648,13.984631798313403,13.78730302147257,13.78730302147257,21000
2022-07-22,13.88167667388916,13.924573659657055,13.855937500579357,13.924573659657055,3000
2022-07-25,13.941734313964844,13.984631303441711,13.72724609375,13.847358973417432,87100
2022-07-26,13.804460525512695,13.898835856089445,13.752983816295867,13.77872135269674,5300
2022-07-27,13.941734313964844,13.941734313964844,13.898837324487978,13.93315458878642,1700
2022-07-28,14.001791000366211,14.087586617246037,13.959751491742306,14.087586617246037,7900
2022-07-29,14.147643089294434,14.154506215007043,14.070427197574068,14.070427197574068,2800
2022-08-01,14.147643089294434,14.24201843171161,14.061847472225661,14.207699530317988,14200
2022-08-02,14.207698822021484,14.242017721704208,14.16737591495101,14.16737591495101,16400
2022-08-03,14.139062881469727,14.139062881469725,14.105603099243414,14.105603099243414,1800
2022-08-04,14.018950462341309,14.079006903281078,14.018950462341309,14.044689638350617,6900
2022-08-05,14.07900619506836,14.250597420335009,13.924574419611416,13.924574419611416,16500
2022-08-08,14.267755508422852,14.289205639305559,14.190541255622998,14.276335233492889,23800
2022-08-09,14.336392402648926,14.37071130467676,14.250598420409975,14.37071130467676,7200
2022-08-10,14.465085983276367,14.473665708388559,14.439346807939792,14.465085983276367,12500
2022-08-11,14.465085983276367,14.568039411792183,14.439346807939792,14.500260728896539,13000
2022-08-12,14.585199356079102,14.585199356079102,14.482244287660519,14.499403738466166,33400
2022-08-15,14.516562461853027,14.585198625220988,14.490823286934337,14.585198625220988,6500
2022-08-16,14.344971656799316,14.610938229529774,14.284915216639298,14.610938229529774,31500
2022-08-17,14.559459686279297,14.602358311839074,14.353551192838088,14.353551192838088,3400
2022-08-18,14.216278076171875,14.349261353415894,14.18196081404077,14.344970672890037,9800
2022-08-19,14.284915924072266,14.465086889890204,14.104746594669672,14.121904409554197,104400
2022-08-22,14.113325119018555,14.216278545223869,14.113325119018555,14.169090876373431,9900
2022-08-23,14.139062881469727,14.20769904549957,14.139062881469725,14.173381781692264,1800
2022-08-24,14.036109924316406,14.13048363026263,14.036109924316406,14.13048363026263,13500
2022-08-25,14.362131118774414,14.362131118774414,14.139063171990156,14.139063171990156,22500
2022-08-26,14.233438491821289,14.336391921619759,14.224858766602207,14.336391921619759,3000
2022-08-29,14.181961059570312,14.190540784355417,14.156221885215002,14.173381334785208,2500
2022-08-30,13.907415390014648,14.104745795958198,13.890257576101721,14.061847170137753,23100
2022-08-31,14.001791000366211,14.11332579323457,13.907415658156875,14.053267715927994,28600
2022-09-01,13.650031089782715,13.743547318393114,13.581394920314397,13.615713005048557,8600
2022-09-02,13.667189598083496,13.76156493824537,13.624291790574246,13.757274257466058,5000
2022-09-06,13.336020469665527,13.521338786037415,13.30685054698812,13.521338786037415,56000
2022-09-07,13.281110763549805,13.435542550449389,13.25537240513576,13.435542550449389,3300
2022-09-08,13.281110763549805,13.409804192035345,13.169577604353062,13.409804192035345,4600
2022-09-09,13.255372047424316,13.255372047424316,13.255372047424316,13.255372047424316,400
2022-09-12,13.529916763305664,13.589973200651055,13.384064714146062,13.384064714146062,16900
2022-09-13,13.504178047180176,13.581393936792221,13.418383250661611,13.478439690045368,5900
2022-09-14,13.650031089782715,13.735826710721954,13.564236287051157,13.564236287051157,47700
2022-09-15,13.624290466308594,13.82162003438788,13.572812938659528,13.82162003438788,26200
2022-09-16,14.001791000366211,14.087586617246037,13.941734559474918,14.053267715927994,20100
2022-09-19,13.915995597839355,13.967473950609358,13.830201616053298,13.924575323301022,7300
2022-09-20,13.890256881713867,13.924574144239418,13.830200444982776,13.915994419504239,2900
2022-09-21,13.650031089782715,13.787303428719351,13.650031089782715,13.727246984986493,3900
2022-09-22,13.701508522033691,13.778723598443955,13.65861071188954,13.752986057848208,34300
2022-09-23,13.547075271606445,13.60284184603347,13.461279660572083,13.60284184603347,9600
2022-09-26,13.10952091217041,13.392645321623391,13.10952091217041,13.392645321623391,10800
2022-09-27,13.135257720947266,13.195314155088552,13.083780192963628,13.195314155088552,3900
2022-09-28,13.10094165802002,13.306850165230223,13.092361932334343,13.195316185939443,26800
2022-09-29,13.015144348144531,13.126678312957615,13.006564623572547,13.083780508305265,8300
2022-09-30,13.032304763793945,13.16099819537496,12.989407771474621,13.109520659101017,29200
2022-10-03,13.169577598571777,13.169577598571777,12.903611834384543,12.903611834384543,21600
2022-10-04,13.324007987976074,13.366905795587575,13.298269630692225,13.35832607042375,9400
2022-10-05,13.15241813659668,13.263952113859677,13.143838411066989,13.263952113859677,26700
2022-10-06,13.255372047424316,13.281110405143782,13.203895331985388,13.255372047424316,4100
2022-10-07,13.092361450195312,13.255372141181775,13.049463641554356,13.169577342107505,43400
2022-10-10,13.08635425567627,13.135257702640681,13.075200450375547,13.100939623435268,3100
2022-10-11,12.920769691467285,13.109518720745644,12.916479829228109,13.109518720745644,13800
2022-10-12,12.877872467041016,13.006565067179741,12.869292742176409,13.006565067179741,6200
2022-10-13,12.886453628540039,12.963668706306967,12.637646488973967,12.68054429987183,41000
2022-10-14,12.963666915893555,13.032303076567713,12.937928560192638,12.963666915893555,3200
2022-10-17,13.023725509643555,13.109520310206555,13.023725509643555,13.083781951858422,65600
2022-10-18,13.092361450195312,13.148128028683205,13.058043366924075,13.148128028683205,16600
2022-10-19,13.118099212646484,13.143837569379698,13.10951948766621,13.135258662607033,13600
2022-10-20,13.255372047424316,13.401224104847348,13.238213415013888,13.358326296509814,10100
2022-10-21,13.3154296875,13.328298457624248,13.229634068369252,13.328298457624248,21400
2022-10-24,13.178155899047852,13.203895074472971,13.143837816688649,13.152417541830356,2700
2022-10-25,13.3154296875,13.401224488423084,13.255372426825412,13.26395215238002,20700
2022-10-26,13.281110763549805,13.315429665712077,13.25537240513576,13.289690489090372,2700
2022-10-27,13.366905212402344,13.375484937191844,13.341166856241435,13.375484937191844,20700
2022-10-28,13.298269271850586,13.32400762843991,13.272530915261262,13.315428721715204,2500
2022-10-31,13.46127986907959,13.490450606381236,13.418382881105545,13.469859593957437,4300
2022-11-01,13.3154296875,13.366906404412319,13.3154296875,13.349747771510767,6400
2022-11-02,13.324007987976074,13.4183833283629,13.324007987976074,13.4183833283629,2500
2022-11-03,13.169577598571777,13.195315956974522,13.169577598571777,13.195315956974522,4400
2022-11-04,13.349747657775879,13.384065741494267,13.306849848575977,13.332588206812856,8500
2022-11-07,13.598551750183105,13.598551750183105,13.461278619503044,13.461278619503044,2000
2022-11-08,13.6328706741333,13.701506834628002,13.62429094951957,13.65002930515319,4800
2022-11-09,13.56423568725586,13.624292128333089,13.555655961899786,13.624292128333089,2700
2022-11-10,13.744404792785645,13.795881504627024,13.624291101476455,13.624291101476455,2600
2022-11-11,13.795882225036621,13.847358939566073,13.675768527455194,13.675768527455194,87900
2022-11-14,13.778722763061523,13.864518378148171,13.658609883789367,13.864518378148171,37100
2022-11-15,13.61571216583252,13.69292805627703,13.61571216583252,13.675768605863746,4100
2022-11-16,13.487019538879395,13.615712143941584,13.426962280737095,13.615712143941584,64300
2022-11-17,13.392642974853516,13.405512561467244,13.375484344242766,13.375484344242766,2600
2022-11-18,13.384066581726074,13.420100449161387,13.324009317792846,13.362617266675741,13200
2022-11-21,13.341166496276855,13.418382380883777,13.298268691694393,13.418382380883777,1800
2022-11-22,13.324007987976074,13.35832607042375,13.315429081019875,13.3325877131399,3900
2022-11-23,13.401223182678223,13.5041774246792,13.401223182678223,13.452700712782503,7600
2022-11-25,13.366905212402344,13.469859455253575,13.298269050501524,13.392643568563255,19000
2022-11-28,13.221052169799805,13.298268050684728,13.221052169799805,13.298268050684728,3300
2022-11-29,13.126679420471191,13.263951752374489,13.100941062791234,13.229633669398664,9000
2022-11-30,13.658609390258789,13.671478977519053,13.461279809972718,13.589973227952573,60200
2022-12-01,13.426961898803711,13.529916961774033,13.426961898803711,13.529916961774033,3100
2022-12-02,13.358325004577637,13.478438692664572,13.358325004577637,13.426961163996582,3800
2022-12-05,13.444122314453125,13.56423601774174,13.324008611164512,13.324008611164512,37300
2022-12-06,13.298269271850586,13.418382966280102,13.263951190328953,13.272530915261262,3800
2022-12-07,13.22791576385498,13.27252934638031,13.135257036520068,13.27252934638031,25000
2022-12-08,13.023725509643555,13.082066170396233,12.980827700258224,12.980827700258224,8000
2022-12-09,12.95508861541748,12.997985604189582,12.95508861541748,12.980826972322264,2200
2022-12-12,12.899321556091309,12.929349776295158,12.809236895479762,12.929349776295158,21700
2022-12-13,12.750578880310059,12.904479916499382,12.724785625852522,12.8967420221574,30000
2022-12-14,12.74198055267334,12.776371831116952,12.724785323427913,12.776371831116952,4500
2022-12-15,12.83655834197998,12.862351598152589,12.767775778884472,12.767775778884472,9500
2022-12-16,13.189066886901855,13.206262114706,12.982719233535985,12.982719233535985,26800
2022-12-19,13.111688613891602,13.189069202477514,13.042906050693643,13.189069202477514,32600
2022-12-20,13.206263542175293,13.206263542175293,13.077296449869701,13.111687729148045,14400
2022-12-21,13.094491958618164,13.139200704628175,13.085894753579927,13.094491958618164,6100
2022-12-22,13.025708198547363,13.034306222746265,12.906198450021865,12.965523669060484,4800
2022-12-23,13.025708198547363,13.103088776432045,12.922534368018692,12.922534368018692,2600
2022-12-27,12.982720375061035,13.047203919913596,12.982720375061035,12.991317579742686,17000
2022-12-28,12.939733505249023,13.017114101605161,12.922537452746365,12.982722816552757,16500
2022-12-29,13.063542366027832,13.094493948775229,13.042907430894289,13.094493948775229,5600
2022-12-30,12.83655834197998,12.939732186623244,12.823661303917262,12.888144854325198,21600
2023-01-03,12.974123001098633,13.077296842027607,12.888144390348089,12.888144390348089,36700
2023-01-04,12.954347610473633,13.068698222827006,12.83655729627871,13.068698222827006,57100
2023-01-05,12.853754043579102,12.931134634884017,12.810764735081607,12.931134634884017,36600
2023-01-06,12.793569564819336,12.913939465197226,12.733385024606823,12.913939465197226,20800
2023-01-09,12.853754043579102,12.888145326386525,12.74198216946676,12.888145326386525,12100
2023-01-10,12.982720375061035,12.982720375061035,12.7935679328678,12.89674176862245,12800
2023-01-11,12.74198055267334,12.840856195657388,12.733383348027004,12.767774626470617,14600
2023-01-12,12.84515380859375,12.84515380859375,12.72478474944701,12.72478474944701,3800
2023-01-13,12.901041030883789,12.92167596242505,12.827959459980939,12.862350739232117,7200
2023-01-17,13.025708198547363,13.025708198547363,12.905339139573606,12.905339139573606,2300
2023-01-18,12.948328018188477,13.111686372874615,12.89674069463077,13.094490325037818,7900
2023-01-19,12.92253589630127,13.008514508553107,12.836558104002245,12.836558104002245,82100
2023-01-20,13.068699836730957,13.077297862467487,12.913939473237729,13.05150460521076,55000
2023-01-23,12.999916076660156,13.060100611381998,12.937151970463725,12.937151970463725,24100
2023-01-24,12.956927299499512,13.034307887265925,12.94833009415544,12.991318580734271,15600
2023-01-25,13.012812614440918,13.017111626749239,12.956926274385484,12.974122323618774,3000
2023-01-26,12.759177207946777,12.870949073185997,12.73338395287705,12.870949073185997,5900
2023-01-27,12.277698516845703,12.518438298318237,12.208915956411493,12.501242248233286,88300
2023-01-30,12.475448608398438,12.561426396313815,12.337883491771613,12.441057329241731,7400
2023-01-31,12.55282974243164,12.55282974243164,12.418703501847869,12.449655080480426,5600
2023-02-01,12.39806842803955,12.621612159795994,12.363677147765697,12.621612159795994,21700
2023-02-02,12.58721923828125,12.604414466199701,12.492642614895352,12.595816442264129,7000
2023-02-03,12.673198699951172,12.767775335890665,12.647405444673492,12.701571526742459,15400
2023-02-06,12.870949745178223,12.92253625801101,12.681797284901373,12.681797284901373,63700
2023-02-07,12.896742820739746,12.931134102130272,12.819362232622854,12.819362232622854,7400
2023-02-08,12.896742820739746,12.974123408856636,12.837417593856419,12.974123408856636,3000
2023-02-09,12.879547119140625,13.008515042815118,12.819362580064238,12.982721786061358,8900
2023-02-10,12.989598274230957,13.034307018852697,12.956926436241782,13.025708994128648,11700
2023-02-13,12.926834106445312,12.999915676336819,12.845154511871803,12.991317651654816,42500
2023-02-14,12.909639358520508,12.95692685612967,12.868369494469873,12.868369494469873,9100
2023-02-15,12.974123001098633,12.974123001098633,12.853753110038431,12.87094916016966,9600
2023-02-16,12.802165985107422,12.948329124396533,12.802165985107422,12.879545747125691,16000
2023-02-17,12.83655834197998,12.922536135872951,12.784971009681934,12.922536135872951,2500
2023-02-21,12.784969329833984,12.89674118516642,12.638806197472547,12.71618677577598,8300
2023-02-22,12.61301326751709,12.75917640361955,12.61301326751709,12.75917640361955,4900
2023-02-23,12.570024490356445,12.673198328395088,12.54423123583498,12.54423123583498,16100
2023-02-24,12.5270357131958,12.604416299968365,12.475449201982633,12.509840482775681,20500
2023-02-27,12.561426162719727,12.647404768989007,12.492643605685405,12.492643605685405,10400
2023-02-28,12.595818519592285,12.759177721498903,12.595818519592285,12.716188414683856,58000
2023-03-01,12.638808250427246,12.681797558684545,12.578623710838741,12.647406276069276,4000
2023-03-02,12.681796073913574,12.703290315549275,12.681796073913574,12.681796073913574,2600
2023-03-03,12.681796073913574,12.716187352502349,12.561426188876487,12.561426188876487,4000
2023-03-06,12.827959060668945,12.836557085202292,12.734242561142066,12.819361036135598,22000
2023-03-07,12.50984001159668,12.741980943218048,12.50984001159668,12.741980943218048,6300
2023-03-08,12.630209922790527,12.673199230019929,12.501242821055156,12.501242821055156,3600
2023-03-09,12.621610641479492,12.647403893593884,12.617311629468311,12.647403893593884,1400
2023-03-10,12.415264129638672,12.561427281340928,12.355079591862273,12.544232050527453,50500
2023-03-13,12.277698516845703,12.337883872190236,12.269101311756026,12.286296541888179,6300
2023-03-14,12.036958694458008,12.140132527730463,12.036958694458008,12.140132527730463,8400
2023-03-15,11.907991409301758,12.036958493753744,11.86500210783352,12.036958493753744,5000
2023-03-16,11.899394035339355,11.94238333915703,11.641459032386079,11.86500275627577,50300
2023-03-17,11.787622451782227,11.865003036490979,11.693046637111966,11.796220476739373,22000
2023-03-20,12.028363227844238,12.067053526042935,11.985373916517583,11.985373916517583,11600
2023-03-21,12.105741500854492,12.191720107006411,12.02836091930832,12.02836091930832,2000
2023-03-22,12.174524307250977,12.269100939946512,12.174524307250977,12.269100939946512,2700
2023-03-23,11.99397087097168,12.183123331934222,11.9853728454841,12.148732049936745,60800
2023-03-24,12.105741500854492,12.105741500854492,11.993969640838102,12.01116569004959,13700
2023-03-27,11.99397087097168,12.019764127481576,11.87360179395693,11.891657155509142,47600
2023-03-28,12.054156303405762,12.183123406699535,12.04555827786542,12.183123406699535,7800
2023-03-29,12.071351051330566,12.097144306966275,12.063613156635133,12.092845294368189,2800
2023-03-30,12.105741500854492,12.165926033189182,12.07994824699002,12.07994824699002,6900
2023-03-31,12.174524307250977,12.174524307250977,12.019763140987571,12.079948494508214,158000
2023-04-03,12.342182159423828,12.398068502675773,12.28801607715581,12.294894661233108,8600
2023-04-04,12.187420845031738,12.389469499410987,12.165925783957729,12.337882992738844,62200
2023-04-05,12.260502815246582,12.260502815246582,12.165926183321806,12.191720257457344,14900
2023-04-06,12.217514991760254,12.26050430057476,12.191721734452695,12.200318940253304,6700
2023-04-10,12.294894218444824,12.33788352248592,12.191720380717863,12.191720380717863,9000
2023-04-11,12.372273445129395,12.415261924504101,12.32068612194599,12.372273445129395,7200
2023-04-12,12.561426162719727,12.570024187337207,12.449654302550766,12.449654302550766,17800
2023-04-13,12.55282974243164,12.613014278609176,12.38947054430289,12.38947054430289,47300
2023-04-14,12.58721923828125,12.647403765924864,12.574322202377894,12.647403765924864,1800
2023-04-17,12.669760704040527,12.750580177528592,12.604417020810907,12.604417020810907,13500
2023-04-18,12.716187477111816,12.802166084402659,12.673198173466394,12.7505787560376,47900
2023-04-19,12.604414939880371,12.656861575934022,12.535632385716301,12.656861575934022,34000
2023-04-20,12.677496910095215,12.707589176006685,12.570024063295541,12.570024063295541,44400
2023-04-21,12.888143539428711,12.888143539428711,12.570024012579518,12.73338319822946,62600
2023-04-24,12.905340194702148,12.939731474356838,12.853752865243722,12.879546119996542,23100
2023-04-25,12.853754043579102,12.870950094959243,12.785831608514405,12.827960786461748,12900
2023-04-26,12.896742820739746,12.913938871411421,12.846875749706971,12.870949564685057,23900
2023-04-27,13.137480735778809,13.141779748101596,13.017111670551769,13.017111670551769,16000
2023-04-28,13.292243003845215,13.34383033605155,13.174452680264174,13.180471134025511,55600
2023-05-01,13.068699836730957,13.120287171197276,13.038607566605965,13.120287171197276,22000
2023-05-02,12.939733505249023,13.017114101605161,12.88814616769396,13.017114101605161,10300
2023-05-03,13.008513450622559,13.025708679702818,12.965524147992788,12.982720197025795,4100
2023-05-04,13.025708198547363,13.025708198547363,12.939730416416495,12.948328440615398,6200
2023-05-05,13.163274765014648,13.163274765014648,13.07729615875637,13.163274765014648,10800
2023-05-08,13.07729721069336,13.163275823867751,12.888144753681392,13.163275823867751,24900
2023-05-09,12.948328018188477,13.077295097153709,12.888142670712371,12.888142670712371,165800
2023-05-10,13.025708198547363,13.15467610167274,12.956925644861583,13.15467610167274,9200
2023-05-11,12.810763359069824,13.008513828936655,12.750578825609505,13.008513828936655,15100
2023-05-12,12.724785804748535,12.784970339313174,12.638807195410948,12.776372314388858,14100
2023-05-15,12.5270357131958,12.630209555574949,12.492644432402752,12.630209555574949,30400
2023-05-16,12.458252906799316,12.664600587502786,12.380872321547317,12.398068371582337,203800
2023-05-17,12.604414939880371,12.668898481915097,12.578621687057026,12.647404241221096,19400
2023-05-18,12.570024490356445,12.647405073873621,12.4840467019673,12.4840467019673,23400
2023-05-19,12.578622817993164,12.595818048103833,12.527035487755565,12.5614267679297,10900
2023-05-22,12.66030216217041,12.723925578243476,12.66030216217041,12.723925578243476,2500
2023-05-23,12.561426162719727,12.664599998271209,12.561426162719727,12.638806744371529,4000
2023-05-24,12.561426162719727,12.595817441236887,12.514138667229105,12.595817441236887,4700
2023-05-25,12.355079650878906,12.449655470686842,12.355079650878906,12.432460239791233,2600
2023-05-26,12.518438339233398,12.595818105010194,12.38087239796256,12.38087239796256,5100
2023-05-30,12.595818519592285,12.613014570299436,12.501242700561441,12.501242700561441,5000
2023-05-31,12.544230461120605,12.698991618597121,12.48404593096984,12.492643135310859,111600
2023-06-01,12.595818519592285,12.595818519592285,12.48404746980712,12.492644675207867,9700
2023-06-02,12.716187477111816,12.716187477111816,12.630208869820974,12.630208869820974,2300
2023-06-05,12.638808250427246,12.656004301711308,12.578623710838741,12.578623710838741,21500
2023-06-06,12.608715057373047,12.630209299951375,12.595818019854372,12.630209299951375,1700
2023-06-07,12.602533340454102,12.735005318936393,12.417072065237113,12.735005318936393,43600
2023-06-08,12.602533340454102,12.602533340454102,12.531880664062408,12.540712353890907,1000
2023-06-09,12.611363410949707,12.651105170492817,12.58486918533305,12.651105170492817,1900
2023-06-12,12.637859344482422,12.637859344482422,12.558375819951667,12.58487004738315,7300
2023-06-13,12.59370231628418,12.65552246387867,12.59370231628418,12.59370231628418,22200
2023-06-14,12.708510398864746,12.721757090649035,12.514217444411415,12.514217444411415,5300
2023-06-15,12.726173400878906,12.770331006993187,12.717341711208793,12.717341711208793,17400
2023-06-16,12.858646392822266,12.858646392822266,12.823320475901172,12.840983013243571,1900
2023-06-20,12.765914916992188,12.87630850903967,12.735004845976695,12.735004845976695,47300
2023-06-21,12.787993431091309,12.885140332131511,12.787993431091309,12.832151036815375,5200
2023-06-22,12.83215045928955,12.840982148484139,12.752666941010732,12.8233196123312,14600
2023-06-23,12.91163444519043,12.91163444519043,12.814488387240324,12.814488387240324,61900
2023-06-26,12.902803421020508,12.938129338663636,12.832151585734248,12.84981496567397,22900
2023-06-27,13.008780479431152,13.008780479431152,12.876308505900969,12.876308505900969,24000
2023-06-28,13.008780479431152,13.026443858427854,12.876308505900969,12.876308505900969,12000
2023-06-29,13.026444435119629,13.114759649540385,12.876309075946125,12.92929837304584,16800
2023-06-30,12.938129425048828,13.079433938801118,12.924882732241903,12.97345534292782,26600
2023-07-03,12.849814414978027,13.09709582788236,12.849814414978027,12.99111807949479,67400
2023-07-05,13.070601463317871,13.08826400007781,12.938128647555125,12.938128647555125,37500
2023-07-06,13.01761245727539,13.24723133590105,12.920466397350513,13.141253586282197,14600
2023-07-07,13.044107437133789,13.123590117127042,13.044107437133789,13.079433353431773,2500
2023-07-10,13.008780479431152,13.123589916200903,13.008780479431152,13.112992057250136,13600
2023-07-11,13.105927467346191,13.105927467346191,12.946960424254714,13.03527563535804,54500
2023-07-12,13.300220489501953,13.300220489501953,13.150085135256115,13.2207369675793,9300
2023-07-13,13.423861503601074,13.423861503601074,13.238400223126742,13.335547129521498,14800
2023-07-14,13.291388511657715,13.379702879028322,13.19424161264291,13.379702879028322,60400
2023-07-17,13.370872497558594,13.415029261663731,13.291388974591289,13.415029261663731,4400
2023-07-18,13.3797025680542,13.385001918470298,13.326714117310658,13.326714117310658,2900
2023-07-19,13.23840045928955,13.362041595890208,13.211906230816673,13.362041595890208,5900
2023-07-20,13.167747497558594,13.167747497558594,13.114759045137195,13.114759045137195,2900
2023-07-21,13.194241523742676,13.203073213091109,13.123589693427725,13.194241523742676,4200
2023-07-24,13.476849555969238,13.476849555969238,13.29138829263989,13.29138829263989,6700
2023-07-25,13.459187507629395,13.468019197764647,13.388535671020028,13.468019197764647,4900
2023-07-26,13.512176513671875,13.512176513671875,13.441524678592089,13.46801890618793,10200
2023-07-27,13.423861503601074,13.538670947917215,13.423861503601074,13.538670947917215,4300
2023-07-28,13.476849555969238,13.521007160045034,13.388534347817645,13.397366037080054,2400
2023-07-31,13.573996543884277,13.573996543884277,13.494513019533382,13.512176399271938,5800
2023-08-01,13.582828521728516,13.60932274966176,13.529839223625704,13.529839223625704,6000
2023-08-02,13.529839515686035,13.671143190695341,13.433576955595475,13.671143190695341,7700
2023-08-03,13.521008491516113,13.556334409808194,13.485682573224032,13.525423494345835,16700
2023-08-04,13.547501564025879,13.565164100547078,13.477732397064688,13.512175648747224,11600
2023-08-07,13.547501564025879,13.59165916868326,13.404431733482767,13.404431733482767,5500
2023-08-08,13.573996543884277,13.573996543884277,13.450355412423296,13.451238918304744,2700
2023-08-09,13.521008491516113,13.53867102954399,13.459187502827726,13.53867102954399,7100
2023-08-10,13.512176513671875,13.538670741267717,13.450355526299829,13.538670741267717,3200
2023-08-11,13.468018531799316,13.503344448357208,13.344377402728554,13.503344448357208,34800
2023-08-14,13.423861503601074,13.468019111759025,13.317883749363789,13.468019111759025,6300
2023-08-15,13.300220489501953,13.388534858787796,13.291388799902487,13.309051336865144,100600
2023-08-16,13.264896392822266,13.264896392822266,13.203075399382582,13.229569629578794,16600
2023-08-17,13.18541145324707,13.300220894830169,13.176579763378454,13.264894977592007,43700
2023-08-18,13.291388511657715,13.300220201065653,13.213671160893124,13.229567528038405,1300
2023-08-21,13.220736503601074,13.27372495486571,13.19865728037727,13.203073125022032,4800
2023-08-22,13.247231483459473,13.30022077997728,13.242815638563297,13.282557400392578,4000
2023-08-23,13.406196594238281,13.423859129035316,13.279905806712124,13.309049705027979,17200
2023-08-24,13.326714515686035,13.388534657480237,13.326714515686035,13.388534657480237,6600
2023-08-25,13.344377517700195,13.431809225101986,13.335546670161854,13.415029351424696,3300
2023-08-28,13.384119033813477,13.406198257844851,13.353208962405832,13.354975131881087,7900
2023-08-29,13.317883491516113,13.379703636398549,13.247231656725814,13.256063346633677,119800
2023-08-30,13.335546493530273,13.397366636661319,13.274609014023225,13.274609014023225,8800
2023-08-31,13.273725509643555,13.406198327814362,13.264894662221193,13.31788311570049,57800
2023-09-01,13.3532075881958,13.662309954934354,13.332011872201495,13.450353637227481,70700
2023-09-05,13.105927467346191,13.238399441764907,12.965506466983884,13.238399441764907,11300
2023-09-06,12.999951362609863,13.01761390172138,12.938130370128604,13.01761390172138,2700
2023-09-07,13.158916473388672,13.158916473388672,13.026444493401149,13.026444493401149,8100
2023-09-08,13.211905479431152,13.211905479431152,13.123590266562427,13.150085335764818,5200
2023-09-11,13.264896392822266,13.370874155843502,13.229569629578794,13.309053162403819,41100
2023-09-12,13.291388511657715,13.353208653040765,13.247230906854282,13.247230906854282,16600
2023-09-13,13.450355529785156,13.450355529785156,13.2913893219326,13.2913893219326,136800
2023-09-14,13.432692527770996,13.432692527770996,13.31964925862734,13.31964925862734,5400
2023-09-15,13.406196594238281,13.43269081755192,13.344375616858223,13.344375616858223,8600
2023-09-18,13.450355529785156,13.450355529785156,13.428277147155619,13.432692992128787,1800
2023-09-19,13.3532075881958,13.450353637227481,13.3532075881958,13.406196878181566,5700
2023-09-20,13.556333541870117,13.750625658918933,13.432692414645736,13.432692414645736,179200
2023-09-21,13.591659545898438,13.697637294675646,13.5828278562746,13.600490393285996,44700
2023-09-22,13.732962608337402,13.785951059282754,13.654362595501262,13.684389159773962,45800
2023-09-25,13.777120590209961,13.777120590209961,13.70646875885391,13.732962985053364,8900
2023-09-26,13.618154525756836,13.715300590283379,13.538670999218608,13.715300590283379,4700
2023-09-27,13.671141624450684,13.741794296097298,13.600489795040312,13.626984862746383,159500
2023-09-28,13.609322547912598,13.750626217776935,13.600490857987,13.609322547912598,42400
2023-09-29,13.503344535827637,13.777121022601944,13.423861012498442,13.724131726303717,47500
2023-10-02,13.697637557983398,13.811563492717532,13.62698572410713,13.75945770206606,106200
2023-10-03,13.741795539855957,13.85218913858083,13.63581694391212,13.777121457758463,108300
2023-10-04,13.706469535827637,13.803615598890023,13.62698601048736,13.803615598890023,52700
2023-10-05,13.565164566040039,13.626985551576283,13.538670339230954,13.565164566040039,35700
2023-10-06,13.72413158416748,13.768289190252629,13.468018479557156,13.635816371997183,36400
2023-10-09,13.01761245727539,13.335546548368239,12.982286540735773,13.335546548368239,197300
2023-10-10,13.079434394836426,13.211022875014203,13.052939323826148,13.088265242936837,66400
2023-10-11,13.123590469360352,13.281674012204466,13.05293863486811,13.114759621726048,123000
2023-10-12,12.840983390808105,13.026444670656051,12.840983390808105,13.026444670656051,29500
2023-10-13,12.611363410949707,12.726172844936885,12.567205806764447,12.721757000294735,39600
2023-10-16,12.549543380737305,12.620195211160222,12.549543380737305,12.576037606586835,75400
2023-10-17,12.726173400878906,12.774746851828244,12.602533114442457,12.602533114442457,16200
2023-10-18,12.5142183303833,12.567206785744393,12.452398185049923,12.567206785744393,16100
2023-10-19,12.390576362609863,12.417071430741498,12.364082136714483,12.417071430741498,11300
2023-10-20,11.993159294128418,12.205114780265783,11.931339154564078,12.205114780265783,112300
2023-10-23,11.94017219543457,12.024070725130944,11.931340505286638,11.931340505286638,4400
2023-10-24,12.107969284057617,12.125631820931178,12.019654072980991,12.019654072980991,23300
2023-10-25,12.107969284057617,12.30226224308443,12.090305904947783,12.15212688959593,28100
2023-10-26,12.001992225646973,12.003758395212172,11.940172079683402,11.966666307634028,38300
2023-10-27,11.785619735717773,11.97549684256075,11.754709665717519,11.97549684256075,14600
2023-10-30,11.97549819946289,12.046150036679139,11.931340590643652,11.931340590643652,27500
2023-10-31,12.187453269958496,12.222779187287918,12.143295662737644,12.143295662737644,13100
2023-11-01,12.496554374694824,12.503619894794392,12.346419021028277,12.436500401675461,61900
2023-11-02,12.787993431091309,12.787993431091309,12.69967906187945,12.779162583735516,5400
2023-11-03,12.849814414978027,12.902802868053675,12.761499203536914,12.796825119666105,10200
2023-11-06,12.999951362609863,12.999951362609863,12.893973601231622,12.96462544215045,5300
2023-11-07,12.999951362609863,13.026445592395328,12.991119671935914,12.999951362609863,4100
2023-11-08,12.94696044921875,12.94696044921875,12.805656784969988,12.805656784969988,12500
2023-11-09,12.840983390808105,12.849815080857132,12.770331554888537,12.770331554888537,16900
2023-11-10,13.044107437133789,13.044107437133789,12.893972082308288,12.902802929705574,6400
2023-11-13,12.920466423034668,13.035275862575723,12.86924329649681,12.96462402935604,29200
2023-11-14,13.052938461303711,13.123590294856498,12.920466483951307,12.920466483951307,12100
2023-11-15,13.035276412963867,13.05293895089641,13.017613032795003,13.05293895089641,7900
2023-11-16,13.158916473388672,13.16774816331752,13.008781113543447,13.008781113543447,13100
2023-11-17,13.256063461303711,13.256063461303711,13.097096410532258,13.256063461303711,23500
2023-11-20,13.141254425048828,13.247232181431922,13.105928506254463,13.247232181431922,14300
2023-11-21,13.035276412963867,13.061770640980841,13.035276412963867,13.061770640980841,15000
2023-11-22,12.955793380737305,12.999067484670402,12.955793380737305,12.98228760976462,8200
2023-11-24,13.123590469360352,13.123590469360352,12.946960883129746,12.946960883129746,9700
2023-11-27,13.097095489501953,13.105927178865143,12.999949433215644,13.044107037795332,31200
2023-11-28,13.158916473388672,13.158916473388672,13.026444493401149,13.088264638430484,45900
2023-11-29,13.052938461303711,13.203073818162457,13.035275924033659,13.203073818162457,8700
2023-11-30,13.088264465332031,13.088264465332031,13.022028476214272,13.026444321120296,52500
2023-12-01,13.052938461303711,13.074134179816804,12.97345493799775,12.97345493799775,5200
2023-12-04,12.94696044921875,13.052938197405322,12.893971996243602,13.052938197405322,6700
2023-12-05,12.929298400878906,12.982286855856385,12.871893258710946,12.982286855856385,11600
2023-12-06,12.805657386779785,12.88514091221416,12.805657386779785,12.814489076769453,5700
2023-12-07,12.858646392822266,12.885140619954011,12.805657096322479,12.885140619954011,29800
2023-12-08,12.655521392822266,12.78799336709525,12.584869560911839,12.78799336709525,58000
2023-12-11,12.699678421020508,12.708510110166907,12.611363214028989,12.708510110166907,6500
2023-12-12,12.726173400878906,12.726173400878906,12.673184947330794,12.673184947330794,22400
2023-12-13,12.704094886779785,12.73323878859895,12.67318481549223,12.67318481549223,14200
2023-12-14,12.938129425048828,12.938129425048828,12.81448913359051,12.823320823619337,11000
2023-12-15,12.858646392822266,12.973454991138595,12.858646392822266,12.973454991138595,4300
2023-12-18,12.823320388793945,12.867477152968139,12.814488699064592,12.867477152968139,9700
2023-12-19,12.849814414978027,12.916933908294373,12.832151035795295,12.87542597789848,17700
2023-12-20,12.835592269897461,12.906704366374491,12.78314766035548,12.888926130326995,22300
2023-12-21,12.9155912399292,12.960035977528511,12.88003561939232,12.88003561939232,7100
2023-12-22,12.968926429748535,12.968926429748535,12.89781518135384,12.89781518135384,4700
2023-12-26,13.066703796386719,13.066703796386719,12.888925680678565,12.888925680678565,8800
2023-12-27,13.075592994689941,13.084482112458367,12.968926124607624,12.968926124607624,7900
2023-12-28,13.191149711608887,13.253371844000993,13.182260593349163,13.203594138087308,9300
2023-12-29,13.2089262008667,13.235593553829778,13.111148449807498,13.235593553829778,14500
2024-01-02,13.191149711608887,13.208927100415355,13.111149342697335,13.208927100415355,22200
2024-01-03,13.173371315002441,13.200038669457538,13.146704808260308,13.200038669457538,6100
2024-01-04,13.102259635925293,13.111148753785743,13.022259270607107,13.111148753785743,49000
2024-01-05,13.191149711608887,13.235594455194523,13.156482489481158,13.156482489481158,6400
2024-01-08,13.43114948272705,13.43114948272705,13.288926986589805,13.311149781431839,13000
2024-01-09,13.537816047668457,13.56448340087384,13.488927595551107,13.546705165403585,36800
2024-01-10,13.493371963500977,13.63559445439901,13.484482845891621,13.63559445439901,10600
2024-01-11,13.537816047668457,13.62492787558944,13.520038659911128,13.537816047668457,13000
2024-01-12,13.520038604736328,13.63559459168263,13.520038604736328,13.63559459168263,8400
2024-01-16,13.3067045211792,13.520038254142044,13.253370664082038,13.520038254142044,34600
2024-01-17,13.395593643188477,13.408927319879188,13.235593761464576,13.333371514057678,161200
2024-01-18,13.244482040405273,13.368927146463045,13.235593770318449,13.368927146463045,29400
2024-01-19,13.271149635314941,13.32448264765817,13.208926657297246,13.208926657297246,33900
2024-01-22,13.351150512695312,13.382261579038783,13.253371906801,13.253371906801,4100
2024-01-23,13.386704444885254,13.45781568687907,13.271148464717086,13.271148464717086,30200
2024-01-24,13.600038528442383,13.617815915551807,13.477371081764481,13.477371081764481,24400
2024-01-25,13.62670612335205,13.62670612335205,13.466705387999726,13.466705387999726,59300
2024-01-26,13.34226131439209,13.457817308484225,13.34226131439209,13.457817308484225,8700
2024-01-29,13.377817153930664,13.377817153930664,13.25337203959689,13.342261528080012,10100
2024-01-30,13.360037803649902,13.377816038949987,13.217815312100901,13.253370934988151,42500
2024-01-31,13.102259635925293,13.253371248701214,13.075593130056877,13.253371248701214,11600
2024-02-01,13.155592918395996,13.217815045264338,13.022258699475824,13.031147816946415,51200
2024-02-02,13.08448314666748,13.146705280538693,13.004482775854209,13.013371894325239,13400
2024-02-05,13.111148834228516,13.147593709052208,13.111148834228516,13.120037952143505,1200
2024-02-06,12.95114803314209,13.040037516389312,12.844481161873185,13.040037516389312,54100
2024-02-07,12.897814750671387,12.951147761330045,12.862259127661309,12.951147761330045,15000
2024-02-08,12.871148109436035,12.93337108892945,12.871148109436035,12.93337108892945,44000
2024-02-09,12.933370590209961,12.951147978156166,12.871147613115907,12.871147613115907,13200
2024-02-12,13.017815589904785,13.017815589904785,12.933370665458426,12.933370665458426,9600
2024-02-13,12.880037307739258,12.977815912817379,12.880037307739258,12.897815544194543,26200
2024-02-14,13.137815475463867,13.155593711476806,13.075593344844485,13.12892720517035,5700
2024-02-15,13.222260475158691,13.280038047098458,13.217815916130562,13.22670503418682,15000
2024-02-16,13.271149635314941,13.297816141486557,13.230260201319716,13.230260201319716,6100
2024-02-20,13.28892707824707,13.324482702526618,13.20892671168985,13.280037960248945,9700
2024-02-21,13.217815399169922,13.226704516878518,13.164482388344187,13.226704516878518,8800
2024-02-22,13.04892635345459,13.137814987076064,12.99737014910399,13.137814987076064,10800
2024-02-23,12.9155912399292,13.013369832190259,12.89781385351719,13.013369832190259,6800
2024-02-26,13.00448226928711,13.00448226928711,12.958259872293866,12.960037526376228,6100
2024-02-27,12.960037231445312,13.013371091267247,12.960037231445312,13.004481973344769,6900
2024-02-28,12.942259788513184,13.044482101050042,12.933370670628342,13.022259306337938,59200
2024-02-29,12.942259788513184,12.986703682511513,12.888925928917075,12.897815046801917,64600
2024-03-01,13.066703796386719,13.066703796386719,13.013370785530734,13.02225905553145,4700
2024-03-04,13.008926391601562,13.075593079873208,13.004481832688395,13.022259220628133,10900
2024-03-05,12.853370666503906,12.96003754098246,12.764481180581962,12.96003754098246,19700
2024-03-06,12.782258987426758,12.915592364117327,12.782258987426758,12.915592364117327,10800
2024-03-07,12.880037307739258,12.880037307739258,12.791148668601753,12.791148668601753,3600
2024-03-08,12.826703071594238,12.924480819642536,12.826703071594238,12.902258873903843,5600
2024-03-11,12.844480514526367,12.906703488748633,12.817814009981337,12.817814009981337,19000
2024-03-12,12.888925552368164,12.897814669993311,12.853369929580493,12.888925552368164,19500
2024-03-13,12.906704902648926,12.960037917581499,12.906704902648926,12.936038315175736,12400
2024-03-14,12.960037231445312,13.013371091267247,12.915592489545856,12.915592489545856,20600
2024-03-15,13.022259712219238,13.022259712219238,12.960926831413248,12.978704220024081,5100
2024-03-18,13.155592918395996,13.155592918395996,13.093369943814755,13.146703800925405,14300
2024-03-19,13.271149635314941,13.288927023525035,13.182260151125632,13.191149269087152,16800
2024-03-20,13.253371238708496,13.324482486112615,13.173370873450628,13.297815980264303,13900
2024-03-21,13.28892707824707,13.30670531424332,13.271149689963773,13.28892707824707,5500
2024-03-22,13.3067045211792,13.33337102587133,13.3067045211792,13.33337102587133,3600
2024-03-25,13.377817153930664,13.386706272321574,13.324483291298192,13.324483291298192,4400
2024-03-26,13.28892707824707,13.413372187081963,13.2267049476861,13.413372187081963,7000
2024-03-27,13.133370399475098,13.21781532178654,13.111148453046628,13.21781532178654,8700
2024-03-28,13.14670467376709,13.191149416357943,13.111149049237,13.137815555706329,6000
2024-04-01,13.14670467376709,13.253371547357363,13.14670467376709,13.14670467376709,8500
2024-04-02,13.202703475952148,13.253370427361256,13.155592680094601,13.155592680094601,8100
2024-04-03,13.280036926269531,13.280036926269531,13.191148296347976,13.191148296347976,1600
2024-04-04,13.155592918395996,13.28892628960327,13.155592918395996,13.262259784904396,1400
2024-04-05,13.297815322875977,13.297815322875977,13.208925844158683,13.226704078987298,2800
2024-04-08,13.34226131439209,13.413372564954484,13.280038334365265,13.413372564954484,3900
2024-04-09,13.271149635314941,13.306705259448076,13.262260517353422,13.306705259448076,4100
2024-04-10,13.235593795776367,13.235593795776367,13.164482548667412,13.20003817222189,12600
2024-04-11,13.280036926269531,13.288926043575552,13.217814800553155,13.288926043575552,4500
2024-04-12,12.888925552368164,13.168925975856963,12.888925552368164,13.164482264757304,20500
2024-04-15,13.217815399169922,13.351149621660104,13.137815035218397,13.253371022291386,55600
2024-04-16,13.008926391601562,13.057814844220538,12.986703597035726,13.057814844220538,2800
2024-04-17,12.888925552368164,12.982258744293459,12.888925552368164,12.933370292780983,33200
2024-04-18,12.960037231445312,12.968926349367793,12.906704219336321,12.906704219336321,5500
2024-04-19,12.817814826965332,12.897815193412395,12.817814826965332,12.871147839454741,4400
2024-04-22,12.800036430358887,12.877370738610033,12.755592536413111,12.791148160197494,13900
2024-04-23,12.702259063720703,12.773370313455123,12.702259063720703,12.746703806732956,9900
2024-04-24,12.666703224182129,12.76448097898161,12.657814106187734,12.728925354716985,13400
2024-04-25,12.755593299865723,12.755593299865723,12.644481862925126,12.70225943714052,1700
2024-04-26,12.746703147888184,12.888036389152179,12.72003664254434,12.888036389152179,1800
2024-04-29,12.800036430358887,12.844481172017598,12.684481288844347,12.684481288844347,90300
2024-04-30,12.737814903259277,12.835592661363721,12.737814903259277,12.835592661363721,4000
2024-05-01,12.800036430358887,12.826703783981877,12.764480806574504,12.777814483385999,6000
2024-05-02,12.880037307739258,12.880037307739258,12.73781480694887,12.755593043404156,12900
2024-05-03,12.960037231445312,12.960037231445312,12.924481607468337,12.924481607468337,3200
2024-05-06,12.924482345581055,12.968927090018735,12.88892671957351,12.968927090018735,2500
2024-05-07,12.960037231445312,12.960037231445312,12.917370143587764,12.942259843313296,5300
2024-05-08,13.111148834228516,13.111148834228516,13.011592578549102,13.031148468419492,234200
2024-05-09,13.031148910522461,13.075593653892328,12.986704167152594,13.075593653892328,9000
2024-05-10,12.9155912399292,12.968925094590945,12.89781385351719,12.93248022326268,9100
2024-05-13,12.9155912399292,12.960035977528511,12.906702970579625,12.955591418997294,900
2024-05-14,12.897814750671387,12.897814750671387,12.862259127661309,12.862259127661309,1400
2024-05-15,12.702259063720703,12.897815424346842,12.631147813986281,12.8889263062018,24800
2024-05-16,12.728924751281738,12.826703349158818,12.684480858842605,12.826703349158818,9400
2024-05-17,12.782258987426758,12.826703728894591,12.733369687040845,12.782258987426758,9700
2024-05-20,12.702259063720703,12.782259431600167,12.666703438853492,12.782259431600167,21500
2024-05-21,12.737814903259277,12.737814903259277,12.648925415736707,12.68448188891612,4000
2024-05-22,12.684480667114258,12.728924558881614,12.675591549675628,12.683591416285237,11300
2024-05-23,12.444479942321777,12.595591552295575,12.444479942321777,12.595591552295575,4600
2024-05-24,12.403592109680176,12.444480697219692,12.337813821540507,12.444480697219692,5100
2024-05-28,12.071145057678223,12.311146140860508,12.062255940290829,12.302257023473114,132900
2024-05-29,12.231146812438965,12.231146812438965,12.115590819785472,12.213368576163214,335600
2024-05-30,12.328924179077148,12.337813296934023,12.213368190076588,12.337813296934023,22300
2024-05-31,12.320035934448242,12.391147186917639,12.231147292717997,12.351147849152476,61500
2024-06-03,12.21336841583252,12.435591280084406,12.21336841583252,12.435591280084406,28200
2024-06-04,12.2578125,12.262257058771926,12.177812137531143,12.177812137531143,6500
2024-06-05,12.275590896606445,12.275590896606445,12.213367920693674,12.222257038354487,3700
2024-06-06,12.275590896606445,12.275590896606445,12.204478803032861,12.204478803032861,500
2024-06-07,12.2578125,12.275590735087704,12.222256877537498,12.222256877537498,1800
2024-06-10,12.391145706176758,12.400034823601434,12.311146192493371,12.311146192493371,1400
2024-06-11,12.380059242248535,12.435492732588886,12.28951890262564,12.435492732588886,13600
2024-06-12,12.370820045471191,12.370820045471191,12.287670257332092,12.33386468197441,241800
2024-06-13,12.296910285949707,12.389298261417695,12.23685726486435,12.389298261417695,2200
2024-06-14,12.343103408813477,12.343103408813477,12.250715436521574,12.250715436521574,5700
2024-06-17,12.435493469238281,12.435493469238281,12.292291525580465,12.306149238172372,15800
2024-06-18,12.46320915222168,12.46320915222168,12.33848445861906,12.33848445861906,4400
2024-06-20,12.45396900177002,12.518641548959137,12.426252699309181,12.518641548959137,6300
2024-06-21,12.45396900177002,12.45396900177002,12.426252699309181,12.426252699309181,8600
2024-06-24,12.509403228759766,12.52788135221844,12.463208801198505,12.52788135221844,3100
2024-06-25,12.46320915222168,12.555598009946312,12.444731909328022,12.555598009946312,31400
2024-06-26,12.444732666015625,12.48630756641108,12.39853823434451,12.39853823434451,2800
2024-06-27,12.52788257598877,12.541740288851026,12.4447327744732,12.4447327744732,2200
2024-06-28,12.70341968536377,12.70341968536377,12.629508950408491,12.675703380026905,7400
2024-07-01,12.740374565124512,12.823524359037492,12.712658260848661,12.814285297250398,108500
2024-07-02,12.828145027160645,12.858633228892522,12.712659387840333,12.712659387840333,11900
2024-07-03,12.786569595336914,12.814285900918453,12.73113610308837,12.74961422753304,2000
2024-07-05,12.749613761901855,12.768091004586248,12.703419333562723,12.768091004586248,6100
2024-07-08,12.749613761901855,12.805046371040467,12.749613761901855,12.805046371040467,1800
2024-07-09,12.712658882141113,12.749614250010138,12.689561226544555,12.731136125532892,27000
2024-07-10,12.712658882141113,12.721897944379737,12.712658882141113,12.721897944379737,900
2024-07-11,12.860481262207031,12.860481262207031,12.777331458355846,12.787493898885023,2200
2024-07-12,12.971346855163574,12.971346855163574,12.823525379152558,12.952869611204946,12000
2024-07-15,12.860481262207031,12.98058643653813,12.85124219931567,12.98058643653813,3800
2024-07-16,13.045256614685059,13.063734738343198,12.8881960879326,13.026779372112351,27900
2024-07-17,13.072973251342773,13.082212313406659,13.017540641130372,13.082212313406659,9000
2024-07-18,13.11916732788086,13.16998128678069,13.082211961704283,13.165361755872938,9900
2024-07-19,13.183839797973633,13.183839797973633,13.146883550940167,13.183839797973633,5400
2024-07-22,13.285467147827148,13.285467147827148,13.183840109341228,13.285467147827148,11300
2024-07-23,13.33166217803955,13.33166217803955,13.253131909866967,13.28546774715824,5600
2024-07-24,13.33166217803955,13.433289221110048,13.257751441063647,13.433289221110048,150900
2024-07-25,13.292858123779297,13.368617377142364,13.239273148530627,13.303944822293758,37200
2024-07-26,13.553394317626953,13.571871561230928,13.424050088057202,13.424050088057202,94500
2024-07-29,13.636544227600098,13.719694027208773,13.618066102760176,13.664260533774494,10600
2024-07-30,13.74740982055664,13.74740982055664,13.682738148200366,13.682738148200366,1700
2024-07-31,13.488723754882812,13.54415637134798,13.488723754882812,13.54415637134798,4400
2024-08-01,13.405572891235352,13.599588795724307,13.331662154390559,13.599588795724307,55100
2024-08-02,13.220796585083008,13.377856246431145,13.202318459579981,13.377856246431145,14800
2024-08-05,12.721898078918457,12.81428605902532,12.537120356533771,12.712659016582126,88500
2024-08-06,12.925151824951172,13.026779745815505,12.925151824951172,12.952869011233512,6000
2024-08-07,13.091451644897461,13.280848015677678,13.082212582643432,13.280848015677678,46400
2024-08-08,13.414812088012695,13.414812088012695,13.294706919165225,13.313184163018802,11100
2024-08-09,13.368617057800293,13.414811486992837,13.340899871633495,13.414811486992837,4800
2024-08-12,13.35937786102295,13.391713696806006,13.35937786102295,13.35937786102295,3300
2024-08-13,13.424049377441406,13.516438233827028,13.32242234028557,13.516438233827028,34300
2024-08-14,13.313183784484863,13.41481170658917,13.303944722278024,13.41481170658917,9700
2024-08-15,13.525677680969238,13.525677680969238,13.377855330324355,13.396333454562011,47200
2024-08-16,13.405572891235352,13.442528259657749,13.405572891235352,13.442528259657749,5800
2024-08-19,13.525677680969238,13.553393986240266,13.377855330324355,13.41481157879967,48400
2024-08-20,13.553394317626953,13.590349685920385,13.507199886988793,13.516438949333521,22300
2024-08-21,13.793604850769043,13.830560219594805,13.608827125554745,13.618066188032559,75500
2024-08-22,13.775126457214355,13.83979813112704,13.664260352898832,13.775126457214355,41900
2024-08-23,13.756648063659668,13.784364367150118,13.691975514068082,13.784364367150118,22400
2024-08-26,13.664259910583496,13.784365073308848,13.655020848584904,13.784365073308848,34300
2024-08-27,13.738170623779297,13.76588692864802,13.738170623779297,13.747409685764021,2800
2024-08-28,13.61806583404541,13.728931937640846,13.608826771807756,13.719693756488661,24900
2024-08-29,13.710454940795898,13.710454940795898,13.608827016525147,13.608827016525147,21400
2024-08-30,13.8582763671875,13.876754491931447,13.775126568010696,13.849037304815525,76600
2024-09-03,13.950664520263672,13.98761988678934,13.867514725309562,13.904470091835229,107900
2024-09-04,13.98762035369873,14.024575721457975,13.86751518820982,13.913709618180242,17800
2024-09-05,14.04305362701416,14.070769933869226,13.941426581155243,14.061531752307877,16800
2024-09-06,13.941425323486328,14.172396582308604,13.941425323486328,14.010716524915924,54200
2024-09-09,13.904470443725586,13.922947686913318,13.728931787472106,13.849036951991472,17300
2024-09-10,13.978381156921387,14.006097462202636,13.904470422114416,13.92294766527343,9400
2024-09-11,13.8582763671875,13.885992673217938,13.70121583120587,13.728932137236308,55100
2024-09-12,13.821320533752441,13.858275900911453,13.782517530398296,13.802842409630207,13300
2024-09-13,13.959903717041016,13.959903717041016,13.858276671970678,13.858276671970678,4700
2024-09-16,13.941425323486328,13.959902566027687,13.901698062557076,13.959902566027687,5100
2024-09-17,14.0338134765625,14.052291600423919,13.885992010012904,13.895231071943613,15000
2024-09-18,13.92294692993164,14.043052087920966,13.92294692993164,14.043052087920966,9400
2024-09-19,14.237069129943848,14.301740804451017,14.116963962226615,14.301740804451017,211400
2024-09-20,14.227829933166504,14.366413224339874,14.098486585373928,14.366413224339874,138300
2024-09-23,14.181635856628418,14.209352161398488,14.053215891188374,14.13544142795467,24000
2024-09-24,14.20935344696045,14.20935344696045,14.116964581254262,14.172398076895078,14300
2024-09-25,14.264784812927246,14.264784812927246,14.190874079265871,14.190874079265871,10800
2024-09-26,14.264784812927246,14.292501998864347,14.22598180991784,14.237068508075591,2000
2024-09-27,14.255546569824219,14.310979179285626,14.182559214027986,14.310979179285626,32000
2024-09-30,14.0338134765625,14.135441395629426,14.00609717185581,14.116963271768007,370100
2024-10-01,13.913708686828613,14.135440878541838,13.876753321543076,14.04305202478529,89000
2024-10-02,13.8582763671875,13.913709860333862,13.765887505638723,13.913709860333862,39900
2024-10-03,13.516439437866211,13.701216286011869,13.516439437866211,13.701216286011869,15900
2024-10-04,13.479482650756836,13.553393382242769,13.479482650756836,13.553393382242769,40000
2024-10-07,13.451766967773438,13.525677702671741,13.450842709125887,13.51643864053809,3400
2024-10-08,13.719693183898926,13.765886730988374,13.664259693871983,13.765886730988374,6800
2024-10-09,13.812081336975098,13.812081336975098,13.695672328048058,13.695672328048058,14500
2024-10-10,13.701215744018555,13.765887418039872,13.645783132310418,13.673499438164487,37600
2024-10-11,13.636544227600098,13.673499596194455,13.553394427991423,13.64578329002006,47500
2024-10-14,13.812081336975098,13.821320398946101,13.682737993722832,13.728931541406958,14100
2024-10-15,13.8582763671875,13.8582763671875,13.758496960609529,13.802842874041136,42300
2024-10-16,13.8582763671875,13.8582763671875,13.784365630382672,13.784365630382672,5300
2024-10-17,13.812081336975098,13.812081336975098,13.728931541406958,13.738170603377961,5600
2024-10-18,13.74740982055664,13.784365187772432,13.739095017123041,13.784365187772432,7200
2024-10-21,13.701215744018555,13.756649236812168,13.691976681705373,13.738171112185805,9300
2024-10-22,13.7843656539917,13.7843656539917,13.701215854672483,13.728932160750395,22000
2024-10-23,13.571870803833008,13.664259659953434,13.56263262308931,13.655020598124306,17500
2024-10-24,13.571870803833008,13.61806523189322,13.56263262308931,13.608826170064093,2800
2024-10-25,13.608826637268066,13.710454558706603,13.590349394060897,13.645782885853324,28200
2024-10-28,13.913708686828613,13.996857597907015,13.913708686828613,13.922946867335941,8200
2024-10-29,14.015336990356445,14.024576052785894,13.895231822030073,13.94142625309183,52700
2024-10-30,14.024574279785156,14.052290582484092,13.95990173204047,13.96452126267119,28100
2024-10-31,13.941425323486328,14.015336055822623,13.913709019131574,14.006096994009228,16700
2024-11-01,14.107725143432617,14.16315775305232,14.070768895572224,14.109572779608548,9200
2024-11-04,13.959903717041016,13.98392475108515,13.895232041185846,13.969142779616183,11800
2024-11-05,14.061531066894531,14.089247372398598,13.99685851260442,13.99685851260442,8400
2024-11-06,14.144680976867676,14.156691052950183,14.061531178609407,14.107725608873498,22500
2024-11-07,14.172396659851074,14.172396659851074,14.098485927110387,14.098485927110387,21000
2024-11-08,14.158537864685059,14.19087369966125,14.149298802953169,14.19087369966125,20200
2024-11-11,14.144680976867676,14.209352650586117,14.098486546603585,14.181636344861854,51000
2024-11-12,14.27402400970459,14.292502133837155,14.227829580458625,14.264784947638306,24100
2024-11-13,14.144680976867676,14.255547080850208,14.144680976867676,14.255547080850208,54600
2024-11-14,14.177017211914062,14.253699844954257,14.172397680649357,14.190874924622678,29200
2024-11-15,14.153919219970703,14.200113650436878,14.107725670590003,14.195494119281712,20700
2024-11-18,14.27402400970459,14.31097937688427,14.181636032298115,14.181636032298115,29400
2024-11-19,14.384889602661133,14.384889602661133,14.329456994394178,14.329456994394178,57400
2024-11-20,14.403368949890137,14.403368949890137,14.320219149339646,14.380271293578613,25500
2024-11-21,14.292502403259277,14.338696833376034,14.190874480785322,14.209352605266211,266100
2024-11-22,14.190874099731445,14.227829466615429,14.098486123064209,14.116963365963478,465300
2024-11-25,14.246308326721191,14.25554738919094,14.163158526664432,14.190874832988188,245700
2024-11-26,14.268481254577637,14.394129328122839,14.246307857814257,14.344239625947965,101600
2024-11-27,14.307284355163574,14.357174057675964,14.27402425979349,14.357174057675964,29000
2024-11-29,14.370107650756836,14.375651440241818,14.190873729556458,14.246307218979151,75100
2024-12-02,14.334076881408691,14.357173655246214,14.283262921663606,14.283262921663606,69900
2024-12-03,14.343315124511719,14.357173717525617,14.227829492652251,14.301740226555475,36900
2024-12-04,14.27402400970459,14.301740314817986,14.190874213278946,14.301740314817986,55300
2024-12-05,14.255546569824219,14.325761149736307,14.200113079277369,14.310979179285626,65100
2024-12-06,14.301740646362305,14.375652263520545,14.274024340606385,14.357174138959616,102200
2024-12-09,14.237069129943848,14.310979866833607,14.207505187622136,14.310979866833607,64800
2024-12-10,14.08924674987793,14.213047182150582,14.070768626301348,14.163157482013407,224800
2024-12-11,14.264784812927246,14.27402387490628,14.227829446096559,14.264784812927246,91400
2024-12-12,14.221362113952637,14.310979075721674,14.200112976515719,14.278643240255617,61400
2024-12-13,14.310979843139648,14.357174273890639,14.237069106372259,14.347935211523344,81900
2024-12-16,15.382685661315918,15.419641908992775,14.83759334327843,14.92074313838048,557500
2024-12-17,15.141277313232422,15.280018040453564,15.113528462114568,15.280018040453564,60600
2024-12-18,14.826797485351562,14.993285300570076,14.808298251154815,14.974787830557402,112400
2024-12-19,14.928539276123047,15.080230874750484,14.865644351687491,14.993284829593774,47300
2024-12-20,15.067281723022461,15.140350696492419,15.03953287267457,15.09502880918634,108700
2024-12-23,15.132027626037598,15.141277243033999,15.011784369268437,15.104278775048394,34900
2024-12-24,15.224520683288574,15.280018386782162,15.039533630862255,15.039533630862255,45800
2024-12-26,15.298517227172852,15.307765079999445,15.185672958153349,15.185672958153349,23600
2024-12-27,15.173649787902832,15.215272181656774,15.114452592869835,15.215272181656774,35200
2024-12-30,15.206022262573242,15.270767815084955,15.150524562548354,15.270767815084955,48500
2024-12-31,15.224520683288574,15.280018386782162,15.193998534132794,15.27076876953323,11100
2025-01-02,15.113529205322266,15.1653256519421,15.077456932024047,15.150525911114654,70100
2025-01-03,15.163474082946777,15.187523439777793,15.098728528684877,15.14127711935759,87700
2025-01-06,15.132027626037598,15.307765056417056,15.122778009041197,15.280017969611906,154500
2025-01-07,15.141277313232422,15.40488522420781,15.122778079153852,15.31701474442664,149200
2025-01-08,15.252269744873047,15.428008946652321,15.24302012749686,15.428008946652321,287300
2025-01-10,15.372513771057129,15.49275527455892,15.372513771057129,15.455756803214237,198600
2025-01-13,15.483505249023438,15.539001190394972,15.428009307651902,15.465006013838202,122900
2025-01-14,15.474255561828613,15.548250738052557,15.437258855808722,15.548250738052557,32200
2025-01-15,15.72398853302002,15.760986999906034,15.612994896545976,15.62224451326748,98900
2025-01-16,15.548249244689941,15.622244413806873,15.520502158886087,15.622244413806873,55000
2025-01-17,15.705491065979004,15.723990301502628,15.575999945682044,15.723990301502628,163100
2025-01-21,15.797985076904297,15.807234694430443,15.668493959906574,15.714740283353144,466900
2025-01-22,15.871980667114258,15.890479902649293,15.797985489158322,15.853481431579224,46600
2025-01-23,15.964473724365234,15.982972958328691,15.885852862112566,15.908977786658912,60200
2025-01-24,15.964473724365234,15.99222257531042,15.899728169677184,15.927475256438319,44000
2025-01-27,15.88122844696045,15.908977297051651,15.834982127659112,15.834982127659112,39900
2025-01-28,15.92747688293457,15.936726500860859,15.79798576033498,15.853481703708486,196400
2025-01-29,15.788734436035156,15.881228841117451,15.770235202181889,15.816483286815057,89600
2025-01-30,15.908979415893555,15.945976123425242,15.844232090390696,15.844232090390696,113500
2025-01-31,15.751738548278809,15.899728898401131,15.749887919124022,15.899728898401131,66400
2025-02-03,16.010719299316406,16.010719299316406,15.848855420135841,15.862728962870184,118200
2025-02-04,15.918227195739746,15.955225667283903,15.862731252607732,15.945976049397865,119800
2025-02-05,15.908979415893555,15.945976123425242,15.881230562106614,15.945976123425242,83100
2025-02-06,15.779484748840332,15.871979153510736,15.751737662368033,15.871979153510736,325500
2025-02-07,15.92747688293457,15.954301304176079,15.881230557487354,15.945976118787149,55100
2025-02-10,16.07546615600586,16.07546615600586,16.029219833681097,16.047719068284646,63100
2025-02-11,16.334449768066406,16.35294900223978,16.23270574429692,16.23270574429692,99600
2025-02-12,16.24195671081543,16.24195671081543,16.149462296447908,16.186460767868603,82200
2025-02-13,16.251205444335938,16.27895429639146,16.154087108417784,16.158711035001645,490200
2025-02-14,16.24195671081543,16.2558320196903,16.158711914303083,16.19571038572378,80200
2025-02-18,16.177209854125977,16.191083397705277,16.093965064282017,16.149461002783298,143700
2025-02-19,16.23270606994629,16.241955687218535,16.167960513224667,16.23270606994629,38700
2025-02-20,16.362199783325195,16.362199783325195,16.17721095679958,16.27895498780709,118900
2025-02-21,16.084714889526367,16.267853067997045,16.038468569742626,16.241954846648706,187400
2025-02-24,16.0014705657959,16.121713823408978,15.982973095857327,16.121713823408978,169800
2025-02-25,16.056968688964844,16.158710950937554,16.001470985142515,16.103215011299337,140700
2025-02-26,16.158708572387695,16.297451047336615,16.12171187280281,16.158708572387695,112800
2025-02-27,16.112464904785156,16.26970487327543,16.075466434936086,16.121714522247427,181900
2025-02-28,16.140213012695312,16.17720971665375,15.955224200350953,16.03846898948751,392600
2025-03-03,15.834982872009277,16.047718773489834,15.784110859876083,16.047718773489834,231200
2025-03-04,16.019969940185547,16.14021319885145,15.908978062846035,16.14021319885145,168200
2025-03-05,16.0014705657959,16.05696826816381,15.899728306489523,16.05696826816381,115600
2025-03-06,15.807234764099121,15.964474734368299,15.723989970181076,15.881229940450254,491700
2025-03-07,15.649994850158691,15.751738879576765,15.548250820740618,15.723990026776153,171600
2025-03-10,15.363263130187988,15.539000564820311,15.330890352009186,15.539000564820311,143000
2025-03-11,15.3355131149292,15.455754601300713,15.252268330447396,15.400258666374166,198100
2025-03-12,15.520503044128418,15.580622909588486,15.42338294572352,15.557499748705068,75900
2025-03-13,15.520503044128418,15.622245304852273,15.492754192557863,15.622245304852273,199700
2025-03-14,15.69624137878418,15.723990231946866,15.594499112222715,15.594499112222715,458500
2025-03-17,15.816484451293945,15.834057489819525,15.760062313142647,15.797985216078684,28100
2025-03-18,15.668493270874023,15.742488443645042,15.631494802396475,15.742488443645042,56400
2025-03-19,15.742488861083984,15.751738478448642,15.631495216892231,15.677743303715515,805000
2025-03-20,15.677742958068848,15.728613206176737,15.631494872265195,15.696240428206224,69900
2025-03-21,15.566749572753906,15.714739921395255,15.520503250372526,15.63149512976148,609600
2025-03-24,15.76098918914795,15.7794866609763,15.723990717122751,15.77023704297,202700
2025-03-25,15.640745162963867,15.779485897981251,15.622245927845773,15.66849401564101,755900
2025-03-26,15.640745162963867,15.767462982920234,15.612996310286725,15.714740339252083,98400
2025-03-27,15.770235061645508,15.785034801433042,15.723988741608505,15.751737592141122,40100
2025-03-28,15.585248947143555,15.760988149300172,15.54825047755937,15.760988149300172,58400
2025-03-31,15.69624137878418,15.71474061422597,15.475182042736293,15.539001405897345,251000
2025-04-01,15.659242630004883,15.70548894839431,15.60374669510078,15.649993013490205,35500
2025-04-02,15.72398853302002,15.72398853302002,15.538999726957949,15.538999726957949,65800
2025-04-03,15.122777938842773,15.418758624617478,15.122777938842773,15.381760156803617,210800
2025-04-04,14.429072380065918,15.132027382838139,14.419822763218177,15.132027382838139,270900
2025-04-07,14.688055038452148,14.845294109707256,14.244083146033299,14.438320683574299,194000
2025-04-08,14.410573959350586,14.854545007984946,14.341203593262975,14.854545007984946,192700
2025-04-09,15.224520683288574,15.224520683288574,14.669556879733467,14.79904887494235,182800
2025-04-10,14.95628833770752,15.113528297292433,14.789798761184192,15.104278680354021,94100
2025-04-11,15.270768165588379,15.280017782471496,15.030283419179424,15.039533036062542,240300
2025-04-14,15.455755233764648,15.552875329090307,15.381760062773312,15.437257764154841,125500
2025-04-15,15.529752731323242,15.64074460973761,15.49275426239572,15.548250201602904,101400
2025-04-16,15.428009033203125,15.529753060727824,15.32626500567843,15.465005738731293,128500
2025-04-17,15.50200366973877,15.603747693727795,15.492754052632124,15.57599884240786,34500
2025-04-21,15.50200366973877,15.654617941538232,15.428008497069682,15.57599884240786,102300
2025-04-22,15.73323917388916,15.797984730970265,15.600972998111457,15.640744764837246,145000
2025-04-23,15.936724662780762,16.029219067191477,15.816483171975648,15.816483171975648,347600
2025-04-24,16.251205444335938,16.26045506168778,16.055118143355614,16.05696877249963,42200
2025-04-25,16.158708572387695,16.163334262450714,16.093963024976254,16.093963024976254,38600
2025-04-28,16.31595230102539,16.343701155290848,16.23270750241328,16.23270750241328,55100
2025-04-29,16.639680862426758,16.639680862426758,16.36219939343457,16.36219939343457,166800
2025-04-30,16.53793716430664,16.53793716430664,16.371449338095044,16.491690839945228,146800
2025-05-01,16.61193084716797,16.630430080921776,16.380695717797476,16.380695717797476,223700
2025-05-02,16.77842140197754,16.796920636811187,16.66742952134392,16.66742952134392,53800
2025-05-05,16.861665725708008,16.870915342867647,16.667429057907835,16.685928292227114,303700
2025-05-06,16.935659408569336,16.963408257606527,16.787669075405496,16.89866270737034,353400
2025-05-07,16.815420150756836,16.92641203323276,16.75992420951887,16.92641203323276,166800
2025-05-08,16.77842140197754,16.926411752278455,16.7506743139112,16.82466948906166,164300
2025-05-09,16.787670135498047,16.838542146520023,16.77842051856823,16.796919752427865,41200
2025-05-12,16.7691707611084,16.852415548595104,16.72292444103091,16.852415548595104,114500
2025-05-13,16.98190689086914,17.01890359076222,16.885713001289712,16.898662110879872,73000
2025-05-14,16.796920776367188,16.843167099651406,16.764547997231404,16.843167099651406,86500
2025-05-15,16.926410675048828,16.926410675048828,16.810793110972856,16.88016435509205,177300
2025-05-16,17.092899322509766,17.111398555162733,16.936585569888795,16.96340822230685,230700
2025-05-19,17.250141143798828,17.273264305032562,17.055904472414525,17.06515408974484,315300
2025-05-20,17.30563735961914,17.30563735961914,17.208519022377963,17.25939103641405,259600
2025-05-21,17.176145553588867,17.287139194681934,17.111399998027945,17.120649615134372,908200
2025-05-22,17.139150619506836,17.21314579981653,17.065155439197138,17.176147327569556,196100
2025-05-23,17.065153121948242,17.092900208181486,17.028154654725228,17.065153121948242,33100
2025-05-27,17.222393035888672,17.23164088848711,17.111399398683275,17.23164088848711,119400
2025-05-28,17.259387969970703,17.31488390079378,17.25013835413622,17.305634284959297,112100
2025-05-29,17.194644927978516,17.277889718430938,17.16227214993414,17.277889718430938,123200
2025-05-30,17.176145553588867,17.194644787801725,17.028155208254162,17.194644787801725,865300
2025-06-02,17.065153121948242,17.083650591375733,16.90791316461846,17.018905037919474,293900
2025-06-03,17.194644927978516,17.213144162342186,17.066078248263967,17.10215052034426,181600
2025-06-04,17.194644927978516,17.260314916530223,17.194644927978516,17.213144162342186,50400
2025-06-05,17.213144302368164,17.29638909349777,17.203894685111088,17.29638909349777,67600
2025-06-06,17.268640518188477,17.277890135593637,17.240891665972995,17.250141283378156,51300
2025-06-09,17.30563735961914,17.351885447008375,17.277890271369746,17.33338621205268,38800
2025-06-10,17.37038230895996,17.38887977720453,17.185393513043014,17.185393513043014,508800
2025-06-11,17.314884185791016,17.499872977157906,17.314884185791016,17.39812896548773,229800
2025-06-12,17.014280319213867,17.0559027108093,16.944909078493502,17.01890424530939,60100
2025-06-13,16.53793716430664,16.60730841503295,16.510190075363468,16.593434870561364,197600
2025-06-16,16.80202293395996,16.84986578137671,16.648929472262402,16.715907633627832,241400
2025-06-17,16.49583625793457,16.63936115230106,16.45756380444526,16.581951559558075,428500
2025-06-18,16.25662612915039,16.419288149130857,16.25662612915039,16.419288149130857,404600
2025-06-20,16.51497459411621,16.61065847230127,16.476700312834915,16.53411173475686,322600
2025-06-23,16.897706985473633,16.897706985473633,16.62979251211306,16.62979251211306,465000
2025-06-24,17.510080337524414,17.548354614773555,17.423965038731836,17.462239315980977,107000
2025-06-25,17.433534622192383,17.596196659927674,17.404830737603746,17.538787065732304,259200
2025-06-26,17.701448440551758,17.730154149083468,17.653607418016936,17.653607418016936,57400
2025-06-27,17.7684268951416,17.787564034478347,17.691880162812677,17.787564034478347,40100
2025-06-30,17.911951065063477,17.92151963434452,17.797131883726944,17.883247182238335,633100
2025-07-01,17.854541778564453,17.864110348008506,17.711016886939714,17.711016886939714,228000
2025-07-02,17.79713249206543,17.835404945479837,17.682311481786122,17.682311481786122,183700
2025-07-03,18.026771545410156,18.026771545410156,17.950224818413382,17.950224818413382,177300
2025-07-07,18.045909881591797,18.14159192792723,18.036341311954644,18.08418233512236,104800
2025-07-08,18.026771545410156,18.112886841408766,18.017202976408317,18.112886841408766,45700
2025-07-09,18.30425453186035,18.323391671730736,18.184650145197594,18.199003912609438,127800
2025-07-10,18.256412506103516,18.285118214335004,18.179865775837552,18.20857148406904,81100
2025-07-11,18.380800247192383,18.404722583213037,18.246843925563155,18.32339065578243,324700
2025-07-14,18.533897399902344,18.538680772577585,18.320521748215466,18.361666783302585,167800
2025-07-15,18.572168350219727,18.701341302194063,18.533895896866984,18.648715081943255,426600
2025-07-16,19.002744674682617,19.02187998866658,18.79032717680743,18.849651212702774,659000
2025-07-17,19.184541702270508,19.2036788409554,19.05537057869245,19.098426403206474,290500
2025-07-18,19.117563247680664,19.208463742526,19.09842610929028,19.117563247680664,96900
2025-07-21,19.041017532348633,19.07929181116605,18.98360793914057,19.01231364825363,97000
2025-07-22,18.940549850463867,18.99317607011315,18.883140258581932,18.99317607011315,60700
2025-07-23,19.23716926574707,19.241954463261756,19.115652259142216,19.117564878133596,133600
2025-07-24,19.241952896118164,19.26108820956409,19.222815757654267,19.251521465350113,36600
2025-07-25,19.471593856811523,19.481162426423914,19.356772846480883,19.356772846480883,99700
2025-07-28,19.442888259887695,19.481162538557566,19.34720438823108,19.471593968890097,294900
2025-07-29,19.275442123413086,19.414183640811014,19.232384474048832,19.39504650220068,211200
2025-07-30,19.385478973388672,19.53857244045247,19.27065796058178,19.32806937949427,238000
2025-07-31,19.17497444152832,19.42374993765999,19.155837303358826,19.42374993765999,132400
2025-08-01,19.0888614654541,19.213249228642002,19.069724324958067,19.136702491676026,193600
2025-08-04,19.337635040283203,19.37590931741265,19.136700560407554,19.136700560407554,270100
2025-08-05,19.146270751953125,19.337636678760845,19.12713361176691,19.328069933685875,600200
2025-08-06,19.37590980529785,19.39504694434445,19.107995333699588,19.107995333699588,146900
2025-08-07,19.232385635375977,19.3424214515028,19.107996051915674,19.337636254052274,79600
2025-08-08,19.270658493041992,19.337636658605792,19.22281746764446,19.337636658605792,58100
2025-08-11,19.21324920654297,19.289795943420902,19.136702469665035,19.136702469665035,43300
2025-08-12,19.28022575378418,19.28022575378418,19.208464220561286,19.251521870502227,141900
2025-08-13,19.06972312927246,19.165407000735026,19.014226155320923,19.165407000735026,74200
2025-08-14,19.117563247680664,19.160620896550043,18.974038359788725,19.031447949941906,385600
2025-08-15,19.04580307006836,19.09842746685564,19.031449302746285,19.09842746685564,88900
2025-08-18,19.103212356567383,19.107995728918954,19.002745112021785,19.041017565888556,179400
2025-08-19,18.981693267822266,19.069723013037034,18.964470572567954,19.069723013037034,150200
2025-08-20,18.94533348083496,19.03144878234023,18.859218179329687,19.03144878234023,170600
2025-08-21,18.90036392211914,18.954902763448903,18.87835602867798,18.89749316862524,94400
2025-08-22,19.098426818847656,19.136701097050413,18.945333356072695,18.945333356072695,156300
2025-08-25,18.97403907775879,19.098426831967128,18.97403907775879,19.098426831967128,128500
2025-08-26,18.897491455078125,19.01231245933207,18.691771781844192,18.94533247559013,887800
2025-08-27,18.83051300048828,18.907059727115556,18.763534842816657,18.763534842816657,169500
2025-08-28,18.68699073791504,18.829559332825667,18.66785359731886,18.792241361157668,130600
2025-08-29,18.5434627532959,18.6487151944324,18.5434627532959,18.6487151944324,67300
2025-09-02,18.31382179260254,18.438211367849757,18.189434042373296,18.399937090845082,371600
2025-09-03,18.208572387695312,18.36166585582472,18.17029810815391,18.36166585582472,138600
2025-09-04,18.371232986450195,18.371232986450195,18.275549120110963,18.275549120110963,29600
2025-09-05,18.33296012878418,18.562600330760535,18.30425441915535,18.495622166644694,161900
2025-09-08,18.12245750427246,18.26598240584698,18.088968421405678,18.26598240584698,98700
2025-09-09,18.09375,18.237274887344384,17.9597936818143,18.160728159092848,590600
2025-09-10,18.036340713500977,18.170297033940294,17.99806643622232,18.04590928282064,81200
2025-09-11,18.189435958862305,18.275551266178194,18.170298818343625,18.189435958862305,93600
2025-09-12,18.342529296875,18.495622769852154,18.294688270951447,18.428644603551916,78700
2025-09-15,18.371232986450195,18.553030324974987,18.304253002500165,18.553030324974987,201600
2025-09-16,18.486053466796875,18.495622036605877,18.304254290461998,18.390369593724934,503200
2025-09-17,18.33296012878418,18.438212572405128,18.256413394792062,18.438212572405128,206800
2025-09-18,18.524328231811523,18.524328231811523,18.399938646050607,18.447781496350242,299300
2025-09-19,18.62957763671875,18.63914620615426,18.572168045123718,18.60087375343024,144100
2025-09-22,18.706125259399414,18.77788862107957,18.639147095174255,18.667852804849936,232900
2025-09-23,18.31382179260254,18.562599118079,18.294686479118177,18.55303054882783,721100
2025-09-24,17.873680114746094,18.16072991722401,17.86411154466108,18.16072991722401,362900
2025-09-25,18.026771545410156,18.041123486403947,17.864109522414772,17.988497269402806,547800
2025-09-26,18.160728454589844,18.199002731847358,18.026772134224515,18.026772134224515,13400
2025-09-29,18.00763702392578,18.141593359379577,17.93109028580673,18.141593359379577,259500
2025-09-30,18.074615478515625,18.12724170399862,17.998068739181694,18.084184049059644,247000
2025-10-01,18.170297622680664,18.31382251709003,18.122456599550226,18.179866192310364,912200
2025-10-02,18.256412506103516,18.361664944600967,18.218140053479537,18.33295923636948,170400
2025-10-03,18.285118103027344,18.369318958301943,18.227706686913848,18.285118103027344,184600
2025-10-06,18.2181396484375,18.356879339260093,18.17986537164646,18.34252739797244,221400
2025-10-07,18.30425453186035,18.419075546064565,18.218141052479826,18.371234521406706,183600
2025-10-08,18.45734977722168,18.572168966105558,18.44778120731167,18.47648509202359,163700
2025-10-09,18.419076919555664,18.6008761118447,18.361667320681637,18.56260182924985,445500
2025-10-10,18.179866790771484,18.580781293868647,18.13202576606617,18.495622298873634,64000
2025-10-13,18.33296012878418,18.47552871740994,18.237276255039507,18.39993829290002,495900
2025-10-14,18.725261688232422,18.820945558500387,18.540593588882736,18.648714957021657,123900
2025-10-15,18.62957763671875,18.696557622767305,18.534851901837843,18.648714775589767,93000
2025-10-16,18.62957763671875,18.773104353233354,18.538678964608444,18.658283345025275,46400
2025-10-17,18.782670974731445,18.830513821595886,18.639146084174122,18.639146084174122,180800
2025-10-20,18.725261688232422,18.725261688232422,18.600873934396688,18.677420665607453,100900
2025-10-21,18.734830856323242,18.78267188047669,18.677421262335486,18.715693716654627,413200
2025-10-22,18.8400821685791,18.935766036160523,18.76353543951756,18.7922393222794,86700
2025-10-23,19.06015396118164,19.069722530529273,18.878354793612626,18.954901523375685,166300
2025-10-24,19.117563247680664,19.136700386071045,19.074505598811285,19.117563247680664,54400
2025-10-27,19.107995986938477,19.136701696489723,19.041017823003656,19.117564556788892,99300
2025-10-28,19.146270751953125,19.155839322046234,18.98360871040659,18.98360871040659,92100
2025-10-29,19.136701583862305,19.16540729324461,19.04101771093938,19.155838723450508,194500
2025-10-30,19.28022575378418,19.318500031517466,19.079291270738462,19.165406570620345,175600
2025-10-31,18.83051300048828,18.95490074687588,18.782670155710036,18.95490074687588,100300
2025-11-03,18.734830856323242,18.78267188047669,18.562600249341884,18.667852692501178,118500
2025-11-04,18.524328231811523,18.686990272794013,18.524328231811523,18.686990272794013,95700
2025-11-05,18.514759063720703,18.533896203222422,18.42864376098104,18.533896203222422,308700
2025-11-06,18.476486206054688,18.572170085905867,18.399939467177386,18.572170085905867,124800
2025-11-07,18.591306686401367,18.610443826818898,18.428644642888663,18.600875256610134,76400
2025-11-10,18.68699073791504,18.720479821449263,18.476485841393426,18.51954349522574,213500
2025-11-11,18.8400821685791,18.868786051340944,18.667851571936136,18.677420141196077,565000
2025-11-12,18.63914680480957,18.70612496799133,18.553031502142147,18.61044292059914,60000
2025-11-13,18.361665725708008,18.505190622935,18.294687562003283,18.486053483299912,72800
2025-11-14,18.342529296875,18.360708302720138,18.21814153446287,18.25641399019808,20600
2025-11-17,18.11288833618164,18.23727609343482,18.050693545046013,18.23727609343482,124700
2025-11-18,18.036340713500977,18.141591325981302,17.99806643622232,18.074613165761644,246100
2025-11-19,18.055479049682617,18.112888644390342,17.90238375543183,17.90238375543183,244100
2025-11-20,17.94831085205078,18.218139760033736,17.921519588140132,18.208571190777363,208200
2025-11-21,17.873680114746094,17.99806787581502,17.777996238914078,17.854542974576063,52300
2025-11-24,17.940658569335938,17.978932850292573,17.727284745555373,17.75885938482825,515100
2025-11-25,17.90238380432129,17.907169001820566,17.74929033467053,17.86411134941766,412000
2025-11-26,17.73015594482422,17.787565542684153,17.725370747075267,17.725370747075267,172300
2025-11-28,17.777996063232422,17.78277943571859,17.672743618355494,17.749290353261046,58200
2025-12-01,17.695707321166992,17.768426991024594,17.66317454912258,17.73015453716263,120500
2025-12-02,17.73015594482422,17.768428401724773,17.706233606115887,17.75885983124508,36600
2025-12-03,18.036340713500977,18.036340713500977,17.90238256804367,17.911951137363335,134600
2025-12-04,18.227706909179688,18.24684404811754,18.170297317384144,18.170297317384144,66400
2025-12-05,18.390369415283203,18.428643694147837,18.371234100868953,18.39993798499936,51700
2025-12-08,18.256412506103516,18.409505966635443,18.227706797872028,18.409505966635443,117700
2025-12-09,18.5434627532959,18.5434627532959,18.399937858575797,18.399937858575797,630900
2025-12-10,18.600873947143555,18.634363028007588,18.44778048461711,18.486052937739704,357100
2025-12-11,18.6678524017334,18.708039299400692,18.600874238954578,18.6678524017334,47800
2025-12-12,18.514759063720703,18.629578250694877,18.476484784717265,18.629578250694877,164100
2025-12-15,18.5434627532959,18.62000948548116,18.451607769684422,18.62000948548116,167700
2025-12-16,18.589841842651367,18.60916644509577,18.464235612553782,18.59950414387357,802900
2025-12-17,18.467134475708008,18.541532167887553,18.425586396188862,18.541532167887553,156500
2025-12-18,18.6574764251709,18.69129355857516,18.580179856976077,18.580179856976077,153600
2025-12-19,18.599504470825195,18.638153676393397,18.531870203976393,18.609166772217247,190900
2025-12-22,18.79274559020996,18.802406048077945,18.71544902699806,18.73477178562946,228500
2025-12-23,18.89902687072754,18.908689171316063,18.792745250044614,18.850717210680337,40000
2025-12-24,18.860380172729492,18.870042473656884,18.778251536294395,18.783083608205825,37100
2025-12-26,18.87970542907715,18.908690489968667,18.705787692145915,18.792746560611533,787600
2025-12-29,18.93767738342285,19.014973950583943,18.82173161123345,18.850718515004683,665600
2025-12-30,18.406261444091797,18.52220721358786,18.299979818523852,18.454572949254942,1046900
2025-12-31,18.47389793395996,18.545396751607747,18.454573331494444,18.454573331494444,69700
2026-01-02,18.56568717956543,18.61882891532215,18.541532347738432,18.61882891532215,59000
2026-01-05,18.57051658630371,18.609165789831607,18.50288232302535,18.580178887185685,334800
2026-01-06,18.76858901977539,18.783083392447715,18.70578682881194,18.70578682881194,204800
2026-01-07,18.985986709594727,19.072945576468385,18.92994610045725,18.937677047062916,185100
2026-01-08,18.985986709594727,19.000481082670667,18.90869014380653,18.976324408509267,99600
2026-01-09,18.773422241210938,18.879705713804128,18.71545027565809,18.86038111098799,217100
2026-01-12,18.889366149902344,18.947339958281958,18.86038108860809,18.889366149902344,71600
2026-01-13,19.092269897460938,19.16956646211076,19.014973332811113,19.072945295574613,258000
2026-01-14,18.928014755249023,18.99564901998489,18.81206898506219,18.985986718894694,371100
2026-01-15,19.063283920288086,19.063283920288086,18.947339989131194,18.947339989131194,598000
2026-01-16,19.19855308532715,19.21787584403658,19.121256521803094,19.1599038821174,46600
2026-01-20,19.411117553710938,19.451698110046525,19.333820992658094,19.372468351736824,445500
2026-01-21,19.61402130126953,19.623683602238874,19.46812479529205,19.546387037379606,288000
2026-01-22,19.92321014404297,19.971519807789623,19.80726437099724,19.845913576310995,267900
2026-01-23,19.768613815307617,19.899052109988116,19.681656795082702,19.884559580433198,485600
2026-01-26,19.720304489135742,19.720304489135742,19.63334562454139,19.67199482787019,217900
2026-01-27,20.01016616821289,20.058477672435924,19.894222243868512,19.894222243868512,198300
2026-01-28,20.04881477355957,20.07780167522875,19.976348440834332,20.07780167522875,203300
2026-01-29,19.961856842041016,19.97731689223105,19.826588313736295,19.894222577888655,272000
2026-01-30,19.7976016998291,19.971519434700962,19.76861479638529,19.971519434700962,239000
2026-02-02,20.23239517211914,20.271042532163293,20.06813974541677,20.077802046151664,440100
2026-02-03,20.396650314331055,20.454622275036414,20.30002915122519,20.43529767383616,144700
2026-02-04,20.570568084716797,20.701004535867717,20.483609222019243,20.638202346171468,552300
2026-02-05,20.66718864440918,20.754147512321055,20.570569318192,20.570569318192,201700
2026-02-06,20.995698928833008,21.015023530696375,20.754146934227304,20.783133837022355,298000
2026-02-09,21.150291442871094,21.17444811594553,21.011158367871037,21.015022919552234,132200
2026-02-10,21.159954071044922,21.17927867264542,21.07299520673812,21.13579924049202,121300
2026-02-11,21.09231948852539,21.121306390486623,20.976373723575875,21.121306390486623,218900
2026-02-12,21.150291442871094,21.498126894714353,21.101981782513047,21.198602946124552,330300
2026-02-13,21.1986026763916,21.245946658950793,21.024684952682918,21.101981514009513,107900
2026-02-17,21.111644744873047,21.15995440674528,20.879755050674483,21.053672782047272,125300
2026-02-18,21.478803634643555,21.536777442167843,21.371554486487803,21.411169368760742,128800
2026-02-19,20.95705223083496,21.044011099075,20.87009336259492,21.044011099075,2110800
2026-02-20,20.899078369140625,20.981207007996517,20.754147536748754,20.77347213917314,1342300
2026-02-23,21.217926025390625,21.314547190463248,20.986036334953592,20.986036334953592,492000
2026-02-24,21.256576538085938,21.353197709110894,21.16285424176815,21.26623883947799,583500
2026-02-25,21.256576538085938,21.27590114087004,21.15995536706098,21.27590114087004,178600
2026-02-26,20.81212043762207,21.092319788990505,20.773471234456526,21.092319788990505,674000
2026-02-27,20.6285400390625,20.6430325685424,20.309691490236887,20.483609215577292,1411200
2026-03-02,19.62368392944336,19.836250868522278,19.498077700538502,19.61402162831291,2245600
2026-03-03,19.024635314941406,19.08260727673342,18.483557528564504,18.82173068432621,4255100
2026-03-04,19.16473388671875,19.459427607609197,19.12608652685687,19.324159083749485,2349100
2026-03-05,18.744434356689453,19.20821374264861,18.512544663709875,19.20821374264861,1747000
2026-03-06,18.43524742126465,18.49805145337461,18.22268233790952,18.348288559234053,1240100
2026-03-09,18.522207260131836,18.647813488080672,17.865185531425944,18.135724432332925,1227200
2026-03-10,18.464235305786133,18.802406628467168,18.411093571394687,18.55119417244568,1914900
2026-03-11,18.048765182495117,18.24200567084384,17.942481716021277,18.24200567084384,774200
2026-03-12,17.285459518432617,17.54633610545658,17.23714985841873,17.54633610545658,1265400
2026-03-13,17.159854888916016,17.34343493121484,17.077726247797237,17.26613836228306,838800
2026-03-16,17.295122146606445,17.324109048901068,16.961781063247738,17.159853621689074,1279500
2026-03-17,17.681604385375977,17.889339237799128,17.48836390507458,17.72991588762286,1232700
2026-03-18,17.275798797607422,17.74924235493471,17.256476037572167,17.74924235493471,902700
2026-03-19,17.3144474029541,17.377251438853264,17.0052611383667,17.37241936684036,901200
2026-03-20,16.86033058166504,17.391744252213343,16.705737446854783,17.382081950925762,1172000
2026-03-23,17.971467971801758,18.101906264262915,17.411067442836437,17.44971480195712,2457300
2026-03-24,17.45937728881836,17.671944216384865,17.382080726856557,17.54633615138731,877600
2026-03-25,18.07775115966797,18.406262033718942,17.990794133379694,18.261331199377757,738200
2026-03-26,17.343433380126953,17.807212752240133,17.31927670714354,17.66228192881669,506700
2026-03-27,17.198501586914062,17.658416430708833,17.14052962318074,17.60914109083848,629300
2026-03-30,17.237150192260742,17.459377581261283,17.203333061016984,17.459377581261283,362300
2026-03-31,18.019779205322266,18.019779205322266,17.386914131643756,17.478703230105953,1077300
2026-04-01,18.019779205322266,18.10673807455826,17.884510672242072,17.884510672242072,938300
2026-04-02,17.681604385375977,18.019777529522646,17.59657872147499,17.74924048852161,931300
2026-04-06,17.74924087524414,17.932819059095987,17.618802580678622,17.826537437627923,402900
2026-04-07,17.78788948059082,17.86518604838732,17.536675174528316,17.62363404366132,266100
2026-04-08,18.56568717956543,18.98598715062094,18.522207745118617,18.831394015453498,1332600
2026-04-09,18.821731567382812,18.836225940682425,18.49322069698965,18.570517263970657,469900
2026-04-10,18.541532516479492,18.821731885434666,18.493221009490288,18.821731885434666,217100
2026-04-13,18.908689498901367,18.937676401169117,18.531868983897798,18.541531284653715,587200
2026-04-14,19.246862411499023,19.27584931340189,18.7444338358885,18.889364659612003,582000
2026-04-15,19.285511016845703,19.29517331810411,19.092270520364227,19.179229388794326,217000
2026-04-16,19.121257781982422,19.324160583519504,19.09227087766474,19.285511377762596,358800
2026-04-17,19.710641860961914,19.857505882539616,19.372468709032862,19.391793310376332,452900
2026-04-20,19.18889045715332,19.237200117445877,18.948304147094845,19.227537816808283,286200
2026-04-21,18.850717544555664,19.130916895003928,18.686462117432395,19.130916895003928,1254900
2026-04-22,18.773422241210938,18.841056508171857,18.66713876861775,18.705787974250022,198200
2026-04-23,18.425586700439453,18.73477297288067,18.285486094834667,18.667138706146098,510500
2026-04-24,18.802406311035156,18.841055514629346,18.638152724446236,18.744434348539333,63800
2026-04-27,18.802406311035156,18.89902747712517,18.729941818639244,18.734772047640785,112800
2026-04-28,18.9763240814209,19.072945247714593,18.763758989891144,18.802406350671344,452200
2026-04-29,18.889366149902344,19.04395928645687,18.841056485814885,18.976325019576212,129800
2026-04-30,18.58017921447754,18.68646268315599,18.45457298659022,18.68646268315599,491500
2026-05-01,18.812068939208984,18.841055842408913,18.560854640162738,18.560854640162738,198000
2026-05-04,18.338626861572266,18.797576016733913,18.299979501007794,18.773421186019185,682800
2026-05-05,18.512544631958008,18.676800061232086,18.435248067764057,18.60916579792431,261100
2026-05-06,19.092269897460938,19.11159449934726,18.957001370047614,19.11159449934726,306600
2026-05-07,18.83139419555664,19.130918167446257,18.773422230038292,19.130918167446257,235900
2026-05-08,18.908689498901367,19.034297565832848,18.903859269971125,18.9280141004132,108000
2026-05-11,18.551193237304688,18.802405680662886,18.50288173443165,18.773420621834465,514800
2026-05-12,18.357952117919922,18.530904176648043,18.227513815934607,18.46423558832918,345100
2026-05-13,18.328964233398438,18.53186886214879,18.19852593839366,18.40626079604252,533900
2026-05-14,18.3966007232666,18.531869250000913,18.357951519687965,18.454572685739098,90200
2026-05-15,18.280654907226562,18.357951471284576,18.203358343168553,18.309641809834112,228200
2026-05-18,17.971467971801758,18.065190259505805,17.80721254902423,17.952143370793724,227000
2026-05-19,18.135725021362305,18.222683890803328,18.05842845329201,18.184034685320405,118000
2026-05-20,18.242006301879883,18.28065550662387,17.932820035510048,17.981131541440032,724800
2026-05-21,18.406261444091797,18.415923745124427,18.048765520361957,18.068090122427215,904200
2026-05-22,18.27582550048828,18.454573467371596,18.2130214634607,18.454573467371596,597300
2026-05-26,18.31930160522461,18.69612395391181,18.184033083739426,18.69612395391181,500200
2026-05-27,18.522207260131836,18.618828427805436,18.37727643006918,18.55119416330256,1493700
2026-05-28,18.96666145324707,19.00531065625587,18.46230151709207,18.64781290000619,367400
2026-05-29,18.87004280090332,18.966662126061888,18.657475862605274,18.84105589761845,374300
2026-06-01,18.36761474609375,18.50771535178254,18.164710102872824,18.357952444712225,292800
2026-06-02,18.203357696533203,18.27099195731947,18.07774963259123,18.222682297585106,198400
2026-06-03,17.952144622802734,18.077750852324154,17.88451035745308,18.077750852324154,89500
2026-06-04,18.21302032470703,18.299979188109567,17.932819133099876,17.981130636598742,310100
2026-06-05,17.874847412109375,18.17437136624751,17.816875450026775,18.17437136624751,621300
2026-06-08,18.068090438842773,18.155049306763807,17.87484810059703,17.87484810059703,170700
2026-06-09,17.884510040283203,18.2207500065702,17.70576207890117,18.11639973575339,543000
2026-06-10,17.913496017456055,18.155048001448318,17.89417141644178,17.990792578617764,240900
2026-06-11,18.261329650878906,18.314471382306728,17.821705113015177,18.039102267540184,331800
2026-06-12,18.957000732421875,18.985985791380966,18.667137242563104,18.860379569135617,877200
2026-06-15,19.799999237060547,19.850000381469727,19.219999313354492,19.43000030517578,429300
2026-06-16,19.729999542236328,19.969999313354492,19.385000228881836,19.559999465942383,971900
2026-06-17,19.610000610351562,19.700000762939453,19.450000762939453,19.649999618530273,276300
2026-06-18,20.350000381469727,20.399999618530273,20.06999969482422,20.06999969482422,580200
2026-06-22,19.979999542236328,20.100000381469727,19.889999389648438,20.0,767600
2026-06-23,19.68000030517578,19.770000457763672,19.549999237060547,19.739999771118164,272400
2026-06-24,19.81999969482422,19.93000030517578,19.63599967956543,19.68000030517578,296500
2026-06-25,19.100000381469727,19.329999923706055,19.048999786376953,19.329999923706055,274200
2026-06-26,19.239999771118164,19.5,19.170000076293945,19.170000076293945,225900
2026-06-29,19.190000534057617,19.229999542236328,19.049999237060547,19.229999542236328,74000
2026-06-30,19.010000228881836,19.010000228881836,18.899999618530273,19.010000228881836,225700
2026-07-01,19.030000686645508,19.200000762939453,18.969999313354492,19.010000228881836,281800
2026-07-02,19.020000457763672,19.25,18.950000762939453,19.049999237060547,75800
2026-07-06,19.479999542236328,19.5,19.299999237060547,19.360000610351562,158400
2026-07-07,19.170000076293945,19.479999542236328,19.049999237060547,19.299999237060547,343300
2026-07-08,19.190000534057617,19.270000457763672,19.0,19.09000015258789,149300
2026-07-09,19.350000381469727,19.389999389648438,19.174999237060547,19.18000030517578,236600
2026-07-10,19.469999313354492,19.469999313354492,19.360000610351562,19.360000610351562,102700
2026-07-13,19.149999618530273,19.34000015258789,19.049999237060547,19.209999084472656,127800
2026-07-14,19.25,19.350000381469727,19.059999465942383,19.110000610351562,324800
2026-07-15,19.200000762939453,19.290000915527344,19.06999969482422,19.139999389648438,173500
2026-07-16,19.079999923706055,19.18000030517578,18.881000518798828,18.889999389648438,301200
2026-07-17,18.829999923706055,18.969999313354492,18.6200008392334,18.84000015258789,185700
2026-07-20,18.770000457763672,18.90999984741211,18.690000534057617,18.729999542236328,232800
2026-07-21,18.889999389648438,18.915000915527344,18.809999465942383,18.850000381469727,118900
2026-07-22,18.81999969482422,18.84000015258789,18.68000030517578,18.81999969482422,155600
2026-07-23,18.8799991607666,18.950000762939453,18.739999771118164,18.780000686645508,152400
2026-07-24,18.860000610351562,18.959999084472656,18.799999237060547,18.959999084472656,240600
2026-07-27,18.860000610351562,19.010000228881836,18.799999237060547,18.979999542236328,113700
2026-07-28,19.040000915527344,19.100000381469727,18.854999542236328,19.100000381469727,116600
2026-07-29,18.760000228881836,18.989999771118164,18.729999542236328,18.84000015258789,113600
2026-07-30,19.299999237060547,19.299999237060547,18.93000030517578,18.93000030517578,136500
2026-07-31,18.93000030517578,19.08799934387207,18.899999618530273,19.049999237060547,154000
2026-08-03,19.190000534057617,19.309999465942383,19.18000030517578,19.280000686645508,128800
2026-08-04,20.0,20.139999389648438,19.700000762939453,19.700000762939453,200100
2026-08-05,19.84000015258789,19.989999771118164,19.780000686645508,19.920000076293945,63900
2026-08-06,19.65999984741211,19.725000381469727,19.54800033569336,19.690000534057617,51000
2026-08-07,19.739999771118164,19.739999771118164,19.600000381469727,19.610000610351562,350900
2026-08-10,19.649999618530273,19.70199966430664,19.545000076293945,19.579999923706055,79100
2026-08-11,19.450000762939453,19.600000381469727,19.420000076293945,19.540000915527344,82500
2026-08-12,19.639999389648438,19.670000076293945,19.559999465942383,19.559999465942383,116600
2026-08-13,19.59000015258789,19.655000686645508,19.53499984741211,19.59000015258789,75900
2026-08-14,19.6200008392334,19.719999313354492,19.510000228881836,19.670000076293945,1211900
2026-08-17,19.520000457763672,19.600000381469727,19.489999771118164,19.559999465942383,329700
2026-08-18,19.559999465942383,19.729999542236328,19.530000686645508,19.670000076293945,297700
2026-08-19,19.549999237060547,19.610000610351562,19.469999313354492,19.56999969482422,131600
2026-08-20,19.549999237060547,19.610000610351562,19.46299934387207,19.540000915527344,152100
2026-08-21,19.489999771118164,19.559999465942383,19.489999771118164,19.520000457763672,42600
