Price,Close,High,Low,Open,Volume
Ticker,URTH,URTH,URTH,URTH,URTH
Date,,,,,
2012-01-12,38.219696044921875,38.219696044921875,38.219696044921875,38.219696044921875,100
2012-01-13,38.219696044921875,38.219696044921875,38.219696044921875,38.219696044921875,0
2012-01-17,38.219696044921875,38.219696044921875,38.219696044921875,38.219696044921875,0
2012-01-18,38.219696044921875,38.219696044921875,38.219696044921875,38.219696044921875,0
2012-01-19,39.3442497253418,39.3442497253418,39.3442497253418,39.3442497253418,300
2012-01-20,39.3442497253418,39.3442497253418,39.3442497253418,39.3442497253418,0
2012-01-23,39.3442497253418,39.3442497253418,39.3442497253418,39.3442497253418,0
2012-01-24,39.24547576904297,39.24547576904297,39.24547576904297,39.24547576904297,400
2012-01-25,39.24547576904297,39.24547576904297,39.24547576904297,39.24547576904297,0
2012-01-26,39.24547576904297,39.24547576904297,39.24547576904297,39.24547576904297,0
2012-01-27,39.24547576904297,39.24547576904297,39.24547576904297,39.24547576904297,0
2012-01-30,39.24547576904297,39.24547576904297,39.24547576904297,39.24547576904297,0
2012-01-31,39.24547576904297,39.24547576904297,39.24547576904297,39.24547576904297,0
2012-02-01,40.24085235595703,40.24085235595703,40.24085235595703,40.24085235595703,300
2012-02-02,40.24085235595703,40.24085235595703,40.24085235595703,40.24085235595703,0
2012-02-03,40.704349517822266,40.704349517822266,40.704349517822266,40.704349517822266,100
2012-02-06,40.704349517822266,40.704349517822266,40.704349517822266,40.704349517822266,0
2012-02-07,40.704349517822266,40.704349517822266,40.704349517822266,40.704349517822266,0
2012-02-08,40.704349517822266,40.704349517822266,40.704349517822266,40.704349517822266,0
2012-02-09,40.704349517822266,40.704349517822266,40.704349517822266,40.704349517822266,0
2012-02-10,40.704349517822266,40.704349517822266,40.704349517822266,40.704349517822266,0
2012-02-13,40.704349517822266,40.704349517822266,40.704349517822266,40.704349517822266,0
2012-02-14,40.704349517822266,40.704349517822266,40.704349517822266,40.704349517822266,0
2012-02-15,40.704349517822266,40.704349517822266,40.704349517822266,40.704349517822266,0
2012-02-16,40.704349517822266,40.704349517822266,40.704349517822266,40.704349517822266,0
2012-02-17,40.704349517822266,40.704349517822266,40.704349517822266,40.704349517822266,0
2012-02-21,41.790916442871094,41.790916442871094,41.790916442871094,41.790916442871094,300
2012-02-22,41.790916442871094,41.790916442871094,41.790916442871094,41.790916442871094,0
2012-02-23,41.790916442871094,41.790916442871094,41.790916442871094,41.790916442871094,0
2012-02-24,41.790916442871094,41.790916442871094,41.790916442871094,41.790916442871094,0
2012-02-27,41.790916442871094,41.790916442871094,41.790916442871094,41.790916442871094,0
2012-02-28,41.790916442871094,41.790916442871094,41.790916442871094,41.790916442871094,0
2012-02-29,41.790916442871094,41.790916442871094,41.790916442871094,41.790916442871094,0
2012-03-01,41.790916442871094,41.790916442871094,41.790916442871094,41.790916442871094,0
2012-03-02,41.39580154418945,41.39580154418945,41.39580154418945,41.39580154418945,100
2012-03-05,41.39580154418945,41.39580154418945,41.39580154418945,41.39580154418945,0
2012-03-06,41.39580154418945,41.39580154418945,41.39580154418945,41.39580154418945,0
2012-03-07,41.39580154418945,41.39580154418945,41.39580154418945,41.39580154418945,0
2012-03-08,41.08427429199219,41.08427429199219,41.08427429199219,41.08427429199219,200
2012-03-09,41.236236572265625,41.236236572265625,41.236236572265625,41.236236572265625,200
2012-03-12,41.236236572265625,41.236236572265625,41.236236572265625,41.236236572265625,0
2012-03-13,41.236236572265625,41.236236572265625,41.236236572265625,41.236236572265625,0
2012-03-14,41.59336471557617,41.59336471557617,41.59336471557617,41.59336471557617,500
2012-03-15,41.59336471557617,41.59336471557617,41.59336471557617,41.59336471557617,0
2012-03-16,41.59336471557617,41.59336471557617,41.59336471557617,41.59336471557617,0
2012-03-19,41.59336471557617,41.59336471557617,41.59336471557617,41.59336471557617,0
2012-03-20,41.59336471557617,41.59336471557617,41.59336471557617,41.59336471557617,0
2012-03-21,41.59336471557617,41.59336471557617,41.59336471557617,41.59336471557617,0
2012-03-22,41.59336471557617,41.59336471557617,41.59336471557617,41.59336471557617,0
2012-03-23,41.59336471557617,41.59336471557617,41.59336471557617,41.59336471557617,0
2012-03-26,41.59336471557617,41.59336471557617,41.59336471557617,41.59336471557617,0
2012-03-27,42.30000686645508,42.30000686645508,42.30000686645508,42.30000686645508,200
2012-03-28,41.85930633544922,41.85930633544922,41.85930633544922,41.85930633544922,300
2012-03-29,41.61614990234375,41.61614990234375,41.578158744280515,41.578158744280515,600
2012-03-30,41.77572250366211,41.77572250366211,41.77572250366211,41.77572250366211,300
2012-04-02,41.77572250366211,41.77572250366211,41.77572250366211,41.77572250366211,0
2012-04-03,41.77572250366211,41.77572250366211,41.77572250366211,41.77572250366211,0
2012-04-04,41.77572250366211,41.77572250366211,41.77572250366211,41.77572250366211,0
2012-04-05,41.22103500366211,41.22103500366211,41.22103500366211,41.22103500366211,200
2012-04-09,40.88671112060547,40.88671112060547,40.79552885879616,40.79552885879616,300
2012-04-10,40.248451232910156,40.248451232910156,40.248451232910156,40.248451232910156,800
2012-04-11,40.62077331542969,40.681561499113656,40.5903792235877,40.681561499113656,3000
2012-04-12,41.25143814086914,41.26663518696076,41.213446974910184,41.25143814086914,2100
2012-04-13,41.25143814086914,41.25143814086914,41.25143814086914,41.25143814086914,0
2012-04-16,40.64356994628906,40.719552276629855,40.64356994628906,40.719552276629855,1300
2012-04-17,41.46418380737305,41.46418380737305,41.46418380737305,41.46418380737305,200
2012-04-18,41.46418380737305,41.46418380737305,41.46418380737305,41.46418380737305,0
2012-04-19,41.46418380737305,41.46418380737305,41.46418380737305,41.46418380737305,0
2012-04-20,41.46418380737305,41.46418380737305,41.46418380737305,41.46418380737305,0
2012-04-23,41.46418380737305,41.46418380737305,41.46418380737305,41.46418380737305,0
2012-04-24,41.46418380737305,41.46418380737305,41.46418380737305,41.46418380737305,0
2012-04-25,41.46418380737305,41.46418380737305,41.46418380737305,41.46418380737305,0
2012-04-26,41.46418380737305,41.46418380737305,41.46418380737305,41.46418380737305,0
2012-04-27,41.94289016723633,41.94289016723633,41.94289016723633,41.94289016723633,200
2012-04-30,41.94289016723633,41.94289016723633,41.94289016723633,41.94289016723633,0
2012-05-01,42.072052001953125,42.072052001953125,42.072052001953125,42.072052001953125,600
2012-05-02,41.66934585571289,41.66934585571289,41.456593012145504,41.48698420512649,1000
2012-05-03,41.66934585571289,41.66934585571289,41.66934585571289,41.66934585571289,0
2012-05-04,41.66934585571289,41.66934585571289,41.66934585571289,41.66934585571289,0
2012-05-07,40.7955322265625,40.7955322265625,40.689155810876386,40.70435285576582,600
2012-05-08,40.7955322265625,40.7955322265625,40.7955322265625,40.7955322265625,0
2012-05-09,40.04329299926758,40.04329299926758,40.012898912787286,40.012898912787286,1500
2012-05-10,40.04329299926758,40.04329299926758,40.04329299926758,40.04329299926758,0
2012-05-11,40.04329299926758,40.04329299926758,40.04329299926758,40.04329299926758,0
2012-05-14,39.48100662231445,39.48100662231445,39.48100662231445,39.48100662231445,100
2012-05-15,39.48100662231445,39.48100662231445,39.48100662231445,39.48100662231445,0
2012-05-16,39.48100662231445,39.48100662231445,39.48100662231445,39.48100662231445,0
2012-05-17,38.660396575927734,38.67559362020076,38.63000248738169,38.64519953165471,1900
2012-05-18,38.326072692871094,38.326072692871094,38.326072692871094,38.326072692871094,800
2012-05-21,38.326072692871094,38.326072692871094,38.326072692871094,38.326072692871094,0
2012-05-22,38.326072692871094,38.326072692871094,38.326072692871094,38.326072692871094,0
2012-05-23,38.11331558227539,38.11331558227539,38.11331558227539,38.11331558227539,200
2012-05-24,38.11331558227539,38.11331558227539,38.11331558227539,38.11331558227539,0
2012-05-25,38.11331558227539,38.11331558227539,38.11331558227539,38.11331558227539,0
2012-05-29,38.11331558227539,38.11331558227539,38.11331558227539,38.11331558227539,0
2012-05-30,38.538822174072266,38.569213363332324,38.219690049253785,38.280478224853404,10100
2012-05-31,38.36406326293945,38.36406326293945,38.34126624618803,38.34126624618803,1700
2012-06-01,38.36406326293945,38.36406326293945,38.36406326293945,38.36406326293945,0
2012-06-04,38.36406326293945,38.36406326293945,38.36406326293945,38.36406326293945,0
2012-06-05,37.4826545715332,37.65741623934704,37.47505459984482,37.65741623934704,600
2012-06-06,38.265281677246094,38.32606695509433,38.265281677246094,38.32606695509433,900
2012-06-07,38.265281677246094,38.265281677246094,38.265281677246094,38.265281677246094,0
2012-06-08,38.265281677246094,38.265281677246094,38.265281677246094,38.265281677246094,0
2012-06-11,38.265281677246094,38.265281677246094,38.265281677246094,38.265281677246094,0
2012-06-12,38.265281677246094,38.265281677246094,38.265281677246094,38.265281677246094,0
2012-06-13,38.265281677246094,38.265281677246094,38.265281677246094,38.265281677246094,0
2012-06-14,38.265281677246094,38.265281677246094,38.265281677246094,38.265281677246094,0
2012-06-15,38.265281677246094,38.265281677246094,38.265281677246094,38.265281677246094,0
2012-06-18,38.265281677246094,38.265281677246094,38.265281677246094,38.265281677246094,0
2012-06-19,40.00531005859375,40.00531005859375,40.00531005859375,40.00531005859375,300
2012-06-20,39.898929595947266,40.00530891744699,39.6253914648541,40.00530891744699,1700
2012-06-21,39.20529556274414,39.20529556274414,39.20529556274414,39.20529556274414,200
2012-06-22,39.20529556274414,39.20529556274414,39.20529556274414,39.20529556274414,0
2012-06-25,39.20529556274414,39.20529556274414,39.20529556274414,39.20529556274414,0
2012-06-26,39.20529556274414,39.20529556274414,39.20529556274414,39.20529556274414,0
2012-06-27,39.20529556274414,39.20529556274414,39.20529556274414,39.20529556274414,0
2012-06-28,39.20529556274414,39.20529556274414,39.20529556274414,39.20529556274414,0
2012-06-29,39.20529556274414,39.20529556274414,39.20529556274414,39.20529556274414,0
2012-07-02,39.20529556274414,39.20529556274414,39.20529556274414,39.20529556274414,0
2012-07-03,39.20529556274414,39.20529556274414,39.20529556274414,39.20529556274414,0
2012-07-05,39.20529556274414,39.20529556274414,39.20529556274414,39.20529556274414,0
2012-07-06,39.20529556274414,39.20529556274414,39.20529556274414,39.20529556274414,0
2012-07-09,39.53670120239258,39.58294401726237,39.53670120239258,39.57523541146489,1400
2012-07-10,39.53670120239258,39.53670120239258,39.53670120239258,39.53670120239258,0
2012-07-11,39.53670120239258,39.53670120239258,39.53670120239258,39.53670120239258,0
2012-07-12,39.53670120239258,39.53670120239258,39.53670120239258,39.53670120239258,0
2012-07-13,39.53670120239258,39.53670120239258,39.53670120239258,39.53670120239258,0
2012-07-16,39.53670120239258,39.53670120239258,39.53670120239258,39.53670120239258,0
2012-07-17,39.53670120239258,39.53670120239258,39.53670120239258,39.53670120239258,0
2012-07-18,40.02223205566406,40.02223205566406,40.02223205566406,40.02223205566406,800
2012-07-19,40.02223205566406,40.02223205566406,40.02223205566406,40.02223205566406,0
2012-07-20,40.02223205566406,40.02223205566406,40.02223205566406,40.02223205566406,0
2012-07-23,40.02223205566406,40.02223205566406,40.02223205566406,40.02223205566406,0
2012-07-24,40.02223205566406,40.02223205566406,40.02223205566406,40.02223205566406,0
2012-07-25,40.02223205566406,40.02223205566406,40.02223205566406,40.02223205566406,0
2012-07-26,39.69855499267578,39.69855499267578,39.69084932522958,39.69084932522958,1000
2012-07-27,40.037662506103516,40.037662506103516,40.037662506103516,40.037662506103516,400
2012-07-30,40.50777816772461,40.53089810427922,38.35753586899893,40.38446693948075,1700
2012-07-31,40.50777816772461,40.50777816772461,40.50777816772461,40.50777816772461,0
2012-08-01,40.50777816772461,40.50777816772461,40.50777816772461,40.50777816772461,0
2012-08-02,40.29969024658203,40.29969024658203,40.29969024658203,40.29969024658203,200
2012-08-03,39.62148666381836,40.461545536362685,39.62148666381836,40.461545536362685,2900
2012-08-06,40.90854263305664,40.90854263305664,40.46924323467928,40.46924323467928,400
2012-08-07,40.90854263305664,40.90854263305664,40.90854263305664,40.90854263305664,0
2012-08-08,41.162872314453125,42.31891628839205,41.162872314453125,41.17057798069177,700
2012-08-09,41.162872314453125,41.162872314453125,41.162872314453125,41.162872314453125,0
2012-08-10,41.162872314453125,41.162872314453125,41.162872314453125,41.162872314453125,0
2012-08-13,41.162872314453125,41.162872314453125,41.162872314453125,41.162872314453125,0
2012-08-14,41.162872314453125,41.162872314453125,41.162872314453125,41.162872314453125,0
2012-08-15,41.162872314453125,41.162872314453125,41.162872314453125,41.162872314453125,0
2012-08-16,41.162872314453125,41.162872314453125,41.162872314453125,41.162872314453125,0
2012-08-17,41.48656463623047,41.48656463623047,41.48656463623047,41.48656463623047,100
2012-08-20,41.48656463623047,41.48656463623047,41.48656463623047,41.48656463623047,0
2012-08-21,41.48656463623047,41.48656463623047,41.48656463623047,41.48656463623047,0
2012-08-22,41.54051208496094,41.54051208496094,41.54051208496094,41.54051208496094,200
2012-08-23,41.4403190612793,41.455733332137434,41.4403190612793,41.455733332137434,600
2012-08-24,41.4403190612793,41.4403190612793,41.4403190612793,41.4403190612793,0
2012-08-27,41.609867095947266,42.380562887804274,41.57903855867991,41.59445282731359,800
2012-08-28,41.609867095947266,41.609867095947266,41.609867095947266,41.609867095947266,0
2012-08-29,41.609867095947266,41.609867095947266,41.609867095947266,41.609867095947266,0
2012-08-30,41.162872314453125,41.162872314453125,41.162872314453125,41.162872314453125,300
2012-08-31,41.35554504394531,42.056878249063644,41.35554504394531,41.40178785987694,2500
2012-09-04,41.35554504394531,41.35554504394531,41.35554504394531,41.35554504394531,0
2012-09-05,41.332427978515625,41.332427978515625,41.19370246105126,41.19370246105126,500
2012-09-06,41.332427978515625,41.332427978515625,41.332427978515625,41.332427978515625,0
2012-09-07,42.61949157714844,43.359359089973516,42.54242314705205,42.55012881407283,6000
2012-09-10,42.50388717651367,42.50388717651367,42.50388717651367,42.50388717651367,200
2012-09-11,42.742794036865234,42.773622578551056,42.742794036865234,42.773622578551056,2000
2012-09-12,42.83528518676758,42.83528518676758,42.83528518676758,42.83528518676758,200
2012-09-13,43.7061653137207,45.49417962912795,43.21292039084583,45.49417962912795,6100
2012-09-14,43.921966552734375,45.864117895249365,43.898843673438094,44.068397735075095,4600
2012-09-17,43.74470901489258,44.461456617724025,43.706174798175546,44.461456617724025,3900
2012-09-18,43.62910079956055,43.62910079956055,43.62910079956055,43.62910079956055,300
2012-09-19,43.62910079956055,43.62910079956055,43.62910079956055,43.62910079956055,0
2012-09-20,43.62910079956055,43.62910079956055,43.62910079956055,43.62910079956055,0
2012-09-21,43.68304443359375,43.68304443359375,43.675335828106206,43.675335828106206,900
2012-09-24,43.68304443359375,43.68304443359375,43.68304443359375,43.68304443359375,0
2012-09-25,43.68304443359375,43.68304443359375,43.68304443359375,43.68304443359375,0
2012-09-26,42.81215286254883,42.81215286254883,42.81215286254883,42.81215286254883,200
2012-09-27,43.2052116394043,43.25916011524246,43.2052116394043,43.25916011524246,800
2012-09-28,43.2052116394043,43.2052116394043,43.2052116394043,43.2052116394043,0
2012-10-01,43.2052116394043,43.2052116394043,43.2052116394043,43.2052116394043,0
2012-10-02,43.2052116394043,43.2052116394043,43.2052116394043,43.2052116394043,0
2012-10-03,42.98172378540039,42.98172378540039,42.98172378540039,42.98172378540039,200
2012-10-04,42.98172378540039,42.98172378540039,42.98172378540039,42.98172378540039,0
2012-10-05,42.98172378540039,42.98172378540039,42.98172378540039,42.98172378540039,0
2012-10-08,43.297698974609375,43.297698974609375,43.24375049297268,43.24375049297268,1800
2012-10-09,42.858402252197266,42.858402252197266,42.858402252197266,42.858402252197266,100
2012-10-10,42.46534729003906,43.22833760325222,42.46534729003906,42.78133252400229,3900
2012-10-11,42.75049591064453,42.781321507504906,42.75049591064453,42.75820157486685,8300
2012-10-12,42.75049591064453,42.75049591064453,42.75049591064453,42.75049591064453,0
2012-10-15,42.75049591064453,42.75049591064453,42.75049591064453,42.75049591064453,0
2012-10-16,42.75049591064453,42.75049591064453,42.75049591064453,42.75049591064453,0
2012-10-17,42.75049591064453,42.75049591064453,42.75049591064453,42.75049591064453,0
2012-10-18,43.297698974609375,43.5443214449405,42.96629947885722,42.96629947885722,7000
2012-10-19,43.297698974609375,43.297698974609375,43.297698974609375,43.297698974609375,0
2012-10-22,43.297698974609375,43.297698974609375,43.297698974609375,43.297698974609375,0
2012-10-23,43.297698974609375,43.297698974609375,43.297698974609375,43.297698974609375,0
2012-10-24,43.297698974609375,43.297698974609375,43.297698974609375,43.297698974609375,0
2012-10-25,42.23413848876953,42.29579557744032,42.23413848876953,42.29579557744032,400
2012-10-26,42.23413848876953,42.23413848876953,42.23413848876953,42.23413848876953,0
2012-10-31,42.23413848876953,42.23413848876953,42.23413848876953,42.23413848876953,0
2012-11-01,42.665733337402344,42.665733337402344,42.63490479014213,42.63490479014213,600
2012-11-02,42.673439025878906,42.789044608177306,42.673439025878906,42.789044608177306,500
2012-11-05,42.673439025878906,42.673439025878906,42.673439025878906,42.673439025878906,0
2012-11-06,42.50388717651367,43.544325639703615,42.50388717651367,43.544325639703615,1200
2012-11-07,42.50388717651367,42.50388717651367,42.50388717651367,42.50388717651367,0
2012-11-08,42.50388717651367,42.50388717651367,42.50388717651367,42.50388717651367,0
2012-11-09,41.4403190612793,42.35744612755188,40.84688286311295,42.35744612755188,3800
2012-11-12,41.4403190612793,41.4403190612793,41.4403190612793,41.4403190612793,0
2012-11-13,41.278472900390625,41.278472900390625,41.278472900390625,41.278472900390625,200
2012-11-14,40.846885681152344,41.03955967021439,40.846885681152344,41.03185400423948,2700
2012-11-15,40.846885681152344,40.846885681152344,40.846885681152344,40.846885681152344,0
2012-11-16,40.846885681152344,40.846885681152344,40.846885681152344,40.846885681152344,0
2012-11-19,41.80253982543945,41.80253982543945,41.57132874264485,41.57132874264485,600
2012-11-20,41.66382598876953,41.66382598876953,41.555926081341646,41.555926081341646,800
2012-11-21,41.66382598876953,41.66382598876953,41.66382598876953,41.66382598876953,600
2012-11-23,41.66382598876953,41.66382598876953,41.66382598876953,41.66382598876953,0
2012-11-26,41.66382598876953,41.66382598876953,41.66382598876953,41.66382598876953,0
2012-11-27,42.50388717651367,43.09732053168469,42.45764435638246,42.45764435638246,900
2012-11-28,42.50388717651367,42.50388717651367,42.50388717651367,42.50388717651367,0
2012-11-29,42.958595275878906,42.958595275878906,42.84298970273653,42.84298970273653,400
2012-11-30,42.958595275878906,42.958595275878906,42.958595275878906,42.958595275878906,0
2012-12-03,42.727386474609375,42.727386474609375,42.727386474609375,42.727386474609375,300
2012-12-04,42.534706115722656,42.71196582181438,42.534706115722656,42.71196582181438,600
2012-12-05,43.05878448486328,43.112732969399985,42.84299054671648,42.873819092158,4400
2012-12-06,42.858402252197266,42.858402252197266,42.72738241190493,42.72738241190493,400
2012-12-07,42.99713134765625,43.49037632646167,42.858405829870726,42.858405829870726,4100
2012-12-10,42.99713134765625,42.99713134765625,42.99713134765625,42.99713134765625,0
2012-12-11,42.99713134765625,42.99713134765625,42.99713134765625,42.99713134765625,0
2012-12-12,42.99713134765625,42.99713134765625,42.99713134765625,42.99713134765625,0
2012-12-13,42.99713134765625,42.99713134765625,42.99713134765625,42.99713134765625,0
2012-12-14,42.99713134765625,42.99713134765625,42.99713134765625,42.99713134765625,0
2012-12-17,43.582862854003906,43.582862854003906,43.582862854003906,43.582862854003906,100
2012-12-18,43.63676452636719,43.63676452636719,43.597699083328365,43.597699083328365,400
2012-12-19,43.63676452636719,43.63676452636719,43.63676452636719,43.63676452636719,0
2012-12-20,43.97272491455078,43.97272491455078,43.949286248978545,43.949286248978545,200
2012-12-21,43.97272491455078,43.97272491455078,43.97272491455078,43.97272491455078,0
2012-12-24,43.97272491455078,43.97272491455078,43.97272491455078,43.97272491455078,0
2012-12-26,43.97272491455078,43.97272491455078,43.97272491455078,43.97272491455078,0
2012-12-27,43.714908599853516,43.714908599853516,43.57427058767467,43.57427058767467,1600
2012-12-28,43.63676452636719,43.6445794032763,43.63676452636719,43.63676452636719,1800
2012-12-31,43.839908599853516,43.839908599853516,43.808655053933826,43.808655053933826,1200
2013-01-02,43.94929504394531,45.05095725382678,43.94929504394531,45.04314535723999,1300
2013-01-03,44.95719528198242,44.95719528198242,44.93375363346489,44.93375363346489,700
2013-01-04,44.4024658203125,44.81656492156709,43.92585961973511,44.81656492156709,5800
2013-01-07,44.14463424682617,44.14463424682617,44.14463424682617,44.14463424682617,100
2013-01-08,44.043052673339844,44.06649432408774,44.00398722942977,44.00398722942977,400
2013-01-09,44.043052673339844,44.043052673339844,44.043052673339844,44.043052673339844,0
2013-01-10,44.70717239379883,44.81655681733104,44.70717239379883,44.81655681733104,500
2013-01-11,44.94157409667969,44.94157409667969,44.91032054843907,44.91032054843907,300
2013-01-14,44.94157409667969,44.94157409667969,44.94157409667969,44.94157409667969,0
2013-01-15,44.94939041137695,44.94939041137695,44.94939041137695,44.94939041137695,400
2013-01-16,44.94939041137695,44.94939041137695,44.94939041137695,44.94939041137695,0
2013-01-17,44.94939041137695,44.94939041137695,44.94939041137695,44.94939041137695,0
2013-01-18,45.01188659667969,45.097832351691885,45.01188659667969,45.097832351691885,400
2013-01-22,45.01188659667969,45.01188659667969,45.01188659667969,45.01188659667969,0
2013-01-23,45.9963493347168,45.9963493347168,45.144709642123345,45.144709642123345,2100
2013-01-24,45.9963493347168,45.9963493347168,45.9963493347168,45.9963493347168,0
2013-01-25,45.644752502441406,45.644752502441406,45.644752502441406,45.644752502441406,100
2013-01-28,45.855716705322266,46.05104690543431,45.855716705322266,46.05104690543431,200
2013-01-29,45.96510314941406,45.98854181917133,45.94947637607513,45.98854181917133,900
2013-01-30,45.96510314941406,45.96510314941406,45.96510314941406,45.96510314941406,0
2013-01-31,45.9025993347168,45.9025993347168,45.9025993347168,45.9025993347168,200
2013-02-01,46.457332611083984,46.465147487922785,46.457332611083984,46.465147487922785,600
2013-02-04,46.097930908203125,46.6839215553413,45.76977757644698,45.77758947365436,3600
2013-02-05,47.01988983154297,47.01988983154297,45.8869739827007,46.28544929240165,6400
2013-02-06,46.379207611083984,46.379207611083984,46.24638151248923,46.24638151248923,500
2013-02-07,46.379207611083984,46.379207611083984,46.379207611083984,46.379207611083984,0
2013-02-08,46.46514892578125,46.46514892578125,46.46514892578125,46.46514892578125,200
2013-02-11,46.41044998168945,46.41044998168945,46.41044998168945,46.41044998168945,400
2013-02-12,46.246376037597656,47.01988492360004,46.04323394559323,46.44170623319902,6500
2013-02-13,46.34014129638672,46.34014129638672,46.34014129638672,46.34014129638672,100
2013-02-14,46.34014129638672,46.34014129638672,46.34014129638672,46.34014129638672,0
2013-02-15,46.34014129638672,46.34014129638672,46.34014129638672,46.34014129638672,0
2013-02-19,46.58234786987305,46.58234786987305,46.5276556492507,46.5276556492507,300
2013-02-20,46.605796813964844,46.87925795986286,46.605796813964844,46.87925795986286,200
2013-02-21,45.57444763183594,45.59788630410007,45.527567306805096,45.527567306805096,700
2013-02-22,46.00417709350586,46.30107690030211,45.80884686142805,46.30107690030211,1900
2013-02-25,46.02760314941406,46.34794452298197,46.02760314941406,46.34794452298197,600
2013-02-26,45.441612243652344,45.480677682939564,45.441612243652344,45.480677682939564,500
2013-02-27,46.05886459350586,46.58234813111337,45.27754374537346,45.27754374537346,5300
2013-02-28,46.191688537597656,46.410460405750065,46.019799974659584,46.410460405750065,600
2013-03-01,46.05886459350586,46.05886459350586,45.70726961574577,45.70726961574577,1000
2013-03-04,45.840091705322266,45.840091705322266,45.840091705322266,45.840091705322266,500
2013-03-05,46.605796813964844,46.61360871220352,46.5667283812626,46.61360871220352,400
2013-03-06,46.46514892578125,47.3167887169284,46.277630622376286,47.1917775081592,44500
2013-03-07,46.56671142578125,47.00425208040739,46.56671142578125,46.94174797574758,2600
2013-03-08,47.0823860168457,47.0823860168457,46.566714452749224,47.012067031718814,600
2013-03-11,46.84018325805664,47.56681185138623,46.5354686183705,47.56681185138623,4100
2013-03-12,46.76986312866211,47.27771985562398,46.76986312866211,47.27771985562398,1900
2013-03-13,46.746421813964844,47.66056565907995,46.69172661950723,46.941752001092226,10400
2013-03-14,47.32459259033203,47.32459259033203,46.8792400483132,47.19176950750268,1700
2013-03-15,47.38710403442383,47.426169475291445,47.38710403442383,47.394915930396515,10100
2013-03-18,47.07456970214844,47.394911053100664,46.80110866371427,47.394911053100664,3200
2013-03-19,46.824562072753906,46.824562072753906,46.144813719978586,46.144813719978586,1000
2013-03-20,46.85581588745117,46.85581588745117,46.85581588745117,46.85581588745117,1700
2013-03-21,46.86362075805664,46.86362075805664,46.86362075805664,46.86362075805664,200
2013-03-22,47.11363983154297,47.11363983154297,47.11363983154297,47.11363983154297,200
2013-03-25,46.933937072753906,47.11364048705261,46.933937072753906,47.11364048705261,400
2013-03-26,47.168331146240234,47.19177279463845,47.16051925044218,47.16051925044218,3700
2013-03-27,47.168331146240234,47.168331146240234,47.168331146240234,47.168331146240234,0
2013-03-28,47.168331146240234,47.168331146240234,47.168331146240234,47.168331146240234,0
2013-04-01,46.87924575805664,47.34803702343633,46.87924575805664,47.34803702343633,500
2013-04-02,47.41054153442383,47.41054153442383,47.41054153442383,47.41054153442383,500
2013-04-03,46.75422286987305,46.75422286987305,46.75422286987305,46.75422286987305,200
2013-04-04,47.230838775634766,47.230838775634766,47.230838775634766,47.230838775634766,200
2013-04-05,46.95737075805664,47.098008716148136,46.51983309332914,47.098008716148136,700
2013-04-08,46.95737075805664,46.95737075805664,46.95737075805664,46.95737075805664,0
2013-04-09,47.55118179321289,47.62150078062999,47.26990584354451,47.42617059119385,2100
2013-04-10,48.13717269897461,48.13717269897461,48.13717269897461,48.13717269897461,200
2013-04-11,48.66065216064453,48.66065216064453,48.23092637246549,48.449695214338035,218600
2013-04-12,48.33250427246094,48.480954148739094,48.33250427246094,48.480954148739094,1200
2013-04-15,47.10584259033203,48.301262735737886,47.10584259033203,48.301262735737886,1800
2013-04-16,47.93402862548828,47.9652821719858,47.660567544890625,47.660567544890625,1500
2013-04-17,46.69954299926758,46.72298166871664,46.69954299926758,46.72298166871664,200
2013-04-18,46.801109313964844,47.168328002035445,46.801109313964844,47.168328002035445,1700
2013-04-19,46.801109313964844,46.801109313964844,46.801109313964844,46.801109313964844,0
2013-04-22,46.801109313964844,46.801109313964844,46.801109313964844,46.801109313964844,0
2013-04-23,47.3402214050293,47.574617019289406,47.18395666868857,47.574617019289406,1000
2013-04-24,47.84026336669922,47.84026336669922,47.76994438850164,47.76994438850164,200
2013-04-25,50.02016067504883,50.02016067504883,48.4418951026125,48.4418951026125,4200
2013-04-26,47.66057586669922,49.30916347601794,47.39492663609095,49.30916347601794,3800
2013-04-29,47.89496994018555,47.918411593617215,47.70745459574813,47.70745459574813,600
2013-04-30,48.44190216064453,48.44190216064453,48.090307113377946,48.090307113377946,300
2013-05-01,47.965274810791016,47.965274810791016,47.965274810791016,47.965274810791016,200
2013-05-02,48.94975662231445,48.94975662231445,48.71535796290771,48.71535796290771,2700
2013-05-03,49.22320556640625,51.15306870665933,47.3324108467186,49.83263477680111,2900
2013-05-06,49.71544647216797,50.47332566919648,49.61387392722508,50.395194776472714,2500
2013-05-07,49.8326416015625,49.8326416015625,49.8326416015625,49.8326416015625,500
2013-05-08,50.0357780456543,50.37174618309576,50.0357780456543,50.37174618309576,700
2013-05-09,50.629600524902344,51.45779883387631,49.606068995685874,51.45779883387631,479300
2013-05-10,50.51239013671875,50.51239013671875,48.996625900467755,48.996625900467755,700
2013-05-13,50.69990539550781,50.80147495186411,49.80920017513864,50.574897169300414,3300
2013-05-14,49.793575286865234,51.16088969648922,49.793575286865234,51.16088969648922,9100
2013-05-15,49.793575286865234,49.793575286865234,49.793575286865234,49.793575286865234,0
2013-05-16,51.41872024536133,51.41872024536133,49.723255529949334,50.80147609438088,3000
2013-05-17,50.70771408081055,51.32495814254089,50.246731773010296,51.32495814254089,22700
2013-05-20,50.340492248535156,50.39518445834437,50.340492248535156,50.371745791426676,1400
2013-05-21,51.66093826293945,51.66093826293945,49.77014020062974,50.21548987924708,23800
2013-05-22,50.254554748535156,51.34059020809594,50.254554748535156,51.34059020809594,500
2013-05-23,50.254554748535156,50.254554748535156,50.254554748535156,50.254554748535156,0
2013-05-24,48.910675048828125,50.54363842560688,48.871609609592234,49.652930316317935,6600
2013-05-28,49.26227569580078,51.23120446354181,49.06694549638801,51.223389586484004,6500
2013-05-29,49.06694030761719,50.215479731966035,49.06694030761719,50.215479731966035,3300
2013-05-30,49.06694030761719,49.06694030761719,49.06694030761719,49.06694030761719,0
2013-05-31,49.6998176574707,49.6998176574707,48.96537418180337,49.37947624164848,11300
2013-06-03,48.81692886352539,48.81692886352539,48.28563041973296,48.28563041973296,2900
2013-06-04,50.16080093383789,50.16080093383789,50.16080093383789,50.16080093383789,300
2013-06-05,48.62941360473633,48.62941360473633,48.17624605696583,48.17624605696583,400
2013-06-06,48.62941360473633,48.62941360473633,48.62941360473633,48.62941360473633,0
2013-06-07,48.480953216552734,48.71534885161742,48.441887774125654,48.520018658979815,4600
2013-06-10,48.65285110473633,48.84818132292757,48.637224329620715,48.637224329620715,3500
2013-06-11,48.01216506958008,48.246560719892024,48.01216506958008,48.246560719892024,400
2013-06-12,50.02016067504883,50.02016067504883,48.4653337755142,48.4653337755142,400
2013-06-13,50.02016067504883,50.02016067504883,50.02016067504883,50.02016067504883,0
2013-06-14,50.02016067504883,50.02016067504883,50.02016067504883,50.02016067504883,0
2013-06-17,50.465511322021484,50.465511322021484,49.44979778392728,49.44979778392728,1400
2013-06-18,50.465511322021484,50.465511322021484,50.465511322021484,50.465511322021484,0
2013-06-19,50.39519119262695,50.39519119262695,50.39519119262695,50.39519119262695,600
2013-06-20,48.63722229003906,48.879432823420146,48.441892080038905,48.441892080038905,1300
2013-06-21,48.55908203125,48.63721290797772,46.81673427130326,48.19967224899756,3200
2013-06-24,46.097930908203125,47.4027353185229,46.0823041332858,47.4027353185229,800
2013-06-25,46.097930908203125,46.097930908203125,46.097930908203125,46.097930908203125,0
2013-06-26,48.598148345947266,48.70753276753928,48.598148345947266,48.70753276753928,900
2013-06-27,47.54372787475586,48.71444736407942,47.54372787475586,48.71444736407942,500
2013-06-28,47.54372787475586,47.54372787475586,47.54372787475586,47.54372787475586,0
2013-07-01,47.54372787475586,47.54372787475586,47.54372787475586,47.54372787475586,0
2013-07-02,47.50442886352539,49.955867017236415,47.50442886352539,49.955867017236415,21900
2013-07-03,48.132999420166016,48.132999420166016,47.88942918319457,47.88942918319457,800
2013-07-05,48.714439392089844,49.869443994867915,48.714439392089844,49.31944166034162,2400
2013-07-08,48.714439392089844,48.714439392089844,48.714439392089844,48.714439392089844,200
2013-07-09,48.714439392089844,48.714439392089844,48.714439392089844,48.714439392089844,0
2013-07-10,48.714439392089844,48.714439392089844,48.714439392089844,48.714439392089844,0
2013-07-11,49.35872268676758,50.08943945507031,48.47872082498898,48.47872082498898,11900
2013-07-12,49.971588134765625,50.30944660431907,49.971588134765625,50.293734905649785,1700
2013-07-15,49.67300796508789,51.26801181807913,49.67300796508789,51.26801181807913,1500
2013-07-16,50.875152587890625,51.22872267910153,49.99515078776843,49.99515078776843,1600
2013-07-17,50.678733825683594,50.678733825683594,50.678733825683594,50.678733825683594,400
2013-07-18,51.723724365234375,51.723724365234375,51.69229498240672,51.69229498240672,2300
2013-07-19,51.723724365234375,51.723724365234375,51.723724365234375,51.723724365234375,0
2013-07-22,50.702301025390625,51.23658865630007,49.963728357849476,51.23658865630007,3300
2013-07-23,50.27801513671875,51.38587561197192,50.14444173333299,51.38587561197192,30800
2013-07-24,50.16801834106445,50.37230639511058,49.58658956598022,49.58658956598022,900
2013-07-25,50.52158737182617,51.39373340848369,50.52158737182617,51.39373340848369,300
2013-07-26,50.293739318847656,50.293739318847656,49.94016612232765,50.223021682271614,2600
2013-07-29,51.49587631225586,51.49587631225586,51.49587631225586,51.49587631225586,1500
2013-07-30,51.49587631225586,51.49587631225586,51.49587631225586,51.49587631225586,0
2013-07-31,50.30944061279297,51.51944508070529,50.30944061279297,51.51944508070529,2400
2013-08-01,50.977291107177734,50.977291107177734,50.977291107177734,50.977291107177734,1000
2013-08-02,50.977291107177734,50.977291107177734,50.977291107177734,50.977291107177734,0
2013-08-05,52.10087585449219,52.37588151305022,50.75730092926798,50.75730092926798,1500
2013-08-06,51.48015213012695,51.48015213012695,51.48015213012695,51.48015213012695,100
2013-08-07,51.03229522705078,51.03229522705078,51.03229522705078,51.03229522705078,100
2013-08-08,52.34445571899414,52.34445571899414,50.64730454242878,50.678733933981114,1300
2013-08-09,52.34445571899414,52.34445571899414,52.34445571899414,52.34445571899414,0
2013-08-12,52.05373764038086,52.05373764038086,51.85730844173791,51.85730844173791,400
2013-08-13,52.05373764038086,52.05373764038086,52.05373764038086,52.05373764038086,0
2013-08-14,52.171592712402344,52.171592712402344,50.49801222041679,51.582305157656556,1300
2013-08-15,51.213016510009766,51.213016510009766,51.213016510009766,51.213016510009766,100
2013-08-16,49.89301300048828,49.89301300048828,49.89301300048828,49.89301300048828,200
2013-08-19,49.89301300048828,49.89301300048828,49.618013340339076,49.88515715188609,2600
2013-08-20,49.89301300048828,49.89301300048828,49.89301300048828,49.89301300048828,0
2013-08-21,49.500160217285156,49.500160217285156,49.4923043677963,49.4923043677963,800
2013-08-22,50.71015548706055,50.71801433236973,49.500151074776454,49.500151074776454,800
2013-08-23,50.71015548706055,50.71015548706055,50.71015548706055,50.71015548706055,0
2013-08-26,50.615875244140625,52.20302655046901,50.615875244140625,51.55873900881764,6800
2013-08-27,48.75372314453125,50.92230002933211,47.31586306811656,49.09158158269997,37700
2013-08-28,49.955875396728516,51.07159180988481,49.46087297533509,49.46087297533509,22400
2013-08-29,48.95014953613281,50.812297265457694,48.85586437189735,50.034439415290294,5300
2013-08-30,49.460872650146484,50.6787330781516,48.72229694749783,48.72229694749783,2000
2013-09-03,49.460872650146484,51.33087945412676,49.460872650146484,51.33087945412676,6300
2013-09-04,49.460872650146484,49.460872650146484,49.460872650146484,49.460872650146484,0
2013-09-05,50.293739318847656,50.96945631724766,50.285880471551636,50.96945631724766,1100
2013-09-06,50.545166015625,51.14230650102199,49.21730263094755,49.657305142626456,1300
2013-09-09,50.27016067504883,51.46445057477734,49.50801441733356,49.50801441733356,4100
2013-09-10,50.27016067504883,50.27016067504883,50.27016067504883,50.27016067504883,0
2013-09-11,50.27016067504883,50.27016067504883,50.27016067504883,50.27016067504883,0
2013-09-12,50.99302291870117,51.07159340194929,50.75730547441319,51.07159340194929,400
2013-09-13,50.718017578125,52.038021931042536,50.64729995490182,51.44873438053548,6100
2013-09-16,50.91444778442383,50.938018327790736,50.733730294372414,50.938018327790736,1000
2013-09-17,51.095149993896484,51.095149993896484,50.6944328458562,50.75729161310604,101900
2013-09-18,52.603736877441406,52.603736877441406,51.26802072756736,51.26802072756736,3700
2013-09-19,52.2423095703125,53.145885110266526,51.91230994531685,51.91230994531685,400
2013-09-20,52.446598052978516,53.40517353831724,52.328739330355226,53.39731469159738,2100
2013-09-23,52.2423095703125,53.428743644418105,51.040163797440066,51.040163797440066,3500
2013-09-24,51.527305603027344,52.68231017791476,51.519446757101136,52.68231017791476,10200
2013-09-25,52.478031158447266,52.55660164757423,52.478031158447266,52.55660164757423,600
2013-09-26,52.478031158447266,52.478031158447266,52.478031158447266,52.478031158447266,0
2013-09-27,52.171592712402344,52.171592712402344,52.171592712402344,52.171592712402344,500
2013-09-30,52.2423095703125,52.2423095703125,52.2423095703125,52.2423095703125,100
2013-10-01,51.84944534301758,52.43873289061747,50.72587017914539,50.72587017914539,5800
2013-10-02,51.385868072509766,52.14801415193303,51.385868072509766,51.770867537280566,1200
2013-10-03,50.93802261352539,52.2423094107577,50.76516395490029,52.2423094107577,14200
2013-10-04,51.18159103393555,51.93587843023295,50.851591422032314,51.93587843023295,19600
2013-10-07,50.85945129394531,51.535162229520814,50.85945129394531,51.535162229520814,1007200
2013-10-08,50.30158615112305,51.46444963544673,50.30158615112305,51.150161721207084,7100
2013-10-09,50.953731536865234,51.49587802856061,50.18372945889622,51.49587802856061,9900
2013-10-10,50.94587707519531,51.54302355261818,50.94587707519531,50.993024161928545,39100
2013-10-11,51.99872970581055,52.03801793731297,51.47230097311605,51.54301259636942,2600
2013-10-14,51.433021545410156,52.65873784794783,50.95373381284483,50.97730435796386,2600
2013-10-15,51.15015411376953,51.849441471814174,51.15015411376953,51.81801208561029,1400
2013-10-16,52.78445816040039,52.78445816040039,51.97517076498383,52.09302949125331,400
2013-10-17,53.18517303466797,53.240172971842185,51.57445116885455,51.57445116885455,3500
2013-10-18,53.287296295166016,53.65658403358234,53.25586691375383,53.25586691375383,1100
2013-10-21,53.09088134765625,53.36588101533935,52.96516978294819,53.36588101533935,15300
2013-10-22,53.538726806640625,53.58586788276902,53.20086844045644,53.350156507585325,2700
2013-10-23,53.106590270996094,53.185166738694846,52.78444953269404,52.91801993651336,3600
2013-10-24,53.342308044433594,53.3423080444336,53.08302008618344,53.08302008618344,1600
2013-10-25,53.50729751586914,53.60158566282888,53.193009687211735,53.60158566282888,10500
2013-10-28,53.85302734375,53.85302734375,53.29516916459317,53.82159795406668,5800
2013-10-29,53.90802764892578,53.90802764892578,53.70373961184657,53.70373961184657,1500
2013-10-30,53.664466857910156,54.97661264686748,53.664466857910156,54.97661264686748,62900
2013-10-31,53.57016372680664,53.80588112970005,53.57016372680664,53.80588112970005,900
2013-11-01,53.688026428222656,53.688026428222656,53.688026428222656,53.688026428222656,200
2013-11-04,53.91587829589844,54.04158984183844,53.42873181834303,54.04158984183844,4200
2013-11-05,53.62516403198242,53.91588136498968,53.20873514587919,53.91588136498968,6800
2013-11-06,53.224456787109375,54.04160301581696,53.0515981240788,53.96303253113317,14800
2013-11-07,53.31874084472656,53.9158872723517,52.56445345987847,53.9158872723517,74100
2013-11-08,52.682308197021484,53.32659566425465,52.210873371864146,52.210873371864146,249500
2013-11-11,52.682308197021484,52.682308197021484,52.682308197021484,52.682308197021484,0
2013-11-12,52.682308197021484,52.682308197021484,52.682308197021484,52.682308197021484,0
2013-11-13,53.44445037841797,53.44445037841797,52.603733700717505,53.326597662255836,4300
2013-11-14,53.428741455078125,54.13588776148048,53.428741455078125,53.6644588887267,3600
2013-11-15,53.65660095214844,54.14374752582822,53.09088389743475,53.09088389743475,2800
2013-11-18,54.772308349609375,54.772308349609375,53.66445096200563,54.198738537419075,1500
2013-11-19,53.428741455078125,54.465887372953794,53.428741455078125,54.465887372953794,1700
2013-11-20,53.460174560546875,54.47375000439463,53.42874516757364,54.43446176454214,14600
2013-11-21,54.40302658081055,54.44231481648112,54.40302658081055,54.44231481648112,400
2013-11-22,54.59944152832031,54.59944152832031,54.59944152832031,54.59944152832031,200
2013-11-25,54.04944610595703,54.371586797612046,54.04944610595703,54.371586797612046,300
2013-11-26,53.978729248046875,53.978729248046875,53.82158832229496,53.93158816922971,400
2013-11-27,54.065155029296875,54.26158417094616,53.98658457154549,54.26158417094616,2700
2013-11-29,54.66231155395508,54.66231155395507,54.073024018446915,54.355882515054255,2900
2013-12-02,53.868736267089844,54.07302429223905,53.41302512650863,54.06516544658716,11200
2013-12-03,53.499446868896484,53.499446868896484,53.499446868896484,53.499446868896484,100
2013-12-04,53.475887298583984,53.475887298583984,53.18517589838578,53.20088759790573,900
2013-12-05,53.20087814331055,54.135882953996095,52.902307949140834,54.135882953996095,4700
2013-12-06,53.79803466796875,53.79803466796875,53.71160533331581,53.71160533331581,700
2013-12-09,53.87659454345703,53.89230624005195,53.81373576799181,53.81373576799181,1200
2013-12-10,53.78231430053711,54.01803174597337,53.78231430053711,54.01803174597337,2200
2013-12-11,53.17730712890625,53.538736095864266,53.17730712890625,53.538736095864266,12300
2013-12-12,52.485877990722656,52.51730138354478,52.478019145245774,52.51730138354478,1300
2013-12-13,52.619449615478516,52.619449615478516,52.619449615478516,52.619449615478516,100
2013-12-16,53.3344612121582,53.428749398544504,53.29517896373876,53.428749398544504,1100
2013-12-17,53.13016891479492,53.13016891479492,52.87873979400044,53.0751689819506,400
2013-12-18,53.994651794433594,53.994651794433594,52.801441822682065,53.33878089357592,3900
2013-12-19,53.947227478027344,53.947227478027344,53.465208557245234,53.91562462156492,3700
2013-12-20,53.947227478027344,53.947227478027344,53.939329778300944,53.939329778300944,300
2013-12-23,54.56360626220703,54.61892031894937,54.56360626220703,54.61892031894937,25300
2013-12-24,54.15268325805664,54.15268325805664,54.15268325805664,54.15268325805664,171500
2013-12-26,54.950801849365234,54.95080184936523,54.95080184936523,54.95080184936523,300
2013-12-27,54.71372985839844,55.11673563497026,54.71372985839844,54.82435794941363,162800
2013-12-30,55.172061920166016,55.172061920166016,54.98241458332162,54.98241458332162,2600
2013-12-31,55.52764129638672,55.79631383426454,55.11673780341828,55.65407685039488,140500
2014-01-02,54.958709716796875,55.59877325009305,54.50038979056447,55.59877325009305,197300
2014-01-03,54.958709716796875,54.958709716796875,54.958709716796875,54.958709716796875,0
2014-01-06,54.49247360229492,54.83226160388795,54.49247360229492,54.60310169315974,4000
2014-01-07,55.172061920166016,55.20367081443678,54.45297916904176,54.45297916904176,2900
2014-01-08,55.0377082824707,55.148336357106594,54.729529213302456,55.07721486411043,3800
2014-01-09,54.484561920166016,55.06931720512746,54.484561920166016,55.06931720512746,158300
2014-01-10,55.140438079833984,55.14834180845436,54.92708563731168,54.92708563731168,1700
2014-01-13,54.91918182373047,55.64616810743992,54.848066352592554,55.64616810743992,8500
2014-01-14,54.832271575927734,55.274784019864285,54.74534862747164,55.274784019864285,2200
2014-01-15,55.3300895690918,55.41701250418465,55.07722449303414,55.23526893355703,10200
2014-01-16,55.31428146362305,56.025466288196704,55.04561499032757,56.025466288196704,13400
2014-01-17,55.21156311035156,55.43281929564243,55.179954222627316,55.43281929564243,6900
2014-01-21,55.432830810546875,55.511850031882496,54.90339539594007,54.90339539594007,27000
2014-01-22,55.480228424072266,55.551349927122644,55.19575446942829,55.353798904663144,3500
2014-01-23,54.729557037353516,55.39332582262337,54.60312144276061,55.39332582262337,49800
2014-01-24,53.820804595947266,54.89548271141003,53.67856760923075,54.89548271141003,11000
2014-01-27,53.50471878051758,53.82870535468333,53.14122561869816,53.50471878051758,78800
2014-01-28,53.963043212890625,53.963043212890625,53.528428510132876,53.80499876244265,52600
2014-01-29,53.36248016357422,53.71807561421443,53.006890741712645,53.71807561421443,10600
2014-01-30,53.55213165283203,53.79709903460196,53.53633022277225,53.53633022277225,700
2014-01-31,53.24396514892578,53.45732369239532,52.72243343036347,52.72243343036347,24900
2014-02-03,52.20088577270508,52.35102649488094,52.20088577270508,52.35102649488094,3500
2014-02-04,52.4537467956543,52.56437488905614,52.15347140338914,52.35102243143228,13500
2014-02-05,52.36682891845703,52.627597747565254,52.35102748735025,52.38263637834332,8700
2014-02-06,53.26765441894531,53.26765441894532,53.05429596328969,53.05429596328969,5100
2014-02-07,53.852413177490234,53.852413177490234,53.496817698340436,53.694368732719504,3100
2014-02-10,53.81289291381836,53.85240552659221,53.733873717048944,53.85240552659221,3100
2014-02-11,54.71372985839844,54.71372985839844,54.042057583297925,54.12898051606398,11000
2014-02-12,54.824363708496094,54.974504431550756,54.44506907910881,54.95870300065105,101200
2014-02-13,54.96659851074219,54.96659851074219,54.78485493313242,54.80065636340228,1000
2014-02-14,55.11673355102539,55.26687425263159,54.91127880600299,55.11673355102539,10800
2014-02-18,55.251068115234375,55.66987531521695,55.195754070496655,55.3142858888714,7700
2014-02-19,55.28268814086914,55.74891177940747,55.07723334954141,55.49604666268869,61400
2014-02-20,55.432830810546875,55.519753762650105,54.595210183804916,54.595210183804916,25600
2014-02-21,55.432830810546875,55.432830810546875,55.432830810546875,55.432830810546875,0
2014-02-24,55.97806167602539,56.151907561654454,54.713736183422405,54.713736183422405,10500
2014-02-25,55.71728515625,55.75679173857771,55.71728515625,55.72518285544873,700
2014-02-26,55.47232437133789,56.05707973512565,55.41701032652324,56.04917600621535,30800
2014-02-27,55.156253814697266,56.01757347144865,54.769049428309025,56.01757347144865,7900
2014-02-28,56.05707931518555,56.23882287730989,55.3616958669778,55.3616958669778,1400
2014-03-03,55.31428146362305,55.85162043899223,55.30637773535605,55.78840267041274,19100
2014-03-04,56.025489807128906,56.025489807128906,56.01758607554401,56.01758607554401,900
2014-03-05,56.21512222290039,56.36526293920543,56.104494125237466,56.33365405004757,7600
2014-03-06,56.570709228515625,56.80777287255546,56.017568764127894,56.80777287255546,12700
2014-03-07,56.49959182739258,56.6023161876275,56.41266889612506,56.578611029787034,2500
2014-03-10,56.128196716308594,56.207215921197495,55.725190933962665,55.725190933962665,1000
2014-03-11,55.551361083984375,56.499603770722274,55.551361083984375,56.499603770722274,5500
2014-03-12,55.67778396606445,55.92274532458928,55.67778396606446,55.92274532458928,300
2014-03-13,55.16415023803711,55.28268206727222,54.91918887872268,55.28268206727222,4700
2014-03-14,54.91127014160156,55.3379809929584,54.911270141601555,55.3379809929584,3600
2014-03-17,54.91127014160156,54.911270141601555,54.911270141601555,54.911270141601555,0
2014-03-18,55.11673355102539,55.954347930978784,55.11673355102539,55.81211095808306,1500
2014-03-19,55.81212615966797,55.99387579684077,55.81212615966796,55.99387579684077,500
2014-03-20,55.56715393066406,55.75680123295342,54.99820599501694,55.75680123295342,3100
2014-03-21,55.3063850402832,56.223024719421836,55.10093630843132,56.223024719421836,21700
2014-03-24,55.09303283691406,55.503936331319565,54.911283234586456,55.01401362977213,4300
2014-03-25,55.519744873046875,55.52764257376978,55.33799526717385,55.33799526717385,9200
2014-03-26,55.97806167602539,55.99386913587139,55.15625462741807,55.15625462741807,1400
2014-03-27,55.27476501464844,55.646161843302856,55.06141259647347,55.646161843302856,4700
2014-03-28,55.22736740112305,56.17560996686291,55.20366224129643,55.74890503242541,4100
2014-03-31,56.2546501159668,56.2546501159668,55.42493312942857,55.42493312942857,900
2014-04-01,56.3099365234375,56.404757141307165,55.899027083409514,56.08868037670451,4500
2014-04-02,56.460086822509766,56.75246454243775,56.21512545343304,56.68924676048908,11900
2014-04-03,55.906944274902344,56.53120628425229,55.87533538507432,55.87533538507432,2400
2014-04-04,55.543434143066406,56.554894193928014,55.543434143066406,56.53909276822343,7400
2014-04-07,55.0693359375,56.19142452204312,55.0693359375,56.19142452204312,1100
2014-04-08,55.82002639770508,55.82002639770508,55.07723249132669,55.07723249132669,8300
2014-04-09,55.59877395629883,56.12820938016442,55.59877395629883,56.12820938016442,1700
2014-04-10,55.535545349121094,56.18351249523879,55.527641619754796,55.94645487326153,3600
2014-04-11,55.156253814697266,55.17995897533748,55.15625381469726,55.17995897533748,2200
2014-04-14,55.37752151489258,55.37752151489258,55.28269482386718,55.28269482386718,1300
2014-04-15,54.91918182373047,55.32218757984748,54.729534538584204,55.32218757984748,4000
2014-04-16,55.81212615966797,55.82002989053119,55.148357457882526,55.148357457882526,7400
2014-04-17,56.21512222290039,56.21512222290039,56.21512222290039,56.21512222290039,1100
2014-04-21,55.946449279785156,56.55490374701769,55.68568049578043,56.55490374701769,800
2014-04-22,56.34156799316406,56.626042018375244,56.2546450394173,56.626042018375244,7600
2014-04-23,56.34156799316406,56.34156799316406,56.34156799316406,56.34156799316406,0
2014-04-24,56.365272521972656,56.365272521972656,56.365272521972656,56.365272521972656,700
2014-04-25,56.080787658691406,56.286242419040114,55.86742916904263,56.286242419040114,10100
2014-04-28,55.50393295288086,55.954349037830724,55.48022779505908,55.48022779505908,5100
2014-04-29,56.61022186279297,56.61022186279297,56.60231813364818,56.60231813364818,2000
2014-04-30,55.906944274902344,56.95001352410977,55.88323911472615,56.95001352410977,600
2014-05-01,57.0211296081543,57.04483476607507,57.0211296081543,57.04483476607507,2300
2014-05-02,56.33366012573242,57.05274283809577,56.096596445870325,57.05274283809577,6500
2014-05-05,56.681339263916016,56.76825616310046,56.333647552064335,56.499589679417596,37600
2014-05-06,56.586517333984375,56.94210677533212,56.586517333984375,56.94210677533212,76600
2014-05-07,56.15189743041992,56.15189743041993,55.97015387643853,55.97015387643853,800
2014-05-08,56.886783599853516,56.97370652112881,55.527631771306716,55.527631771306716,2000
2014-05-09,56.697139739990234,56.697139739990234,56.2467236793742,56.59441538538601,7300
2014-05-12,56.815677642822266,56.89469684935724,56.539107405560365,56.89469684935724,1600
2014-05-13,56.736656188964844,57.337206957866194,56.39686818842225,57.14755966393833,9000
2014-05-14,57.04484176635742,57.21868765081492,56.791976669540915,57.21868765081492,12400
2014-05-15,56.55492401123047,57.329326912145085,56.01758482231315,57.329326912145085,800
2014-05-16,56.15189743041992,56.15189743041993,56.15189743041993,56.15189743041993,200
2014-05-19,56.15189743041992,56.15189743041993,56.15189743041993,56.15189743041993,0
2014-05-20,56.483795166015625,56.79987200227235,56.483795166015625,56.79987200227235,2200
2014-05-21,56.85517501831055,56.85517501831054,56.689232902844346,56.77615582458064,5200
2014-05-22,56.744564056396484,56.815685572349395,56.744564056396484,56.815685572349395,600
2014-05-23,56.79198455810547,57.28981109101824,56.776177096170294,57.26610592689577,22500
2014-05-27,57.1475715637207,57.471558202557205,57.1475715637207,57.226590783579844,5500
2014-05-28,57.48735427856445,57.6374950024533,56.78407303842115,56.80777819929213,37400
2014-05-29,57.6453971862793,57.653300916777404,57.28980768800366,57.653300916777404,1700
2014-05-30,57.684898376464844,57.83503908227032,57.408328151648504,57.408328151648504,245200
2014-06-02,57.52686309814453,58.080003577850526,57.33720976614899,58.080003577850526,6700
2014-06-03,57.882450103759766,57.89035383278763,57.289797031025024,57.74811685418015,7200
2014-06-04,57.90616226196289,57.99308520544051,57.597983109189364,57.99308520544051,16500
2014-06-05,58.095802307128906,58.095802307128906,57.26609162614018,58.000981674318076,3800
2014-06-06,58.490901947021484,58.83859366309716,58.31706211776219,58.83859366309716,5100
2014-06-09,58.562034606933594,58.562034606933594,57.51106155854543,58.435599039256964,700
2014-06-10,58.26176071166992,58.546228688876745,57.76392818680332,58.546228688876745,228600
2014-06-11,58.1511116027832,58.25384198497571,58.111605018598496,58.25384198497571,600
2014-06-12,57.684898376464844,58.15111589418686,57.64538576058591,58.15111589418686,1400
2014-06-13,57.7955322265625,58.04049358884543,57.74812190580563,57.756019606745554,3400
2014-06-16,57.81923294067383,58.0800017423423,57.81133524034124,57.81133524034124,5200
2014-06-17,57.9693717956543,58.111608771216616,57.9693717956543,58.111608771216616,1300
2014-06-18,58.24594497680664,58.24594497680664,57.7402148221782,58.18272720028334,3100
2014-06-19,58.54623794555664,58.87022462590325,58.18274466460879,58.18274466460879,3100
2014-06-20,58.625247955322266,58.79119010375828,58.5778316066411,58.79119010375828,7400
2014-06-23,58.52251052856445,58.585728300027355,58.19853000017946,58.34866467143072,46400
2014-06-24,58.15901184082031,58.806978864590285,58.02467861085314,58.03258233872707,5200
2014-06-25,58.208675384521484,58.34482519451806,58.208675384521484,58.34482519451806,2500
2014-06-26,58.37686538696289,58.37686538696288,58.37686538696288,58.37686538696288,100
2014-06-27,58.37686538696289,58.37686538696288,58.37686538696288,58.37686538696288,0
2014-06-30,58.43292236328125,58.753279523371326,58.43292236328125,58.753279523371326,3300
2014-07-01,58.96152877807617,59.153740682767804,58.296788557730835,58.296788557730835,42000
2014-07-02,59.14570617675781,59.50611022654834,58.96950945601184,59.50611022654834,20600
2014-07-03,59.369972229003906,59.4100191722687,59.169749733291255,59.4020085615546,6100
2014-07-07,58.897438049316406,59.18575887311205,58.897438049316406,59.18575887311205,2500
2014-07-08,58.16862869262695,58.561069125878745,58.16862869262695,58.561069125878745,900
2014-07-09,58.65718078613281,59.09767272197218,58.52904156590134,59.09767272197218,87700
2014-07-10,58.080528259277344,58.53703522170814,58.056502541829076,58.53703522170814,10000
2014-07-11,58.32080841064453,58.360855353980654,58.16063285791138,58.360855353980654,2100
2014-07-14,58.641143798828125,58.92946457467267,58.31277609455385,58.31277609455385,117000
2014-07-15,58.71323776245117,59.20178109983413,58.4649638438912,58.521025893575874,64000
2014-07-16,59.02557373046875,59.410003509420484,58.69721210142818,59.410003509420484,4900
2014-07-17,58.18465805053711,58.825366365947424,58.18465805053711,58.7052377576431,22600
2014-07-18,58.90544509887695,58.90544509887695,58.456942672127674,58.51300471168333,15400
2014-07-21,58.777313232421875,58.77731323242187,58.56908013350632,58.56908013350632,4200
2014-07-22,58.92147445678711,59.08165000560007,58.865412403672025,58.865412403672025,24200
2014-07-23,59.13771438598633,59.13771438598633,58.488995444367376,58.488995444367376,20800
2014-07-24,59.17774963378906,59.17774963378906,58.9615120660894,58.9615120660894,600
2014-07-25,58.897438049316406,59.25783602390876,58.83336539729417,59.25783602390876,10300
2014-07-28,58.673194885253906,59.185763924570324,58.52102385128953,59.185763924570324,2100
2014-07-29,58.729248046875,58.945485595307126,58.729248046875,58.945485595307126,2400
2014-07-30,58.51300811767578,58.7372562889517,58.51300811767579,58.67318974737601,14800
2014-07-31,57.47187042236328,57.99245016536179,57.47187042236328,57.99245016536179,2800
2014-08-01,57.24761199951172,57.60801000572466,56.486762938177264,57.03136830754,4100
2014-08-04,57.63203430175781,57.96040208134596,57.21557425796567,57.96040208134596,4500
2014-08-05,56.847164154052734,57.15150009687473,56.847164154052734,57.13547887812878,3800
2014-08-06,56.662960052490234,56.879197635534446,55.95016853500062,55.966183644361124,14000
2014-08-07,56.43070983886719,57.111465130945774,56.43070983886719,56.863191181086805,1400
2014-08-08,56.79110336303711,56.79110336303711,56.25450250868284,56.25450250868284,1700
2014-08-11,57.047401428222656,57.64806897075763,57.047401428222656,57.64806897075763,1500
2014-08-12,56.887203216552734,57.37574649797829,56.81512606534459,57.37574649797829,800
2014-08-13,57.23958969116211,57.50388476719788,57.23958969116211,57.50388476719788,3500
2014-08-14,57.608009338378906,57.608009338378906,57.47185952519165,57.47185952519165,1100
2014-08-15,57.49590301513672,58.12059633724919,57.36775766172556,58.12059633724919,7800
2014-08-18,58.12059020996094,58.12059020996094,58.12059020996094,58.12059020996094,800
2014-08-19,58.272762298583984,58.80134655921102,58.16864268050586,58.80134655921102,29800
2014-08-20,58.33683776855469,58.336837768554695,58.152636448957324,58.256749972629436,21200
2014-08-21,58.80134582519531,58.84139277169565,58.545061254389175,58.545061254389175,61300
2014-08-22,58.272762298583984,58.85740861882761,58.080544285350314,58.2567410756614,43000
2014-08-25,58.7532844543457,59.073641641322325,58.6171346357298,59.073641641322325,23700
2014-08-26,59.00156784057617,59.081655622596735,58.713246937057264,59.01758906316394,29000
2014-08-27,58.99356460571289,59.04161605389529,58.94550704722426,59.02559483096367,13600
2014-08-28,58.889442443847656,58.889442443847656,58.601121546594804,58.601121546594804,25000
2014-08-29,59.06562805175781,59.06562805175781,58.673193725417924,58.673193725417924,13600
2014-09-02,58.649173736572266,58.945499107525,58.649173736572266,58.945499107525,213400
2014-09-03,59.08164978027344,59.20979510707949,58.873422789671835,59.00957261667415,28200
2014-09-04,59.2017822265625,59.2017822265625,59.2017822265625,59.2017822265625,200
2014-09-05,58.825374603271484,58.825374603271484,58.529049180885515,58.537053682356266,1000
2014-09-08,58.593109130859375,58.857398159051954,58.593109130859375,58.857398159051954,4400
2014-09-09,58.416908264160156,58.416908264160156,58.25672662619542,58.264737235669834,1200
2014-09-10,58.60110855102539,58.62513426875078,58.136590973985804,58.14460158332914,5700
2014-09-11,58.224693298339844,58.60111252906922,58.06451776242758,58.60111252906922,1800
2014-09-12,58.20066833496094,58.46496347192368,58.144606285632946,58.46496347192368,800
2014-09-15,58.04049301147461,58.2567305995946,57.77619787353509,58.08053384096825,25100
2014-09-16,58.4649543762207,58.4649543762207,58.384866619683976,58.392877228428894,2600
2014-09-17,58.112571716308594,58.69722405727226,58.072530885750034,58.072530885750034,15400
2014-09-18,58.76129913330078,58.80935057606782,58.58510236274758,58.80935057606782,9000
2014-09-19,58.76129913330078,58.76129913330078,58.76129913330078,58.76129913330078,0
2014-09-22,58.68120193481445,58.73726398497894,58.68120193481445,58.73726398497894,1000
2014-09-23,57.84027099609375,58.168632685912605,57.760183226160265,58.168632685912605,4500
2014-09-24,58.080528259277344,58.080528259277344,57.45583516440411,57.45583516440411,29500
2014-09-25,57.535919189453125,57.97641101507979,57.32769224488793,57.97641101507979,33300
2014-09-26,57.455833435058594,57.66406649718365,57.279636698668504,57.66406649718365,15700
2014-09-29,57.23958969116211,57.39176069438944,56.767061575494786,56.959279509141,119300
2014-09-30,57.167518615722656,57.551948454598794,56.83114632564666,57.23960188377036,29500
2014-10-01,56.735042572021484,56.90323484287981,56.55885191118447,56.90323484287981,119000
2014-10-02,56.19845199584961,56.334601834614794,55.70990858822768,56.22247771912511,7600
2014-10-03,56.646942138671875,56.646942138671875,56.31056375570476,56.550833156352034,49900
2014-10-06,56.39866638183594,57.09544280801595,56.39866638183594,57.09544280801595,13500
2014-10-07,55.66985321044922,56.56684590004877,55.66985321044922,56.56684590004877,1200
2014-10-08,56.92726516723633,56.92726516723633,55.66986805641225,55.95017834666487,4400
2014-10-09,55.32548904418945,56.630937694966626,55.32548904418945,56.30257593447331,9600
2014-10-10,54.86896896362305,55.565739268615054,54.77285997555637,55.565739268615054,7600
2014-10-13,54.316341400146484,54.812895233881584,54.316341400146484,54.40443975952374,1400
2014-10-14,53.939937591552734,54.42848095604613,53.939937591552734,54.204232744863354,1500
2014-10-15,54.004005432128906,54.1241401374786,53.018908180627335,53.763736021429516,6900
2014-10-16,53.835819244384766,54.10811887333501,53.28320326641465,53.54749839590514,8000
2014-10-17,54.796878814697266,54.97307554887704,54.32435676421902,54.77285309827353,10200
2014-10-20,55.101219177246094,55.1332493913024,54.220235533095305,54.220235533095305,6000
2014-10-21,56.094329833984375,56.09432983398437,55.53370323275673,55.65383794089873,8900
2014-10-22,55.69388961791992,56.046283162364396,55.69388961791992,56.046283162364396,2300
2014-10-23,56.310569763183594,56.3666318146083,55.822026410637456,55.83003702092822,5700
2014-10-24,56.150394439697266,56.4867667495664,55.830037240167236,56.31056998430961,48000
2014-10-27,56.19043731689453,56.43070061643542,55.990214845458,56.25450386392249,4600
2014-10-28,57.047401428222656,57.047401428222656,56.31858854366657,56.31858854366657,5700
2014-10-29,56.87919235229492,57.35172052365616,56.87919235229492,57.35172052365616,8100
2014-10-30,56.89521789550781,57.087429756116606,56.64694398762542,56.678974205806156,10500
2014-10-31,57.65605545043945,57.9043354454243,57.511895040878805,57.66406605938846,9400
2014-11-03,57.77617645263672,57.77617645263672,57.77617645263672,57.77617645263672,400
2014-11-04,57.52793884277344,57.66408869683402,57.391788988712854,57.66408869683402,900
2014-11-05,57.80022048950195,58.03247928519152,57.632034349927736,57.96840662907616,11600
2014-11-06,57.81624221801758,57.9043405933761,57.624024247978156,57.9043405933761,15000
2014-11-07,57.80821990966797,57.880297051117815,57.415785659954814,57.880297051117815,3500
2014-11-10,57.952392578125,58.06451667322131,57.56796274471986,57.712123168458675,4200
2014-11-11,58.21668243408203,58.23269754180036,57.76817998401221,58.13658856457732,8900
2014-11-12,58.080528259277344,58.14460091267576,57.55995475375267,57.55995475375267,2400
2014-11-13,57.888328552246094,58.24873272048344,57.8643028297581,58.24873272048344,2700
2014-11-14,58.14460754394531,58.14460754394531,57.792220130674046,57.792220130674046,23600
2014-11-17,58.28875732421875,58.296767932919494,57.54392958295667,57.54392958295667,17200
2014-11-18,58.44094467163086,58.65718228455409,58.24873278122068,58.49700672759658,5700
2014-11-19,58.06452941894531,58.44895933673653,58.06452941894531,58.44094872524127,4900
2014-11-20,58.21668243408203,58.392879170505424,57.98442365518795,58.37685795248274,10100
2014-11-21,58.76129913330078,59.177759227994734,58.44895253470393,58.66519013746116,5600
2014-11-24,58.76129913330078,59.19378044912078,58.73726730161172,59.19378044912078,6500
2014-11-25,58.7933235168457,59.12168515953104,58.73725536460467,59.02557618322337,13700
2014-11-26,58.85739517211914,58.96951926573618,58.61713187592755,58.817354344572955,160800
2014-11-28,58.6892204284668,58.865417212738926,58.52103425538141,58.77731882060286,17400
2014-12-01,58.56908416748047,58.937492838440505,58.32882083092697,58.937492838440505,6900
2014-12-02,58.47297286987305,58.87341781685967,58.47297286987305,58.87341781685967,6100
2014-12-03,58.80935287475586,58.80935287475586,58.53704709771938,58.53704709771938,1400
2014-12-04,58.55305480957031,58.83336502250138,58.55305480957031,58.83336502250138,8000
2014-12-05,58.777313232421875,58.977535720912286,58.593111964781734,58.86541161618209,15000
2014-12-08,58.40888214111328,58.71321800695671,58.072509956185854,58.625119657051464,20700
2014-12-09,58.26474380493164,58.26474380493165,57.60801429099274,57.984433544769686,15700
2014-12-10,57.46384811401367,58.352836357633244,57.19154849143712,57.664070581309886,11300
2014-12-11,57.5038948059082,58.024468330410365,57.31968744824861,57.76017931854018,19900
2014-12-12,56.614906311035156,57.41579617319017,56.470745891435065,57.41579617319017,15000
2014-12-15,56.19043731689453,57.25561622110514,55.82202259238299,57.24761172166722,107800
2014-12-16,55.70189666748047,56.86318461334932,55.661849727151804,56.31056861040079,6900
2014-12-17,56.4597053527832,56.645723433527614,56.16046719164674,56.613372194686505,7800
2014-12-18,58.07723617553711,58.085325528661556,57.30082487554055,57.69711679347902,5800
2014-12-19,58.26325225830078,58.30368668178625,57.61623977885022,58.29560349931014,2200
2014-12-22,58.5058708190918,58.58675199782558,57.86695393374179,58.085317073367186,54200
2014-12-23,58.66761779785156,58.708052210504334,58.19853418443949,58.47351657416495,12000
2014-12-24,58.93452453613281,59.274203299133816,58.53014329340741,58.667631435045706,12300
2014-12-26,59.007293701171875,59.04773428228554,58.25514455316886,58.63526380231837,6300
2014-12-29,58.83747100830078,58.93452472820369,58.675720978830704,58.80511976833314,43200
2014-12-30,58.48970031738281,58.88599219140074,58.311771590575795,58.88599219140074,244100
2014-12-31,57.95591354370117,58.68379472970349,57.308901189068976,57.308901189068976,13700
2015-01-02,57.94781494140625,58.360285405895084,57.52725512692497,58.360285405895084,31100
2015-01-05,56.5890998840332,57.486826542810746,56.50013553619999,56.78320111095715,61100
2015-01-06,55.83696746826172,56.669991911617636,55.820788761775404,56.66190255837447,16300
2015-01-07,56.403079986572266,56.597187377492936,56.11192507055781,56.2655918791117,19200
2015-01-08,57.65667724609375,57.6647665984995,57.292730432250835,57.56771288073446,10000
2015-01-09,57.106712341308594,57.858861604103204,56.74277173720717,57.858861604103204,2700
2015-01-12,57.00157928466797,57.08245429430853,56.289864390948445,56.694245609519,1600
2015-01-13,56.597190856933594,57.61622695526519,56.53248838931564,57.61622695526519,1600
2015-01-14,56.56484603881836,56.928786662306074,55.97444675298243,56.928786662306074,33100
2015-01-15,56.1766357421875,56.59719564693057,56.1766357421875,56.589106295201965,9600
2015-01-16,56.928794860839844,56.96923545610365,56.47588981165408,56.47588981165408,8700
2015-01-20,57.219940185546875,57.93164888101008,56.83173151596946,57.93164888101008,8400
2015-01-21,57.11479187011719,57.66475044263523,57.07435128978662,57.47873241162735,101100
2015-01-22,57.82651138305664,57.96399950965266,57.45448142089645,57.8669519710519,4800
2015-01-23,57.45447540283203,57.84267785730764,57.45447540283203,57.84267785730764,8400
2015-01-26,58.174278259277344,58.174278259277344,57.65667082953711,57.9639983127056,29900
2015-01-27,58.00444030761719,58.15001778641271,57.454481628874944,58.01252965931901,9000
2015-01-28,57.195674896240234,57.92356225189289,57.195674896240234,57.89121101715642,22100
2015-01-29,57.05819320678711,57.38978260206322,56.225162701767466,56.225162701767466,22100
2015-01-30,56.50823211669922,57.608149493936736,56.50823211669922,57.608149493936736,19500
2015-02-02,57.50299835205078,57.50299835205078,56.65380163844195,57.26845654437786,46100
2015-02-03,57.980167388916016,58.206619830532176,57.17948832273083,58.206619830532176,76600
2015-02-04,57.600059509277344,58.32794690833001,57.583880805760906,58.32794690833001,17500
2015-02-05,58.23898696899414,58.54631448508274,58.06105823901781,58.53822513271074,14900
2015-02-06,58.085323333740234,58.48970458952243,57.79416833594759,58.22281147981779,26000
2015-02-09,57.66477584838867,58.17429406505798,57.591984005796505,58.077240331724745,21900
2015-02-10,58.22279739379883,58.51395232115148,57.939731817307866,58.51395232115148,8300
2015-02-11,58.22279739379883,58.52204167201316,58.004434283467745,58.424987972773344,14100
2015-02-12,58.788936614990234,58.99112720049193,58.788936614990234,58.918335381120485,1400
2015-02-13,59.039649963378906,59.71900735734579,59.00729872980426,59.71900735734579,3000
2015-02-17,59.56535720825195,59.80798224727018,58.991136594430436,59.702845347399084,27200
2015-02-18,59.816070556640625,59.84842179535253,59.14479623669636,59.759457431486766,17300
2015-02-19,59.64622497558594,59.84841556872352,59.23375443788245,59.46829626636611,21400
2015-02-20,60.01826858520508,60.39029862079909,59.31464293962611,59.71094103502792,58500
2015-02-23,60.15574645996094,60.33367517926982,60.026347681606566,60.33367517926982,23000
2015-02-24,60.543941497802734,60.56011402756621,59.89692924067231,59.89692924067231,255600
2015-02-25,60.48735046386719,60.68954109671725,60.33368360838325,60.641017319351135,249400
2015-02-26,60.28514862060547,60.76231546362251,60.244708033408266,60.76231546362251,11900
2015-02-27,60.28514862060547,60.729964227938204,60.228535500749764,60.729964227938204,12800
2015-03-02,60.42262649536133,60.63290640645712,60.26087651474379,60.63290640645712,11900
2015-03-03,60.091041564941406,60.44689278231669,59.929285402164744,60.12338662713005,8800
2015-03-04,59.91312789916992,59.91312789916992,59.53300853425721,59.53300853425721,5600
2015-03-05,59.840328216552734,60.22044753160988,59.743280677639376,60.22044753160988,16200
2015-03-06,59.05583190917969,59.94547554838491,59.05583190917969,59.94547554838491,17800
2015-03-09,59.3631591796875,59.52490918550687,59.193319822467004,59.52490918550687,9300
2015-03-10,58.16619110107422,59.09626910752337,58.16619110107421,59.09626910752337,10700
2015-03-11,58.230892181396484,58.87790456267006,58.158106527946074,58.87790456267006,49400
2015-03-12,58.86171340942383,58.91832651803331,58.708046613041205,58.805100300814345,4800
2015-03-13,58.546302795410156,58.74849337176408,58.27940975373498,58.74849337176408,7700
2015-03-16,59.24184036254883,59.29036412757754,59.08009036554186,59.08009036554186,3700
2015-03-17,59.080108642578125,59.19333490958408,58.97496555866632,59.055840582189326,6800
2015-03-18,60.11530303955078,60.11530303955078,59.13670140025602,59.13670140025602,3700
2015-03-19,59.59770584106445,60.301325210849804,59.59770584106446,60.301325210849804,6200
2015-03-20,60.50352096557617,60.7299734794966,60.123401601337655,60.600574687414166,4600
2015-03-23,60.72995376586914,60.79465622609133,60.471150095346644,60.471150095346644,6400
2015-03-24,60.50352096557617,61.021128474642346,60.325592227390636,61.021128474642346,24700
2015-03-25,60.01826858520508,60.44691175294669,59.87269107820145,60.430739216776786,47500
2015-03-26,59.314632415771484,59.54109107455125,59.17714428643085,59.36316235640806,8600
2015-03-27,59.35507583618164,59.57344515354496,59.26611147286589,59.306552063597714,7300
2015-03-30,59.524898529052734,59.84840465314294,59.38741043168338,59.74326778521922,737400
2015-03-31,59.419776916503906,59.54917569714204,59.0396575858839,59.1205325950787,421600
2015-04-01,59.1771354675293,59.47637973711759,58.65952809390446,59.47637973711759,57700
2015-04-02,59.573455810546875,59.86460466850142,59.34699710045278,59.46022337031536,5900
2015-04-06,60.325592041015625,60.325592041015625,59.48448446915785,60.0344432171376,900
2015-04-07,59.94547653198242,60.39029218851579,59.476392818226095,59.476392818226095,120900
2015-04-08,60.11530303955078,60.43880919254602,60.0910411578903,60.09912433819937,5600
2015-04-09,60.05868911743164,60.22043910656949,59.557254278517775,60.22043910656949,2100
2015-04-10,60.59247589111328,60.59247589111328,59.86458851669277,59.86458851669277,6100
2015-04-13,60.2528076171875,60.754242599898035,60.2528076171875,60.754242599898035,14400
2015-04-14,60.48735046386719,60.487350463867195,60.25280858931691,60.25280858931691,16200
2015-04-15,60.52776336669922,60.91597195870029,60.180001525402545,60.55203141712185,2900
2015-04-16,60.64909744262695,61.182883648201724,60.56822242764026,60.754240515440955,4700
2015-04-17,60.00208282470703,60.39028531091197,59.775630346026276,60.39028531091197,8400
2015-04-20,60.657188415527344,60.713801544567104,60.38221212315373,60.44690843465039,5300
2015-04-21,60.43072509765625,61.013034989619044,60.35793327597731,61.013034989619044,12600
2015-04-22,60.632904052734375,61.00493393000579,60.13146925969934,60.89170771389562,14000
2015-04-23,60.899810791015625,61.23140016426225,60.285149643320985,60.519691478235615,9200
2015-04-24,61.15862274169922,61.36889654996369,60.89981898736985,60.97260465091488,6400
2015-04-27,61.09390640258789,61.68429944087276,61.04538263789785,61.04538263789785,11000
2015-04-28,61.19903564453125,61.53871429569938,60.91597010189115,61.37696432000962,9400
2015-04-29,60.76231384277344,61.25565937565616,60.69761754349791,61.0049450187498,182900
2015-04-30,60.479244232177734,60.851274152350754,60.479244232177734,60.81892291967918,5400
2015-05-01,60.697628021240234,61.42550933408338,60.600574300022664,61.42550933408338,1500
2015-05-04,61.328453063964844,61.42550060101666,60.98877434354887,61.19096493956323,7700
2015-05-05,60.543941497802734,61.27991192418156,60.171911609580896,60.89170950619625,4700
2015-05-06,60.26091003417969,60.75425577095717,60.22046943134757,60.63294013283047,6100
2015-05-07,60.48735046386719,60.592487371616585,60.107231086850135,60.107231086850135,15000
2015-05-08,61.31228256225586,61.46594941029941,61.08583005168734,61.08583005168734,4400
2015-05-11,61.207130432128906,61.40932100488695,61.15860666918429,61.376969772801665,1700
2015-05-12,60.867462158203125,61.215230249624724,60.802759682969416,61.12626588877029,3200
2015-05-13,61.24758529663086,61.46594845116648,60.82702535182204,61.30419842338958,5600
2015-05-14,61.70048904418945,61.90267965994428,61.44977465517119,61.465947189469695,8100
2015-05-15,61.8541374206543,61.975446817596975,61.15051206655639,61.85413742065429,6500
2015-05-18,61.33654022216797,62.55777322898163,60.940248355987315,62.21000513447315,8800
2015-05-19,62.45261764526367,62.45261764526367,62.45261764526367,62.45261764526367,300
2015-05-20,61.951202392578125,62.05634546003996,61.53064863383423,62.05634546003996,377200
2015-05-21,62.12104034423828,62.17765346758778,61.70857594713519,61.886498498828146,10700
2015-05-22,62.007808685302734,62.145296805670036,61.894582448486474,62.145296805670036,3300
2015-05-26,61.11008834838867,61.3850707881841,60.65718335386418,61.32036831171838,173100
2015-05-27,61.55491638183594,61.79754760791867,61.465952010296824,61.79754760791867,4900
2015-05-28,61.207130432128906,61.52254723200212,60.948326745813276,61.48210664930387,22200
2015-05-29,60.7380485534668,61.14242971050768,60.713786671303026,61.14242971050768,1400
2015-06-01,61.01304626464844,61.0292188000284,60.63292689435184,60.63292689435184,5700
2015-06-02,61.22331619262695,61.352721148930954,60.65718493471677,60.681446821431784,25900
2015-06-03,61.11008834838867,61.595350751513806,61.00495145190771,61.085826462305974,32200
2015-06-04,60.50352096557617,61.14244408434778,60.47925907770873,61.14244408434778,360500
2015-06-05,60.438812255859375,60.438812255859375,60.0586929696013,60.0910442035772,2900
2015-06-08,60.03443908691406,60.196189107981425,60.03443908691406,60.196189107981425,800
2015-06-09,60.09914016723633,60.12340205528696,59.832253228311174,60.018265150278154,5800
2015-06-10,61.01304626464844,61.061570041156656,60.83511752362719,60.899820005883704,13100
2015-06-11,61.07773208618164,61.255660796642886,60.69761895153938,60.69761895153938,4000
2015-06-12,60.657188415527344,60.73806343267439,60.41455719371792,60.58440275120549,6600
2015-06-15,60.325592041015625,60.33368139373585,59.3874307476197,59.96165138339194,3700
2015-06-16,60.4711799621582,60.8108649609125,59.985923611555414,59.985923611555414,22800
2015-06-17,60.66527557373047,60.778501827713924,60.22854309249367,60.527781262149354,5200
2015-06-18,60.5682258605957,61.36081586127209,60.53587461869376,60.74615460587215,73800
2015-06-19,60.96450424194336,61.12626041554403,60.454986178427234,61.12626041554403,1200
2015-06-22,61.03730392456055,61.64387577036651,61.03730392456055,61.32036955186308,20600
2015-06-23,61.13434982299805,61.46594538487719,60.80276043148664,61.18287976520459,4100
2015-06-24,60.62482833862305,61.34462637594843,60.61673898697687,60.79466770098851,111400
2015-06-25,60.53153610229492,61.219025706151164,60.457879846974,61.219025706151164,512100
2015-06-26,60.75251388549805,60.883460413310985,60.4742423671163,60.883460413310985,15000
2015-06-29,59.11563491821289,60.326916699239085,59.1156349182129,59.63124734935863,3200
2015-06-30,59.091087341308594,59.71310056166606,58.935588719348424,59.30388248798893,25200
2015-07-01,59.5739631652832,60.0732096748973,59.54122497269863,60.0732096748973,3700
2015-07-02,59.69672393798828,59.9176989109226,59.312058018277476,59.9176989109226,6600
2015-07-06,58.927391052246094,59.3938993149762,58.44451681721451,59.082895887879815,5600
2015-07-07,59.13200759887695,59.13200759887695,58.05985831736448,58.31357150754301,30400
2015-07-08,57.52785110473633,58.567261786685826,57.52785110473633,58.567261786685826,332700
2015-07-09,58.65730285644531,58.95194029706753,58.65730285644532,58.919202109868316,1400
2015-07-10,59.75400924682617,59.76218911035744,59.254762827910795,59.598504421343165,19600
2015-07-13,59.81130599975586,61.09625030481677,59.67217337458582,61.09625030481677,2900
2015-07-14,60.3269157409668,60.37601990196131,59.8440415067314,59.8440415067314,9600
2015-07-15,60.335121154785156,60.5479163274684,59.99955929616262,60.43332950819817,10000
2015-07-16,60.809791564941406,61.04713248769594,60.613362447656165,61.04713248769594,84800
2015-07-17,60.79341506958008,61.202633002190794,60.58880610327473,60.69520676202238,3800
2015-07-20,60.63793182373047,60.94894155939818,60.392404723341166,60.94894155939818,448200
2015-07-21,60.506980895996094,60.744328113407185,59.95044410031503,59.95044410031503,731400
2015-07-22,60.187774658203125,60.35145933461421,60.04045595176509,60.056821921738134,112700
2015-07-23,60.40058517456055,60.44150323203913,59.893152557286456,60.310556706267214,322400
2015-07-24,59.655799865722656,60.44968378911847,59.189291592946,60.15504632797835,105400
2015-07-27,59.07469940185547,59.53302147583483,58.93556680713602,58.98467095958525,127400
2015-07-28,60.13050079345703,60.2041570446756,59.0665313741508,59.64762025128296,467800
2015-07-29,60.441490173339844,61.317216339574735,59.9095055876823,61.317216339574735,228800
2015-07-30,60.52333450317383,60.56425879732676,59.66398052349791,60.42512618787979,31600
2015-07-31,60.646114349365234,60.92438587303354,60.26144837956689,60.92438587303354,7600
2015-08-03,60.44968795776367,60.80161571371844,59.92588937832004,60.80161571371844,37500
2015-08-04,60.40058517456055,60.53971780949688,59.884966448122036,60.26144629545246,161000
2015-08-05,60.62974548339844,60.899830884739686,60.17960314782968,60.57245520834165,46000
2015-08-06,59.983177185058594,60.564266015092024,59.93407302155957,60.564266015092024,9000
2015-08-07,60.081390380859375,60.12230843478143,59.65580015970583,60.12230843478143,11800
2015-08-10,60.547908782958984,60.883464355596935,59.71310041793064,59.71310041793064,75600
2015-08-11,60.20414733886719,60.27780982238211,59.51666412830571,60.27780982238211,4700
2015-08-12,59.704917907714844,60.105956138935696,58.935592130708216,59.377548425161876,23200
2015-08-13,59.655799865722656,60.065017867953806,59.61487556783107,59.86859497525079,17400
2015-08-14,59.713077545166016,60.01590105086531,59.361149887687866,59.361149887687866,5500
2015-08-17,59.860408782958984,59.90133308079322,59.43482480867026,59.43482480867026,9500
2015-08-18,59.934078216552734,60.17960529950112,59.655806696204955,59.925892107202884,3500
2015-08-19,59.26295471191406,59.85222339630328,58.98468322046218,59.51666787786655,37200
2015-08-20,57.85523986816406,58.75551817311448,57.84705376021637,58.75551817311448,8400
2015-08-21,56.111968994140625,57.54423196433435,56.062864833297276,57.315070888170716,40600
2015-08-24,53.97584533691406,55.57179909520456,49.11433719418667,52.510850564552754,80400
2015-08-25,54.32777786254883,57.24959404836964,54.164093164946195,54.76155417512063,328200
2015-08-26,55.7273063659668,55.9810257816697,54.32778150194648,55.760044556514636,40900
2015-08-27,57.175933837890625,57.56877958252947,56.0301223017147,57.56877958252947,55800
2015-08-28,57.19230651855469,57.19230651855469,56.52118923557263,56.93040724334635,11200
2015-08-31,56.660335540771484,56.99589110422043,56.3902501215895,56.889496656136046,12400
2015-09-01,54.97434997558594,56.09560965269183,54.82703123147109,56.09560965269183,69700
2015-09-02,55.84188461303711,56.07104566764665,54.876129994203744,56.04649358953426,12600
2015-09-03,55.75187301635742,56.49664666896643,55.54726397801166,55.96466192043296,37400
2015-09-04,54.74517059326172,55.03980798311382,53.82852024214744,54.83519903150373,55200
2015-09-08,56.40659713745117,56.40659713745117,55.30170999164399,56.1365118090492,15600
2015-09-09,55.65364456176758,56.90585056534003,55.65364456176758,56.90585056534003,15000
2015-09-10,55.768218994140625,56.27565147518065,55.41629132461627,55.41629132461627,31300
2015-09-11,55.7273063659668,55.94828759112186,55.49814527630332,55.809154964422085,2800
2015-09-14,55.62091827392578,55.792789110776944,55.48997174097008,55.580000214202414,7700
2015-09-15,56.16107940673828,56.4475307519815,55.85825584509772,55.89918014192005,3600
2015-09-16,56.73398971557617,56.75035569000015,56.52119458303336,56.52119458303336,2500
2015-09-17,56.74216842651367,57.8552418673709,56.57029761869806,56.67669204901124,3700
2015-09-18,55.784603118896484,56.35750584548241,55.776417010182,55.841893391555075,8300
2015-09-21,55.73548126220703,56.33294219221251,55.53905840260624,56.19380959350237,6000
2015-09-22,54.81885528564453,54.9579879305412,54.46692749644155,54.85158723630194,7600
2015-09-23,54.835201263427734,55.146204634632575,54.58966801383397,55.146204634632575,6600
2015-09-24,54.84339141845703,54.91704765227014,53.97584511824576,54.43417346837429,16400
2015-09-25,55.29352951049805,55.375378098949746,54.90068376028061,55.350819775911866,22200
2015-09-28,53.39476776123047,54.54876562367713,53.386587896287686,54.54876562367713,10800
2015-09-29,53.2147102355957,53.705776870271976,53.001921354352405,53.59937618547868,119400
2015-09-30,54.6469612121582,54.6469612121582,53.72213091139482,53.72213091139482,47100
2015-10-01,54.69608688354492,54.69608688354492,53.8612785522636,54.65516258026117,8700
2015-10-02,55.138038635253906,55.138038635253906,53.877646375837216,53.877646375837216,7100
2015-10-05,56.69306945800781,56.69306945800781,55.98103400258563,55.98103400258563,4300
2015-10-06,56.57029342651367,56.74216422159267,56.1528893560815,56.43115457358923,115100
2015-10-07,57.06135559082031,57.06135559082031,56.308396013339646,56.7830841200822,4300
2015-10-08,57.151390075683594,57.29870881240269,56.38205820124259,56.65214359258951,78200
2015-10-09,57.306888580322266,57.52786980711389,57.25778441622254,57.25778441622254,5700
2015-10-12,57.282325744628906,57.44601666785058,57.126827172781134,57.36416808415461,15800
2015-10-13,56.73398971557617,57.413293171350446,56.73398971557617,56.88130846207937,14200
2015-10-14,56.92223358154297,57.02044191784036,56.55393358791193,56.86494330397884,9700
2015-10-15,57.85523986816406,57.85523986816406,57.18412263238238,57.28233095107138,9200
2015-10-16,57.85523986816406,57.85523986816406,57.85523986816406,57.85523986816406,0
2015-10-19,57.74884033203125,57.822502816666166,57.21686194422447,57.59334174299477,12800
2015-10-20,57.82251739501953,57.96165004708835,57.41329930481298,57.806145174674654,10800
2015-10-21,57.2987060546875,58.00256151356178,57.2987060546875,58.00256151356178,7100
2015-10-22,58.15805435180664,58.43632581097599,57.68336626479861,58.10076408729685,30600
2015-10-23,58.55910110473633,58.88647052509208,58.436334450017206,58.436334450017206,112900
2015-10-26,58.5099983215332,58.73915944331572,58.272651089923514,58.65731707756086,50400
2015-10-27,58.41995620727539,58.46906661060084,57.97800004237115,58.1253187640059,114100
2015-10-28,58.567291259765625,59.18930450723965,58.18262525467212,58.4772627800981,5800
2015-10-29,58.99287414550781,59.00924011967238,58.34630889300165,58.7064227663397,2700
2015-10-30,58.452701568603516,58.8046293221354,58.41996337709222,58.64913071767124,3600
2015-11-02,58.935585021972656,59.352982935133475,58.29720586615318,58.58365725092194,12300
2015-11-03,59.11563491821289,59.41026613303108,58.45269751340136,58.92739189112539,15900
2015-11-04,58.88645553588867,59.508468515743424,58.80461320163223,59.508468515743424,3900
2015-11-05,59.10745620727539,59.19748467790999,58.66549996347972,59.15656037519538,4700
2015-11-06,58.74734878540039,59.12382868392435,58.34631680021634,58.591843910989745,6800
2015-11-09,58.133506774902344,58.681857383982,58.02711234519422,58.428144227816695,14200
2015-11-10,58.24809646606445,58.24809646606445,57.90435479837151,57.90435479837151,13300
2015-11-11,58.18262481689453,58.67369151835798,58.18262481689453,58.54273873285506,12500
2015-11-12,57.46239471435547,58.19898841322953,57.45420860543144,58.19898841322953,20700
2015-11-13,57.06135559082031,57.48693953856176,56.92222297753664,57.29051665838653,9600
2015-11-16,57.92889404296875,57.92889404296875,56.86493108200224,56.98769147598909,71000
2015-11-17,57.994388580322266,58.125335122978925,57.486955897617875,58.051678863516905,14300
2015-11-18,58.53453826904297,58.66549102243402,57.6751842405553,58.1007682007343,5400
2015-11-19,58.55910110473633,58.69823373280467,58.272643495667886,58.49362472299661,43400
2015-11-20,58.78827667236328,58.960147533622035,58.501825236932014,58.960147533622035,10300
2015-11-23,58.42814254760742,58.747332071723925,58.31356201301026,58.444514763504635,15100
2015-11-24,58.69005584716797,58.69005584716797,58.02712456064072,58.059862756097566,23100
2015-11-25,58.67367172241211,58.690037692992,58.280819742620416,58.43632456189614,20300
2015-11-27,58.493614196777344,58.87828006506138,58.338109379172224,58.50998016718142,32000
2015-11-30,58.616397857666016,58.69824022180249,58.33812632659542,58.550921468687974,10400
2015-12-01,58.97649002075195,59.041966392535095,58.5836442783941,58.591824141739124,5100
2015-12-02,58.67367172241211,59.22202227730914,58.52635301051152,58.96830914621328,19500
2015-12-03,58.11714172363281,58.51817361261006,57.90434661667359,58.51817361261006,93400
2015-12-04,58.984683990478516,59.025608289340504,58.06803339584346,58.092591721663446,16000
2015-12-07,58.53453826904297,58.53453826904297,58.17443068555951,58.49362021673649,13600
2015-12-08,57.978004455566406,58.0844051340616,57.68337323404084,57.87161002124249,12800
2015-12-09,57.6424446105957,58.2808236569841,57.3396210590806,57.78976333239078,42000
2015-12-10,57.6751823425293,57.98618575534182,57.3969108728164,57.89615730139095,44500
2015-12-11,56.578487396240234,57.07773393487319,56.56212142108255,57.0449957403857,141000
2015-12-14,56.74216842651367,56.995881584121804,55.97283660128767,56.995881584121804,22800
2015-12-15,57.24142074584961,57.429657545252645,56.963149235022414,57.2496006107477,15600
2015-12-16,57.92889404296875,58.30537382092649,57.36417125394683,57.67518090316845,56400
2015-12-17,57.2987060546875,58.17443232410022,57.2987060546875,58.17443232410022,194300
2015-12-18,56.54574966430664,57.331453850089275,56.47209340923637,56.8976774527108,231400
2015-12-21,56.79314041137695,57.2151191874637,56.156040646592366,57.2151191874637,72300
2015-12-22,57.34749221801758,57.46332852145424,56.7269378870619,56.90896816749238,64900
2015-12-23,58.24937057495117,58.24937057495117,57.70327970759655,57.80257067782614,31600
2015-12-24,57.918418884277344,58.92785519484896,57.918418884277344,58.92785519484896,11900
2015-12-28,57.98460388183594,58.059067378797366,57.347497837894835,57.587446293557846,45300
2015-12-29,58.58034896850586,58.61343965434022,57.90187628197568,58.274206467378626,47800
2015-12-30,57.92668151855469,58.32383276539108,57.92668151855469,58.10043597812127,9400
2015-12-31,57.58744430541992,57.91840789879126,57.39714450024012,57.91840789879126,7800
2016-01-04,56.760047912597656,56.760047912597656,55.758887452881666,56.280150938074,41400
2016-01-05,56.36288070678711,56.569732139678514,56.0401929764849,56.44562001742272,145200
2016-01-06,55.70923614501953,55.84989362133683,55.28725740346211,55.35345138500161,29200
2016-01-07,53.90549087524414,55.2127935965335,53.90549087524414,54.443305925152345,1078300
2016-01-08,53.624176025390625,54.73290324840057,53.425600370749386,54.73290324840057,469500
2016-01-11,53.70692443847656,54.104075768245785,53.10291530400238,54.104075768245785,37300
2016-01-12,54.0130615234375,54.054434347602,53.30149187353358,53.99651618133571,5800
2016-01-13,52.87950897216797,54.32747239951195,52.78022115163282,54.32747239951195,10200
2016-01-14,53.797935485839844,53.91377813374686,53.078096303989625,53.078096303989625,4400
2016-01-15,52.07691955566406,52.72229822148762,51.65494398935482,51.712862142450156,27600
2016-01-19,52.39133834838867,52.86295943199482,51.803880950395445,52.76367161342059,69100
2016-01-20,51.70459747314453,51.91144895371891,50.314555271180474,51.29089451199578,31500
2016-01-21,51.878353118896484,52.12657426987334,51.092316843883786,51.47292281913518,9300
2016-01-22,53.1111946105957,53.1939339503341,52.57337943338565,52.97880661692868,50200
2016-01-25,52.30031967163086,52.904325524693476,52.209304528951094,52.896052855496514,32000
2016-01-26,53.235294342041016,53.251845995649504,52.33342491117221,52.52372789572919,34600
2016-01-27,52.78850173950195,53.342865396272046,52.49891090437805,52.87124423261119,21000
2016-01-28,53.01189422607422,53.32630618643543,52.56509429549405,53.32630618643543,7100
2016-01-29,54.070980072021484,54.070980072021484,53.185655917058874,53.185655917058874,58500
2016-02-01,54.10407638549805,54.28610671063839,53.49179772943141,53.53316424075908,49400
2016-02-02,52.98707580566406,53.52489091548853,52.81332132020192,53.24356962049777,41800
2016-02-03,53.35940170288086,53.450416851737124,52.258953559453026,53.30148354566376,18400
2016-02-04,53.41731262207031,53.61589454499748,52.88777345280753,53.07807955079486,172600
2016-02-05,52.40789031982422,53.20220239000433,52.267229674238024,53.09463558193572,46300
2016-02-08,51.63840103149414,51.67149802432667,50.86064063774748,51.588755542245345,28600
2016-02-09,51.14196014404297,51.60530543098772,50.88546317712495,50.910284344267545,21300
2016-02-10,51.19987487792969,51.861798926619535,51.16677788641948,51.84525043086444,32700
2016-02-11,50.65379333496094,50.88546599124552,50.07460853794628,50.35592668756465,91500
2016-02-12,51.40673065185547,51.55566396983946,50.59587322966659,51.125412513030504,295400
2016-02-16,52.56509017944336,52.581638674424916,51.96108431597859,52.151387273812475,136000
2016-02-17,53.38422775268555,53.591079234901265,52.95397944722362,53.06153994543753,113300
2016-02-18,53.37596130371094,53.87240362701675,53.185655151596954,53.847582457742455,110500
2016-02-19,53.210472106933594,53.26839026818907,52.82986614545387,52.93742979762965,14800
2016-02-22,53.78965759277344,54.037875567209205,53.740008947801606,53.86412109132242,27900
2016-02-23,53.078102111816406,53.649008023234146,53.078102111816406,53.649008023234146,3100
2016-02-24,53.22702407836914,53.46697255146356,52.40789083295486,52.821593790854315,111600
2016-02-25,53.888946533203125,53.95514052334701,53.31804072787951,53.58281037584873,10600
2016-02-26,53.847572326660156,54.45157504071748,53.847572326660156,54.43502970184973,20600
2016-02-29,53.756553649902344,54.236450509411675,53.756553649902344,54.05442023079745,43000
2016-03-01,55.01421356201172,55.01421356201172,54.0130532344177,54.0130532344177,45300
2016-03-02,55.262447357177734,55.262447357177734,54.69981102610224,55.03077468778314,19900
2016-03-03,55.57685089111328,55.7340600267816,55.17142378148037,55.43619340793943,66500
2016-03-04,56.09812927246094,56.263607947263104,55.78371095268729,55.95746545501161,17100
2016-03-07,55.899539947509766,56.23050356626271,55.43619466881922,55.676143134599954,60800
2016-03-08,55.262447357177734,55.858180685682,55.20452918982909,55.858180685682,20000
2016-03-09,55.684417724609375,55.72578423065625,55.394820619252066,55.58512674740637,81500
2016-03-10,55.46929168701172,56.22222776522398,55.12178272783684,55.91609162563914,10500
2016-03-11,56.776588439941406,56.82623076805758,56.213952241738646,56.213952241738646,34900
2016-03-14,56.561458587646484,56.76831002884981,56.35460714644316,56.635922076429274,45400
2016-03-15,56.420814514160156,56.420814514160156,55.95746288331656,56.015381048096195,49900
2016-03-16,56.82624053955078,56.842785880899434,55.949192258124874,55.949192258124874,6800
2016-03-17,57.16545486450195,57.46332141151404,56.470437129876615,56.82622182144082,20900
2016-03-18,57.1902961730957,57.446789973507045,57.09928102212281,57.34749899628048,43600
2016-03-21,57.215110778808594,57.38886523457755,57.0330804977349,57.36404407126843,29400
2016-03-22,57.2647705078125,57.35578567600826,56.7683281529492,56.96690383237312,25300
2016-03-23,56.56974411010742,57.25648621504518,56.54491663031884,57.18202271349772,27900
2016-03-24,56.65248489379883,56.693851402630415,56.156042599575976,56.2139607620252,126500
2016-03-28,56.817962646484375,57.25648677125114,56.46217785066501,57.00826878440894,149600
2016-03-29,57.372318267822266,57.388869919783026,56.470448926735365,56.470448926735365,74400
2016-03-30,57.71984100341797,57.9101408373987,57.51298951533064,57.88531966884525,35900
2016-03-31,57.39714813232422,57.73638126035748,57.21511782882086,57.46333580510244,24100
2016-04-01,57.25648880004883,57.463340286049885,56.569746664106184,57.21512229041245,54800
2016-04-04,57.1075553894043,57.52125836076731,57.1075553894043,57.25648871159924,46700
2016-04-05,56.32151794433594,56.63592990589212,56.29669677797701,56.55319058049375,91000
2016-04-06,57.16545486450195,57.19028233725655,56.42906432122326,56.627646227634195,10700
2016-04-07,56.37115478515625,56.677297203171136,56.288415467818666,56.669021377655795,32400
2016-04-08,57.04963302612305,57.30613314205782,56.85933320836484,57.16546934456872,209300
2016-04-11,56.801422119140625,57.39715543821473,56.801422119140625,57.39715543821473,80500
2016-04-12,57.438514709472656,57.670187345996474,56.96689361009035,56.975169436425034,17400
2016-04-13,58.30729293823242,58.390032263093424,57.98460515245042,57.98460515245042,22600
2016-04-14,58.34039306640625,58.44795356324618,58.32384141298091,58.40658074228902,6300
2016-04-15,58.15836715698242,58.41486099103615,58.15009132964327,58.37349447955372,47600
2016-04-18,58.53068161010742,58.65479373644868,57.86876079062899,57.87703030314143,17500
2016-04-19,59.142974853515625,59.32499884382978,58.960944550595585,59.192617186091674,16600
2016-04-20,59.3001708984375,59.465655842449486,59.12641644167877,59.316722549141275,10200
2016-04-21,58.82856369018555,59.440842345510866,58.81201834819584,59.08506383557577,39500
2016-04-22,59.06850051879883,59.09332168318614,58.6465217863983,58.828552075379136,61000
2016-04-25,58.704444885253906,58.869929849449726,58.563787400141905,58.82855703024929,9300
2016-04-26,58.82028579711914,59.32500393026908,58.762367633279304,59.32500393026908,22100
2016-04-27,58.96923065185547,59.26709735631104,58.66309443138165,58.7541096084435,48000
2016-04-28,58.381771087646484,59.04369847785591,58.34867408687527,58.75410761186708,14400
2016-04-29,58.00943374633789,58.33212157343773,57.81085807872413,58.33212157343773,22700
2016-05-02,58.77890396118164,58.78717978603131,58.20799198604491,58.62169485206172,40100
2016-05-03,57.98460388183594,58.19972485923943,57.83567057530737,58.16663418010482,18900
2016-05-04,57.306129455566406,57.703280718229784,57.23165964843858,57.703280718229784,7900
2016-05-05,57.364051818847656,57.612269798068255,57.09928218678211,57.612269798068255,12100
2016-05-06,57.306129455566406,57.52125042592344,57.11582333744464,57.15719615391626,16800
2016-05-09,57.58744430541992,57.58744430541992,57.36404750964243,57.38059284863853,7200
2016-05-10,58.216278076171875,58.216278076171875,57.97632961405944,58.02597194670136,9100
2016-05-11,57.67845153808594,58.373475620070884,57.67845153808594,58.373475620070884,84100
2016-05-12,57.81085205078125,57.94323371118475,57.49643377118668,57.94323371118475,21600
2016-05-13,57.12409973144531,57.78602061333658,57.09100274045991,57.60399663182524,19100
2016-05-16,58.025970458984375,58.025970458984375,57.471610050009744,57.471610050009744,45800
2016-05-17,57.2647705078125,57.810861516987046,57.124112997912526,57.786034033527905,9300
2016-05-18,57.38059997558594,57.92669091936659,57.1406514984041,57.1406514984041,65100
2016-05-19,57.148921966552734,57.215115949762904,56.7103978748453,56.91724933792282,16900
2016-05-20,57.471614837646484,57.62054815676646,57.421972502141905,57.57090582126188,7200
2016-05-23,57.438514709472656,57.52125403500175,57.2233937256182,57.289581398477935,87300
2016-05-24,58.08388900756836,58.133537651877546,57.6784619025769,57.6784619025769,5500
2016-05-25,58.64651870727539,58.729264334362554,58.41484610168345,58.41484610168345,38700
2016-05-26,58.51414489746094,58.66307820850222,58.51414489746094,58.646526555827684,13900
2016-05-27,58.60516357421875,58.737545240547725,58.53069375791609,58.53069375791609,6600
2016-05-31,58.48105239868164,59.209167357165356,58.45623123036837,59.209167357165356,51500
2016-06-01,58.57206344604492,58.712720931684146,58.41485430762112,58.48104829354755,12200
2016-06-02,58.62998962402344,58.64653496646487,58.38176529915423,58.514153289112954,9400
2016-06-03,58.87821960449219,58.87821960449219,58.43141956437393,58.58035291108002,29600
2016-06-06,59.043678283691406,59.291902548273946,58.91129032588598,58.91129032588598,3300
2016-06-07,59.30845642089844,59.58977140280693,59.19262009745304,59.19262009745304,14200
2016-06-08,59.59804916381836,59.65596732742084,59.449115841325344,59.65596732742084,20100
2016-06-09,59.093326568603516,59.22571453975461,58.903026750831195,58.94439325736148,29300
2016-06-10,58.075618743896484,58.52241866127361,57.918409612058504,58.34038836390452,9200
2016-06-13,57.703277587890625,58.0342411638927,57.56262011968642,57.7115534132571,3200
2016-06-14,57.24821853637695,57.306136699194916,56.83451556978971,57.306136699194916,18800
2016-06-15,57.39714813232422,57.66191776125478,57.256484335231505,57.66191776125478,9400
2016-06-16,57.47988510131836,57.47988510131836,56.4539036203491,56.851054891160466,18800
2016-06-17,57.62055206298828,57.83567938576915,57.25649141099093,57.5874550662061,32200
2016-06-20,58.45622634887695,58.79545947517408,58.28247187258732,58.629980825166584,62600
2016-06-21,58.64651870727539,58.6961673460487,58.398300763829056,58.52241289185475,15100
2016-06-22,58.561973571777344,58.74615807834863,58.44476641074311,58.57872110181722,6700
2016-06-23,59.82612991333008,59.82612991333008,59.16474315137225,59.39079004317682,17500
2016-06-24,56.48572540283203,57.557337352664604,55.782476068685,55.83271227010975,64200
2016-06-27,55.22154998779297,56.21781712265987,54.8950434521713,55.88293682303726,57700
2016-06-28,56.301551818847656,56.66154712686215,55.85783800863935,56.2010857838277,42900
2016-06-29,57.54060363769531,57.540603637695305,57.02991250391624,57.13874591098107,27100
2016-06-30,58.04290771484375,58.18522976548829,57.54059046195629,57.62430893955247,60300
2016-07-01,58.20198059082031,58.60383829238514,58.10152095591271,58.27733170431249,42700
2016-07-05,57.515472412109375,58.042910986585525,57.41501278825546,57.96755988138431,39400
2016-07-06,57.64942932128906,57.74989533633585,57.04664600563038,57.32292275652578,135700
2016-07-07,57.515472412109375,58.03453722216077,57.44012769421894,57.93407121099608,25400
2016-07-08,58.40290069580078,58.44475673935172,58.101509078069306,58.101509078069306,8200
2016-07-11,58.81311798095703,59.114509559175154,58.76288818035712,58.829859118720556,9500
2016-07-12,59.4996337890625,59.66707075586197,59.30707552866335,59.491260024529275,9200
2016-07-13,59.574989318847656,59.79265611438716,59.30707993237813,59.79265611438716,8400
2016-07-14,59.82612991333008,60.02705551591545,59.77590010951117,59.94333704711402,6100
2016-07-15,59.65031814575195,59.909847310587374,59.524737251141076,59.80938770474637,7900
2016-07-18,59.78428649902344,59.87637236303672,59.57498708916098,59.616843138746816,7400
2016-07-19,59.70055389404297,59.708927657800174,59.38242113168202,59.625209182158905,47200
2016-07-20,59.876365661621094,60.043809003157314,59.6670662751836,59.96845790263842,19200
2016-07-21,59.82612991333008,60.0772917070441,59.708922779546135,59.968451949023475,7700
2016-07-22,59.96846008300781,59.96846008300781,59.83451179221904,59.90148913126873,3100
2016-07-25,59.90985870361328,59.968462280601685,59.549863477167136,59.968462280601685,6800
2016-07-26,60.01869583129883,60.0940405466823,59.81776381565511,59.993580926171006,18100
2016-07-27,59.83451461791992,60.253113425783006,59.40754204545251,60.253113425783006,38900
2016-07-28,60.11079406738281,60.13590897501433,59.708936383345,59.85963221644528,7600
2016-07-29,60.454044342041016,60.49590678140579,60.035445497639145,60.152652663086755,9800
2016-08-01,60.186134338378906,60.37031883046769,59.96846117615482,60.32845639597088,7100
2016-08-02,59.92660903930664,60.30334542511784,59.5247513587717,60.30334542511784,31600
2016-08-03,59.77592086791992,59.81777692320113,59.60011010619013,59.650339927452364,26000
2016-08-04,59.92660903930664,60.04381619877284,59.88474660207822,59.88474660207822,8300
2016-08-05,60.35356140136719,60.487516059934514,60.12752089917193,60.12752089917193,24500
2016-08-08,60.487525939941406,60.604733091677545,60.32008897669285,60.604733091677545,5100
2016-08-09,60.75542068481445,60.84751291832141,60.57960998102204,60.587983744243544,27400
2016-08-10,60.604736328125,61.02333514591136,60.604736328125,61.02333514591136,54400
2016-08-11,61.090309143066406,61.16565386023111,60.88938350998314,60.906124651360614,27600
2016-08-12,61.05681228637695,61.14053075666061,60.855886680234214,60.93960515051787,54300
2016-08-15,61.224266052246094,61.333105842104445,61.10705888417681,61.29124340180329,13000
2016-08-16,61.048458099365234,61.17403903871528,60.93125092592171,61.17403903871528,12200
2016-08-17,61.10704803466797,61.22425518192722,60.663334350427874,60.88100750418526,15600
2016-08-18,61.27449417114258,61.27449417114258,60.92286632603049,61.107050819348544,44900
2016-08-19,61.05681228637695,61.05681228637695,60.92285762407522,60.93123138729654,4600
2016-08-22,60.947998046875,61.03171654344003,60.788928432283136,60.788928432283136,12400
2016-08-23,61.25774383544922,61.45030208436156,61.23262893065858,61.274491363516624,12400
2016-08-24,60.989845275878906,61.224259587264484,60.88938564946277,61.207518445298774,19500
2016-08-25,60.7052001953125,61.00659184443654,60.67171152459751,60.80565982014662,22600
2016-08-26,60.57960891723633,60.80564942176874,60.30333222156691,60.80564942176874,11500
2016-08-29,60.89775848388672,60.89775848388672,60.621488099174584,60.638229242640485,3800
2016-08-30,60.763797760009766,60.89774604230547,60.65495799412742,60.889378665937755,10400
2016-08-31,60.654964447021484,60.7470566953454,60.370320324791834,60.688453117985716,13400
2016-09-01,60.81404113769531,60.83078866878825,60.44567210139024,60.638230385089244,10900
2016-09-02,61.17403030395508,61.27449631855241,61.14891539713349,61.14891539713349,3500
2016-09-06,61.60100555419922,61.60100555419921,61.25775144658404,61.25775144658404,12600
2016-09-07,61.550750732421875,61.66796424606961,61.45029113116573,61.52563583210784,606600
2016-09-08,61.433563232421875,62.454945420225194,61.333103599071634,62.454945420225194,33800
2016-09-09,59.94334411621094,60.889381448431145,59.91822921133969,60.76380053676442,15000
2016-09-12,60.654964447021484,60.79729289544719,60.03544000246039,60.03544000246039,6000
2016-09-13,59.52474594116211,60.21962145711887,59.298705407710564,60.11078807246598,814700
2016-09-14,59.508018493652344,59.86801378703312,59.508018493652344,59.7591739900244,1300
2016-09-15,59.876365661621094,60.094038811962996,59.56660665757225,59.56660665757225,13400
2016-09-16,59.69219970703125,59.759170669955836,59.42429669339785,59.42429669339785,46700
2016-09-19,59.77592086791992,60.085679948786336,59.64196616147134,60.077312570117265,11800
2016-09-20,59.60847091674805,60.07730595034634,59.60847091674805,59.97683993158001,159500
2016-09-21,60.69682312011719,60.69682312011719,60.027062516971014,60.32845414965574,5700
2016-09-22,61.07356262207031,61.31635069356925,61.06519524489887,61.26612088129733,9700
2016-09-23,60.680084228515625,60.93961343788208,60.66333669979543,60.780543851593876,43200
2016-09-26,60.11915969848633,60.33683287048766,60.110792321059705,60.2279994781425,14400
2016-09-27,60.46240997314453,60.504266019566785,60.11915590100473,60.1610183347376,6800
2016-09-28,60.855892181396484,60.855892181396484,60.38705720826922,60.621477888488066,9900
2016-09-29,60.32008743286133,60.87263450728827,60.236362566069175,60.84751960217485,13200
2016-09-30,60.83078384399414,60.88938742354802,60.3452076777985,60.3452076777985,19000
2016-10-03,60.546142578125,60.613119932798504,60.43730916726462,60.57963125546175,9300
2016-10-04,60.49589157104492,60.76379450861136,60.27821843823786,60.76379450861136,27600
2016-10-05,60.74704360961914,60.82239469988475,60.58798044094197,60.738676234163684,13400
2016-10-06,60.470787048339844,60.571246675102266,60.43729837698205,60.46241328367265,6300
2016-10-07,60.26985168457031,60.49589860689716,60.035437385350335,60.49589860689716,28900
2016-10-10,60.62983703613281,60.73867679114682,60.529377431270106,60.554492332485786,15000
2016-10-11,59.81776428222656,60.194507024014165,59.5917237470025,60.194507024014165,22200
2016-10-12,59.77592086791992,59.84289822114421,59.56662142957798,59.64196616147134,20700
2016-10-13,59.60847091674805,59.64195958967016,58.99732020102549,59.022435108889255,13200
2016-10-14,59.549861907958984,59.94334579478844,59.549861907958984,59.87636845504924,5600
2016-10-17,59.44941329956055,59.65871273453842,59.399177091793796,59.58336161654422,13100
2016-10-18,59.96846008300781,60.06892609158235,59.767534453169354,60.06892609158235,42100
2016-10-19,60.11915969848633,60.186137041765356,60.05218874251831,60.11915969848633,21800
2016-10-20,60.09404373168945,60.16939483837712,59.85125565706836,60.08566996709951,26600
2016-10-21,59.98521423339844,59.98521423339844,59.68382256171378,59.68382256171378,77600
2016-10-24,60.135902404785156,60.22799464757984,60.043810161990464,60.20287974269229,7300
2016-10-25,60.085670471191406,60.0940442358516,59.90149235984383,60.0940442358516,96800
2016-10-26,59.85125732421875,60.06893049844419,59.65870544446289,59.81776865223706,48800
2016-10-27,59.73405456542969,60.119164740616355,59.65870983840495,60.119164740616355,9500
2016-10-28,59.717308044433594,59.87637124959965,59.50800863846318,59.7340491864944,38100
2016-10-31,59.5415153503418,59.75081481972773,59.474537987183204,59.72569351805858,32100
2016-11-01,59.290340423583984,59.60847324781817,58.88011534204042,59.60847324781817,23900
2016-11-02,58.87173080444336,59.27358843438166,58.68754632352624,59.030800381110026,27000
2016-11-03,58.58708572387695,58.988936959764885,58.55359705633458,58.79638510553407,19800
2016-11-04,58.39453125,58.687549125763674,58.32755391059383,58.39453125,21800
2016-11-07,59.63359451293945,59.63359451293945,59.15639208318079,59.34894397577364,55400
2016-11-08,59.717308044433594,59.85963010753885,59.2568467963743,59.60846826544996,28800
2016-11-09,60.01869583129883,60.20288031865029,59.248469212619035,59.248469212619035,96300
2016-11-10,60.027069091796875,60.27823094231433,59.51637801310626,60.261489799691724,46900
2016-11-11,59.801029205322266,59.90149522411565,59.482896393443454,59.90149522411565,7900
2016-11-14,59.72566604614258,59.72566604614258,59.49962553359494,59.700551143338394,10300
2016-11-15,59.993595123291016,60.102428533703204,59.6670821174303,59.6670821174303,10100
2016-11-16,59.7591667175293,59.90149517419579,59.60010350537808,59.792655390432515,18400
2016-11-17,60.17774963378906,60.17774963378906,59.9349616099297,59.960082898447205,34100
2016-11-18,59.89311599731445,60.0019493839325,59.734046412225204,59.951719572771964,18000
2016-11-21,60.3619499206543,60.3619499206543,60.05219087478449,60.236368994374885,11000
2016-11-22,60.37031555175781,60.85589166138195,60.21961973798861,60.85589166138195,15900
2016-11-23,60.345211029052734,60.437303285939024,60.15265274993282,60.16102651528016,21800
2016-11-25,60.546142578125,60.64660861013526,60.47079784460138,60.64660861013526,10000
2016-11-28,60.40380859375,60.59636046637424,60.3619461584956,60.56287179563289,27900
2016-11-29,60.688453674316406,60.73031611023317,60.3703208782062,60.48752803400001,16900
2016-11-30,60.53773880004883,60.76378566317993,60.52937142534689,60.73867076445624,21600
2016-12-01,60.345211029052734,60.58799912563373,60.21963009808857,60.42055575524435,33200
2016-12-02,60.4456672668457,60.54613328343301,60.25311538585895,60.54613328343301,55300
2016-12-05,60.67170715332031,60.85589163532719,60.61310358061907,60.73031072602156,99900
2016-12-06,60.981468200683594,61.014956870107916,60.64659428106148,60.74705390202388,9600
2016-12-07,61.85216522216797,61.85216522216797,61.215899554161574,61.215899554161574,52000
2016-12-08,61.97772979736328,62.14517312946382,61.71820061674497,61.93587375482066,14700
2016-12-09,62.12006378173828,62.18704112745488,61.78518982777778,62.053092823332925,6700
2016-12-12,62.08658218383789,62.29588160103695,61.98611616415027,62.220530489443405,64100
2016-12-13,62.61399841308594,62.69771688110683,62.48004375440476,62.588883511410636,14400
2016-12-14,61.97772979736328,63.14143380939446,61.84378151899287,62.46330587948982,32900
2016-12-15,62.128440856933594,62.18704444073016,61.86891161259332,61.93588896187842,25300
2016-12-16,61.89402770996094,62.19541940021828,61.852165269026194,62.153556959283534,69300
2016-12-19,62.07820510864258,62.220527171794494,62.01122776575545,62.220527171794494,10200
2016-12-20,62.32936096191406,62.32936096191406,62.145182848763646,62.29587867756745,16700
2016-12-21,62.18392562866211,62.30230625859923,62.150101669928574,62.19238323116061,18800
2016-12-22,61.98942184448242,62.09089369181709,61.93868914644442,61.972513095555975,19800
2016-12-23,62.22621154785156,62.260035512460604,61.99790785081755,62.06555578003563,28500
2016-12-27,62.18392562866211,62.327672614834256,62.150101669928574,62.217749587395645,104800
2016-12-28,61.86260223388672,62.15855378259111,61.77803911889125,62.15855378259111,825600
2016-12-29,61.99789810180664,62.0148068558215,61.77804559204993,62.00635570444437,15100
2016-12-30,61.794952392578125,62.26001725422995,61.6596565738185,62.26001725422995,23400
2017-01-03,62.36994934082031,62.37840049140315,62.04862498339275,62.37840049140315,63200
2017-01-04,62.902652740478516,62.911110341058304,62.58978603161669,62.64052518383638,22700
2017-01-05,63.11405563354492,63.11405563354492,62.87729439723228,62.936484706310445,15500
2017-01-06,63.24089050292969,63.30008080887202,62.885748667275735,63.04640438268519,123200
2017-01-09,62.92804718017578,63.071794197901426,62.88577206092454,62.919596027082676,7700
2017-01-10,63.02104568481445,63.24089818412889,62.97031297391893,63.24089818412889,19700
2017-01-11,63.063316345214844,63.06331634521485,62.8688302349621,62.99566844153918,17100
2017-01-12,63.190162658691406,63.223980163608644,62.7758240339653,63.0802331883004,60900
2017-01-13,63.36774444580078,63.39311080446426,63.16480067397078,63.16480067397078,26500
2017-01-17,63.190162658691406,63.41846629881273,62.97031016916939,63.41846629881273,23600
2017-01-18,63.02948760986328,63.19860090495872,62.919564613177116,63.02948760986328,16200
2017-01-19,62.970314025878906,62.995680381750425,62.699728811148645,62.95339882112429,29900
2017-01-20,63.11405563354492,63.23243625170124,62.97876626333478,63.13942198725558,12900
2017-01-23,63.1309700012207,63.1563363545956,62.868835963407314,63.071773241666264,24600
2017-01-24,63.50300979614258,63.562200094364506,63.0886777085891,63.0886777085891,49100
2017-01-25,63.98501205444336,64.06956873115662,63.722884421254,63.87508901984222,35900
2017-01-26,63.94271469116211,64.11182798574119,63.84970044376602,64.11182798574119,9600
2017-01-27,63.89198303222656,64.07801154882799,63.76515127205233,64.07801154882799,17400
2017-01-30,63.4776611328125,63.63832332328837,63.13942799819721,63.63832332328837,27700
2017-01-31,63.511478424072266,63.511478424072266,63.23243563346356,63.36773145361073,11000
2017-02-01,63.62141799926758,63.807446574760704,63.37619909986859,63.798988970985164,14300
2017-02-02,63.638301849365234,63.65521059732315,63.42690701797069,63.42690701797069,14600
2017-02-03,63.917362213134766,64.0611156556174,63.83280553896074,63.83280553896074,7700
2017-02-06,63.77360916137695,63.84971467678361,63.59603822710822,63.84971467678361,15000
2017-02-07,63.74824523925781,63.82435075756862,63.68905492557623,63.82435075756862,3300
2017-02-08,63.85817337036133,63.85817337036133,63.71442637582077,63.71442637582077,10000
2017-02-09,64.0949478149414,64.18796210380998,63.96810956182412,64.01038467868885,38900
2017-02-10,64.25559997558594,64.36552946604137,64.19640965428732,64.19640965428732,24500
2017-02-13,64.5684585571289,64.70374793802308,64.43316272497437,64.43316272497437,45100
2017-02-14,64.7967529296875,64.7967529296875,64.3147728863713,64.68682992025028,30400
2017-02-15,64.923583984375,65.03351343295337,64.55152699151046,64.55152699151046,50000
2017-02-16,65.0842514038086,65.0842514038086,64.82212383828822,64.93204684451241,9700
2017-02-17,65.01660919189453,65.10116585418255,64.82212951375806,64.90668617604608,59800
2017-02-21,65.27873229980469,65.39711290913455,65.04197108114496,65.04197108114496,7200
2017-02-22,65.33792877197266,65.4563158437369,65.17727304486542,65.4563158437369,31400
2017-02-23,65.27873229980469,65.54931747131,65.23645719719224,65.54931747131,5900
2017-02-24,65.27873229980469,65.28718990083092,64.9743231754538,65.00814712829938,13300
2017-02-27,65.3210220336914,65.34638838868733,65.10962714037849,65.10962714037849,8700
2017-02-28,65.1772689819336,65.31255834639357,65.00814921228415,65.27873439246369,16100
2017-03-01,65.87065887451172,66.02286347614582,65.52396810641032,65.52396810641032,118600
2017-03-02,65.44786071777344,65.84528415218354,65.44786071777344,65.84528415218354,11400
2017-03-03,65.667724609375,65.667724609375,65.42250571471497,65.54088636023894,5300
2017-03-06,65.45632934570312,65.47323810158016,65.19419524514927,65.47323810158016,9000
2017-03-07,65.24491119384766,65.39710929635575,65.11807299049858,65.32946784566072,10000
2017-03-08,65.0419921875,65.34640141063275,64.95743550357679,65.30412629430188,8200
2017-03-09,65.11808776855469,65.43940569886857,65.04198224877005,65.16036287842573,5300
2017-03-10,65.49012756347656,65.60005702370566,65.18571843728114,65.60005702370566,6700
2017-03-13,65.76071166992188,65.76071166992188,65.47321775054483,65.61696471023335,62700
2017-03-14,65.23646545410156,65.40557878847461,65.19418389487821,65.40557878847461,13400
2017-03-15,65.95520782470703,65.95520782470703,65.41403740481026,65.41403740481026,19000
2017-03-16,66.20886993408203,66.29342658425628,66.05666538326483,66.25114503353971,289800
2017-03-17,66.05667114257812,66.3187987163502,66.05667114257812,66.31034111521771,10400
2017-03-20,65.98055267333984,66.14967240646958,65.77761544484233,66.03128536764967,169000
2017-03-21,65.2702865600586,66.35262733579118,65.2702865600586,66.15814120362366,140200
2017-03-22,65.6338882446289,65.6338882446289,65.23646481635124,65.31256388069713,14100
2017-03-23,65.43939208984375,65.72689245297532,65.38020178732536,65.38020178732536,9900
2017-03-24,65.53243255615234,65.7184611388362,65.45633347301533,65.68463717368807,8400
2017-03-27,65.48168182373047,65.64233754991959,65.06734320307345,65.08425840662593,14400
2017-03-28,66.00593566894531,66.03975962410256,65.42249018344725,65.42249018344725,21100
2017-03-29,65.9467544555664,67.16439120412375,65.81991621904824,65.84528902736042,16700
2017-03-30,66.0820541381836,66.21734353408023,65.88756797070967,66.00594861134212,10200
2017-03-31,65.84529113769531,66.05668605491388,65.84529113769531,65.96367177523685,41200
2017-04-03,65.81990814208984,65.9805703187149,65.43939993048933,65.91292240737172,19500
2017-04-04,65.71844482421875,65.87910700597251,65.55778264246499,65.63388815797049,212300
2017-04-05,65.60852813720703,66.14970509942819,65.60852813720703,65.99750049001692,33100
2017-04-06,65.64234161376953,65.72690473424737,65.54932734225218,65.65925681836923,15500
2017-04-07,65.667724609375,65.82838037043676,65.61698543896378,65.63390064618797,12900
2017-04-10,65.68461608886719,65.87064461183571,65.62542578167353,65.69307369025475,5400
2017-04-11,65.80300903320312,65.80300903320312,65.38867680521135,65.6423468330333,18100
2017-04-12,65.60852813720703,65.76073274661832,65.49014749113842,65.701542423584,17500
2017-04-13,65.09270477294922,65.53240322052012,65.06733197199999,65.4140226211257,38500
2017-04-17,65.57470703125,65.61698214466537,65.23647386762194,65.23647386762194,9200
2017-04-18,65.32946014404297,65.4478407328773,65.17725560821908,65.38019283889818,9600
2017-04-19,65.2702865600586,65.59160446183549,65.20263864876033,65.55778050618636,17600
2017-04-20,65.667724609375,65.83683797404886,65.53242875662684,65.56625271981389,101200
2017-04-21,65.60004425048828,65.70996723805447,65.58312905162693,65.65077694455604,4300
2017-04-24,66.69931030273438,66.75004946085764,66.52173937745236,66.52173937745236,45000
2017-04-25,67.11363983154297,67.20665408237973,66.95297767986877,66.95297767986877,61200
2017-04-26,67.0121841430664,67.265860606762,67.00372654060709,67.04600810164318,16800
2017-04-27,66.96144104003906,67.07982165105776,66.89379313338281,67.07982165105776,35000
2017-04-28,66.95298767089844,67.11364984654737,66.86843100786315,67.0713682893998,14300
2017-05-01,67.15592193603516,67.25739379787566,66.99526621886216,67.15592193603516,32300
2017-05-02,67.18975830078125,67.19821590364508,67.04601130839998,67.10520162592526,13300
2017-05-03,67.13056182861328,67.13056182861328,66.91916693522396,67.09673787151976,7900
2017-05-04,67.35041809082031,67.35041809082031,67.07137526763785,67.24894621386473,19900
2017-05-05,67.71400451660156,67.73937086812946,67.36731384236221,67.46878569973308,26700
2017-05-08,67.59564208984375,67.66328356169191,67.54490292188135,67.66328356169191,212400
2017-05-09,67.56179809570312,67.67172109971679,67.43495989029714,67.66326349902062,6200
2017-05-10,67.59564208984375,67.65483240974903,67.46034624362537,67.47726145003318,13400
2017-05-11,67.4518814086914,67.52798692684499,67.13902108756093,67.3842399440953,88200
2017-05-12,67.50260162353516,67.57024952040314,67.4095873781563,67.46877767510117,9100
2017-05-15,67.94231414794922,67.94231414794922,67.8408487328528,67.88312383872302,17300
2017-05-16,68.1114273071289,68.3228221697193,67.94230754630105,68.16216000974765,11300
2017-05-17,67.02910614013672,67.66329097341563,67.02065498726812,67.62947345941774,84400
2017-05-18,67.1474838256836,67.38424509802967,66.81770182347489,66.95299766553597,32300
2017-05-19,67.72245788574219,67.89157765356956,67.62945007751152,67.63790122745826,23400
2017-05-22,68.18753051757812,68.18753051757812,67.89157898216304,67.89157898216304,126900
2017-05-23,68.0606918334961,68.30591066151177,68.01841672944761,68.19598764947423,87400
2017-05-24,68.36510467529297,68.36510467529297,68.04378677181077,68.16216739158105,24900
2017-05-25,68.39046478271484,68.5088453916725,68.34818968023531,68.39046478271484,10200
2017-05-26,68.39046478271484,68.39046478271484,68.2636330240169,68.2720841737572,28400
2017-05-30,68.49193572998047,68.49193572998047,68.2298081638119,68.30590721801855,44300
2017-05-31,68.34819793701172,68.54267762468218,68.20445095894918,68.54267762468218,23200
2017-06-01,68.88090515136719,68.88090515136719,68.36510114134835,68.36510114134835,37700
2017-06-02,69.2191390991211,69.24450545218086,68.89782120826469,68.94009631294439,26700
2017-06-05,68.99928283691406,69.12612104651734,68.94009253260045,69.12612104651734,20100
2017-06-06,68.85553741455078,68.94855167358676,68.78788950775017,68.78788950775017,9600
2017-06-07,68.88935852050781,69.0415630788883,68.62723095656443,69.03310547807294,30600
2017-06-08,68.92321014404297,68.94011890120308,68.72026635055093,68.88092857425,18400
2017-06-09,68.80481719970703,69.02466325982685,68.49195041240641,68.88091627022682,24200
2017-06-12,68.67796325683594,68.68642085760177,68.41583569442729,68.68642085760177,39100
2017-06-13,69.05847930908203,69.1007608664792,68.85554202634735,68.90627473421604,23300
2017-06-14,68.88090515136719,69.2783285477351,68.85553879862194,69.2783285477351,19700
2017-06-15,68.50885772705078,68.66106231615291,68.25518771272091,68.33128678164172,12000
2017-06-16,68.8978271484375,68.8978271484375,68.54267882120197,68.71179860828086,50700
2017-06-19,69.32905578613281,69.33751338680082,69.0246466746754,69.0246466746754,12700
2017-06-20,68.72510528564453,69.19495014671767,68.62259841957493,69.19495014671767,728800
2017-06-21,68.60551452636719,68.78490807235505,68.56280550159485,68.65677448056135,19200
2017-06-22,68.60551452636719,68.81054130819048,68.58843221995359,68.65677448056135,12700
2017-06-23,68.82762145996094,68.86179258919509,68.62260120203248,68.65677233126664,127300
2017-06-26,68.89596557617188,69.22912594834278,68.8447056222002,69.05827029756497,28700
2017-06-27,68.60551452636719,68.97284603028805,68.59697663189873,68.86179474490795,12300
2017-06-28,69.1095199584961,69.17786220862845,68.93866433316519,68.93866433316519,7900
2017-06-29,68.59696960449219,69.36579714639868,68.22963813820253,69.12660577625212,43200
2017-06-30,68.62260437011719,68.85325135625037,68.56280652056586,68.85325135625037,26800
2017-07-03,68.6567611694336,68.92157923110005,68.6567611694336,68.71655900650265,18800
2017-07-05,68.7080307006836,68.80199968345684,68.48592160344893,68.67385956899541,5300
2017-07-06,68.2638168334961,68.51154612470248,68.17838574827817,68.51154612470248,7800
2017-07-07,68.56279754638672,68.56279754638672,68.26380833776476,68.28943505315007,3100
2017-07-10,68.6823959350586,68.71656706274358,68.52008470792396,68.53717353050455,4400
2017-07-11,68.71656036376953,68.7250982567513,68.42610906550048,68.5969646872692,10400
2017-07-12,69.16077423095703,69.3059966261529,69.07534967598744,69.07534967598744,6600
2017-07-13,69.40851593017578,69.42559823563823,69.19495126577525,69.31454695644143,8000
2017-07-14,69.76730346679688,69.76730346679688,69.44268752103771,69.56228321250038,13500
2017-07-17,69.62208557128906,69.76730798926788,69.61354115920889,69.73313685842402,5600
2017-07-18,69.76730346679688,69.76730346679688,69.57082762402666,69.65625218686051,4400
2017-07-19,70.1004638671875,70.1004638671875,69.92107032988321,69.92107032988321,8700
2017-07-20,70.27984619140625,70.27984619140625,70.07482596969447,70.2713082987133,8200
2017-07-21,69.98941040039062,70.00649270544362,69.818561279956,69.9979548116552,13700
2017-07-24,69.95523071289062,70.0833707962751,69.8356350397252,69.87835057334516,5800
2017-07-25,70.2200698852539,70.31403887349086,70.19444316436697,70.3055009781801,14000
2017-07-26,70.39091491699219,70.4165416340067,70.20297696891721,70.37382609399828,50200
2017-07-27,70.1602554321289,70.50196017056096,69.97232401759327,70.50196017056096,3900
2017-07-28,70.24568176269531,70.24568176269531,69.97231929389899,70.15171280303326,6500
2017-07-31,70.28839111328125,70.45924673051435,70.13462431650915,70.35673336017449,12400
2017-08-01,70.6984634399414,70.6984634399414,70.4336387675942,70.63012116853066,67600
2017-08-02,70.527587890625,70.63864567974692,70.21151637998786,70.54467671240185,18600
2017-08-03,70.49341583251953,70.63864474579914,70.39945338389268,70.49341583251953,25400
2017-08-04,70.5788345336914,70.61300565332765,70.44215005514641,70.61300565332765,33400
2017-08-07,70.66426086425781,70.66426086425781,70.51049408073649,70.51049408073649,7300
2017-08-08,70.39945983886719,70.76678480870683,70.30549086414845,70.55322014206905,61000
2017-08-09,70.35673522949219,70.35673522949219,70.0577460382346,70.06628393121656,10500
2017-08-10,69.35726928710938,70.05776119422953,69.29747143592144,69.97233662360063,22500
2017-08-11,69.25475311279297,69.45977337757061,69.22912639438036,69.34872209195704,22700
2017-08-14,69.94670867919922,70.02359536081673,69.83565738072664,69.9125375448667,3500
2017-08-15,69.83565521240234,69.99796646607282,69.78440177123366,69.99796646607282,6900
2017-08-16,70.07483673095703,70.16026129333248,70.00649447406613,70.13463457636747,3800
2017-08-17,69.15222930908203,69.88689220784664,69.15222930908203,69.88689220784664,12500
2017-08-18,69.17788696289062,69.33165382197375,69.109544688303,69.17788696289062,19300
2017-08-21,69.15222930908203,69.17786254111164,68.98138020040568,69.1693181304351,7200
2017-08-22,69.79292297363281,69.79292297363281,69.4085092218559,69.4085092218559,11900
2017-08-23,69.66477966308594,69.69894426593306,69.46829735060362,69.53663959124745,8300
2017-08-24,69.51103973388672,69.74168673831973,69.47686860036382,69.70751560479682,7000
2017-08-25,69.6989517211914,69.98940301625804,69.69041382830378,69.78438278987161,13200
2017-08-28,69.7074966430664,69.95523240561081,69.65624321546258,69.95523240561081,9300
2017-08-29,69.73312377929688,69.79292161768876,69.27182337564135,69.27182337564135,12600
2017-08-30,69.79292297363281,69.9125186527401,69.5195604903196,69.66478940135764,30700
2017-08-31,70.34820556640625,70.34820556640625,70.02358959320112,70.02358959320112,3200
2017-09-01,70.40798950195312,70.57030071521541,70.40798950195312,70.46778734092202,6400
2017-09-05,69.98941040039062,70.39945741390038,69.7331302022625,70.3140263362069,11800
2017-09-06,70.23713684082031,70.37381481548509,70.17733900487785,70.18588341500543,7700
2017-09-07,70.527587890625,70.53613230151342,70.3738210820127,70.5019611754356,3300
2017-09-08,70.4592514038086,70.60447379998224,70.43361817141694,70.47633370792721,4700
2017-09-11,71.14266204833984,71.17683317774305,70.87784394231066,70.87784394231066,10000
2017-09-12,71.27082824707031,71.28791055928764,71.11706136719884,71.11706136719884,3600
2017-09-13,71.21955108642578,71.26226011149217,71.08286656426914,71.14266441334348,6300
2017-09-14,71.30497741699219,71.30497741699219,71.04869719035055,71.08286832173457,74100
2017-09-15,71.36476135253906,71.39038806671104,71.16827901476118,71.16827901476118,4600
2017-09-18,71.42455291748047,71.42455291748047,71.42455291748047,71.42455291748047,700
2017-09-19,71.54415130615234,71.60394914206744,71.45018234721788,71.56977801904804,31200
2017-09-20,71.67229461669922,71.74917475884953,71.56123683251464,71.70646574125789,65400
2017-09-21,71.40747833251953,71.59541628070394,71.40747833251953,71.49290941258616,54000
2017-09-22,71.62104797363281,71.62104797363281,71.33060313715184,71.39894539896271,10100
2017-09-25,71.35623931884766,71.55272171824114,71.10850347503745,71.43312600295039,24000
2017-09-26,71.29641723632812,71.41601291098304,71.14265043784674,71.27079052282714,11800
2017-09-27,71.63813018798828,71.63813018798828,71.24517199504808,71.24517199504808,4900
2017-09-28,71.5527114868164,71.62959164244826,71.44165368315696,71.44165368315696,14200
2017-09-29,71.8346176147461,71.92858660185654,71.60397061205143,71.60397061205143,7500
2017-10-02,72.11651611328125,72.11651611328125,71.8687803142868,71.8687803142868,46800
2017-10-03,72.2019271850586,72.2446427180146,72.10796474401089,72.10796474401089,4100
2017-10-04,72.304443359375,72.36424119734863,72.14213214881417,72.21901880762344,32000
2017-10-05,72.56072998046875,72.56072998046875,72.30444978496331,72.30444978496331,7200
2017-10-06,72.38131713867188,72.45819726632558,72.26171496653104,72.27025937542847,39200
2017-10-09,72.2788314819336,72.53511170726922,72.21048921951383,72.47530733954429,41000
2017-10-10,72.62906646728516,72.6888643111903,72.43259063051518,72.52655960200558,50700
2017-10-11,72.86825561523438,72.86825561523438,72.7230267110574,72.7230267110574,11200
2017-10-12,72.82554626464844,72.87679969548874,72.67177945465161,72.80846396019366,17600
2017-10-13,73.00493621826172,73.06473405714173,72.9451383793817,73.04765175352271,11900
2017-10-16,73.03910827636719,73.10745052666789,72.91951259707879,73.08182381217405,10400
2017-10-17,73.04765319824219,73.04765319824219,72.83408855266462,72.89388639272731,142300
2017-10-18,73.09890747070312,73.18433202642427,73.05619193410463,73.18433202642427,52800
2017-10-19,73.11598205566406,73.11598205566406,72.7486571565909,72.88533512781984,18200
2017-10-20,73.26121520996094,73.2868419237128,73.10744840997423,73.26121520996094,27200
2017-10-23,73.20143127441406,73.39790712880993,72.97077777189068,73.39790712880993,58200
2017-10-24,73.184326171875,73.23558611518769,73.08181932020022,73.14161715616895,57700
2017-10-25,72.7999267578125,73.09037158463502,72.52656423713624,73.09037158463502,30100
2017-10-26,72.9195327758789,73.03912848826266,72.9195327758789,73.03912848826266,23800
2017-10-27,73.184326171875,73.26975072076242,72.88533699203138,73.08181932020022,22400
2017-10-30,73.14161682128906,73.2868392054803,73.08181898559413,73.18432583679957,5500
2017-10-31,73.36373138427734,73.43207364128077,73.22705338774685,73.33810466727014,10300
2017-11-01,73.37227630615234,73.67980994733063,73.37227630615234,73.67126553577667,5700
2017-11-02,73.53458404541016,73.56021076137834,73.30393056674427,73.33810169386055,3800
2017-11-03,73.50894927978516,73.62854495285768,73.23558681026576,73.34663807312586,42000
2017-11-06,73.79085540771484,73.81648864035499,73.53458173859627,73.62000629496913,8300
2017-11-07,73.63709259033203,73.8335749463671,73.44061675177319,73.79085940712757,14800
2017-11-08,73.87628173828125,73.87628173828125,73.70542611902957,73.71397052936102,12100
2017-11-09,73.44915008544922,73.54311252614744,73.03910313001268,73.28683888179044,9300
2017-11-10,73.43206024169922,73.46623136396552,73.28683786017379,73.3978891194329,9400
2017-11-13,73.28684997558594,73.32102110350124,73.03911418630716,73.03911418630716,5400
2017-11-14,73.1245346069336,73.23559239573912,73.03056563985623,73.06473676583671,10600
2017-11-15,72.83409881591797,72.95369451289591,72.6119897283261,72.79138327379299,24300
2017-11-16,73.44915008544922,73.50040351082558,73.19286992361697,73.19286992361697,3100
2017-11-17,73.2782974243164,73.38081079667491,73.20995517607741,73.35518408295415,22400
2017-11-20,73.38935089111328,73.43205990564434,73.06472848980655,73.3466353591071,18600
2017-11-21,73.85065460205078,73.85919901308739,73.57729210616344,73.57729210616344,46500
2017-11-22,73.88483428955078,74.02151881206971,73.71398515387888,73.8933787015774,77500
2017-11-24,74.21800231933594,74.22654673224362,74.1752932897524,74.1752932897524,2700
2017-11-27,74.01294708251953,74.22651168202299,73.9616936642305,74.08983372742743,13800
2017-11-28,74.57678985595703,74.57678985595703,74.04714709621337,74.04714709621337,35000
2017-11-29,74.39738464355469,74.64512044062332,74.18381997547586,74.6365825464832,15200
2017-11-30,74.79888153076172,74.96973716261859,74.64511472082852,74.64511472082852,16000
2017-12-01,74.6707534790039,74.82451378283871,74.09839521677648,74.58532239801599,37100
2017-12-04,74.48282623291016,75.14914704852538,74.48282623291016,75.0210069261046,36000
2017-12-05,74.31196594238281,74.64512632947113,74.27779481069722,74.54261945189131,30300
2017-12-06,74.29487609863281,74.32050281542813,74.1411092803846,74.21798943077056,24300
2017-12-07,74.47425079345703,74.51696632229408,74.17526164402165,74.20943276359635,37200
2017-12-08,74.81597137451172,74.85868039495229,74.63657784671884,74.64511574032133,31600
2017-12-11,74.9355697631836,75.00391201932536,74.78180294560276,74.9355697631836,72400
2017-12-12,75.18329620361328,75.26872075442874,74.93556044401562,75.08078283214945,27500
2017-12-13,75.17476654052734,75.43958465524801,75.17476654052734,75.27727993210151,28100
2017-12-14,74.99537658691406,75.24311240698142,74.84160975092318,75.23456799457165,23200
2017-12-15,75.1320571899414,75.33708398998682,74.98683476135052,75.14060160264594,25800
2017-12-18,75.84964752197266,75.90944538349216,75.67025393741417,75.73005179893367,111100
2017-12-19,75.70735931396484,75.87118625019264,75.55215034691581,75.83669463767036,101200
2017-12-20,75.60387420654297,75.96602622092938,75.50039938303192,75.96602622092938,40000
2017-12-21,75.80220794677734,75.94016781524834,75.62112534034308,75.75909178741637,34900
2017-12-22,75.96603393554688,75.96603393554688,75.68148307594548,75.79358245745026,185400
2017-12-26,75.87980651855469,75.89704903454218,75.72459756025901,75.83669036068287,26700
2017-12-27,75.98329162597656,76.07814192324011,75.88844132871301,75.95741798059319,50700
2017-12-28,76.1212387084961,76.20746444279959,75.99189681773991,76.20746444279959,12300
2017-12-29,75.97463989257812,76.33679185512634,75.9056566867783,76.33679185512634,15700
2018-01-02,76.55237579345703,76.55237579345703,76.0608818596847,76.24195787964271,124400
2018-01-03,77.00938415527344,77.00938415527344,76.63860753906715,76.63860753906715,28100
2018-01-04,77.35428619384766,77.51811969490733,77.21632633395679,77.35428619384766,78100
2018-01-05,77.96649169921875,77.96649169921875,77.60433969284979,77.69056542123268,21200
2018-01-08,77.77679443359375,78.02685366148339,77.77679443359375,77.85440219743617,81700
2018-01-09,77.95787811279297,78.19931279727474,77.88027034786569,78.11308048544403,72300
2018-01-10,77.77679443359375,78.113079393507,77.71643576331707,77.8457776506533,26500
2018-01-11,78.32002258300781,78.3372650965493,78.08720588929044,78.12169749497454,34300
2018-01-12,79.0270767211914,79.05294377840436,78.55282541028575,78.63043316052509,12600
2018-01-16,78.88914489746094,79.57896409236908,78.76842752514253,79.38926348483918,47500
2018-01-17,79.36337280273438,79.59618292904926,78.9667291861896,79.2167884054768,19400
2018-01-18,79.21678924560547,79.43235685983565,79.19091560587258,79.22540721358159,42000
2018-01-19,79.57893371582031,79.63929237893966,79.44096729806131,79.63066783317949,13100
2018-01-22,80.13079071044922,80.19114937694373,79.58756271199863,79.70828004498765,13300
2018-01-23,80.38947296142578,80.44983162678844,80.28599814426076,80.29462269034147,13400
2018-01-24,80.54468536376953,80.87234576432321,80.19977587031222,80.82922961066552,40200
2018-01-25,80.43258666992188,80.89821350320213,80.24288611800013,80.89821350320213,30100
2018-01-26,81.11377716064453,81.25174358389668,80.76886768111527,80.76886768111527,20500
2018-01-29,80.596435546875,80.97583672314686,80.53607686688655,80.85511278456723,43700
2018-01-30,79.77725219726562,80.29461968512591,79.71689353416205,80.16527781316084,20000
2018-01-31,79.91523742675781,80.23427990889301,79.52721829812512,80.23427990889301,35000
2018-02-01,79.90660095214844,80.05318534965478,79.35474839092336,79.5272064279321,94100
2018-02-02,78.22520446777344,79.37202615843523,78.22520446777344,79.31166746832692,56700
2018-02-05,74.9312973022461,77.8975029345932,74.87955660602196,77.4146336271741,38200
2018-02-06,76.32818603515625,76.57824528357659,73.9224569947512,74.31910065750694,120800
2018-02-07,75.79356384277344,76.88864427480303,75.79356384277344,76.18158286249559,38100
2018-02-08,73.31886291503906,75.9832823027466,73.31886291503906,75.9832823027466,27400
2018-02-09,74.28459930419922,74.54327648758448,72.06856454899864,74.19837357640414,173200
2018-02-12,75.12962341308594,75.52626703842978,74.50879420294008,74.66399657152536,22100
2018-02-13,75.25897979736328,75.32796302686953,74.77611034802528,74.84509357753153,9600
2018-02-14,76.46615600585938,76.48339852303401,74.83646512085154,74.83646512085154,17700
2018-02-15,77.16459655761719,77.16459655761719,76.47478400327367,76.91453728638922,409000
2018-02-16,77.33704376220703,77.51811977897373,77.15596774544034,77.15596774544034,7100
2018-02-20,76.7420654296875,77.28529341218554,76.56961398151064,76.90589891047625,14000
2018-02-21,76.26782989501953,77.44051840588644,76.26782989501953,76.84555618127777,19100
2018-02-22,76.4747543334961,77.1300750190884,76.34541247392384,76.7851721650294,158800
2018-02-23,77.55260467529297,77.55260467529297,76.77655997161266,76.84554318496231,9800
2018-02-26,78.2855453491211,78.2855453491211,77.66470949003546,77.80267593809997,12200
2018-02-27,77.14734649658203,78.18206851622877,77.14734649658203,78.13895893626142,30300
2018-02-28,76.4316635131836,77.55261789610599,76.4316635131836,77.55261789610599,18600
2018-03-01,75.42279815673828,76.63859608394904,74.92267971128635,76.22470994734171,92300
2018-03-02,75.66423797607422,75.75908825936942,74.71574172172417,74.93993389847665,6000
2018-03-05,76.44891357421875,76.69896625584462,75.27622504695574,75.3020921120479,29000
2018-03-06,76.65583801269531,77.1645743786026,76.37991175454539,77.1645743786026,4500
2018-03-07,76.68171691894531,76.76794265445152,76.03501403474593,76.12986431738332,17700
2018-03-08,76.95762634277344,76.95762634277344,76.56098278354807,76.94038383089429,20100
2018-03-09,77.84578704833984,77.91477027372717,77.13872543462581,77.31980146731573,14300
2018-03-12,77.92338562011719,78.12170414643464,77.8112862474492,78.06997002280428,11400
2018-03-13,77.38014221191406,78.29415328996664,77.29391648946407,78.08720366176553,25700
2018-03-14,77.25943756103516,77.84578177994032,77.09561063508069,77.84578177994032,9000
2018-03-15,77.18184661865234,77.53537415921805,77.04388015889789,77.36292266312789,52100
2018-03-16,77.19046020507812,77.38878533506227,77.14735062280505,77.22495181805809,27400
2018-03-19,76.33682250976562,77.02664168757396,75.96604585294922,76.94903390523399,11600
2018-03-20,76.38854217529297,76.65585050982412,76.25058231302701,76.32818350206374,41300
2018-03-21,76.38854217529297,76.80243491929483,76.285073923244,76.35405714367798,25900
2018-03-22,74.68988037109375,75.75046950563375,74.63813966259248,75.75046950563375,23200
2018-03-23,73.49993896484375,74.8450854802769,73.43096232140272,74.79334477444345,21800
2018-03-26,75.15548706054688,75.18997208546857,73.87932404462053,74.55189386680576,45800
2018-03-27,74.01729583740234,75.53489374454867,73.83621982360789,75.44866801111347,129300
2018-03-28,74.12075805664062,74.7415937575319,73.81896475165199,74.25009992409308,11700
2018-03-29,75.12962341308594,75.39693173127539,74.56052832580184,74.56052832580184,76900
2018-04-02,73.54304504394531,74.89680934264422,73.07741822687291,74.89680934264422,55300
2018-04-03,74.25873565673828,74.39669551183094,73.45682385204462,73.99142733610597,116500
2018-04-04,74.81920623779297,74.95717267155241,73.22400717440878,73.22400717440878,79500
2018-04-05,75.42279815673828,75.67285737946425,75.25034011765062,75.25034011765062,3900
2018-04-06,74.29322814941406,74.93130646634067,73.94831863967475,74.93130646634067,9800
2018-04-09,74.71573638916016,75.59524936041402,74.63812862718397,74.7760950579854,40200
2018-04-10,75.79356384277344,75.99188233601788,75.41416278981802,75.50038850768955,23000
2018-04-11,75.42279815673828,75.8625579331599,75.38830654892075,75.44004067134628,17200
2018-04-12,75.90567016601562,76.00052044618363,75.73321869949292,75.90567016601562,8100
2018-04-13,75.70735931396484,76.29370356963874,75.52627670357228,76.29370356963874,17200
2018-04-16,76.19883728027344,76.35404621473303,75.98326968122404,76.20745524764266,57000
2018-04-17,76.9059066772461,76.93177373922484,76.48338940292075,76.61273129141622,17100
2018-04-18,77.07835388183594,77.13871254931688,76.90590242577649,77.0007527001896,15400
2018-04-19,76.63858032226562,76.93175563911872,76.36265409507457,76.90588858322583,31300
2018-04-20,76.11260986328125,76.5609941821014,75.95740091885911,76.5609941821014,11500
2018-04-23,76.06088256835938,76.25920768460047,75.7763317149447,76.25920768460047,6400
2018-04-24,75.37106323242188,76.54374499273389,74.99166212906708,76.31093486569438,11100
2018-04-25,75.31934356689453,75.45731003522765,74.7933579189303,75.15551660900307,14400
2018-04-26,76.06088256835938,76.12986578953907,75.715973041063,75.715973041063,7600
2018-04-27,76.05223083496094,76.14708108552674,75.96600512861012,76.14708108552674,6600
2018-04-30,75.69010925292969,76.28507804879557,75.69010925292969,76.19022776021978,4400
2018-05-01,75.70735931396484,75.70735931396484,75.25897492977764,75.44867550934896,24400
2018-05-02,75.30207061767578,75.9487733747937,75.30207061767578,75.65559803736124,34200
2018-05-03,75.40555572509766,75.42280481983103,74.62089295838413,75.24172879674329,23800
2018-05-04,75.94879150390625,76.14711004607838,74.84508625421134,74.84508625421134,8300
2018-05-07,76.20745849609375,76.39715904391963,76.07812319403186,76.22470758876956,13500
2018-05-08,76.13847351074219,76.19883217128505,75.83667362942732,76.06086575941532,4900
2018-05-09,76.68171691894531,76.81105881150557,76.22471460002073,76.2505816628124,29600
2018-05-10,77.3111801147461,77.32842263103711,76.96627058150607,77.00938016153471,3200
2018-05-11,77.48363494873047,77.64746846430239,77.41465172337361,77.50950201358867,9100
2018-05-14,77.67333221435547,77.93200943050064,77.54399031698179,77.88027530299203,11900
2018-05-15,77.07835388183594,77.22493827734661,76.88865333300973,77.18182870263243,15300
2018-05-16,77.31978607177734,77.47499500869317,77.05248434987831,77.05248434987831,10000
2018-05-17,77.39739990234375,77.63883458346729,77.1387161276533,77.24219095324982,188600
2018-05-18,77.14734649658203,77.29393090995492,77.09561236918034,77.29393090995492,10500
2018-05-21,77.6043472290039,77.76818073386222,77.49225442908096,77.63883883942681,12800
2018-05-22,77.51811218261719,77.87163963444118,77.46637148389567,77.7854139080403,15300
2018-05-23,77.22493743896484,77.2335619852546,76.79380222489542,76.94901116510445,8000
2018-05-24,77.07835388183594,77.24218737011337,76.63859411670256,77.15596164208364,9200
2018-05-25,76.85417175292969,76.86279630043828,76.69896279078615,76.82830468900613,209200
2018-05-29,75.76770782470703,76.2850687859168,75.4314228709906,76.04363410925902,94200
2018-05-30,76.73343658447266,76.80241979131883,76.17295954139874,76.22470023583371,10700
2018-05-31,76.19021606445312,76.62997582774335,76.06949872999719,76.62997582774335,12000
2018-06-01,77.01799011230469,77.06972422997514,76.6472135855977,76.811047063022,55200
2018-06-04,77.2939224243164,77.47499842894521,77.2249392096193,77.3629056390135,12500
2018-06-05,77.28530883789062,77.39740822232093,77.16459148435213,77.35429206237045,14900
2018-06-06,77.99237060546875,77.99237060546875,77.44914251340902,77.50950119030455,11600
2018-06-07,77.74231719970703,78.12171177437713,77.6733339757298,78.10446925768399,217400
2018-06-08,78.02687072753906,78.02687072753906,77.58711742445522,77.75956892622106,13800
2018-06-11,78.23380279541016,78.41487880504303,78.09583636220323,78.14757048535502,10100
2018-06-12,78.19932556152344,78.32004292346866,78.06998365126702,78.32004292346866,14700
2018-06-13,77.99237060546875,78.38902085775635,77.99237060546875,78.32003763313222,97500
2018-06-14,78.06134033203125,78.25104087764416,78.02684872568334,78.12169899848979,31000
2018-06-15,77.92338562011719,78.00961135236832,77.49225038025982,77.8544024028756,22500
2018-06-18,77.56985473632812,77.61297089351689,77.29392843468514,77.29392843468514,40700
2018-06-19,77.19731903076172,77.19731903076172,76.56040334472367,76.74362402403136,46700
2018-06-20,77.302001953125,77.45032248375882,77.11005460453164,77.45032248375882,10300
2018-06-21,76.84831237792969,77.27582722939059,76.73488531574372,77.27582722939059,16200
2018-06-22,77.21475219726562,77.46777308799358,77.0838784046108,77.39797284437533,8100
2018-06-25,76.20266723632812,76.81340937200665,75.68790542625204,76.81340937200665,16900
2018-06-26,76.30738067626953,76.41208105771807,76.10671326580811,76.33355410750201,34500
2018-06-27,75.64427947998047,76.80468356023951,75.64427947998047,76.41206884148363,29200
2018-06-28,76.05435180664062,76.16777887216425,75.42616289657047,75.74025735160555,41500
2018-06-29,76.30738067626953,76.77852240801,76.30738067626953,76.40335436180104,13900
2018-07-02,76.15904998779297,76.15904998779297,75.55703452352907,75.55703452352907,13100
2018-07-03,75.86238861083984,76.58655104517162,75.86238861083984,76.50803077607172,86800
2018-07-05,76.65635681152344,76.65635681152344,76.21138861828493,76.5691098429418,9300
2018-07-06,77.25838470458984,77.27583143852074,76.69999602754756,76.69999602754756,9400
2018-07-09,77.79058837890625,77.84293522942897,77.65098790215619,77.66843463349139,10900
2018-07-10,78.08723449707031,78.13958135100509,77.90401385178109,77.99998752167319,14400
2018-07-11,77.11878967285156,77.57248466542778,77.11878967285156,77.47651098071046,15300
2018-07-12,77.82548522949219,77.85166531241033,77.54629092035522,77.65971797678165,16700
2018-07-13,77.99127197265625,78.06979892129797,77.75570443976807,77.86039816259904,152800
2018-07-16,77.81678009033203,77.98254737478001,77.74697983555464,77.85168021772073,20000
2018-07-17,78.06107330322266,78.20939385029317,77.58120487856092,77.58120487856092,31700
2018-07-18,78.2791748046875,78.32279496020871,77.9825271271654,78.14830102509002,16400
2018-07-19,77.91276550292969,78.10470624767792,77.80806510500547,77.9563856763417,29900
2018-07-20,78.13957214355469,78.20064568478793,78.02615175455489,78.02615175455489,14700
2018-07-23,78.14832305908203,78.17449649107776,78.03490263492758,78.03490263492758,3800
2018-07-24,78.49729919433594,78.81139361733798,78.32279859460299,78.5670994342291,33700
2018-07-25,79.1080322265625,79.1080322265625,78.36642300585854,78.5321969063927,7300
2018-07-26,78.9771728515625,79.1255000479741,78.89865256215482,79.00335293788332,18000
2018-07-27,78.58454895019531,79.17783769727303,78.48857528107115,79.17783769727303,10400
2018-07-30,78.3489761352539,78.9422648420647,78.29662262877379,78.75031751684399,38800
2018-07-31,78.60200500488281,78.75905224057414,78.41006430038745,78.71543207630994,26600
2018-08-01,78.3751449584961,78.67178596622591,78.33151814841035,78.61943911933633,8600
2018-08-02,78.5496597290039,78.56711312027613,77.8778506084283,77.8778506084283,11700
2018-08-03,78.76778411865234,78.78523751072102,78.37516933185063,78.37516933185063,7300
2018-08-06,78.84630584716797,78.95099956657023,78.51475798501207,78.62818505638889,13400
2018-08-07,79.1690902709961,79.39593767102342,78.62815517560534,78.62815517560534,21300
2018-08-08,79.2127456665039,79.31744604042646,79.05569843387916,79.12549868316086,8700
2018-08-09,78.92481231689453,79.2912535836747,78.92481231689453,79.0993129128735,7600
2018-08-10,78.03489685058594,78.30536450318517,77.91274973931414,78.19194408743802,20300
2018-08-13,77.78186798095703,78.05233560590663,77.78186798095703,77.85166822498198,10900
2018-08-14,78.06107330322266,78.157046988155,77.82549911056378,78.04361991149756,13600
2018-08-15,77.35436248779297,77.50268303189054,76.99664118630282,77.50268303189054,11800
2018-08-16,77.89529418945312,78.08724154656579,77.76442038628375,77.84294733079263,10400
2018-08-17,78.17447662353516,78.40132407071104,77.8254820870762,77.86038220637381,10300
2018-08-20,78.50604248046875,78.56711603915369,78.40134209850088,78.52348921587074,5700
2018-08-21,78.87247467041016,79.06442202012784,78.84630124208826,78.84630124208826,16000
2018-08-22,78.9771728515625,79.07314653185072,78.8463057025497,78.89865256215482,25500
2018-08-23,78.75904846191406,78.88992226146422,78.61072792879894,78.75904846191406,6600
2018-08-24,79.14293670654297,79.17783682734263,78.83756897019279,78.83756897019279,27500
2018-08-27,79.89327239990234,79.97179933557287,79.57917797025505,79.60535139663943,20500
2018-08-28,79.83220672607422,80.16374792050267,79.83220672607422,80.16374792050267,7200
2018-08-29,80.26844787597656,80.39059498152726,79.91072659792236,79.92817998815418,18900
2018-08-30,79.88455200195312,80.1288462094853,79.72750477475131,80.05905261913176,34300
2018-08-31,79.50066375732422,79.78857812603877,79.34361653051724,79.62281086078322,13100
2018-09-04,79.18655395507812,79.33487445816986,78.96843321881971,79.28252761155316,56600
2018-09-05,78.79395294189453,79.02952712541274,78.6892592216805,78.96845356978179,16000
2018-09-06,78.63690185546875,78.98589643764028,78.33153409226291,78.69797540810991,12600
2018-09-07,78.24429321289062,78.5583876956885,78.08724597149168,78.20939308629991,10200
2018-09-10,78.45366668701172,78.76776108722042,78.45366668701172,78.68924081542663,17400
2018-09-11,78.74158477783203,78.7590315076413,78.331516733891,78.331516733891,4600
2018-09-12,78.92481231689453,79.07313283108883,78.51474423699032,78.82011195930714,347100
2018-09-13,79.43958282470703,79.44830286234541,79.24763549238627,79.36978258449633,14100
2018-09-14,79.491943359375,79.56174361160025,79.26509586790213,79.53557018114539,24700
2018-09-17,79.2127456665039,79.64898723973731,79.20401897121415,79.61408711509647,16200
2018-09-18,79.6576919555664,79.84963260335286,79.36104430623043,79.36104430623043,34100
2018-09-19,79.96306610107422,80.00668625597467,79.81474559268233,79.83219232333914,22800
2018-09-20,80.71341705322266,80.77449060669232,80.36442246631685,80.36442246631685,5100
2018-09-21,80.70469665527344,80.85301720291325,80.59127623469921,80.84429716353581,20800
2018-09-24,80.38185119628906,80.53889839239532,80.25970411670826,80.45165142933998,13700
2018-09-25,80.3033447265625,80.83555994613245,80.3033447265625,80.70468615080057,29800
2018-09-26,80.3382568359375,81.00133929325665,80.17248289334835,80.48657738640215,66200
2018-09-27,80.3033447265625,80.6261658675121,80.3033447265625,80.32951815432533,12800
2018-09-28,80.09396362304688,80.34697790342064,79.92818967833685,80.05906349487009,130400
2018-10-01,80.38185119628906,80.6523254352322,80.17245715365293,80.52145166239089,73000
2018-10-02,80.03286743164062,80.27716160327923,79.97179388873097,80.0415874688299,42300
2018-10-03,80.17247009277344,80.53891139065618,80.01542287132116,80.41676429136194,12000
2018-10-04,79.28254699707031,79.85838242020243,78.88992558189464,79.85838242020243,34200
2018-10-05,78.96844482421875,79.38723297173175,78.51474989847581,79.23018575228497,50400
2018-10-08,78.62818145751953,78.69797504842045,78.06106609614756,78.37516055301455,15100
2018-10-09,78.48857116699219,78.86373912939875,78.33152395815881,78.41005089083407,26000
2018-10-10,76.46441650390625,78.41877673685902,76.21139561223774,78.41877673685902,91800
2018-10-11,74.9288558959961,76.41208135121356,74.58858797562968,76.01073987223057,63100
2018-10-12,75.76641845703125,75.98453920107822,74.8241419017011,75.98453920107822,76800
2018-10-15,75.32147216796875,75.98455457130841,75.29529873843143,75.65301336963859,69900
2018-10-16,76.83958435058594,76.96173144888499,76.09797506619377,76.15032192074547,50300
2018-10-17,76.64764404296875,76.85703813691059,76.22885585508509,76.83959140263136,28700
2018-10-18,75.55702209472656,76.55165212462641,75.39125486075434,76.40333162077673,72100
2018-10-19,75.6617431640625,76.39462584719904,75.61811634203455,75.88859065687458,16800
2018-10-22,75.47850036621094,75.82749487056886,75.20802613066239,75.74024125209199,616600
2018-10-23,74.8503189086914,75.20803348466188,73.70736828526273,74.37917728021648,47900
2018-10-24,72.660400390625,74.81543497626716,72.63422695946637,74.81543497626716,64300
2018-10-25,73.82951354980469,74.24830166041633,73.11407775903587,73.28857169570456,33400
2018-10-26,72.8087158203125,73.59395198246847,72.08455986859134,72.67784867371829,139100
2018-10-29,72.46842193603516,74.06506711704463,72.32882814422591,74.03016700496339,105300
2018-10-30,73.50669860839844,73.59394558404851,72.54696856321247,72.54696856321247,59500
2018-10-31,74.3791732788086,74.71071441144727,74.195952653678,74.195952653678,33400
2018-11-01,75.09464263916016,75.21678977721785,74.4751802514333,74.65840095851986,45700
2018-11-02,74.84159851074219,75.74898172452568,74.45770382046364,75.54830768464797,80400
2018-11-05,75.18186950683594,75.34764343116373,74.83287492449648,75.11206925906446,124000
2018-11-06,75.53086853027344,75.56576865621126,75.12080037115206,75.17315388831798,58500
2018-11-07,76.90066528320312,76.90066528320312,75.99328199691976,76.2986497719867,121300
2018-11-08,76.41207885742188,76.84832044945121,76.37717873127731,76.56912609681318,13700
2018-11-09,75.975830078125,76.13287730265972,75.49596170968061,76.13287730265972,26100
2018-11-12,74.42280578613281,75.6268299819374,74.42280578613281,75.6268299819374,17900
2018-11-13,74.61476135253906,75.19933016346403,74.42282063739745,74.71946173431338,71900
2018-11-14,74.16978454589844,75.15568797746356,73.99528394527809,75.15568797746356,40500
2018-11-15,74.73690795898438,74.93757535082632,73.4805301242529,73.84697144054357,44600
2018-11-16,74.9113998413086,75.22549429126728,74.29193763625614,74.35301118727489,52300
2018-11-19,73.95165252685547,74.88520896434001,73.79460533846945,74.88520896434001,204300
2018-11-20,72.62548828125,73.21877703019511,72.4073675155572,72.8436090469428,131200
2018-11-21,73.24494171142578,73.64628973011409,73.03554766518772,73.15769474686965,124900
2018-11-23,72.660400390625,73.05302182756031,72.55570666599047,72.55570666599047,68000
2018-11-26,73.55032348632812,73.87313795337855,73.35837615104549,73.53287009774749,671900
2018-11-27,73.6724624633789,73.7946095439161,73.25366771831095,73.37581479884814,101100
2018-11-28,75.29529571533203,75.29529571533203,73.80334372642407,74.0040177723502,132900
2018-11-29,75.06844329833984,75.37381103810614,74.64092846266702,75.01609644481347,104700
2018-11-30,75.21675872802734,75.30400569683623,74.82414404012883,74.91139100893773,434400
2018-12-03,76.2114028930664,76.473150504355,75.77516131193092,76.39462355836112,158000
2018-12-04,73.89059448242188,76.02817537469996,73.89059448242188,75.88858154270889,115400
2018-12-06,73.655029296875,73.75100298028948,71.93623634765713,72.81744623331818,612600
2018-12-07,72.33757781982422,74.03019052619763,72.27649761188852,73.68992264593857,601200
2018-12-10,72.18925476074219,72.424828941482,70.967777006011,72.12818120583154,502200
2018-12-11,72.1107406616211,73.04429745626099,71.7355726045311,72.93959707177584,268300
2018-12-12,72.88724517822266,73.61140781044034,72.83489831785167,73.11409266736088,90300
2018-12-13,72.73892211914062,73.21878385447931,72.58187488694368,73.07046331754835,77900
2018-12-14,71.49125671386719,72.27648606189518,71.47380332681242,72.01474516472479,120700
2018-12-17,70.3744888305664,71.57851309150871,70.04294099809822,71.42146586994949,187000
2018-12-18,70.40177154541016,71.01786810337548,69.94410576409723,70.92984951304066,173600
2018-12-19,69.60964965820312,71.352314298234,69.13438419852477,70.56019400731088,301100
2018-12-20,68.5975112915039,69.64486412697723,68.07822976032482,69.23120760045911,446400
2018-12-21,67.34770965576172,69.20478904302686,67.24209809450997,68.47428445649224,158700
2018-12-24,66.04511260986328,67.33890785204704,65.99230683340677,67.11007162927731,81700
2018-12-26,68.21023559570312,68.37746283818157,65.76346950935981,66.42356856351178,539600
2018-12-27,68.88794708251953,69.05517435593865,67.00446463671078,67.56774872995025,1226900
2018-12-28,68.99365234375,69.88326307073596,68.72940740858856,69.4340560890005,304500
2018-12-31,69.46926879882812,69.67185069894965,69.04647837070677,69.67185069894965,279900
2019-01-02,69.47808074951172,69.67185944004459,68.50038406184264,68.59727340710907,148800
2019-01-03,68.3154067993164,69.16979089000834,68.18329109046788,69.16979089000834,183500
2019-01-04,70.39412689208984,70.51743939240916,69.29311762493369,69.35477387509333,135300
2019-01-07,70.72002410888672,71.12519469019233,70.29723361707437,70.55266855920708,166300
2019-01-08,71.41586303710938,71.58321186747402,70.816913757843,71.53917553107361,86700
2019-01-09,71.90911102294922,72.1645459590996,71.60082979657004,71.90030106790218,113200
2019-01-10,72.23501586914062,72.24381910461304,71.5039441233058,71.60964342921844,114900
2019-01-11,72.02362060546875,72.1028967685953,71.7417624966261,71.77699560023486,75000
2019-01-14,71.75936889648438,71.92672442710683,71.48632079496446,71.48632079496446,1086100
2019-01-15,72.41116333007812,72.41997328419927,71.80340417621314,71.80340417621314,140600
2019-01-16,72.48164367675781,72.74588187175692,72.3671411309276,72.3671411309276,82900
2019-01-17,73.00129699707031,73.15984255900514,72.27023214150601,72.27903537492841,73500
2019-01-18,73.80284881591797,73.93497126269726,73.36244514000488,73.62668331353666,66300
2019-01-22,72.7899169921875,73.33601995433597,72.44640267213452,73.33601995433597,173500
2019-01-23,72.95726776123047,73.35362834458051,72.52566736066352,73.17746957865297,117500
2019-01-24,73.09817504882812,73.1950643617325,72.77228074180837,72.97486259968154,86200
2019-01-25,73.84689331054688,74.7453206718883,73.61788821218948,73.67073450872927,115700
2019-01-28,73.30078887939453,73.38005831543005,72.91323149426061,73.23913263358021,466900
2019-01-29,73.42410278320312,73.68834768179067,73.24794399749604,73.58264837835027,433900
2019-01-30,74.33133697509766,74.5955818867584,73.53860896014268,73.87332007758326,165600
2019-01-31,74.83338928222656,74.91266543563256,74.3225194225816,74.39298562115881,457300
2019-02-01,74.80695343017578,75.03596517663581,74.63959791699052,74.78934024353674,175700
2019-02-04,75.25618743896484,75.25618743896484,74.63961821848888,74.84220688008047,253900
2019-02-05,75.67017364501953,75.73182989966573,75.41473867004878,75.52924122295522,43100
2019-02-06,75.46757507324219,75.6877769138247,75.34426258011813,75.51161812936944,37200
2019-02-07,74.69245147705078,75.30901381442182,74.27847102766216,75.0183458325074,52400
2019-02-08,74.62198638916016,74.62198638916016,74.01422727620913,74.33131840296396,81300
2019-02-11,74.61318969726562,74.82458157933279,74.50749039621866,74.67484594286967,44400
2019-02-12,75.564453125,75.64372255014727,75.22093884264342,75.22093884264342,23900
2019-02-13,75.74061584472656,75.99605076138249,75.65253646105843,75.74942579910125,37600
2019-02-14,75.63493347167969,75.9079816138792,75.37068856501575,75.55565731166966,63400
2019-02-15,76.57740020751953,76.57740020751953,76.23388584700494,76.25149903881426,35600
2019-02-19,76.76236724853516,76.94733599852835,76.36599988138354,76.36599988138354,55800
2019-02-20,76.98255920410156,77.11468164283241,76.77116733414805,76.8768599091116,88400
2019-02-21,76.7535629272461,76.9209184981085,76.54217101459676,76.9209184981085,35800
2019-02-22,77.18515014648438,77.24680639576613,76.9032920469068,76.9032920469068,71100
2019-02-25,77.35250091552734,77.72243838832122,77.32607777033161,77.68720528805132,54700
2019-02-26,77.4405746459961,77.74005261638783,77.24679596868843,77.32607211850805,55600
2019-02-27,77.2468032836914,77.42296878884711,77.08825768906472,77.27323314948494,30900
2019-02-28,77.06182861328125,77.3524966344007,77.06182861328125,77.1587179536544,14700
2019-03-01,77.57269287109375,77.64315906265767,77.19394549147002,77.62553915475375,27400
2019-03-04,77.23799133300781,77.85455373141336,76.76235460279804,77.81051068008748,61900
2019-03-05,77.23799133300781,77.37891700120359,77.10586889905629,77.23799133300781,22000
2019-03-06,76.83282470703125,77.33488460557658,76.81520479759374,77.33488460557658,13100
2019-03-07,76.07533264160156,76.73593814891653,75.9167870510449,76.72712819387819,126600
2019-03-08,75.96082305908203,75.96963301408245,75.42353004451073,75.50280619946105,62300
2019-03-11,76.95613098144531,76.95613098144531,76.20743945139114,76.20743945139114,27800
2019-03-12,77.10587310791016,77.22918559432233,76.94732752251929,76.94732752251929,11100
2019-03-13,77.72242736816406,77.8193167001618,77.38772304309737,77.43176609219663,111000
2019-03-14,77.5815200805664,77.73125573092422,77.51105387332953,77.63436637598036,33400
2019-03-15,78.1716537475586,78.2949662412202,77.85456255813536,77.93383871550462,73300
2019-03-18,78.47993469238281,78.48874464761955,78.18926664981196,78.2597328516522,124200
2019-03-19,78.50636291503906,78.93796338920183,78.30378097168108,78.7970309764073,99500
2019-03-20,78.34781646728516,78.80584008390967,78.03953521764976,78.38304957010452,45100
2019-03-21,78.90271759033203,78.92914073347262,78.04833345531314,78.04833345531314,18200
2019-03-22,77.3613052368164,78.47992752880928,77.35249528238383,78.35661504685814,51200
2019-03-25,77.37012481689453,77.5991366403403,77.00899724917973,77.36132158062838,34100
2019-03-26,77.8897933959961,78.18926466617934,77.59031540578614,77.87218020599632,32500
2019-03-27,77.61675262451172,78.38305078259813,77.21158201586235,77.92503387891587,42000
2019-03-28,77.7840805053711,77.92501288085228,77.4493761936416,77.66076803683782,61700
2019-03-29,78.2068862915039,78.23330943709647,77.94264139552459,78.22449948188999,22700
2019-04-01,79.1141128540039,79.1757690973226,78.7794084931348,78.96437722309086,261000
2019-04-02,79.14054107666016,79.21981723460071,78.90272604289238,79.12292788602167,98800
2019-04-03,79.44882202148438,79.77472316732947,79.3078963368128,79.6249875273575,48800
2019-04-04,79.519287109375,79.57213340038284,79.2990852701399,79.47525077354408,37500
2019-04-05,79.81876373291016,79.83637692293435,79.61617508748495,79.68664128763517,37900
2019-04-08,79.9068603515625,79.9068603515625,79.58976910254613,79.81878094239755,91700
2019-04-09,79.44882202148438,79.66902386380559,79.37836253916205,79.58975442618288,17300
2019-04-10,79.7306900024414,79.74830991522815,79.46645179089005,79.63380736222534,78400
2019-04-11,79.69544982910156,79.84518546174489,79.56332738617003,79.84518546174489,23900
2019-04-12,80.21513366699219,80.27678991927932,80.07420797034766,80.24155681511131,14300
2019-04-15,80.19750213623047,80.2855815164957,80.04775979775103,80.22392527830745,34000
2019-04-16,80.25916290283203,80.54102096759945,80.21511985020142,80.54102096759945,32300
2019-04-17,80.21513366699219,80.67315058112126,80.16228737075393,80.67315058112126,28700
2019-04-18,80.33843231201172,80.39127859913323,80.03015110375907,80.39127859913323,18400
2019-04-22,80.34724426269531,80.34724426269531,80.10061928996602,80.10061928996602,18600
2019-04-23,80.77003479003906,80.87573409580678,80.29440471415201,80.34725100702234,77700
2019-04-24,80.48817443847656,80.69076308884571,80.40890500139312,80.69076308884571,31900
2019-04-25,80.426513671875,80.54102292348483,80.10061926658918,80.373667383456,31500
2019-04-26,80.79644775390625,80.79644775390625,80.29438791658775,80.40889043386191,17900
2019-04-29,80.9285888671875,81.05190137682185,80.77004325193937,80.82289627037393,12400
2019-04-30,81.1135482788086,81.12235823420315,80.65553139869682,80.78765384950712,191900
2019-05-01,80.426513671875,81.2544746972473,80.426513671875,81.23686150778313,77400
2019-05-02,80.29440307617188,80.63791741287554,79.96850193005666,80.5057949633679,63700
2019-05-03,81.14877319335938,81.14877319335938,80.64671330695404,80.64671330695404,37300
2019-05-06,80.62910461425781,80.64671780422515,79.48405238560686,79.58975168549095,35900
2019-05-07,79.26384735107422,79.95968592716089,78.79702055547813,79.88921973008281,194400
2019-05-08,79.2374267578125,79.5809410795928,79.05245802454823,79.1053043140447,73000
2019-05-09,78.88509368896484,79.00840616406389,78.12759893048447,78.42707688431493,35800
2019-05-10,79.2286148071289,79.30789095940328,78.0307163285219,78.66489866661108,63000
2019-05-13,77.44939422607422,77.98668727264871,77.32608172883027,77.84575486435443,45600
2019-05-14,78.13642120361328,78.53278855323184,77.80171682129209,77.8457531578984,31200
2019-05-15,78.61204528808594,78.72654780879205,77.67839177456848,77.69600496235948,36200
2019-05-16,79.2374267578125,79.60736422434104,78.71775365769288,78.73536684751616,22200
2019-05-17,78.8322525024414,79.3078892457308,78.61205067980889,78.61205067980889,16900
2019-05-20,78.27735137939453,78.61205575218298,78.10118587790579,78.25973146923228,27000
2019-05-21,78.91152954101562,78.97319250852307,78.6472913603966,78.77941381071959,22900
2019-05-22,78.6825180053711,78.8850999218864,78.59443861905895,78.66489809609281,19400
2019-05-23,77.76648712158203,77.97787901860893,77.48462901887041,77.97787901860893,20000
2019-05-24,78.18927764892578,78.43590939006104,77.9514625842944,78.40067628418457,32500
2019-05-28,77.51985168457031,78.4535052640919,77.51985168457031,78.347805969796,96300
2019-05-29,76.93852996826172,77.12349872769214,76.60382555405825,77.03541932606255,31900
2019-05-30,77.18515014648438,77.34369574749846,76.8504457532445,77.17634691089211,44600
2019-05-31,76.41883850097656,76.55096093180639,76.10174735499535,76.33956235446827,25500
2019-06-03,76.2250747680664,76.67428843290087,76.02248610509328,76.4100435194624,124300
2019-06-04,77.74886322021484,77.74886322021484,76.96494520227657,76.96494520227657,57300
2019-06-05,78.1452407836914,78.1452407836914,77.68721713039004,78.1100076780507,22100
2019-06-06,78.47993469238281,78.64729024174667,78.18926664981196,78.23330970596884,48200
2019-06-07,79.46643829345703,79.74829636992132,79.06126772854127,79.06126772854127,39100
2019-06-10,79.87162017822266,80.11824519007867,79.75711762844026,79.83638707366786,17900
2019-06-11,79.75709533691406,80.40889078893679,79.70424233484012,80.294388271157,156900
2019-06-12,79.58975219726562,79.71306468790998,79.41359341635275,79.71306468790998,7600
2019-06-13,79.72187042236328,80.1270409730339,79.4752454541313,79.70425051318878,87000
2019-06-14,79.49284362792969,79.55449985834149,79.37834112002925,79.43999735044105,14500
2019-06-17,79.46072387695312,79.72857173827865,79.44287053163666,79.62143123141762,39300
2019-06-18,80.37139129638672,80.58567230198211,79.96069625314291,80.13033367965915,60900
2019-06-19,80.72850799560547,80.81778832939345,80.29102959188732,80.46066699424149,19700
2019-06-20,81.48741149902344,81.67490907916883,81.15707354048493,81.67490907916883,12700
2019-06-21,81.24634552001953,81.55883010199669,81.22849217747212,81.36240927571019,25900
2019-06-24,81.27313995361328,81.45170746155144,81.24635653033604,81.37135038006578,8200
2019-06-25,80.60352325439453,81.49634031624942,80.55888648829395,81.38920662828514,47800
2019-06-26,80.60352325439453,80.96958151934876,80.53209625464928,80.96958151934876,32800
2019-06-27,80.82673645019531,80.96066038660118,80.72852601760796,80.74638617534441,22600
2019-06-28,81.26421356201172,81.26421356201172,81.07672277891122,81.20171663431155,38000
2019-07-01,81.8266830444336,82.22844798760578,81.60347878452606,82.22844798760578,77800
2019-07-02,82.08560943603516,82.18381986565525,81.79990822577327,81.99632227335931,89000
2019-07-03,82.65702056884766,82.71058742277594,82.33560582196822,82.33560582196822,10300
2019-07-05,82.45165252685547,82.45165252685547,81.91596366359317,82.30880534209047,12100
2019-07-08,82.04988098144531,82.3802189011939,81.95167056972198,82.13023123922646,23600
2019-07-09,81.96060180664062,82.02309872301697,81.50526323781123,81.50526323781123,23100
2019-07-10,82.36235809326172,82.64805922556359,82.15700721145775,82.2730777666022,30400
2019-07-11,82.54986572265625,82.71950314619477,82.29094795418042,82.48736880003476,229300
2019-07-12,82.79092407226562,82.82663075829772,82.49629282510182,82.54092958846854,50000
2019-07-15,82.74629974365234,82.87129360879729,82.66594265225643,82.87129360879729,80000
2019-07-16,82.49629974365234,82.80878436003871,82.49629974365234,82.78200093744185,4700
2019-07-17,82.20166778564453,82.65700640095184,82.17488436327122,82.65700640095184,26400
2019-07-18,82.35344696044922,82.4963009652863,81.87132491160492,82.04096233943547,30800
2019-07-19,82.02310943603516,82.68379218282716,82.02310943603516,82.68379218282716,15000
2019-07-22,82.26415252685547,82.31771936367,82.07666178635195,82.2195089550749,17200
2019-07-23,82.79092407226562,82.79092407226562,82.3088020709939,82.65700015885906,14400
2019-07-24,83.0766372680664,83.10342069229418,82.58558511837654,82.58558511837654,10100
2019-07-25,82.45165252685547,82.94270462497708,82.38022552864624,82.88020770445738,26500
2019-07-26,83.0766372680664,83.16591761937705,82.72843912979694,82.77307589962517,31000
2019-07-29,82.98734283447266,83.14805017741372,82.78199872561403,83.07662998961493,27700
2019-07-30,82.45165252685547,82.63914328841459,82.28202192067538,82.34451884119508,61100
2019-07-31,82.01417541503906,82.62129128636948,81.21956877910486,82.61236120853495,46200
2019-08-01,81.10350036621094,82.62129349086136,80.97850651980669,81.88025367885488,35700
2019-08-02,80.46068572998047,80.98744459014547,80.18390777563964,80.9785145111914,26600
2019-08-05,78.39826965332031,79.46965429149897,77.94293782345713,79.46965429149897,61300
2019-08-06,79.08573150634766,79.36250259665907,78.38933533611045,78.88038059919027,79800
2019-08-07,79.52320098876953,79.63926473354292,77.84470766942377,78.50539026798029,50700
2019-08-08,80.63922882080078,80.68387239416283,79.59463459599694,79.79105542014527,57300
2019-08-09,80.2017593383789,80.49639060739801,79.64821030067516,80.42496360672908,24600
2019-08-12,79.18394470214844,80.01426481389578,79.13037104833502,79.68392006005105,22700
2019-08-13,80.27320098876953,80.68389610008654,79.01432541593817,79.18396287057203,24200
2019-08-14,78.03221893310547,78.93396614639246,77.88044165500737,78.72861520828891,127600
2019-08-15,78.21078491210938,78.21078491210938,77.66616587827964,78.15721806014403,15000
2019-08-16,79.01431274414062,79.29108386328917,78.6125477768828,78.67504470093745,27900
2019-08-19,79.81785583496094,80.04106012599178,79.76428217318855,79.87142268507894,10000
2019-08-20,79.38037109375,79.78213606137133,79.38037109375,79.72856921546285,7000
2019-08-21,80.09461212158203,80.15710903901368,79.86247779469889,80.15710903901368,27600
2019-08-22,79.85356140136719,80.28210978302164,79.64821047690305,80.13033251500458,44900
2019-08-23,78.13933563232422,80.00532657995439,77.93399155054288,79.66605859477284,42300
2019-08-26,78.96074676513672,79.02324368987746,78.56790506010692,78.82682283736257,27200
2019-08-27,78.78215789794922,79.43391720352814,78.57681383446896,79.29106323619224,169800
2019-08-28,79.08573150634766,79.1303682693623,78.46968559652868,78.46968559652868,13500
2019-08-29,80.01426696777344,80.10354731099459,79.58571178399694,80.00533688995526,32000
2019-08-30,80.21067810058594,80.4070989355689,79.91605365976481,80.38031551473546,10100
2019-09-03,79.71963500976562,79.79998527446821,79.42500374921583,79.63927793340955,18200
2019-09-04,80.66602325439453,80.70173675562995,80.38032205616504,80.38032205616504,17500
2019-09-05,81.57669830322266,81.89811299400556,81.42491422415863,81.42491422415863,13300
2019-09-06,81.71062469482422,81.95168914611673,81.66598792315651,81.75526827814637,31400
2019-09-09,81.73741149902344,82.0052525527443,81.6213409119223,82.0052525527443,10000
2019-09-10,81.94275665283203,81.94275665283203,81.33564072047227,81.48741800064865,51200
2019-09-11,82.21060180664062,82.22845515186121,81.82669017368475,81.85347359734264,220200
2019-09-12,82.6480712890625,82.82663196844467,82.39808361326614,82.54093079444122,17800
2019-09-13,82.63021850585938,82.93377302519724,82.63021850585938,82.85342276242663,41600
2019-09-16,82.39810180664062,82.51416559270041,82.23739443505141,82.31774471501862,22400
2019-09-17,82.67485046386719,82.68378054087366,82.26415547305764,82.29093889242412,11500
2019-09-18,82.72843170166016,82.75521512348307,82.04095875382214,82.3623734390042,71200
2019-09-19,82.82664489746094,83.16591977756157,82.75522470155154,82.83557497631999,28200
2019-09-20,82.47843933105469,83.06770187296874,82.46951606465265,82.7820006800675,170000
2019-09-23,82.33558654785156,82.55879080250887,82.20166263272652,82.2463062083193,78400
2019-09-24,81.84454345703125,82.81771765634119,81.77311645289484,82.63022687922364,76200
2019-09-25,82.07666015625,82.19272390426057,81.31776713262146,81.81774243070095,28200
2019-09-26,82.1213150024414,82.2820223434111,81.87132050742473,82.2820223434111,18700
2019-09-27,81.76419830322266,82.23739031484588,81.42492341816867,82.2016768105426,19000
2019-09-30,81.94275665283203,82.1570308608254,81.75526586938105,81.83562295466247,38100
2019-10-01,81.08564758300781,82.2284523647024,81.0410040039885,82.12131867370216,99100
2019-10-02,79.47858428955078,80.46068866063757,79.22859656296676,80.46068866063757,17900
2019-10-03,80.26424407958984,80.26424407958984,79.07679591738547,79.62141479443702,60800
2019-10-04,81.05886840820312,81.1927923406256,80.41603898189855,80.54103283571843,17300
2019-10-07,81.01422119140625,81.2999223889817,80.84459057549368,80.9785076902526,13900
2019-10-08,79.85356140136719,80.33568343946872,79.83570124533358,80.21961286021146,21400
2019-10-09,80.33568572998047,80.66602369782976,80.21961514741382,80.41603599946146,20100
2019-10-10,81.04100799560547,81.26421227838814,80.21068779118775,80.35354180176266,20600
2019-10-11,82.09453582763672,82.5766579154892,81.63920397659916,81.92490519773533,480600
2019-10-14,81.9516830444336,82.18381739944732,81.7641922694181,81.7641922694181,38100
2019-10-15,82.7730712890625,82.98734548260356,82.14810205304532,82.30880940111456,334300
2019-10-16,82.59451293945312,82.95164114658856,82.54986935919095,82.7373601353149,95100
2019-10-17,83.08556365966797,83.19270417226252,82.81772259566321,83.19270417226252,69900
2019-10-18,82.7195053100586,82.89806600460423,82.42487403356981,82.86235250336433,15700
2019-10-21,83.2105484008789,83.24626190116385,83.03198771110789,83.2105484008789,38600
2019-10-22,82.84449768066406,83.47839699014264,82.84449768066406,83.47839699014264,15800
2019-10-23,83.24625396728516,83.31768096104761,82.77306205400174,82.98733622363605,28800
2019-10-24,83.4694595336914,83.54088652858312,83.17483510015616,83.47838961096616,27800
2019-10-25,83.67481994628906,83.73731687100548,83.21948131669588,83.29983839799064,12300
2019-10-28,84.01409912109375,84.1926666522597,83.98731569433257,84.02302920056574,22500
2019-10-29,84.11229705810547,84.27300440644032,83.9515897097706,83.96051978791527,56600
2019-10-30,84.4247817993164,84.4247817993164,83.81766590601956,84.2372910279289,31300
2019-10-31,84.03192901611328,84.37119698565971,83.69265423491449,84.35334364480036,38700
2019-11-01,84.91583251953125,84.91583251953125,84.558704327321,84.69262825085656,67300
2019-11-04,85.1926040649414,85.50508868033974,85.17475072048454,85.50508868033974,132700
2019-11-05,85.21939849853516,85.4068961036542,85.03190770507074,85.21047523098063,66000
2019-11-06,85.24617767333984,85.29081444028361,84.98725990311252,85.21938743918909,283000
2019-11-07,85.40689849853516,85.76401993705969,85.37118499235174,85.54974571161401,48700
2019-11-08,85.49617004394531,85.54080681333164,85.20153875704823,85.38009945790179,31700
2019-11-11,85.44259643554688,85.55866702165991,85.13904188158315,85.35331608506661,31400
2019-11-12,85.57652282714844,85.76401361204299,85.25510810685654,85.56759274834747,31600
2019-11-13,85.53187561035156,85.56758229788593,84.97832659042011,85.23724435079191,47600
2019-11-14,85.41581726074219,85.44260068605325,85.23725655089882,85.35332033113156,41600
2019-11-15,86.13898468017578,86.13898468017578,85.73721295473696,85.88899020557581,46600
2019-11-18,86.05863189697266,86.22826931027326,85.83542764227325,86.03184847627325,77700
2019-11-19,86.13006591796875,86.38005361375635,85.94257514612805,86.38005361375635,49600
2019-11-20,85.71936798095703,85.94257224632963,85.33545637205002,85.88007532449146,35600
2019-11-21,85.5051040649414,85.76402188190144,85.34439668929913,85.76402188190144,42100
2019-11-22,85.68366241455078,85.80865626980034,85.54973848059649,85.76401268793083,36200
2019-11-25,86.36219787597656,86.43361806446981,85.96042610889049,85.96042610889049,53100
2019-11-26,86.43362426757812,86.57647827812417,86.29077706868621,86.4782678487873,214900
2019-11-27,86.91573333740234,86.91573333740234,86.61217882786991,86.70145916528222,57900
2019-11-29,86.38897705078125,86.69253156900076,86.38897705078125,86.54968438738373,34300
2019-12-02,85.84436798095703,86.58540782993457,85.54973669473887,86.49612066805942,150900
2019-12-03,85.36224365234375,85.36224365234375,84.72834432743218,85.07654245221947,156700
2019-12-04,85.94257354736328,86.02292381452006,85.62115885542875,85.70150912258552,198600
2019-12-05,86.0497055053711,86.1211325047312,85.71936755372438,86.1211325047312,79300
2019-12-06,86.69255065917969,86.84432795171163,86.60327029955235,86.68362057972051,117400
2019-12-09,86.38006591796875,86.80862118011625,86.38006591796875,86.63005364936528,90400
2019-12-10,86.34434509277344,86.55861929985667,86.11221072830165,86.46933894787651,121900
2019-12-11,86.7371826171875,86.76396604031974,86.39790775976869,86.39790775976869,98300
2019-12-12,87.27287292480469,87.49607720338476,86.6032600890645,86.62111343422313,80600
2019-12-13,87.66570281982422,87.94247390823281,87.29071450549115,87.55856232835005,102600
2019-12-16,88.37315368652344,88.49932325500653,88.23797691723856,88.34611833266646,108300
2019-12-17,88.11180114746094,88.32809773142394,88.1027939465902,88.32809773142394,61200
2019-12-18,88.0577392578125,88.28304306520913,88.0577392578125,88.25600770843778,50900
2019-12-19,88.35513305664062,88.40018968815714,88.05773041058298,88.05773041058298,651900
2019-12-20,88.77870178222656,88.89585727043519,88.57141928307607,88.74265235299492,107100
2019-12-23,88.75167846679688,88.9319187616758,88.64353016443361,88.9319187616758,127000
2019-12-24,88.7967300415039,89.01301975817604,88.54439089276538,88.9769772018358,28900
2019-12-26,89.13018798828125,89.13018798828125,88.8868560247748,89.01302560743497,53000
2019-12-27,89.28337860107422,89.49966829725258,89.13918776219714,89.48164702079,47600
2019-12-30,88.61649322509766,89.29240463241172,88.61649322509766,89.29240463241172,180100
2019-12-31,89.02202606201172,89.04005421433381,88.50833373244049,88.68858087703379,63600
2020-01-02,89.69793701171875,89.73398644048785,89.29239297058601,89.29239297058601,126500
2020-01-03,88.94093322753906,89.35549140815216,88.67056590831348,88.67056590831348,50200
2020-01-06,89.44561004638672,89.44561004638672,88.60747962180461,88.60747962180461,175600
2020-01-07,89.2112808227539,89.36449261530355,89.03104055304624,89.23831617563751,123900
2020-01-08,89.46363067626953,89.82411813462863,89.16623488317018,89.23832687426089,38500
2020-01-09,89.9773178100586,90.02238131811662,89.70695738888838,89.91423302421295,200300
2020-01-10,89.61685180664062,90.08548073823273,89.5447529323258,90.08548073823273,75500
2020-01-13,90.193603515625,90.193603515625,89.70694656536469,89.86916554878479,90200
2020-01-14,90.01336669921875,90.38286821103632,89.95028191375306,90.04040892932628,262900
2020-01-15,90.13954162597656,90.39188765855893,90.01337204754856,90.10349906847686,31600
2020-01-16,90.86051940917969,90.86051940917969,90.4459612275744,90.62620152367181,62400
2020-01-17,91.16695404052734,91.16695404052734,90.82448778477018,91.12189051980312,28400
2020-01-21,90.68927001953125,90.9686513667266,90.62618523965978,90.86951715896782,108500
2020-01-22,90.85150909423828,91.11286234741198,90.73435358449568,91.02274219563097,41600
2020-01-23,90.77938079833984,90.80641614549084,90.2566745010068,90.52703484824093,22300
2020-01-24,90.17558288574219,91.08581208394993,89.83312361472451,91.08581208394993,52600
2020-01-27,88.63452911376953,88.95896719281615,88.02170239509567,88.26503439224439,339800
2020-01-28,89.4546127319336,89.67991650688506,88.85980746571346,88.94992760054893,47300
2020-01-29,89.48165130615234,89.86917408804871,89.3284463838441,89.67991973536338,23500
2020-01-30,89.61685180664062,89.62585900913466,88.66155891128707,88.83279201885298,154100
2020-01-31,88.07574462890625,89.16621394953033,87.94056100429299,89.16621394953033,253500
2020-02-03,88.55339813232422,89.06709046708615,88.39117913841383,88.39117913841383,420200
2020-02-04,90.13054656982422,90.31078688451605,89.68894611009287,89.84215794088092,130500
2020-02-05,90.96865844726562,91.09482801682896,90.57212158536608,90.89655958587919,234200
2020-02-06,91.2930908203125,91.39222502967658,91.06778704916239,91.23901323974317,38000
2020-02-07,90.68927001953125,91.06778557448538,90.62618523965978,90.9686513667266,82000
2020-02-10,91.14889526367188,91.23000819858287,90.55409686913559,90.6802664339077,47800
2020-02-11,91.57246398925781,91.92393731717722,91.48234385722918,91.75270425331509,21600
2020-02-12,92.03209686279297,92.09518165050508,91.86086377797744,92.04110406409028,14700
2020-02-13,91.73468780517578,92.05011172173937,91.50036994898896,91.50036994898896,26000
2020-02-14,91.85186004638672,91.96902243370982,91.59952086711687,91.96902243370982,77900
2020-02-18,91.59049224853516,91.85184546435238,91.28408240113103,91.671605186553,195800
2020-02-19,91.95098114013672,92.17628492882695,91.80679029075249,91.98703057141428,123900
2020-02-20,91.56346130371094,92.01406889563444,90.88754991582567,91.84284268619733,54500
2020-02-21,90.9236068725586,91.29310842886218,90.67126770031555,91.27508027328666,39000
2020-02-24,87.76933288574219,88.5083289493245,87.2466265082577,87.82340358833535,241000
2020-02-25,85.41718292236328,88.16589226970578,85.19187910293282,88.08477931933281,58600
2020-02-26,85.16482543945312,86.69688833198909,85.03865587774901,85.85875802882578,301200
2020-02-27,81.9835433959961,84.57002647919836,81.94749396486485,83.53363455601017,1234500
2020-02-28,80.81195068359375,81.36169240599031,79.01853468592181,79.62234711028358,805300
2020-03-02,84.02030181884766,84.03832309875013,80.85703432713892,81.72220015271981,499300
2020-03-03,82.12773132324219,85.7506199522065,81.66811656305212,84.54298811730983,199700
2020-03-04,85.25496673583984,85.37212912630973,83.35340188647746,83.96622857076098,190600
2020-03-05,82.66846466064453,84.02929451955566,82.18180767854147,83.31733376105633,64000
2020-03-06,81.37974548339844,81.52393635804575,79.75755517032137,80.71284120150722,159400
2020-03-09,74.6386489868164,77.3332807405904,74.52149347603559,75.83726695573337,194800
2020-03-10,78.00017547607422,78.15338040433303,74.6476539537753,77.76585760738503,216800
2020-03-11,74.11593627929688,76.50415793948501,73.3769400887655,76.14367048357856,176800
2020-03-12,66.3835220336914,70.29479311974896,66.34747259674788,69.33950710579016,813500
2020-03-13,71.76376342773438,71.76376342773438,66.81609393754847,71.14192961932686,430900
2020-03-16,63.59876251220703,67.69028073922217,63.20222558579636,63.20222558579636,284000
2020-03-17,67.20361328125,67.6001501464248,63.328385396294216,65.19390047679016,364000
2020-03-18,63.46356964111328,64.94156194702953,60.90412189818915,63.17518106619612,257000
2020-03-19,63.94120788574219,65.42821415939966,61.86841730416022,63.38245893040184,258400
2020-03-20,61.85039520263672,65.70760194081997,61.8323739243928,65.04069775845035,242100
2020-03-23,60.732887268066406,62.37309853523928,59.82265805845443,62.37309853523928,1064800
2020-03-24,66.25733184814453,66.26634592444584,63.86010323141884,64.10342828574912,611700
2020-03-25,67.4469223022461,69.56478289590537,65.51832289520154,66.45558725084294,440900
2020-03-26,71.21401977539062,71.46636579883905,68.18594312699655,68.18594312699655,320700
2020-03-27,69.0511245727539,70.58318796140485,68.41126248098898,68.75372184854935,371400
2020-03-30,70.862548828125,71.06081727259763,68.96098420264853,69.40258460196533,302600
2020-03-31,70.23170471191406,71.36723785218844,69.77208300918188,70.37589557654518,326500
2020-04-01,67.05040740966797,68.41124418852885,66.62683519616171,68.10482746729473,359600
2020-04-02,68.42926788330078,68.65457167497821,66.78004247804768,67.07744513323615,245100
2020-04-03,67.38385772705078,68.50136952969278,66.63585433384571,68.07779728401532,763300
2020-04-06,71.63758850097656,71.89894171282415,69.72701683270913,69.90725710777089,430700
2020-04-07,71.76376342773438,74.11593563428902,71.76376342773438,74.07087900002178,103000
2020-04-08,73.47607421875,73.80952631829678,71.88092633870477,72.34054114057507,51200
2020-04-09,74.81888580322266,75.49479722964288,74.21507324579498,74.737779732401,367300
2020-04-13,74.18801879882812,74.95405017651089,73.41297334590914,74.49443547533612,67700
2020-04-14,76.05355834960938,76.37799640652713,75.28752672244744,75.57591534240466,248500
2020-04-15,74.33223724365234,74.7017319227545,73.91767217579127,74.54852697960791,35300
2020-04-16,74.5304946899414,74.70172777909336,73.74644186219585,74.66567834581261,180200
2020-04-17,76.48612976074219,76.72945481798537,75.53985113381994,76.38699554741792,385100
2020-04-20,75.39566040039062,76.56723593345453,75.31454746404022,75.43170295462889,135500
2020-04-21,73.32286834716797,74.45840141082213,73.03447976163808,73.95371622935015,85100
2020-04-22,74.77383422851562,75.18839243969526,74.31421250223354,74.64766463710126,35400
2020-04-23,74.73777770996094,76.03552981380248,74.63864348671046,75.17937123806898,59000
2020-04-24,75.56689453125,75.74714169999271,74.60259452458743,75.08925156660308,355900
2020-04-27,76.7024154663086,77.01783936693238,76.05353951318232,76.09860301715372,302900
2020-04-28,76.74748992919922,78.11733401139317,76.70242641879311,77.90104428804177,46400
2020-04-29,78.77522277832031,79.38804250464545,78.16239617626894,78.40572125138475,97500
2020-04-30,77.82894897460938,78.28857067397357,77.42340486534644,78.0722740650218,400800
2020-05-01,75.81922912597656,76.59427471558136,75.48578391640369,76.25181542918256,344700
2020-05-04,75.9724349975586,76.02650570284051,75.03517047689432,75.26047424986962,329400
2020-05-05,76.38700866699219,77.24316042831893,76.38700866699219,76.77453151043761,532600
2020-05-06,75.88230895996094,77.11697612694476,75.88230895996094,76.86463699809565,333200
2020-05-07,76.88265991210938,77.44141576340688,76.80155385142021,76.81957512855367,125600
2020-05-08,78.41473388671875,78.44176924170941,77.66672364525547,77.97313350278438,386100
2020-05-11,78.45978546142578,78.74817402227696,77.73881749716065,77.87400113912463,246500
2020-05-12,76.99081420898438,78.76620923921755,76.99081420898438,78.70312445073989,82500
2020-05-13,75.79220581054688,77.13501469041678,75.26949928322965,77.05390861327814,93900
2020-05-14,76.15266418457031,76.15266418457031,74.13394459766148,74.88194778954511,63000
2020-05-15,76.48612976074219,76.48612976074219,75.48578042681605,75.73811956046846,24200
2020-05-18,78.95545959472656,79.34298238304412,78.17139994141637,78.17139994141637,101200
2020-05-19,78.10831451416016,79.06360723781567,78.0542438060059,78.76620459151557,130900
2020-05-20,79.541259765625,79.81162021476554,79.22583580376437,79.26187836306842,162200
2020-05-21,78.80224609375,79.60432693739317,78.62199895849442,79.39704445078053,107400
2020-05-22,78.82028198242188,78.86534549352169,78.29757550686044,78.64904889111433,78800
2020-05-26,80.28926086425781,80.84801677741424,80.1721053606059,80.83900269998672,37400
2020-05-27,81.45181274414062,81.45181274414062,80.00085598138914,81.19947363335342,29100
2020-05-28,81.60503387451172,82.6234045099116,81.43380079726562,81.83934486095538,109600
2020-05-29,81.74021911621094,81.82133206279036,80.65876358381357,81.5149153073176,26000
2020-06-01,82.60539245605469,82.64143501512753,81.74923384995188,81.8483680767188,57700
2020-06-02,83.3443832397461,83.3443832397461,82.67747905307839,82.92081100315953,62500
2020-06-03,84.66915893554688,84.9034767951654,84.00226166279886,84.03831109318061,27600
2020-06-04,84.34473419189453,84.84040534287696,83.99326078509858,84.32671291173466,17200
2020-06-05,86.27333068847656,86.66085348408596,86.00296338894404,86.02098466690738,67800
2020-06-08,87.32775115966797,87.38182186951893,86.32740177306891,86.64282570674293,110400
2020-06-09,86.51664733886719,86.85009939241354,86.13813865693373,86.29134356975555,58800
2020-06-10,86.20123291015625,86.92220092510749,86.02999982658199,86.66986177608824,112200
2020-06-11,81.30763244628906,84.22756762551496,81.23553358365979,84.18251099316615,122000
2020-06-12,82.48823547363281,83.61475460088275,81.0553064441199,83.53364852406976,146400
2020-06-15,83.15187072753906,83.28842544605115,80.56646435767912,80.83046829467945,215400
2020-06-16,84.53560638427734,85.34582216707996,83.42497164053601,85.34582216707996,73300
2020-06-17,84.45367431640625,85.1000328153303,84.35354160403183,84.9725766590715,60300
2020-06-18,84.38996887207031,84.42638393277512,83.89838291621189,83.98031159370073,48000
2020-06-19,83.96208953857422,85.38224187433534,83.68898011456116,85.38224187433534,33800
2020-06-22,84.6539535522461,84.69947410411424,83.6616694197624,84.06222110526556,115800
2020-06-23,85.02720642089844,85.60072789451561,84.96348181271875,85.46417317828447,51600
2020-06-24,82.833251953125,84.47189476885384,82.45090427794223,84.35355104428638,28800
2020-06-25,83.8801498413086,83.94387444440818,82.29613331750404,82.6966849889325,77700
2020-06-26,82.07765197753906,83.58883843631385,82.0048218735,83.57063438303459,43500
2020-06-29,83.0699462890625,83.09725584506172,82.07766204529429,82.55104388869177,252400
2020-06-30,83.8801498413086,84.15325925199872,82.8787602445462,82.88786574369209,104400
2020-07-01,84.3535385131836,84.60843692543912,83.98939494762105,84.0167044995826,54400
2020-07-02,84.99078369140625,85.86472407271465,84.85422898750727,85.41865185574136,82800
2020-07-06,86.30171203613281,86.40185170588764,85.97398347065555,86.25619147880356,42500
2020-07-07,85.40045928955078,86.33812447565941,85.33673467337239,85.84653854826173,77700
2020-07-08,86.12874603271484,86.13785153367269,85.44597931558337,85.57342854714427,192500
2020-07-09,85.55520629882812,86.16514276952867,84.67216042116219,86.14693177148526,53500
2020-07-10,86.42005157470703,86.45646662971383,85.34583176112191,85.64625075583184,21300
2020-07-13,85.64625549316406,87.5853103976651,85.60984043614305,86.94806426345217,125100
2020-07-14,86.82970428466797,86.89342889125875,85.2547931737267,85.42775599420956,192700
2020-07-15,87.74004364013672,88.09508166091408,87.1665222862948,87.94942842069102,62800
2020-07-16,87.33951568603516,87.49427446616198,87.0390966807571,87.10282129289531,222700
2020-07-17,87.62171936035156,87.73096452381631,87.13923204293982,87.58530430586332,224300
2020-07-20,88.30448913574219,88.46835341401874,87.44875268858003,87.61261696685658,34600
2020-07-21,88.47744750976562,88.99634983317895,88.31358325261085,88.89621017905876,43700
2020-07-22,88.90531921386719,88.95993831993732,88.37731137031894,88.37731137031894,37300
2020-07-23,87.90392303466797,88.95083322705139,87.65813011076771,88.7778634630905,18300
2020-07-24,87.35770416259766,87.57618751589966,87.02087016110075,87.2939795618237,66800
2020-07-27,88.19525146484375,88.25897608150879,87.77648870597886,87.7855942070631,14700
2020-07-28,87.62171936035156,88.28628195020455,87.62171936035156,87.94944790528434,24500
2020-07-29,88.6413345336914,88.82340289042128,87.94035677480993,88.01318689568693,20400
2020-07-30,88.11331176757812,88.21345143058929,86.89343175701552,87.39413007207133,471800
2020-07-31,87.98587036132812,88.35911254667303,86.92985452871903,88.35911254667303,180000
2020-08-03,88.93263244628906,89.06918021711374,88.47745468897644,88.64131895942744,9900
2020-08-04,89.35139465332031,89.35139465332031,88.714141629345,88.714141629345,14500
2020-08-05,89.89759826660156,90.1251871229727,89.71552995968894,89.89759826660156,30600
2020-08-06,90.27085876464844,90.32547787455181,89.62450021863773,89.72463988376832,14300
2020-08-07,89.9886474609375,90.06147757405981,89.50616011606051,89.82478317914325,76300
2020-08-10,90.25265502929688,90.48024393282958,89.87941283914353,90.26176053016758,24500
2020-08-11,89.87940979003906,91.07197338154562,89.83388923269192,91.03555832476027,22900
2020-08-12,91.34507751464844,91.59998291668158,90.97183533051559,91.0082503879489,110800
2020-08-13,91.25403594970703,91.5726589946037,91.0355525682724,91.25403594970703,28800
2020-08-14,91.00826263427734,91.15391593814806,90.73515313950817,90.99005163037914,31200
2020-08-17,91.61817932128906,91.63639032121586,91.38148494047081,91.40880144036102,224200
2020-08-18,91.73651123046875,91.92769197778375,91.34505812796856,91.89127692807901,90900
2020-08-19,91.31776428222656,92.05515701101102,91.29045472661635,91.93680634275111,54900
2020-08-20,91.50892639160156,91.60906604631559,90.57126139333458,90.8079557540642,10100
2020-08-21,91.57264709472656,91.59085809233211,91.01733668604732,91.09015984008784,27200
2020-08-24,92.48302459716797,92.48302459716797,92.08247284513754,92.47392604165202,33800
2020-08-25,92.77434539794922,92.82896451308991,92.27364702428527,92.82896451308991,52800
2020-08-26,93.62096405029297,93.70289966372786,92.84716320021286,92.95640836963877,27500
2020-08-27,93.50261688232422,93.9031755433389,93.07474866632427,93.74841676811471,215600
2020-08-28,94.05793762207031,94.13076773489666,93.59365433462958,93.94869245283077,20500
2020-08-31,93.7302017211914,94.62235316980853,93.67558261357897,94.01240970447071,62600
2020-09-01,94.53131103515625,94.53131103515625,93.64827204135919,94.04882373526327,59600
2020-09-02,95.62373352050781,95.70566217394713,94.63144250760317,95.07752166119711,42900
2020-09-03,92.71060943603516,95.30512840947158,92.05515924906943,95.2049887394917,81700
2020-09-04,92.08245849609375,92.94729342677387,90.2344379768464,92.8016401611312,64200
2020-09-08,89.94313049316406,90.8807955918743,89.83388532755701,90.45292737507371,56000
2020-09-09,91.59088134765625,92.25543707432074,91.00825429463711,91.09928846939717,190900
2020-09-10,90.24354553222656,92.40109074254184,90.15251136393712,92.18260734955479,37900
2020-09-11,90.48023986816406,91.0901764353205,89.81568418916133,90.86258754201181,427900
2020-09-14,91.68190002441406,92.07335316062674,91.28134138862588,91.49983170567097,279000
2020-09-15,92.22811126708984,92.62866990001585,91.92769923785646,92.55583979485456,22300
2020-09-16,91.92769622802734,92.85625572931774,91.8457606260383,92.61956136802377,18800
2020-09-17,91.37239074707031,91.61818369412192,90.58948440392548,90.83527735097711,16100
2020-09-18,90.58948516845703,91.49984074300963,90.0614772683057,91.49984074300963,24300
2020-09-21,89.07828521728516,89.1055947712969,87.68544239899579,88.88711139374165,84800
2020-09-22,89.67912292480469,89.82477619426126,88.68683181069518,89.415118994362,41800
2020-09-23,87.89481353759766,89.93400761670189,87.78556839309805,89.88848707012865,107900
2020-09-24,88.0950927734375,88.82337990280041,87.20294833270178,87.66723155130715,46900
2020-09-25,89.17842864990234,89.26946281561132,87.54889138550361,87.89483093884401,601300
2020-09-28,90.61677551269531,90.78063975919228,90.16159782192155,90.38008116876405,159900
2020-09-29,90.31637573242188,90.78976452072393,90.12520189519053,90.64410429495042,23300
2020-09-30,90.59858703613281,91.28135374201206,90.27996396248159,90.27996396248159,22900
2020-10-01,91.15390014648438,91.35417948188996,90.76244697604486,91.19942070288083,57300
2020-10-02,90.48933410644531,90.93540633708348,89.75194146098602,89.75194146098602,40500
2020-10-05,92.10977935791016,92.12798341380254,91.23583882037441,91.23583882037441,69700
2020-10-06,91.00826263427734,92.58317414378573,90.83529282455933,92.1462072867106,42100
2020-10-07,92.27362060546875,92.45568890078471,91.71830327565674,91.71830327565674,53800
2020-10-08,92.95640563964844,93.03833430521536,92.64688114142955,92.73792225267499,33400
2020-10-09,93.67559814453125,93.76663232079876,93.33876405233278,93.41159417153176,28600
2020-10-12,94.85905456542969,95.15036809135358,94.26732895794781,94.30373707140878,19700
2020-10-13,94.2855224609375,94.57683595425355,94.04882807716147,94.54042089940636,25200
2020-10-14,93.70289611816406,94.67697626926982,93.64827700824873,94.41297232890973,19400
2020-10-15,93.31143188476562,93.39336053991644,92.34645734830964,92.34645734830964,17200
2020-10-16,93.42069244384766,94.16718374421721,93.41158694328676,93.73021000829903,116800
2020-10-19,92.30094909667969,94.0124150384316,92.12797931881151,93.77572759504129,100300
2020-10-20,92.7197036743164,93.48440588441727,92.64687356945707,92.76522422621876,20000
2020-10-21,92.34646606445312,93.19309697489157,92.3282550646158,92.65598360707337,76700
2020-10-22,92.7197036743164,92.87446243804668,91.83665775291493,92.41018614685585,22500
2020-10-23,93.16580200195312,93.18401300599825,92.61049139691079,93.12939388478888,27600
2020-10-26,91.45431518554688,92.24632699246817,90.85348415083463,92.07335722021304,66000
2020-10-27,90.9991455078125,91.5817725397947,90.98094145170272,91.48163286753568,73000
2020-10-28,88.02228546142578,89.40602292174366,87.91304028871829,89.3696078641745,228700
2020-10-29,88.7778549194336,89.38779831163758,87.70363527726926,88.13150342349427,66000
2020-10-30,87.87662506103516,88.40463297657278,87.0664091317104,88.30449330481696,214800
2020-11-02,88.90531921386719,89.29676540131791,88.15882105511622,88.85069316233596,66500
2020-11-03,90.8079605102539,91.13568904367217,89.94312556929312,90.1889184966262,97400
2020-11-04,92.51942443847656,93.5663346239839,91.5544498573719,91.8002427796578,69400
2020-11-05,94.4767074584961,94.84085110455435,94.08525425443939,94.30373766388941,86900
2020-11-06,94.6041488647461,94.99560203641187,94.19449163774176,94.55863525366883,56900
2020-11-09,96.03340911865234,98.56419654426536,95.88775583608324,98.29109403490006,88000
2020-11-10,96.25189971923828,96.56141728644273,95.56913302579814,96.15176004856343,46100
2020-11-11,96.92555236816406,97.0530015840681,96.52499372077345,96.82541270631641,106000
2020-11-12,95.9241714477539,96.7343873708412,95.51450726314422,96.55231208474957,71600
2020-11-13,97.1167221069336,97.18955221166135,96.38843495057807,96.38843495057807,36600
2020-11-16,98.25468444824219,98.25468444824219,97.6629518934796,98.04529959515548,28900
2020-11-17,97.99067687988281,98.34571501060643,97.4626689614613,97.8086085368571,26800
2020-11-18,97.15315246582031,98.40944071572824,97.15315246582031,98.18185181169304,142700
2020-11-19,97.74486541748047,97.79037902188936,96.88002358818241,97.08940839393775,16800
2020-11-20,97.46265411376953,97.82679768980856,97.4171405076778,97.77217858431406,36700
2020-11-23,97.82681274414062,98.19095637621683,97.32612132731516,97.98157153049783,57700
2020-11-24,99.3744125366211,99.41992614563718,98.4367405107984,98.68254039223882,65700
2020-11-25,99.29247283935547,99.46544260469449,98.84640059478035,99.2014386796101,69500
2020-11-27,99.7385482788086,99.87510299553144,99.52917039923346,99.63840861624261,97600
2020-11-30,99.17413330078125,99.72945072770257,98.6370199283908,99.56558645507889,986900
2020-12-01,100.24833679199219,100.53965023532635,99.96612190171261,100.08447254602547,161900
2020-12-02,100.34848022460938,100.37578977572393,99.6566081660444,99.81136691933402,33600
2020-12-03,100.43043518066406,100.90381706336991,100.34850650586327,100.53057485795111,60000
2020-12-04,101.43181610107422,101.43181610107422,100.81277403468789,100.81277403468789,125300
2020-12-07,101.0585708618164,101.2952583024717,100.80367242082664,101.07677491668927,160700
2020-12-08,101.38629150390625,101.48643116154896,100.63980029404485,100.7672495045972,167200
2020-12-09,100.75814819335938,101.98712674360556,100.43952515373428,101.80505841966588,60100
2020-12-10,100.84920501708984,101.04948438570494,100.05719998997382,100.21195879464443,67400
2020-12-11,100.56696319580078,100.71261644967701,100.00254034156146,100.44861254747447,747200
2020-12-14,100.56147003173828,101.59762352910238,100.5431341891557,101.50592332896026,92900
2020-12-15,101.65263366699219,101.75349828620246,100.9099096489373,101.157481989708,100800
2020-12-16,101.89103698730469,102.13860931690466,101.58844314332725,102.01023744292802,113800
2020-12-17,102.67961120605469,102.71628288803241,102.41369603939022,102.56040375452848,30000
2020-12-18,102.36786651611328,102.9822187509718,101.81770023122888,102.75298221595799,162300
2020-12-21,101.67097473144531,101.82686087552327,100.08466199463912,100.7815429461414,166200
2020-12-22,101.59762573242188,101.75350488285507,101.15748854772103,101.71682620115139,128100
2020-12-23,101.90020751953125,102.30366600235793,101.90020751953125,102.120279598751,44400
2020-12-24,102.18446350097656,102.18446350097656,101.82685512405745,101.99190568230802,37600
2020-12-28,102.7896499633789,103.1747656222441,102.74380685870055,103.08307241714427,83100
2020-12-29,102.82632446289062,103.55988406534364,102.70712400068271,103.55988406534364,45600
2020-12-30,102.96388244628906,103.44986277902815,102.96388244628906,103.27564077455797,63500
2020-12-31,103.07391357421875,103.20228546745737,102.69796231848882,103.04639931503033,300200
2021-01-04,102.35868835449219,104.32095240531497,101.43257785096618,104.10088730500362,187100
2021-01-05,103.14724731445312,103.34897654151585,102.24864420666397,102.24864420666397,120300
2021-01-06,103.7707748413086,104.69689223959246,102.8079857600911,102.8079857600911,83600
2021-01-07,104.96281433105469,105.18287942187374,104.40347668692631,104.40347668692631,28600
2021-01-08,105.73304748535156,105.73304748535156,104.58686491527969,105.58633975416883,84400
2021-01-11,104.76109313964844,105.24707345896415,104.41265613607618,104.43099198016161,92500
2021-01-12,105.05451965332031,105.21039881914089,104.320959938321,104.73358990141207,61200
2021-01-13,105.21955871582031,105.40294512661382,104.88945757979751,104.96281494241217,55000
2021-01-14,105.13703155517578,105.64134765694929,105.07283861936209,105.44878983673655,81800
2021-01-15,104.11922454833984,104.63271208671681,103.59656559085099,104.49516878301068,139500
2021-01-19,104.96281433105469,105.20122226029214,104.49516989178899,104.8802855496581,123600
2021-01-20,106.20069885253906,106.27405622078183,105.38461736913338,105.48548200153127,51800
2021-01-21,106.1823501586914,106.46660118155388,105.9255994009124,106.3474007193922,44100
2021-01-22,105.76972961425781,106.09065934518881,105.4579713029944,105.4579713029944,122700
2021-01-25,106.0173110961914,106.04481836000106,104.5501917327365,105.76973173041736,76700
2021-01-26,105.87059783935547,106.3657495820716,105.73305452264371,106.33824231787798,30700
2021-01-27,103.3306655883789,104.60522019826539,102.91803561661901,104.60522019826539,42400
2021-01-28,104.04586791992188,105.17370762762293,103.62407358246315,103.62407358246315,150500
2021-01-29,102.23031616210938,103.64241396012592,101.8085218061943,103.4498561234523,521000
2021-02-01,103.7707748413086,104.00918275483312,102.75296424420536,103.14725129529708,121900
2021-02-02,105.08202362060547,105.36628167401244,104.52268592951448,104.52268592951448,316400
2021-02-03,105.21955871582031,105.61384579519516,104.84360747922756,105.40294512661382,50100
2021-02-04,106.13651275634766,106.13651275634766,105.31125985412581,105.43046732629008,44800
2021-02-05,106.54912567138672,106.72334765537079,106.21902454159745,106.72334765537079,71400
2021-02-08,107.38355255126953,107.44773849498529,106.98926546966034,107.18182330080764,37400
2021-02-09,107.67698669433594,107.79618717539026,107.31937825542902,107.39273562642119,49900
2021-02-10,107.56695556640625,108.22715794409744,107.31021175191395,108.10795745758152,15500
2021-02-11,107.93373107910156,108.14463177290537,107.42024347087522,108.14463177290537,22600
2021-02-12,108.45637512207031,108.53890390241438,107.72282249678099,107.79617286228981,35700
2021-02-16,108.713134765625,109.44669449377595,108.4472195390639,109.02490009859957,67200
2021-02-17,108.52973175048828,108.52973175048828,107.72282176939568,108.199630622827,45700
2021-02-18,107.96121978759766,108.09876308637217,107.13596699069332,107.83284790760618,45000
2021-02-19,107.96121978759766,108.54806466634234,107.9520553645574,108.26381364575305,36500
2021-02-22,107.25518035888672,107.90621121350793,106.93425064122036,106.93425064122036,67300
2021-02-23,107.24602508544922,107.64031222529715,105.37545402633889,106.55831544588267,40500
2021-02-24,108.0987777709961,108.2729997728271,106.52162932171927,106.91591643403848,35400
2021-02-25,105.79723358154297,108.30049939630571,105.40294649704168,108.05292004319806,68200
2021-02-26,104.77943420410156,106.09066748746321,104.46767586891124,105.88894520949863,157400
2021-03-01,107.17265319824219,107.42940397200293,106.15484250985627,106.15484250985627,24200
2021-03-02,106.76002502441406,107.42022727588187,106.59497446154711,107.35604133453043,101000
2021-03-03,105.28375244140625,106.53997113500107,105.24707375738775,106.51246387092311,43700
2021-03-04,104.01835632324219,105.95311294001124,103.07390306397198,105.32041796231873,27700
2021-03-05,105.49464416503906,105.64135189290829,102.88134236770394,104.99032104730065,48800
2021-03-08,104.97199249267578,106.2923901181431,104.89863512577661,105.63218780753768,109700
2021-03-09,106.60416412353516,107.1726662740082,106.0631622432126,106.19153414788356,57600
2021-03-10,107.20933532714844,107.57611516285591,106.82421964774018,107.27352127371648,35800
2021-03-11,108.20880889892578,108.61226041716687,107.74116443914771,107.87870775034638,38400
2021-03-12,108.30049896240234,108.30967038174747,107.48441753426702,107.82368309686112,262400
2021-03-15,108.7773208618164,108.8781854994649,107.81453158754996,108.30051193490503,32100
2021-03-16,108.92402648925781,109.2357848008095,108.52056797243236,109.11658432799446,459700
2021-03-17,109.30913543701172,109.44667874071091,108.01624517202261,108.35551072597184,49600
2021-03-18,107.7870101928711,109.11657915741631,107.56693810553452,108.55724151131967,85200
2021-03-19,107.82368469238281,108.1629572557405,107.00760325217152,107.73199148480442,38300
2021-03-22,108.29133605957031,108.78648780699952,107.75950562761926,107.75950562761926,295200
2021-03-23,107.28268432617188,108.29132354889327,107.13596960503418,107.97956526009008,81600
2021-03-24,106.69583892822266,107.89703596994603,106.69583892822266,107.5485990025072,55600
2021-03-25,107.31019592285156,107.43856781116189,105.82474778790544,106.42992854769079,157800
2021-03-26,108.65811157226562,108.93319819732825,107.4569144340287,107.68615095633307,108800
2021-03-29,108.51139068603516,108.77730587631659,107.85119541566473,108.23631107231658,108200
2021-03-30,108.27299499511719,108.4563814131412,107.90621516332577,108.08960158134977,31000
2021-03-31,108.64894104003906,109.01572087787069,108.2913326219827,108.2913326219827,232300
2021-04-01,109.831787109375,109.91431588441763,109.19909215177096,109.26328508554998,131900
2021-04-05,111.33560180664062,111.50065239636506,110.55619896462014,110.55619896462014,41300
2021-04-06,111.06050109863281,111.36308795930769,110.85877186102108,110.98714374027533,273800
2021-04-07,111.12469482421875,111.29890981784575,110.98715151659715,111.06050888009443,29900
2021-04-08,111.89493560791016,111.95912155745765,111.47314122577747,111.61985596516823,105700
2021-04-09,112.38091278076172,112.54596336006513,111.8124106709617,111.82157509510816,206700
2021-04-12,112.30755615234375,112.39007793952645,111.96828359274734,112.29838473296459,150600
2021-04-13,112.8852310180664,112.9585883825023,112.34422920003084,112.39925072122941,46100
2021-04-14,112.50010681152344,113.12363037042692,112.39007077321948,112.86687961438437,130600
2021-04-15,113.71047973632812,113.7288155788975,113.20615661888216,113.31619266152757,146200
2021-04-16,114.10478210449219,114.30651137850818,113.70132355646021,114.15062521493145,80800
2021-04-19,113.63712310791016,114.10476754749222,113.36203649739291,114.0314101852552,40700
2021-04-20,112.51844787597656,113.20615740687543,112.16083947956861,113.0777855207671,51200
2021-04-21,113.49041748046875,113.59128211269386,112.1700198330792,112.34423483767773,105400
2021-04-22,112.71101379394531,113.90304653134788,112.58264189862426,113.5179308453847,198200
2021-04-23,113.9030532836914,114.26066172696302,113.02278580827328,113.02278580827328,25500
2021-04-26,114.12310028076172,114.31565810458008,113.99472839821615,114.13227169972724,32300
2021-04-27,114.04057312011719,114.21478809779002,113.7104720103525,114.08641622129737,84200
2021-04-28,114.11393737792969,114.4715457911005,113.95805822259747,114.10477295402316,48700
2021-04-29,114.48072052001953,115.07673689111427,113.61879593308021,114.90251489144593,554900
2021-04-30,113.34370422363281,114.02224235633297,113.20616091404327,113.86636320347839,172800
2021-05-03,113.9397201538086,114.48071497495249,113.88469863272681,114.21479977624432,82900
2021-05-04,112.83937072753906,113.23365778110073,111.99578209992798,113.15113600036914,210100
2021-05-05,113.28868865966797,113.74716169026843,113.14197393191907,113.67380432639396,38900
2021-05-06,114.16896057128906,114.16896057128906,113.02277794928601,113.49041542212791,44400
2021-05-07,115.28762817382812,115.3426426973453,114.47153976577938,114.47153976577938,56700
2021-05-10,114.26065063476562,115.4343404880503,114.1964646895311,115.4343404880503,46800
2021-05-11,113.068603515625,113.2703327451209,112.08747162322973,112.53678017828602,136000
2021-05-12,110.80374908447266,112.71099840562445,110.72122730406585,112.25252541471734,75300
2021-05-13,112.0416488647461,112.39925729259934,111.06968121850316,111.06968121850316,151000
2021-05-14,113.83885192871094,113.89386645231056,112.74768390569797,112.74768390569797,42900
2021-05-17,113.4354019165039,113.5912810755217,112.93108575572684,113.41706607251389,250000
2021-05-18,113.08696746826172,113.95806349020113,113.07779604818782,113.84803443228932,67400
2021-05-19,112.47260284423828,112.47260284423828,111.18887700940735,111.63817860308812,108600
2021-05-20,113.85719299316406,114.1506154587244,112.95858975302326,112.95858975302326,91700
2021-05-21,113.8663558959961,114.50821530523089,113.71964117631794,114.34316474346438,33400
2021-05-24,114.89334106445312,115.08589889244912,114.33400342305102,114.33400342305102,13600
2021-05-25,114.67326354980469,115.30595852308194,114.59074176846039,115.24177258345546,193100
2021-05-26,114.83833312988281,114.94836918564415,114.55408206384588,114.83833312988281,19300
2021-05-27,114.9391860961914,115.25095139132462,114.93001467687311,115.17759402826466,62600
2021-05-28,115.16841125488281,115.58104113460789,115.15007541379708,115.31512596653862,201100
2021-06-01,115.28762817382812,116.03952364344941,115.22344223114374,115.929487600672,25900
2021-06-02,115.4893569946289,115.70942909270197,115.27846331198822,115.49852841431782,107700
2021-06-03,115.01254272460938,115.16842187330872,114.60908422609991,114.85666357591005,33700
2021-06-04,116.0670394897461,116.14956128112532,115.66358096546477,115.67275238531033,209900
2021-06-07,116.25959777832031,116.29627646209974,115.93866803992987,116.2412549385588,31500
2021-06-08,116.26876831054688,116.49800483561046,115.86530978779703,116.49800483561046,54200
2021-06-09,116.0670394897461,116.44298375449075,116.03036080610747,116.43381933038879,22600
2021-06-10,116.52638244628906,116.77592029235706,116.0457811150194,116.4154728195462,32000
2021-06-11,116.85909271240234,116.85909271240234,116.39697989028912,116.71121322471072,43000
2021-06-14,117.06241607666016,117.10862312517905,116.6095404627162,116.86832249852324,37600
2021-06-15,116.83136749267578,117.31196172684287,116.60031108078579,117.2102963415087,244800
2021-06-16,116.21212768554688,117.01620651479982,115.68531936328651,116.97923664378202,38200
2021-06-17,116.0180435180664,116.21213005640804,115.31563005696191,115.84243838996977,94400
2021-06-18,114.24353790283203,114.84428601052541,114.2250494403466,114.77034626314847,120100
2021-06-21,115.7870101928711,115.82398007201397,114.5670323862904,114.81657730768387,60500
2021-06-22,116.21212768554688,116.44318409094672,115.50972129005432,115.67608218399349,81300
2021-06-23,115.91639709472656,116.39699845509607,115.91639709472656,116.29533305391341,38000
2021-06-24,116.84060668945312,116.85909515144151,116.64652014626853,116.74818553335791,47900
2021-06-25,117.1456069946289,117.20105827999112,116.94227621325749,117.08091147794549,20400
2021-06-28,117.08090209960938,117.1640790209901,116.75742454210331,117.14559761111057,595900
2021-06-29,117.17333221435547,117.33044888983625,116.98848989629366,117.31196747854305,57200
2021-06-30,116.979248046875,117.00697369002056,116.72971020728235,116.86833842301016,82900
2021-07-01,117.43211364746094,117.44135787869895,116.92379374988842,117.14560594062402,281500
2021-07-02,118.15301513671875,118.16225936847165,117.52454840317718,117.64469521083376,28600
2021-07-06,117.82028198242188,118.21769927042183,117.09938009506624,118.21769927042183,105200
2021-07-07,118.25467681884766,118.25467681884766,117.57999599900995,118.14377424642643,74800
2021-07-08,116.93302917480469,117.20105546642517,116.33228812771569,116.45243492687702,170900
2021-07-09,118.50421905517578,118.56890752011759,117.70938439797388,117.79256132542685,89300
2021-07-12,119.0125503540039,119.02178753431461,118.47649774211024,118.57816313578948,45800
2021-07-13,118.39331817626953,119.03102206508224,118.39331817626953,118.74451435360876,32400
2021-07-14,118.67056274414062,119.16040118948801,118.40254352223047,119.06798708997856,198500
2021-07-15,118.02362823486328,118.32862443185621,117.56151534897693,117.93120706794262,68000
2021-07-16,117.1640853881836,118.31012324760641,117.11787833533273,118.31012324760641,38500
2021-07-19,115.36186218261719,115.75927955215296,114.71490695373718,115.75927955215296,221700
2021-07-20,116.83136749267578,117.14560082823078,115.25093543021993,115.55593158622243,139100
2021-07-21,118.1067886352539,118.1067886352539,117.2934726569737,117.40437521461823,65600
2021-07-22,118.29164123535156,118.32861110821368,117.82029122174465,118.26391559352554,164800
2021-07-23,119.40071105957031,119.47465080206959,118.79071876087428,118.9940495271063,35300
2021-07-26,119.47465515136719,119.55783207624533,119.23434745385555,119.28056155742044,169600
2021-07-27,119.05875396728516,119.27132191621938,118.29163794086367,119.27132191621938,101200
2021-07-28,119.27133178710938,119.48389975363571,118.87390739483985,119.24360614376096,135000
2021-07-29,119.89055633544922,120.14933839763896,119.75192812447783,119.75192812447783,101300
2021-07-30,119.06800079345703,119.66874186838022,119.01254950685677,119.22511747301286,38200
2021-08-02,119.2528305053711,119.92751125860248,119.08647666316217,119.84433433749803,83900
2021-08-03,120.03843688964844,120.09388817452702,118.92011760185929,119.5485984031345,82200
2021-08-04,119.65948486328125,120.02916944774485,119.63175922457464,119.86281561550511,51800
2021-08-05,120.38963317871094,120.40812164121009,120.01071136414977,120.01071136414977,99800
2021-08-06,120.19554901123047,120.50054516907403,120.09388362528261,120.41735414234267,117800
2021-08-09,120.21404266357422,120.38963369909823,119.99222342032009,120.38963369909823,37600
2021-08-10,120.35267639160156,120.47283025002415,120.16783406503527,120.34343921117119,22500
2021-08-11,120.78705596923828,120.97189828410347,120.4543341614551,120.88872135779883,178400
2021-08-12,121.0365982055664,121.07356102670579,120.46356870867336,120.77780204733334,68800
2021-08-13,121.40629577636719,121.43402142082002,121.13827651246787,121.34159320426669,176100
2021-08-16,121.36932373046875,121.38779809032319,120.43584676292318,120.9256852477964,37000
2021-08-17,120.44507598876953,120.67613236772046,119.70569275561412,120.5190016197791,199000
2021-08-18,119.45619201660156,120.5375345769776,119.37301507408819,120.24178963607426,72100
2021-08-19,119.0125503540039,119.37299782203658,118.2361970796609,118.36559516812031,77800
2021-08-20,119.8720703125,119.890558775194,119.00329589922737,119.02178436192135,90400
2021-08-23,121.00886535644531,121.16599613729277,120.4728268552775,120.4728268552775,165000
2021-08-24,121.24916076660156,121.46172870947107,121.0458300029651,121.17522102504616,72800
2021-08-25,121.44325256347656,121.60962052448784,120.99962817172172,121.30462434810478,34200
2021-08-26,120.79629516601562,121.38779904499933,120.72235541832205,121.33234775987036,77700
2021-08-27,121.8406753540039,121.94234074479836,120.9626637621782,120.9626637621782,58600
2021-08-30,122.20112609863281,122.39520560282827,121.92385556150253,122.0440094181909,89600
2021-08-31,122.01628112792969,122.58929655035438,121.93309009679946,122.34900294475548,163100
2021-09-01,122.4136962890625,122.71869247518812,122.3212821767177,122.53385014793291,125700
2021-09-02,122.80187225341797,123.01445433212609,122.5246158073916,122.86657482586807,97700
2021-09-03,122.96822357177734,123.12534023743821,122.65399024045561,122.73716716300007,60000
2021-09-07,122.65398406982422,123.04215712473366,122.589281509391,123.02366866424369,59900
2021-09-08,122.26580047607422,122.50610816175818,121.84066459035658,122.43216842020648,57100
2021-09-09,121.84990692138672,122.6539928306558,121.75749281746262,122.21960564477604,22600
2021-09-10,121.15673828125,122.59852805320762,121.02734725306314,122.59852805320762,60300
2021-09-13,121.57264709472656,122.0902253529838,120.95341754398362,122.06249970911213,140100
2021-09-14,120.99038696289062,122.11794341892022,120.7962933652678,121.87763571685723,147700
2021-09-15,121.72052001953125,121.88688797633652,120.87023408076202,121.0458392175035,46800
2021-09-16,121.54492950439453,121.77598595367847,120.8794858022515,121.54492950439453,252500
2021-09-17,120.29719543457031,121.09202993508154,120.15855314691527,121.06430429806294,50800
2021-09-20,118.263916015625,118.55966794829526,116.90530315104272,118.263916015625,109900
2021-09-21,118.46723937988281,119.48389325592207,118.33784835043822,119.06799452574765,71700
2021-09-22,119.5116195678711,120.14010035910053,118.98481826738023,119.14193493954645,101800
2021-09-23,120.89795684814453,121.25840429299215,120.19555042044682,120.19555042044682,216000
2021-09-24,120.68538665771484,120.82401486371637,120.20478537263594,120.20478537263594,181300
2021-09-27,120.43584442138672,120.67615212047001,120.14933672100081,120.38039313777196,102100
2021-09-28,117.86650848388672,119.37300096555987,117.63545204694621,119.33602403821257,122900
2021-09-29,117.85724639892578,118.5504226560272,117.7093739683508,118.31936625408733,77800
2021-09-30,116.87757873535156,118.35633841421742,116.84060886196963,118.27316148756981,177100
2021-10-01,117.82952117919922,118.12527309268594,116.23985199997742,117.21029171209919,125300
2021-10-04,116.46168518066406,117.53378335130613,115.81472294462175,117.51530193943414,88900
2021-10-05,117.3951416015625,117.97740828698275,116.60031401186022,116.83137042955848,92500
2021-10-06,117.62620544433594,117.63544967598644,115.77775398606768,116.22138543861647,205600
2021-10-07,118.61511993408203,119.28981483175473,118.40255197721106,118.48572890347822,108600
2021-10-08,118.48573303222656,119.10496256473415,118.31937917389548,118.9570971692949,30600
2021-10-11,117.85724639892578,119.06798673996234,117.7370996083785,118.5411713743089,34500
2021-10-12,117.65393829345703,118.19922808974499,117.60772418642668,118.06983705159928,95300
2021-10-13,118.31938171386719,118.49498685869649,117.62620536619437,118.13453233739354,75000
2021-10-14,120.20478057861328,120.20478057861328,119.41919727166176,119.43767163001571,35000
2021-10-15,121.07356262207031,121.13826518812223,120.6391754294959,120.8517433846181,78500
2021-10-18,121.24916076660156,121.29537486789417,120.32493515100441,120.44508899385242,161500
2021-10-19,122.09947967529297,122.13644250478931,121.59115262867127,121.71130650402755,57700
2021-10-20,122.4783935546875,122.62625894854732,122.22884866729127,122.28429995280933,63500
2021-10-21,122.59854125976562,122.61702972365947,122.1456796636107,122.28430788639977,47200
2021-10-22,122.68171691894531,123.02367589400748,122.14566435374043,122.76489384219329,25300
2021-10-25,123.02366638183594,123.17154585788549,122.37671130232289,122.85729844563942,52200
2021-10-26,123.19005584716797,123.78155981989079,123.06991607787094,123.51354053177127,54500
2021-10-27,122.58003997802734,123.35638606028081,122.55231433955849,123.30093478334311,105700
2021-10-28,123.71685791015625,123.78154637851215,122.94051167449196,123.01445142587413,55100
2021-10-29,123.6983642578125,123.6983642578125,123.04217190849064,123.04217190849064,21800
2021-11-01,124.22518920898438,124.28064049880892,123.70762503386719,124.10503534598713,209900
2021-11-02,124.48395538330078,124.54864384563803,124.04956819844972,124.20668486705648,281400
2021-11-03,125.34346771240234,125.38044463276208,124.23439984518257,124.39151650030375,369600
2021-11-04,125.62075805664062,125.66697216311195,125.19562212326115,125.44515291358877,137600
2021-11-05,126.02741241455078,126.35089703876561,125.6022624029454,126.20301754754944,106400
2021-11-08,126.1105728149414,126.38784329899836,125.96269334310269,126.28617792492956,320700
2021-11-09,125.73165893554688,126.34165128659036,125.42667686259024,126.34165128659036,66800
2021-11-10,124.4931869506836,125.70392024438675,124.23440490787209,125.40817538227232,70900
2021-11-11,124.76121520996094,125.05696006006819,124.6780241904205,125.05696006006819,46700
2021-11-12,125.72242736816406,125.72242736816406,124.89986701657332,125.24182603050122,38000
2021-11-15,125.62075805664062,126.30469016574645,125.42667855305247,126.10135937932486,65700
2021-11-16,125.92575073242188,126.24923536615498,125.5745404560905,125.62075456127593,105800
2021-11-17,125.59302520751953,125.76863034049624,125.4174200745428,125.6946905948974,61100
2021-11-18,125.89801788330078,125.93498070379441,125.15863455035164,125.81484096026709,67900
2021-11-19,125.34346771240234,125.86103177693404,125.24180233525769,125.63922666502792,34800
2021-11-22,124.69652557373047,126.12907818124575,124.60411146836582,125.70392816836181,159000
2021-11-23,124.70574951171875,124.9737828247138,123.8369893212298,124.56712131710962,120500
2021-11-24,124.7981948852539,124.835171810614,123.64291276263802,123.92942047263635,349800
2021-11-26,121.99776458740234,123.18077208549948,121.70200566159716,122.8110875308048,95500
2021-11-29,123.06990814208984,123.54125821255495,122.44142727890349,123.30096458688834,140300
2021-11-30,121.16600036621094,123.01445184943267,120.7963016080272,122.46914794393237,282500
2021-12-01,119.73344421386719,123.1992906455544,119.65950446435002,122.76490343124438,276500
2021-12-02,121.43402099609375,121.79446847528571,119.80738874943158,119.89056568249916,405700
2021-12-03,120.5190200805664,121.92384702849317,119.3822264707142,121.92384702849317,267300
2021-12-06,121.76673126220703,122.1179415274348,120.40811840758485,121.21219022264368,234600
2021-12-07,124.308349609375,124.41925217427286,123.41184960294612,123.41184960294612,132600
2021-12-08,124.73351287841797,124.85365263564667,124.11426921837426,124.49320515882916,156100
2021-12-09,123.66139221191406,124.33607297362758,123.66139221191406,124.31758451229511,146800
2021-12-10,124.38230895996094,124.60412822728638,123.55049728441539,124.41003460555582,374400
2021-12-13,123.29789733886719,124.25665226346293,123.26065613990582,124.25665226346293,152400
2021-12-14,122.31118774414062,123.03723478802358,121.7526976660366,122.53459229739457,252000
2021-12-15,124.1728744506836,124.34043144980063,121.89234088713106,122.68355307606161,269300
2021-12-16,123.57711029052734,125.00128049026176,123.02792344557939,125.00128049026176,185200
2021-12-17,122.2646713256836,123.30719761823194,121.92025415854457,122.64630128419152,209800
2021-12-20,121.24075317382812,121.25937377313606,120.28199825812696,121.09181678607602,387000
2021-12-21,123.19549560546875,123.19549560546875,121.61307145191975,122.13434877266977,607500
2021-12-22,124.28456115722656,124.39625633400492,123.04655420230144,123.23271756471672,212300
2021-12-23,125.17813873291016,125.50393523778224,124.52655992651873,124.70342007468628,245800
2021-12-27,126.55577850341797,126.55577850341797,125.46669382487717,125.47601122425017,218000
2021-12-28,126.42549133300781,126.97467829280852,126.35102313794664,126.77919750535347,104700
2021-12-29,126.50922393798828,126.7419316499469,126.2113512490725,126.36028759353039,76300
2021-12-30,126.32948303222656,126.92555198238168,126.23634148538164,126.64614155325167,163900
2021-12-31,126.03144836425781,126.50643611828852,125.91967567223581,126.33878418595748,122300
2022-01-03,126.71134948730469,126.71134948730469,125.8172389139686,126.54369753731429,371900
2022-01-04,126.71134948730469,127.30741846572693,126.31085787056489,127.17702882080349,170700
2022-01-05,124.58785247802734,126.88830951530697,124.48540245651834,126.72998024777586,109100
2022-01-06,124.3550033569336,124.95107228819099,123.65648441195678,124.2339221921549,306000
2022-01-07,124.04768371582031,124.55993390995334,123.4981854218448,124.10356297128796,212800
2022-01-10,123.535400390625,123.58197116149411,121.45847475477929,123.05108995411341,467000
2022-01-11,124.8206787109375,124.8392956500044,122.93933043269857,123.52609087559479,346300
2022-01-12,125.37020111083984,125.75206160665564,124.876582113383,125.46334266981181,241900
2022-01-13,123.85206604003906,125.83586446000749,123.69373677907234,125.78929368645143,237900
2022-01-14,123.8707275390625,123.88935869533036,122.64132703073267,123.0790668288736,276400
2022-01-18,121.64473724365234,122.56678729742265,121.45846838135418,122.30600804792458,599000
2022-01-19,120.769287109375,122.5295545740788,120.6947767041899,122.25946679026364,222300
2022-01-20,119.64234161376953,122.48297420268875,119.59577083775,121.34671548255885,171600
2022-01-21,117.52815246582031,119.77273026408999,117.5188368895533,119.42811789353472,347200
2022-01-24,117.4443359375,117.58404116993167,112.96450266259339,115.75857888841355,593500
2022-01-25,116.28012084960938,117.43500353454803,114.52916922368935,115.861012318067,172400
2022-01-26,115.87965393066406,118.4595216464904,114.89241592982113,117.89139224072518,190300
2022-01-27,115.26494598388672,117.50951658615998,114.92965630878909,116.89482358561594,146100
2022-01-28,117.2953109741211,117.33256617290682,114.22182457847354,115.34876769535695,363400
2022-01-31,119.5119400024414,119.61437580346092,117.03452276485456,117.33255722671367,211600
2022-02-01,120.4898681640625,120.5643785640044,119.13009244648848,119.97763225799618,134900
2022-02-02,121.49573516845703,121.62612481327413,120.55506803166269,121.11387470456218,114400
2022-02-03,118.87862396240234,120.34086394365038,118.69235506458504,119.93106384160873,87300
2022-02-04,119.41881561279297,120.31291202109436,118.28255684321338,118.78549140216023,86800
2022-02-07,119.2697982788086,120.08939851977682,118.9810793424875,119.64235030261533,273900
2022-02-08,120.12664031982422,120.3129092162607,118.7109782320793,119.05558350676002,343800
2022-02-09,121.96141815185547,122.00798892884231,121.37467183832008,121.43055108614193,156800
2022-02-10,120.06144714355469,122.19425220190209,119.60507628833562,120.40604529686804,87600
2022-02-11,117.947265625,120.58301246087632,117.5281570507694,120.11733310919654,87900
2022-02-14,117.45364379882812,117.94726276271733,116.53160069447465,117.72373866893224,236800
2022-02-15,119.49332427978516,119.59577430543644,118.64578445043409,118.72961042855923,983000
2022-02-16,119.70753479003906,119.89380369120597,118.62716237300543,119.00901575210851,119700
2022-02-17,117.38845825195312,118.8600067892074,117.21149781480004,118.82275158634869,78700
2022-02-18,116.51296997070312,117.5840338786592,115.95415618133126,117.39776498410286,476600
2022-02-22,115.12525177001953,116.50365869429892,114.23114825288349,115.77720003073233,503100
2022-02-23,113.4581069946289,116.22424323758467,113.2811465827071,116.03796724985055,139900
2022-02-24,114.01693725585938,114.18458211624353,109.844454006281,110.09591774400555,512500
2022-02-25,116.68061828613281,116.82963909076945,114.31496630529922,114.74339046007495,225700
2022-02-28,116.0286636352539,116.68061185534978,114.78063933516694,115.28357386454205,291800
2022-03-01,114.1473159790039,116.0938592884309,113.46742813113669,115.7399384472427,302800
2022-03-02,116.0286636352539,116.2987584994944,114.42672560221527,114.80857895807067,266000
2022-03-03,114.7806396484375,116.4012088383034,114.38015513908479,116.4012088383034,160100
2022-03-04,113.243896484375,113.40223285750426,112.14490008291816,113.23458801384594,144200
2022-03-07,109.85374450683594,112.93654631815879,109.77924121884467,112.69439109150603,913300
2022-03-08,109.48121643066406,111.9958820417103,108.94102668717319,110.06796984505408,184400
2022-03-09,112.85272979736328,113.29046951483431,111.55814179778453,112.29391600928012,230800
2022-03-10,112.16352844238281,112.46156294193456,111.01795411571965,111.57677501986927,476400
2022-03-11,110.7385482788086,113.04831382196167,110.71060865537008,113.00175015146509,217900
2022-03-14,110.30081176757812,112.2007843793272,110.01209284272169,111.28804972150247,215100
2022-03-15,112.38704681396484,112.5267520328836,110.59883990777202,111.14833810162918,282200
2022-03-16,115.33014678955078,115.46985201237612,112.64782924955306,113.89585357290261,193400
2022-03-17,116.5409164428711,116.79238728157304,114.83653535098397,115.05074388174148,173000
2022-03-18,118.04039764404297,118.24529769147618,116.0566062047814,116.17768027567246,274900
2022-03-21,117.91932678222656,118.50608021117824,117.03453885045295,118.04040085641255,223700
2022-03-22,119.28842163085938,119.47469052487664,118.19873367888245,118.47813701990835,171500
2022-03-23,117.80755615234375,118.85068042056334,117.75167690598113,118.44088033203016,136900
2022-03-24,119.26048278808594,119.26979125885576,118.01245845175083,118.36637219498171,107600
2022-03-25,119.62371826171875,119.72616829108024,118.64578874716021,119.45606629939698,178000
2022-03-28,120.15458679199219,120.18252641747979,118.76686424904848,119.33500075867774,624200
2022-03-29,122.01730346679688,122.09181387139955,120.98349469647036,121.65407412648791,262300
2022-03-30,121.24427032470703,121.89623279232885,120.7972221220743,121.74721198764922,191000
2022-03-31,119.36292266845703,121.14182102131527,119.26047265307241,120.90898136920516,247400
2022-04-01,119.96829986572266,119.97762254708937,119.00900163764989,119.91242062314048,177300
2022-04-04,120.82515716552734,120.89035909437989,119.837919241916,119.97763157028335,240300
2022-04-05,119.22322082519531,120.8996693099602,118.98107268183153,120.37811071723463,48700
2022-04-06,117.91932678222656,118.55265098893602,117.1649285013311,118.22667686174064,242900
2022-04-07,118.43158721923828,118.80412505090216,117.09042828699663,117.83551105602803,99300
2022-04-08,118.08695983886719,118.80410284706406,117.65853572796094,118.14283908203251,133700
2022-04-11,116.31739044189453,117.43501806812493,116.14974558738966,117.28600436728901,196500
2022-04-12,115.78650665283203,117.54677392632438,115.45121697162372,116.98796015954471,109100
2022-04-13,117.24874877929688,117.29531955761266,115.66544179640393,115.66544179640393,195200
2022-04-14,116.05661010742188,117.58403783239234,115.9820997048128,117.31394295221179,235400
2022-04-18,115.6654281616211,116.40120231691718,115.33944696324392,115.57228661596916,228500
2022-04-19,117.1090316772461,117.40706615342351,115.61885929635899,115.61885929635899,210900
2022-04-20,117.27667999267578,118.0031386057989,117.11835072688281,117.86344049227723,656300
2022-04-21,115.5257339477539,118.72029457151838,115.39534429826989,118.28255484580646,224300
2022-04-22,112.67578125,115.41397105924489,112.55470006855883,115.41397105924489,188300
2022-04-25,112.94586181640625,113.07625856633523,110.79442558096967,111.86548946343083,200400
2022-04-26,109.90962982177734,112.34047632398483,109.90031424622767,112.34047632398483,617600
2022-04-27,110.31941986083984,111.41842325853084,109.62090093279137,110.24491657551485,359300
2022-04-28,112.69440460205078,113.10420471079232,110.28218893907496,111.41844060346206,257800
2022-04-29,109.36013793945312,112.69440382407974,109.17386903987635,112.12627444295666,288900
2022-05-02,109.75129699707031,110.07727820049452,107.59986084640394,109.08072475562932,242300
2022-05-03,110.33805847167969,110.89687223076085,109.77924471259851,110.06796361522159,260300
2022-05-04,113.18801879882812,113.50468444374957,109.49983929320148,110.51502394537879,219900
2022-05-05,109.06209564208984,112.02381641018705,108.04691813225558,112.02381641018705,684800
2022-05-06,108.35426330566406,109.22042714538688,107.0317357112451,108.37289445809401,435200
2022-05-09,104.8430404663086,106.78026811785392,104.4332403961772,106.58468365866459,302000
2022-05-10,105.085205078125,106.71508282253981,104.15384636703082,106.37047754138187,197000
2022-05-11,103.69747161865234,106.48223917716787,103.56708197241382,105.04794596284118,338000
2022-05-12,103.66022491455078,104.56363687397331,102.12348165675931,103.00826956891352,286300
2022-05-13,106.32391357421875,106.66851174871745,104.8244254850617,105.02000996116439,461700
2022-05-16,106.00724029541016,106.91065931461257,105.47636615396269,105.9979247193981,222600
2022-05-17,108.15867614746094,108.19593134569092,106.88271936017078,107.85133319704293,224300
2022-05-18,104.34942626953125,107.10624708084073,104.0700158261697,107.10624708084073,220300
2022-05-19,104.3028564453125,105.35529629996692,103.52983414227155,103.8558082586988,263700
2022-05-20,104.61019897460938,105.59743682911768,102.59846806844308,105.59743682911768,270600
2022-05-23,106.4077377319336,106.60332221774989,104.97344439691065,105.57882900864875,352600
2022-05-24,105.64401245117188,105.94204693634711,104.26559851617222,105.51362280801412,127700
2022-05-25,106.42636108398438,106.90135603540288,105.19696781996842,105.19696781996842,241600
2022-05-26,108.2890625,108.61504369818769,106.67781608327121,106.7709505231667,198900
2022-05-27,110.52433776855469,110.57090854690821,109.00622561065185,109.00622561065185,225800
2022-05-31,109.84445190429688,110.70130023844,109.28563097657432,110.30081569661391,371100
2022-06-01,108.97827911376953,110.65472044323324,108.33563936267197,110.4591359767476,390800
2022-06-02,111.18560028076172,111.21354701086209,108.74544500735543,109.29494323571079,154300
2022-06-03,109.350830078125,110.10522836303082,109.13661444728467,109.97483871145951,229700
2022-06-06,109.74200439453125,110.85963206423321,109.4905335501411,110.61747679703986,161400
2022-06-07,110.65472412109375,110.6919793215249,108.68955670899406,108.78269826292339,158000
2022-06-08,109.38807678222656,110.4405166638543,109.2297475081473,110.04934771411621,267000
2022-06-09,106.83944702148438,109.30070457232428,106.83944702148438,108.90615281996634,130900
2022-06-10,103.80514526367188,105.10153273294355,103.7206015267675,105.10153273294355,201800
2022-06-13,99.81263732910156,101.52236880654688,99.4744480551319,101.19357566995217,477300
2022-06-14,99.31475067138672,100.51719825138782,98.5068548597323,100.36688872031122,301000
2022-06-15,100.95873260498047,101.99208563888072,99.23960481648572,100.35750876099655,247400
2022-06-16,97.93380737304688,98.892005500272,97.42652348199148,98.892005500272,242900
2022-06-17,98.01834869384766,98.69472719861905,97.1728827300358,98.093503453745,168000
2022-06-21,100.05689239501953,100.48902156574303,99.52142720878027,99.65294447086336,374400
2022-06-22,99.72808837890625,100.7050716002241,98.92958158830906,98.92958158830906,343700
2022-06-23,100.34811401367188,100.43266492545446,99.19263266700086,100.17901935726036,177300
2022-06-24,103.39179992675781,103.39179992675781,101.34387915269993,101.34387915269993,292100
2022-06-27,103.13816833496094,103.8051507967641,102.78119392597081,103.8051507967641,467100
2022-06-28,101.39085388183594,104.2654556094825,101.36267263621635,103.72999044125122,558100
2022-06-29,101.21235656738281,101.72903659421972,100.80840868289738,101.68206307645181,138100
2022-06-30,100.40447235107422,100.90236732838389,99.0892997080777,100.0193166962405,82200
2022-07-01,101.23115539550781,101.29691402434888,99.27717447115477,100.0568890468081,237200
2022-07-05,100.79903411865234,100.91175910996125,98.70413963526794,99.286578369927,737000
2022-07-06,101.04326629638672,101.63510111032272,100.15082675751727,100.97750766896637,633800
2022-07-07,102.59330749511719,102.84695305488094,101.78541162657551,101.78541162657551,485300
2022-07-08,102.6308822631836,103.05361529580452,101.76662392213672,102.14239059955156,368700
2022-07-11,101.14659881591797,101.88873596671155,101.07144405370157,101.79479609751736,227100
2022-07-12,100.62993621826172,101.5881344492442,100.23537725994814,101.02448800942196,284700
2022-07-13,100.30113983154297,100.82721607424041,99.17384690761948,99.28657906687327,216800
2022-07-14,99.56838989257812,99.62475955078752,97.84926941098087,98.6759503374711,126900
2022-07-15,101.25934600830078,101.2781311180704,100.06628727405025,100.70508851352243,236400
2022-07-18,100.93993377685547,102.60269896179094,100.6299329038134,102.23632842961595,179300
2022-07-19,103.68302154541016,103.78635755491698,102.08601505031099,102.28329093196416,112100
2022-07-20,103.96484375,104.39697290635307,103.32604256948828,103.67362798895083,231300
2022-07-21,105.08274841308594,105.08274841308594,103.39180199078501,103.8615085339627,169000
2022-07-22,104.21849060058594,105.48669683990258,103.68302542544545,105.30820605913804,152000
2022-07-25,104.5754623413086,104.72577187227573,104.0681784250239,104.51909985077238,384100
2022-07-26,103.18513488769531,104.05878938637137,103.07240989893285,104.05878938637137,83700
2022-07-27,105.84367370605469,106.17246686212577,104.03060611154473,104.12454598940029,252800
2022-07-28,107.00855255126953,107.14006981544922,105.16729651844697,106.10670964381819,421900
2022-07-29,108.5679702758789,108.70888367248669,107.15885064410728,107.3091601783964,241400
2022-08-01,108.38946533203125,108.87796408748379,107.88218147082382,108.03249098547141,188000
2022-08-02,107.44068145751953,108.64312910821313,107.27158680869366,107.83523324906211,93400
2022-08-03,108.80281829833984,109.07524894072988,107.88219036312,108.03249989015701,135600
2022-08-04,108.971923828125,109.16919972672095,108.52100236908178,108.79343303871052,193700
2022-08-05,108.63372802734375,108.75584914760184,107.76007357602025,107.76946971362565,246100
2022-08-08,108.59616088867188,109.81740087507256,108.42706623158799,109.11284099841534,782700
2022-08-09,108.0512924194336,108.56797249517282,107.8164391426709,108.49281772649198,123300
2022-08-10,110.4468002319336,110.5313511396535,109.71405914507667,110.03345616564371,192900
2022-08-11,110.4749755859375,111.62106067795092,110.27769970131841,111.13256903515408,134100
2022-08-12,112.00623321533203,112.06259571093715,110.68165723138353,111.01045040100259,331500
2022-08-15,112.12835693359375,112.19411556903574,111.32046103121851,111.3486422796717,242300
2022-08-16,112.35380554199219,112.75775346245283,111.62106446933177,111.7901591143421,341100
2022-08-17,111.47074890136719,111.95924050291698,110.85073288735732,111.26407689669723,119600
2022-08-18,111.48015594482422,111.69622412123294,111.11378539247536,111.42379344974086,84000
2022-08-19,109.98648834228516,110.77559191232339,109.80799755837751,110.77559191232339,218600
2022-08-22,107.77884674072266,108.80280337640738,107.62853723430008,108.80280337640738,327400
2022-08-23,107.77884674072266,108.49279539477463,107.5533824810888,107.77884674072266,87700
2022-08-24,108.0794906616211,108.34252520877072,107.33735337950387,107.54402542859397,78600
2022-08-25,109.48860168457031,109.50738679336824,108.22038824253444,108.48342993577855,214900
2022-08-26,106.06914520263672,109.63891097317196,106.05035292549995,109.46042017614138,297500
2022-08-29,105.477294921875,106.15367345701813,105.11092440986458,105.3175964252864,313600
2022-08-30,104.4063720703125,106.01276762217333,103.9084842706727,105.94700899141246,180700
2022-08-31,103.5984878540039,104.95124517253018,103.55152149370475,104.73517698026122,157900
2022-09-01,103.29785919189453,103.43877258429012,101.86055835719584,102.69663540701603,168400
2022-09-02,102.37725067138672,104.7445687120486,101.99208783050773,104.27486212589592,193800
2022-09-06,101.93572235107422,102.87513549589286,101.4660157786649,102.64967118078586,1053100
2022-09-07,103.5045394897461,103.64545289341147,101.58813583449579,101.58813583449579,113600
2022-09-08,104.0400161743164,104.21850698313867,102.50877517558325,102.84696451484953,180500
2022-09-09,106.05974578857422,106.21944430353598,105.11093650277482,105.11093650277482,292700
2022-09-12,107.29037475585938,107.52522804282181,106.79248693424358,106.86764170618841,250100
2022-09-13,102.90331268310547,105.27063056109063,102.70603679053613,105.0827508064017,96300
2022-09-14,103.30726623535156,103.68303293235819,102.52755159331467,103.29787009695914,507300
2022-09-15,102.25511169433594,103.58907653959753,101.96389593481977,102.81875810543139,527600
2022-09-16,101.46601104736328,101.54115864840801,100.63932293149261,101.19358038801074,86800
2022-09-19,102.05784606933594,102.05784606933594,100.45145041099387,100.49842393628812,197500
2022-09-20,100.80843353271484,101.24995890682246,100.17902837552728,101.02450173369566,225200
2022-09-21,99.19261932373047,101.82297869915391,99.10807559047426,101.19357368329312,103800
2022-09-22,98.36595153808594,99.28657959231334,98.168675633713,99.03293402443838,459700
2022-09-23,96.18650817871094,97.04137755277004,95.15315518663822,97.04137755277004,393100
2022-09-26,95.02163696289062,96.54348160535127,94.6740515340165,95.60406850075948,587600
2022-09-27,94.76797485351562,96.48710225467543,94.11038866205381,95.95163716529883,294700
2022-09-28,96.71257781982422,97.12592188603928,94.2607090036909,94.8807251030135,466800
2022-09-29,95.04042053222656,95.74498034925985,94.194947318356,95.67922171968952,268100
2022-09-30,93.89433288574219,95.82013253392238,93.84736653283102,94.67404744902707,329600
2022-10-03,96.19590759277344,96.69379541345516,94.45799470594258,94.86194264544628,374200
2022-10-04,99.47445678710938,99.54021542020068,98.02775969194715,98.02775969194715,219400
2022-10-05,99.09869384765625,99.55901146386708,97.52047942659252,98.19685805949894,307300
2022-10-06,97.87744903564453,99.14565523348288,97.73653564318407,98.42230316352389,315400
2022-10-07,95.39739990234375,96.95682186797865,94.99345199650197,96.95682186797865,330200
2022-10-10,94.79618072509766,95.71680156273716,94.07282861408478,95.71680156273716,342900
2022-10-11,93.98828887939453,95.31285769897814,93.54676355048214,94.1761686432428,306900
2022-10-12,93.69705963134766,94.33586081951707,93.54675726380061,93.94130904165884,290300
2022-10-13,96.1113510131836,96.30862690216638,91.53641384858797,91.83702575091695,481800
2022-10-14,93.90374755859375,96.90987425724255,93.78162641633608,96.6656248055729,563300
2022-10-17,96.31802368164062,96.64681683213601,95.70740373520452,95.70740373520452,308900
2022-10-18,97.35137939453125,98.38473956395958,96.53409456417856,98.29079251790003,293800
2022-10-19,96.52469635009766,97.31379991652186,95.81074038489014,96.77833473440452,262900
2022-10-20,95.89529418945312,97.66138829660501,95.68862215376605,96.440155525873,394700
2022-10-21,97.96199798583984,98.07473013924009,95.26588694651838,95.63225748612759,226800
2022-10-24,98.70413208007812,99.01414011675554,97.51108062140703,98.25321064789706,465800
2022-10-25,100.57357025146484,100.68630241043142,98.99535586170077,98.99535586170077,356200
2022-10-26,100.3293228149414,101.61631418609882,99.99113352264304,99.99113352264304,248800
2022-10-27,99.81263732910156,101.12781704263323,99.72809359418557,100.6111369943038,487600
2022-10-28,101.71964263916016,101.80419353952554,99.77505793658858,99.8032391809928,603900
2022-10-31,100.91175842285156,101.39086113411288,100.68630127461535,100.93993967048691,462900
2022-11-01,100.93054962158203,102.33966932552973,100.56417907192791,102.33966932552973,884300
2022-11-02,98.61019134521484,102.05783560040904,98.56321782473907,100.88356926004428,466200
2022-11-03,97.64258575439453,98.30956809865842,97.06014713664268,97.47349113421834,229000
2022-11-04,99.6905288696289,100.24477920352606,98.16867694353465,99.61537409539255,395900
2022-11-07,100.45145416259766,100.70509257405969,99.54022220822529,100.00992881009525,390500
2022-11-08,101.17478942871094,101.96390017074931,100.21659120675713,100.89296979503195,205100
2022-11-09,99.25839233398438,100.83659947340657,99.17384142742777,100.62053847238467,281600
2022-11-10,104.73516845703125,104.84790061345244,102.52754902231224,102.96907434268672,400400
2022-11-11,106.17245483398438,106.40730808559368,104.81030884151143,105.33637783162747,431400
2022-11-14,105.11092376708984,106.28519005921225,105.05456127855682,105.54305290253257,867700
2022-11-15,106.02217102050781,107.027342826489,105.01699921452663,106.773704423943,554600
2022-11-16,105.33638000488281,105.90942252400447,105.15789640364102,105.72154278570176,602600
2022-11-17,105.06396484375,105.16730086518415,103.96485316175439,104.01182668682578,401600
2022-11-18,105.45852661132812,105.90005195693365,104.80093307868977,105.90005195693365,254100
2022-11-21,104.82910919189453,105.082754754122,104.35940262037322,104.83850533012794,376300
2022-11-22,106.32276916503906,106.34155427247052,105.1391067165794,105.38335611610503,302300
2022-11-23,107.14006805419922,107.27158531621694,106.27580254602859,106.31337993048412,292000
2022-11-25,107.28096771240234,107.40309599618665,106.97096685216039,106.97096685216039,320500
2022-11-28,105.69337463378906,106.96158094230513,105.47730645753948,106.52005561873466,309800
2022-11-29,105.59942626953125,106.10670301846214,105.20486733447525,105.7779098785429,154900
2022-11-30,108.44584655761719,108.47402780283325,105.25184070199295,105.90942698087754,546300
2022-12-01,108.80281829833984,109.32888730866391,108.17341327996603,109.13161142979239,268300
2022-12-02,108.68070220947266,108.9155554809654,107.50643585200892,107.50643585200892,897300
2022-12-05,106.74551391601562,108.2203922784452,106.4449019939648,108.01372740534754,400800
2022-12-06,105.50548553466797,106.90521624807646,104.97002034132517,106.70793318518139,207300
2022-12-07,105.37396240234375,105.90942756586537,105.12032402684527,105.35517729448024,298800
2022-12-08,106.13489532470703,106.34156018655766,105.34578459279734,105.79670603491047,276200
2022-12-09,105.59002685546875,106.61398362617871,105.54305333672954,105.97518247395001,408300
2022-12-12,106.66095733642578,106.69853471805408,105.55244966342548,105.79669906043306,455800
2022-12-13,107.74828338623047,109.81126678167227,107.10478377976602,109.81126678167227,366800
2022-12-14,107.2467269897461,108.58103791477916,106.46127760884156,107.77666526126363,276500
2022-12-15,104.50240325927734,105.98812942763789,104.14280327644332,105.91242188813546,303100
2022-12-16,103.4046630859375,104.13333550119019,102.84633624036431,103.82104732322475,437000
2022-12-19,102.6665267944336,103.60339127495644,102.25960782750377,103.58446078168467,1266100
2022-12-20,102.92204284667969,103.34788510742041,102.33532026489043,102.45833959758109,308900
2022-12-21,104.3415298461914,104.6159642611802,103.48983807896211,103.59393414050504,613700
2022-12-22,103.04505920410156,103.67909356329518,101.65396393670774,103.65070504271455,490000
2022-12-23,103.56554412841797,103.56554412841797,102.42995271515865,102.80848318624508,266700
2022-12-27,103.31950378417969,104.02924574810658,102.90311952165128,103.65071525670518,572300
2022-12-28,102.07981872558594,103.72641798389668,102.07035347827642,103.43306029611608,316300
2022-12-29,103.84943389892578,104.06709126066602,102.85579956020224,103.03559593395143,463300
2022-12-30,103.38574981689453,103.43306883748139,102.57191175790888,103.09239210488884,369200
2023-01-03,103.24378967285156,104.63488498881628,102.57190152280177,104.1333351880656,592600
2023-01-04,104.25636291503906,104.71060095636284,103.33842880435155,104.17119734346701,223500
2023-01-05,103.03559112548828,103.60339040096716,102.9598908126431,103.60339040096716,196800
2023-01-06,105.46764373779297,105.68530109779122,103.12076789189405,103.81157929997292,287600
2023-01-09,105.5906753540039,106.93445168667873,105.51496781473166,106.22470975070519,459800
2023-01-10,106.16793060302734,106.16793060302734,105.1364352555146,105.3635506489639,111000
2023-01-11,107.32244873046875,107.33190675809286,106.45182645786716,106.62216481339047,181600
2023-01-12,108.15521240234375,108.41071633133882,106.76411700481759,107.8240009314729,178600
2023-01-13,108.63783264160156,108.72299820635952,107.37922190558965,107.40761042717563,288700
2023-01-17,108.62837219238281,109.13938726310572,108.40125678979545,108.83656431969975,680200
2023-01-18,107.37921905517578,109.42327197365657,107.31297676661084,109.18669134022925,431900
2023-01-19,106.69786834716797,107.23727191609285,106.32880312737032,106.78303391179752,250900
2023-01-20,108.41070556640625,108.45802458034709,106.60323330777821,106.99122178659526,288400
2023-01-23,109.4895248413086,109.85859008752558,108.2687750083562,108.53374418821777,367200
2023-01-24,109.38541412353516,109.55575246204033,108.65674897651549,109.06366793961854,126100
2023-01-25,109.60308837890625,109.6409421510642,107.97541227545885,108.40126179733407,112000
2023-01-26,110.51154327392578,110.51154327392578,109.34757061172728,110.12355479314891,147600
2023-01-27,110.67241668701172,111.18343171817122,110.06677084708963,110.14247838204686,462000
2023-01-30,109.42328643798828,110.51155893958303,109.36650938881829,109.9437667882763,486500
2023-01-31,110.72921752929688,110.77652933082892,109.30026827743976,109.48952992330591,192900
2023-02-01,111.89318084716797,112.4988267262428,109.92483535010894,110.56832777924112,228000
2023-02-02,113.0193099975586,113.35052146824674,112.12976443068018,112.78272934422868,572100
2023-02-03,111.82693481445312,112.89628392444995,111.52411188504432,111.70391548121047,417400
2023-02-06,111.00364685058594,111.25915078270913,110.46424324288704,110.99418160276844,145700
2023-02-07,112.28117370605469,112.51775434714631,110.40745185186708,110.67242101471078,206900
2023-02-08,111.22128295898438,112.09189793161073,111.03202134575872,111.82692878514773,182400
2023-02-09,110.54940032958984,112.40419166669852,110.25604264857888,112.40419166669852,126000
2023-02-10,110.55886840820312,110.65349922193334,109.91536876702206,110.16141465861526,173200
2023-02-13,111.7890853881836,111.86479292844365,110.65350116375643,110.78598574927732,212500
2023-02-14,111.93102264404297,112.45150290001142,110.80489657378446,111.41054960794213,115600
2023-02-15,112.09190368652344,112.09190368652344,110.94685426202446,111.13612310483511,733500
2023-02-16,110.87115478515625,111.91210815896669,110.68188594091097,110.87115478515625,481400
2023-02-17,110.6061782836914,110.71027434294679,109.81127079832473,110.24657830981623,282800
2023-02-21,108.71353912353516,109.84913059044258,108.6283735539481,109.56523091874858,173400
2023-02-22,108.46749114990234,109.04474847165473,108.11734921412646,108.78923734504673,217600
2023-02-23,108.98797607421875,109.27187575249442,107.8334613050385,109.19616820897174,205600
2023-02-24,107.549560546875,107.73882217120737,107.00069172849571,107.46438776201772,144500
2023-02-27,108.22145080566406,108.9879697849594,108.04164720514063,108.64729307863519,242800
2023-02-28,107.86184692382812,108.4769508025714,107.8523816768091,108.15520460260525,718000
2023-03-01,107.71990203857422,108.17413283816767,107.32244828396287,107.95648268582408,188300
2023-03-02,108.33501434326172,108.53374122272804,107.03854978308416,107.15211109415141,174100
2023-03-03,110.02891540527344,110.10462293907861,108.6851391696366,108.87440800414956,1060800
2023-03-06,109.98161315917969,110.6156475651368,109.86805184861353,110.14248626758044,115000
2023-03-07,108.24037170410156,109.9437551983249,108.07003335467923,109.9437551983249,71300
2023-03-08,108.49588012695312,108.72299551388478,107.947011323656,108.38231882355332,171200
2023-03-09,106.7925033569336,109.0636790279536,106.56538795579212,108.66622527098892,176800
2023-03-10,105.27838134765625,107.07639559666846,104.95663515334384,106.62215760602207,287100
2023-03-13,104.9755630493164,106.03544692757998,103.87782540184324,104.26582112134028,305700
2023-03-14,106.57484436035156,106.90605579700683,105.45818350257963,106.32879848460715,146200
2023-03-15,105.07966613769531,105.10805466153414,103.60340513912638,104.35099366644464,591400
2023-03-16,106.83035278320312,106.84928327745175,104.3131385382458,104.42669262426502,239900
2023-03-17,105.57173919677734,106.51806172731817,105.21213923432428,106.31933486228876,146200
2023-03-20,106.72625732421875,106.9060609212505,105.90296131648009,105.9786616342956,205500
2023-03-21,108.24984741210938,108.36340872932112,107.45493985123375,107.92810117647939,117400
2023-03-22,106.84928131103516,109.0163535711922,106.83981606408504,108.21198085726415,235200
2023-03-23,107.01960754394531,108.58104110539735,106.38557320476772,107.577941570587,140200
2023-03-24,107.33190155029297,107.3602900715247,105.95973674506052,106.45182129276921,98800
2023-03-27,107.8429183959961,108.24037213962471,107.49277644858907,107.90916068660086,134300
2023-03-28,107.75775146484375,107.9091593186489,107.2940482166205,107.74828621777215,243700
2023-03-29,109.21509552001953,109.26240731844003,108.5432001156845,108.93119585002252,330700
2023-03-30,110.00999450683594,110.18979809853819,109.62199880260854,110.03838302765882,198300
2023-03-31,111.35376739501953,111.38215591498162,110.29389081047337,110.29389081047337,242400
2023-04-03,111.87425231933594,111.9215641146204,111.18343368539695,111.41055629428728,155400
2023-04-04,111.44840240478516,112.19599807807606,111.14557948065563,112.09190202104391,122300
2023-04-05,110.96578216552734,111.30645885476463,110.58725170861169,111.19289755172954,155000
2023-04-06,111.36324310302734,111.49572768854114,110.53993984744727,110.84276278860285,46500
2023-04-10,111.46734619140625,111.48626946772872,110.55887731068107,110.74813895338131,189700
2023-04-11,111.60929107666016,111.97835631744321,111.4673412410047,111.61874910446691,75100
2023-04-12,111.5146484375,112.52722052078202,111.42001762425791,112.45151298224106,132600
2023-04-13,113.00984954833984,113.11394561781448,112.00674984598666,112.12976919178901,68100
2023-04-14,112.74485778808594,113.37889210622427,112.1959890261748,112.91519612040776,62400
2023-04-17,112.9057388305664,112.92466932430698,112.25278119387563,112.65023492401227,125700
2023-04-18,113.19911193847656,113.49246963393031,112.89628899546572,113.48300438637321,183800
2023-04-19,113.02875518798828,113.21801678911979,112.65969001187476,112.66914803802422,119000
2023-04-20,112.58399200439453,113.02876474652078,112.22438482401948,112.3284808794051,60400
2023-04-21,112.8205795288086,112.8300447762041,112.22439168065294,112.73540674198564,95100
2023-04-24,112.95306396484375,113.00984100940576,112.48936792122798,112.83004462833664,311900
2023-04-25,111.18343353271484,112.49882128962575,111.17397550559177,112.49882128962575,103500
2023-04-26,110.82384490966797,111.68499475743843,110.70082556566327,111.54305213738253,266000
2023-04-27,112.78273010253906,112.81111862595056,111.4200232198385,111.55250780900455,81100
2023-04-28,113.35997772216797,113.35997772216797,112.30955912713199,112.30955912713199,163300
2023-05-01,113.24642944335938,113.70066749070031,113.24642944335938,113.35052551212775,44700
2023-05-02,112.01620483398438,112.89628510992445,111.2496786453474,112.88681986269312,198500
2023-05-03,111.5335693359375,113.06661437008496,111.52410408946719,112.16760367196353,49600
2023-05-04,110.99417114257812,111.43894388979221,110.71973674068286,111.32538258629033,80100
2023-05-05,112.94359588623047,113.17071127865354,111.9688848063854,111.9688848063854,73500
2023-05-08,112.99091339111328,113.10446747587224,112.72594423351832,113.04769043349276,57400
2023-05-09,112.52722930908203,112.77326799875328,112.33796044794781,112.36634897215075,71200
2023-05-10,112.80164337158203,113.28426988636956,112.00673590710184,113.22749284458325,64400
2023-05-11,112.53668975830078,112.58400877956953,111.93104382937932,112.42313565904611,98100
2023-05-12,112.37580108642578,112.91520464284591,111.81747425603828,112.82057383327304,67300
2023-05-15,113.04769897460938,113.15179504008191,112.32849176403599,112.68809897925698,262900
2023-05-16,112.07299041748047,112.83950944465717,112.07299041748047,112.64078255686576,66600
2023-05-17,113.14232635498047,113.31266470968154,112.11083819919563,112.51775720098881,125700
2023-05-18,113.8709945678711,113.95616013212879,112.96252578311508,113.0855451158878,97600
2023-05-19,113.92776489257812,114.33468385528406,113.67226099500355,114.1359569971999,69100
2023-05-22,114.00347900390625,114.36307897454303,113.73850984450357,113.88991769850449,49300
2023-05-23,112.64077758789062,113.66280772562011,112.55561201968072,113.43569232385859,94500
2023-05-24,111.58089447021484,112.10136753675533,111.32538334057138,111.98780623248402,126800
2023-05-25,112.05406188964844,112.30010056593373,111.5903586199994,112.12030418247424,118100
2023-05-26,113.47354888916016,113.60603347844004,112.32849216487614,112.4420534784883,97900
2023-05-30,113.10447692871094,113.83314939286483,112.81111922540852,113.70066480299478,132400
2023-05-31,112.2338638305664,112.67863662722125,111.80802152986685,112.50829826296767,411100
2023-06-01,113.58710479736328,113.88046250404508,112.33795920714982,112.58400511397225,144300
2023-06-02,115.29048156738281,115.42296615089363,114.50503209380567,114.62805142996048,120700
2023-06-05,114.94032287597656,115.48919162480405,114.77944979369282,115.25261101443364,92500
2023-06-06,115.43244171142578,115.54599581036993,114.73215774188168,114.78894201122272,124200
2023-06-07,114.81136322021484,115.70951637016374,114.68714519952503,115.40376071043413,126600
2023-06-08,115.56619262695312,115.66174719424842,114.76358674816055,114.99290167213128,111000
2023-06-09,115.69996643066406,116.1681605079991,115.46109457929366,115.80507062845027,102600
2023-06-12,116.5981216430664,116.60767855782963,115.83373612717935,116.00572414396719,50700
2023-06-13,117.4771728515625,117.62049741944429,117.11409026408026,117.20008792072547,106900
2023-06-14,117.69693756103516,118.21290162890547,116.84655436300548,117.84026212818641,49900
2023-06-15,119.1492691040039,119.42636130905758,117.53450044667721,117.63004772329816,308300
2023-06-16,118.75753021240234,119.75123798645414,118.70975292632865,119.68435415982519,140500
2023-06-20,117.7542724609375,118.13646890267391,117.4198533080897,118.10780544525707,558000
2023-06-21,117.43895721435547,117.92625052884038,117.20008536968201,117.553611034333,277100
2023-06-22,117.41984558105469,117.544056318284,116.836997685965,116.92299534234708,182900
2023-06-23,116.36880493164062,116.77010786805774,116.14903963419891,116.30192110890444,129900
2023-06-26,116.12995147705078,116.73190597696026,115.99618381040423,116.3306029770206,155800
2023-06-27,117.3338623046875,117.45807304942261,116.22549335859303,116.31149102017176,113100
2023-06-28,117.35295867919922,117.6109370620035,116.94209881785154,116.98031918748738,333200
2023-06-29,117.69693756103516,117.69693756103516,117.0472058411011,117.22875077881204,47800
2023-06-30,118.97727966308594,119.22570841115252,118.55687019303846,118.55687019303846,117200
2023-07-03,119.24482727050781,119.28304035047792,118.93907160221585,119.02506196683383,135600
2023-07-05,118.63331604003906,118.80529676942886,118.44221419106681,118.51865493065571,341800
2023-07-06,117.30518341064453,117.41028760650183,116.5885678696849,117.36251761097867,234000
2023-07-07,117.40074157714844,118.27978825143364,117.0854289799188,117.19053317899534,47700
2023-07-10,117.76382446289062,117.76382446289062,117.24786038154407,117.27652383776491,113000
2023-07-11,118.65242004394531,118.65242004394531,117.79247996642604,118.06957217417059,80700
2023-07-12,119.94232940673828,120.19075816618596,119.65568756718187,119.83722521196388,131300
2023-07-13,121.32778930664062,121.51888386449862,120.7353845136167,120.7736048831463,291700
2023-07-14,121.00291442871094,121.58576228098173,120.90736715403158,121.38511081721815,103400
2023-07-17,121.27045440673828,121.39467242943932,120.81182455461307,120.88825800344057,47700
2023-07-18,122.2354965209961,122.33104379768159,121.23223189132358,121.34689299722012,90300
2023-07-19,122.39794158935547,122.67502651992687,122.22594627622993,122.42660504494629,91900
2023-07-20,121.6622085571289,122.34059642518301,121.49022053895783,122.18772223669211,184100
2023-07-21,121.72909545898438,122.10173495947777,121.68131817336612,122.09217804439605,56700
2023-07-24,121.91062927246094,122.11128803391422,121.56666052803118,121.81508199401989,151500
2023-07-25,122.22594451904297,122.51259365041072,121.90108230729705,121.90108230729705,256600
2023-07-26,122.31193542480469,122.56992110213318,121.79597864972821,121.79597864972821,210900
2023-07-27,121.5571060180664,123.26742201843022,121.39467491252417,123.1909812782491,250000
2023-07-28,122.72280883789062,122.87569032703081,122.29283511702683,122.5508135177126,238400
2023-07-31,122.81834411621094,123.09544362708122,122.56037301522501,122.91389868814842,207200
2023-08-01,122.21640014648438,122.47437125418008,121.95841445920759,122.32150434651707,163500
2023-08-02,120.29586029052734,121.2131272829429,120.05698845011318,121.2131272829429,433000
2023-08-03,119.93276977539062,120.35318654496596,119.38814227379984,119.5410237499327,242100
2023-08-04,119.64613342285156,121.0698076080492,119.46458848407542,120.39141242866253,120500
2023-08-07,120.66850280761719,120.68760934782235,119.93277343838963,120.27674948040429,262200
2023-08-08,120.0569839477539,120.12386776897,119.09193970753044,119.71300792727405,232200
2023-08-09,119.44546508789062,120.14296670934533,119.21614289554806,120.14296670934533,202800
2023-08-10,119.59835052490234,121.05069538738101,119.31170869215866,120.29585950184631,220100
2023-08-11,119.31171417236328,119.5219152767809,118.80529972732123,119.03462195179738,280600
2023-08-14,119.59835052490234,119.59835052490234,118.63331354460493,118.89129192305325,83100
2023-08-15,118.17467498779297,119.08238504860236,117.93580315181262,118.99639468674859,170200
2023-08-16,117.2383041381836,118.35622996573733,117.18097722541333,118.01225390953472,770300
2023-08-17,116.42613983154297,117.74471712712385,116.29237217688846,117.59183564192415,247400
2023-08-18,116.39746856689453,116.66500385825574,115.5088650407077,115.6426326863883,320600
2023-08-21,117.11408233642578,117.2478499801164,116.1777015408016,116.64589558350862,180000
2023-08-22,116.77011108398438,117.51539006922447,116.60767997997874,117.49628352925504,820100
2023-08-23,118.01223754882812,118.23199554384149,117.09497062271727,117.14274061347301,57700
2023-08-24,116.44525146484375,118.30844896936755,116.44525146484375,118.30844896936755,46600
2023-08-25,117.2383041381836,117.55361673800107,115.96751140310286,116.9803257409269,140400
2023-08-28,118.13645935058594,118.27022700090909,117.70649294451725,117.97402824516357,79200
2023-08-29,119.818115234375,119.90410559683784,117.98358127060146,118.11734891651474,184600
2023-08-30,120.28630828857422,120.45829631228845,119.77990113257964,119.99965915245372,558200
2023-08-31,120.1047592163086,120.63028018451361,119.9996550226676,120.38185142774486,513800
2023-09-01,120.305419921875,120.9742581742215,119.96144388072815,120.91693126396044,137200
2023-09-05,119.63656616210938,120.19075055586778,119.59834579463055,120.19075055586778,124200
2023-09-06,118.91039276123047,119.49324060325702,118.36576528636184,119.45502023609909,198100
2023-09-07,118.5664291381836,118.70020408211224,118.002695065714,118.16512617576892,84800
2023-09-08,118.5950927734375,119.00595262645449,118.43265438333127,118.5950927734375,205400
2023-09-11,119.52191162109375,119.57924582035434,119.10150213532678,119.34037397784057,127700
2023-09-12,118.93907165527344,119.39770151302089,118.86263091571881,119.17794349903903,110500
2023-09-13,118.97727966308594,119.22570841115252,118.69063783666128,118.87218276291645,87300
2023-09-14,120.1238784790039,120.26720304861405,119.41681983599513,119.78945934310721,84600
2023-09-15,119.07283782958984,119.99010482351231,119.01550363073902,119.95188445420845,106400
2023-09-18,118.97727966308594,119.23526532563696,118.63331092933431,118.93906658472785,94900
2023-09-19,118.8052978515625,118.96773624711602,118.19378650886166,118.84351822170508,69500
2023-09-20,117.93580627441406,119.36903732824403,117.91669973453732,119.27349004928007,242200
2023-09-21,115.95794677734375,117.10452869525265,115.9388329478309,117.10452869525265,227000
2023-09-22,115.77640533447266,116.6459023587553,115.69996459369808,116.37836705583456,188600
2023-09-25,115.98661041259766,116.02483078189286,115.15533378245455,115.33687871415927,155600
2023-09-26,114.34317016601562,115.30821443691133,114.1807390650125,115.13622642120507,132400
2023-09-27,114.2571792602539,114.8018067591047,113.39723918580792,114.78269292978925,283000
2023-09-28,115.15533447265625,115.47064705388902,114.12341365466094,114.209404018748,123000
2023-09-29,114.82091522216797,116.12037862536896,114.56293684040737,116.02483134656096,278200
2023-10-02,114.19029235839844,114.66803602134404,113.66477141324236,114.44827072888155,204400
2023-10-03,112.690185546875,113.80810404796588,112.28887530127624,113.48323454341357,287200
2023-10-04,113.3494644165039,113.435462070751,112.28887284946063,112.90994109976914,150800
2023-10-05,113.58834075927734,113.7794426152909,112.7666210028951,113.36858273709979,234800
2023-10-06,114.8973617553711,115.27955817966722,112.65196778609325,113.1010480379069,88300
2023-10-09,115.41331481933594,115.60440936835018,114.24761911689568,114.31450293802965,79400
2023-10-10,116.35926055908203,116.99943540138683,115.85285337666807,115.99617795220558,142000
2023-10-11,116.87521362304688,116.94209744667785,116.0917142791741,116.80832979941592,153000
2023-10-12,115.97705078125,117.07586268093158,115.45153711777787,117.07586268093158,157800
2023-10-13,115.30821990966797,116.52168570211842,114.92602349109313,116.26370731120986,175400
2023-10-16,116.42613983154297,116.55990748619749,115.7381877277252,115.81462847032506,97700
2023-10-17,116.41658020019531,116.88477427035329,115.50887009481849,115.56619700553568,220100
2023-10-18,114.7157974243164,115.91971340593616,114.48648252441382,115.82416613845919,149900
2023-10-19,113.68389129638672,115.21266964127123,113.50234636206632,114.8018097776657,322600
2023-10-20,112.41309356689453,113.66477972258242,112.36531628119135,113.5405689854606,285800
2023-10-23,112.26976776123047,113.21569823143915,111.47671148196318,112.00223245974036,149200
2023-10-24,113.03416442871094,113.28258590866135,112.35576194713501,112.68063145984085,166000
2023-10-25,111.57225799560547,112.61374302900761,111.46716109056267,112.61374302900761,162000
2023-10-26,110.43522644042969,111.44804066914647,110.15813424223948,111.24738920627557,360600
2023-10-27,109.89060974121094,110.97030789682793,109.5944036852314,110.97030789682793,146000
2023-10-30,111.24739074707031,111.42893567352067,110.4829979628697,110.74098362569809,198300
2023-10-31,111.89712524414062,111.95445215297265,110.97030133914278,111.32383428645032,258200
2023-11-01,113.05326843261719,113.15837262938783,112.03089721022212,112.13600140699276,141600
2023-11-02,115.34645080566406,115.36555734793058,114.36229985864033,114.39096331693561,200700
2023-11-03,116.50257873535156,116.8943247778595,116.04394157678169,116.18726614444668,237700
2023-11-06,116.46435546875,116.8083315066768,116.04393869133054,116.59812311796708,233400
2023-11-07,116.55989074707031,116.75099257612588,115.99615675338256,116.3114693039822,213000
2023-11-08,116.58856201171875,116.89431766890729,116.01527106571397,116.73188657066741,127000
2023-11-09,115.9101791381836,117.16187264298587,115.85285222445502,117.16187264298587,128400
2023-11-10,117.37206268310547,117.45806033537554,115.83373475479405,116.37836225320454,187300
2023-11-13,117.41028594970703,117.61093742356947,116.7892249881381,116.96121300713307,192600
2023-11-14,119.87545013427734,120.16209927450976,119.08239383078603,119.25438185696738,155600
2023-11-15,120.0665512084961,120.60162182433282,119.92322663931401,120.24808885898904,89500
2023-11-16,120.0665512084961,120.20986848788779,119.6174709602944,119.90411280886818,196500
2023-11-17,120.67805480957031,120.76404517167802,120.26719495887919,120.45828951231184,219500
2023-11-20,121.41378021240234,121.59532514603043,120.50607012384216,120.62072394315243,336700
2023-11-21,121.15580749511719,121.30868169127687,120.94559909683097,121.29912477595737,157000
2023-11-22,121.566650390625,121.79596529771902,121.17489710495781,121.60486346698278,233100
2023-11-24,121.84374237060547,121.8819627389744,121.6048705356421,121.61442745018181,253200
2023-11-27,121.64310455322266,121.82464950089819,121.51889380942875,121.64310455322266,690000
2023-11-28,121.7386474609375,122.06350966270185,121.34689414609107,121.43288450898515,233000
2023-11-29,121.75775146484375,122.49347350573458,121.66220418924348,122.28327241532995,666400
2023-11-30,122.09217834472656,122.197282541513,121.48066699421828,122.01573760346544,554600
2023-12-01,123.0285415649414,123.14320995698046,121.84373933419023,121.96795735074112,440800
2023-12-04,122.34060668945312,122.47437434927694,121.75776605152979,122.0157444555355,291300
2023-12-05,122.14949798583984,122.42659747886691,121.84374232878328,121.84374232878328,331300
2023-12-06,121.86286163330078,122.95210937632798,121.81508434826186,122.85656938583055,316400
2023-12-07,122.74191284179688,122.86611628464553,122.168614593212,122.40748643352568,205200
2023-12-08,123.18142700195312,123.36297193058091,122.4934749458793,122.54125222913606,194700
2023-12-11,123.64962005615234,123.65916968089495,122.97121763035364,122.97121763035364,485900
2023-12-12,123.9744873046875,124.02226458950712,123.19098065647087,123.62096164026703,759700
2023-12-13,125.80901336669922,125.86634027302608,123.87892490274444,124.1273609362668,241000
2023-12-14,126.46832275390625,126.86962574379208,125.85681135318757,126.4874365856861,292400
2023-12-15,126.07655334472656,126.47785628353977,125.85679533576267,126.22943482034492,340600
2023-12-18,126.6594009399414,126.82183204009273,126.34408836450177,126.52563329395913,502900
2023-12-19,127.53844451904297,127.55755834789423,126.91738358738318,126.91738358738318,226600
2023-12-20,125.84201049804688,127.83613094122042,125.79384021305081,127.42189882917013,341500
2023-12-21,127.31591796875,127.38334460172355,126.36219933479369,126.88241484404467,246300
2023-12-22,127.57600402832031,127.97097972674045,127.0654314228523,127.64344535710154,166300
2023-12-26,128.10586547851562,128.36597325500688,127.74943183260663,127.77833106338265,272100
2023-12-27,128.47193908691406,128.5297375471551,128.10586257271203,128.1829320862023,163400
2023-12-28,128.39486694335938,128.7513005738822,128.3081692547738,128.59717624956548,166100
2023-12-29,128.1444091796875,128.6260826312881,127.72053419035781,128.32744744321687,194800
2024-01-02,127.0750961303711,127.47970007405695,126.70901959581877,127.19069305727919,919100
2024-01-03,126.05394744873047,126.59341935954222,125.87090918623923,126.410381097051,234500
2024-01-04,125.90943908691406,126.72828984600389,125.870911678025,125.996136781545,329100
2024-01-05,126.06356048583984,126.80534162387276,125.75528245982423,125.88052224533124,214800
2024-01-08,127.73015594482422,127.74942699778123,126.22733720331874,126.28513566268333,352600
2024-01-09,127.2195816040039,127.53748782580816,126.73790818299858,126.94021748760356,246700
2024-01-10,127.96137237548828,128.17330987257017,127.37373016985352,127.52786920400531,314600
2024-01-11,127.95174407958984,128.33707696510484,126.86315736372427,128.18293793109592,132500
2024-01-12,128.0576934814453,128.70314882549644,127.85539886871855,128.42376999905517,221000
2024-01-16,127.17140197753906,127.69161746572325,126.78606914885128,127.39298231856445,641400
2024-01-17,126.34294128417969,126.40075444632807,125.69750061884213,126.15991771898535,362600
2024-01-18,127.40261840820312,127.49895897111195,126.45854262962219,126.72827856635959,227900
2024-01-19,128.73204040527344,128.73204040527344,127.34481863099177,127.62418274132347,126000
2024-01-22,129.0306854248047,129.4352893566277,128.87654639377485,129.14628234832352,235000
2024-01-23,129.19444274902344,129.26186938274864,128.6742419334792,129.10774506301703,247400
2024-01-24,129.49307250976562,130.40824901161446,129.41600300336182,130.15778414043115,242300
2024-01-25,130.00363159179688,130.0710729151928,129.47378797762838,129.96510419235906,244500
2024-01-26,130.1192626953125,130.48532449311128,129.92658157072725,130.19631750573942,295300
2024-01-29,131.1211395263672,131.13076770298505,130.01329653555663,130.20596296445765,197900
2024-01-30,131.00555419921875,131.10188007243823,130.74544641246172,130.88031439457507,311700
2024-01-31,129.28114318847656,130.84177506735966,129.1944455006237,130.70689239802465,371300
2024-02-01,130.7743377685547,130.82250805201718,129.47381361260062,129.67612292334047,54000
2024-02-02,131.44866943359375,131.72804824053364,130.36972570901264,130.56239213132986,164000
2024-02-05,130.86102294921875,131.1885573262419,130.1963113196978,131.13075887141488,193200
2024-02-06,131.37159729003906,131.37159729003906,130.81285438687092,131.01516368092535,128200
2024-02-07,132.12303161621094,132.21937219342294,131.67025736242945,131.72807052846161,100000
2024-02-08,132.20008850097656,132.26752983847985,131.85328303547635,132.13266186298014,139900
2024-02-09,132.8455352783203,132.9418758507688,132.29643517398497,132.3638618150929,69000
2024-02-12,132.94186401367188,133.481335892531,132.8455234498015,132.91296478441203,55700
2024-02-13,130.94773864746094,131.48722526558197,130.1867010550253,131.1885753753783,206100
2024-02-14,132.34457397460938,132.4601708744403,131.36195622753422,131.69913345137985,268600
2024-02-15,133.47171020507812,133.50060943487694,132.6432313186637,132.68175872522662,183200
2024-02-16,132.9803924560547,133.7607157506721,132.83589630862906,133.32719790938253,277100
2024-02-20,132.566162109375,133.02856448672057,132.13265896189438,132.893696514182,337800
2024-02-21,132.65284729003906,132.67211834130063,131.81474030397476,132.2482434105768,136400
2024-02-22,135.04193115234375,135.2057130242417,134.0593281179792,134.2327234653951,148400
2024-02-23,135.1864471435547,135.57177995221474,134.955238638656,135.3116869211462,248500
2024-02-26,134.66624450683594,135.34059903546722,134.48322095997074,135.1864600175226,448600
2024-02-27,135.01304626464844,135.0612165438804,134.53137287133967,134.86855012645796,152500
2024-02-28,134.5891876220703,134.77221116611338,134.37725015054087,134.37725015054087,187000
2024-02-29,135.13829040527344,135.36949893333377,134.34835365853596,135.12866222891896,329900
2024-03-01,136.35211181640625,136.4099249771689,135.10940080088702,135.4465780908881,259400
2024-03-04,136.18833923339844,136.6411134280369,136.06311413879013,136.1498118272512,268400
2024-03-05,135.12864685058594,136.0149240580288,134.5988032212711,135.82225765632458,223600
2024-03-06,136.14019775390625,136.65077046041105,135.76447833263998,136.27506573865264,139000
2024-03-07,137.60446166992188,137.78749992486433,136.8337812436145,136.97829209201953,71500
2024-03-08,136.87232971191406,138.34624929721755,136.62186480901204,137.74897892133194,178800
2024-03-11,136.47735595703125,136.60259576007405,135.8126442324308,136.38103008504305,200700
2024-03-12,137.91273498535156,137.95126239056626,136.35210313329534,137.05535689914106,277700
2024-03-13,137.78750610351562,138.10541234485441,137.45997168498735,137.95127331277976,75100
2024-03-14,137.1805877685547,138.02833771404394,136.49661972576763,137.89346974085308,132400
2024-03-15,136.54476928710938,136.99754342114636,136.16906465455784,136.6314669639664,110500
2024-03-18,136.95901489257812,137.61409837036797,136.91084461193822,137.42141724780834,503300
2024-03-19,137.63336181640625,137.6719039227069,136.5447898552717,136.84342503132206,134300
2024-03-20,138.92425537109375,139.03022411231834,137.45996404676492,137.6526304763988,92500
2024-03-21,139.36737060546875,139.78161734590603,139.30957215319953,139.63710651572828,174000
2024-03-22,139.10728454589844,139.37702049818716,138.93388916207294,139.33849309050603,66600
2024-03-25,138.72193908691406,139.0109460665796,138.68341168272795,138.68341168272795,120100
2024-03-26,138.53890991210938,139.21324977580184,138.4907396290942,139.06875362626295,217400
2024-03-27,139.5985870361328,139.60821521222252,138.77010820774754,139.18434027218743,958100
2024-03-28,139.5985870361328,139.82978085832977,139.35775033834065,139.5985870361328,111400
2024-04-01,139.20361328125,139.7912554201061,138.86643601979762,139.49262026256548,130200
2024-04-02,138.2402801513672,138.2788075595844,137.6622661315586,138.1728388126031,259900
2024-04-03,138.65451049804688,138.95316038083513,138.07651118510125,138.07651118510125,133800
2024-04-04,137.08425903320312,139.86833082828431,137.07461615706558,139.68529257574681,96500
2024-04-05,138.29806518554688,138.72194013231655,137.18057936215519,137.24802069437112,159200
2024-04-08,138.45220947265625,138.79901492416843,138.35586890853932,138.72194541277614,167100
2024-04-09,138.5581817626953,139.11692470997252,137.5466646115815,139.01095596653192,143700
2024-04-10,137.02647399902344,137.61411622023905,136.61222717119549,136.99757476679216,161300
2024-04-11,137.9705352783203,138.21137198775747,136.43881733418146,137.51776108861796,165000
2024-04-12,135.82228088378906,137.26730119294538,135.52363100564443,136.79525593346523,254800
2024-04-15,134.43507385253906,137.1228054560292,134.27130663005835,137.03610775580557,149400
2024-04-16,133.8859405517578,134.53138117468785,133.55840615197354,134.12677726327678,174500
2024-04-17,133.44281005859375,134.6084515178224,132.97076480927836,134.6084515178224,194700
2024-04-18,133.04783630371094,134.17495037343465,132.79737141027454,133.6932769402447,199400
2024-04-19,132.27716064453125,133.34647629278436,131.91108411825323,132.98039976650634,128900
2024-04-22,133.4331512451172,134.14603312229252,132.53724583550252,133.00929102843676,245500
2024-04-23,134.9263458251953,135.1864535681296,133.91482878001105,134.0015411606592,447800
2024-04-24,134.82040405273438,135.35987599817554,134.30020316234697,135.18648060121578,383800
2024-04-25,134.33871459960938,134.56028025810463,132.70102790295869,133.24049978425478,355000
2024-04-26,135.63922119140625,135.85115864588457,135.13827678086616,135.13827678086616,76600
2024-04-29,136.053466796875,136.20760581541728,135.5717933885597,136.08236602541345,129400
2024-04-30,134.0689697265625,135.88006637839692,133.94372994121068,135.54288912529827,186500
2024-05-01,133.51986694335938,135.398390187253,133.50059589227956,133.74143258250965,45300
2024-05-02,134.94564819335938,135.1864849409847,133.80889110082344,134.63737010063488,135600
2024-05-03,136.5833282470703,136.85306421484256,135.8897172729394,136.67966882106373,140900
2024-05-06,137.92237854003906,137.92237854003906,137.2576668047991,137.31546526881863,74700
2024-05-07,138.06687927246094,138.39441367755228,137.93199660029873,138.13430590903548,111500
2024-05-08,138.0572509765625,138.09579308682405,137.49850797383485,137.57557749484985,215200
2024-05-09,138.85679626464844,138.88569549041958,137.98979009250513,138.09575882016748,147700
2024-05-10,139.0880126953125,139.5215158060844,138.8086338976003,139.4059188964133,79000
2024-05-13,139.00131225585938,139.482985686879,138.7990176465548,139.482985686879,210800
2024-05-14,139.82015991210938,139.8586873179659,139.10727795796063,139.29995908576197,366600
2024-05-15,141.4193115234375,141.4674818027744,140.25365544130852,140.36926705161815,147700
2024-05-16,141.072509765625,141.65050903420493,141.0147113087176,141.49638471562042,123400
2024-05-17,141.3518829345703,141.3518829345703,140.94727901077732,141.12068909212104,51000
2024-05-20,141.40005493164062,141.84320096754942,141.34225647032792,141.48675262360965,63500
2024-05-21,141.63124084472656,141.65049719574913,141.13029642755245,141.13029642755245,58500
2024-05-22,140.947265625,141.37114056191058,140.4559640569475,141.36151238589184,157900
2024-05-23,139.9742889404297,141.99730834234467,139.69491014476904,141.99730834234467,145100
2024-05-24,140.947265625,141.18810232101688,140.41742195386178,140.46559223296623,68900
2024-05-28,140.97618103027344,141.3037154465613,140.3885388365772,141.23628880768183,318800
2024-05-29,139.5118865966797,139.9550178801399,139.47334449407128,139.7045530112061,129000
2024-05-30,139.328857421875,139.820159015804,138.9435098682488,139.61784971271197,179900
2024-05-31,140.36927795410156,140.58120074053417,138.5100108637272,139.74309367309704,599300
2024-06-03,140.70645141601562,141.0725279563076,139.53116697566446,140.96655920514453,180800
2024-06-04,140.67755126953125,140.84131848399022,139.89724260672367,140.35964501810824,383800
2024-06-05,142.15145874023438,142.15145874023438,140.80277903092727,141.29408063228064,141300
2024-06-06,142.23814392089844,142.40192580645353,141.83354004368567,142.28631419903198,208100
2024-06-07,141.64088439941406,142.2381547350656,141.41931874256045,141.8335508270914,46400
2024-06-10,141.95880126953125,142.02622790949883,140.89911378854953,141.34225983500752,210900
2024-06-11,141.7635955810547,141.78302339202497,140.63701965002366,141.26829754439623,315400
2024-06-12,143.08438110351562,143.87103689613312,142.89014748370857,143.43400754679845,249100
2024-06-13,142.7736053466797,143.1912217363152,142.03551161265406,143.1912217363152,257800
2024-06-14,142.3560028076172,142.3560028076172,141.55962565186238,141.9772420386567,195700
2024-06-17,143.22035217285156,143.4922822158903,141.95781136212838,142.16176630394537,168900
2024-06-18,143.6962432861328,143.7350840857623,143.27862688996382,143.33689549894635,145200
2024-06-20,143.46316528320312,144.0458810568849,142.9872802407271,143.77393616184307,207100
2024-06-21,142.98727416992188,143.18150781320998,142.59880688334565,142.88044344325183,99100
2024-06-24,143.02613830566406,143.94875928052238,142.96786969111608,143.2397997717253,168200
2024-06-25,143.52142333984375,143.61854756800585,142.99699103736765,143.30776189314844,102900
2024-06-26,143.44374084472656,143.5602928936497,142.8319055689618,143.00671141372942,258500
2024-06-27,143.48257446289062,143.78363880653788,143.19121661388252,143.46314665453653,260400
2024-06-28,143.2397918701172,144.57030789249342,142.95814048990152,143.82249280253114,135100
2024-07-01,143.5505828857422,143.83223430549057,142.89989193605624,143.77395086689904,283400
2024-07-02,144.29837036132812,144.29837036132812,143.15236672777357,143.18150103193307,155000
2024-07-03,145.2792510986328,145.30838540103815,144.65769461552622,144.8325152490338,88800
2024-07-05,146.16305541992188,146.18248323111354,145.16273802018222,145.72602599211643,155700
2024-07-08,146.00765991210938,146.41555502524514,145.82313275684083,146.3378586009701,105600
2024-07-09,146.09506225585938,146.26988291455794,145.832853496428,146.05622145341394,61700
2024-07-10,147.63925170898438,147.63925170898438,146.41555157929963,146.5709444241925,96300
2024-07-11,146.91085815429688,148.15397122226676,146.68747539213658,147.89174766007847,429200
2024-07-12,148.00827026367188,148.92118457448655,147.27988307769107,147.37700729678528,732800
2024-07-15,148.01800537109375,148.88235765291188,147.7557818103625,148.45503475959475,118800
2024-07-16,148.8823699951172,148.99890722329118,148.0762862557321,148.173410491929,691600
2024-07-17,147.23135375976562,147.9985818355946,147.0759609178762,147.56155243447293,326900
2024-07-18,145.91053771972656,147.61010795184518,145.39581192066817,147.53241153437347,79200
2024-07-19,144.88107299804688,145.9785145314482,144.7451079706493,145.72601228601738,193200
2024-07-22,146.42527770996094,146.56124274894475,145.65803477499102,146.03679558495153,195100
2024-07-23,145.95909118652344,146.69719977418112,145.90082257572456,146.2795833649942,241500
2024-07-24,142.98727416992188,144.97820235654848,142.9095777487912,144.97820235654848,297700
2024-07-25,142.27830505371094,144.29836740887188,141.89954428831052,142.67649362784564,314900
2024-07-26,143.86134338378906,144.47317860043918,143.13295612947687,143.37575188091427,65600
2024-07-29,143.81277465820312,144.41490335198176,143.39515827900996,144.33720693680453,499700
2024-07-30,143.40489196777344,144.54117435202716,142.6862111796733,144.3372193922024,45800
2024-07-31,145.6483154296875,146.35727486905208,145.05589320800573,145.60945981107554,444200
2024-08-01,143.06495666503906,146.04649540701078,142.18117663216708,145.56090393651968,300300
2024-08-02,140.4524688720703,141.4042388015327,139.2482115378469,141.12258745660446,372000
2024-08-05,136.6260223388672,137.86915025802082,134.40201970767498,134.7225118877212,545900
2024-08-06,137.67489624023438,139.26763576163023,136.2569773641172,136.77170316670342,623900
2024-08-07,137.1116180419922,140.20969439126335,137.0824837355602,139.69496855219523,156900
2024-08-08,140.025146484375,140.2679422147078,138.06336765302024,138.61693421225985,139100
2024-08-09,140.85067749023438,141.06433894817778,139.70468859679016,139.96689735229373,80200
2024-08-12,140.72442626953125,141.37513199197704,140.27769033901768,140.98664985774985,144800
2024-08-13,143.17178344726562,143.23005205107137,141.7344368834482,141.75386469107522,166400
2024-08-14,143.60882568359375,143.9293178523643,142.91929405124094,143.2883335148232,253800
2024-08-15,145.7648468017578,146.06591114808248,145.0461808960992,145.09472818880246,222100
2024-08-16,146.3669891357422,146.55150144849694,145.6191741137726,145.6191741137726,122000
2024-08-19,147.83348083496094,147.90145594059962,146.70690497255313,146.72633278234,128600
2024-08-20,147.6198272705078,148.18311523180301,147.34789719527257,147.8334887323466,159200
2024-08-21,148.46475219726562,148.69784147054827,147.76549919649543,148.11512569688054,213900
2024-08-22,147.12452697753906,149.01833097922102,147.05653705023582,148.882365943692,383900
2024-08-23,149.36795043945312,149.4553533540893,148.14425035823945,148.43560822610348,218700
2024-08-26,148.94061279296875,149.56216926729059,148.5909863499705,149.49417934992204,103500
2024-08-27,149.1639862060547,149.41650325806245,148.55215102258964,148.78522544711888,127600
2024-08-28,148.4550323486328,149.1834195906641,147.6586551841886,149.09601667819868,74700
2024-08-29,148.5521697998047,149.84383024987417,148.44533906869995,149.09602995121872,253400
2024-08-30,149.7369842529297,149.82440198334137,148.2705032927991,149.08629343674951,266200
2024-09-03,146.65834045410156,148.88235783732682,146.15333596053455,148.8435022183899,243200
2024-09-04,146.37669372558594,147.163349534984,145.96879866956752,146.0464950829628,391400
2024-09-05,145.8619842529297,146.95942583854276,145.4540891513309,146.43497869428913,284300
2024-09-06,143.49229431152344,146.30871920286663,143.23007074110492,145.968814029954,207000
2024-09-09,145.02674865722656,145.52204661646144,144.32749576237998,144.75481862246127,363700
2024-09-10,145.42494201660156,145.56090703847352,144.0944112821304,145.3958077132773,214900
2024-09-11,146.8525848388672,146.93998775043693,143.29805157760262,145.40551686466026,274300
2024-09-12,147.96945190429688,148.09571044444905,146.35728446495938,146.88173161707036,261700
2024-09-13,148.72695922851562,148.96004847586246,148.05684060908496,148.24136774418338,186900
2024-09-16,149.24169921875,149.27083352505636,148.3870533828898,148.82409761564034,194300
2024-09-17,148.99888610839844,149.90209395598526,148.49386682608187,149.65929821897788,556600
2024-09-18,148.60069274902344,150.4847899784687,148.45502123914892,149.3582142385215,574100
2024-09-19,151.17434692382812,151.65993841607806,150.33912896439517,151.19375991378317,156600
2024-09-20,150.64019775390625,150.90242131678335,150.00893472302528,150.64990424916957,301700
2024-09-23,151.09666442871094,151.31032589051364,150.73733143344174,151.0286745003748,147100
2024-09-24,151.57254028320312,151.82504253226713,150.77616309764647,151.47541605406025,372700
2024-09-25,151.19374084472656,151.91242149748155,150.9800942486326,151.79588429614404,326100
2024-09-26,152.57286071777344,152.81565647651016,151.93187635813007,152.7768008564291,197400
2024-09-27,152.10667419433594,152.85448924127056,151.8638784483641,152.5825591913082,141900
2024-09-30,152.38833618164062,152.50487340572673,151.07723313436256,151.92215764714152,370100
2024-10-01,151.12579345703125,152.28150364575907,150.36827187130797,152.28150364575907,201700
2024-10-02,151.14520263671875,151.40741135547995,150.22256700712268,150.8829790988822,123700
2024-10-03,150.57220458984375,151.07722389512764,149.93123507749175,150.49452299125522,192000
2024-10-04,151.83474731445312,151.91244373307546,150.66933067327142,151.48512084019094,151500
2024-10-07,150.53338623046875,151.5822657966866,150.31001825830748,151.36860432102674,148200
2024-10-08,151.57254028320312,151.67935618855282,150.7664566023629,151.03838666107083,131100
2024-10-09,152.37860107421875,152.47572529821744,151.18405017823002,151.3200152003826,204800
2024-10-10,152.12612915039062,152.33008413379648,151.54341332844157,151.89303985779523,110500
2024-10-11,153.0001678466797,153.16528200237414,152.0192783223958,152.0192783223958,157000
2024-10-14,153.97134399414062,154.1752989414804,153.09728523485882,153.18468814697172,98900
2024-10-15,152.44659423828125,153.94220951378017,152.2329327961991,153.9227965238282,146200
2024-10-16,153.0681610107422,153.1749917389407,152.42717664155106,152.6796937186079,121600
2024-10-17,153.1555633544922,153.96164706077255,152.71853394771006,153.96164706077255,168800
2024-10-18,153.8353729248047,153.98105925834523,153.33036846194284,153.76739782441302,106900
2024-10-21,153.16529846191406,153.67030302145648,152.5340205338682,153.5149249826396,160000
2024-10-22,152.9224853515625,153.0875846872152,152.3300631146548,152.43689383996855,114700
2024-10-23,151.39772033691406,152.24264482188508,150.61106446206836,152.15524190669709,801700
2024-10-24,151.8930206298828,152.1261098929718,151.24232977522107,152.10668208294513,217200
2024-10-25,151.65023803710938,153.02933110626805,151.51427299327267,152.56315253961793,282400
2024-10-28,152.32032775878906,152.6408199051862,152.29119345630528,152.55341699773484,54400
2024-10-29,152.32032775878906,152.66995420766997,151.72790557649293,152.0969598333882,110300
2024-10-30,151.7667694091797,152.57285306604865,151.67935167792,151.9415752335464,116400
2024-10-31,149.29995727539062,150.747025268964,149.27082297114413,150.747025268964,360400
2024-11-01,149.902099609375,150.96068550607237,149.82440319231333,150.15460185051825,222200
2024-11-04,149.69815063476562,150.52366213228999,149.38737977319624,150.18374214646775,238800
2024-11-05,151.46571350097656,151.50455430219856,150.0089389403785,150.0089389403785,261100
2024-11-06,153.7965545654297,153.94222610114724,152.36891423908622,153.45663455665158,298500
2024-11-07,155.3018798828125,155.5543821324913,154.61233342000344,154.69973633499876,146900
2024-11-08,155.2727508544922,155.58352172472888,154.88426874284968,155.03966158750669,169300
2024-11-11,155.632080078125,155.90401014016126,155.25331929035474,155.78747291902485,131600
2024-11-12,154.5928955078125,155.39897913793854,153.92279171756212,155.27273543088745,118100
2024-11-13,154.3889617919922,154.92311540268145,153.86451467637855,154.4860860190544,188000
2024-11-14,153.7479705810547,154.8551185522826,153.64113986369605,154.74828783492393,167700
2024-11-15,152.14553833007812,153.0195971368795,151.6502254963572,153.0195971368795,329500
2024-11-18,152.85450744628906,153.09730322117795,152.01928938790815,152.24265735146406,311000
2024-11-19,153.30125427246094,153.505194419469,151.72792761443887,151.76678323611125,579900
2024-11-20,153.2138214111328,153.30123914172873,151.9124397760298,153.155552803453,347500
2024-11-21,154.00048828125,154.32096561560024,152.76708177910888,153.81596114875538,288800
2024-11-22,154.6706085205078,154.7580262582483,153.96164903733396,153.96164903733396,171100
2024-11-25,155.15618896484375,155.94285963384166,154.67059747041552,155.65150177336943,541100
2024-11-26,155.43785095214844,155.5932437975626,154.9522594245373,155.26303029628818,102300
2024-11-27,155.24359130859375,155.75831705614195,154.99107427231166,155.48638703174194,237900
2024-11-29,156.4964141845703,156.63237919978064,155.45725617240734,155.57379337999473,191600
2024-12-02,156.8946075439453,157.01114475510397,156.37988176922707,156.6809461107707,224200
2024-12-03,157.05972290039062,157.19568793364832,156.74893721347178,157.00145428886265,194400
2024-12-04,157.97264099121094,158.06004391052755,157.37049741362668,157.37049741362668,222300
2024-12-05,157.9823455810547,158.35139988359808,157.85608704195778,158.18630054274377,274300
2024-12-06,158.25425720214844,158.47762512913846,157.9337650534711,158.098864375079,259600
2024-12-09,157.35105895996094,158.43877907520718,157.28306904322048,158.40964477348274,352800
2024-12-10,156.6809539794922,157.43847552821848,156.53526763915164,157.43847552821848,161600
2024-12-11,157.90464782714844,158.06974716661077,157.3025190809826,157.49675272628667,299800
2024-12-12,156.8848876953125,157.64242403214473,156.78777829146537,157.50644419242226,328000
2024-12-13,156.7003936767578,157.67157674306785,156.32163287365998,157.4190596616176,272700
2024-12-16,157.04029846191406,157.35108415550562,156.75866189378954,156.97232335336435,369500
2024-12-17,156.45651245117188,156.64230694704457,156.11425786184265,156.53474249790017,345300
2024-12-18,151.9388427734375,156.79877462004626,151.6552569752322,156.36851680267026,356100
2024-12-19,151.7237091064453,153.23938458071984,151.6161446554747,152.77979237392324,410100
2024-12-20,152.89712524414062,154.15854929290015,150.57961796065302,150.67739432704946,349900
2024-12-23,153.9141082763672,153.98256517152456,152.22242619217843,153.004711840872,424800
2024-12-24,155.25375366210938,155.4004256708576,153.98254154315495,154.12921355190318,153100
2024-12-26,155.53732299804688,155.7426787291413,154.75503747704502,155.1755220994363,539300
2024-12-27,154.10968017578125,154.72571758512336,153.21983012568447,154.67682193781516,560700
2024-12-30,152.6624298095703,153.35671211491314,151.70413789534874,152.6624298095703,274900
2024-12-31,152.05616760253906,153.20025401843495,151.78236990920612,153.1024776541619,242100
2025-01-02,151.76280212402344,153.2784774530249,150.8534058791353,152.8384465306321,1067300
2025-01-03,153.50340270996094,153.5620715190391,152.17352166104735,152.57444508422395,272700
2025-01-06,154.26611328125,155.5764478905899,154.07054562818382,154.56926030248638,432200
2025-01-07,152.94602966308594,155.30265956502885,152.5548794124912,155.15597262573468,231900
2025-01-08,152.96556091308594,153.31758864350726,152.1148334482573,152.7699932674863,197900
2025-01-10,150.83384704589844,152.12462035442795,150.33514731534194,151.97793343071967,614800
2025-01-13,150.81430053710938,150.85342302226175,149.37685508531357,149.41597757046594,515800
2025-01-14,151.00985717773438,151.60634820549032,150.21779850106037,151.42056863757404,188900
2025-01-15,153.63052368164062,153.91409455707608,152.9362413135855,153.32739156349555,226800
2025-01-16,153.65985107421875,154.38346781289354,153.3958265326832,153.96298317853277,394800
2025-01-17,154.89193725585938,155.34175628241914,154.58880515835088,154.92127165749855,193700
2025-01-21,156.7205352783203,156.76943092209726,155.58622199446006,156.08492175093136,482000
2025-01-22,157.32679748535156,157.7570552717571,157.25835552161726,157.48325757510912,226600
2025-01-23,158.28509521484375,158.5784541636585,157.19967754882828,157.33657640216106,372400
2025-01-24,158.15798950195312,158.7642537402683,157.93307251218243,158.451333539295,234400
2025-01-27,156.4369354248047,156.50539230410553,155.33197156329095,155.42974792119384,792300
2025-01-28,157.36590576171875,157.66905278232088,155.95780971007503,156.67163835665806,313400
2025-01-29,156.85743713378906,157.50282383395685,156.35872244690674,157.24857244978753,111900
2025-01-30,157.97218322753906,158.59800866200015,157.24856650734597,157.66905113096726,395600
2025-01-31,157.10189819335938,159.0869389893777,156.97477250308984,158.49044794244054,265900
2025-02-03,155.8404541015625,156.36850316624037,154.03143469917168,154.5105732005827,249200
2025-02-04,157.0823516845703,157.170354899539,155.95782637101811,156.10449839596595,122300
2025-02-05,157.97218322753906,158.0015176290876,156.7694280014829,157.00410321387125,248200
2025-02-06,158.4709014892578,158.56869278641503,157.82551473807717,158.4122326793063,151500
2025-02-07,157.04322814941406,158.95003888412896,156.99433250578434,158.75447123046558,224900
2025-02-10,158.0992889404297,158.31441782547944,157.74727613309904,158.0406201392079,372800
2025-02-11,158.3828887939453,158.53934889168872,157.73750208139583,157.76683648461568,221100
2025-02-12,158.24598693847656,158.47088899918376,156.82810276659163,156.95521353784912,210900
2025-02-13,159.92788696289062,159.99632892510078,158.36331594186774,158.66644803348785,186700
2025-02-14,159.9376678466797,160.36792564428177,159.87899904170774,160.27013435542463,177600
2025-02-18,160.4559326171875,160.57328515074113,159.9278984391926,160.36792940766438,417900
2025-02-19,160.39724731445312,160.46570419539017,159.65408430904088,159.77142190967055,393400
2025-02-20,160.0843505859375,160.34836020139457,159.243396254708,160.23102259452475,178400
2025-02-21,157.7081756591797,160.09414004751474,157.52238114881405,159.97680242869725,124400
2025-02-24,157.0725555419922,158.38287517600418,156.85742665630605,158.29487197391117,281500
2025-02-25,156.85743713378906,157.669057089299,155.8111270361665,157.48326259190017,188200
2025-02-26,156.95521545410156,158.19709322516613,156.39784687583003,157.3365776142419,164800
2025-02-27,154.55947875976562,157.4539308785006,154.50080995344942,157.33657834501204,361300
2025-02-28,156.45651245117188,156.5445156584203,153.89454183445778,154.6670392995089,339400
2025-03-03,154.78436279296875,157.97217349278338,153.93363535877498,157.74727145448531,245900
2025-03-04,153.4838409423828,155.48842801483,151.85081300946936,153.6891817534929,509000
2025-03-05,155.71334838867188,156.02625365272002,153.30782296000493,153.8945408462717,219500
2025-03-06,153.02426147460938,155.02884871366288,152.4473167134482,153.77719773906526,482600
2025-03-07,154.14877319335938,154.31500644183373,151.56724142019794,152.75045032162225,200900
2025-03-10,149.94400024414062,152.21262674144742,148.78035259430268,151.76280772185896,338700
2025-03-11,149.05413818359375,150.53070588731842,147.88071746892098,149.78752799537097,737300
2025-03-12,149.80709838867188,150.69694832900657,148.5065519191492,150.50138068475349,478500
2025-03-13,147.89051818847656,149.64086879033528,147.52870237089672,149.5039699439377,386900
2025-03-14,151.0392303466797,151.21523678223812,149.29863771018688,149.34753336035007,108900
2025-03-17,152.41798400878906,152.94603312884345,151.08810296834466,151.12722545471885,201400
2025-03-18,151.10765075683594,151.9290438472758,150.60895100639502,151.84104064205485,344200
2025-03-19,152.47665405273438,153.376292196348,151.1565610836176,151.51836202079778,323100
2025-03-20,151.8899383544922,152.83845714596578,151.1369872175702,151.15654845928205,676400
2025-03-21,151.79214477539062,151.90949730303456,150.43292945362026,150.8142915965384,404200
2025-03-24,153.93365478515625,154.00211167376042,153.13182288962443,153.13182288962443,199600
2025-03-25,154.28567504882812,154.47146954217385,153.93364730376663,154.33457069247524,368300
2025-03-26,152.52554321289062,154.15855632264766,151.99750903187558,154.01188430593686,138100
2025-03-27,152.13441467285156,152.8971390354771,151.55748482025015,151.9877277287424,331200
2025-03-28,149.4941864013672,151.75302467047783,149.2594962863327,151.56723019451562,222500
2025-03-31,149.7875518798828,150.0809108355423,146.93222221456674,147.7145077893733,420600
2025-04-01,150.19825744628906,150.6382884019947,148.51634874909152,149.45507946514948,397000
2025-04-02,151.20545959472656,151.6063681053325,148.69236946765315,148.8097070882347,146200
2025-04-03,144.99607849121094,147.4798340980343,144.80051082568588,146.81488613022134,698600
2025-04-04,136.16604614257812,141.05531171322727,136.10737734306704,140.62505395567342,563200
2025-04-07,134.95350646972656,140.02856665328105,129.98601072839818,131.68748056337773,1831000
2025-04-08,133.28140258789062,140.28283552445478,131.60926694478002,139.66678319475244,955000
2025-04-09,145.19163513183594,146.00325505694948,132.56756199237623,132.82179844616815,833400
2025-04-10,140.90866088867188,142.80568368163,137.1145854610423,142.14075062611292,832400
2025-04-11,143.66619873046875,144.0573489857896,140.0383715026145,140.76197336345905,639800
2025-04-14,144.98629760742188,146.1499452984696,143.74441987015982,145.8761326762916,322800
2025-04-15,145.1623077392578,146.34551670238227,144.859175627947,145.46543985056863,390000
2025-04-16,142.8056640625,144.9373916376162,141.59313573470152,143.93020411075247,610800
2025-04-17,143.42172241210938,144.57559690961287,142.79589698119645,143.51951369728695,157000
2025-04-21,140.7913055419922,142.57100560364273,139.3734213259012,142.57100560364273,411800
2025-04-22,144.1160125732422,144.70271555368515,142.33631254792965,142.49277264439021,260000
2025-04-23,145.91526794433594,148.26210985296407,145.5534670046438,146.9713512794757,823600
2025-04-24,148.73147583007812,148.78035655278282,146.09126028638065,146.4432880308166,149200
2025-04-25,149.66043090820312,149.69953846989358,148.11542110646252,148.61412085250612,283100
2025-04-28,150.05157470703125,150.35470682008054,148.62391735121406,149.84623388502968,502800
2025-04-29,150.76539611816406,151.04898189602008,149.5626408847011,149.5626408847011,275400
2025-04-30,150.86318969726562,151.2445518463963,147.85140006683505,149.23017665248273,639100
2025-05-01,151.3521270751953,152.67223495052187,151.2054550538731,151.96817940646193,178900
2025-05-02,153.72830200195312,154.0998760569419,152.81889080340233,153.1904797792462,175000
2025-05-05,153.16116333007812,153.9336608526159,152.84824311987856,153.07314519542396,286500
2025-05-06,152.26153564453125,153.19049324494276,151.82148974672793,152.03661865472088,344700
2025-05-07,152.57443237304688,153.1318158545668,151.6161404226074,152.4081991208889,258200
2025-05-08,153.1513671875,154.4323525237644,152.65266741470535,153.49362178428555,308800
2025-05-09,153.30783081054688,154.00211318081998,152.91669548024367,153.8163186766262,366500
2025-05-12,157.0725555419922,157.0823287019398,155.70355218573,156.82809225560837,364700
2025-05-13,158.04061889648438,158.50999914427737,157.13122264298804,157.20945268428687,298800
2025-05-14,158.04061889648438,158.50999914427737,157.58102672938793,158.27530902038086,439400
2025-05-15,158.91091918945312,159.05760612291635,157.71793708406,157.8841852594895,698600
2025-05-16,159.88877868652344,159.9083399292593,158.64691580863794,159.0576123809532,603000
2025-05-19,160.29946899414062,160.37769904117044,158.6175752059947,158.6175752059947,467400
2025-05-20,160.13323974609375,160.36792989305522,159.45853355018485,160.14302782775226,691000
2025-05-21,158.03086853027344,160.27014596712337,157.80596645463467,159.33141517784867,448400
2025-05-22,157.91351318359375,158.7935750648453,157.59081984824013,157.63971549072193,233200
2025-05-23,157.395263671875,157.8939634514876,156.094717075508,156.1924934467434,204200
2025-05-27,160.20169067382812,160.33858952424816,158.92070537614302,159.24339872088788,324800
2025-05-28,159.16517639160156,160.2212596835534,159.00871629186284,159.9865695339453,250000
2025-05-29,159.73233032226562,160.36792895037283,158.8229190638848,160.36792895037283,339800
2025-05-30,159.69320678710938,160.11369143007067,158.32421824902704,159.64431114199442,596500
2025-06-02,160.80795288085938,160.91551732777052,158.95003780241797,159.497633197291,155300
2025-06-03,161.26754760742188,161.47290334415771,160.19191804224357,160.36792445585513,496200
2025-06-04,161.463134765625,161.94228826198074,161.36535838653805,161.57069922722087,333300
2025-06-05,160.79818725585938,162.147629485645,160.40703701200897,161.94227374251653,260100
2025-06-06,162.1769561767578,162.48986143610227,161.70757590645798,162.08893805054194,189300
2025-06-09,162.2551727294922,162.68543052062745,161.94226746739284,162.3529640168795,299500
2025-06-10,162.8614501953125,162.97878780229794,162.02049586325413,162.5191956137977,176100
2025-06-11,162.4898681640625,163.42861382267589,162.19650921319231,163.26238056538253,121900
2025-06-12,163.2721405029297,163.32103614425742,162.41162496229728,162.50941624495272,274600
2025-06-13,161.3457794189453,162.58765717170652,161.04264731161635,161.63913836569637,394600
2025-06-16,162.7460174560547,163.5244641640008,162.38141516874305,162.47995957845234,349100
2025-06-17,161.24822998046875,162.39127897816894,161.07086808553214,162.11537267331246,222100
2025-06-18,161.2876434326172,162.23361867386632,161.06100932610286,161.57341320826976,277900
2025-06-20,160.63729858398438,161.9379976024222,160.4008010189202,161.85916508073413,434100
2025-06-23,162.0858154296875,162.1449360624536,160.04606338465905,160.42051410653278,259800
2025-06-24,163.97775268554688,164.19453836528416,163.0712012229029,163.25841155016113,643600
2025-06-25,163.6919708251953,163.9777405800097,163.37665579161575,163.88905963641847,199200
2025-06-26,165.2489013671875,165.29817357659925,164.28322921293963,164.47045458724395,203500
2025-06-27,166.12586975097656,166.55944107702766,165.16019772934976,165.76128251578143,184300
2025-06-30,166.9043426513672,167.1408251826956,166.19486498584948,166.5200435021923,311100
2025-07-01,166.6776885986328,166.90433773216412,166.12587599410853,166.41164575872946,593500
2025-07-02,167.38717651367188,167.38717651367188,166.35253533458894,166.45106471386188,385600
2025-07-03,168.37254333496094,168.52035994243258,167.69262603358086,167.69262603358086,153200
2025-07-07,166.99302673339844,167.84045757001093,166.3229577986096,167.6630806324208,298600
2025-07-08,167.0817108154297,167.4857218692878,166.79595606743663,167.17039176800338,316000
2025-07-09,168.2050323486328,168.24445612551105,167.33790472226147,167.7813244796667,220000
2025-07-10,168.5302276611328,168.70760460325099,167.77147775606298,168.14592849493818,201900
2025-07-11,167.6236572265625,167.9094119442059,167.27876684438388,167.5349762834075,172200
2025-07-14,167.9685516357422,168.0769444696743,167.20980179821754,167.33790652080063,347300
2025-07-15,166.99302673339844,168.53022335893584,166.93390609945723,168.53022335893584,286400
2025-07-16,167.51527404785156,167.66307562829323,166.0864703057731,167.26892805660472,307500
2025-07-17,168.45138549804688,168.4612489605689,167.34776027073315,167.49556185090339,286700
2025-07-18,168.3134307861328,169.01306000924768,168.01781259276362,169.01306000924768,329400
2025-07-21,168.71743774414062,169.4663241182722,168.61889333680713,168.64845365185408,218900
2025-07-22,169.01304626464844,169.15099940556655,168.11634333079837,168.81597249701753,588200
2025-07-23,170.9542694091797,171.03310193062939,169.72253945358926,170.09697513576782,437300
2025-07-24,170.81631469726562,171.1710535226701,170.71777028741096,170.9838281654058,985600
2025-07-25,171.21046447753906,171.31885731547348,170.48127492818338,170.54041059631987,216400
2025-07-28,170.47142028808594,170.9739606806839,170.1462417861347,170.89512816180792,211500
2025-07-29,170.10682678222656,170.86556155641495,169.88017766039002,170.75716872642158,215600
2025-07-30,169.62400817871094,170.46159062768217,168.87512172059314,170.12654862663334,519700
2025-07-31,168.5991973876953,170.52069305487362,168.41197203421743,170.47142085094276,719300
2025-08-01,166.490478515625,167.39702994374252,165.7711374076357,167.39702994374252,361500
2025-08-04,168.91452026367188,169.2988194149335,167.77147123682383,167.77147123682383,99000
2025-08-05,168.34300231933594,169.32838633904984,168.03753567894734,169.06234347947924,169900
2025-08-06,169.6732635498047,169.88018575780455,168.6287589759539,168.8061208685252,311700
2025-08-07,169.8309326171875,170.97396659098783,169.1313033853318,170.81631658355175,238300
2025-08-08,171.09222412109375,171.24002570280436,170.39259488420907,170.4714274063768,255200
2025-08-11,170.56997680664062,171.35827197984054,170.38275144048734,170.97397282038727,161400
2025-08-12,172.5604248046875,172.57028826663708,171.07250051952528,171.2695742935693,274100
2025-08-13,173.20094299316406,173.3881683514314,172.63926691836198,173.1615192147046,155900
2025-08-14,173.03343200683594,173.20094547827708,172.5308765567463,172.6097090790303,112900
2025-08-15,173.15167236328125,173.6542127749662,172.974295430132,173.6542127749662,115400
2025-08-18,172.95458984375,173.13195173217784,172.71809229008085,172.94472638166042,129900
2025-08-19,172.23526000976562,173.34874872353262,172.01848936611248,173.12211461714543,226200
2025-08-20,172.1170196533203,172.31409344408036,170.96412218981925,172.31409344408036,169300
2025-08-21,171.4174041748047,171.91994459289643,170.9739693541614,171.50608512462682,550800
2025-08-22,173.97938537597656,174.3144123057128,171.82139214989883,171.99876907701932,264700
2025-08-25,172.92503356933594,173.7231921574406,172.85604947615863,173.644359637709,275100
2025-08-26,173.3684539794922,173.47684681505442,172.52102318394174,172.66882476163306,382200
2025-08-27,173.634521484375,173.7429143259484,172.89548348340185,172.95460411775704,157600
2025-08-28,174.33413696289062,174.39325759767232,173.55569021198727,173.88086873905326,159100
2025-08-29,173.309326171875,173.88085064155828,172.86589138563156,173.81186655098168,419100
2025-09-02,171.99876403808594,172.01847592624753,170.63892943447445,171.131621388158,222600
2025-09-03,172.63926696777344,172.81664389935972,171.9987734074012,172.4027844400131,164600
2025-09-04,174.07794189453125,174.09763874887503,172.74766747376003,172.97430158484673,192900
2025-09-05,173.85128784179688,175.2012741145835,173.02356890971575,174.8859440247814,176400
2025-09-08,174.66915893554688,174.85638429752694,174.24545104118462,174.60018987552417,282700
2025-09-09,174.9647674560547,175.01403965949686,174.15676045551183,174.60018021496046,133700
2025-09-10,175.26039123535156,175.91074825571087,174.85638020430113,175.70381100895437,202500
2025-09-11,176.8468475341797,176.94539193725888,175.82203987090975,175.82203987090975,131700
2025-09-12,176.63006591796875,176.99465315332807,176.35415962595116,176.6399143441961,269200
2025-09-15,177.5464630126953,177.66471930443467,177.22129955876582,177.24099641091823,220600
2025-09-16,177.3789520263672,177.76325114940357,177.04392510592834,177.75340272319016,111600
2025-09-17,176.93553161621094,177.83223457854797,175.89102708239645,177.2705585354033,185100
2025-09-18,177.86180114746094,178.3544931173985,177.1621719344127,177.62530358901526,153500
2025-09-19,178.39390563964844,178.52201036599195,177.5760501836945,178.1771350011867,175000
2025-09-22,179.0541229248047,179.2314848174034,177.9209223687273,177.98004299959354,161700
2025-09-23,178.32493591308594,179.40886428016486,178.02931771881296,179.22163892259977,140500
2025-09-24,177.5267791748047,178.41361873115545,177.25087286679485,178.34464967203604,97600
2025-09-25,176.71875,176.87641503702898,175.8910311092461,176.4921159066243,523000
2025-09-26,177.66473388671875,177.75341483597822,176.77787928682523,177.05378559725443,184700
2025-09-29,178.2855224609375,178.5614438178018,177.8716629792913,178.3347946687978,244500
2025-09-30,178.90631103515625,179.0147038731946,177.83224611735457,178.09830399904257,180800
2025-10-01,179.69461059570312,179.89168437073286,178.49244102152684,178.52200133599305,197600
2025-10-02,179.97052001953125,180.2661382051025,179.24133049989095,180.21686600154638,275000
2025-10-03,180.33511352539062,181.09386338636662,180.00993501354375,180.4336579359258,298600
2025-10-06,180.9263458251953,181.22196401434903,180.48292605934753,180.97561802934854,116100
2025-10-07,179.9508056640625,181.15297524267731,179.73401999999982,180.95590146691993,201700
2025-10-08,180.83766174316406,180.8967823728164,180.1774563191036,180.3745300965333,729700
2025-10-09,180.0000762939453,181.08400460478646,179.58621685774193,180.9854601998863,354400
2025-10-10,175.5954132080078,180.51248442847964,175.5165806893657,180.21686624251313,303900
2025-10-13,178.00961303710938,178.37421534030705,177.13262188124273,177.28043850224714,163900
2025-10-14,178.1278533935547,178.82746754873395,175.78263487930056,176.4724006082679,304800
2025-10-15,178.85702514648438,180.00007407184862,177.56617465135966,179.22162741150183,167900
2025-10-16,178.23626708984375,179.9508256688791,177.4676687539106,179.60595028190585,3485200
2025-10-17,178.9851531982422,179.2314992038022,177.42824463881098,177.7435747430959,373000
2025-10-20,180.56175231933594,180.74896263140315,179.80300250182347,179.80300250182347,1567100
2025-10-21,180.18731689453125,180.63073668258684,179.9114105803737,180.3646787954469,213200
2025-10-22,179.3300323486328,180.32526473566426,178.29537618316022,180.246432214548,586400
2025-10-23,180.48292541503906,180.69971108392684,179.60593431299873,179.63549462823198,130600
2025-10-24,181.59640502929688,181.9117351165412,181.34021061023546,181.46831533764924,146400
2025-10-27,183.53759765625,183.56715797004335,182.8576954032382,182.9168160308249,102500
2025-10-28,183.9120635986328,184.33578652442168,183.38981129728262,183.7347017011627,267100
2025-10-29,183.4883575439453,184.27665269938558,182.59165451350077,184.148563006298,232700
2025-10-30,181.95114135742188,183.17302287504143,181.92158104162,182.57193806079326,140800
2025-10-31,182.32559204101562,182.887268112688,181.59640250123903,182.8675562235681,582700
2025-11-03,182.65077209472656,183.14346407652764,181.7343571899782,183.14346407652764,134800
2025-11-04,180.4040985107422,181.58655626417308,180.1971612619029,180.60117229701964,280800
2025-11-05,181.22195434570312,181.8920081719879,180.23657045827383,180.44349265460565,166500
2025-11-06,179.5074005126953,181.24167093051543,179.23149419703682,181.09386934561496,749000
2025-11-07,179.89169311523438,179.93111689361587,177.49721731248573,178.8964607297087,1215900
2025-11-10,182.4635467529297,182.68033242780365,180.95591049133913,181.43875404642498,353300
2025-11-11,183.044921875,183.251859125591,182.15808231136137,182.36501956195235,194900
2025-11-12,183.51791381835938,183.75439634547624,183.0547821550676,183.7051241404049,373500
2025-11-13,180.55191040039062,182.87741729708165,180.2661556493376,182.81829666139944,320900
2025-11-14,180.5124969482422,181.33036747064264,178.55157737990132,179.0245574887928,233700
2025-11-17,178.63040161132812,180.68985046237393,177.81253112689623,179.73402682609606,496600
2025-11-18,177.14248657226562,178.1377190032227,175.9600287748648,177.38883257321442,229200
2025-11-19,177.42823791503906,178.53186316667976,176.50197456351216,177.12277128544324,208700
2025-11-20,174.7085723876953,180.4040902543182,174.639588295984,179.80300546043338,396800
2025-11-21,176.56109619140625,177.80268964226198,174.570631356452,175.6249844076334,893400
2025-11-24,178.5121612548828,178.91617228582797,176.9848131144123,177.3494003670494,886000
2025-11-25,180.54205322265625,180.73912701063432,177.8519591791284,178.81763126525726,820900
2025-11-26,182.0299835205078,182.3847223646873,181.11358361057475,181.2613851974134,469000
2025-11-28,182.94639587402344,183.064637141819,182.13837378204317,182.19749441594095,413600
2025-12-01,182.12852478027344,182.83800245634097,181.87233035560266,181.87233035560266,363100
2025-12-02,182.5719451904297,182.9759562365204,182.05954130357725,182.6113689702157,466700
2025-12-03,183.3405303955078,183.52775574669,182.2467536390231,182.47338773140737,210000
2025-12-04,183.52777099609375,183.9022217295714,182.97595835882146,183.9022217295714,372800
2025-12-05,183.85293579101562,184.60182216627334,183.616438234519,184.03029768156395,278000
2025-12-08,183.19273376464844,184.12884551005436,182.8577068302111,184.12884551005436,391000
2025-12-09,183.16317749023438,183.78395916814944,183.04492118929699,183.1828743439188,301900
2025-12-10,184.39491271972656,184.85804440255848,182.83800419553353,183.14347082979145,1259100
2025-12-11,185.10438537597656,185.20291475183475,183.60659752672998,184.29636330080203,498700
2025-12-12,183.37008666992188,185.1536291263849,182.7197296861767,185.055099757668,296000
2025-12-15,183.53759765625,184.62152594788893,183.21241916875832,184.62152594788893,1077100
2025-12-16,182.96644592285156,183.50285208538122,182.05255921349553,183.10551530998342,397400
2025-12-17,181.0790557861328,183.16511172104546,181.01945678640837,182.98631472187213,558200
2025-12-18,182.44989013671875,183.49291808546525,182.15187998601604,182.71810078809378,258800
2025-12-19,183.94985961914062,184.2280135506373,182.99624529587854,183.1154432969297,921900
2025-12-22,185.05247497558594,185.13194535710292,184.45646985034656,184.71473722220773,443700
2025-12-23,185.9663848876953,186.01604061555992,185.10215392443047,185.10215392443047,206900
2025-12-24,186.47299194335938,186.60213321390938,185.88691490496888,186.0061129039836,163500
2025-12-26,186.56239318847656,186.75113346131187,186.23458352893525,186.71140584686427,309100
2025-12-29,185.85711669921875,186.24452535613995,185.43989338491016,185.79750254187022,684000
2025-12-30,185.7677001953125,186.23457923078468,185.6882298108251,185.96638373524397,333600
2025-12-31,184.53594970703125,185.80744556173855,184.43660793567784,185.80744556173855,211100
2026-01-02,185.27102661132812,185.9862449334014,184.35713990144035,185.96638870481843,307500
2026-01-05,186.7610626220703,187.06901605482662,186.08558707069204,186.08558707069204,508800
2026-01-06,187.724609375,187.823951142076,186.83059410101833,186.8802649845563,466200
2026-01-07,186.96966552734375,187.98289396439418,186.89019514429805,187.6352129332475,314600
2026-01-08,186.98953247070312,187.07893096547133,186.40344030434142,186.69152233071716,490400
2026-01-09,188.27096557617188,188.50937673130622,187.0590687297346,187.44647738343662,650000
2026-01-12,188.78750610351562,188.86697648460483,187.77427769140985,187.77427769140985,638300
2026-01-13,188.27096557617188,188.82724311405923,187.6948166526668,188.79744361434572,260900
2026-01-14,187.67494201660156,188.02262305047253,186.79085483975126,187.75441240026996,232200
2026-01-15,187.99282836914062,188.80738845454772,187.82395948355224,188.737846183021,246600
2026-01-16,187.95309448242188,188.54909961917988,187.50607168307124,188.39015885307413,249800
2026-01-20,184.40679931640625,186.14517412714065,184.25780182417063,185.3703568526645,411300
2026-01-21,186.41339111328125,187.29747829795295,184.6253453584885,185.1120957787289,503000
2026-01-22,187.30740356445312,187.87362436045711,186.890195420915,187.60541371195913,1321100
2026-01-23,187.6054229736328,187.86369036359437,186.77100664536326,187.1385439228906,502500
2026-01-26,188.6484375,189.045774249651,188.21135798092865,188.21135798092865,278600
2026-01-27,190.01927185058594,190.18815589510876,189.34379630220005,189.34379630220005,210100
2026-01-28,189.5225830078125,190.128531408559,189.02590448777192,189.88019214853873,163300
2026-01-29,189.53253173828125,190.28747765381524,187.15840895039986,190.2179505408682,450600
2026-01-30,188.37030029296875,189.15504568508234,187.21800248910844,188.76763704588757,992300
2026-02-02,189.39346313476562,189.6815300166055,188.0027541384125,188.0027541384125,776100
2026-02-03,188.1815643310547,189.5424586562012,186.6915287374166,189.47293154369288,384700
2026-02-04,187.724609375,189.04577605849778,186.64185383802928,188.83717956803397,417600
2026-02-05,185.2213592529297,186.90011990837004,184.89354961277613,186.165045403867,612500
2026-02-06,188.97625732421875,189.20472520971015,186.60213449715042,186.60213449715042,570300
2026-02-09,190.56561279296875,190.82389532666528,188.74776757297116,189.0159782204923,291500
2026-02-10,190.3272247314453,191.2609676649085,190.20801157345483,190.93317316335703,310500
2026-02-11,190.55569458007812,191.5589797958166,189.60206509346835,191.48945268058054,257300
2026-02-12,187.7643585205078,191.2510363963403,187.59548963668496,191.09209562659197,558300
2026-02-13,188.14181518554688,189.07557321777614,186.98953255182013,187.75440655062465,333700
2026-02-17,188.20143127441406,188.68816652276192,186.2544448087461,187.27760134630142,252900
2026-02-18,189.14512634277344,189.90007227129925,188.23123964273915,188.58884879992007,208000
2026-02-19,188.62857055664062,188.8371822074458,187.87362465155798,188.20143429857993,172600
2026-02-20,189.91993713378906,190.1384768977503,187.98289391451962,188.07229241138765,257900
2026-02-23,188.2411651611328,190.1583370347028,187.7941575101773,189.64180227056252,257500
2026-02-24,189.5027313232422,189.72127108989307,187.74448507606957,187.95309672875484,187900
2026-02-25,191.0920867919922,191.25102755439235,190.2675986391449,190.27754191018576,539100
2026-02-26,190.40667724609375,191.16163832537558,189.06565428658323,191.16163832537558,418200
2026-02-27,189.572265625,189.91000340174998,188.78752018403083,189.0855303459858,595600
2026-03-02,188.91664123535156,189.38352027316455,186.7710014731383,186.96966985663985,531400
2026-03-03,185.9663848876953,186.55246192481755,182.53929084917726,184.14853961952412,514800
2026-03-04,187.56568908691406,187.91335496668776,185.98623982720017,186.69153001561844,920300
2026-03-05,185.84716796875,187.04913667577406,184.11873639206723,186.14517811703433,931400
2026-03-06,183.75119018554688,184.82401766117928,182.588964209635,183.26445491240784,722300
2026-03-09,185.21142578125,185.66837671039343,180.5525786195012,181.75454736365964,1063600
2026-03-10,185.1220245361328,187.09881056599986,184.57567511507148,185.54916080150966,1090400
2026-03-11,184.78428649902344,185.5591038014216,183.92005554063624,184.8240141125761,320500
2026-03-12,181.93333435058594,183.4035136713145,181.91347812329192,183.20483013897118,484400
2026-03-13,180.5426483154297,183.47304865412613,180.2645095471252,182.55916196435044,299700
2026-03-16,182.8174285888672,183.45317650770167,182.16182444196906,182.40022043814074,318400
2026-03-17,183.2644500732422,184.21806436589515,183.1551801899772,183.74125721956867,162700
2026-03-18,180.56251525878906,182.86709573338987,180.51284437479396,182.54922935918748,399700
2026-03-19,180.15524291992188,180.94993162548576,178.41686800787488,178.66520728102444,537600
2026-03-20,176.8175506591797,179.6883518585289,175.83412174659315,179.59895336395522,430500
2026-03-23,179.34068298339844,181.3174690560507,178.69500693562216,179.6684926431303,505100
2026-03-24,178.6552734375,179.54928872919785,177.47317611002833,177.82084198683268,287300
2026-03-25,179.9863739013672,181.00953049340063,179.39035358327382,180.5525795618722,367800
2026-03-26,176.85728454589844,179.35062047081448,176.70828704965584,178.51620417700414,1251000
2026-03-27,174.25469970703125,176.15201539540365,173.8374915462115,175.9434037362806,1412900
2026-03-30,173.77789306640625,175.89374853451332,173.08254612962324,175.8738771484834,555600
2026-03-31,178.8241424560547,179.08240983537246,175.47651885173616,176.00299688173928,2361600
2026-04-01,180.6022491455078,181.5459353444948,180.02610021748623,180.37378126010438,1562800
2026-04-02,180.51284790039062,181.08899681965,177.46323442115272,177.92018534243635,457700
2026-04-06,181.3075408935547,181.46646650882147,180.50292407325708,180.5823793021773,226700
2026-04-07,181.2578582763672,181.3373286575704,178.99300546306435,180.53271188934772,264100
2026-04-08,186.41339111328125,187.2875350265153,185.4498335442381,186.86039876262294,628300
2026-04-09,187.10873413085938,187.52594227204642,185.4597577937208,185.86703782110305,618500
2026-04-10,187.12860107421875,187.9332178386544,186.7709919392001,187.70474996716132,285200
2026-04-13,188.72792053222656,188.82724714758467,186.1253146280507,186.33392628792765,752800
2026-04-14,190.72454833984375,190.9331599838576,189.47292394803662,189.4927801751425,1053600
2026-04-15,192.04571533203125,192.14504194000878,190.61527879181233,190.9331603151611,1367100
2026-04-16,192.09539794921875,192.46293522029532,191.4993776352435,192.3536653346474,272600
2026-04-17,194.4893798828125,195.17479870680015,193.57549316997114,193.95297371823713,276800
2026-04-20,194.2112274169922,194.3105691829308,193.31721215324606,193.91323243402707,2060600
2026-04-21,191.9960479736328,194.36024258530463,191.64836694576616,194.22117320564308,2488000
2026-04-22,193.62515258789062,193.70462297005147,193.04900368529377,193.3768133276726,771500
2026-04-23,192.532470703125,193.87349362614563,190.87355109112002,193.2079462215486,1536800
2026-04-24,193.97283935546875,194.0920373535247,192.66160074714946,193.16822255373918,477900
2026-04-27,194.15164184570312,194.2609117328213,193.44636679401643,193.84370357039543,1863100
2026-04-28,193.13841247558594,193.42649452095208,192.40333792691303,193.29735324837924,6058600
2026-04-29,192.58212280273438,192.7708630638645,191.73777842060662,192.64172179942275,476900
2026-04-30,195.2443389892578,195.46287876156043,192.9596146517289,193.8834294694776,11521900
2026-05-01,195.4529266357422,196.56549683272607,195.37345625328436,195.59199601568696,535200
2026-05-04,194.2609100341797,195.64167578254884,193.6251621030765,194.9761283513491,687500
2026-05-05,195.7211456298828,196.29729455920707,195.3138655864495,195.4330787439338,2142900
2026-05-06,199.29722595214844,199.44622344380753,197.6879772551033,197.95618789751506,943300
2026-05-07,197.79725646972656,199.63497312652078,197.41979108723413,199.63497312652078,674900
2026-05-08,199.30715942382812,199.41642930645745,198.75088189677905,198.77075328200962,413900
2026-05-11,199.5455780029297,199.9528428920498,199.02902806968598,199.02902806968598,541800
2026-05-12,199.23764038085938,199.35683838221865,197.4197950729983,198.7707613323003,666200
2026-05-13,200.29058837890625,200.538927643312,198.67141152460445,199.13829055428135,338300
2026-05-14,201.39321899414062,201.82035526114842,200.55878753086716,200.55878753086716,677800
2026-05-15,198.59194946289062,199.54557894743692,198.20454080048074,199.26744017224144,427500
2026-05-18,198.9197540283203,199.52570244963496,197.46944603130578,199.2773631811851,625800
2026-05-19,197.64825439453125,198.82040844356197,197.09197686906407,197.93632127113898,879800
2026-05-20,200.15151977539062,200.32038865695208,197.79725323262036,198.10519149649275,185800
2026-05-21,200.72767639160156,201.17468405493597,198.5522219182908,198.5522219182908,1585900
2026-05-22,201.1945343017578,201.98922298929523,200.90646742070632,201.43294545524682,1135800
2026-05-26,202.64483642578125,202.97264606830225,202.07861563667436,202.7342349217164,446900
2026-05-27,202.55543518066406,202.86337343410037,201.87001640627983,202.7541035547431,363000
2026-05-28,203.4395294189453,203.5487993021106,201.9395505539102,202.19783309089684,1146900
2026-05-29,203.5686492919922,204.2838675676255,203.43952318488158,203.68786244288134,1855200
2026-06-01,203.9958038330078,204.4328833589933,202.84350602039618,203.01237489954045,545000
2026-06-02,204.8103485107422,204.95936116212815,203.79713523696074,203.79713523696074,963000
2026-06-03,203.29051208496094,204.54215165557105,203.16138597686626,204.31366862312365,1305300
2026-06-04,204.30374145507812,204.63155109854452,203.012374266175,203.012374266175,114300
2026-06-05,199.04888916015625,203.00244594788128,198.5323392536303,202.90310418059437,423300
2026-06-08,199.71444702148438,201.23428216454656,199.35683786091525,200.5587914579487,310700
2026-06-09,199.04888916015625,201.74087825898016,195.40327063062486,200.91639009426058,911300
2026-06-10,196.12841796875,199.26742987799517,196.12841796875,198.09526067957486,229200
2026-06-11,200.201171875,200.69785039674326,196.31715735461128,197.31051439809775,558300
2026-06-12,200.97601318359375,201.63161734158572,199.41643528092553,200.60846075423285,397000
2026-06-15,203.6300048828125,204.4499969482422,203.4600067138672,203.6199951171875,1172400
2026-06-16,203.10000610351562,204.30999755859375,202.9600067138672,204.10000610351562,2003500
2026-06-17,200.99000549316406,203.94000244140625,200.52999877929688,203.5500030517578,813300
2026-06-18,202.72999572753906,203.25999450683594,202.1999969482422,203.1699981689453,2013900
2026-06-22,202.3699951171875,203.8800048828125,201.9499969482422,202.92999267578125,823500
2026-06-23,199.42999267578125,200.6199951171875,198.83999633789062,199.1199951171875,713100
2026-06-24,199.0,200.57000732421875,198.47999572753906,199.44000244140625,1744100
2026-06-25,199.2899932861328,200.69000244140625,198.60000610351562,200.69000244140625,1217800
2026-06-26,197.36000061035156,200.0800018310547,197.36000061035156,198.1999969482422,1262500
2026-06-29,201.24000549316406,201.36000061035156,198.92999267578125,200.02000427246094,502500
2026-06-30,202.63999938964844,202.8300018310547,201.10000610351562,201.10000610351562,738600
2026-07-01,202.0800018310547,203.00999450683594,201.32000732421875,201.85000610351562,809200
2026-07-02,202.64999389648438,204.3000030517578,201.33999633789062,203.13999938964844,682200
2026-07-06,204.44000244140625,204.72000122070312,203.39999389648438,203.5500030517578,511500
2026-07-07,203.1300048828125,204.3000030517578,202.7100067138672,204.0800018310547,446300
2026-07-08,202.2899932861328,202.44000244140625,200.55999755859375,201.38999938964844,476600
2026-07-09,203.72999572753906,203.9499969482422,202.49000549316406,202.69000244140625,316500
2026-07-10,204.6300048828125,204.75999450683594,203.02999877929688,204.0399932861328,186000
2026-07-13,203.00999450683594,204.14999389648438,202.67999267578125,203.94000244140625,330300
2026-07-14,203.97999572753906,204.63999938964844,203.49000549316406,203.88999938964844,858500
2026-07-15,204.75,205.0399932861328,203.5500030517578,204.61000061035156,286300
2026-07-16,203.5800018310547,204.5500030517578,202.83999633789062,203.97999572753906,432400
2026-07-17,201.89999389648438,202.61000061035156,201.02000427246094,201.27000427246094,433700
2026-07-20,201.10000610351562,202.8300018310547,201.00999450683594,202.61000061035156,363600
2026-07-21,203.1300048828125,203.3800048828125,201.8300018310547,202.47999572753906,355200
2026-07-22,203.10000610351562,203.64999389648438,202.97999572753906,203.0,267300
2026-07-23,200.61000061035156,201.6199951171875,199.80999755859375,200.74000549316406,300900
2026-07-24,200.8800048828125,202.16000366210938,200.55999755859375,200.92999267578125,340300
2026-07-27,201.25999450683594,202.7899932861328,200.4499969482422,202.5800018310547,272100
2026-07-28,201.8000030517578,202.3000030517578,200.25,200.97999572753906,322300
2026-07-29,199.17999267578125,202.47999572753906,199.11000061035156,201.49000549316406,252700
2026-07-30,202.97999572753906,203.0800018310547,200.9499969482422,201.16000366210938,1065700
2026-07-31,203.3699951171875,204.02000427246094,201.33999633789062,203.13999938964844,407800
2026-08-03,205.85000610351562,206.0399932861328,204.07000732421875,204.08999633789062,784700
2026-08-04,209.24000549316406,209.64999389648438,206.72999572753906,206.86000061035156,462300
2026-08-05,209.14999389648438,210.66000366210938,208.8300018310547,210.52000427246094,466500
2026-08-06,208.6300048828125,209.63999938964844,208.44000244140625,209.25999450683594,1025500
2026-08-07,210.47000122070312,210.57000732421875,209.47000122070312,209.91000366210938,333800
2026-08-10,210.11000061035156,210.75,209.9600067138672,210.08999633789062,875500
2026-08-11,209.69000244140625,210.77000427246094,209.42999267578125,210.77000427246094,254400
2026-08-12,210.3800048828125,210.9600067138672,210.16000366210938,210.9600067138672,218600
2026-08-13,211.50999450683594,211.94000244140625,210.8300018310547,211.0,297800
2026-08-14,211.2100067138672,211.83999633789062,210.9199981689453,211.72999572753906,345000
2026-08-17,210.42999267578125,211.38999938964844,210.3300018310547,211.24000549316406,421200
2026-08-18,208.74000549316406,209.5,208.5800018310547,209.38999938964844,329000
2026-08-19,209.22000122070312,209.97999572753906,209.0399932861328,209.88999938964844,572200
2026-08-20,207.8300018310547,209.13999938964844,207.72000122070312,208.6300048828125,366500
2026-08-21,209.07000732421875,209.39999389648438,208.52000427246094,208.88999938964844,1202800
2026-08-24,208.47999572753906,208.7100067138672,208.0399932861328,208.7100067138672,201000
2026-08-25,209.3300018310547,209.39999389648438,208.42999267578125,209.17999267578125,125400
2026-08-26,208.9600067138672,209.47000122070312,208.55999755859375,208.9199981689453,228900
2026-08-27,209.92999267578125,210.1999969482422,209.1300048828125,209.3699951171875,251100
2026-08-28,209.42999267578125,210.8699951171875,209.0800018310547,210.5,301000
2026-08-31,208.5800018310547,209.35499572753906,208.5749969482422,209.14999389648438,55232
