Price,Close,High,Low,Open,Volume
Ticker,KRE,KRE,KRE,KRE,KRE
Date,,,,,
2006-06-22,29.427635192871094,29.562878890579338,29.366162063939825,29.562878890579338,1364900
2006-06-23,29.046485900878906,29.16943445835797,28.898947162894288,29.157139368105195,702000
2006-06-26,29.360021591186523,29.40305560758604,29.169453430939665,29.20019000403914,144200
2006-06-27,29.169452667236328,29.507559652578763,29.157157569308403,29.507559652578763,432500
2006-06-28,29.12026023864746,29.212472262465933,28.917397069315673,29.126408957594922,739000
2006-06-29,29.765731811523438,29.765731811523438,29.31697155918048,29.415329938528952,61200
2006-06-30,29.624345779418945,29.814916191043274,29.562872663436416,29.79032600663064,279000
2006-07-03,29.833356857299805,29.8333568572998,29.64278879583172,29.64278879583172,56500
2006-07-05,29.476821899414062,29.661243670844538,29.43993660710795,29.661243670844538,141800
2006-07-06,29.538265228271484,29.661213733481986,29.538265228271484,29.569001768312187,66400
2006-07-07,29.335430145263672,29.655095625440005,29.292398479187042,29.599768862620067,246300
2006-07-10,29.421480178833008,29.464511825459226,29.384594905275314,29.464511825459226,44200
2006-07-11,29.495254516601562,29.495254516601562,29.138706178235555,29.329274268637448,172200
2006-07-12,29.114116668701172,29.43378207832958,29.114116668701172,29.43378207832958,228600
2006-07-13,28.78217315673828,28.997331566657305,28.73914147475448,28.960448607843066,992100
2006-07-14,28.769855499267578,28.831330957511216,28.585433814634563,28.788299309265142,59200
2006-07-17,28.892810821533203,28.898957196269198,28.708389093809913,28.714535468545904,68900
2006-07-18,29.10182762145996,29.10182762145996,28.812898714347774,29.089532524875413,579300
2006-07-19,29.83951187133789,29.851806965808734,29.095676243722973,29.10796899314433,936400
2006-07-20,29.6304931640625,29.956304885189944,29.6304931640625,29.956304885189944,146000
2006-07-21,29.3723087310791,29.39075254598164,29.200182092319185,29.230918657090662,315900
2006-07-24,29.71041488647461,29.716561260769364,29.49525426536891,29.49525426536891,87100
2006-07-25,29.857954025268555,29.85795402526855,29.64894210456979,29.69812248358105,88400
2006-07-26,29.86410903930664,29.98705532264777,29.562885017000795,29.691980021539,64000
2006-07-27,29.56287956237793,30.017788699975306,29.556733187364948,29.90713518934485,562400
2006-07-28,30.16532325744629,30.1960598206812,29.735004337009148,29.735004337009148,167500
2006-07-31,29.88867950439453,29.95630132793039,29.70425784160043,29.90712331220801,174900
2006-08-01,29.642789840698242,29.759589700071484,29.49525107802497,29.612050937398212,121500
2006-08-02,29.778032302856445,29.90098088560317,29.642790972379302,29.784181021770824,223300
2006-08-03,30.171476364135742,30.189917835748236,29.802630516537256,29.814925612628855,124500
2006-08-04,30.16532325744629,30.441957016659412,30.030079565153326,30.441957016659412,75600
2006-08-07,30.023944854736328,30.153039877505652,29.956322982318955,30.128449679344723,335100
2006-08-08,29.857954025268555,30.263682771913263,29.82106874101011,30.134587794583023,98100
2006-08-09,29.52599334716797,30.1222925417782,29.482961688283677,30.1222925417782,119200
2006-08-10,29.704267501831055,29.78418444154975,29.403045901817364,29.403045901817364,51500
2006-08-11,29.61820411682129,29.64894067970142,29.495255520251348,29.55058227145535,115300
2006-08-14,29.605905532836914,29.882539256248478,29.569020254698987,29.753444300339464,473400
2006-08-15,30.066965103149414,30.09770166664509,29.937870129437883,29.937870129437883,127200
2006-08-16,30.239091873168945,30.26983078185479,30.060818866058266,30.2267967787045,308000
2006-08-17,30.2452392578125,30.30671238237161,30.2083539760474,30.2083539760474,55100
2006-08-18,30.2452392578125,30.2452392578125,30.134585757566587,30.134585757566587,47400
2006-08-21,30.023944854736328,30.116156925314627,30.023944854736328,30.091566727153698,56600
2006-08-22,30.09153938293457,30.146866105996015,30.005476112627488,30.005476112627488,46300
2006-08-23,29.741153717041016,30.14073373806583,29.722709902650987,30.14073373806583,311700
2006-08-24,29.790332794189453,29.808776609225774,29.685828004198516,29.75344985421599,44000
2006-08-25,29.661235809326172,29.839511157313257,29.618204152232657,29.839511157313257,167100
2006-08-28,29.87639617919922,29.87639617919922,29.704269538816295,29.716564633850734,63200
2006-08-29,29.778032302856445,29.796476114550412,29.56902041570177,29.796476114550412,250900
2006-08-30,30.04238510131836,30.066975298472908,29.882553509914317,29.882553509914317,83900
2006-08-31,30.103853225708008,30.14073616736175,30.017789901783,30.066967939004563,50700
2006-09-01,30.08541488647461,30.140741654076418,30.02394174249488,30.02394174249488,97200
2006-09-05,30.15302848815918,30.214503960341098,30.103850455463125,30.103850455463125,28400
2006-09-06,29.96860694885254,30.06696535990833,29.96860694885254,29.999343512610693,1500
2006-09-07,29.673534393310547,29.90713652004097,29.67353439331055,29.864104857886645,53000
2006-09-08,29.722715377807617,29.74115919559514,29.56288380896537,29.630505669069763,503800
2006-09-11,29.75343894958496,29.778026785539303,29.593605118113725,29.691963497077282,153200
2006-09-12,30.146867752075195,30.15916284065443,29.894824298821703,29.894824298821703,15600
2006-09-13,30.374340057373047,30.38048643298912,30.183769582576996,30.245245063986932,156100
2006-09-14,30.362051010131836,30.362051010131836,30.349755911400294,30.355904633291217,70100
2006-09-15,30.4376277923584,30.493385803475224,30.388064065441853,30.4376277923584,84000
2006-09-18,30.276540756225586,30.357080611416286,30.245564616022396,30.276540756225586,43900
2006-09-19,30.183616638183594,30.2951326494737,29.84287195739253,30.2951326494737,331000
2006-09-20,30.66065788269043,30.679243097435332,30.499578143806534,30.499578143806534,406200
2006-09-21,30.30132484436035,30.654458067994348,30.214590700075256,30.654458067994348,626700
2006-09-22,30.09687614440918,30.171219348490503,29.923405517115626,30.134046564785915,511600
2006-09-25,30.49957275390625,30.49957275390625,30.02872927805852,30.047314489519035,136300
2006-09-26,30.480987548828125,30.542939829261478,30.363274907345538,30.468596620075854,123400
2006-09-27,30.64206886291504,30.666850723627878,30.51196763916511,30.518161922679163,184500
2006-09-28,30.61109733581543,30.66685534916524,30.48719037689044,30.567730254690982,347400
2006-09-29,30.257972717285156,30.62349705111857,30.25797271728516,30.6173004015643,41600
2006-10-02,29.92960548400879,30.183613625857703,29.842868979072968,30.171222696581157,402100
2006-10-03,29.966781616210938,30.127861364158395,29.79331329995542,29.867656526446563,446600
2006-10-04,30.245573043823242,30.288940124857366,29.81189987015336,29.861463598951595,734600
2006-10-05,30.45001792907715,30.45001792907715,30.21459495902729,30.28893818413253,705200
2006-10-06,30.251771926879883,30.357091313365142,30.18981726130428,30.357091313365142,609700
2006-10-09,30.61109733581543,30.62968255248914,30.326112984618025,30.42523807909228,149100
2006-10-10,30.5863094329834,30.66684929488368,30.499575287857656,30.66684929488368,316800
2006-10-11,30.480987548828125,30.542939829261478,30.357080624633408,30.462399974035712,632700
2006-10-12,30.753585815429688,30.753585815429684,30.63587551842821,30.642069802132124,222700
2006-10-13,30.9084529876709,30.914649631512106,30.809327956156107,30.840304085380634,264800
2006-10-16,30.834131240844727,30.896083542363204,30.759788006356796,30.896083542363204,282000
2006-10-17,30.697816848754883,30.75357483549642,30.580106593779444,30.75357483549642,388900
2006-10-18,30.728792190551758,30.772159249862813,30.7225979092191,30.75357404253736,534300
2006-10-19,30.604894638061523,30.71021398803177,30.536745711220533,30.71021398803177,367600
2006-10-20,30.183616638183594,30.50577374154075,30.15263813023652,30.50577374154075,1267100
2006-10-23,30.2889347076416,30.30751992095262,30.041123197957845,30.041123197957845,401900
2006-10-24,30.183616638183594,30.196007568696757,30.109271055104628,30.15263813023652,264700
2006-10-25,30.196012496948242,30.21459771408708,30.047323669851345,30.21459771408708,259500
2006-10-26,30.45619773864746,30.45619773864746,30.04111236880883,30.208383954966784,462700
2006-10-27,30.214582443237305,30.425223463222057,30.21458244323731,30.419026818421823,547700
2006-10-30,30.264150619506836,30.338496193933764,30.233174478492984,30.264150619506836,207700
2006-10-31,30.233171463012695,30.400445443797143,30.171219187164162,30.400445443797143,100900
2006-11-01,29.830482482910156,30.2889350813115,29.830482482910156,30.20220093368575,201500
2006-11-02,29.737546920776367,29.842866265056728,29.694179853916467,29.749937848926038,323000
2006-11-03,29.830482482910156,29.972974634485073,29.68798796800696,29.818091552773865,223200
2006-11-06,30.078304290771484,30.078304290771488,29.997764398982767,30.022546267737617,103500
2006-11-07,30.134057998657227,30.38806620869817,30.134057998657227,30.22698881151583,182100
2006-11-08,30.338499069213867,30.35708428291795,30.183615986137756,30.214592130087322,84700
2006-11-09,30.06589126586914,30.40043915826763,30.047306059622787,30.40043915826763,12000
2006-11-10,30.251771926879883,30.251771926879883,30.134059243950663,30.146450177065784,215200
2006-11-13,30.524351119995117,30.524351119995117,30.344686218667075,30.344686218667075,253600
2006-11-14,30.896060943603516,30.896060943603516,30.357068751983554,30.60488250345303,533600
2006-11-15,31.131500244140625,31.131500244140625,30.827928356124335,30.827928356124335,515500
2006-11-16,31.23682403564453,31.23682403564453,31.106722792337482,31.13150465677559,308800
2006-11-17,31.150074005126953,31.218222915951337,31.04475467990925,31.218222915951337,44600
2006-11-20,31.23682403564453,31.267802547856498,31.168677453432746,31.168677453432746,8200
2006-11-21,31.106727600097656,31.143900402500126,31.10053331469509,31.13150946836597,16300
2006-11-22,31.01378631591797,31.081932880485947,30.970419246043775,31.081932880485947,159000
2006-11-24,30.995201110839844,31.007592040798258,30.846514677995337,30.92085789441759,95300
2006-11-27,30.4128475189209,30.927058214256462,30.4128475189209,30.927058214256462,24300
2006-11-28,30.45619773864746,30.4871738707757,30.307508995773578,30.31989992129035,356000
2006-11-29,30.821720123291016,30.82172012329102,30.524345016756026,30.530539297519823,335000
2006-11-30,30.741201400756836,30.86510837105457,30.642076297184424,30.86510837105457,85700
2006-12-01,30.604894638061523,30.74119012841549,30.375665999900367,30.74119012841549,421800
2006-12-04,31.150074005126953,31.150074005126957,30.57390894875578,30.64205785958016,85800
2006-12-05,31.162471771240234,31.1996445571205,31.038564848300656,31.038564848300656,10800
2006-12-06,30.982799530029297,31.069536009921098,30.958020041959067,31.069536009921098,48600
2006-12-07,30.80314826965332,31.02618028706219,30.784560692650384,30.945640422258254,120600
2006-12-08,30.7101993560791,30.75356640461957,30.5924891333731,30.71639599920025,1690900
2006-12-11,30.821720123291016,30.82172012329102,30.69781323806962,30.69781323806962,242500
2006-12-12,30.85272216796875,30.852722167968746,30.71642660674068,30.821746011477334,77200
2006-12-13,30.9084529876709,30.945625760736633,30.883671138960406,30.945625760736633,20100
2006-12-14,31.150074005126953,31.150074005126957,31.100512664826702,31.112903590733634,11500
2006-12-15,31.165027618408203,31.289513924353898,31.165027618408203,31.283288303148275,49500
2006-12-18,30.953399658203125,31.239716481753398,30.92227867727438,31.165025652648684,191500
2006-12-19,30.847585678100586,30.884929902836525,30.685752789649925,30.772892479871754,67400
2006-12-20,30.928503036499023,30.984521753937745,30.84136333701185,30.847588958048778,225600
2006-12-21,31.01563262939453,31.18368633970563,30.91604172790977,30.996958148177253,507400
2006-12-22,30.916046142578125,31.00941143886333,30.88492516860909,30.903599652493003,186700
2006-12-26,31.289505004882812,31.314402733850297,30.953392786956133,30.953392786956133,119400
2006-12-27,31.73766326904297,31.737663269042965,31.37042997712044,31.37042997712044,787400
2006-12-28,31.65052032470703,31.81857647480659,31.64429707813091,31.806127607275656,558600
2006-12-29,31.196147918701172,31.606951057268077,31.19614791870117,31.575830075057308,265900
2007-01-03,31.48246955871582,31.718990941278953,31.23972018022377,31.32063663972112,423700
2007-01-04,31.58827018737793,31.59449343234367,31.27705570277322,31.42021408076602,189900
2007-01-05,30.934722900390625,31.532254192280163,30.909825169633987,31.532254192280163,1188300
2007-01-08,30.947175979614258,30.953399225961643,30.629735805189412,30.93472711254087,215900
2007-01-09,30.81023597717285,30.99074095981919,30.492798226982952,30.959619984212843,1099100
2007-01-10,30.822689056396484,30.872482149298744,30.685753895752782,30.791568076535253,724100
2007-01-11,31.065431594848633,31.158796895501016,30.90982434334681,30.94094531877153,329500
2007-01-12,31.08411407470703,31.121460682302242,31.02809535050373,31.059218710689247,29600
2007-01-16,30.797794342041016,31.183699753785675,30.791571095210095,31.16502763891411,1717000
2007-01-17,30.57994270324707,30.75422209347152,30.542596102036715,30.69820337884529,674000
2007-01-18,30.349647521972656,30.486582709269307,30.21271470905503,30.486582709269307,850500
2007-01-19,30.374534606933594,30.430553311690748,30.144236542655605,30.27494606229623,765400
2007-01-22,30.231361389160156,30.2687079654666,30.08197983268845,30.231361389160156,840200
2007-01-23,30.281173706054688,30.362087771596197,30.119340826214962,30.131789691924045,227300
2007-01-24,30.5239200592041,30.523920059204105,30.212705545650337,30.237603276585432,74000
2007-01-25,30.11311912536621,30.39321268224362,30.069549280338443,30.39321268224362,173700
2007-01-26,30.299846649169922,30.343416493158543,30.063322942961396,30.063322942961396,232900
2007-01-29,30.5301513671875,30.548825857509556,30.374544069317654,30.374544069317654,758200
2007-01-30,30.74798583984375,30.779106807164677,30.511462214324997,30.56748090525371,613600
2007-01-31,30.723085403442383,30.922262425962476,30.57992706690465,30.667066717460017,739800
2007-02-01,30.97206687927246,30.984515744553157,30.878703951234634,30.878703951234634,276500
2007-02-02,31.152568817138672,31.152568817138672,30.953391740886225,30.97828946901229,124600
2007-02-05,31.003196716308594,31.11523415289764,30.953401244767342,31.11523415289764,85200
2007-02-06,31.221040725708008,31.239712837211165,31.034312487541317,31.034312487541317,661000
2007-02-07,31.382890701293945,31.407788448329555,31.196162347286556,31.196162347286556,18600
2007-02-08,31.35797119140625,31.357971191406254,31.208587198558067,31.351745572249488,119200
2007-02-09,31.05921745300293,31.308187703752342,31.003198731068004,31.308187703752342,1074200
2007-02-12,31.14012908935547,31.177475692501783,30.99697067219605,31.040540522010712,405800
2007-02-13,31.364198684692383,31.364198684692386,31.196142560365516,31.23348915723093,241200
2007-02-14,31.39531707763672,31.544701078425337,31.29572853523702,31.29572853523702,555300
2007-02-15,31.438888549804688,31.463786280292595,31.314404646121666,31.445114169615795,488400
2007-02-16,31.575824737548828,31.59449684884325,31.43888958971416,31.4451152097312,389000
2007-02-20,31.73766326904297,31.775007498282662,31.382876470614494,31.507362774963934,384000
2007-02-21,31.644285202026367,31.718976004801803,31.59448975059087,31.675406171984648,417000
2007-02-22,31.71276092529297,31.71276092529297,31.538479174776157,31.681639947322317,389400
2007-02-23,31.538471221923828,31.656734232520478,31.395312859855405,31.656734232520478,340600
2007-02-26,31.30819320678711,31.50114714389599,31.152585882325567,31.50114714389599,428100
2007-02-27,30.23760986328125,30.97207409082934,30.18781439056405,30.965850843929104,960900
2007-02-28,30.449237823486328,30.673312733778403,30.25628627525194,30.48036118554402,692200
2007-03-01,30.43055534362793,30.62350920053737,29.770782081742244,30.05709886989559,708400
2007-03-02,30.281173706054688,30.486574054308676,30.256275974636523,30.418106480097897,88200
2007-03-05,29.521818161010742,30.175368368606225,29.503146044170002,30.019761063255917,1177300
2007-03-06,30.175369262695312,30.26873459842351,29.86415464277348,29.876603512495848,640100
2007-03-07,29.9512996673584,30.23139334982955,29.9512996673584,30.156702492630423,543700
2007-03-08,30.119352340698242,30.324755141855082,30.050884740312625,30.162922200147403,339500
2007-03-09,30.19403839111328,30.306075833144632,30.05087996504631,30.26873160205344,191400
2007-03-12,30.131776809692383,30.16912339085286,29.988618476809908,30.125553566687643,559600
2007-03-13,29.179473876953125,29.88904259820073,29.148352900024047,29.814351778695286,2208800
2007-03-14,29.2852840423584,29.465789022623575,28.868257751102515,29.241714202208623,838300
2007-03-15,29.83303451538086,29.833034515380863,29.44090341815283,29.44090341815283,1016400
2007-03-16,29.70095443725586,29.963848984758556,29.657138679338743,29.863698339836617,271400
2007-03-19,29.857431411743164,30.057732644178703,29.80109654088448,29.80109654088448,887300
2007-03-20,30.139114379882812,30.1641502502583,29.83866005757975,29.907514073616714,425500
2007-03-21,30.80887222290039,30.952838625426686,30.1203344512506,30.14537270937162,2120000
2007-03-22,30.671159744262695,30.877721762143867,30.596047368569256,30.827645253161993,1267400
2007-03-23,30.74626922607422,30.790084973419674,30.671156857450462,30.689934352661616,973100
2007-03-26,30.6210880279541,30.70246117389612,30.376970977907806,30.614829657241522,161100
2007-03-27,30.345678329467773,30.55849877830902,30.314381696239955,30.55849877830902,509200
2007-03-28,30.057722091674805,30.232985011580773,29.970090631721817,30.220465890476316,601600
2007-03-29,30.20795440673828,30.383219758734146,29.988875701466952,30.239253411301732,766400
2007-03-30,30.120346069335938,30.358204837673608,29.869970554889484,30.25179578128451,747700
2007-04-02,29.738500595092773,30.01391657757812,29.644610736519237,30.01391657757812,967900
2007-04-03,30.045228958129883,30.18919539368729,29.91378165450533,29.92004002658162,400500
2007-04-04,29.751033782958984,30.026449895625994,29.75103378295898,30.026449895625994,1180600
2007-04-05,29.738500595092773,29.738500595092773,29.625833242360333,29.738500595092773,1058700
2007-04-09,29.544471740722656,29.644622395256093,29.463098587733008,29.644622395256093,1069400
2007-04-10,29.494401931762695,29.625851635823743,29.45058615966918,29.45058615966918,649700
2007-04-11,29.20645523071289,29.513167878203575,29.150120352103556,29.513167878203575,306100
2007-04-12,29.150123596191406,29.23149673830068,28.937303185291498,29.206458481070193,2536300
2007-04-13,29.40050506591797,29.44432082765538,29.19394299963024,29.24401952034724,633600
2007-04-16,29.951324462890625,30.258037100866098,29.632095085860822,30.258037100866098,954200
2007-04-17,29.920042037963867,30.07652761597391,29.85118800159458,29.970118569061686,1254100
2007-04-18,29.97637367248535,30.164155868062732,29.926299534628797,29.926299534628797,1978300
2007-04-19,29.744768142700195,29.85117715093361,29.544466866677666,29.66965576113664,932200
2007-04-20,29.807348251342773,29.926278723132626,29.663381921925296,29.926278723132626,1541700
2007-04-23,29.569490432739258,29.801088220371796,29.53193306672653,29.78231073125462,987700
2007-04-24,29.51317596435547,29.63836249531594,29.356690412874855,29.588288360487756,1299100
2007-04-25,29.66965103149414,29.72598590563135,29.531943030763365,29.61957452658143,2299400
2007-04-26,29.751033782958984,29.801110308091218,29.544474086238864,29.669663011289312,1355900
2007-04-27,29.62584114074707,29.719731024352086,29.575764625934006,29.70095352518701,255200
2007-04-30,29.51317596435547,29.663400756620042,29.21898236348231,29.61332662179186,652400
2007-05-01,29.419286727905273,29.4443249918048,29.10631559250203,29.294097796187923,1519000
2007-05-02,29.57576560974121,29.757289400307283,29.38172269005543,29.406760948294835,763000
2007-05-03,29.844919204711914,30.11407449589969,29.732249436876124,29.732249436876124,807400
2007-05-04,30.126598358154297,30.207969123881973,29.93881617818125,29.93881617818125,1257100
2007-05-07,30.09528923034668,30.23925558814284,30.082770105175843,30.176659962288653,147800
2007-05-08,30.038959503173828,30.120330249045217,29.83865585393052,30.001402121232072,2135800
2007-05-09,30.214221954345703,30.333150079971666,29.96384418823076,29.96384418823076,782200
2007-05-10,29.64461326599121,30.045215760756623,29.613316643796264,30.045215760756623,932700
2007-05-11,29.97010612487793,29.98262525245419,29.732247476487785,29.732247476487785,65100
2007-05-14,29.70095443725586,29.976368113846263,29.675916179080442,29.976368113846263,2392700
2007-05-15,29.51317596435547,29.86996283070886,29.49439607448738,29.738513152752333,196000
2007-05-16,29.71347999572754,29.713479995727536,29.463102135356223,29.57577193374529,230200
2007-05-17,29.607067108154297,29.67592113574728,29.538213080561317,29.663402004568546,496100
2007-05-18,29.62584114074707,29.719731024352086,29.50691061195587,29.613322012043803,329800
2007-05-21,29.75728988647461,29.882478791937203,29.53820870497014,29.594543593039315,716800
2007-05-22,29.951324462890625,30.076513343447537,29.732245712750494,29.794838959139305,784500
2007-05-23,29.95760154724121,30.395761674100246,29.88248913308214,29.88248913308214,1155800
2007-05-24,29.65711784362793,30.101535869005385,29.607041362458503,29.92001220643328,565200
2007-05-25,29.65711784362793,29.700933570762157,29.53192902848241,29.700933570762157,857300
2007-05-29,29.81987762451172,29.857435005531112,29.72598775363222,29.776061873878753,872300
2007-05-30,29.882478713989258,29.907514584792654,29.644620033008763,29.644620033008763,267700
2007-05-31,29.78232765197754,29.976368183840787,29.732251135509777,29.93255242582136,667200
2007-06-01,30.15161895751953,30.176657205573896,30.026432492805217,30.03269086092943,932100
2007-06-04,30.10155487060547,30.10155487060547,29.98262673442179,30.10155487060547,241700
2007-06-05,29.76354217529297,29.988881681523264,29.682169045203302,29.988881681523264,1195900
2007-06-06,29.544471740722656,29.63210326496692,29.488136848311353,29.63210326496692,496200
2007-06-07,29.17515754699707,29.488128552842944,29.13134179720099,29.488128552842944,913600
2007-06-08,29.51317596435547,29.544472597095584,29.13135083669797,29.187685730742192,906100
2007-06-11,29.51317596435547,29.61332662179186,29.344171282222803,29.456841070311246,127100
2007-06-12,29.08126449584961,29.44431199884914,29.081264495849606,29.44431199884914,621700
2007-06-13,29.57576560974121,29.725992771397895,29.03119662582271,29.16264389990998,962600
2007-06-14,29.344165802001953,29.582022076629606,29.337905043955157,29.39423992747846,1591500
2007-06-15,29.733097076416016,30.01814004105996,29.650753210446137,29.682424113998785,1296300
2007-06-18,29.69508171081543,29.771092333817574,29.543058048477,29.739421442261193,228200
2007-06-19,29.72675895690918,29.74576101263815,29.517726678551842,29.61274178986602,1133700
2007-06-20,29.334030151367188,29.701416866872112,29.321361310648495,29.701416866872112,315200
2007-06-21,29.201000213623047,29.327686168387196,29.0299769534751,29.245339935340457,1035800
2007-06-22,28.890628814697266,29.150333994420006,28.84628908276905,29.150333994420006,750600
2007-06-25,28.86528968811035,29.201005474838496,28.820949958404146,28.915965045679755,448800
2007-06-26,28.972978591918945,29.09332896231967,28.827288122046404,28.941305279830026,1049700
2007-06-27,29.321346282958984,29.378354828808106,28.92861967096146,28.985628216810582,1659700
2007-06-28,29.334030151367188,29.625406238894247,29.16933763835847,29.321361310648495,636200
2007-06-29,29.0616512298584,29.479713237938434,28.991973825789408,29.327689591212106,507100
2007-07-02,29.277015686035156,29.96745166012168,29.213671495185956,29.264346847865315,247700
2007-07-03,29.42270851135254,29.454379403788696,29.31502457746856,29.327693417709863,516100
2007-07-05,29.321346282958984,29.43536337465723,29.219998025486444,29.43536337465723,22100
2007-07-06,29.38469886779785,29.391034495412292,29.20100432832221,29.302352623147744,354600
2007-07-09,29.131338119506836,29.353036826156522,29.07432953546339,29.353036826156522,714800
2007-07-10,28.466238021850586,29.06799477897478,28.459904808470956,29.06799477897478,681700
2007-07-11,28.447227478027344,28.51056925826434,28.28253739961073,28.466229528831636,769000
2007-07-12,28.877958297729492,29.07432168224746,28.61825313308781,28.61825313308781,830800
2007-07-13,28.99199104309082,29.055332857315115,28.89697590541906,28.922313597642905,270300
2007-07-16,28.78295135498047,28.98564800832764,28.73861161308169,28.89696852453009,276300
2007-07-17,28.776613235473633,28.960307801355306,28.77661323547363,28.871628332677062,202600
2007-07-18,28.193859100341797,28.656263336789614,27.959491584138377,28.656263336789614,2686800
2007-07-19,28.3775577545166,28.586590035305207,28.21920084470754,28.39022659726149,3302900
2007-07-20,27.921489715576172,28.301545308330954,27.769466028673538,28.288876466394527,1049300
2007-07-23,27.820140838623047,28.01017106403003,27.820140838623043,28.01017106403003,596200
2007-07-24,27.028356552124023,27.55410265925624,26.92067501191702,27.55410265925624,1074900
2007-07-25,27.237380981445312,27.45907962755138,26.90799840984915,27.288056338460425,1694200
2007-07-26,26.641956329345703,26.914330294587018,26.33157585162873,26.730635775455212,1455000
2007-07-27,26.41393280029297,26.920674423827496,26.369593059254612,26.515281124999873,1036800
2007-07-30,26.635616302490234,26.895321387338935,26.223890025518696,26.546936871029697,950200
2007-07-31,26.37592315673828,27.155038763952096,26.344252262071258,27.085361345884014,1763700
2007-08-01,26.502605438232422,26.62295578763754,25.907184486385038,26.356917410110213,1266200
2007-08-02,26.66095733642578,26.939664501363932,26.489931661463647,26.603948778105067,980200
2007-08-03,25.527130126953125,26.711638984898393,25.527130126953125,26.667299249105504,884600
2007-08-06,26.534276962280273,26.724304724529524,25.29909288315901,25.736159394299786,2283600
2007-08-07,27.079025268554688,27.433745533765748,26.52794402738222,26.52794402738222,3315700
2007-08-08,27.984830856323242,28.49157244029069,27.167708692987595,27.167708692987595,4299800
2007-08-09,27.52242088317871,28.067168831217298,27.180369508875355,27.376732871827375,1644800
2007-08-10,27.604764938354492,28.117839542901393,26.844651638790918,27.0093416858018,2019900
2007-08-13,27.161378860473633,28.143191254656415,26.889004772132406,27.93415896606836,1375000
2007-08-14,26.502605438232422,27.060022288338207,26.483603387361622,27.060022288338207,516600
2007-08-15,26.51527214050293,27.465413268807616,26.27456904475893,26.496270091163662,1281800
2007-08-16,28.37120819091797,28.39021023591703,26.489928413345165,26.489928413345165,6803200
2007-08-17,29.3530330657959,29.872443468835648,29.010981605354782,29.13766759992568,2345100
2007-08-20,28.928640365600586,29.492393018436385,28.4979117754624,29.38470905865075,1889300
2007-08-21,29.365699768066406,29.581065218250703,28.820951722521755,28.991977440285833,1969300
2007-08-22,29.511375427246094,29.83442225885671,29.010967324012793,29.619056899005237,2459900
2007-08-23,28.70060157775879,29.410039718065015,28.63092416448748,29.372033197280427,1189700
2007-08-24,29.010982513427734,29.010982513427734,28.111516514855463,28.713273195652043,3961400
2007-08-27,28.586584091186523,28.757609808178437,28.478900158413463,28.74494096806783,1824700
2007-08-28,27.80113410949707,28.20652734506428,27.75046116321831,28.20652734506428,896900
2007-08-29,28.32687759399414,28.44089473335941,27.731454218123496,27.97215733637618,1124800
2007-08-30,28.02916717529297,28.529575485574334,27.934152082741356,28.035500387173794,1330700
2007-08-31,28.250871658325195,28.51691252249727,28.035506164980056,28.371224455871836,1362800
2007-09-04,28.453561782836914,28.6815960665867,28.276202858291132,28.301540537893136,1701300
2007-09-05,28.04817771911621,28.4282357880546,27.870818736745907,28.4282357880546,818600
2007-09-06,28.263530731201172,28.409218747466753,27.940483811018158,28.06083415062872,1308300
2007-09-07,27.750465393066406,28.231869329596606,27.649117068726646,28.231869329596606,1405400
2007-09-10,27.541423797607422,27.959485796119534,27.167701524972816,27.858137506066107,563000
2007-09-11,27.820140838623047,28.003835434471295,27.566771231971547,27.579440074754327,1002800
2007-09-12,27.64911651611328,27.864482003072666,27.579439091459566,27.78213573608786,348900
2007-09-13,27.864486694335938,28.02284362563367,27.541437201340965,27.807478102415356,243500
2007-09-14,28.067174911499023,28.06717491149902,27.52242684544992,27.59843747298362,1853700
2007-09-17,27.99116325378418,28.086178355157262,27.788466626100377,27.82013752111327,156200
2007-09-18,29.251686096191406,31.04428490693792,27.8391428702695,28.092512454707744,1810900
2007-09-19,29.56205940246582,29.87877314322333,29.416371371677453,29.524055300028728,4041500
2007-09-20,29.07431411743164,29.54938459375351,28.877950784005247,29.54938459375351,493600
2007-09-21,28.964250564575195,29.22663100541211,28.900256287776017,29.220232554222264,381200
2007-09-24,28.394691467285156,29.009047716684126,28.37549367366254,28.951451894591255,1067900
2007-09-25,28.273101806640625,28.381892560473425,28.017119828689825,28.324296737495747,1518200
2007-09-26,28.433095932006836,28.714674214186378,28.215511937205417,28.298706463777435,1352600
2007-09-27,28.573884963989258,28.60588210618929,28.40749591858833,28.5034897864139,421700
2007-09-28,28.177108764648438,28.55468085030666,27.997922839666614,28.55468085030666,1284200
2007-10-01,28.797863006591797,28.855458830253983,28.151512044360665,28.151512044360665,940100
2007-10-02,29.149845123291016,29.17544381729633,28.849069013018934,28.849069013018934,371000
2007-10-03,28.88744354248047,29.213820549926346,28.855446418925236,29.060230939147573,660400
2007-10-04,29.085844039916992,29.24583217826502,29.02824821246269,29.02824821246269,204800
2007-10-05,29.335439682006836,29.50822724999277,29.12425406294854,29.36743683728724,698600
2007-10-08,29.220239639282227,29.58501247617976,29.18824249312426,29.284233931598166,279500
2007-10-09,29.354623794555664,29.361024687361947,29.021848164163426,29.220234340327643,413000
2007-10-10,28.970653533935547,29.277830478798855,28.925857048719568,29.277830478798855,1187200
2007-10-11,28.938644409179688,29.29061769349991,28.75305765229698,29.053836020953483,717300
2007-10-12,28.82346534729004,29.034648433342632,28.51628839588829,28.900258974834127,1190700
2007-10-15,27.940332412719727,28.561087260221075,27.773945798982314,28.522689222639084,1640400
2007-10-16,27.31317901611328,27.940332313709764,27.217185143111273,27.940332313709764,2015600
2007-10-17,26.980411529541016,27.63316371669439,26.622037061723574,27.556370059742918,3076800
2007-10-18,26.602825164794922,26.73721460357302,26.212453750151365,26.73721460357302,2645100
2007-10-19,25.847681045532227,26.50043288749757,25.847681045532227,26.50043288749757,1668500
2007-10-22,26.225261688232422,26.46204350671545,25.566111180000217,25.73249780998741,5975300
2007-10-23,26.36604881286621,26.455641790363497,25.95007862737105,26.455641790363497,1024300
2007-10-24,25.95008087158203,26.212461374611895,25.329328427570356,26.212461374611895,2120100
2007-10-25,26.218862533569336,26.506839291561853,25.822090107434885,26.07807216034577,1521000
2007-10-26,27.044391632080078,27.127586140796033,25.847681138135403,25.847681138135403,2113600
2007-10-29,26.871601104736328,27.178777949552817,26.7180114617158,27.025188306532293,1712800
2007-10-30,26.78200340270996,26.80120363218997,26.417230778506262,26.788404292944744,2366600
2007-10-31,26.941993713378906,27.13398137673766,26.31484068575409,26.833202982618527,3178300
2007-11-01,25.38051986694336,26.94840421583522,25.290926894073895,26.94840421583522,1383000
2007-11-02,24.5933780670166,25.751693126128636,24.38219254191936,25.751693126128636,2836100
2007-11-05,24.478187561035156,24.6957715481156,23.127887150732303,23.127887150732303,1567600
2007-11-06,25.028547286987305,25.028547286987305,24.203007823661718,24.676573835242245,1255900
2007-11-07,23.742244720458984,25.009353242860648,23.7166484672225,25.009353242860648,1865700
2007-11-08,24.52297592163086,24.68936491372716,23.57584665682587,24.017412936666638,3284900
2007-11-09,25.079729080200195,25.444501686041665,23.90861767229449,24.31818674262707,3238500
2007-11-12,25.214134216308594,25.89888332473151,25.041346715880543,25.534110526458573,1997100
2007-11-13,26.28925895690918,26.423648442457893,25.51491430897779,25.674902489266987,2119100
2007-11-14,25.879667282104492,26.743604256662742,25.706879887192844,26.698807795895725,2124300
2007-11-15,25.028547286987305,25.834886511734634,24.842960441825646,25.834886511734634,3344100
2007-11-16,24.83016014099121,25.278127444712204,24.478186702790932,25.278127444712204,2969500
2007-11-19,24.11980438232422,24.670163821065604,23.851025553854946,24.670163821065604,3764200
2007-11-20,24.10061264038086,24.465385394118346,23.345468445325135,24.14540912303457,2176200
2007-11-21,24.107011795043945,24.58697621567373,23.703843439397126,24.03661906398081,3276100
2007-11-23,24.778959274291992,25.14373197003396,24.19020175966779,24.19020175966779,1081700
2007-11-26,23.58224868774414,25.028542707236394,23.53745220796762,25.028542707236394,1595100
2007-11-27,24.055816650390625,24.343795788508878,23.620648717506427,23.620648717506427,3763100
2007-11-28,25.47010612487793,25.47010612487793,24.318192243685168,24.439782326062673,2195600
2007-11-29,25.079729080200195,25.598091308028494,24.842947419143716,25.598091308028494,1414900
2007-11-30,25.636497497558594,26.199653928205887,25.412512662465353,25.777285384607918,3156400
2007-12-03,25.258920669555664,25.847675674542515,25.118130367830748,25.361312950476183,1838500
2007-12-04,24.964550018310547,25.31652590363767,24.695771096306686,25.31652590363767,696800
2007-12-05,25.476516723632812,25.527711667900125,25.054148058218225,25.393322192819507,1291400
2007-12-06,26.404441833496094,26.481237899198582,25.367719358765573,25.62370136198992,3609900
2007-12-07,26.12925910949707,26.564424519647698,26.02046592604081,26.558026069432533,834900
2007-12-10,26.62841033935547,26.769200598766915,26.090850415776256,26.116449088619028,1436800
2007-12-11,25.08614730834961,26.833217954659773,25.041350812897495,26.833217954659773,2047900
2007-12-12,24.746965408325195,25.950076957412993,24.407791317847806,25.924478267996673,1966300
2007-12-13,24.574174880981445,24.68296562491653,24.062210971657997,24.484579487992452,1485000
2007-12-14,23.94063377380371,24.58698501749813,23.921435971298042,24.350203168765656,1239600
2007-12-17,23.761430740356445,24.26059277748714,23.69743404250353,23.761430740356445,1430200
2007-12-18,24.3693904876709,24.529378600301435,23.614246400756787,23.979019102256416,2537900
2007-12-19,24.24140167236328,24.535779239976584,23.889428281414762,24.369392662133222,1335900
2007-12-20,24.126209259033203,24.452583953411494,23.75503564461769,24.30539517428207,1808100
2007-12-21,25.178943634033203,25.26431894841532,24.417139495868504,24.70609882233866,1447400
2007-12-24,25.441640853881836,25.540148539257306,25.264324013944133,25.277458873037837,2588600
2007-12-26,25.5073184967041,25.586125164130056,25.172388281229704,25.349702656633404,937000
2007-12-27,24.660120010375977,25.402222873698328,24.54190884612226,25.19863642299095,1705600
2007-12-28,24.206998825073242,24.863726942931034,24.174162920224145,24.863726942931034,860600
2007-12-31,24.351470947265625,24.66013134673887,23.970567575074845,24.13474954476714,1376400
2008-01-02,23.773544311523438,24.44340689631223,23.54368810304301,24.44340689631223,1442700
2008-01-03,23.412349700927734,24.023106823923627,23.05114736619617,23.734144956138373,3384200
2008-01-04,22.44038963317871,22.98547495607014,22.315612242438508,22.98547495607014,3213800
2008-01-07,22.768756866455078,23.287572549174975,22.32875034163933,22.54547176804827,2696200
2008-01-08,21.803369522094727,23.077420906385935,21.76396494126238,22.952643491577838,1507300
2008-01-09,21.96754264831543,21.980677503289666,21.048122841858333,21.678580849317093,3146900
2008-01-10,22.302471160888672,22.749046178686964,20.851103605652852,21.514397452702436,3891100
2008-01-11,22.02665138244629,22.611138733408186,21.809930002309255,22.197399511012435,4306700
2008-01-14,21.954416275024414,22.29591512063404,21.606351251999666,22.17113520278109,1797500
2008-01-15,21.481557846069336,21.704845316259338,21.12692436308225,21.672009439364274,1422000
2008-01-16,21.993810653686523,22.37471139754886,21.350215335916406,21.606341230237444,4127000
2008-01-17,21.205739974975586,22.066051737371158,21.14663437635762,22.066051737371158,1845200
2008-01-18,20.897077560424805,21.520969446534334,20.549012642005,21.29111322258996,1711100
2008-01-22,21.632617950439453,22.25651000915471,19.86602065217429,20.030202641035235,3423300
2008-01-23,23.589656829833984,23.78010845640289,20.962747388418308,21.350215563386953,5010600
2008-01-24,23.970577239990234,24.20699977250738,23.39265577219489,23.819530067597405,6384900
2008-01-25,23.412349700927734,24.32520104459182,23.300704659678516,24.14131553639629,4161800
2008-01-28,24.325212478637695,24.351482207187697,22.913245884315188,23.45176279349419,5021900
2008-01-29,24.69952392578125,24.71922495090656,23.70129773422413,24.489371307055208,2784300
2008-01-30,24.44997215270996,26.597472048351054,24.37116552958312,24.745500120957335,4644800
2008-01-31,25.435062408447266,25.612379180321717,23.635629992033504,24.055935300824533,6786700
2008-02-01,26.01955223083496,26.078657827356295,25.40222906011462,25.500739222722682,4297600
2008-02-04,25.22491455078125,26.006419726348273,25.100137171386837,26.006419726348273,2884900
2008-02-05,24.272663116455078,25.2446201292003,24.246393398625113,24.719238298691828,5353500
2008-02-06,24.147872924804688,24.863706072616154,23.950855155865636,24.509072585395753,3095100
2008-02-07,24.719240188598633,25.00820209638448,23.911465092705093,23.924599952624302,2768800
2008-02-08,24.528783798217773,24.968792753306026,23.91802670719034,24.60102426138285,3614100
2008-02-11,23.94429588317871,24.39087100431509,23.878624102807176,24.37773614719722,1471000
2008-02-12,24.3580379486084,24.640431146459438,23.977134563518852,24.21355700871676,3026500
2008-02-13,24.436847686767578,24.594463505245493,23.865495042069714,24.489387127999695,1350400
2008-02-14,23.7669734954834,24.43026984566494,23.648762314366238,24.43026984566494,1576600
2008-02-15,23.7407169342041,23.80638872860947,23.313842754914102,23.64220673737768,2752600
2008-02-19,23.307270050048828,24.252957152813025,23.261296800578446,24.252957152813025,3579300
2008-02-20,24.02967071533203,24.101911175408844,22.93293396776347,22.985473395171255,2713500
2008-02-21,23.55025291442871,24.34489273541445,23.300695716727954,24.34489273541445,1210300
2008-02-22,23.6093692779541,23.622504137009724,22.808160412088707,23.379513002308055,2610900
2008-02-25,23.94429588317871,24.029671201835978,23.136520959563214,23.615931970885363,2999300
2008-02-26,24.101911544799805,24.42370677434214,23.799817348228434,23.872055304194593,2561900
2008-02-27,24.101911544799805,24.397439565453457,23.688172315884685,23.753844095933133,2794800
2008-02-28,23.129955291748047,23.92459537570287,23.129955291748047,23.92459537570287,1826000
2008-02-29,22.492931365966797,22.97234244919917,22.164567404419834,22.93950655408812,3674300
2008-03-03,22.006948471069336,22.43382256246377,21.823065480422063,22.43382256246377,3566400
2008-03-04,21.816492080688477,22.02007603714777,21.186031668961398,21.744251642506008,3065700
2008-03-05,21.69171142578125,22.263066230987096,21.534098207613173,22.039778750901544,3350400
2008-03-06,21.03499984741211,21.665460715571964,21.02186498503182,21.665460715571964,2563300
2008-03-07,21.442163467407227,21.790228396415035,20.739463675923517,20.975886082501546,2695200
2008-03-10,21.343652725219727,21.737688388829028,21.087529293351913,21.310816837455228,4032000
2008-03-11,22.98546600341797,23.136513050814393,21.72455021373462,21.72455021373462,6880500
2008-03-12,22.591442108154297,23.832657512274796,22.49293191519751,23.261302401474666,5469400
2008-03-13,23.01173973083496,23.208757544257082,21.803360635237212,22.322176131248824,3742800
2008-03-14,22.683380126953125,23.523990957967158,22.289341921001878,23.405779746703573,5785300
2008-03-17,22.519201278686523,22.79502580626408,21.73769344011365,21.901875422305498,5862200
2008-03-18,23.44517707824707,23.4517432523037,22.400980038045283,23.20875472873465,5648000
2008-03-19,23.097118377685547,23.91802822912819,23.097118377685547,23.681608296295874,7228400
2008-03-20,24.18071937561035,24.24639115890076,22.51919870722713,23.0511466654461,3469900
2008-03-24,24.620729446411133,25.22491789652279,24.358037291012465,24.594459729827655,6164900
2008-03-25,24.791473388671875,24.824309276222618,24.029669273493578,24.81774310079952,3558400
2008-03-26,24.167585372924805,24.75207278262883,23.75384610894745,24.601025671542693,2452400
2008-03-27,23.471458435058594,24.20699305012499,23.353247201627774,24.20699305012499,2773400
2008-03-28,22.762182235717773,23.62249643419337,22.709645321844718,23.287563900535265,3465400
2008-03-31,23.077423095703125,23.51086350510494,22.72935803359492,22.90010622296347,1711900
2008-04-01,24.15444564819336,24.167580503713356,23.412345100445222,23.478016872827656,4066200
2008-04-02,24.279232025146484,24.56162523140908,23.740715330696457,24.318634097041038,3054300
2008-04-03,24.02310562133789,24.154449185336524,23.668471986018616,24.14788300922375,2381500
2008-04-04,23.346677780151367,23.983704684008533,23.26130244643834,23.983704684008533,3781500
2008-04-07,23.31383514404297,23.66846873058485,23.077412753015047,23.326969999679804,3667500
2008-04-08,23.077423095703125,23.274441008118735,22.80816469751743,23.20220302756733,3134100
2008-04-09,22.328744888305664,23.248164797558275,22.000380992889404,23.110250057517987,6445600
2008-04-10,22.348445892333984,22.775319957926865,21.895304619106202,22.217102338506365,5242800
2008-04-11,21.96754264831543,22.499490496076135,21.94783911324536,22.25650194209634,4035900
2008-04-14,21.343652725219727,21.993814325914492,21.271412269007236,21.993814325914492,2556900
2008-04-15,21.915010452270508,21.974116066528858,21.396197288467487,21.442168043421955,3736700
2008-04-16,22.978912353515625,22.978912353515625,22.21710802241785,22.25651009655948,3553800
2008-04-17,23.12337875366211,23.195619192242948,22.427249084174857,22.716208333281166,3582200
2008-04-18,23.23503875732422,23.70788124258902,23.189067994940398,23.458326391139334,4362500
2008-04-21,22.433822631835938,23.235031388221536,22.427256455814454,23.235031388221536,4512000
2008-04-22,22.223663330078125,22.499487735036826,21.86902980494512,22.328739651760078,4185100
2008-04-23,21.698287963867188,22.37471682271483,21.626047502200382,22.256505613663304,3394300
2008-04-24,22.696516036987305,22.696516036987305,21.573509477899048,21.69828937625219,2516400
2008-04-25,22.854129791259766,22.952639975641397,22.17770087450792,22.93293643563424,1522800
2008-04-28,23.254730224609375,23.274431256030518,22.60456863031786,22.808155140800938,1603600
2008-04-29,23.09054946899414,23.162789928208174,22.932933693871004,23.11681918238429,1204700
2008-04-30,22.61114501953125,23.228468431622012,22.532338361762285,23.018315674092456,1505300
2008-05-01,23.6093692779541,23.760416399266425,22.565171782605244,22.63084357266514,2801300
2008-05-02,23.29414176940918,24.128186587346605,23.221901292271692,23.806388781520994,2544100
2008-05-05,23.083980560302734,23.346670147450673,22.880394063458677,23.346670147450673,1081300
2008-05-06,23.116823196411133,23.28100517578164,22.446960419953278,22.926371499088976,3286000
2008-05-07,22.36815643310547,23.221902326383404,22.34188671202775,23.182497744766827,2566000
2008-05-08,22.06605339050293,22.519197182261568,22.02665132528411,22.47322643602776,3425700
2008-05-09,21.915010452270508,22.3024800334712,21.783664364449923,21.84933866096934,5769300
2008-05-12,22.62428092956543,22.696521413045904,21.934717005356674,21.934717005356674,2010300
2008-05-13,22.49949836730957,22.696518755631374,22.28934562463673,22.591442384294954,1372400
2008-05-14,22.41412353515625,22.6833818692228,22.33531438478208,22.47322914532784,972900
2008-05-15,22.59800910949707,22.59800910949707,22.046357520298134,22.414126081503547,1299800
2008-05-16,22.184267044067383,22.617707345818,21.92814357101721,22.565170417990863,1924400
2008-05-19,21.954416275024414,22.341885878195104,21.915011694878473,22.19083874546326,2309200
2008-05-20,21.72455596923828,21.882169232096814,21.606344769485556,21.869034375988996,1466100
2008-05-21,21.507835388183594,22.006947412453272,21.402759040694306,21.724556764065223,4731200
2008-05-22,21.757387161254883,22.000375683764027,21.422454665834213,21.435589519107285,3170400
2008-05-23,21.488134384155273,21.698287079410086,21.383058036527867,21.612911764082273,1650700
2008-05-27,21.836198806762695,21.901870583041827,21.39619239421362,21.586641547510173,593800
2008-05-28,21.350217819213867,21.90186922345419,21.21230559445817,21.888736873187717,3834000
2008-05-29,21.94784927368164,21.987253856846124,21.350226874389193,21.350226874389193,1173800
2008-05-30,21.685161590576172,22.0069569481647,21.488143666817244,22.0069569481647,1411200
2008-06-02,21.33051872253418,21.698287193777404,21.087530137093385,21.691718512831088,929300
2008-06-03,21.199176788330078,21.48156999877542,20.975890444429357,21.47500382176847,1758200
2008-06-04,21.041549682617188,21.422450329567226,20.936472130310612,21.080951729243672,2347800
2008-06-05,21.304250717163086,21.52097211184661,21.094098003952492,21.218877899758624,1332900
2008-06-06,20.489912033081055,21.232015299644804,20.43737384848789,21.179475862442512,2792200
2008-06-09,20.06960105895996,20.719761425518413,19.800342763292587,20.417667241153598,3664700
2008-06-10,20.266616821289062,20.50303793683091,19.885714812940282,19.8922822401232,2893700
2008-06-11,19.504817962646484,20.266622180803402,19.504817962646484,20.161545823306515,2454500
2008-06-12,19.46541404724121,20.273190295146257,19.2946646473836,19.609894983140972,5278200
2008-06-13,19.091083526611328,19.734676691842964,18.565701606546586,19.53109135439404,13588700
2008-06-16,19.557361602783203,19.69527389078147,18.53943238293829,18.723316686211977,4420700
2008-06-17,19.05824089050293,19.859448348579928,18.94659711537173,19.61645976615893,8400700
2008-06-18,18.506589889526367,18.97286603345747,18.25703262022077,18.97286603345747,3614500
2008-06-19,18.795555114746094,18.972870715249876,18.178230470172675,18.506594456259293,8446500
2008-06-20,18.804805755615234,19.32000637926734,18.46794395474601,18.758570044485296,6136100
2008-06-23,18.07823371887207,18.976530162290757,18.07823371887207,18.54059186743939,3164800
2008-06-24,18.454729080200195,18.639671868888115,17.774400402278637,17.952739171223357,5822200
2008-06-25,18.626455307006836,19.452096034093525,18.34243469531657,18.448116607597445,8045200
2008-06-26,18.40188980102539,18.765171392170643,18.20373517508658,18.210340455267378,3900500
2008-06-27,18.3292236328125,18.705715592346483,18.10464926048912,18.302802525561404,6306100
2008-06-30,17.58945083618164,18.2235436180246,17.503584748344213,18.137676270359307,4740000
2008-07-01,17.847055435180664,17.998973070666068,17.17333210412175,17.331855018518883,6647000
2008-07-02,17.5432071685791,18.461320165873474,17.49697150695519,17.80080783449807,7077900
2008-07-03,16.77701759338379,17.833837867103604,16.77701759338379,17.569633113630562,3079700
2008-07-07,16.12312126159668,17.133706544485445,15.786259500633758,17.001603448482086,6326100
2008-07-08,17.358280181884766,17.530013694151318,16.063674189347832,16.499612620551996,4970400
2008-07-09,16.65152931213379,17.853663827298355,16.65152931213379,17.46396112234936,6011400
2008-07-10,16.84307861328125,17.444145239478743,16.413745488829946,16.57226843048143,7716300
2008-07-11,16.8100528717041,17.30543751908444,16.189170427568822,16.677949795138023,5011900
2008-07-14,15.42297077178955,17.173329058476366,15.304078292119941,17.047831301066456,6230700
2008-07-15,15.05969524383545,15.977809130755503,14.33973600423049,15.198403622938866,7739900
2008-07-16,16.942148208618164,17.28561506846236,15.29086668224548,15.343707640696294,8139500
2008-07-17,18.712326049804688,19.306787269430245,17.424325690759236,17.79421373571441,12488700
2008-07-18,18.95671272277832,19.253942646271202,18.34904106118871,19.174681837270906,5156200
2008-07-21,18.758560180664062,19.60401687905305,18.718929771938512,19.168078603588036,5991500
2008-07-22,19.848407745361328,19.940880387565265,17.70834657448719,18.586828486541958,10602600
2008-07-23,20.17866325378418,21.07696096332827,19.742724955876735,19.769146069605934,13697400
2008-07-24,19.419069290161133,20.59478211733808,18.804792398990806,20.13242281478492,10137500
2008-07-25,18.7519588470459,19.590810443795043,18.745353567564223,19.339816122632588,6009500
2008-07-28,18.428306579589844,19.273763403894687,18.30941407587827,18.897271315360147,6354600
2008-07-29,19.90125274658203,20.099407368734337,18.35565374883284,18.35565374883284,9423500
2008-07-30,20.277734756469727,20.740092762031676,19.656852638330808,20.44286288556206,6083600
2008-07-31,19.993722915649414,20.32397931824754,19.703096928611163,19.742727344171044,3195200
2008-08-01,20.423057556152344,20.614605629265117,19.670073303522315,20.238113502950103,3033800
2008-08-04,20.277734756469727,20.753303314717698,19.80216493839411,20.20507797652425,3458500
2008-08-05,21.19585609436035,21.427034569132594,20.34379396793167,20.34379396793167,5208500
2008-08-06,21.38739776611328,21.5459193722324,20.647623131866805,21.30153042633305,4296600
2008-08-07,20.806154251098633,21.757291824072514,20.61460492470429,21.20246094325696,5553500
2008-08-08,21.684640884399414,21.862977159706904,20.693870221206787,20.971285704541895,4467900
2008-08-11,22.992456436157227,23.170795232996145,21.578956622655106,21.882794491153028,5835600
2008-08-12,22.193227767944336,23.144367756630324,21.902603060099295,23.144367756630324,6357500
2008-08-13,21.321353912353516,21.955448160932452,20.812759977215954,21.955448160932452,5923300
2008-08-14,21.605371475219727,21.671424262097318,20.885413735847276,20.885413735847276,5533700
2008-08-15,22.1337833404541,22.77448157782831,21.697844982976918,21.862973186864586,3369100
2008-08-18,21.572341918945312,22.33853645205035,21.15621826572492,22.33853645205035,5552300
2008-08-19,20.82596778869629,21.17604000524214,20.416449322928912,21.17604000524214,6827000
2008-08-20,20.44286346435547,20.792934301652988,19.894638110640262,20.792934301652988,7513500
2008-08-21,20.17866325378418,20.396632402737904,19.921063694064703,20.145638121450723,4445300
2008-08-22,20.812761306762695,20.898627428103907,20.17866827750533,20.44947846151085,3131100
2008-08-25,20.079586029052734,20.660837916375367,20.02674506291686,20.535340149367162,1758900
2008-08-26,20.21169662475586,20.409850006832215,19.703101348310476,20.185275501903824,3457200
2008-08-27,20.429662704467773,20.77973370957549,20.039960021182054,20.139036696970496,2571000
2008-08-28,21.149621963500977,21.301539618108542,20.515528966269823,20.57497522412988,3030700
2008-08-29,21.20245933532715,21.51950768859763,20.872204203516837,20.872204203516837,2882600
2008-09-02,21.67142677307129,22.080944020536595,21.367588957542374,21.618584537446615,4465500
2008-09-03,22.55651092529297,22.55651092529297,21.3940070998001,21.61197751195106,4750300
2008-09-04,21.486482620239258,22.457437334829347,21.460064020666717,22.457437334829347,5071400
2008-09-05,22.35835838317871,22.49046145367451,21.096780233102265,21.25530316180027,8715800
2008-09-08,23.765249252319336,24.703178699495652,22.82732232479929,24.37292231324387,13506700
2008-09-09,23.07831573486328,24.016245197103856,22.999054906393585,23.712409921589767,8013200
2008-09-10,22.972625732421875,23.329303114911006,22.008278012052376,23.177385530440915,7768000
2008-09-11,23.35573959350586,23.36234361471827,22.113974474034734,22.351759552194853,10985800
2008-09-12,24.042659759521484,24.63711959048892,22.847131040893174,23.0915199985246,5913900
2008-09-15,23.12455177307129,23.870931934626014,22.31212134008256,22.3385424565187,9242800
2008-09-16,24.306867599487305,24.571073695430368,22.24606861796204,22.265883193278146,13078900
2008-09-17,23.31610679626465,24.41916474080149,22.873564326064542,23.52747074018962,12503300
2008-09-18,27.31880760192871,28.032160058020036,23.217024050349117,23.78506289590162,19210600
2008-09-19,27.51860809326172,36.0232702554928,26.040114772586687,35.25072472245941,15665800
2008-09-22,25.933549880981445,28.97045350815502,24.907931158859807,28.87721567346582,6427800
2008-09-23,25.081092834472656,26.17997338718817,24.79471796414173,26.17997338718817,4521600
2008-09-24,25.873620986938477,25.873620986938477,24.581605770616516,25.76706305714431,4716100
2008-09-25,24.774742126464844,26.033458431233438,24.774742126464844,25.973519438599627,4289500
2008-09-26,24.6481990814209,24.974534111651174,23.56264116122397,24.361826760905004,4861100
2008-09-29,23.30955696105957,24.641531644548692,21.96426222587075,24.641531644548692,4815300
2008-09-30,23.642555236816406,24.042146703475943,22.776772032027022,22.776772032027022,4710900
2008-10-01,24.82134437561035,24.98117988816381,23.189675153434084,23.935580139942786,3843200
2008-10-02,24.54163932800293,25.0477912706951,24.30188595258857,24.828014167555942,2782200
2008-10-03,23.409456253051758,25.64051284831223,23.409456253051758,25.141022338280177,2894700
2008-10-06,23.103107452392578,23.456082585394338,21.71119335575787,22.66355576611535,5570500
2008-10-07,21.35822105407715,24.4750430684916,21.218364274844166,22.95659222986849,4830100
2008-10-08,20.852069854736328,21.731174488602974,20.39253935939223,20.725533134710215,3415400
2008-10-09,18.01495933532715,21.977585021566085,17.881762612510084,20.738848004773168,8951600
2008-10-10,18.780845642089844,20.292636111228425,16.583086406802206,16.583086406802206,12135300
2008-10-13,21.68455696105957,21.68455696105957,19.56005618191261,20.112825833760443,3846200
2008-10-14,22.377178192138672,24.275244024314567,21.118462268155206,22.44377846410695,7550900
2008-10-15,20.65227508544922,22.610278933645738,20.65227508544922,21.97759022217198,6541200
2008-10-16,22.117443084716797,22.36386027575319,20.179419664783484,20.998585211464693,4459000
2008-10-17,21.198389053344727,22.723500269917224,21.198389053344727,21.891015620837916,4255000
2008-10-20,22.090805053710938,22.277283288860463,21.62461581718912,21.970929636134468,3015000
2008-10-21,21.291622161865234,21.997568630597144,21.22502442106203,21.7711327551089,2623600
2008-10-22,19.992942810058594,20.931984978001374,19.71988806733879,20.85872595474038,4522500
2008-10-23,19.180448532104492,20.092852396061613,17.901751878612796,19.999614508602836,8550200
2008-10-24,18.314661026000977,19.113846742516564,17.642013323159006,17.648673352328213,4929600
2008-10-27,18.148160934448242,19.267020233833644,17.87510613760662,17.87510613760662,3442300
2008-10-28,20.012920379638672,20.445813195423337,17.781863659616786,18.8674225365391,3326500
2008-10-29,19.819787979125977,20.678911186073126,19.413535201191785,20.00626493479273,3628000
2008-10-30,20.812105178833008,20.825425231012282,19.92634203323268,20.825425231012282,1854000
2008-10-31,21.91098976135254,21.91098976135254,20.49243567531603,20.838749480104042,2213300
2008-11-03,21.94428825378418,22.090803773683874,21.105143865856995,21.824410302613106,2362800
2008-11-04,22.776777267456055,22.776777267456055,22.124109700269507,22.4304633978291,5341700
2008-11-05,20.732194900512695,22.670220122709583,19.979629418019694,22.670220122709583,2299000
2008-11-06,20.112823486328125,21.165083710536766,19.95298536468977,20.392538293789684,5068800
2008-11-07,20.2659969329834,20.365894789657627,19.61332958109026,20.072859975845745,3602200
2008-11-10,19.83976936340332,20.852069455587053,19.61999225644079,20.499096873479658,2624200
2008-11-11,19.819787979125977,20.272659678409273,19.5134330712642,19.5134330712642,2909000
2008-11-12,18.554418563842773,19.699917002117886,18.421220509737644,19.366923137125852,5410100
2008-11-13,20.139463424682617,20.232701275497533,17.568751066884428,18.454514460437466,3230800
2008-11-14,19.00062370300293,20.35923753321733,18.934024699402052,19.926345915217116,3699300
2008-11-17,18.70758628845215,19.21373686815375,18.521109357950458,18.960660943167866,1932000
2008-11-18,18.541091918945312,19.107181542421976,17.64200854874947,18.94068466906239,3553700
2008-11-19,17.115880966186523,18.794168668265684,17.049281955486208,18.327978133904434,4442700
2008-11-20,16.19681167602539,17.55542644010155,16.09025380475707,17.015975787751884,6057500
2008-11-21,16.982683181762695,17.055942221582345,15.251115230744556,16.89610535583351,6568000
2008-11-24,18.84079360961914,19.16046741715948,16.962707132210358,17.329001148170608,7350700
2008-11-25,19.16046142578125,19.31363825187954,18.001643283100925,19.087202391442766,3251300
2008-11-26,19.453489303588867,19.553388419325522,18.587706282518035,18.694264153718443,3296800
2008-11-28,19.753190994262695,19.753190994262695,19.08054340397309,19.273680406751005,825600
2008-12-01,16.5164794921875,19.560041591526435,16.456540551855184,19.560041591526435,4681500
2008-12-02,17.895084381103516,17.935043274751646,16.663007272898298,17.082578831879477,4836700
2008-12-03,18.527774810791016,18.64765278191806,17.348976455069124,17.582072368897208,3204900
2008-12-04,18.181461334228516,19.100524951895952,17.821828683602106,18.194781391358898,4160900
2008-12-05,19.113840103149414,19.173779074581265,17.215775638437954,17.788523975063093,5815100
2008-12-08,19.446840286254883,19.653296106305998,19.09386636723081,19.646636077237165,2105700
2008-12-09,18.434532165527344,19.62664899821258,18.307994198838898,19.39355441519466,3084100
2008-12-10,18.53443145751953,18.914044116645965,18.09487982376573,18.634329325141703,2843000
2008-12-11,17.295698165893555,18.467836538457565,17.209120333552896,18.321319718238534,2142500
2008-12-12,18.028274536132812,18.06823341519543,16.916075785109314,16.916075785109314,2749800
2008-12-15,17.51547622680664,18.02828706725658,17.009326686145453,18.02828706725658,3291000
2008-12-16,18.7608642578125,18.907381021869202,17.74190312473562,18.7608642578125,2985500
2008-12-17,18.767528533935547,19.06056339867813,18.501133779747008,18.880746463249473,4420400
2008-12-18,18.467830657958984,19.067219075615785,18.301333804705976,18.820804444152632,2802400
2008-12-19,18.643314361572266,19.214652814532645,18.425661864694256,18.83376094499613,1780600
2008-12-22,18.398452758789062,18.738535074458444,17.976751413853236,18.561693411944116,1527900
2008-12-23,18.167207717895508,18.650125574146113,18.11279456622196,18.602514228595744,1630000
2008-12-24,18.507282257080078,18.507282257080078,18.071977231460224,18.092382641027896,544200
2008-12-26,18.724933624267578,18.724933624267578,18.412057204939,18.602503777456878,392600
2008-12-29,18.47327423095703,18.779348882820937,18.221614003701184,18.779348882820937,660000
2008-12-30,19.173845291137695,19.18744760062477,18.582101368519897,18.62971269500302,1194400
2008-12-31,19.83359718322754,19.969630605354986,19.05140824927187,19.377886905604708,1754500
2009-01-02,19.8064022064209,19.95603801548189,19.364293989205482,19.881219462295604,948200
2009-01-05,18.962993621826172,19.93562947127116,18.860969163609234,19.93562947127116,2710200
2009-01-06,19.003795623779297,19.146629539535116,18.77253960057493,19.051406929031234,1670700
2009-01-07,18.051578521728516,18.738543984389967,17.956354545891802,18.738543984389967,1395100
2009-01-08,17.969953536987305,18.33724184353419,17.79991234201101,18.071977994510807,1334300
2009-01-09,17.085742950439453,18.03117175136961,17.038130317442395,17.963155001542553,2910000
2009-01-12,16.493995666503906,17.07893778363089,16.36476399700371,16.997317440443574,3310800
2009-01-13,16.80687141418457,16.840880432225177,16.28314550947314,16.337558641026718,2414500
2009-01-14,15.807028770446777,16.691243731448086,15.800226967210847,16.562012064588025,3199300
2009-01-15,15.446542739868164,15.915856838041776,14.875205473484309,15.766221041764037,5479000
2009-01-16,15.392128944396973,15.820633497430682,14.766377272796303,15.616583277834636,3081500
2009-01-20,13.780146598815918,15.140476948582796,13.780146598815918,15.120071526303931,3446800
2009-01-21,14.745967864990234,14.759571467541743,13.589687594330856,14.1746295309363,5221600
2009-01-22,13.79373550415039,14.61673386541133,13.548875887168617,14.61673386541133,3683400
2009-01-23,14.133829116821289,14.188242264735512,13.236010230268926,13.392449165670126,4675400
2009-01-26,13.916171073913574,14.650750297453374,13.759733482520346,14.263055274814683,4432400
2009-01-27,14.276655197143555,14.31746471103649,13.854953859857424,13.97738240153623,3683900
2009-01-28,15.439740180969238,15.521359223613478,14.834392677686557,14.90921121453652,7175400
2009-01-29,14.58272933959961,15.276496243376426,14.569125736289411,15.154067705517704,3219100
2009-01-30,14.106613159179688,14.922811169802651,14.024994136503976,14.76637233127075,2994600
2009-02-02,14.147428512573242,14.15423031682346,13.786941968492329,13.909371850373208,2137700
2009-02-03,13.807339668273926,14.26985176388775,13.50806820419161,14.26985176388775,2091000
2009-02-04,13.834549903869629,14.324268013831748,13.786938583120543,13.81414449612951,2521400
2009-02-05,14.072602272033691,14.433088585865873,13.412841951589408,13.76652776282648,3929300
2009-02-06,15.20848274230957,15.296903580371549,14.0998135814107,14.195037519298037,5484500
2009-02-09,15.256096839904785,15.589377439904817,15.07925383427614,15.228889624895109,2883700
2009-02-10,13.902568817138672,15.358121067915256,13.895767013489731,15.174476261328099,5273200
2009-02-11,14.283458709716797,14.53512021970493,13.868557827294959,14.011393088993957,5494500
2009-02-12,14.079404830932617,14.133817935801572,13.36523137005299,13.950173220377318,4683700
2009-02-13,13.51487922668457,14.106622054825326,13.508077420953875,14.06581251775295,4299100
2009-02-17,12.705482482910156,13.17479669894037,12.705482482910156,13.093176327639197,5014700
2009-02-18,12.501428604125977,12.963940881280202,12.35179281335137,12.889123634548607,3132600
2009-02-19,11.794053077697754,12.732679560168148,11.794053077697754,12.583043830299212,3038800
2009-02-20,11.834867477416992,11.964099155032413,11.175108076358708,11.637620356404279,6086000
2009-02-23,11.53559398651123,12.242965976767234,11.521991676938121,11.862074065181655,3619300
2009-02-24,12.310980796813965,12.32458440158008,11.426765946683776,11.624014323858988,4062400
2009-02-25,12.413007736206055,12.827908683898348,11.685231599790102,12.24296653434022,6754000
2009-02-26,12.78029727935791,13.440056671663163,12.583048863650667,12.637461996033457,7477800
2009-02-27,12.378998756408691,12.916328225082236,12.249767092880104,12.474221404634344,3593800
2009-03-02,11.821263313293457,12.242966047985515,11.780453789714022,12.045717638947405,3926300
2009-03-03,11.270331382751465,12.127339251392323,11.19551283394037,12.100133331931971,3735200
2009-03-04,11.154703140258789,11.556000500497088,10.903042875418048,11.501587365073835,3904100
2009-03-05,10.202475547790527,11.018674110538509,10.12765762728953,10.903046002437742,3241700
2009-03-06,10.107247352600098,10.603767927980746,9.807975165741334,10.35890821734978,6352200
2009-03-09,9.984819412231445,10.440529877415678,9.964414001320607,10.127654045328827,3569400
2009-03-10,11.365553855895996,11.37915746405339,10.202472601979808,10.229679169638858,7342700
2009-03-11,11.33154582977295,12.018512455611994,11.297538107600415,11.698835456331256,6518200
2009-03-12,12.549042701721191,12.596654036308292,11.147902098466568,11.304341008653346,6943800
2009-03-13,12.310980796813965,12.759889375606539,12.256567675060657,12.651063132099925,6920500
2009-03-16,12.32458782196045,13.038760405337198,12.32458782196045,12.555842680607627,6179500
2009-03-17,12.96394157409668,12.96394157409668,12.18175226231315,12.18175226231315,4614400
2009-03-18,13.800543785095215,13.909370044345385,12.725882204704936,12.807502547798235,5184900
2009-03-19,13.154383659362793,14.276655006245132,13.113574146015536,14.276655006245132,5098400
2009-03-20,12.740457534790039,13.502414218340894,12.733592906822725,13.502414218340894,2933900
2009-03-23,14.442852020263672,14.456579971389901,13.289620330822775,13.667165827328011,6367100
2009-03-24,13.317070960998535,14.381064550462831,13.317070960998535,14.278096457490323,4736400
2009-03-25,13.694622039794922,14.127083195792162,12.850290996371742,13.46122988916336,5507700
2009-03-26,14.037840843200684,14.072162667452613,13.516140996950615,13.790719518847053,2753600
2009-03-27,13.454368591308594,14.051577064563975,13.454368591308594,13.859372640663135,3670300
2009-03-30,12.713004112243652,13.111143487671423,12.651223751462249,13.111143487671423,3261900
2009-03-31,13.193511962890625,13.543600119041296,12.788508094557132,12.82969586066464,3461300
2009-04-01,13.639710426330566,13.72894801232107,12.795379128508992,13.152332091060023,4220900
2009-04-02,14.09961986541748,14.264366963261825,13.886820385070013,14.085890613273731,3299500
2009-04-03,14.360474586486816,14.367339215176727,13.831909961010137,14.147676334275783,2052700
2009-04-06,13.900552749633789,14.154538733987993,13.687754530933027,14.154538733987993,1552900
2009-04-07,13.454368591308594,13.866237271415942,13.44063932980298,13.612251170739839,2678000
2009-04-08,13.371989250183105,13.612245998055485,13.042494955023582,13.51614382262411,2672400
2009-04-09,14.8890380859375,14.923359917497319,13.845638171274057,13.845638171274057,3873100
2009-04-13,15.657861709594727,15.70591280853964,14.497766777285571,14.641920074120316,6204000
2009-04-14,14.312420845031738,15.548024975976631,14.250640507555113,15.438193555861254,3559800
2009-04-15,14.648783683776855,14.724293296457345,13.687757843918412,14.133948272142602,4549900
2009-04-16,14.916494369506836,15.19107293293545,14.140809764159265,14.985139337687457,4280100
2009-04-17,15.383282661437988,15.71277702493014,14.66251357763713,15.094974766058803,5033900
2009-04-20,13.77012825012207,14.916494942071578,13.770128250122069,14.758612425701589,4930500
2009-04-21,14.552677154541016,14.628185435418924,12.966983616698451,13.296479176987908,6547800
2009-04-22,14.044709205627441,14.998871712241845,13.989793481521831,14.092761609852221,7281600
2009-04-23,13.914284706115723,14.305559390727066,13.529873341151863,14.024116150592798,5467500
2009-04-24,14.621328353881836,14.99201055952175,13.989796725576177,14.030984510176909,8448800
2009-04-27,14.017244338989258,14.607589032521973,13.886819074519455,14.44970526635603,5789500
2009-04-28,14.017244338989258,14.374197005278502,13.667156298124052,13.667156298124052,2803200
2009-04-29,14.79293441772461,14.799799045810389,14.024114402232447,14.024114402232447,3429800
2009-04-30,14.31928825378418,15.184211837163163,14.278100481270377,15.177347208410863,4094000
2009-05-01,13.982929229736328,14.580137525921588,13.87996110826834,14.360474644138776,4040600
2009-05-04,15.225400924682617,15.252858135130374,14.092763171209075,14.188865371717652,5562600
2009-05-05,14.9027738571167,15.211675740507983,14.655653659698308,15.163624627379258,2168700
2009-05-06,15.747101783752441,15.802017516619202,14.950823002537225,15.101840940597231,6480600
2009-05-07,15.245986938476562,16.179555258892922,15.053782620245231,16.117774925377503,7674500
2009-05-08,16.344303131103516,16.440406603938147,15.259716895093279,15.259716895093279,7464900
2009-05-11,15.836337089538574,16.213883844532674,15.753964156688554,15.966762427394292,5875000
2009-05-12,15.232264518737793,16.15896854830203,14.827260545145231,15.637268492330357,6575700
2009-05-13,14.25064468383789,14.923362656514229,14.25064468383789,14.86844693036298,4699500
2009-05-14,14.477173805236816,14.628191741387704,14.065305159295638,14.120220891468172,3166000
2009-05-15,14.113353729248047,14.511493043393463,13.989793026703936,14.42912011456012,2402000
2009-05-18,14.95767879486084,15.04005169084267,14.319282959180573,14.319282959180573,1957900
2009-05-19,14.236908912658691,14.943949709070301,14.188857837917885,14.868440129166983,7084000
2009-05-20,13.591656684875488,14.607599733914876,13.516148368481263,14.422258639567044,12903100
2009-05-21,13.351400375366211,13.516147568605426,13.179788552080241,13.392586846352438,7784600
2009-05-22,13.234696388244629,13.715208421228123,13.234696388244629,13.516139505800346,3363200
2009-05-26,14.147674560546875,14.147674560546875,13.12486858127478,13.12486858127478,4121700
2009-05-27,13.358256340026855,14.12021283479841,13.31020526545452,14.03783993818686,6351400
2009-05-28,13.42004108428955,13.612246755136265,13.028766423364107,13.523009202885943,7382800
2009-05-29,13.722071647644043,13.934869793271776,13.358254365066687,13.536730693729536,2573300
2009-06-01,13.85936164855957,14.195720432908411,13.708342510362629,13.92800659234969,4855200
2009-06-02,13.62597370147705,13.886822994760827,13.543599482427872,13.804450085005442,5835000
2009-06-03,13.543596267700195,13.694615415228599,13.420035623101858,13.557325519165229,2948000
2009-06-04,14.051572799682617,14.230049217201781,13.52300948508845,13.584789833817931,5973300
2009-06-05,13.80445384979248,14.367340354043408,13.502416709964853,14.353611095575301,8991500
2009-06-08,13.701480865478516,13.87995723443866,13.564192257327878,13.571056884129463,1652100
2009-06-09,13.763262748718262,13.900552681637151,13.584787668935075,13.708347037409474,3447900
2009-06-10,13.639710426330566,13.873101337989075,13.420046158326041,13.85250875391908,2551000
2009-06-11,13.749539375305176,14.106490962870529,13.612249396730162,13.625978656446518,4018100
2009-06-12,13.742673873901367,13.941742889986697,13.591654645187475,13.701486097364386,1779900
2009-06-15,13.22097110748291,13.708347912810046,13.111139677851616,13.591651855165054,5133900
2009-06-16,13.111140251159668,13.40631272218594,13.083681737904213,13.24842888955502,3934500
2009-06-17,12.747320175170898,13.104272918050935,12.452147765069855,13.097408291153968,10343600
2009-06-18,12.905204772949219,13.090545801546783,12.637490826726463,12.774780768493677,4149700
2009-06-19,13.358549118041992,13.358549118041992,13.033742654634192,13.054474168772852,7969900
2009-06-22,12.612189292907715,13.16505185794823,12.598367399249621,13.10285465461513,4005400
2009-06-23,12.391043663024902,12.88861994731242,12.245916422944209,12.646742092596778,6381900
2009-06-24,12.335758209228516,12.598367602323698,12.287382898773746,12.508527928354605,3155000
2009-06-25,12.826424598693848,12.826424598693848,12.232097613971519,12.232097613971519,6744900
2009-06-26,12.88171100616455,12.957730111285201,12.61910158921903,12.757316586195657,4686700
2009-06-29,12.874795913696289,12.964636885029822,12.37721971213842,12.909350640412281,6929400
2009-06-30,12.605278015136719,12.957728385394853,12.494705505031613,12.957728385394853,5644000
2009-07-01,12.750408172607422,12.84715881152984,12.639835637230775,12.688210956691982,4273100
2009-07-02,12.176809310913086,12.577634971238085,12.135343632924538,12.556902132243811,6483200
2009-07-06,12.30810832977295,12.342663047372895,11.928015663067443,12.093874353164084,7467200
2009-07-07,12.190629005432129,12.494704031423119,12.135342756899961,12.266648091461912,4544300
2009-07-08,12.169899940490723,12.57763659994593,11.921111112856115,12.211364305720357,7978000
2009-07-09,12.252828598022461,12.44633116482305,12.204453285854413,12.315025804560921,5169700
2009-07-10,12.100790023803711,12.211362527062795,11.914198430255931,12.135343436774095,3886000
2009-07-13,12.736577987670898,12.757309500732365,12.197536239901238,12.197536239901238,5134600
2009-07-14,12.612189292907715,12.729672752744866,12.529259249087474,12.695119336727958,2795600
2009-07-15,13.026833534240723,13.130495073829568,12.757311949556133,12.805688564950387,4434300
2009-07-16,13.054478645324707,13.192694938241715,12.750404909912504,13.054478645324707,8653900
2009-07-17,12.51544189453125,13.254896259877,12.494709048708303,13.123590872589007,9700100
2009-07-20,12.612189292907715,12.750405593232008,12.529259249087474,12.605278346078668,5418500
2009-07-21,12.190629005432129,12.702027133886713,12.107700291697947,12.639831257650146,6292300
2009-07-22,12.294292449951172,12.536168974764934,11.976395517423056,12.024770822385808,6989800
2009-07-23,12.936995506286621,12.985372132673406,12.280471394291151,12.315024809296279,4520200
2009-07-24,13.019925117492676,13.089033263347849,12.764225373267006,12.798780105258716,3352800
2009-07-27,13.669541358947754,13.773202932160453,12.99919397045735,13.026837759649228,6770800
2009-07-28,13.856127738952637,14.049630254104024,13.524410271374299,13.579696515970689,5670300
2009-07-29,14.035811424255371,14.139472990713392,13.821577344491683,13.86995265429687,2805600
2009-07-30,14.243136405944824,14.422817076292834,14.04272289428145,14.187850147232234,6447600
2009-07-31,14.388266563415527,14.471196634886804,14.146388616263806,14.28460496267301,2793200
2009-08-03,14.678515434265137,14.768356427926314,14.408995089538353,14.512656659192626,3142300
2009-08-04,15.09316349029541,15.183003168562035,14.457370840772768,14.581765255394565,5061600
2009-08-05,15.155360221862793,15.300486155613617,14.927304241591232,15.155360221862793,5139700
2009-08-06,15.079338073730469,15.473252749275419,14.747620590969259,15.383413091992297,6997500
2009-08-07,15.894813537597656,16.31637205756978,15.245199050028612,15.307396251930344,11159100
2009-08-10,16.088315963745117,16.440766332380203,15.756597116829083,15.970832507533421,7616700
2009-08-11,15.314305305480957,16.033027852774904,15.024052171862731,16.019205961143527,4927000
2009-08-12,15.424883842468262,15.604564549652478,15.162274389278195,15.245203135284047,3477000
2009-08-13,15.376492500305176,15.646012621206424,15.072417672796536,15.646012621206424,4966000
2009-08-14,15.086252212524414,15.362683506667855,14.795999024141706,15.335041036317703,4870400
2009-08-17,14.353704452514648,14.73379719800733,14.23622102457779,14.643957549880541,6415000
2009-08-18,14.388266563415527,14.567947286495984,14.38826656341553,14.40899941081554,3262000
2009-08-19,14.581761360168457,14.719976314282547,14.167113861570062,14.215489161416397,2636400
2009-08-20,14.657788276672363,14.789093685483532,14.512662286509137,14.554126666823075,2501800
2009-08-21,15.19682502746582,15.19682502746582,14.719980211909991,14.726891159164818,2772000
2009-08-24,14.830549240112305,15.34194867154137,14.692334281941505,15.231376177753491,3615000
2009-08-25,14.761446952819824,15.079342640542702,14.664695002450184,14.941127639930865,3387700
2009-08-26,14.98949909210205,15.217555036546063,14.692335006102361,14.692335006102361,5799100
2009-08-27,14.844372749328613,15.003320561707175,14.512655231809461,14.941124680534548,2884400
2009-08-28,14.726887702941895,15.058606502681172,14.643958991603151,15.030962720149523,2407800
2009-08-31,14.650872230529785,14.719979061419961,14.415905314743922,14.45045873018901,2740300
2009-09-01,14.04963493347168,14.782178247886536,13.98743772281935,14.498835985194136,5985600
2009-09-02,13.793930053710938,14.153291289747752,13.780109481654137,13.918324429118142,2823400
2009-09-03,13.98744010925293,14.021994853359969,13.766295019482719,13.869956615546416,1335100
2009-09-04,14.077272415161133,14.132558653394033,13.890680866827134,13.994342398747836,2331900
2009-09-08,14.160207748413086,14.28460217225586,14.049635220136956,14.28460217225586,3267300
2009-09-09,14.028895378112793,14.595580950482969,14.028895378112793,14.18093351724073,4911700
2009-09-10,14.471186637878418,14.471186637878418,14.215486969102878,14.312237553874665,1986700
2009-09-11,14.540300369262695,14.643961938359652,14.381351223977102,14.436637482037371,1995200
2009-09-14,14.56794261932373,14.56794261932373,14.312242855824579,14.360619484259383,1757200
2009-09-15,14.802906036376953,14.941122305772442,14.277686058053344,14.581761059846599,5985500
2009-09-16,15.763504981994629,15.791148763053947,14.83745940655603,14.865103187615347,6124600
2009-09-17,15.390324592590332,15.88790083467365,15.224465845229227,15.798061174151108,7306400
2009-09-18,15.398656845092773,15.50978822700922,15.169448204291282,15.398656845092775,3827800
2009-09-21,15.120830535888672,15.259744120600242,15.002753260248921,15.204178421757463,4527300
2009-09-22,15.322256088256836,15.37087591038568,14.988861886695513,15.322256088256836,3771300
2009-09-23,15.169455528259277,15.482013518799581,15.141672006970714,15.315315040650612,4936300
2009-09-24,14.669357299804688,15.35003735981701,14.51655065280436,15.35003735981701,6835100
2009-09-25,14.613797187805176,14.697145095457739,14.322076861438994,14.55823014964866,5794700
2009-09-28,14.933298110961914,14.968026181303578,14.523500521933634,14.599903866434456,2899800
2009-09-29,14.919405937194824,15.058320864272691,14.773546456074898,14.94718945252677,3096000
2009-09-30,14.808273315429688,15.086101822092465,14.586010510099465,15.086101822092465,4048800
2009-10-01,14.322076797485352,14.933299641775521,14.28734739879261,14.780494261900754,4595600
2009-10-02,14.169266700744629,14.412367134232,13.974787413787357,14.08591881341745,4164600
2009-10-05,14.342914581298828,14.57906921743842,14.245674904579435,14.287348862488999,2715200
2009-10-06,14.599908828735352,14.84995393472223,14.433211649813627,14.655474555042591,4579500
2009-10-07,14.641579627990723,14.6832535825169,14.294293582426626,14.56517627403346,2741400
2009-10-08,14.829115867614746,14.919409665425345,14.613798869150045,14.690200905823241,3081500
2009-10-09,15.058318138122559,15.141666019447278,14.801325966991513,14.863837540380397,2473900
2009-10-12,14.926344871520996,15.106933662786615,14.877725067101466,15.079150160380992,1325600
2009-10-13,14.891618728637695,14.981912473458452,14.6137902928925,14.801323659026455,2702900
2009-10-14,15.218064308166504,15.266684110302778,14.912452420008169,15.0999870780683,3007000
2009-10-15,15.169455528259277,15.197237724756633,14.947192657115602,15.079160408862652,3689600
2009-10-16,14.88468074798584,15.072215538391402,14.77354931473614,14.988866301058536,3179200
2009-10-19,14.919405937194824,15.037483227773732,14.731871183076983,14.968025764234799,4135300
2009-10-20,14.704085350036621,14.933293995581833,14.572116334483134,14.843000242702459,4334400
2009-10-21,14.190099716186523,14.842997470092424,14.155370337112066,14.655462797461418,9867800
2009-10-22,14.954139709472656,14.981921908147447,14.16232651297571,14.301241480723613,11316100
2009-10-23,14.627685546875,15.058320757942843,14.481826066785018,15.009700931246183,5027500
2009-10-26,14.620737075805664,14.68324864898678,14.315126412243192,14.59295489038666,9077200
2009-10-27,14.724930763244629,15.009705251396444,14.544341837257157,14.572124035598376,11640900
2009-10-28,14.655468940734863,14.7735462295029,14.329019264545696,14.704088767029189,10255900
2009-10-29,14.877732276916504,14.933297983864827,14.52350039832433,14.759654984052446,10593000
2009-10-30,14.127593994140625,14.738816745626853,14.023408463463428,14.731870866942918,7468500
2009-11-02,13.960894584655762,14.33596269838335,13.62055453384697,14.197049121917484,5787000
2009-11-03,13.926164627075195,13.988676197603544,13.585824590193422,13.773359301778468,5035200
2009-11-04,13.599720001220703,14.085920941655413,13.578882363845164,14.051191546029514,4535000
2009-11-05,13.828927993774414,13.863656062802693,13.509425519383319,13.64833912028735,4705100
2009-11-06,13.84282112121582,13.919224470388162,13.564992567122363,13.690014422871135,3487600
2009-11-09,14.148428916931152,14.210939163517086,13.953948325449499,13.960894202801413,2220300
2009-11-10,13.960894584655762,14.190103244375589,13.808087928315425,14.190103244375589,3950000
2009-11-11,14.231781005859375,14.46098972711836,14.092867392097254,14.120649584933265,4245900
2009-11-12,13.884493827819824,14.349857110984171,13.821982243156633,14.329019474499464,5680800
2009-11-13,13.967841148376465,14.030352724533762,13.752522908372105,13.849763873944983,2408500
2009-11-16,14.412370681762695,14.634633535731735,14.051192881667452,14.051192881667452,5933200
2009-11-17,14.676307678222656,14.717982957470651,14.259565484071722,14.259565484071722,4747100
2009-11-18,14.690194129943848,14.759651578802224,14.530442924923038,14.704085884673653,4591700
2009-11-19,14.40541934967041,14.606845812836397,14.294287964748005,14.537388366062244,3538100
2009-11-20,14.481825828552246,14.55128329045812,14.280399321504305,14.280399321504305,2675100
2009-11-23,14.738810539245605,14.863833653328488,14.579059371157626,14.579059371157626,3741400
2009-11-24,14.68325424194336,14.74576583893559,14.433209178765628,14.627688525149289,2727300
2009-11-25,14.572114944458008,14.780487263580257,14.565169068008219,14.71102982387284,1880900
2009-11-27,14.28734302520752,14.572117383358506,13.974786481398013,14.155374000155135,2168400
2009-11-30,14.606846809387207,14.606846809387207,14.183157547470248,14.308180695235299,2818500
2009-12-01,14.58601188659668,14.75965488524664,14.523500301099418,14.662415229935764,2603500
2009-12-02,14.801323890686035,14.940238773128067,14.606844645015792,14.717976021053216,2499200
2009-12-03,14.433209419250488,15.093052151575442,14.433209419250488,14.919409118101843,3898800
2009-12-04,14.85689926147461,14.93330262909157,14.523504916077375,14.870791023730668,3854800
2009-12-07,14.752704620361328,14.96802150373232,14.669356747671516,14.940239321099233,2964000
2009-12-08,14.745766639709473,14.856898079332648,14.565177719123996,14.606853002576132,3395400
2009-12-09,14.641579627990723,14.84995072541273,14.516556439621068,14.84995072541273,2439200
2009-12-10,14.68325424194336,14.738819958737434,14.516557091561143,14.64852616574376,3450100
2009-12-11,14.724930763244629,14.731875319236458,14.565178154815246,14.641581518638374,1646600
2009-12-14,14.968027114868164,14.974972994327908,14.620741090627222,14.745764271320528,2518700
2009-12-15,14.81521987915039,14.97497111227384,14.780491811007337,14.829111636323963,3696900
2009-12-16,14.808273315429688,14.99580805422362,14.724925425826262,14.8499472602314,1966600
2009-12-17,14.711036682128906,14.86384206089041,14.662416849104387,14.662416849104387,2633700
2009-12-18,15.22118854522705,15.221188545227049,14.740958649380072,14.782717366740687,2537000
2009-12-21,15.402146339416504,15.409106348205786,15.144632651642846,15.249030128510165,2088000
2009-12-22,15.576141357421875,15.603981390399733,15.332547706294795,15.388226444764676,2597000
2009-12-23,15.555258750915527,15.715334917851276,15.541338737924896,15.541338737924896,4765800
2009-12-24,15.764058113098145,15.764058113098145,15.569183185823471,15.569183185823471,1444500
2009-12-28,15.701412200927734,15.812769630704965,15.65965349663259,15.812769630704965,1943000
2009-12-29,15.777973175048828,15.83365189785395,15.680535742011228,15.715334445957382,1068200
2009-12-30,15.597027778625488,15.833662846039939,15.541349017321286,15.673586573226158,2714800
2009-12-31,15.48566722869873,15.75014096131969,15.48566722869873,15.673583509171744,2947400
2010-01-04,15.798861503601074,15.819740205956107,15.61094521748881,15.61094521748881,1486700
2010-01-05,15.436943054199219,15.791895460987073,15.318625585269935,15.791895460987073,7303800
2010-01-06,15.555258750915527,15.597017462401917,15.388222577484463,15.429981288970852,4409300
2010-01-07,16.105091094970703,16.112051103672542,15.457824888044755,15.513504957659475,5211600
2010-01-08,16.404367446899414,16.404367446899414,15.938057409424529,16.063334931057504,5020800
2010-01-11,16.15380859375,16.42524360243208,16.084211167022833,16.42524360243208,3269400
2010-01-12,16.042455673217773,16.216451944413134,15.945018186143955,16.105094437046997,3720400
2010-01-13,16.188608169555664,16.334764354467133,15.861495759883008,16.091170712948017,4033400
2010-01-14,16.68275260925293,16.78019136893931,16.160764089630035,16.160764089630035,4932800
2010-01-15,16.480926513671875,16.73148156129087,16.25125149584985,16.66884279938612,3922100
2010-01-19,16.856752395629883,16.884592426503506,16.4600412480809,16.480921271236117,3961200
2010-01-20,16.828920364379883,16.94723788753049,16.216452717193356,16.682762799317953,8996800
2010-01-21,17.35091209411621,17.462269625345087,16.72452564908216,16.940280699902296,17665800
2010-01-22,16.94722557067871,17.455294018931628,16.821948128099024,17.33001657635194,9693100
2010-01-25,16.814992904663086,17.114266585383252,16.52267923134172,17.03770783148209,5581700
2010-01-26,16.794111251831055,17.176903656683702,16.613156386974804,16.787152572593584,4280500
2010-01-27,17.323062896728516,17.330022904689535,16.675796758697313,16.78019555062682,10003700
2010-01-28,17.100345611572266,17.552735447238373,16.898510718268877,17.490096711647695,7195000
2010-01-29,16.752351760864258,17.23954158896204,16.752351760864258,17.176902858849882,5528600
2010-02-01,16.710599899291992,16.968113604204593,16.585322387718932,16.87067612964156,3066800
2010-02-02,16.5992374420166,16.933309821312264,16.48787998225138,16.7593136244934,5692100
2010-02-03,16.272130966186523,16.592284800753482,16.105094702385326,16.557486076935568,9874800
2010-02-04,15.875410079956055,16.132924994041364,15.673575214309013,16.132924994041364,14284700
2010-02-05,16.084213256835938,16.348686964225237,15.576143214307917,15.951975739398288,10155600
2010-02-08,15.9032564163208,16.153810096312917,15.791898930216316,15.965895168190317,4220200
2010-02-09,16.056367874145508,16.195565354307853,15.889331694442022,16.049407867388833,2924300
2010-02-10,16.244293212890625,16.272131928093366,15.89630064419543,16.00069814930673,2968700
2010-02-11,16.188608169555664,16.279085618193367,16.028531968704307,16.132929433281898,4271400
2010-02-12,16.244293212890625,16.244293212890625,16.007658159978988,16.01461817065125,3114400
2010-02-16,16.606197357177734,16.606197357177734,16.244284951203195,16.41132113992553,2153400
2010-02-17,16.50876808166504,16.661885671690698,16.35565181912577,16.59228688781416,3183700
2010-02-18,16.66884422302246,16.66884422302246,16.439169185584575,16.4878879317856,1492300
2010-02-19,16.73147964477539,16.766278362964812,16.557483398856274,16.59924212618078,3333000
2010-02-22,17.058589935302734,17.107308665553727,16.780196242807172,16.780196242807172,2835800
2010-02-23,16.926349639892578,17.07946714110771,16.821952188373107,17.05162711271019,3436200
2010-02-24,17.330028533935547,17.406587318889272,16.961157284582974,16.995956008205823,5035000
2010-02-25,17.225627899169922,17.260426616456684,17.030751630900525,17.156029137110423,2700400
2010-02-26,17.072511672973633,17.183869161198423,16.891555422736854,17.17690915224863,3814000
2010-03-01,16.968114852905273,17.156031134093812,16.961156170626698,17.072513671889656,2324000
2010-03-02,17.065561294555664,17.225637608278202,17.044681255923138,17.07948132031068,2926000
2010-03-03,17.037710189819336,17.197786399692323,16.954192744444672,17.114268954317662,1915200
2010-03-04,17.058589935302734,17.09338864905749,16.933312441808273,17.0446699188065,2904300
2010-03-05,17.517940521240234,17.538820546772985,17.072510596428643,17.225626801211156,4318900
2010-03-08,17.448347091674805,17.580584638790743,17.413548365979906,17.566664617518267,4136100
2010-03-09,17.448347091674805,17.55970460688203,17.302190850772682,17.392668334071193,2107400
2010-03-10,17.740657806396484,17.831136601398736,17.441384038673146,17.51794281483104,3859100
2010-03-11,17.977291107177734,17.98425111593802,17.671057359154844,17.726736101751193,4264600
2010-03-12,17.886817932128906,18.14433168050391,17.789379113634407,18.14433168050391,4154200
2010-03-15,17.90073013305664,17.949450188376673,17.726733917942415,17.838091389416658,2236400
2010-03-16,18.151287078857422,18.151287078857422,17.8102546194955,17.963370827529655,2333100
2010-03-17,18.450565338134766,18.485364062475682,18.15825154021784,18.193050264558757,5307900
2010-03-18,18.380966186523438,18.59672119349992,18.311367411776963,18.450564961269915,3111400
2010-03-19,18.44379425048828,18.4717175462847,18.150592321268547,18.44379425048828,1274900
2010-03-22,18.688125610351562,18.695106765759864,18.255303295671442,18.283227917304657,1465900
2010-03-23,18.71605110168457,18.750956882831407,18.42983035387755,18.695108964515875,2153400
2010-03-24,18.534542083740234,18.771896031676395,18.506618794787318,18.660200212826343,2246700
2010-03-25,18.576427459716797,19.072077447941183,18.56944630518305,18.69510442375235,4185200
2010-03-26,18.380962371826172,18.820764532930887,18.31813330145131,18.632278653325617,2094900
2010-03-29,18.297183990478516,18.520576909086945,18.13662145369777,18.520576909086945,2444100
2010-03-30,18.311153411865234,18.401907111579614,18.192476418675252,18.33209688061149,1683500
2010-03-31,18.304170608520508,18.52058243819986,18.19945593725075,18.220399404112417,3064700
2010-04-01,18.3460636138916,18.429834846023862,18.15757634431442,18.429834846023862,1730100
2010-04-05,18.562471389770508,18.576433703530945,18.290212929039644,18.46473785648651,1290500
2010-04-06,19.197736740112305,19.232641183395753,18.443789314125024,18.492656067329516,3897400
2010-04-07,18.988309860229492,19.29547272889416,18.876614029529733,19.21868267748766,4625700
2010-04-08,19.134904861450195,19.21867737713089,18.883588645927066,18.953398853741152,4201900
2010-04-09,19.22566795349121,19.33736380812788,19.072085154726075,19.246610094035823,2150000
2010-04-12,19.421127319335938,19.42810847391779,19.16981108046563,19.30943150906449,2538900
2010-04-13,19.183778762817383,19.39320946437515,19.030197313557252,19.358303681689126,3402200
2010-04-14,19.770179748535156,19.770179748535156,19.33037760220751,19.435092272140828,2877400
2010-04-15,19.826019287109375,20.000544107121815,19.7631902453834,19.79809600829711,2705000
2010-04-16,19.260568618774414,19.826028938044857,19.02321464149658,19.791124489659026,5849800
2010-04-19,19.35830307006836,19.51188584599554,18.960386480655973,19.169815844077412,3563800
2010-04-20,19.67244529724121,19.679426452440193,19.3303766816063,19.52584370110099,3227000
2010-04-21,20.07734489440918,20.12621165394689,19.58169348012813,19.686409486588175,9807600
2010-04-22,20.649784088134766,20.705631997392985,19.86093220342251,19.94470340155025,18784600
2010-04-23,20.733562469482422,20.76846692330031,20.440360530245634,20.6497899161921,5072800
2010-04-26,19.972633361816406,20.796391242254206,19.972633361816406,20.78941008529055,5506600
2010-04-27,19.54678726196289,20.168095430989133,19.51188281731707,19.87489356879892,6535100
2010-04-28,19.609619140625,19.895839888641802,19.560752378503018,19.700371508634476,3912000
2010-04-29,20.0913028717041,20.161111752257998,19.525841352280388,19.700366216703227,4710300
2010-04-30,19.490943908691406,20.14017685044336,19.47698159496094,20.063385456445314,6095100
2010-05-03,19.525854110717773,19.937733166404126,19.35132913225813,19.693397930256644,4511000
2010-05-04,18.81378936767578,19.34434402208512,18.723035651762856,19.337364196109952,13754400
2010-05-05,18.939437866210938,19.065095982732583,18.40888344548253,18.50661694432423,5434000
2010-05-06,18.248323440551758,20.59393856410939,15.43498285498309,18.813785085243264,6841000
2010-05-07,17.90625,18.5485015248007,17.68285839685523,18.429824569190167,7975400
2010-05-10,18.91850471496582,18.981333803051218,18.49964457156974,18.688131835825928,6468100
2010-05-11,19.211698532104492,19.5677294363779,18.520580187874632,18.695105062625178,4739300
2010-05-12,19.763200759887695,19.763200759887695,19.239626021295862,19.511885790796818,2951000
2010-05-13,19.553773880004883,19.846975824107986,19.449059185293684,19.756222112243922,2029100
2010-05-14,19.07208251953125,19.456038131873214,18.813786390692655,19.379246743100936,4168600
2010-05-17,19.10698127746582,19.372258465174653,18.66019675337666,19.058113200699378,3409700
2010-05-18,18.562471389770508,19.358304632841982,18.39492761920386,19.260571099557982,5257800
2010-05-19,18.408889770507812,18.925483391409315,18.1505922942973,18.346060690659836,4263300
2010-05-20,17.333810806274414,18.059834936902462,17.305887518222107,18.03889147222387,4662100
2010-05-21,17.654939651489258,17.84342553290496,16.907971955582212,16.92193426724836,5200700
2010-05-24,17.243057250976562,17.780592824979333,17.16626588403943,17.780592824979333,2521000
2010-05-25,17.264005661010742,17.32683474198648,16.586849415684984,16.845145565012324,3391400
2010-05-26,17.340795516967773,17.63399742499455,17.25004181627028,17.57116834959457,2579800
2010-05-27,17.92719841003418,17.983046326234437,17.48739490487772,17.731730037573605,2212700
2010-05-28,17.599088668823242,17.899271682438293,17.48041302592531,17.89229052729385,2081400
2010-06-01,17.131366729736328,17.606073392091794,17.08249863382141,17.452491942346153,2303200
2010-06-02,17.682865142822266,17.682865142822266,17.082498981693334,17.131367078603414,1985500
2010-06-03,17.696823120117188,17.794556626951522,17.459469176503088,17.794556626951522,1172400
2010-06-04,16.621753692626953,17.312872244511887,16.586849239797022,17.30589241916152,5536900
2010-06-07,16.489110946655273,16.873065143024448,16.489110946655273,16.628730049189908,4495500
2010-06-08,16.482135772705078,16.642698398067193,16.091198948102157,16.52402138551267,4579100
2010-06-09,16.335529327392578,16.677597949700495,16.265719105560112,16.60778905938726,4947200
2010-06-10,16.84514617919922,16.859108493596136,16.433268556646887,16.579868863255747,2008200
2010-06-11,17.012680053710938,17.02664102736841,16.63570580306636,16.67759138707619,1712800
2010-06-14,16.97079849243164,17.326829397638907,16.93589404999763,17.082494306043433,1265400
2010-06-15,17.340795516967773,17.396643436043377,16.607791412660546,17.152308290767827,2238600
2010-06-16,17.368715286254883,17.55720247420667,17.187210584729996,17.187210584729996,1897400
2010-06-17,17.389663696289062,17.515321857325198,17.201176454734856,17.417588323861327,2577000
2010-06-18,17.433805465698242,17.54592120367093,17.167534096349474,17.412784850742,2452500
2010-06-21,17.405776977539062,17.651027724096764,17.265633311932074,17.524898692352288,1695600
2010-06-22,17.139503479003906,17.615990315983495,17.090453599287006,17.391761530701096,1280500
2010-06-23,16.908267974853516,17.25161981802786,16.81717552880314,17.08344688661188,1565900
2010-06-24,16.663022994995117,16.99235895546277,16.592951144371746,16.936301742265947,2130100
2010-06-25,17.076444625854492,17.09045792610067,16.642000241999252,16.85922176567221,2426000
2010-06-28,17.00636863708496,17.13950364431234,16.887246926691148,17.07644046728879,1232600
2010-06-29,16.424774169921875,16.79615258553399,16.30565246350636,16.705060144867513,2968000
2010-06-30,16.179521560668945,16.705058203817977,16.130471687816442,16.382728367701997,1346800
2010-07-01,15.934279441833496,16.32667997250266,15.548886230561399,16.130480375422838,4864900
2010-07-02,15.766103744506836,16.109454287894994,15.62596006550755,15.990332561698354,1605600
2010-07-06,15.731064796447754,16.228572200621024,15.611943098242921,15.955293560948881,1445000
2010-07-07,16.438796997070312,16.438796997070312,15.773117587694596,15.773117587694596,2001500
2010-07-08,16.641998291015625,16.70506281251284,16.396747522583034,16.515869248021197,1872700
2010-07-09,17.00636863708496,17.02738925058981,16.585938992370977,16.585938992370977,1921500
2010-07-12,16.88724136352539,17.11147007710276,16.73308312055953,16.90826197010542,1037800
2010-07-13,17.601980209350586,17.651030097956962,17.097464014521055,17.174543174622062,3772500
2010-07-14,17.286657333374023,17.56694336165246,17.10447108086574,17.56694336165246,1605000
2010-07-15,17.09746742248535,17.377753510753738,16.78214607437448,17.377753510753738,1961300
2010-07-16,16.354711532592773,17.048420211603865,16.25661172036182,17.048420211603865,3444000
2010-07-19,16.18653106689453,16.46681704720473,16.018359478708412,16.43178180085682,3363400
2010-07-20,16.312665939331055,16.312665939331055,15.85019357192175,16.032378522044663,4931300
2010-07-21,15.56289291381836,16.529881195193262,15.56289291381836,16.473824000367827,4095000
2010-07-22,16.18653106689453,16.24959557952795,15.80113667452265,15.864201187156068,2700700
2010-07-23,16.4107608795166,16.473825396101933,15.976316580429778,16.144489515663366,3534000
2010-07-26,16.859222412109375,16.86622973075581,16.319672241427753,16.424779348105503,3115100
2010-07-27,17.0203857421875,17.244614562195853,16.97133451836513,17.076442947189587,2710400
2010-07-28,16.775127410888672,17.132492432953068,16.71907023114378,16.929284321059974,1540600
2010-07-29,16.73308563232422,17.055415458857286,16.52287151591782,17.055415458857286,3437700
2010-07-30,16.656005859375,16.901256523753474,16.480827004320172,16.522869555310923,2857700
2010-08-02,16.985349655151367,17.048414179704032,16.803163399389135,16.936299766390235,2013500
2010-08-03,16.894254684448242,17.195562626635148,16.775132970944327,16.98534713053522,1875500
2010-08-04,16.929288864135742,17.118482397736685,16.86622435293543,17.06943251936065,3595900
2010-08-05,16.775127410888672,16.845199219696934,16.670020365930576,16.775127410888672,3624300
2010-08-06,16.564916610717773,16.656010388561782,16.25660270426919,16.620973806118332,3412100
2010-08-09,16.852210998535156,16.8662256324226,16.494847189968702,16.627982202372262,2168100
2010-08-10,16.52287483215332,16.740096307572024,16.403753119212283,16.684039109512067,3557700
2010-08-11,15.787126541137695,16.249598835441823,15.74508263328514,16.249598835441823,7610300
2010-08-12,15.52084732055664,15.689018872188512,15.443769528043298,15.639969003359468,4783500
2010-08-13,15.380707740783691,15.576907250690438,15.352678475649057,15.471800179453407,2706600
2010-08-16,15.478806495666504,15.555885633297816,15.2896129777581,15.296620293589024,2573900
2010-08-17,15.696027755737305,15.815149450443936,15.499828260814963,15.682013124240331,3478100
2010-08-18,15.738075256347656,15.83617637112684,15.50683911006191,15.724061956958552,2446500
2010-08-19,15.352680206298828,15.738073289781495,15.24757312321347,15.618952909058079,3802000
2010-08-20,15.268597602844238,15.310640175738625,14.904225073734771,15.27560358456889,6546400
2010-08-23,15.016340255737305,15.49983454638121,15.016340255737305,15.345676210417126,2223500
2010-08-24,14.93925666809082,15.051371059345954,14.609920810842484,14.89020678898032,5350800
2010-08-25,14.974294662475586,15.016337229032857,14.60992218828832,14.820136357583769,2551100
2010-08-26,14.862180709838867,15.212538591766338,14.813130820210501,15.065388922881242,3081500
2010-08-27,15.212539672851562,15.233561628404475,14.750067342762259,14.995318144842187,2985300
2010-08-30,14.672988891601562,15.205533047837884,14.658974255158933,15.205533047837884,1458500
2010-08-31,14.799113273620605,14.967284848302684,14.574883170868961,14.62393438292983,1912900
2010-09-01,15.408731460571289,15.415738774940925,14.93925208987411,15.04435913240154,5943400
2010-09-02,15.485818862915039,15.506839480755819,15.282610647059013,15.352682491716582,1928600
2010-09-03,15.75208568572998,15.801135561766428,15.583914109386932,15.717050441849345,2288500
2010-09-07,15.37370491027832,15.703040852651203,15.338668318636964,15.625961687549529,1196400
2010-09-08,15.527863502502441,15.689027831115956,15.310641958001208,15.317649277050855,1763300
2010-09-09,15.632964134216309,15.878214853241692,15.492821820851017,15.682014010719607,1254400
2010-09-10,15.675005912780762,15.822155522405016,15.646976651990208,15.69602652186496,644700
2010-09-13,16.165508270263672,16.221565463388856,15.878214988433493,15.878214988433493,2507400
2010-09-14,15.87120532989502,16.172513199665534,15.773105590531115,16.172513199665534,2221900
2010-09-15,15.899240493774414,15.934275746124351,15.618954465447313,15.724061559006325,1082800
2010-09-16,15.717057228088379,15.892236196147305,15.583920838140946,15.892236196147305,1193000
2010-09-17,15.756463050842285,15.862023281503733,15.538307835833203,15.80572377594878,1210900
2010-09-20,16.199813842773438,16.249074572688883,15.657943129195111,15.756464589025999,2015800
2010-09-21,16.066099166870117,16.403888053045865,16.052024294382697,16.20684520723687,1989100
2010-09-22,15.615715980529785,16.023877939039956,15.545342951354813,16.002765627611296,3229600
2010-09-23,15.510157585144043,15.946467963397202,15.446821991163112,15.496082710425185,3064800
2010-09-24,16.03795051574707,16.03795051574707,15.622751179575001,15.67904932639899,1663100
2010-09-27,15.847946166992188,16.052026476791337,15.819796418190155,16.03091550744371,1827500
2010-09-28,16.04499053955078,16.073140290984384,15.615717568220537,15.876096057711239,4532600
2010-09-29,16.05905532836914,16.150540620811242,15.883123519176221,15.93238421098973,1128800
2010-09-30,16.12239646911621,16.42499950045879,16.094248067871177,16.143508776740223,2236300
2010-10-01,16.080181121826172,16.319448690482123,15.974622216184855,16.2631505179898,1338600
2010-10-04,15.960541725158691,16.122398746377186,15.805720798555054,15.988690130379638,2195500
2010-10-05,16.396852493286133,16.41796480443339,15.918318854233135,16.08721331664958,2563200
2010-10-06,16.410934448242188,16.537605685273075,16.312412971553474,16.36167370989783,2020100
2010-10-07,16.375741958618164,16.56574873722016,16.2490707728835,16.48130083264575,1741000
2010-10-08,16.439077377319336,16.495375532354515,16.220920852085857,16.382779222284157,2409000
2010-10-11,16.340559005737305,16.44611924936596,16.284260835520676,16.44611924936596,1475900
2010-10-12,16.396852493286133,16.45315064742495,16.115361722592056,16.206847061976298,2109600
2010-10-13,16.692424774169922,16.896506502964712,16.298337538528408,16.481306947782713,5306900
2010-10-14,16.481306076049805,16.713536209694333,16.326486434371564,16.61501474155857,8138500
2010-10-15,16.23499298095703,16.678342051357795,16.20684457932648,16.558708324357205,4169300
2010-10-18,16.55167007446289,16.636116617455578,16.15758173298501,16.24906705385629,2106900
2010-10-19,16.474262237548828,16.805013710856752,16.347591060717,16.403889212391835,3100300
2010-10-20,16.319448471069336,16.52352884026481,16.213889566847243,16.509453961767385,4081400
2010-10-21,16.284255981445312,16.607971370387265,16.13647383202349,16.41796459919876,1653200
2010-10-22,16.312408447265625,16.3546317338137,16.122401644418158,16.277221256597162,1935900
2010-10-25,16.04499053955078,16.41092925466347,16.0098046925128,16.396854378946667,2853700
2010-10-26,16.108325958251953,16.18573643157643,15.93943147829729,15.988692200502316,2652500
2010-10-27,16.143516540527344,16.25611288416493,15.925359950257008,15.925359950257008,2830200
2010-10-28,15.946464538574219,16.256105004617947,15.876091522347874,16.220917825377953,3562600
2010-10-29,15.953508377075195,15.995731666855102,15.840912042825993,15.932396061058153,1376300
2010-11-01,15.482010841369629,15.967583375407395,15.3131163387161,15.967583375407395,6050000
2010-11-02,15.70016098022461,15.805719842361414,15.545341405240881,15.594602118087806,3294700
2010-11-03,16.05202865600586,16.066103532317673,15.742389430670434,15.749425526572258,4655000
2010-11-04,16.607969284057617,16.664267430420374,16.213882259518318,16.227955789418743,4899100
2010-11-05,16.882427215576172,17.262440814563796,16.57982409243878,16.622048720495663,5099200
2010-11-08,16.748708724975586,16.868342416250552,16.572776904997887,16.854268890764818,1243300
2010-11-09,16.530563354492188,16.833166477370842,16.460190316711607,16.769830877593726,2759100
2010-11-10,16.88946533203125,16.903540208615595,16.50241562174051,16.50241562174051,2486900
2010-11-11,16.80501365661621,16.854275713644775,16.586858487362083,16.65723151229194,3225200
2010-11-12,16.42500877380371,16.678351239311084,16.417971333955794,16.678351239311084,1392400
2010-11-15,16.544639587402344,16.755757375804784,16.5164898330798,16.586862876632,2534100
2010-11-16,16.319448471069336,16.502417864772966,16.164627492106263,16.446119693037563,2502700
2010-11-17,16.066099166870117,16.326478938872498,16.037950764148995,16.298329193897658,1461000
2010-11-18,16.27018165588379,16.38981539387756,16.199808631960313,16.234994472795155,1404600
2010-11-19,16.199813842773438,16.270186889333026,16.073142627417027,16.2420371338075,1364900
2010-11-22,16.101287841796875,16.1505499041795,15.89017008631574,16.136475029213035,1915800
2010-11-23,15.995723724365234,16.10128256752808,15.890164881202391,15.918314621914359,2031100
2010-11-24,16.22795867919922,16.249070991189942,16.037953240298403,16.08721395935617,1472200
2010-11-26,15.904244422912598,16.22795848265959,15.87609467393256,16.080176327276114,1973800
2010-11-29,16.066099166870117,16.122397314566076,15.862018884817413,15.869054978807403,1182600
2010-11-30,15.847946166992188,15.98869088424066,15.763498262839986,15.932392728890491,3072300
2010-12-01,16.38278579711914,16.38278579711914,16.101293566719246,16.122405886675566,4793200
2010-12-02,16.713531494140625,16.74871733933197,16.38277998567853,16.396853518402693,2096500
2010-12-03,16.868343353271484,16.903530524573597,16.46018156194034,16.643150825951313,1053100
2010-12-06,17.01613998413086,17.086513039055557,16.741686546404356,16.797984721893236,1708400
2010-12-07,17.00909996032715,17.185031899783468,17.00909996032715,17.163919583837206,2929700
2010-12-08,17.3609619140625,17.396147761150296,17.009098074168453,17.009098074168453,4552100
2010-12-09,17.529857635498047,17.60726811526893,17.360963141478585,17.382075456576313,2988200
2010-12-10,17.79727554321289,17.804311639569327,17.529858245026485,17.565044095825353,2229400
2010-12-13,17.670602798461914,17.89579544543209,17.579117446721497,17.88172056943294,2795800
2010-12-14,17.71986198425293,17.966166923844398,17.663563827396647,17.670601264785425,3628300
2010-12-15,17.614307403564453,18.008394597665248,17.572082768934386,17.705791427421076,1646200
2010-12-16,17.698749542236328,17.938017042683587,17.61430297869843,17.642451385793088,2970600
2010-12-17,17.78705596923828,17.92833439636548,17.709351958544865,17.85769585647377,2078400
2010-12-20,17.85768699645996,17.99190123353942,17.794111264225222,17.85768699645996,1334300
2010-12-21,18.26739501953125,18.34509763793669,17.907133015619827,17.907133015619827,4465100
2010-12-22,18.98792266845703,19.086819018303057,18.366294821186415,18.366294821186415,8606300
2010-12-23,18.7265567779541,19.00205076703608,18.68417339825149,18.980859750856453,2786800
2010-12-27,18.86077117919922,18.86077117919922,18.55702072484854,18.69123497654603,974100
2010-12-28,18.945537567138672,18.987920943311455,18.804259197448314,18.881961829207878,1378700
2010-12-29,18.91021728515625,18.987919912698324,18.881960804345923,18.987919912698324,1052400
2010-12-30,18.89609146118164,18.952603082685833,18.797196460385138,18.910219703393523,1265700
2010-12-31,18.684162139892578,18.90314437497301,18.648841555303775,18.88195202421973,1553600
2011-01-03,19.051498413085938,19.213970506646785,18.853708408071032,18.94553928935033,4647500
2011-01-04,18.705364227294922,19.136266183214463,18.429870240969095,19.093882803935877,4345600
2011-01-05,19.009113311767578,19.009113311767578,18.641787125225395,18.648851245813887,2900300
2011-01-06,18.747739791870117,19.009105408258893,18.740675674218707,19.009105408258893,3046600
2011-01-07,18.203826904296875,18.924351213400623,18.189698659645376,18.78307146157275,9894500
2011-01-10,18.415742874145508,18.486382741196543,17.949521637889422,18.140248874724204,2568700
2011-01-11,18.500511169433594,18.63472543609753,18.352167312405808,18.507575290943812,2205600
2011-01-12,18.64178466796875,18.75480788780006,18.557017926766797,18.655912907283426,1502800
2011-01-13,18.47931480407715,18.67004200152984,18.42280319157373,18.67004200152984,2273400
2011-01-14,19.2069091796875,19.284611829814864,18.472256633200605,18.479320755456463,8076900
2011-01-18,19.447084426879883,19.454148549310055,19.14333389910042,19.213973776058555,4279900
2011-01-19,18.95259666442871,19.440010076930427,18.92434153691682,19.40468948336197,4192000
2011-01-20,18.82546043395996,19.072699399346206,18.70537301347773,18.860781056068834,3660800
2011-01-21,18.867835998535156,18.98792336915275,18.80426159982552,18.910220727466125,2793400
2011-01-24,18.74068832397461,18.89609497517535,18.712431834296154,18.89609497517535,1458700
2011-01-25,18.83251190185547,18.846640141204034,18.6064654616507,18.670041191376175,1685700
2011-01-26,18.705364227294922,18.93847483434216,18.585276863219477,18.867834970648957,1989500
2011-01-27,18.83251190185547,18.903151751255226,18.578208982953573,18.74068104077593,1695300
2011-01-28,18.514629364013672,19.009106858598123,18.514629364013672,18.874891307666438,2572500
2011-01-31,18.4581298828125,18.662985402784177,18.387491349223048,18.52170564091794,2701400
2011-02-01,18.783069610595703,18.853709479548435,18.47225499560973,18.54995898619208,1794900
2011-02-02,18.61353302001953,18.82545126002586,18.599404778060894,18.70536389806406,2877400
2011-02-03,18.677106857299805,18.712426111252178,18.422803917344552,18.592338761533664,2314100
2011-02-04,18.747739791870117,18.76893079748167,18.578203662921638,18.684164080350108,1699700
2011-02-07,18.945537567138672,19.10094552534427,18.74068345951752,18.790130956276307,1638500
2011-02-08,18.938472747802734,18.980857469754937,18.846641878259337,18.9455368681281,2628900
2011-02-09,18.846637725830078,19.023236653025123,18.712422163905835,18.874892853562983,1425800
2011-02-10,18.76186752319336,18.867826598042107,18.677100802251452,18.719484162722406,1434400
2011-02-11,19.185710906982422,19.22809428012716,18.648849906890895,18.70536152019826,3624500
2011-02-14,19.192773818969727,19.228093069809972,19.058558240559293,19.171581460059745,1440900
2011-02-15,19.009113311767578,19.228095660637894,18.96672993557986,19.09388141148625,3340300
2011-02-16,19.185710906982422,19.235158400208473,19.044431200042442,19.072687680367693,1646300
2011-02-17,19.150400161743164,19.20691180015659,19.044439660792225,19.192783553717298,1312100
2011-02-18,19.28461265563965,19.298740900756385,19.157462491619864,19.178653511951353,1195800
2011-02-22,18.818389892578125,19.199844397216413,18.776006507843928,19.15746101248222,3066100
2011-02-23,18.620595932006836,18.9737938739806,18.53582783310211,18.92434637767919,2992100
2011-02-24,18.444002151489258,18.719496192607874,18.24621076327838,18.670048682391055,5131900
2011-02-25,18.85371208190918,18.867838979774902,18.486385790527994,18.557025669231088,2631700
2011-02-28,18.86077117919922,19.093881773668276,18.7901313193176,18.931409691737574,1486400
2011-03-01,18.585269927978516,18.860765158844444,18.549950682983237,18.860765158844444,3366700
2011-03-02,18.451059341430664,18.627658295762593,18.35216301081148,18.59233769649035,2470700
2011-03-03,18.86077117919922,18.938473812460064,18.65591572027685,18.66297984099934,1717200
2011-03-04,18.691242218017578,18.9031618797656,18.52170729702543,18.825457869056947,2429400
2011-03-07,18.55702018737793,18.924346370248795,18.436932833260272,18.719490917259698,2384300
2011-03-08,19.051498413085938,19.13626652048044,18.564086174433466,18.564086174433466,2032200
2011-03-09,18.994985580444336,19.171584557867117,18.924347067349842,19.051497199325894,1128300
2011-03-10,18.535825729370117,18.80425688931667,18.48637823868077,18.80425688931667,2876400
2011-03-11,18.486379623413086,18.59233873244762,18.366292273882433,18.443996249267904,1775400
2011-03-14,18.33098030090332,18.422811205916233,18.168508165351692,18.380427814936713,2754300
2011-03-15,18.203826904296875,18.2956577998445,17.871819891704437,17.942459767618374,4018200
2011-03-16,18.027223587036133,18.217950802294748,17.928327245415048,18.210886681654436,3420700
2011-03-17,18.090797424316406,18.24620402004199,17.97777420063542,18.23913990014404,1546800
2011-03-18,18.32957649230957,18.407513468549993,18.18787068775237,18.279978514729855,2835800
2011-03-21,18.60590171813965,18.634242068806426,18.4287701344004,18.48545218714069,1609400
2011-03-22,18.47127914428711,18.698007328344524,18.47127914428711,18.598814085671048,1088500
2011-03-23,18.26580810546875,18.45002510165346,18.060334834237352,18.42168340159121,2698700
2011-03-24,18.23746681213379,18.336660061750568,18.10284643664911,18.336660061750568,1136400
2011-03-25,18.31539535522461,18.59880545376266,18.24454249273861,18.265798756906197,3538500
2011-03-28,18.343738555908203,18.428762274459046,18.30122737233586,18.35082397840462,1279700
2011-03-29,18.464189529418945,18.605895287999967,18.336654616977277,18.336654616977277,1579800
2011-03-30,18.740509033203125,18.79010562584341,18.485439298017894,18.54212131123619,1252500
2011-03-31,18.8680419921875,18.889298253293802,18.662570207116246,18.690910537185566,1202500
2011-04-01,19.07352638244629,19.14437927653291,18.96724771701963,18.96724771701963,1330400
2011-04-04,19.15146255493164,19.193973746057104,19.07352424502962,19.07352424502962,548400
2011-04-05,19.00267219543457,19.179803742895974,18.988501347300108,19.10895085363012,1616500
2011-04-06,19.385272979736328,19.385272979736328,19.07352114224881,19.094777410056885,1718600
2011-04-07,19.28607749938965,19.449039508705027,19.208140557271282,19.36401579291413,1295300
2011-04-08,18.96016502380371,19.364024821447536,18.945994172663674,19.32151361943417,1373500
2011-04-11,18.924734115600586,19.05935447172605,18.889308346233797,19.031014126513913,1188800
2011-04-12,18.81844711303711,18.953067409479395,18.81136169202374,18.85387421810396,991200
2011-04-13,18.556303024291992,19.02393024517117,18.506706402593682,18.960162774014318,1052000
2011-04-14,18.61298370361328,18.627154552030987,18.379170110347083,18.50670504329346,1804200
2011-04-15,18.747610092163086,18.76886637316036,18.53505268781843,18.641331389990757,904800
2011-04-18,18.47127914428711,18.683837830395866,18.42168252295037,18.520875765623845,2001100
2011-04-19,18.28706169128418,18.634239383208467,18.28706169128418,18.60589903662615,1121100
2011-04-20,18.343738555908203,18.57755209266533,18.258716188763515,18.49252972552064,1333100
2011-04-21,18.43585205078125,18.4925340927325,18.230378804078903,18.450022899120682,4025900
2011-04-25,18.520872116088867,18.669663302186375,18.407508046398533,18.421678892961403,2506900
2011-04-26,18.768863677978516,18.839716586388032,18.53505002621189,18.53505002621189,2000000
2011-04-27,18.974327087402344,18.995582002861905,18.754683050675304,18.804281006695234,1794500
2011-04-28,19.059354782104492,19.07352563064457,18.92473442378676,18.938905272326835,858900
2011-04-29,18.945993423461914,19.0735283758655,18.896396797839785,19.02393175024337,1372500
2011-05-02,18.768863677978516,19.00976275572678,18.768863677978516,18.95308069928053,2272500
2011-05-03,18.846799850463867,18.931822249676955,18.66966827546215,18.81137272461952,2402900
2011-05-04,18.712182998657227,18.8609742524082,18.627160583434033,18.8609742524082,3426200
2011-05-05,18.556303024291992,18.75468951108523,18.464193854218056,18.62715592017811,1543800
2011-05-06,18.414592742919922,18.77594120757406,18.414592742919922,18.76885578457226,2908200
2011-05-09,18.421682357788086,18.471278978680157,18.272892495111872,18.421682357788086,968300
2011-05-10,18.690921783447266,18.690921783447266,18.464193600848166,18.464193600848166,1049400
2011-05-11,18.47127914428711,18.64132528233017,18.435853372305605,18.584643236315816,1521500
2011-05-12,18.60590171813965,18.620072569176404,18.279978901327926,18.400428432326887,1538600
2011-05-13,18.20203971862793,18.620070313729094,18.20203971862793,18.591728615088606,1760000
2011-05-16,18.145355224609375,18.30831591558604,18.117013529792708,18.180780991723818,2675700
2011-05-17,18.350826263427734,18.38625338032116,18.024904896446163,18.074501508690634,1938000
2011-05-18,18.421682357788086,18.421682357788086,18.244550796655506,18.350829463053742,906600
2011-05-19,18.47127914428711,18.51379034094623,18.308318430921666,18.464193719609494,1308100
2011-05-20,18.230384826660156,18.520880556554175,18.230384826660156,18.414601861711205,1967200
2011-05-23,17.93280029296875,18.159528492975845,17.93280029296875,18.060335243324406,2228600
2011-05-24,17.904462814331055,18.031997785134664,17.79818412246368,18.01782693251051,2896100
2011-05-25,17.890291213989258,17.954058696725927,17.784012526563757,17.847780009300426,1182700
2011-05-26,17.975313186645508,17.996568111172135,17.78401075746568,17.847778233858953,999600
2011-05-27,18.08867645263672,18.180784274609923,18.010738129224027,18.010738129224027,2164300
2011-05-31,18.343738555908203,18.343738555908203,18.131181286640327,18.24454534377068,2394700
2011-06-01,17.670644760131836,18.315403528818894,17.670644760131836,18.287061830614096,2214500
2011-06-02,17.706069946289062,17.812348608231396,17.592705860029703,17.720240794923107,1875100
2011-06-03,17.429744720458984,17.663558311466087,17.429744720458984,17.52893795561155,3874100
2011-06-06,17.344722747802734,17.45808684277609,17.217187803106057,17.415575645012737,5231000
2011-06-07,17.36597442626953,17.557276792684032,17.36597442626953,17.486423914226116,1747700
2011-06-08,17.266782760620117,17.46516921646195,17.25261191337245,17.344719717669534,3686500
2011-06-09,17.273868560791016,17.3588923013758,17.18176074728013,17.330550604045367,1755400
2011-06-10,17.103816986083984,17.280948483790425,16.8841743073217,17.21718103650362,2811100
2011-06-13,17.188846588134766,17.28095440387762,17.00462960524252,17.110908269993978,1437100
2011-06-14,17.49350929260254,17.606873357283614,17.30220692667588,17.30220692667588,1979600
2011-06-15,17.245534896850586,17.40849566542209,17.15342569624441,17.34472817312767,2371700
2011-06-16,17.49350929260254,17.52184963306968,17.181757439026452,17.266781163240385,2162600
2011-06-17,17.790857315063477,17.93312645022659,17.57745157713086,17.58456523740781,5941000
2011-06-20,17.840654373168945,17.982924887396507,17.655703247389987,17.71972484311317,2553200
2011-06-21,17.975812911987305,17.997152541368393,17.805089092977067,17.911791310259424,3172600
2011-06-22,17.81220245361328,18.03272054650415,17.790861467801022,17.911791007152587,2654300
2011-06-23,17.54899787902832,17.627246783437784,17.26445825861927,17.591678482891695,2814000
2011-06-24,17.492090225219727,17.677041320541303,17.42806864003949,17.5987924149228,1901300
2011-06-27,17.698379516601562,17.86199097485845,17.477861494766426,17.477861494766426,1859700
2011-06-28,17.790857315063477,17.81219829589433,17.591678897684762,17.783743654786527,2040600
2011-06-29,17.990034103393555,18.01137372550008,17.719720464514964,17.86199094358705,1995400
2011-06-30,18.103849411010742,18.174983291660972,17.93312429843315,18.00425953587518,1130800
2011-07-01,18.395496368408203,18.459517924518455,18.08250224484602,18.08250224484602,1989000
2011-07-05,18.22478485107422,18.388395000793015,18.08251432979303,18.388395000793015,1133200
2011-07-06,18.317251205444336,18.317251205444336,18.11807283981394,18.174980750452395,2051800
2011-07-07,18.594680786132812,18.680043347407267,18.39550373781222,18.45241165973123,1400100
2011-07-08,18.295913696289062,18.445297838010344,18.239005774869494,18.352821617708628,1588500
2011-07-11,17.869102478027344,18.174981665107634,17.847761501667083,18.16075570432581,1923500
2011-07-12,18.061172485351562,18.2603509343114,17.833540747564424,17.833540747564424,1479400
2011-07-13,18.217668533325195,18.37416499848464,18.089625354198354,18.139419622349447,1913900
2011-07-14,17.86198616027832,18.30302208507028,17.797964597519574,18.274568810950544,3715700
2011-07-15,17.80508804321289,18.01137880355719,17.719725460344485,18.01137880355719,2562000
2011-07-18,17.54899787902832,17.790856895573995,17.420954710646264,17.7410626316014,2600300
2011-07-19,17.883337020874023,17.911791669676184,17.570344024804243,17.64147793322498,2011100
2011-07-20,18.03982925415039,18.12519046037205,17.833537184996214,17.926013407993572,2028700
2011-07-21,18.359935760498047,18.40973002345117,18.096737125805276,18.125190408867674,3678200
2011-07-22,18.253231048583984,18.359933219687413,18.07539364448103,18.35281956070829,2127200
2011-07-25,18.18209457397461,18.28168443608989,17.9829175633273,18.075392410157605,3095700
2011-07-26,17.982921600341797,18.2034396359736,17.954466959980568,18.189212315792986,1774600
2011-07-27,17.60590362548828,17.911784188391525,17.60590362548828,17.86198993057784,3963300
2011-07-28,17.556106567382812,17.71971663318591,17.556106567382812,17.655695067125297,1374400
2011-07-29,17.627248764038086,17.69127035542259,17.349821415774542,17.371162398500072,2439800
2011-08-01,17.613021850585938,17.88333418741618,17.499205986995083,17.854880899914527,2837800
2011-08-02,17.207544326782227,17.669921218113988,17.207544326782227,17.556105409687444,4230100
2011-08-03,17.49919891357422,17.513426229970225,16.930118468858108,17.186204736819935,4401700
2011-08-04,16.702489852905273,17.378272579165806,16.695376193421374,17.30002368163472,5758300
2011-08-05,16.467742919921875,16.930119887195595,16.28279186165405,16.858986012839395,6185100
2011-08-08,14.86009407043457,16.46063081698162,14.845868108293706,15.920004908666266,10780700
2011-08-09,15.727945327758789,15.756398615702382,14.426175180526128,15.208658915668801,7229300
2011-08-10,14.46174144744873,15.436291275000794,14.433288160847368,15.436291275000794,5006300
2011-08-11,15.180203437805176,15.379381851845087,14.433286759541403,14.59689687279279,4985500
2011-08-12,14.838751792907715,15.47896610557917,14.796069843749136,15.15885827084766,5737100
2011-08-15,15.350924491882324,15.37937912747256,14.981022369959447,14.981022369959447,3654700
2011-08-16,15.094839096069336,15.35803906375849,14.9881369198463,15.237109568894573,2403500
2011-08-17,15.194429397583008,15.429174734599968,15.101953180605278,15.16597475950007,3672500
2011-08-18,14.355040550231934,14.881439289623383,14.255452002906907,14.881439289623383,8037700
2011-08-19,13.913995742797852,14.554210016962536,13.892656126293636,14.127401405380404,5143500
2011-08-22,13.956682205200195,14.340810351270552,13.8570923210552,14.276788767460172,3301300
2011-08-23,14.675141334533691,14.689368651856876,13.849975924872199,14.020699662375439,4592900
2011-08-24,15.05215835571289,15.130407250711787,14.618234638779775,14.618234638779775,4072600
2011-08-25,14.724936485290527,15.770619853637026,14.561325054766968,15.55010186918129,5292500
2011-08-26,14.909887313842773,15.059271438872157,14.312354884100394,14.604008118385881,2443400
2011-08-29,15.72082805633545,15.727941715885754,15.059272642867368,15.116180562477966,2217300
2011-08-30,15.578557968139648,15.692373810204504,15.301132022705545,15.621238569716004,1555200
2011-08-31,15.692376136779785,15.827532978067305,15.521652348370734,15.649695528875537,2447100
2011-09-01,15.123296737670898,15.855987511727587,15.059275147860506,15.692376028438776,2980900
2011-09-02,14.39771556854248,14.938341420874856,14.362148631685637,14.824525594782953,2972800
2011-09-06,14.355040550231934,14.376380177920327,13.92823035816551,13.92823035816551,2705200
2011-09-07,15.20154094696045,15.251335199901774,14.575552563948175,14.6253468168895,3152900
2011-09-08,14.69648551940918,15.151748918821893,14.618236613838135,15.009479784901396,2405000
2011-09-09,14.255450248718262,14.739166959625306,14.134520731793494,14.59689781763807,3053100
2011-09-12,14.511529922485352,14.589778803782309,14.01358607304603,14.01358607304603,3988000
2011-09-13,14.810297966003418,15.00947633587325,14.532872065334997,14.532872065334997,3485900
2011-09-14,15.05215835571289,15.265562706156716,14.611122336317848,14.938342521237283,2484300
2011-09-15,15.407833099365234,15.407833099365234,14.966797082210944,15.07349925689074,1972300
2011-09-16,15.294801712036133,15.52372412760615,15.01580435157627,15.46649386483292,2951200
2011-09-19,14.765430450439453,15.06588985446481,14.658123812818525,14.980045090159239,1870200
2011-09-20,14.62950325012207,14.99434539310859,14.586579521377596,14.779732207295654,1678800
2011-09-21,13.692352294921875,14.6724220302045,13.692352294921877,14.6724220302045,3698400
2011-09-22,13.606512069702148,13.742433128867392,13.306052765294682,13.363283044016224,8490400
2011-09-23,13.656583786010742,13.885504823670994,13.492046960752061,13.542123267180616,1729400
2011-09-26,14.178814888000488,14.193122798831608,13.577896277868215,13.914125360012152,2639300
2011-09-27,14.386272430419922,14.722500076308084,14.228888173831141,14.450656650937661,5543000
2011-09-28,13.699508666992188,14.4506574954374,13.699508666992188,14.257504822596292,1790500
2011-09-29,14.32904052734375,14.32904052734375,13.849736587382319,14.07865762775607,1996100
2011-09-30,13.813970565795898,14.314736500685497,13.778202155222669,14.064353533240697,2670900
2011-10-03,13.284586906433105,14.057196119206171,13.248818504661333,13.678046148307939,6182400
2011-10-04,14.350502014160156,14.357655967726032,13.098588794151478,13.120050654849106,5700000
2011-10-05,14.53650188446045,14.64380846763865,14.014275512376566,14.293272901535335,4490900
2011-10-06,14.987190246582031,15.022958649957747,14.307579666626427,14.47211650531812,2477600
2011-10-07,14.257502555847168,15.13026437531218,14.2360406963401,15.037265713068985,3519700
2011-10-10,15.051573753356934,15.073034248577938,14.507885587966168,14.550807942885237,2623300
2011-10-11,15.201804161071777,15.344880510731567,14.765422522638898,14.765422522638898,2722400
2011-10-12,15.602412223815918,15.924333249782785,15.309107006591375,15.316260958776958,3845500
2011-10-13,15.273348808288574,15.530884436543992,14.99434994466836,15.530884436543992,2696600
2011-10-14,15.409261703491211,15.645336678903728,15.06587880468279,15.509414309885331,2390600
2011-10-17,14.75826644897461,15.301954589323666,14.708190143129313,15.301954589323666,2358600
2011-10-18,15.65248966217041,15.838488339082256,14.815496298305584,14.851266061833034,4802900
2011-10-19,15.659646034240723,15.85279869369952,15.473647328592676,15.602415768231875,4177100
2011-10-20,15.91718864440918,15.938650513568657,15.352038370175261,15.716881959020387,2385100
2011-10-21,16.389333724975586,16.41079558742371,15.89572180448668,16.11749028968556,4242900
2011-10-24,16.76848793029785,16.84717871023077,16.23910751444041,16.553873363127018,4339700
2011-10-25,16.196184158325195,16.632565893673736,16.12464733208494,16.625411938154212,3845000
2011-10-26,16.575332641601562,16.675485271959914,16.16041284721764,16.46802605700658,4124500
2011-10-27,17.4266357421875,17.576864701941414,17.04033036371621,17.26209750812896,4662600
2011-10-28,17.297861099243164,17.54824397380622,17.154784781070877,17.426629512702842,2377800
2011-10-31,16.78279685974121,17.233486559665195,16.747028442372237,17.161948360449585,1892200
2011-11-01,15.952954292297363,16.57533474509509,15.910031925907756,16.174722808344757,5014600
2011-11-02,16.58248519897461,16.6468694172035,16.203333843235278,16.38217859065394,2043800
2011-11-03,16.997406005859375,17.09755863395297,16.296334880249745,16.782791477045237,2561100
2011-11-04,16.832868576049805,16.911559339209667,16.53956329146452,16.86148302688689,1630900
2011-11-07,16.968788146972656,17.03317236141904,16.561022365130256,16.70409870045046,1955800
2011-11-08,17.340791702270508,17.398021983882852,16.85433362632682,17.140485034388536,2593000
2011-11-09,16.360721588134766,16.925870401139694,16.303491311318098,16.854332213999502,1836000
2011-11-10,16.532405853271484,16.74701896498794,16.410791392771657,16.561020298077796,1449400
2011-11-11,16.882946014404297,17.018868417258215,16.754177565856086,16.768485474467504,2334200
2011-11-14,16.475183486938477,16.840027043112627,16.34641501246789,16.75418093863972,1220400
2011-11-15,16.689794540405273,16.789947178924585,16.274874712211503,16.389335260369965,1649200
2011-11-16,16.51810073852539,16.983096802099812,16.417948118072257,16.489484924409,1852400
2011-11-17,16.34641456604004,16.818564716552533,16.26772241946212,16.489489583617384,2215800
2011-11-18,16.561019897460938,16.603942245870545,16.24625282534449,16.45371334419849,1221900
2011-11-21,16.038801193237305,16.267722311422716,15.874264310101225,16.18903016536742,4298500
2011-11-22,15.931488990783691,16.13894816955199,15.774104753983242,15.981565297228556,2057800
2011-11-23,15.3591890335083,15.795570728179218,15.323420623722349,15.788416773326555,2651300
2011-11-25,15.337730407714844,15.63103577012945,15.223269845039754,15.337730407714844,581700
2011-11-28,15.781264305114746,15.924340686691497,15.58811296380688,15.867110406956296,2421400
2011-11-29,15.724030494689941,15.874260798060417,15.59526205308016,15.802722623335296,1379600
2011-11-30,16.882946014404297,16.882946014404297,16.26056563458037,16.425102490179853,2198800
2011-12-01,16.725563049316406,16.854331507878445,16.503795906502543,16.811409143183557,1977600
2011-12-02,16.875797271728516,17.219178997582983,16.818566984086104,16.82572094060112,1715300
2011-12-05,17.19771385192871,17.340788850188904,17.054637489191197,17.13332962514456,2116100
2011-12-06,17.04033660888672,17.197720945711954,16.918722059738982,17.197720945711954,2771700
2011-12-07,17.11187171936035,17.212024377755494,16.618259654668694,17.08325589440309,3609600
2011-12-08,16.532405853271484,17.004555790629198,16.46802164686117,17.004555790629198,1469600
2011-12-09,17.004560470581055,17.09755914739254,16.60394721722181,16.682639349931172,1287600
2011-12-12,16.76133918762207,16.868645822340486,16.55387851128563,16.868645822340486,1165100
2011-12-13,16.482336044311523,16.997408534017225,16.35356758076574,16.96879271346153,2177100
2011-12-14,16.375024795532227,16.639715624644026,16.28918008004748,16.3249484840866,2655000
2011-12-15,16.5967960357666,16.69694867536645,16.42510384719917,16.625410490876252,3869000
2011-12-16,16.79905128479004,17.108545592069312,16.69828620719073,16.806248986450164,5292300
2011-12-19,16.410377502441406,16.9861810647854,16.338403258366526,16.935798544804697,2167400
2011-12-20,17.108539581298828,17.15892210239751,16.705476666867888,16.80624308188599,1419700
2011-12-21,17.346059799194336,17.374849225617325,16.899812020660594,17.029367871616223,1511900
2011-12-22,17.756319046020508,17.9290597227034,17.37484919366608,17.4468248188225,6637000
2011-12-23,17.7059326171875,17.83548843934579,17.61236391326404,17.806697646501476,1400200
2011-12-27,17.792306900024414,17.80670230020875,17.547590588174405,17.69873954446808,2127300
2011-12-28,17.475614547729492,17.749120259188157,17.403638926981177,17.67714463843984,1405700
2011-12-29,17.799509048461914,17.806706750352888,17.4468298927318,17.454027594622772,3270400
2011-12-30,17.56917953491211,17.770710971385885,17.561981836521554,17.713130757082034,1273200
2012-01-03,17.993837356567383,18.26014675348575,17.94345483162033,17.993837356567383,2989300
2012-01-04,18.10179901123047,18.144983833884304,17.720330560950224,17.950651445531676,1753000
2012-01-05,18.447280883789062,18.598429826779732,17.82109613191275,17.979441401541298,4687600
2012-01-06,18.37530517578125,18.55524352949811,18.108995808239193,18.55524352949811,2046800
2012-01-09,18.663209915161133,18.67760531574924,18.35371566662165,18.468876125684577,4092500
2012-01-10,18.792755126953125,19.03027361079653,18.75676664587371,18.94390262902612,5982900
2012-01-11,18.871929168701172,18.9007199568127,18.5696327576318,18.886324562756936,6703600
2012-01-12,18.951108932495117,19.00149145606895,18.612825293627367,18.987096057099055,3022200
2012-01-13,18.871929168701172,18.89352225978482,18.5696327576318,18.69918855849301,1904400
2012-01-17,18.785564422607422,19.138243431529524,18.7135888064799,18.972700475410704,3543600
2012-01-18,18.91512107849121,18.951108201707424,18.576836079847514,18.778367539192253,2036400
2012-01-19,18.843141555786133,19.11664720490522,18.72078344024906,19.11664720490522,4297900
2012-01-20,19.044673919677734,19.07346471404907,18.69199492555266,18.771168237253203,4158800
2012-01-23,18.94391632080078,19.23181751341667,18.89353378369565,19.04468139501105,7166500
2012-01-24,18.965503692626953,19.001490816018695,18.627218692333262,18.879132674537715,2969600
2012-01-25,19.05906867980957,19.152637385568223,18.82874782381994,18.95830364851925,6517100
2012-01-26,18.562448501586914,19.1958311508033,18.375312375658584,19.1958311508033,9958500
2012-01-27,18.6704044342041,18.742380052059744,18.418490458119717,18.49046607597536,3538700
2012-01-30,18.562448501586914,18.670411281555236,18.389706406252124,18.555250799879527,3573100
2012-01-31,18.576833724975586,18.749574365593478,18.46167329789699,18.64880933510485,2632100
2012-02-01,18.922313690185547,18.994287917266753,18.670399776940183,18.670399776940183,4610600
2012-02-02,19.030282974243164,19.10945492593239,18.82875149949971,18.92951655046101,4086500
2012-02-03,19.57729721069336,19.598888938699968,19.282198363488092,19.28939469094299,3635800
2012-02-06,19.375755310058594,19.519706492583012,19.318175111612874,19.512508796174767,2390800
2012-02-07,19.404560089111328,19.51252424791028,19.246214761198868,19.32538811156575,1268600
2012-02-08,19.50531768798828,19.59888502725881,19.217416598516635,19.397354951039,2493300
2012-02-09,19.397356033325195,19.606083820030467,19.27499789187012,19.56289899740537,3320100
2012-02-10,19.08785629272461,19.231806117322346,19.037473785474383,19.231806117322346,2246600
2012-02-13,19.39016342163086,19.404557451068726,19.21022501185691,19.325385484286546,2157700
2012-02-14,19.174226760864258,19.289387174763352,18.97269672295106,19.267795455170035,2363400
2012-02-15,19.203020095825195,19.390156136418437,19.109451389118274,19.296587429711515,3448800
2012-02-16,19.642070770263672,19.69245328816428,19.13824284561629,19.13824284561629,4684000
2012-02-17,19.721240997314453,19.793216604987606,19.60608057416562,19.778821208888868,1465200
2012-02-21,19.5988826751709,19.793216402049765,19.476524555227225,19.764425610147484,2230900
2012-02-22,19.123849868774414,19.548504534571897,19.102258142838803,19.548504534571897,3140200
2012-02-23,19.50531768798828,19.555700207043234,19.037478245994272,19.152638681782932,3265600
2012-02-24,19.361366271972656,19.51251520051497,19.274996632366193,19.51251520051497,2372100
2012-02-27,19.512514114379883,19.61327914591871,19.08785952029398,19.167031456722803,2142500
2012-02-28,19.440542221069336,19.59888749702757,19.325381770768644,19.49812244621968,2156200
2012-02-29,19.354164123535156,19.699646720993986,19.267794503785716,19.512510714443057,3119500
2012-03-01,19.433340072631836,19.728438830575787,19.41174697833574,19.41894467643444,2298300
2012-03-02,19.195829391479492,19.519719074520758,19.109458351728122,19.40455723057856,1677900
2012-03-05,19.145444869995117,19.282198430066636,19.00149360962289,19.116654068792286,2557100
2012-03-06,18.6704044342041,18.936712435603035,18.62002191355137,18.922318410288486,7204400
2012-03-07,18.97270393371582,19.037481862756106,18.69919681714106,18.807159574601226,2587200
2012-03-08,19.253402709960938,19.26060040842276,18.958303937129244,19.073464366877193,1856200
2012-03-09,19.56290626525879,19.663671346426366,19.224621139359744,19.24621424510477,2247600
2012-03-12,19.47652816772461,19.58449091174202,19.3613677243966,19.505318964967,1404600
2012-03-13,20.23227310180664,20.253864830098234,19.5772974690895,19.627679998864515,3394100
2012-03-14,20.347429275512695,20.512972230704573,20.05952818543536,20.325836178949135,5043600
2012-03-15,20.750490188598633,20.836861199480555,20.24666226623215,20.397811192070353,4138300
2012-03-16,20.820539474487305,21.008307252605082,20.603885087596403,20.88553606604557,3211400
2012-03-19,21.015531539916992,21.203299338502013,20.553333352071114,20.798875751954977,3250000
2012-03-20,20.907203674316406,21.029974870380652,20.712213884545825,20.834985080610068,3266300
2012-03-21,20.820539474487305,20.99386325949102,20.712212281041854,20.972198647274933,1753000
2012-03-22,20.452226638793945,20.632772426745806,20.293346841280126,20.618328433120446,2597800
2012-03-23,20.538894653320312,20.560559272031163,20.22113359682554,20.401679432511482,2582900
2012-03-26,20.834985733032227,20.914424948887145,20.60388732789946,20.769989134406742,1820600
2012-03-27,20.66166114807129,20.892759544467406,20.66166114807129,20.856649559121077,2452700
2012-03-28,20.834985733032227,20.907204329000002,20.567777341188002,20.65443993184036,2021400
2012-03-29,20.647214889526367,20.73387608994312,20.322231944326184,20.712211478566402,3402100
2012-03-30,20.560556411743164,20.7844342086168,20.43778520545786,20.7844342086168,2067000
2012-04-02,20.704998016357422,20.769994632187395,20.33668431913942,20.55333878693565,2160000
2012-04-03,20.7338809967041,20.748324992676775,20.459451960499663,20.676106390268682,3539800
2012-04-04,20.365564346313477,20.589440725752066,20.206683179814174,20.481113534246617,5471000
2012-04-05,20.235580444335938,20.380016306754413,20.141695825181102,20.26446706583739,1600000
2012-04-09,19.896150588989258,20.004479192623126,19.78060136407152,19.903372587728544,5054900
2012-04-10,19.50617218017578,19.917816463614173,19.441175569374412,19.88892984628879,3640500
2012-04-11,19.88170623779297,19.903370854668992,19.657828428735225,19.758935024826087,2714500
2012-04-12,20.134462356567383,20.192236944116672,19.91058600199574,19.93225198887228,3661400
2012-04-13,19.563941955566406,20.083913335971488,19.53505396792748,20.083913335971488,5133700
2012-04-16,19.773372650146484,19.8889232132778,19.498943678528846,19.744486042454863,2460700
2012-04-17,20.177804946899414,20.3366848018911,19.9611490965047,19.9611490965047,3100700
2012-04-18,19.932266235351562,20.177808752299928,19.86004760493337,20.091146120306938,2701100
2012-04-19,19.860042572021484,20.12002902465915,19.69394072837207,19.997257797297525,4199200
2012-04-20,19.982810974121094,20.177800786030783,19.91059237221507,19.968366978248838,1965900
2012-04-23,19.802261352539062,19.867257944018093,19.628937567746654,19.69393415922568,2291600
2012-04-24,20.069473266601562,20.134468492127485,19.831151470700465,19.831151470700465,2404100
2012-04-25,20.34389877319336,20.47389195664108,20.163352991172633,20.242793576047355,3123100
2012-04-26,20.459447860717773,20.524444452115144,20.26445808652567,20.33667667446219,2048700
2012-04-27,20.611108779907227,20.625551396754535,20.2861257953783,20.502780200094175,1613600
2012-04-30,20.27168083190918,20.567775813677287,20.18501962514805,20.567775813677287,1859900
2012-05-01,20.35112762451172,20.640000697553187,20.278909011887485,20.31501762947187,1742900
2012-05-02,20.322235107421875,20.394453703979742,20.069472085652077,20.25723850826531,2441600
2012-05-03,20.177804946899414,20.416125418114717,20.08392033182504,20.307798181645133,1960200
2012-05-04,19.896150588989258,20.12725041628015,19.737270749091223,20.062253805081994,3076800
2012-05-07,20.076690673828125,20.185019246429604,19.780595697615453,19.780595697615453,2040500
2012-05-08,20.091140747070312,20.127250741349943,19.8528202946465,19.97559152028637,3229800
2012-05-09,19.85282325744629,19.939485879195338,19.614502769455953,19.81671463523331,3243000
2012-05-10,20.091140747070312,20.199467974998328,19.982813519142294,20.040588132534268,2979300
2012-05-11,20.018922805786133,20.199468650858915,19.78782434448585,19.89615157603842,2865300
2012-05-14,19.68671226501465,19.881702040465346,19.650602282085813,19.787817462305377,1449200
2012-05-15,19.542280197143555,19.860041242714487,19.484505586808417,19.68671741170908,1799200
2012-05-16,19.397842407226562,19.78782064336526,19.37617641398627,19.679493432074246,2178400
2012-05-17,19.087299346923828,19.44839089301787,19.06563335827441,19.426724904368452,4058000
2012-05-18,18.906757354736328,19.231738984735873,18.834538755584692,19.108967779414655,3330700
2012-05-21,19.072864532470703,19.24618839270576,18.863432051232525,19.000645913008864,3685700
2012-05-22,19.202857971191406,19.40506983229087,19.036756108925214,19.094530729602827,5498700
2012-05-23,19.253400802612305,19.332841382197913,18.863422655688684,18.978971838292342,2800000
2012-05-24,19.412281036376953,19.4483910176908,19.116186076878133,19.354506443729743,2523200
2012-05-25,19.383399963378906,19.513393178316203,19.296737360935598,19.405065958353568,1206900
2012-05-29,19.556724548339844,19.578390544153738,19.31118210560394,19.556724548339844,2007500
2012-05-30,19.14507484436035,19.35450723472008,19.08730024935198,19.31117663282755,1270300
2012-05-31,19.23173713684082,19.376174321265744,18.899533541100606,19.094523326837727,2689800
2012-06-01,18.32901382446289,18.870651366736627,18.32179320272675,18.8489867466172,4274900
2012-06-04,18.011247634887695,18.516774999049822,17.946251043038206,18.516774999049822,4315200
2012-06-05,18.054584503173828,18.27123896622972,17.910147276166246,17.96792189147818,4427400
2012-06-06,18.44455909729004,18.451779716936954,18.105132120770755,18.227903316594837,2983100
2012-06-07,18.552886962890625,18.776763371244947,18.516776976088217,18.718988769816246,2956100
2012-06-08,18.827320098876953,18.885094712959464,18.343457189390136,18.5384470284644,2794400
2012-06-11,18.451784133911133,19.065640259975968,18.44456351253575,19.015087645615708,2351500
2012-06-12,18.704544067382812,18.704544067382812,18.343452477752045,18.473445670411937,2292000
2012-06-13,18.59621810913086,18.942865727760363,18.509555515745888,18.603440106700873,1411400
2012-06-14,18.827320098876953,18.899538710843952,18.610665640431403,18.610665640431403,2085300
2012-06-15,19.093557357788086,19.15159243186146,18.788872872986563,18.88318073314661,2957100
2012-06-18,19.07904052734375,19.20961973711588,18.90493537553583,19.006497751839014,980600
2012-06-19,19.390979766845703,19.478033036034972,19.10805906339393,19.12256817220294,1621100
2012-06-20,19.420005798339844,19.514312276214202,19.202373229631938,19.398242126369453,2332400
2012-06-21,18.962970733642578,19.557830357882096,18.919444790900968,19.44176025479462,1498300
2012-06-22,19.231386184692383,19.332947192036965,18.984736837999872,19.100806956012235,1882900
2012-06-25,18.91944694519043,18.999245669023754,18.810631384113577,18.890430107946905,784300
2012-06-26,19.00649642944336,19.166092461580384,18.781609413298206,18.91944316776384,1177000
2012-06-27,19.332948684692383,19.383729192285326,18.955720080194713,19.064537034939658,2535800
2012-06-28,19.44176483154297,19.44176483154297,19.02826481899449,19.129827220853223,1595300
2012-06-29,19.862520217895508,19.993099465900173,19.724687797148498,19.79723197755833,1644300
2012-07-02,20.014862060546875,20.036625728600903,19.710177626115872,19.826247755073865,1671400
2012-07-03,20.152692794799805,20.174455075881372,19.98584079907352,20.058384964563444,1607800
2012-07-05,20.036624908447266,20.15269503265419,20.01486124128408,20.145440476933132,937100
2012-07-06,19.94957160949707,19.993097560127946,19.775466423308533,19.826246929655397,558100
2012-07-09,19.75369644165039,19.89153018886379,19.608609524704594,19.833495145352554,1127300
2012-07-10,19.608610153198242,19.96407497905596,19.499793232420377,19.884276272796093,2549300
2012-07-11,19.72469139099121,19.78272646916005,19.56509388827785,19.601366676924254,540100
2012-07-12,19.66664695739746,19.731936562237312,19.507049530604608,19.63037418600602,1738800
2012-07-13,20.12367820739746,20.181713273531567,19.7174327444587,19.760958698143003,1427000
2012-07-16,20.080150604248047,20.21072983823976,20.00035187599422,20.13818566561492,1172200
2012-07-17,20.305034637451172,20.326798302562484,19.942315187585308,20.17445541411308,3380900
2012-07-18,20.138185501098633,20.348562077960523,20.08015044020587,20.276019289593318,2609100
2012-07-19,19.862520217895508,20.21073200712967,19.79723197755833,20.16720466868468,2158000
2012-07-20,19.58684730529785,19.74644334077729,19.565083643506014,19.688408292997067,755500
2012-07-23,19.303930282592773,19.354710786076257,19.180605609705047,19.231386113188535,1225400
2012-07-24,19.282167434692383,19.434510335270726,19.093553139705623,19.434510335270726,1731200
2012-07-25,19.274913787841797,19.42725669560273,19.245896947679995,19.35471251970062,491800
2012-07-26,19.412750244140625,19.601364573869027,19.332951501345654,19.57960090301624,1802200
2012-07-27,19.73194122314453,19.840756795692833,19.332948945580664,19.485291854080344,1442200
2012-07-30,19.61587142944336,19.7899766252256,19.58685320498044,19.681159667154738,1373700
2012-07-31,19.52155876159668,19.69566391437332,19.52155876159668,19.550576978891833,2946000
2012-08-01,19.390979766845703,19.68115502470198,19.361962932892464,19.615866802390993,903700
2012-08-02,19.180604934692383,19.347455549884792,19.028262045938305,19.274911383033558,2160100
2012-08-03,19.775468826293945,19.84075845200634,19.34745967269721,19.565090835961737,1519900
2012-08-06,19.75369644165039,19.94231067897805,19.739187334856435,19.84800425214651,788000
2012-08-07,19.884279251098633,20.08740263215492,19.797227361835105,19.81898964231857,1414100
2012-08-08,19.906047821044922,20.000354288266156,19.63038020855485,19.80448541365455,948800
2012-08-09,19.869773864746094,19.964081710061393,19.826247911958696,19.884282976896923,641500
2012-08-10,19.797231674194336,19.9133018076054,19.688414713414474,19.804484846825538,529800
2012-08-13,19.804489135742188,19.81174369360959,19.579603376514495,19.78998140367282,654800
2012-08-14,19.833505630493164,19.964084893341354,19.768215999069067,19.869777032988633,983000
2012-08-15,19.942319869995117,19.97133809695695,19.775469215960253,19.782723772700713,453400
2012-08-16,20.051136016845703,20.0874088015666,19.855268514013897,19.97133865779025,548700
2012-08-17,20.203472137451172,20.203472137451172,20.007603316955326,20.094656587286188,318000
2012-08-20,20.232498168945312,20.283278689861472,20.123682569315623,20.159955358302465,1434600
2012-08-21,20.261507034301758,20.551682293736583,20.196217427970822,20.29777842285682,1174600
2012-08-22,20.101919174194336,20.31955176013182,20.036630920445074,20.210736158995797,1294400
2012-08-23,19.862520217895508,20.072898202717504,19.82624881952317,20.072898202717504,1671100
2012-08-24,19.94957160949707,20.029370338707864,19.804483262507446,19.826246929655397,638200
2012-08-27,19.9858455657959,20.11642481808858,19.91330276666903,20.02211834902453,436400
2012-08-28,20.09465980529785,20.16720259458184,19.95682601506125,19.96408057072265,1061600
2012-08-29,20.297779083251953,20.363068691707106,20.10916481256649,20.123673921926486,1406200
2012-08-30,20.145437240600586,20.20347229338081,20.05838396959785,20.196217738825183,451700
2012-08-31,20.159954071044922,20.290531952063613,20.04388253736387,20.26151510639235,502300
2012-09-04,20.377580642700195,20.450124815951558,20.0148611601084,20.123676728152933,853600
2012-09-05,20.319549560546875,20.363075519556524,20.167206628515167,20.312295003434386,3219900
2012-09-06,20.762067794799805,20.849119712550966,20.45012875825003,20.45012875825003,2717700
2012-09-07,20.957935333251953,21.066752306103318,20.740304154879805,20.85637430116699,2422200
2012-09-10,20.820104598999023,21.015972122057704,20.81285004130568,20.97244615956304,601700
2012-09-11,20.87813377380371,21.037729846936934,20.82735188430836,20.856370106877133,1045100
2012-09-12,21.04499053955078,21.11028017570475,20.957937230123683,20.97970090339681,1818200
2012-09-13,21.298885345458984,21.44397228707676,20.84911264401481,21.059490577308082,3218300
2012-09-14,21.72689437866211,21.821200821511543,21.356920394563897,21.480245055929966,3576900
2012-09-17,21.349666595458984,21.683367818220454,21.29888609492266,21.67611326333457,1892700
2012-09-18,21.342416763305664,21.451232343343325,21.248110296250402,21.291636251532434,1482700
2012-09-19,21.371431350708008,21.494756030716097,21.31339628856685,21.37868590643378,1475100
2012-09-20,21.226341247558594,21.284376301115675,21.044981532234612,21.255358082504724,1826600
2012-09-21,21.191381454467773,21.431778643416504,21.169526659305653,21.409923848254383,1184900
2012-09-24,21.256942749023438,21.38078379944553,21.031115441592043,21.111246905188544,1807100
2012-09-25,20.97283172607422,21.424486219136494,20.97283172607422,21.32978491880349,3718600
2012-09-26,20.827144622802734,21.118534964171513,20.790721351178668,20.885422691076492,1402200
2012-09-27,20.98740577697754,21.111246826940622,20.81257159869881,20.9218427864407,1493300
2012-09-28,20.863557815551758,20.965545427856192,20.783426378797373,20.936405713066904,588100
2012-10-01,20.827144622802734,21.060256895897755,20.747011757879292,20.943700759350246,998500
2012-10-02,20.878129959106445,20.972832653083522,20.805282053614437,20.892699818096492,777200
2012-10-03,20.958267211914062,21.08210826051762,20.798001508157387,20.958267211914062,729800
2012-10-04,21.191381454467773,21.235089655333365,20.98012260294322,21.052970530691642,1173200
2012-10-05,21.271507263183594,21.48276465522513,21.20594428888769,21.307930520255454,715400
2012-10-08,21.162242889404297,21.242375753272764,21.089396347115212,21.18409768576626,752500
2012-10-09,20.965553283691406,21.198665531521034,20.929128626556405,21.176810737240032,1566600
2012-10-10,20.994688034057617,21.111244138064702,20.89270179041601,21.016542824605832,2500000
2012-10-11,21.176807403564453,21.264225177468465,21.11852935078124,21.20594712468525,1447400
2012-10-12,20.51388931274414,21.052961524336112,20.50660438413989,21.045676595731862,5233000
2012-10-15,20.572172164916992,20.710583061862433,20.47018591951424,20.615880357309834,5436700
2012-10-16,20.222503662109375,20.681443151687386,20.200648871383425,20.681443151687386,8739400
2012-10-17,20.557605743408203,20.57946053798993,20.317208560843657,20.317208560843657,3054000
2012-10-18,20.492034912109375,20.630445779275643,20.48475137282628,20.543029413297642,1360700
2012-10-19,20.360918045043945,20.470189238472045,20.25893039364692,20.397341313033778,1906200
2012-10-22,20.448331832885742,20.579457804038988,20.28806752895313,20.30992093117305,1797400
2012-10-23,20.288066864013672,20.317205195838035,20.033099860623153,20.258927142730922,3105000
2012-10-24,20.309921264648438,20.419193835375946,20.25164320867438,20.404623974017817,1122800
2012-10-25,20.535749435424805,20.572172698453738,20.237074232320595,20.550317906961325,1837900
2012-10-26,20.31720733642578,20.513896307432013,20.266214208266803,20.433763454920168,2704700
2012-10-31,20.353628158569336,20.44832946596352,20.113231035767498,20.44832946596352,1224200
2012-11-01,20.61587905883789,20.674157108177216,20.30991895244186,20.397336721179997,2143700
2012-11-02,20.339061737060547,20.688730085793637,20.339061737060547,20.615882165776284,2004900
2012-11-05,20.3317813873291,20.390059458582666,20.03310609847222,20.28807318125363,3046000
2012-11-06,20.637739181518555,20.688732314185643,20.37548719699221,20.37548719699221,1094100
2012-11-07,19.850982666015625,20.535750897488036,19.843697734999495,20.528465966471906,5356000
2012-11-08,19.63972282409668,20.054955533893516,19.632439282913943,19.95296789437538,2569300
2012-11-09,19.727140426635742,19.887404730939092,19.537736400027182,19.552306261179787,2545000
2012-11-12,19.76356315612793,19.814557668784385,19.654291979352326,19.72713989368886,666900
2012-11-13,19.450319290161133,19.807272538401598,19.450319290161133,19.588728797598726,3379300
2012-11-14,19.144365310668945,19.537741947269474,19.10794064744558,19.537741947269474,2253500
2012-11-15,19.122507095336914,19.268202943275295,19.01323590411242,19.071513965396054,2551100
2012-11-16,19.311908721923828,19.326478582783654,18.991378730299726,19.107934838261507,2007700
2012-11-19,19.661577224731445,19.690716946716268,19.537736185212786,19.603299170220218,2934900
2012-11-20,19.82184600830078,19.887409008129723,19.545025534157606,19.552310466300682,2193400
2012-11-21,19.778133392333984,19.872836099606737,19.66157728296631,19.843696377535608,1518200
2012-11-23,20.29534912109375,20.29534912109375,19.778130252118498,19.865548014993966,2994100
2012-11-26,20.21522331237793,20.21522331237793,20.084097317227496,20.17151511048068,2769100
2012-11-27,20.01852798461914,20.222501844688193,20.003958125444587,20.19336212633908,1528500
2012-11-28,20.01852798461914,20.040382773380976,19.683429560353822,20.040382773380976,1535800
2012-11-29,20.135082244873047,20.251638328735208,20.062235734552786,20.156937031644,1403300
2012-11-30,20.091371536254883,20.193357749454904,20.033093501646594,20.156934498871454,836900
2012-12-03,20.105947494506836,20.229788529317947,20.033099581772355,20.186078948002237,1551000
2012-12-04,19.938396453857422,20.09866073572586,19.799985571200267,20.05495254784506,1849400
2012-12-05,20.025814056396484,20.149655087527105,19.88011962471585,19.945681215824223,1166700
2012-12-06,20.01852798461914,20.098660820620957,19.967534866966442,20.033097843793698,668400
2012-12-07,20.025814056396484,20.12780029751876,19.93839767527977,20.12780029751876,954700
2012-12-10,20.06224250793457,20.171513699765043,19.960254858028684,20.018532919635508,702400
2012-12-11,20.244361877441406,20.28078514535444,20.127804363310766,20.17879888363106,1772400
2012-12-12,20.244361877441406,20.419196064449455,20.200652288595435,20.26621528240578,1808000
2012-12-13,20.084095001220703,20.273499040212485,20.0258169422585,20.23707577440806,1226100
2012-12-14,19.952966690063477,20.084092654773464,19.93839821911887,20.01852967241847,1528300
2012-12-17,20.404630661010742,20.404630661010742,20.01853754524088,20.069530687247312,2152400
2012-12-18,20.73243522644043,20.74700508618827,20.42647650848555,20.477469628144696,1652600
2012-12-19,20.761573791503906,20.87084495462018,20.615877981043397,20.761573791503906,1710700
2012-12-20,20.885419845581055,20.907274639253178,20.70330073335571,20.76886372491352,2513000
2012-12-21,20.70109748840332,20.781874140809215,20.49548126274679,20.49548126274679,1093100
2012-12-24,20.590951919555664,20.70844653644687,20.539546799100233,20.627668462091798,309600
2012-12-26,20.54688835144043,20.69375730832217,20.46611168573703,20.6203228298813,448800
2012-12-27,20.444072723388672,20.605627390653886,20.15767991303128,20.56156728151712,4052100
2012-12-28,20.341264724731445,20.502819387148282,20.26048669320024,20.304546801014727,1270400
2012-12-31,20.53953742980957,20.546881015096222,20.253144606858648,20.311891888506164,1588200
2013-01-02,21.30326271057129,21.325293475964752,20.93609169122462,21.068273482292827,4281900
2013-01-03,21.413408279418945,21.442782625791363,21.222479229936003,21.295913695221124,7195400
2013-01-04,21.663087844848633,21.69246219559247,21.391380703052672,21.428098641482467,1644400
2013-01-07,21.530902862548828,21.655741033333562,21.428095451542315,21.648397446740823,1191000
2013-01-08,21.442781448364258,21.574961797844313,21.3326290561621,21.494185151047475,739000
2013-01-09,21.33997344970703,21.567620428267926,21.303256918014448,21.47215520483377,1583900
2013-01-10,21.457468032836914,21.545589669807228,21.354660623576468,21.545589669807228,2538400
2013-01-11,21.2445125579834,21.49418892974885,21.02420913549536,21.406067280624416,5338200
2013-01-14,21.31794548034668,21.40606572241047,21.11232924778784,21.229823837636893,1007400
2013-01-15,21.435441970825195,21.472158508166345,21.185765595096253,21.24451289522976,811000
2013-01-16,21.530902862548828,21.589650154644826,21.31060086735032,21.398721105171354,3404100
2013-01-17,21.809955596923828,21.846672132686727,21.604339354971845,21.626370116817217,6718000
2013-01-18,21.729177474975586,21.88338860551151,21.60433929283629,21.80995553419691,2330100
2013-01-22,21.96416664123535,21.96416664123535,21.70714668997105,21.70714668997105,2353000
2013-01-23,21.795265197753906,21.95681989211315,21.758547266777363,21.95681989211315,1554400
2013-01-24,21.78792381286621,21.883387641758556,21.707145757202383,21.817296759969242,1953300
2013-01-25,21.817296981811523,21.898075038296717,21.677773030522925,21.758549686362112,1658000
2013-01-28,21.83932876586914,22.133065256875724,21.677774045977035,21.846672353225063,965200
2013-01-29,21.890727996826172,21.96416245471114,21.809951353733915,21.809951353733915,899400
2013-01-30,21.868701934814453,21.95682217703664,21.765893118027243,21.87604552177397,1632300
2013-01-31,21.905414581298828,21.978849037215184,21.743859898799435,21.824636539726257,1344000
2013-02-01,22.21384048461914,22.257900602490427,21.949476976099632,22.059629371746688,1313200
2013-02-04,21.942134857177734,22.169781849470596,21.912761910181032,22.10369096792054,3003400
2013-02-05,22.19915199279785,22.272586451984086,22.022910131138378,22.0816574183582,1055100
2013-02-06,22.294620513916016,22.294620513916016,22.059631330212166,22.169782334992593,1078700
2013-02-07,22.30930519104004,22.33867953788245,22.13306331192342,22.30930519104004,1185100
2013-02-08,22.375402450561523,22.404776805779278,22.30196936380983,22.346029495990116,731700
2013-02-11,22.41946029663086,22.456176833968872,22.265247758389748,22.353369408905543,2313300
2013-02-12,22.588361740112305,22.61773469392451,22.412119815300127,22.478210712185483,2442900
2013-02-13,22.603038787841797,22.661786069785062,22.485544223955262,22.61772455784335,1549000
2013-02-14,22.5516357421875,22.63241378745032,22.52960638485823,22.52960638485823,966500
2013-02-15,22.529613494873047,22.60304797731902,22.492895553326935,22.566330035772907,762400
2013-02-19,22.63975715637207,22.69116085717526,22.551635525962464,22.5810098696476,3693400
2013-02-20,22.375402450561523,22.742573486905375,22.375402450561523,22.654453222544806,2050700
2013-02-21,22.155092239379883,22.46351585248257,22.089001365097463,22.33133410391773,4335900
2013-02-22,22.41946029663086,22.426803884227684,22.279934933583398,22.29462210877705,957600
2013-02-25,21.898073196411133,22.617727855296504,21.898073196411133,22.617727855296504,2151200
2013-02-26,22.044940948486328,22.111031821867435,21.787921040964893,21.956819317096247,3107500
2013-02-27,22.25055694580078,22.323991409118275,21.986194838762056,21.993538425158395,909000
2013-02-28,22.301965713500977,22.44883326361193,22.184469712507642,22.265247775488646,914600
2013-03-01,22.331340789794922,22.37540091895928,21.978856955187563,22.18447182505206,1166600
2013-03-04,22.47085189819336,22.485539065471162,22.22851924069103,22.29461009279579,1321600
2013-03-05,22.610380172729492,22.742560493753828,22.507571388849833,22.529602142676662,4267500
2013-03-06,22.676477432250977,22.742568315817174,22.617730135819475,22.742568315817174,884400
2013-03-07,22.92615509033203,22.933498677882522,22.698509478851346,22.771943953710117,1889100
2013-03-08,22.962867736816406,23.131766009620552,22.852716750233085,23.058331551683075,2911100
2013-03-11,23.050996780395508,23.117087677747442,22.911472797671486,23.05834036906198,1601800
2013-03-12,22.99958610534668,23.102393514295898,22.933495227980494,23.05098980982129,1880900
2013-03-13,23.1097412109375,23.146459149696923,22.962873657838248,22.984903020447753,885800
2013-03-14,23.344728469848633,23.35207065590163,23.14645583091489,23.197859537161573,1380200
2013-03-15,23.461849212646484,23.46921573884138,23.26295722044788,23.336621077375646,1544300
2013-03-18,23.22613525390625,23.321897322574337,23.093540539579845,23.233501783037912,1672700
2013-03-19,23.314525604248047,23.35872336417901,23.167199269471016,23.321892131740118,1890400
2013-03-20,23.491323471069336,23.513423058646392,23.388194872419966,23.454492230129354,1261500
2013-03-21,23.336626052856445,23.447121159295577,22.423197685259982,23.31452646956002,1508500
2013-03-22,23.37346076965332,23.45449118212678,23.307163414906253,23.343996059222246,1128700
2013-03-25,23.41765594482422,23.506051466047726,23.292427785573018,23.46922023304151,2078100
2013-03-26,23.50605010986328,23.52814969140486,23.380821957837135,23.425019715898895,570000
2013-03-27,23.461849212646484,23.46921573884138,23.196659889715015,23.402918408108516,1675600
2013-03-28,23.41765594482422,23.47658676064705,23.35872372397991,23.461853705435974,755100
2013-04-01,23.130367279052734,23.432387889568957,23.0125056459255,23.432387889568957,1383200
2013-04-02,22.94620704650879,23.24086111320933,22.909375815054254,23.24086111320933,1215000
2013-04-03,22.607362747192383,22.97568080443882,22.570530098454608,22.97568080443882,1775300
2013-04-04,22.784149169921875,22.806247348249443,22.570524079278623,22.65155447987041,1377000
2013-04-05,22.81361198425293,22.81361198425293,22.239036915037584,22.239036915037584,1568100
2013-04-08,22.95357322692871,22.975672808480315,22.57788877067985,22.806245493294153,2032300
2013-04-09,22.909378051757812,23.041972745973982,22.820981120606515,22.94620928680828,1293700
2013-04-10,23.270320892333984,23.29978558847826,22.946200804620712,23.005131601930305,2259900
2013-04-11,23.1524715423584,23.285066257685582,23.100907243069333,23.27769972849832,2537300
2013-04-12,22.990407943725586,23.130369171397767,22.89464588585827,23.04934017013207,1548900
2013-04-15,22.239038467407227,22.93147520966923,22.239038467407227,22.93147520966923,1584500
2013-04-16,22.5115909576416,22.533690538728465,22.29060076685845,22.386362808192118,1285300
2013-04-17,22.165374755859375,22.835713324931447,21.981215777432507,22.452662312598406,1636200
2013-04-18,22.03278350830078,22.312705986047984,21.90018879831755,22.13591210272253,1998000
2013-04-19,22.305334091186523,22.467393472723057,21.94438269252239,22.047511262134606,1787500
2013-04-22,22.253768920898438,22.342165843359336,22.018045667697933,22.342165843359336,2884200
2013-04-23,22.614730834960938,22.62209596019402,22.239046222084504,22.290610528847978,1244800
2013-04-24,22.784149169921875,22.79888222548793,22.54105937316803,22.592623662627705,801900
2013-04-25,22.835710525512695,22.960938671692166,22.791512769514448,22.84307705234929,1046900
2013-04-26,22.688383102416992,22.82097777720731,22.548423305712856,22.82097777720731,800600
2013-04-29,22.843082427978516,22.86518201368897,22.725220780899434,22.725220780899434,1268200
2013-04-30,22.872543334960938,22.88727638965205,22.666286189371064,22.857811685291253,1008700
2013-05-01,22.408466339111328,22.82834861862276,22.393733282456495,22.82834861862276,1153900
2013-05-02,22.68101692199707,22.75467937786828,22.43792575954547,22.43792575954547,1496100
2013-05-03,22.94620704650879,23.122999486529114,22.88727623316868,22.916742342349444,1278400
2013-05-06,23.248228073120117,23.270327655416928,22.924109296228853,22.946207473504224,3021200
2013-05-07,23.579721450805664,23.60182244569099,23.277702152804093,23.292435212713027,4135900
2013-05-08,23.58708381652832,23.623915052582333,23.425023005838824,23.55761770366783,1028600
2013-05-09,23.469221115112305,23.6018158069525,23.425021947817886,23.50605234950279,425400
2013-05-10,23.54288101196289,23.557614066118195,23.40292121255166,23.46921855122914,526900
2013-05-13,23.59444808959961,23.682846424996026,23.432388689770807,23.50605256424628,2447100
2013-05-14,23.90383529663086,23.918568351700184,23.564982055143695,23.623912870399533,2415200
2013-05-15,24.029062271118164,24.1100926697248,23.808072063127398,23.867004283947843,1185400
2013-05-16,23.962764739990234,24.154291646113293,23.91120045219778,23.91120045219778,938100
2013-05-17,24.27952003479004,24.308986146954272,24.00696552237869,24.00696552237869,1176900
2013-05-20,24.419477462768555,24.485774795999447,24.242683637472005,24.250048758923207,1551800
2013-05-21,24.419477462768555,24.485774795999447,24.301615849251696,24.448940758615876,2930100
2013-05-22,24.03643226623535,24.669939644199726,23.91857062452406,24.471047596928827,2797100
2013-05-23,23.977489471435547,24.01432069135257,23.682836902057414,23.815431541792258,3252700
2013-05-24,24.073259353637695,24.073259353637695,23.756505719244355,23.867002218699785,954200
2013-05-28,24.367916107177734,24.581538375412258,24.235321424801626,24.360548174799696,1033000
2013-05-29,24.257410049438477,24.426835896857398,24.13218053871212,24.26477516887332,2631200
2013-05-30,24.49314308166504,24.55207530105805,24.235321646927822,24.264784946581443,1038300
2013-05-31,24.176389694213867,24.50787640684883,24.154291516719173,24.35318354430015,1298300
2013-06-03,24.198490142822266,24.353185829932595,23.808073983545217,24.272155424789844,2702200
2013-06-04,24.01432991027832,24.353184569707835,23.874370096847308,24.235322934701973,1812700
2013-06-05,23.682842254638672,24.036427103831645,23.646008216354797,23.984862822285333,2402300
2013-06-06,23.889097213745117,23.90383026571365,23.506046292690215,23.646006071327793,1772700
2013-06-07,24.176389694213867,24.205855804235398,23.88173421408436,23.948031556611355,827100
2013-06-10,24.4121150970459,24.434213276480232,24.13219264735729,24.301621389831062,1643700
2013-06-11,24.087995529174805,24.34581698125874,24.014330249977196,24.12482676375207,727300
2013-06-12,23.80807113647461,24.279517644516826,23.749141727990757,24.13955784058018,1447100
2013-06-13,24.198490142822266,24.205858076040613,23.668114162871582,23.7565096911895,4157500
2013-06-14,23.785972595214844,24.19112175623021,23.72704037759082,24.19112175623021,2247700
2013-06-17,23.933303833007812,24.05116547546771,23.793341200681976,23.918570776444923,786200
2013-06-18,24.183759689331055,24.250054227469278,23.903837240338227,23.970134588519603,1344900
2013-06-19,24.065887451171875,24.27951248285161,24.00695805521602,24.19848210462535,2148900
2013-06-20,24.0069637298584,24.198487824539203,23.734409237797784,23.86700392259331,4541600
2013-06-21,24.261489868164062,24.29108675074068,23.935929804849454,24.14310516037168,3804600
2013-06-24,24.106111526489258,24.26149093306539,23.928533045749255,24.054315568449685,2446700
2013-06-25,24.616647720336914,24.6610430509266,24.106114119870803,24.40947515594739,5801000
2013-06-26,24.68323516845703,24.934803021277578,24.557449830789746,24.838614565710127,5068500
2013-06-27,25.134580612182617,25.1789731178882,24.78682426407901,24.88301273063169,4125000
2013-06-28,25.067983627319336,25.215965200305057,24.949598933433506,25.06058299628749,2704100
2013-07-01,25.519336700439453,25.73390710629868,25.201177174923295,25.245569689404213,4468000
2013-07-02,25.76349639892578,26.00026581470744,25.51932917375085,25.52672698314412,6916000
2013-07-03,25.859683990478516,25.926275562845106,25.60071551015778,25.68950615498922,1409800
2013-07-05,26.584793090820312,26.599591532981535,26.052060463073204,26.089055157219146,4317500
2013-07-08,26.577394485473633,27.036137759916056,26.555198231796066,26.806766122694846,5894700
2013-07-09,26.70317840576172,26.77716779571654,26.333225810958986,26.747573733243193,4762900
2013-07-10,26.414615631103516,26.710576011170303,26.28883028212656,26.673581316476238,3722400
2013-07-11,25.978076934814453,26.740178531686833,25.955880677822794,26.740178531686833,10001300
2013-07-12,26.296228408813477,26.36281998192301,25.992867425206494,26.015063675405,3335900
2013-07-15,26.555194854736328,26.57739110559117,26.32582606919871,26.49600391161872,2379600
2013-07-16,26.281436920166016,26.63659112986241,25.94847896653978,26.60699424009235,4651300
2013-07-17,26.451610565185547,26.533000587757638,26.281432710041315,26.370220542613456,3008500
2013-07-18,26.962139129638672,26.99173600917781,26.436807219130948,26.46640409867009,3928100
2013-07-19,27.102731704711914,27.10273170471191,26.80676845815858,26.80676845815858,1787800
2013-07-22,27.332096099853516,27.39868767838582,27.02133728171226,27.132321364256605,3397800
2013-07-23,27.554075241088867,27.6058683874666,27.228515095269085,27.4356905032948,3059400
2013-07-24,27.679853439331055,27.84263348665462,27.568866530244193,27.665054996618515,3066600
2013-07-25,27.509675979614258,27.768641674541655,27.376492815790343,27.63545851071774,6384100
2013-07-26,27.40608787536621,27.4356847592469,27.26550408819004,27.346894107604832,2001500
2013-07-29,27.15452003479004,27.413485712721705,27.013936247472106,27.33949632545957,2896400
2013-07-30,27.15452003479004,27.45048040635277,27.08792845724844,27.287703189873238,2772500
2013-07-31,27.228506088256836,27.709445514118187,27.18411359034055,27.235906719585454,3663400
2013-08-01,27.761249542236328,27.8574380296743,27.354302157327165,27.46528626820332,2718500
2013-08-02,27.739057540893555,27.7834500630497,27.48008893074934,27.687261560852395,2055400
2013-08-05,27.776044845581055,27.909228021575938,27.591068525867566,27.702052624186873,2154400
2013-08-06,27.480079650878906,27.7908413136064,27.4282865108434,27.753843794282943,1833500
2013-08-07,27.221115112304688,27.48008082353304,27.087931940097373,27.406091426757673,2288800
2013-08-08,27.29511260986328,27.539282772214282,27.1545315852619,27.3986989250975,1276600
2013-08-09,27.191524505615234,27.40609775734891,27.154529798682066,27.250718294720475,956000
2013-08-12,27.258113861083984,27.332103268853732,27.00654592314586,27.0509412613167,1293300
2013-08-13,27.339502334594727,27.383894847703655,26.984348117149167,27.36169859114919,1534100
2013-08-14,27.3247127532959,27.509689144627433,27.295115853279075,27.309914303287485,755400
2013-08-15,27.05093765258789,27.20631708168497,26.95474917730725,27.02134076442237,1583600
2013-08-16,27.08793067932129,27.36909545450742,26.94734688047101,27.05093598265548,1944800
2013-08-19,26.83635902404785,27.065730627207145,26.81416277366645,27.036133745022585,1871200
2013-08-20,27.2655086517334,27.332100240353565,26.843762864643896,26.851163498109845,2206100
2013-08-21,27.043537139892578,27.30250567872388,26.917754598400084,27.065736217373022,2135700
2013-08-22,27.420875549316406,27.524461779707018,27.080517163373287,27.080517163373287,1755200
2013-08-23,27.30989646911621,27.53926806068654,27.16191488818419,27.524469620341947,2018700
2013-08-26,27.043537139892578,27.369097266135974,27.03613932907551,27.34689818865553,1882500
2013-08-27,26.13344955444336,26.777166241738854,26.11865111280834,26.754969990543398,4783500
2013-08-28,26.185239791870117,26.370216058071534,26.015061965666476,26.118648223137054,1982200
2013-08-29,26.37761878967285,26.555194438758114,26.133448744038052,26.16304562639028,2127800
2013-08-30,25.985462188720703,26.47379936415035,25.933669065759492,26.47379936415035,2679500
2013-09-03,25.933677673339844,26.614391950713983,25.689510415840846,26.155648677206504,3083400
2013-09-04,26.02985954284668,26.237032050920646,25.88187797028796,25.948469536813697,2202700
2013-09-05,26.229629516601562,26.34801418881629,26.02985485301798,26.09644640754584,2138200
2013-09-06,26.207435607910156,26.33322093455752,25.726499017235312,26.303624055050637,2701900
2013-09-09,26.348020553588867,26.370216802955596,26.04465958135001,26.24443429319227,3643100
2013-09-10,26.562591552734375,26.59958623951817,26.38501310465301,26.518196235085615,2255600
2013-09-11,26.414615631103516,26.599591927088113,26.340623419201105,26.55519659994667,2768500
2013-09-12,26.281436920166016,26.52560420448208,26.281436920166016,26.444216991386565,2172900
2013-09-13,26.348020553588867,26.38501524337138,26.126049592379882,26.333222113173083,2454900
2013-09-16,26.42942237854004,26.592199650847128,26.370228590417337,26.547807132270272,3406000
2013-09-17,26.791963577270508,26.799364209039553,26.38501632790779,26.481204783307202,3777600
2013-09-18,26.584793090820312,26.999141003791866,26.562596838835596,26.806764078210193,6541700
2013-09-19,26.103858947753906,26.710581088103122,25.955880140851033,26.6439894959909,11228800
2013-09-20,26.409263610839844,26.446417324904495,26.134319890538745,26.22349220586992,4678300
2013-09-23,26.20863151550293,26.320092663490044,25.94112022489892,26.312663054149635,3124700
2013-09-24,26.320093154907227,26.52072662660622,26.060014303434578,26.178907897628772,2549100
2013-09-25,26.43155860900879,26.617330037430076,26.134323189675914,26.394404890253938,2115100
2013-09-26,26.342376708984375,26.60988789344842,26.18632946292892,26.468699860178116,1839900
2013-09-27,26.342376708984375,26.550439703724987,26.164034974459778,26.23834521161407,2295000
2013-09-30,26.491003036499023,26.491003036499023,26.01542586668085,26.15661394625446,3232200
2013-10-01,26.869976043701172,26.87740565269476,26.37211003637671,26.37211003637671,4317600
2013-10-02,26.602458953857422,26.728784956324045,26.513289492181386,26.728784956324045,3616500
2013-10-03,26.483577728271484,26.595041733266026,26.32009794351879,26.57274723147868,2133600
2013-10-04,26.713926315307617,26.743650417874086,26.438985453183864,26.528154926236834,1688000
2013-10-07,26.260652542114258,26.513301829970093,26.245790485811277,26.498439773667112,2757000
2013-10-08,26.03772735595703,26.29780625453171,26.037727355957035,26.245790474816776,3653900
2013-10-09,26.1046085357666,26.230931778498928,26.02286863298791,26.119470593967065,2395500
2013-10-10,26.706493377685547,26.743649922528643,26.349812657433656,26.386966367630365,2265300
2013-10-11,27.234088897705078,27.256380559046942,26.505862501208664,26.676774686985166,5422300
2013-10-14,27.345548629760742,27.38270234163129,27.040883656987827,27.040883656987827,2098700
2013-10-15,27.12262535095215,27.39756623889086,27.078039192916126,27.30839675746552,3044700
2013-10-16,27.516462326049805,27.679942085723656,27.23409180343656,27.24895102281876,5722700
2013-10-17,27.672510147094727,27.702231418004732,27.278672835084887,27.38270436988671,3754300
2013-10-18,27.858285903930664,27.954885010100448,27.546188416155587,27.783975628437947,2543900
2013-10-21,27.962312698364258,28.021758073999138,27.724525526531362,27.754246797025463,2302600
2013-10-22,27.94744873046875,28.021756153581507,27.776539389592223,27.888000524261354,4078300
2013-10-23,27.977182388305664,28.03662778016829,27.702238592667722,27.761686819177804,2115900
2013-10-24,28.05890655517578,28.10349270457173,27.850843527286976,27.940012991432727,2369700
2013-10-25,28.0960693359375,28.20010087298288,27.969743301920403,28.096069335937496,1120200
2013-10-28,28.266986846923828,28.30414057306293,28.021767152040066,28.096077438965875,2119500
2013-10-29,28.140657424926758,28.318999257660618,27.940023926093893,28.259551035200243,2171600
2013-10-30,28.073772430419922,28.25211421765915,28.05891037859611,28.162944741362807,2650500
2013-10-31,27.76911163330078,28.1109332073922,27.754249579240547,28.0663470452115,2265900
2013-11-01,27.717098236083984,27.954885452126266,27.531326796385503,27.813700178428416,2072200
2013-11-04,27.828554153442383,27.84341620446057,27.57590495542597,27.828554153442383,841400
2013-11-05,27.835987091064453,27.94001862598849,27.61306196842055,27.754247218010786,801800
2013-11-06,27.999469757080078,28.04405592011719,27.85828449276642,27.969745648388667,1182500
2013-11-07,27.672510147094727,28.14808449741549,27.67251014709473,27.917726931320928,1457500
2013-11-08,28.757417678833008,28.77227973326037,27.7096669362038,27.7096669362038,8904000
2013-11-11,28.475040435791016,28.82429158064946,28.42302466970316,28.816859137124535,2503200
2013-11-12,28.192668914794922,28.475042259244635,28.081207766603313,28.423026489825848,1685000
2013-11-13,28.44532585144043,28.445325851440433,27.99947546870813,28.12579870444483,1976500
2013-11-14,28.57908058166504,28.616234306547785,28.32643128395586,28.512202743017095,2031600
2013-11-15,28.489906311035156,28.675677739032345,28.311564492913156,28.660815684634926,2816000
2013-11-18,28.475040435791016,28.801997084721343,28.39330056489677,28.571642359088454,2842900
2013-11-19,28.452743530273438,28.631082456948125,28.333849967608266,28.489897237110153,1775700
2013-11-20,28.46761703491211,28.616231922059544,28.304137257473204,28.52706242284163,1492400
2013-11-21,29.01749610900879,29.091806380029862,28.5419217130619,28.586507875674545,2128300
2013-11-22,29.285005569458008,29.29986762272542,28.868876581910996,29.09180454627532,2044600
2013-11-25,29.411331176757812,29.559946037974843,29.247851427842953,29.403898732908896,2565800
2013-11-26,29.57480812072754,29.61939427992549,29.34445338482174,29.38903670937291,2509100
2013-11-27,29.73829460144043,29.820034494482794,29.507936978743526,29.619400984646283,2533500
2013-11-29,29.693700790405273,29.886904639628927,29.634255414630324,29.820026820227923,1379500
2013-12-02,29.41876792907715,29.857188679271783,29.381614204751664,29.693708890662695,1998800
2013-12-03,29.032358169555664,29.485640901618755,28.861448798140348,29.240421259166133,3383300
2013-12-04,29.158679962158203,29.359310578092927,28.883736251372753,29.002629833052797,1766300
2013-12-05,29.1512451171875,29.22555537126959,29.024921937217478,29.09179974856818,1290500
2013-12-06,29.67142105102539,29.790314684994364,29.426201336474982,29.470787512206282,2998100
2013-12-09,29.567378997802734,29.7977337374971,29.47077706860845,29.715996696260056,2461300
2013-12-10,29.25528335571289,29.64912070616311,29.19583797344401,29.50793260831139,2345300
2013-12-11,28.891183853149414,29.322172249875212,28.83916806103851,29.307310190036656,2482500
2013-12-12,29.084379196166992,29.22556731932058,28.891178125861444,28.891178125861444,1899600
2013-12-13,29.032358169555664,29.262715757800823,28.839157134152654,29.173543432556052,2651800
2013-12-16,29.478200912475586,29.53021950621145,29.099228548444827,29.247846217834912,2431900
2013-12-17,29.322153091430664,29.559940224186555,29.1809678671838,29.478200365805552,2524900
2013-12-18,29.745725631713867,29.768020134746703,29.11410379385216,29.396477210205095,3618800
2013-12-19,29.545082092285156,29.730853491552825,29.507928379360944,29.6639756744306,2512300
2013-12-20,29.919641494750977,29.934564351329293,29.48689003895529,29.531658608690236,2566200
2013-12-23,30.41954803466797,30.456853753980766,29.986793721156456,30.03156229207818,4932600
2013-12-24,30.40462875366211,30.591160218408504,30.38224588869071,30.464320188578206,728300
2013-12-26,30.374774932861328,30.561306347845115,30.330009214861068,30.509077779349134,4429500
2013-12-27,30.35984230041504,30.531450805382622,30.240462347122694,30.441916551974014,1855800
2013-12-30,30.203161239624023,30.36730976771078,30.165855532216042,30.36730976771078,902100
2013-12-31,30.30015754699707,30.359846108007808,30.225543287929952,30.27777469239841,1588800
2014-01-02,29.837566375732422,30.23301206446924,29.792797811514788,30.218089209730028,5415500
2014-01-03,29.867408752441406,29.99425159253674,29.755491613085667,29.874871602811204,1177000
2014-01-06,29.658491134643555,30.106165334027708,29.651031131359183,29.994248207303244,2224700
2014-01-07,29.919641494750977,30.15094150234907,29.703267189975065,29.73311005688783,2184700
2014-01-08,29.94948387145996,30.024098146039318,29.807721019124497,29.94948387145996,1471700
2014-01-09,30.17332649230957,30.24047792852645,30.009180750858143,30.053946477506685,1901200
2014-01-10,30.128562927246094,30.15094579217623,29.89726288673901,30.106177216071686,2130500
2014-01-13,29.79279899597168,30.203167555762516,29.621190429013463,30.09125041013427,4103000
2014-01-14,29.897249221801758,29.956940629325064,29.658489284194474,29.85994351522118,2293800
2014-01-15,30.031551361083984,30.240465590189448,29.97185995491505,30.01662850954175,3186400
2014-01-16,29.785329818725586,30.024092607088182,29.643566992543033,29.934555494111077,4491400
2014-01-17,29.889802932739258,29.99426009758812,29.658502891828007,29.70327146801078,3652400
2014-01-21,30.52399444580078,30.55384014924585,30.098703133558864,30.10616313629866,4919500
2014-01-22,30.717988967895508,30.77022037738867,30.47922900839775,30.561303278145708,1976800
2014-01-23,30.277780532836914,30.553846229029613,30.024097695560425,30.553846229029613,3700700
2014-01-24,29.73311424255371,30.173328611731467,29.636119930506123,30.039025729864065,2711600
2014-01-27,29.30034828186035,29.874865249690107,29.285425430537686,29.73309958524621,4416700
2014-01-28,29.330196380615234,29.55403347625571,29.188430704589894,29.337656383764575,2668700
2014-01-29,28.77806282043457,29.225737021031954,28.72583425857298,29.09143703784726,4661900
2014-01-30,29.098899841308594,29.210819825349457,28.733297026852735,28.942214140646122,3319300
2014-01-31,28.539310455322266,28.92729619391121,28.539310455322266,28.651230458350504,3583200
2014-02-03,27.48727035522461,28.628841742724795,27.47234749997213,28.472156031939203,5575500
2014-02-04,28.009553909301758,28.18116244473785,27.46488259781075,27.6290282838296,3969700
2014-02-05,27.927478790283203,28.031935908989627,27.726024555816657,27.8827102338763,1841500
2014-02-06,28.240859985351562,28.24085998535156,27.823031364956826,27.92748852005551,2954800
2014-02-07,28.285633087158203,28.487087424072143,28.03941301731525,28.375167399260686,2634300
2014-02-10,28.300556182861328,28.412476208606005,27.994644671569628,28.29309332981462,2117800
2014-02-11,28.71091651916504,28.763145090328592,28.27070224346962,28.322930814633175,4374500
2014-02-12,28.658689498901367,29.128749511054874,28.54676949964069,28.84522093350662,3326900
2014-02-13,28.74822235107422,28.785530913122194,28.330393780076125,28.4124680625918,1513600
2014-02-14,28.949668884277344,28.979514587430824,28.62883469098471,28.62883469098471,1583200
2014-02-18,29.039209365844727,29.18097506305949,28.83029509152005,28.98698079726356,951300
2014-02-19,28.225929260253906,29.01682047507664,28.128932147518746,28.97951476902248,10772000
2014-02-20,28.23339080810547,28.397539339218696,27.927479447730963,28.300542221175146,10410300
2014-02-21,28.464689254760742,28.554223518728882,28.27069502887968,28.315463583985213,7456000
2014-02-24,29.009366989135742,29.121284132439705,28.457232738274712,28.457232738274712,4599900
2014-02-25,28.84522247314453,29.03921392314117,28.800453901801934,28.97206533549323,1739100
2014-02-26,29.21826934814453,29.307803595513292,28.837746662145506,28.837746662145506,3397500
2014-02-27,29.397356033325195,29.419738895289708,29.046676015913725,29.17351602870449,1809900
2014-02-28,29.7629451751709,29.971859400411276,29.38988243224573,29.38988243224573,4834500
2014-03-03,29.531652450561523,29.546572457784762,29.240661077329552,29.345121051595097,3133700
2014-03-04,30.210620880126953,30.344920843282836,29.792789601304296,29.792789601304296,2676200
2014-03-05,30.188243865966797,30.26285814056677,30.031558158672176,30.173321011046806,1765000
2014-03-06,30.389686584472656,30.47176083220787,30.158386690513638,30.218078087500146,2604500
2014-03-07,30.725461959838867,30.941839134008873,30.47177906335366,30.538930502018694,4291900
2014-03-10,30.762765884399414,30.822457313610748,30.53146586557151,30.69561444965867,2097200
2014-03-11,30.650842666625977,30.822451222328436,30.4344655478624,30.74037694650477,5671500
2014-03-12,30.576231002807617,30.58369385374272,30.17332243962244,30.524002431236614,3420100
2014-03-13,30.434463500976562,30.762757735948174,30.24046925366901,30.65830060874099,3249600
2014-03-14,30.509069442749023,30.71052365743339,30.210620968072092,30.21808097028585,2800300
2014-03-17,30.71053123474121,30.89706264477881,30.57622839181466,30.58369124211249,2135400
2014-03-18,30.852294921875,30.92690919566796,30.63592064348421,30.71799207529119,1342100
2014-03-19,31.05375099182129,31.359662416496178,30.695610995585586,30.904525281828825,4940600
2014-03-20,31.687963485717773,31.73272921190815,30.986603415465495,31.008989124804717,8106100
2014-03-21,31.440296173095703,32.01642759103424,31.372956063096627,31.724621399118593,4887000
2014-03-24,31.31309700012207,31.74706723329411,31.17841677977496,31.574976474904158,3500600
2014-03-25,31.290645599365234,31.5151116413414,31.15596540333142,31.485184928854334,2855800
2014-03-26,30.871644973754883,31.477705949075954,30.864164008043225,31.462741163411618,3735600
2014-03-27,30.273069381713867,31.006326791686316,30.273069381713867,30.87913038833245,3845300
2014-03-28,30.385292053222656,30.81177831121761,30.205717539953174,30.31046815009368,2764100
2014-03-31,30.96143341064453,31.028773518410862,30.497533621924912,30.497533621924912,2122000
2014-04-01,31.53757095336914,31.62735682980193,30.84920495607365,31.096119684065748,5444600
2014-04-02,31.507627487182617,31.694682978933415,31.33553677728072,31.63482385153782,2936100
2014-04-03,31.545045852661133,31.62735074616017,31.313095957731207,31.515116281526755,2461500
2014-04-04,30.841705322265625,31.791947406630648,30.774365242137716,31.717123509688623,5827000
2014-04-07,30.57984161376953,30.81179153163201,30.35537551655106,30.72200566359288,4808500
2014-04-08,30.519981384277344,30.886608629801355,30.400265957582025,30.579837670504546,3347700
2014-04-09,30.415231704711914,30.617249174579197,30.273067668724043,30.617249174579197,3010500
2014-04-10,29.5098876953125,30.415238884684143,29.420101814816075,30.362863549874422,6042600
2014-04-11,29.270456314086914,29.704426629053863,29.0085796441873,29.33031546963062,3805500
2014-04-14,29.375207901000977,29.674497979599014,29.060955887290586,29.569747308362217,1839500
2014-04-15,29.442543029785156,29.65204719094912,29.00857562912505,29.225560756575724,4299200
2014-04-16,29.592180252075195,29.659520347889902,29.375195181756652,29.659520347889902,2525700
2014-04-17,29.816659927368164,29.87651908625053,29.44254874707877,29.569748032582897,5878700
2014-04-21,29.67449188232422,29.9438523268681,29.569741232610742,29.7792425320377,1765300
2014-04-22,29.861543655395508,30.130904065896218,29.54729174597186,29.674488131907875,2582900
2014-04-23,29.93637466430664,30.03364436800876,29.734357143586305,29.786732479216276,1815800
2014-04-24,29.397653579711914,29.988749856147734,29.352759216127943,29.988749856147734,2524500
2014-04-25,29.01605987548828,29.330314725638072,28.97864933134324,29.29290418149303,2066100
2014-04-28,28.799074172973633,29.218076784647927,28.552159473173088,29.150736671451526,3810500
2014-04-29,28.6195011138916,29.045987568818123,28.57460675128409,28.82900243091056,2887500
2014-04-30,28.799074172973633,28.84396567894375,28.357622954073054,28.559640439421035,3100100
2014-05-01,28.69430923461914,28.97115339760516,28.372573583546803,28.776614101764167,2646800
2014-05-02,28.843961715698242,29.31534244330394,28.739211077172715,28.814032146336423,3109300
2014-05-05,28.61200714111328,28.724238715253,28.357611577127148,28.626969067606517,1207300
2014-05-06,28.193012237548828,28.6868387668526,28.178047451298276,28.537193758588188,3565000
2014-05-07,28.477340698242188,28.484821665095524,27.93113878222194,28.21546119051207,2839000
2014-05-08,28.350143432617188,28.761665140446944,28.275322341826925,28.380073010629957,2908400
2014-05-09,28.597049713134766,28.597049713134766,28.118188023506185,28.327689299158486,1669200
2014-05-12,29.135772705078125,29.21059664087048,28.612019425738154,28.701805294447677,4392200
2014-05-13,28.76166534423828,29.150741298436095,28.75418437680291,29.150741298436095,2702600
2014-05-14,28.11819076538086,28.701803149745082,28.03588586928004,28.679357397805255,3000100
2014-05-15,27.968536376953125,28.005946902383545,27.377440370736053,27.968536376953125,5511100
2014-05-16,27.908679962158203,27.968539092049916,27.646803404482995,27.893715179685277,2038200
2014-05-19,28.357624053955078,28.365105020493182,27.77400876553636,27.77400876553636,2799000
2014-05-20,28.065793991088867,28.342638068038532,27.86377664900231,28.30522755484618,3538600
2014-05-21,28.260347366333008,28.477332447350467,28.020916537017406,28.237901618034865,2137300
2014-05-22,28.40251922607422,28.484824139818755,28.200498852585373,28.230428431081876,1940800
2014-05-23,28.53719139099121,28.649425851438238,28.372581610133146,28.38754639514214,1324900
2014-05-27,28.881370544433594,29.045980311960257,28.58956439599317,28.58956439599317,3503900
2014-05-28,28.679363250732422,28.80655967667133,28.484823846748395,28.739219552867887,2822000
2014-05-29,28.66438865661621,28.76913929020323,28.529708455078413,28.71676397340972,3500700
2014-05-30,28.649431228637695,28.918791700873992,28.58957207736677,28.656912195425846,2394200
2014-06-02,28.978641510009766,29.016052044057705,28.432439721035607,28.754175451481327,4333000
2014-06-03,29.075910568237305,29.30785758698343,28.866409298598033,28.9337465459186,4028000
2014-06-04,29.14323616027832,29.240505781715033,29.023520800909797,29.03848557761078,2932200
2014-06-05,29.704423904418945,29.786728808621312,29.001093162501537,29.26297266262192,3586000
2014-06-06,30.011184692382812,30.153345843983264,29.749305281446734,29.839093975948455,2956900
2014-06-09,30.475074768066406,30.497520509591027,29.988732291514417,30.056069516088282,3258800
2014-06-10,30.347900390625,30.44516724378594,30.1832905556729,30.44516724378594,2590000
2014-06-11,29.988752365112305,30.243145217313895,29.906447452109823,30.190769882538078,1539600
2014-06-12,29.876510620117188,30.10846051369581,29.7343494394186,30.01867180081577,3070300
2014-06-13,29.801687240600586,30.220689784650155,29.719382353950632,29.958813194619175,3173000
2014-06-16,29.629592895507812,29.779237880685265,29.46498598062924,29.76427309674345,2860000
2014-06-17,30.16830825805664,30.325434179738977,29.539801717087123,29.539801717087123,2402500
2014-06-18,30.370328903198242,30.437668992509824,29.98873696659277,30.220683943145822,5256700
2014-06-19,30.22069549560547,30.467610202216033,30.078534299043852,30.467610202216033,2941600
2014-06-20,30.37622833251953,30.496440844551998,30.218449947869242,30.3086086153705,1972600
2014-06-23,30.195903778076172,30.428816740475384,30.128284070675885,30.346170112975923,1112000
2014-06-24,29.932918548583984,30.511441663451873,29.917891639174307,30.113238595410174,3212100
2014-06-25,30.1433048248291,30.188385575905148,29.452083838211287,29.797694331520194,3048900
2014-06-26,30.188385009765625,30.218438843252706,29.700020246920168,30.060657650491194,1956500
2014-06-27,30.301095962524414,30.33866183436769,30.038129127436843,30.068182971348392,1820700
2014-06-30,30.29357147216797,30.338652223754703,30.000553752082684,30.218439752281473,2335800
2014-07-01,30.6767520904541,31.029874629288575,30.30108774175547,30.391246382937513,3299500
2014-07-02,30.398767471313477,30.83453962144024,30.353689570329593,30.744378087287707,2614900
2014-07-03,30.90966033935547,30.947226198803616,30.624154648585098,30.65420848258016,2025200
2014-07-07,30.594104766845703,30.827014823347902,30.549024014252637,30.827014823347902,1790500
2014-07-08,30.15833282470703,30.60913175337958,30.090713128710725,30.488919278951858,3291700
2014-07-09,30.188385009765625,30.443836862223183,30.165846067695973,30.293570560879093,2245000
2014-07-10,29.895368576049805,30.09071276988108,29.5798090431329,29.69250949047996,2329300
2014-07-11,29.850296020507812,29.970508526511246,29.56479024396507,29.797703228262073,2542200
2014-07-14,29.88033676147461,30.188381352166473,29.82774399228997,30.053141983951413,2193500
2014-07-15,30.1433048248291,30.203412492930497,29.835260191037882,29.962987552707656,2752100
2014-07-16,29.677490234375,30.248498911981155,29.632409470580235,30.24098688439478,2065200
2014-07-17,28.98626136779785,29.587323728577992,28.87356092123658,29.549757868421374,4600700
2014-07-18,29.264244079589844,29.429534391788188,28.963711549262744,29.068897075050042,3353500
2014-07-21,29.14403533935547,29.23419396345941,28.948688310024117,29.181601193891197,2184800
2014-07-22,29.023815155029297,29.399479332514723,28.978734421938565,29.25672511077252,3055900
2014-07-23,29.016305923461914,29.083925603235972,28.843500712059498,29.023820813487244,3834200
2014-07-24,29.369447708129883,29.4596063763638,29.091456809188067,29.144049604498885,4025000
2014-07-25,29.391971588134766,29.459591271161777,29.151546685392262,29.226681258806117,2141500
2014-07-28,29.06890106201172,29.504673004145502,28.94117658206348,29.452080234038462,3850100
2014-07-29,29.08393096923828,29.2943049373999,29.053877135773575,29.053877135773575,1428900
2014-07-30,29.354412078857422,29.549759145862993,29.144040960012845,29.301819299146278,3251800
2014-07-31,28.873567581176758,29.33187863263862,28.858540660429735,29.023833922554886,3046700
2014-08-01,28.44529914855957,28.911122043565747,28.30254489083038,28.74582884665445,2087600
2014-08-04,28.392711639404297,28.640648614609873,28.12223285474987,28.50540922228266,3393200
2014-08-05,28.355148315429688,28.588058393872057,28.219908911002367,28.26498680175032,3607600
2014-08-06,28.512928009033203,28.640652526960977,28.114721803411367,28.114721803411367,3810000
2014-08-07,28.257469177246094,28.655672419121007,28.152283631550166,28.625618587181837,2720900
2014-08-08,28.42276382446289,28.430275849782063,28.2199047477495,28.37016818286344,2493300
2014-08-11,28.512928009033203,28.715787125234844,28.377688598232105,28.625625607306205,2103600
2014-08-12,28.415250778198242,28.625621893891267,28.2724993591339,28.43027769590367,1684500
2014-08-13,28.633136749267578,28.738322306979924,28.47535841269906,28.482870438496445,1418300
2014-08-14,28.565523147583008,28.798436122278115,28.565523147583008,28.648169779445535,2898000
2014-08-15,28.407743453979492,28.813458834807534,28.212396357569723,28.715788152694618,4038300
2014-08-18,28.88858985900879,28.941182640124723,28.625623087337523,28.625623087337523,1153200
2014-08-19,28.911128997802734,29.053880423778182,28.843509297900336,28.963721779272195,1283900
2014-08-20,28.858535766601562,28.948694409702515,28.693242532506822,28.911128547251415,2176200
2014-08-21,29.211660385131836,29.316845943572826,28.66319078319561,28.9036157356583,2422500
2014-08-22,29.279277801513672,29.422029210265567,29.083930751546564,29.20414321841429,2406500
2014-08-25,29.31684112548828,29.497158377155255,29.226682499654796,29.444565606578134,2471300
2014-08-26,29.5272216796875,29.572302440110995,29.22669187514007,29.324362556919706,2733600
2014-08-27,29.339380264282227,29.60985900970699,29.31684132419385,29.5422393233508,1189300
2014-08-28,29.10647201538086,29.279277254141938,29.008798492223296,29.264250337802988,2416200
2014-08-29,29.264244079589844,29.294297905840676,29.02381920176441,29.18159749044536,1062300
2014-09-02,29.564790725708008,29.707545049351594,29.35441955329716,29.45209311167031,1794900
2014-09-03,29.482145309448242,29.797702050449676,29.429549653189227,29.775163102118746,3356600
2014-09-04,29.437055587768555,29.82023192323832,29.38446281360783,29.647426684411467,3786800
2014-09-05,29.467105865478516,29.489644804230753,29.15906128280407,29.339378525003756,2484400
2014-09-08,29.60235023498535,29.609862260475847,29.361925294010337,29.407003179136044,2571600
2014-09-09,29.301820755004883,29.572299559010364,29.211662109033615,29.519706776686153,2142900
2014-09-10,29.684986114501953,29.760120679956323,29.286782948910922,29.331863688183546,2532200
2014-09-11,29.92542266845703,29.970500554910792,29.504677576309334,29.54224343705129,2982400
2014-09-12,30.053150177001953,30.225955446588706,29.82023723133716,30.01558431249905,8176500
2014-09-15,29.760129928588867,29.993039988652953,29.707537149471722,29.98552796281829,2935500
2014-09-16,29.579811096191406,29.91039756943917,29.474625533282257,29.70002357752924,3596200
2014-09-17,29.684986114501953,29.978006620638084,29.45958815032006,29.594827502047316,4150500
2014-09-18,30.210920333862305,30.376213532154896,29.7976902042218,29.7976902042218,6164800
2014-09-19,29.92875862121582,30.502137031519254,29.891037039005074,30.313526242493275,5690600
2014-09-22,29.491193771362305,29.928769463882993,29.46856138943099,29.78542624836253,3557500
2014-09-23,29.106414794921875,29.559079482201163,29.098868752616482,29.423279500423,4519900
2014-09-24,29.1743221282959,29.21204659709486,28.94044653839059,29.106424991592732,3716500
2014-09-25,28.736751556396484,29.091340904163424,28.6537623151767,29.076251689580427,3929500
2014-09-26,28.83483123779297,28.895185220716836,28.6462203644489,28.789563592119922,2343700
2014-09-29,28.736751556396484,28.83483001219927,28.510419093598326,28.608494671427703,2831200
2014-09-30,28.563213348388672,28.819724091661012,28.540580978620206,28.721645692711423,2027400
2014-10-01,28.223726272583008,28.68393718738904,28.15582625436617,28.4500587073148,5748700
2014-10-02,28.472692489624023,28.608489641046265,28.057746356487257,28.223724809741963,3984900
2014-10-03,28.676389694213867,28.917814207441364,28.653757315275282,28.72920337502541,3105500
2014-10-06,28.427412033081055,28.8197227324047,28.397233622831944,28.797087485732064,2583300
2014-10-07,27.952125549316406,28.450058045329506,27.94458238212252,28.291625632501013,5497100
2014-10-08,28.480226516723633,28.533037302543374,27.8917618301768,27.921937366379524,5725500
2014-10-09,27.786155700683594,28.46515312913514,27.771066485210415,28.46515312913514,4328500
2014-10-10,27.612621307373047,28.080378186188376,27.60507814131524,27.642799727549367,5723400
2014-10-13,27.71824073791504,28.0728270376076,27.52962996306741,27.627705493848318,4935700
2014-10-14,27.952125549316406,28.2991687996949,27.75597154457251,27.808782348848673,5793500
2014-10-15,27.19767951965332,27.574901157590183,26.654482318045673,27.258036363150115,15074300
2014-10-16,27.650346755981445,27.733333097461966,26.556403448410137,26.556403448410137,5838000
2014-10-17,27.688064575195312,28.02001852985621,27.51454299357901,28.02001852985621,4160100
2014-10-20,27.740877151489258,27.876677159401893,27.597533977791453,27.657887937990154,1915200
2014-10-21,28.43496322631836,28.51795243895268,27.92948766277828,28.095466088046923,4103100
2014-10-22,28.208637237548828,28.70656974828431,28.20109407013191,28.578315756385248,3640200
2014-10-23,28.427412033081055,28.75182274833,28.382144417707387,28.502855180732233,3346900
2014-10-24,28.419879913330078,28.57831520576342,28.276536711385926,28.374615153754565,1459700
2014-10-27,28.600954055786133,28.608497224764164,28.14074304283733,28.193553859604535,989600
2014-10-28,29.378019332885742,29.385565377105355,28.676386875038045,28.706565295971256,2561600
2014-10-29,29.694883346557617,29.78541572025612,29.11396176587871,29.37047255633469,5950400
2014-10-30,29.702434539794922,30.177734666626748,29.42329129996108,29.528912910818583,2436700
2014-10-31,30.238088607788086,30.305985741400608,29.928764094365164,30.079653328773897,5516700
2014-11-03,30.16264533996582,30.464423836681025,30.01930213691127,30.23809140313114,2620600
2014-11-04,30.034381866455078,30.117368192775178,29.74014662997205,29.95139266216285,4564100
2014-11-05,30.24562644958496,30.33615882310259,30.03438328538641,30.253169614889654,2093100
2014-11-06,30.456871032714844,30.471960241999472,30.14754943731097,30.321071027125594,2403000
2014-11-07,30.487049102783203,30.517227521007488,30.260716722045814,30.41914910076475,2686000
2014-11-10,30.645484924316406,30.72093097835297,30.434241728959407,30.464420150574032,1749300
2014-11-11,30.562496185302734,30.67566382915393,30.50214221909544,30.668120662617792,899600
2014-11-12,31.022706985473633,31.060428574022215,30.517231367382667,30.517231367382667,2622700
2014-11-13,30.668136596679688,31.01517999710795,30.630412110480513,30.932190732228534,2214200
2014-11-14,30.57004165649414,30.7963740619791,30.47196322552734,30.58513086725616,2168000
2014-11-17,30.328622817993164,30.55495524420752,30.2682659694171,30.479512061460383,1612400
2014-11-18,30.35880470275879,30.52478029931597,30.313537061166866,30.328626275030842,842900
2014-11-19,30.057016372680664,30.40405954437891,29.815594785588637,30.40405954437891,2681800
2014-11-20,30.298444747924805,30.298444747924805,29.883501482018552,29.913679906659404,1651300
2014-11-21,30.011760711669922,30.728482593222143,29.943860683355005,30.690760994819072,2943500
2014-11-24,30.404067993164062,30.419157206296898,30.04948155744841,30.12492474513945,2776800
2014-11-25,30.487049102783203,30.517227521007488,30.109827508896764,30.404059891652608,1882400
2014-11-26,30.509693145751953,30.56250395885551,30.351260706441284,30.441793117765457,1585000
2014-11-28,29.913667678833008,30.630386264255364,29.853310854223402,30.54739994737486,2473200
2014-12-01,29.295032501220703,29.958940482786826,29.18186486360445,29.792964926381583,6574900
2014-12-02,29.657163619995117,29.898585216947755,29.355385184818093,29.355385184818093,2517900
2014-12-03,30.07210922241211,30.10228764394536,29.559087568237597,29.589265989770848,4594800
2014-12-04,30.011760711669922,30.049485188046468,29.823149841681097,29.989128328222776,1216000
2014-12-05,30.607770919799805,30.766203355571474,30.223006021786702,30.253181572905067,5780600
2014-12-08,30.494604110717773,30.879371897568326,30.328628501973487,30.532328587134344,5230600
2014-12-09,30.796377182006836,30.80392322713869,30.034390668149165,30.185277035110545,3991700
2014-12-10,29.770328521728516,30.79637175283059,29.770328521728516,30.743560958109676,5467300
2014-12-11,29.90614128112793,30.200373799441884,29.830698078781573,29.830698078781573,2786400
2014-12-12,29.49872589111328,29.853315091089502,29.430825892776816,29.687336677828768,5216300
2014-12-15,29.242216110229492,29.800505324386577,29.136594526517364,29.70997294948651,6510800
2014-12-16,29.302570343017578,29.70242426812178,28.993248784772955,29.11395956657642,6330700
2014-12-17,30.04193687438965,30.04193687438965,29.21205026025775,29.370482688378218,7139500
2014-12-18,30.592676162719727,30.592676162719727,30.22300054622735,30.22300054622735,3848200
2014-12-19,30.440292358398438,30.629833399503866,30.303822577429187,30.629833399503866,2904700
2014-12-22,30.614662170410156,30.614662170410153,30.334139416841502,30.500936417107614,2388500
2014-12-23,30.887615203857422,31.02408211860681,30.54644068656567,30.70565449724605,1684500
2014-12-24,30.82695960998535,31.09989921442522,30.584347270964855,30.834539980256586,719400
2014-12-26,30.917924880981445,31.054394623025768,30.804202024055133,30.94067176609946,758700
2014-12-29,31.221193313598633,31.410734310940942,30.887602199455962,31.024069056749614,3499900
2014-12-30,31.190868377685547,31.33492139735653,30.97100011031028,31.168124381807523,1979100
2014-12-31,30.857271194458008,31.327332000915366,30.857271194458008,31.327332000915366,2480400
2015-01-02,30.493358612060547,31.130216521300568,30.18251147136996,31.122633261288,3325200
2015-01-05,29.644210815429688,30.40237480449097,29.644210815429688,30.356886816133596,4065500
2015-01-06,28.939123153686523,29.841340310014846,28.863307898339578,29.64421601864622,5871700
2015-01-07,29.09834098815918,29.36369728471676,28.90879994999899,29.098340988159183,4348800
2015-01-08,29.727603912353516,29.75035079456281,29.340941620782385,29.340941620782385,2671100
2015-01-09,28.863306045532227,29.82617476589585,28.863306045532227,29.80343076918508,3068300
2015-01-12,28.560035705566406,28.92395696065467,28.46147647063914,28.7799039536338,5128600
2015-01-13,28.43115234375,29.10591789662838,28.21128407150507,28.59794936299324,8096500
2015-01-14,28.03690528869629,28.180955412221522,27.597171658259867,27.991414406030632,6400400
2015-01-15,27.70331382751465,28.097559462734562,27.574424440920545,28.07481257559078,7288300
2015-01-16,28.150638580322266,28.196126582990942,27.559268516126426,27.726065571690253,4854300
2015-01-20,27.908016204833984,28.332586168345088,27.741219209359784,28.09755719344886,5347700
2015-01-21,27.78670310974121,28.143038112178026,27.718468255289014,27.938333548821436,6493900
2015-01-22,29.037687301635742,29.128666192758757,28.052074453330466,28.12788971390518,6128600
2015-01-23,28.74201011657715,29.166583189676917,28.620703937429706,28.93913157312895,4047900
2015-01-26,29.00735092163086,29.068005424756393,28.423567235960014,28.658596205156723,2525900
2015-01-27,28.673755645751953,28.93153146207904,28.499378312966783,28.64342839861571,2818100
2015-01-28,27.885263442993164,28.87087868981495,27.854939089251463,28.802643832606755,5666000
2015-01-29,28.26434898376465,28.287095867209814,27.74879730554871,27.98382915337724,7111400
2015-01-30,27.93834686279297,28.362919814176735,27.885275605390827,27.945930123659913,4214100
2015-02-02,28.73442268371582,28.772330313101538,27.915604006584047,28.12788904487744,4719300
2015-02-03,29.34852409362793,29.492577086687707,28.863299656757857,28.91637089878016,4786000
2015-02-04,29.15899085998535,29.477421288839782,29.12866360158654,29.151410491468923,4567700
2015-02-05,29.856508255004883,29.901996257921287,29.295465450977378,29.295465450977378,5187500
2015-02-06,30.326566696166992,30.584342628771083,30.076371132683562,30.167352915132142,6723100
2015-02-09,29.93231773376465,30.23558452468214,29.871666110881026,30.174930009632057,3632400
2015-02-10,30.05362319946289,30.28865510177511,29.7048684222252,30.28865510177511,2680800
2015-02-11,29.894411087036133,30.061208116720294,29.697286798833655,30.061208116720294,3525200
2015-02-12,30.478200912475586,30.500944912604613,29.96264903366073,30.137026449705925,3253700
2015-02-13,30.584339141845703,30.720808907792858,30.364470864245686,30.493360261936417,2536600
2015-02-17,30.857271194458008,30.857271194458008,30.402371120838783,30.60707572014257,5734000
2015-02-18,30.265907287597656,30.826949953440405,30.15976478404624,30.652572570153602,3654000
2015-02-19,30.21284294128418,30.356895993742775,29.879251726424478,30.091536782047292,4123500
2015-02-20,30.470609664916992,30.485773291751045,29.750356189379104,30.205253425736306,4637100
2015-02-23,30.387210845947266,30.387210845947266,30.152178993093692,30.288648728019535,1422400
2015-02-24,30.554018020629883,30.80421360583509,30.341732960819666,30.440295120945994,2881400
2015-02-25,30.493358612060547,30.607081482752445,30.417540472766323,30.546429863483358,1629200
2015-02-26,30.644990921020508,30.6601545497773,30.38721790865448,30.38721790865448,2538000
2015-02-27,30.485769271850586,30.690473868868494,30.44786165584706,30.546423771188802,2503500
2015-03-02,30.705646514892578,30.804208659191463,30.372055347021856,30.5540131141635,2913800
2015-03-03,30.584339141845703,30.766299793830726,30.478196633257127,30.660154393075704,2188400
2015-03-04,30.37963104248047,30.523681160323182,30.311396167256845,30.523681160323182,1631800
2015-03-05,30.554018020629883,30.576764914300284,30.09912063756027,30.318988959316297,1946500
2015-03-06,30.78903579711914,31.25151622918275,30.652566066603136,30.728381298149497,5464700
2015-03-09,31.05440330505371,31.152965455678093,30.75871974534732,30.789047005872785,3717400
2015-03-10,30.432708740234375,30.81179081799946,30.417545110063763,30.79662718782885,3709400
2015-03-11,30.72080421447754,30.73596784084023,30.409957104457337,30.4857723441048,2187100
2015-03-12,31.524465560913086,31.554789927727146,30.849697063343093,30.849697063343093,7649700
2015-03-13,31.35008430480957,31.516881331912742,30.917931000193644,31.46381007641019,4254000
2015-03-16,31.289419174194336,31.55477533716097,31.206020696643318,31.45621612929637,3988700
2015-03-17,31.46380615234375,31.47138651982735,31.046816528757965,31.16812265365867,3527400
2015-03-18,31.16054916381836,31.706428343104847,30.933100469838013,31.463816017236866,10863700
2015-03-19,31.008907318115234,31.1453770631566,30.705640575319748,31.084722557731105,5299300
2015-03-20,31.49139404296875,31.51422399355505,31.027165693737647,31.118488399179295,3920900
2015-03-23,31.27070426940918,31.597947207568687,31.14132773653114,31.460961656567157,3475900
2015-03-24,31.1261043548584,31.331579742976146,31.04239065438984,31.25547796242119,3455100
2015-03-25,30.616214752197266,31.209816800547607,30.585772877128786,31.194598766110364,4729000
2015-03-26,30.836917877197266,30.859747834826663,30.281366651135514,30.54772583380301,7428500
2015-03-27,30.66948890686035,30.951069014845924,30.448789650529697,30.760811635891336,2056800
2015-03-30,31.194591522216797,31.34679505602105,30.79124402896583,30.852127764964585,2339600
2015-03-31,31.07284164428711,31.141331525022654,30.913023213277754,31.011957879503033,3547900
2015-04-01,31.034778594970703,31.088050421739077,30.722756651143026,30.874963114665587,2871500
2015-04-02,31.209823608398438,31.316370194379292,30.99673624263198,30.99673624263198,2101900
2015-04-06,31.06522560119629,31.217432089867902,30.585776177964767,30.852138258914415,3705700
2015-04-07,31.118499755859375,31.33158711402149,30.958684237237787,31.01195607677832,1600300
2015-04-08,31.17938232421875,31.33158591531284,31.050005788071882,31.12611048671634,2587700
2015-04-09,31.133712768554688,31.217426467401545,30.829299846038257,31.16415464142569,2811900
2015-04-10,31.194591522216797,31.23264240566786,30.97389233386578,31.13370778621804,2512300
2015-04-13,31.506629943847656,31.57512273123811,30.989129528697077,31.225046871743654,2688400
2015-04-14,31.33918571472168,31.45334126698426,31.08804466098251,31.36962758240454,4730600
2015-04-15,31.765369415283203,31.925184897480143,31.27830814562604,31.362021846709254,5105100
2015-04-16,31.757761001586914,31.87191658895792,31.407688124858375,31.765372922396814,3601600
2015-04-17,31.202211380004883,31.658827946278215,31.11088864736968,31.658827946278215,4093600
2015-04-20,31.41529655456543,31.63599580436667,31.20220922543161,31.41529655456543,2315400
2015-04-21,31.40768814086914,31.681659228221463,31.33919536903106,31.559894623075675,2616200
2015-04-22,31.628381729125977,31.727313457205366,31.11849054053863,31.453345322027833,4512900
2015-04-23,31.559890747070312,31.66643440060065,31.369633393452762,31.468565127104174,1795900
2015-04-24,31.28592872619629,31.61317170114737,31.20221500193936,31.51423703583485,2826700
2015-04-27,31.0576114654541,31.567499779922226,30.85213317507093,31.36963340942185,3142300
2015-04-28,31.49139404296875,31.52183300938499,30.973893873638648,30.98150288946859,4122000
2015-04-29,31.605554580688477,31.864304729879812,31.407688185705545,31.460960019089303,6175300
2015-04-30,31.28592872619629,31.719715385438853,31.20221500193936,31.597950760091777,5642600
2015-05-01,31.049997329711914,31.514225704141246,30.96628363555625,31.42290299374262,3487500
2015-05-04,31.40007972717285,31.47618442832495,31.050006811165733,31.050006811165733,2426100
2015-05-05,31.278316497802734,31.575120490833612,31.148942854743684,31.3468092803333,3998300
2015-05-06,31.483774185180664,31.49899511609895,31.103259621510766,31.45333522643983,3864400
2015-05-07,31.384864807128906,31.575122224258912,31.202216409321068,31.331590059482533,2380100
2015-05-08,31.552276611328125,31.613160353696458,31.278305576863886,31.483783852712065,3013800
2015-05-11,31.788196563720703,31.86429833811852,31.476174643735085,31.620769176329578,3635900
2015-05-12,31.879535675048828,31.986079375259177,31.407698044218098,31.76538295472264,5520000
2015-05-13,32.001277923583984,32.06216165429569,31.69686797931365,31.909955230612493,3649300
2015-05-14,32.168724060058594,32.168724060058594,31.97846664515626,32.13828217693076,5534600
2015-05-15,31.719701766967773,32.123046370928016,31.51422350558338,32.0241146511883,5039200
2015-05-18,32.25244140625,32.28288038969572,31.68927811758191,31.89475649710548,3746600
2015-05-19,32.602508544921875,32.6101175636441,32.32092840263851,32.34375836190275,5458200
2015-05-20,32.43507385253906,32.65577308642376,32.24481649293438,32.594892240960654,5113000
2015-05-21,32.32854080200195,32.518798224026284,32.16872526424501,32.36659170578724,2583300
2015-05-22,32.14589309692383,32.44269419042131,32.12306023374102,32.38181042606404,2152100
2015-05-26,31.940414428710938,32.115450894848045,31.689273257885315,32.09261803189268,3767100
2015-05-27,32.336143493652344,32.35136152834389,31.841473176362967,32.08500237478625,3203800
2015-05-28,32.358978271484375,32.358978271484375,32.10783711518886,32.2676555342394,2744000
2015-05-29,32.06978225708008,32.36658329380463,31.8795248845031,32.29809052355303,3268800
2015-06-01,31.932802200317383,32.320928932760836,31.71971483542928,32.19155238758048,3454900
2015-06-02,32.343753814697266,32.46551841881695,31.89474629267523,31.970848081588596,4229200
2015-06-03,32.88408279418945,32.92974560763246,32.46551716513488,32.564451809379534,6210200
2015-06-04,32.59488296508789,32.85363011354279,32.46550648776435,32.77752835259677,3309300
2015-06-05,33.21133041381836,33.21133041381836,32.72427194700962,32.92975028202533,6717100
2015-06-08,33.21894454956055,33.409201957282896,33.18850266758154,33.20372360857104,4944000
2015-06-09,33.576629638671875,33.713615217276846,33.06674113182952,33.24938663457087,5491400
2015-06-10,34.06367111206055,34.22348947573689,33.683156451767616,33.80492102693749,5612000
2015-06-11,34.04846954345703,34.13218037059622,33.76688646846003,34.094129466787884,6796200
2015-06-12,33.99518966674805,34.05607342613629,33.804932273305944,33.926699792082424,3370500
2015-06-15,33.8734245300293,34.0789028601578,33.454858851514516,33.64511624203009,4168700
2015-06-16,34.23871994018555,34.23871994018555,33.744049582884514,33.82776329594444,5004100
2015-06-17,33.6527214050293,34.4365807675426,33.553786768962624,34.36808800458826,9709300
2015-06-18,33.9343147277832,34.01041653719139,33.43203523763452,33.77449918616725,7377400
2015-06-19,33.867820739746094,33.99008712485108,33.79904571593326,33.79904571593326,4549600
2015-06-22,34.295745849609375,34.333953538693436,34.14291217821331,34.21932755638143,4090800
2015-06-23,34.670196533203125,34.71604752401723,34.34160505335399,34.34924834268672,5349200
2015-06-24,34.49443817138672,34.754254618003564,34.42566314389812,34.50972183472426,2814000
2015-06-25,34.52500915527344,34.76954196445594,34.34160809085605,34.54793319517773,4133500
2015-06-26,34.66254425048828,34.86122597897002,34.55556155707044,34.738959627198234,3700900
2015-06-29,33.74554443359375,34.471502157065075,33.68441271654401,34.21168580071933,5961600
2015-06-30,33.74554443359375,34.31102812036733,33.58507039689601,34.17347811318078,5064500
2015-07-01,34.17348098754883,34.31867137843133,33.906021322163234,34.204045391114654,3767200
2015-07-02,33.57744598388672,34.1505703642914,33.409331481209726,34.06651457048357,5400200
2015-07-06,33.56980514526367,33.577445520936735,33.08837985614423,33.11130681328603,4609300
2015-07-07,33.11130142211914,33.42460924480554,32.66044353922303,33.371114963558796,6316500
2015-07-08,32.843833923339844,32.95845991814408,32.66043582972524,32.79034256978057,4168000
2015-07-09,33.29469299316406,33.44752668715325,33.057800621727814,33.241201637526885,3909400
2015-07-10,33.75320053100586,33.86782656208655,33.5392350490537,33.73027649081415,6420100
2015-07-13,34.01301574707031,34.15820910306301,33.875468595959745,34.05886674081447,3683900
2015-07-14,34.09707260131836,34.119999554481396,33.73791670578647,33.88310713886865,3402900
2015-07-15,34.249908447265625,34.38745851452862,34.07415067577646,34.135282419526135,3779600
2015-07-16,34.3492546081543,34.616711482370036,34.280479566918636,34.44095369144808,5255300
2015-07-17,33.967159271240234,34.29575069085536,33.69205920690569,34.23461604764314,3247300
2015-07-20,34.15055465698242,34.20404600801231,33.867814242244435,33.99772389121702,2781500
2015-07-21,33.99008560180664,34.57849346471512,33.92895386952365,34.280469346567024,2912500
2015-07-22,34.4103889465332,34.55558233065086,33.83726453148735,33.83726453148735,3308400
2015-07-23,33.89075469970703,34.60907247321077,33.82197965575585,34.532654138230896,4351000
2015-07-24,33.46281433105469,33.93659621526003,33.42460663177469,33.93659621526003,4953900
2015-07-27,33.19535446166992,33.32526413672991,32.92789765281197,33.17243042521369,5292700
2015-07-28,33.2411994934082,33.42460049737757,32.91260809279729,33.378749517620214,4301800
2015-07-29,33.31761932373047,33.409321295481575,33.04252215365851,33.36347030960602,9504800
2015-07-30,33.394039154052734,33.45517088960986,33.103655393739764,33.30998046698367,1839000
2015-07-31,33.332908630371094,33.455175031683694,33.09601911754971,33.30998459108152,3609200
2015-08-03,33.34056091308594,33.47046772418103,33.019609701157464,33.37876862722792,5865000
2015-08-04,33.409339904785156,33.715004569032125,33.31763788195519,33.386412941546624,3882600
2015-08-05,33.692073822021484,34.01302209292751,33.47810830808414,33.73028153307294,2909600
2015-08-06,33.49338912963867,33.852545081079256,33.30998805108888,33.768486374871486,3793400
2015-08-07,33.28705596923828,33.71498685738964,32.99667221294947,33.439886763543456,3472800
2015-08-10,33.76083755493164,33.799045253179976,33.455170138823895,33.577436522254885,2141900
2015-08-11,33.28705596923828,33.63092817148547,33.06544723641101,33.58508009921813,3565700
2015-08-12,32.683372497558594,33.096022740306,32.232514546792636,32.98903707676828,6154600
2015-08-13,32.80563735961914,32.950827809242526,32.52289683558997,32.86676910654331,3944500
2015-08-14,33.21828079223633,33.24120482826404,32.782706617346676,32.874405676518045,3130000
2015-08-17,33.27178192138672,33.50867147005035,32.790356618037784,33.13423183471559,4163600
2015-08-18,33.279422760009766,33.54688256117194,33.08074091820084,33.40168918152174,3322600
2015-08-19,32.775062561035156,33.21828001426086,32.775062561035156,33.13422133071389,5344300
2015-08-20,31.934484481811523,32.48468178942861,31.926841192573928,32.431190425008346,6326600
2015-08-21,31.544763565063477,31.949773424821526,31.361365403905413,31.60589822882364,7118900
2015-08-24,30.085201263427734,31.025124676840242,26.75343851438529,29.909443511169524,8924000
2015-08-25,29.46622657775879,30.97163082712621,29.412735218977534,30.490208598094913,6927100
2015-08-26,30.45964241027832,30.497850108681,29.603777722804026,30.146334619279482,7395400
2015-08-27,31.032766342163086,31.315506805779407,30.62775949576183,30.971631693240365,9778100
2015-08-28,31.101543426513672,31.26201751798351,30.71946059059842,30.71946059059842,3588700
2015-08-31,31.384279251098633,31.514188911861346,30.879930099143937,30.93342145502851,3195500
2015-09-01,30.15398406982422,31.025132681903003,30.00115031514727,31.025132681903003,7275600
2015-09-02,30.67361068725586,30.688894351041068,30.19218548073467,30.505493300679394,3990800
2015-09-03,30.879928588867188,31.116820949813096,30.589544874652866,30.589544874652866,3768600
2015-09-04,30.681245803833008,30.803512166484637,30.444353450856706,30.551336153794384,2608500
2015-09-08,31.506553649902344,31.55240464450943,31.048055364075527,31.23145351238185,2604200
2015-09-09,31.33078384399414,31.91919159770073,31.300216525995385,31.83513293073409,3708000
2015-09-10,31.598241806030273,31.781642806027726,31.177951370066943,31.30021773171191,2385200
2015-09-11,31.598241806030273,31.636452412530573,31.29257735944785,31.560034114589968,1963700
2015-09-14,31.689966201782227,31.881007709311536,31.498924694252914,31.58298342397574,3186800
2015-09-15,32.1102409362793,32.23250732357586,31.743441774389602,31.80457351050758,2242200
2015-09-16,32.17901611328125,32.22486418682109,31.819857323562548,32.19429977614807,2558500
2015-09-17,31.422500610351562,32.499974399669874,31.26966684919447,32.163742457173484,10090600
2015-09-18,30.733226776123047,30.948143504005323,30.549010346494796,30.917440277730478,8074800
2015-09-21,31.18608283996582,31.362621963489627,30.856030543980374,31.04024400851816,2928200
2015-09-22,30.917434692382812,31.063273526831594,30.687166392961924,30.76392444478241,3986600
2015-09-23,31.132347106933594,31.33958940687259,30.85602404034827,30.95580802061955,3967400
2015-09-24,31.316564559936523,31.36261938629657,30.779269964482562,30.817650450459265,5172600
2015-09-25,31.608247756958008,31.938300114433474,31.531492620437525,31.800138526279987,5912300
2015-09-28,31.18608283996582,31.49310625686887,31.101650448710906,31.377973573537812,7069000
2015-09-29,31.216785430908203,31.377975884274434,31.06327517516199,31.201436747749938,4864100
2015-09-30,31.608247756958008,31.63895098277451,31.324250238207295,31.41635698763603,4732600
2015-10-01,31.585216522216797,31.715700818095648,31.170731827036406,31.623594084062322,3460800
2015-10-02,31.063276290893555,31.086302244478446,30.111496859770607,30.702520735287354,10218500
2015-10-05,31.846189498901367,31.876889792970104,31.285865943845767,31.362623999068653,4388500
2015-10-06,31.761754989624023,31.992023283936206,31.585215866384008,31.853861721744853,3379400
2015-10-07,32.3527717590332,32.3527717590332,31.853854789911097,31.976664715353827,3731200
2015-10-08,32.62142562866211,32.644451580374664,32.114834194843695,32.26067010239041,4371300
2015-10-09,32.222293853759766,32.80564336376785,32.15321306778566,32.62910130004036,3094900
2015-10-12,32.4755859375,32.53698944425302,32.03039806945577,32.22228878609139,3976200
2015-10-13,32.222293853759766,32.64445291114799,32.19926790110854,32.26834868708264,4176000
2015-10-14,31.316564559936523,32.26834380857096,31.201431886066377,32.10715630834077,5064500
2015-10-15,31.892250061035156,31.915278947863325,31.239822518654144,31.60825249967155,5257000
2015-10-16,31.90760612487793,32.05344209769014,31.68501206530538,31.938309359582064,3198000
2015-10-19,31.969005584716797,32.191596667462086,31.7924634878877,31.853869943831906,3153100
2015-10-20,32.37580108642578,32.452556199836565,31.915264549921304,32.04574882832361,2523300
2015-10-21,31.792463302612305,32.567703700274656,31.792463302612305,32.4986229017505,4082900
2015-10-22,32.3527717590332,32.67514671531302,31.899909609959465,31.899909609959465,3972500
2015-10-23,33.112667083740234,33.14337030621685,32.46791405183342,32.659804800281634,4982500
2015-10-26,32.9284553527832,33.15104640750285,32.690509757989766,33.12034611141709,2654100
2015-10-27,32.521644592285156,32.936129329056605,32.314402223899435,32.629102947443556,2935900
2015-10-28,33.79578399658203,33.81881286812585,32.583036479974076,32.65979157706877,8106000
2015-10-29,33.6115837097168,34.14120111360671,33.565528876674904,33.849526360382214,8022200
2015-10-30,32.87472915649414,33.703695786412844,32.68283838045489,33.703695786412844,8744500
2015-11-02,33.48876953125,33.611579475871686,32.94379765697248,33.189420474235895,3423400
2015-11-03,33.603904724121094,33.74974355729587,33.28152969335207,33.51179799076141,3438400
2015-11-04,33.67298889160156,33.818827739438866,33.49644974823796,33.818827739438866,3959600
2015-11-05,34.225650787353516,34.37916404696656,33.62695229568671,33.68068149734799,7100600
2015-11-06,35.25417709350586,35.56120353673056,34.84736954505112,35.307906281867005,9351600
2015-11-09,35.03158187866211,35.499795871066574,34.7936391748652,35.43071507008852,5570300
2015-11-10,35.077632904052734,35.277198014034255,34.701525711215076,34.970174542676475,4358800
2015-11-11,34.79363250732422,35.37697910422406,34.716874449823905,35.33860153948416,3906500
2015-11-12,34.07211685180664,34.70151819906172,34.02606495148366,34.61708581110943,4971100
2015-11-13,33.6115837097168,34.072120328054076,33.46574486909434,33.93395875694881,4864200
2015-11-16,33.98768615722656,34.003037767439125,33.319907217091476,33.51947229381429,3231600
2015-11-17,34.102821350097656,34.58638681777112,33.918604957834354,34.22563130226645,6931500
2015-11-18,34.59406280517578,34.647791978805444,33.92628384147826,34.294713715518974,4481400
2015-11-19,34.455894470214844,34.693839998149066,34.2026002625608,34.693839998149066,3377900
2015-11-20,34.60942077636719,34.82433751038273,34.448233225855525,34.51731402293494,3726000
2015-11-23,34.747581481933594,34.985527094237945,34.62477150449089,34.816662277246415,2463800
2015-11-24,34.916446685791016,35.02390505124139,34.48661029596865,34.578717048066,3569100
2015-11-25,34.97784423828125,35.069950974650226,34.801305106898894,35.02389907047591,3420400
2015-11-27,35.0699577331543,35.10066096053438,34.762934243416254,35.10066096053438,1283200
2015-11-30,35.03924560546875,35.26951387704501,34.93178434591456,35.22345905152178,3867100
2015-12-01,35.116004943847656,35.35395051230857,34.81665586198991,35.23114055749462,3809200
2015-12-02,34.49428176879883,35.307899640693535,34.43287824851617,35.292548028617716,5467300
2015-12-03,33.98001480102539,34.87038777542499,33.89558240144965,34.76292942251788,5386900
2015-12-04,34.55568313598633,34.686167427413274,33.926281773528885,34.11817250422982,5443400
2015-12-07,33.81114196777344,34.59405640323218,33.626928528853625,34.53265289959885,4704400
2015-12-08,33.220123291015625,33.634607983646,33.12034221643518,33.48109480918805,5941200
2015-12-09,32.67515563964844,33.381315099827184,32.45256167398185,33.189424355911925,6701500
2015-12-10,32.77494430541992,33.10499666611407,32.38348549249394,32.75191542182258,4244900
2015-12-11,31.969005584716797,32.452568249182995,31.731059959964476,32.276029080374876,7106200
2015-12-14,31.92293930053711,32.191585128949136,31.56986108947561,31.992020074703046,6188100
2015-12-15,32.69050979614258,32.874726212975176,32.245321830142494,32.306728278426895,7962000
2015-12-16,33.02055358886719,33.220118638096594,32.26066509214399,32.966824424535424,11820400
2015-12-17,32.56770706176758,33.28154107752234,32.45257140966987,33.20478300011678,6173300
2015-12-18,31.9610595703125,32.4936142018735,31.683203955842743,32.4936142018735,7153500
2015-12-21,32.14628982543945,32.30065140111436,31.76809689881595,32.09997958618199,5183400
2015-12-22,32.26978302001953,32.36240056049704,31.760382131005443,32.23890952510752,5212500
2015-12-23,32.740577697753906,32.75601443914164,32.323797457314576,32.532189049662925,4180900
2015-12-24,32.8795051574707,33.07246000685552,32.455005077675565,32.49359545870106,1503700
2015-12-28,32.76372528076172,32.779162017908504,32.28519820623755,32.74828854361493,4045800
2015-12-29,33.10334396362305,33.180527694353124,32.810051675365315,33.003006585803085,3997700
2015-12-30,32.686561584472656,33.18824554364978,32.66340793672116,33.026164120872565,3123300
2015-12-31,32.354671478271484,32.81004509332218,32.34695457887571,32.45500883596271,2853200
2016-01-04,31.559709548950195,31.853001882455185,31.289573810365816,31.714074089966438,7616200
2016-01-05,31.528827667236328,31.814403022662088,31.31271913383992,31.62144813377017,5442400
2016-01-06,31.14291763305664,31.366746008950418,30.84962832422126,30.98083623434373,5324900
2016-01-07,30.2012996673584,30.787881227000028,30.147272534664747,30.4868720750617,8258800
2016-01-08,29.583850860595703,30.556342398507365,29.545257519737074,30.4251315169568,6668600
2016-01-11,29.5221004486084,29.93116390481865,29.31370879801312,29.653308370691615,8960500
2016-01-12,29.668750762939453,29.938889447757074,29.143913086203295,29.908015950476415,7041400
2016-01-13,28.595914840698242,29.90800871511624,28.42611653524982,29.807671345357146,10870600
2016-01-14,28.835180282592773,29.082162315244943,28.287189081661896,28.711689266266685,9073100
2016-01-15,28.294902801513672,28.333493187729342,27.63885740307407,27.90127615130146,12366200
2016-01-19,28.02477264404297,28.67310126995575,27.793224392871153,28.53417349695599,9727100
2016-01-20,27.638866424560547,27.97846605606657,26.843890076595706,27.469065136678186,14040800
2016-01-21,27.237520217895508,28.0016201365847,27.22980037145936,27.73148439649433,7273100
2016-01-22,27.577116012573242,27.785507673435006,27.368724351711478,27.615706406601348,8650500
2016-01-25,26.427106857299805,27.492215884493344,26.40395026505063,27.445908588511777,11983900
2016-01-26,27.098587036132812,27.19892441003967,26.535159072938875,26.535159072938875,11944500
2016-01-27,27.46134376525879,28.071079033471097,26.99053332130707,27.14489489143177,11679600
2016-01-28,27.83953094482422,28.148259942658967,27.669729701589315,27.762350167494496,11876700
2016-01-29,28.294902801513672,28.294902801513675,27.70832127596537,27.847249021747974,7684400
2016-02-01,28.08651351928711,28.248594921430712,27.808658004607793,28.06335987448316,9237000
2016-02-02,27.22979736328125,27.808662123175893,27.04456228889968,27.700607839076905,9583000
2016-02-03,27.422744750976562,27.48449172164918,26.434816774275564,27.33784413843052,13298700
2016-02-04,27.692893981933594,28.032493618469733,27.260673853766804,27.31470100175531,11900500
2016-02-05,27.245227813720703,28.001610571869286,27.183483784615586,27.770065310274045,10617400
2016-02-08,26.504289627075195,26.921072987600134,26.164690006050403,26.75898860677914,12698600
2016-02-09,26.604623794555664,26.82073235046874,26.002602476391978,26.056629615370245,6836300
2016-02-10,26.373069763183594,27.15260907331382,26.373069763183594,26.836163209745663,6756300
2016-02-11,25.385149002075195,25.902269722722146,25.18447717918404,25.740185351021793,12880700
2016-02-12,26.612340927124023,26.697241558902792,25.855958030585064,25.902268269080288,8715200
2016-02-16,27.39958953857422,27.63885461982966,26.704950879611612,27.029116568546645,5887600
2016-02-17,27.391878128051758,27.878122342492095,27.299257658794332,27.600266823235884,5845300
2016-02-18,26.936500549316406,27.5925459179134,26.73582583931096,27.530798947370922,8075500
2016-02-19,27.121746063232422,27.17577321122621,26.704962683629976,26.797583175269683,5417400
2016-02-22,27.662006378173828,27.68516001714466,27.399587674227835,27.399587674227835,6256600
2016-02-23,26.92877769470215,27.592542832523744,26.72038610880998,27.546232609795283,7614500
2016-02-24,26.735836029052734,26.805299925258765,26.018043416343307,26.49657378765541,9973700
2016-02-25,27.16033172607422,27.21435886464611,26.689524224841804,26.81301524790015,4382100
2016-02-26,27.700597763061523,27.97073631930526,26.990525329121677,27.37643502867786,8810600
2016-02-29,27.067712783813477,27.700604612027334,27.052276038703617,27.654297320955834,6603800
2016-03-01,28.194568634033203,28.23316196887601,27.22207724771079,27.22207724771079,6896700
2016-03-02,28.719404220581055,28.750277708635036,28.05563894870983,28.05563894870983,6120800
2016-03-03,29.267396926879883,29.29827041656101,28.65766169909674,28.696252089069134,7143600
2016-03-04,29.61472511291504,29.823116813713025,29.329152609269904,29.522107560646678,7968800
2016-03-07,29.606996536254883,29.69189715246566,29.282830814746255,29.329141044749697,3862300
2016-03-08,28.873760223388672,29.414034328380442,28.796579470214276,29.282823514875567,7943800
2016-03-09,28.6422176361084,29.128464669445925,28.54188029241015,29.097591187653038,5339600
2016-03-10,28.912357330322266,29.08215855994142,28.364366200152055,28.881483844162837,7523300
2016-03-11,29.715051651000977,29.761361882337948,29.151623752227998,29.197933983564972,5558800
2016-03-14,29.56841278076172,29.715057458937736,29.29055722694745,29.64559357048417,3991300
2016-03-15,29.367725372314453,29.421752490710325,29.15161689873097,29.267388033469064,4807200
2016-03-16,29.043577194213867,29.653312541806105,28.796595116750492,29.26740267773726,8133000
2016-03-17,29.39089012145996,29.483507643837324,28.63450436522799,28.966387010026317,6382000
2016-03-18,29.84909439086914,30.09719052322907,29.461443814364344,29.60874996872206,6901500
2016-03-21,29.810338973999023,30.03517708643341,29.523478288416573,29.77932620865495,4546100
2016-03-22,29.818078994750977,29.911117254302436,29.414922075978097,29.569982884358268,4336400
2016-03-23,29.399415969848633,29.71729225659873,29.360651506781704,29.70953758946197,6056900
2016-03-24,29.27536392211914,29.29087029673957,28.81793622220141,29.120306090991953,5283700
2016-03-28,29.24435806274414,29.40717058184332,29.0117653697008,29.275367858616168,3740100
2016-03-29,29.236600875854492,29.32963912806887,28.53107706302493,28.95749203428874,6224600
2016-03-30,29.492456436157227,29.81808149932144,29.35290199264708,29.469195390546084,5433400
2016-03-31,29.18233871459961,29.562237630210987,28.97300702120635,29.32189317686178,4362100
2016-04-01,29.267616271972656,29.29087435835911,28.68614045199969,29.004013781950018,3315900
2016-04-04,29.259859085083008,29.53121323392557,29.019514726437876,29.228846337347168,4064100
2016-04-05,28.616363525390625,29.15132022047468,28.5931054387684,28.856707931463223,5060900
2016-04-06,28.910972595214844,28.94973705048299,28.438038551343716,28.593099329954665,5923200
2016-04-07,28.12016487121582,28.701640564274363,27.957352386968623,28.631863362805806,5481300
2016-04-08,28.329498291015625,28.817935775056974,28.205450253515494,28.399275496955603,4876800
2016-04-11,28.593111038208008,29.042784227018892,28.47681466724439,28.52333380713775,4628300
2016-04-12,29.14357566833496,29.159082049071085,28.53884160732479,28.631876934201806,5584600
2016-04-13,30.252241134643555,30.283253880105963,29.407163044791144,29.407163044791144,7566500
2016-04-14,30.523603439331055,30.903502279155866,30.058423962949515,30.221236483929154,6662300
2016-04-15,30.391813278198242,30.694180329170663,30.26001051178929,30.531367756730116,3859300
2016-04-18,30.709680557250977,30.78720949310433,30.1126982870543,30.19798189101659,4569200
2016-04-19,31.174861907958984,31.174861907958984,30.64765683225902,30.802717670560096,5343800
2016-04-20,31.562509536743164,31.593522292975127,30.981033666320307,31.12058811182493,5713800
2016-04-21,31.345422744750977,31.826108583843936,31.283397239041488,31.593518852511146,5494500
2016-04-22,31.640039443969727,31.73307474929449,31.252388887987667,31.252388887987667,5308900
2016-04-25,31.407440185546875,31.54699459316045,31.105073288230262,31.508230137165214,5058100
2016-04-26,31.82610321044922,31.872622331877228,31.337662786839495,31.469465485449657,6339400
2016-04-27,31.787338256835938,31.926892661395843,31.46946499256911,31.84160908554942,5366200
2016-04-28,31.43071937561035,31.826121787157977,31.298916600067727,31.39970660988972,4136800
2016-04-29,31.283401489257812,31.53925229876144,31.06631810485907,31.190366175592537,4946200
2016-05-02,31.492733001708984,31.547003847530444,31.097330702504156,31.430710445429863,3003200
2016-05-03,30.740690231323242,31.089573365209763,30.477087735306057,30.950018928639544,4989000
2016-05-04,30.182464599609375,30.77169198865691,29.818072226261275,30.469325107597108,5173300
2016-05-05,30.004159927368164,30.438326748446705,29.911124602499857,30.260007810140927,3307000
2016-05-06,30.128202438354492,30.151460525883166,29.73279720513245,29.79482271526105,4024200
2016-05-09,30.050670623779297,30.36079226009831,29.856845340464687,30.04291891376392,3058100
2016-05-10,30.632150650024414,30.725188928128166,30.182477469347692,30.244500030544007,3057500
2016-05-11,30.515853881835938,30.872491702716818,30.43057028172547,30.469334747901357,3194800
2016-05-12,30.3065185546875,30.887994349706418,30.10494158039803,30.66315633248978,7971500
2016-05-13,29.740550994873047,30.647651872187325,29.647515689965203,30.314272158933612,9810400
2016-05-16,30.197973251342773,30.391798493061867,29.756051936826314,29.756051936826314,4062900
2016-05-17,29.996395111083984,30.562364495345346,29.86459535856799,30.050665945359825,5345100
2016-05-18,31.267894744873047,31.34542367176386,29.949882284956317,29.949882284956317,8846000
2016-05-19,30.95000648498535,31.453953187489272,30.647639646498135,31.105067236335625,6216100
2016-05-20,31.20587730407715,31.469479864201997,31.035310071778788,31.12059368792797,4460000
2016-05-23,31.159347534179688,31.337666417337882,30.895745063959158,31.19036028539122,3672600
2016-05-24,31.77182960510254,31.919135707114076,31.30665026161696,31.391933831348215,5168100
2016-05-25,32.30678939819336,32.49286292884252,31.872622755909376,31.934645294433473,8573800
2016-05-26,31.996673583984375,32.37656942914989,31.91138999822188,32.30679221875682,6329300
2016-05-27,32.33780288696289,32.35330926133372,31.9811651490494,32.06644872931969,4619300
2016-05-31,32.291290283203125,32.53938638542499,32.16724223209219,32.52388000934377,5092200
2016-06-01,32.4230842590332,32.48510975229222,31.77183136750512,32.043188464205834,3852700
2016-06-02,32.547142028808594,32.570400116972316,32.13623336437387,32.28353951864275,3624900
2016-06-03,31.93465232849121,31.98892317073063,31.151599492223138,31.864875108820662,8409600
2016-06-06,32.3920783996582,32.593658338071926,31.942405308073397,32.13623057941178,5298500
2016-06-07,32.221519470214844,32.51613180166448,32.20601309105338,32.39208372591216,2553800
2016-06-08,32.30678939819336,32.37656660249449,32.1129641593056,32.17498965536813,2673200
2016-06-09,31.86488151550293,32.06646150509778,31.57802086919915,31.934658749202733,6603800
2016-06-10,31.422956466674805,31.624536433466854,31.244637546844512,31.399698377252392,5622600
2016-06-13,31.043052673339844,31.5469965475753,30.957769090343753,31.174852423396647,4833300
2016-06-14,30.34528350830078,31.17485541937811,30.190222702273296,30.83372401214875,7111100
2016-06-15,30.500343322753906,30.996535519879412,30.29101168505306,30.36854060677688,6956800
2016-06-16,30.066171646118164,30.275503269717564,29.763804731209667,30.213480728024365,10227800
2016-06-17,30.23061752319336,30.51118056786444,29.981228810807504,30.331929643698395,3911400
2016-06-20,30.542356491088867,31.204797772871377,30.511185127093725,30.854093914627505,4554500
2016-06-21,30.65925407409668,30.713807668921305,30.292963103461673,30.62028764535737,3098200
2016-06-22,30.62029266357422,31.072308662335324,30.58132622844888,30.643671930059735,3528100
2016-06-23,31.617841720581055,31.641220982665207,31.04113145422091,31.103477144094605,7285900
2016-06-24,29.32659149169922,30.199452246793776,29.30320924899971,29.85654340767241,9026800
2016-06-27,27.67437744140625,28.975877509210996,27.502924567913873,28.781042401146344,14231400
2016-06-28,28.523866653442383,28.625181770554914,27.94715623622969,28.134196327723508,10179200
2016-06-29,29.256441116333008,29.303199640502243,28.718694304803808,28.975878079526098,6009600
2016-06-30,29.926679611206055,29.965646045811724,29.17851039121461,29.622734286205695,7411500
2016-07-01,29.607147216796875,29.903294469412064,29.349963422056835,29.622731410767692,6155800
2016-07-05,28.718698501586914,29.287619727666346,28.492691998196634,29.1785095517817,5105800
2016-07-06,28.929121017456055,28.99926178741088,28.173162688996666,28.48489713205829,4901400
2016-07-07,29.342166900634766,29.521414833751827,29.046016719727266,29.170711063328163,5962100
2016-07-08,29.801992416381836,30.074760497283243,29.677298011834175,29.770818072007643,5017900
2016-07-11,30.191650390625,30.33192893674307,30.08254023016979,30.090335299533393,5238100
2016-07-12,30.8852596282959,30.978779640067003,30.51117660826389,30.659250207980442,4987800
2016-07-13,30.900848388671875,30.963194075424035,30.67483895668137,30.85408689389696,3849400
2016-07-14,31.384042739868164,31.59446503462643,31.27493554398198,31.59446503462643,8128000
2016-07-15,31.446392059326172,31.695780813795665,31.329492752952103,31.695780813795665,4383700
2016-07-18,31.282737731933594,31.500952194095856,31.235979188869724,31.235979188869724,4224600
2016-07-19,31.32169532775879,31.5243255336271,30.75277708857939,31.134655262439985,3677400
2016-07-20,31.17361831665039,31.407419859435684,31.02554469990755,31.407419859435684,3963300
2016-07-21,30.963191986083984,31.337275000197685,30.885259139665617,31.259342153779322,4671100
2016-07-22,31.243751525878906,31.32947943120288,30.776148553317284,31.00215497205199,3097800
2016-07-25,31.14244842529297,31.306109231283568,31.072307655161516,31.18141485915525,2275200
2016-07-26,31.313886642456055,31.352853054343356,31.0177365608086,31.111256543927446,3945900
2016-07-27,31.39181900024414,31.758109807030106,31.313886177626397,31.360647654965014,7603300
2016-07-28,31.39181900024414,31.516513300200508,31.056702511683923,31.28271185940065,3192200
2016-07-29,31.25155258178711,31.56328996818295,31.165827624828896,31.228173318339238,3394800
2016-08-01,30.924230575561523,31.485356674162006,30.885264146036047,31.360662315911675,3252400
2016-08-02,30.651453018188477,31.041123137577923,30.511171537372512,30.98656658575209,4321600
2016-08-03,31.080095291137695,31.111266647002125,30.51117716858198,30.581317921935295,2935500
2016-08-04,31.119060516357422,31.274929181462937,30.986571110486107,30.986571110486107,3466200
2016-08-05,32.19457244873047,32.21795172351479,31.45419802674901,31.87504281056367,7245500
2016-08-08,32.10883331298828,32.45174210670974,32.04648463797613,32.29587339212782,2939500
2016-08-09,32.18675994873047,32.26469577739828,32.023099167949894,32.06986066515058,2699700
2016-08-10,31.765918731689453,32.140004802719425,31.719160202521852,32.108830467975565,8717200
2016-08-11,31.84385871887207,31.95296593174773,31.680197899558586,31.804892281837706,5108300
2016-08-12,31.69576644897461,31.71135361068326,31.39961929535156,31.446377807530403,2639300
2016-08-15,32.171173095703125,32.225726689826914,31.828264365075313,31.921784387437825,2915600
2016-08-16,32.085445404052734,32.25690125709233,31.937371786485404,32.03868687900407,3917200
2016-08-17,32.18675994873047,32.33483653672536,31.98413274008993,32.023099167949894,3959700
2016-08-18,32.32704544067383,32.389394111271294,32.12441820712855,32.15558956947904,2903200
2016-08-19,32.3816032409668,32.42056967867016,32.16338881146906,32.264703927856715,2805500
2016-08-22,32.3893928527832,32.475117812101516,32.077655457804894,32.178970557115065,2032300
2016-08-23,32.47511291503906,32.646568753717375,32.45952872329347,32.45952872329347,2165000
2016-08-24,32.44394302368164,32.662157393346064,32.24910791563902,32.52187587771956,3797300
2016-08-25,32.599830627441406,32.64658917782627,32.366025983718934,32.3738210574161,3113800
2016-08-26,32.81802749633789,32.997275446749974,32.57643088163572,32.732299569412994,10798200
2016-08-29,33.067420959472656,33.21549459901824,32.833619380682855,32.8803779126718,6257100
2016-08-30,33.418128967285156,33.433716137534745,33.12197867844051,33.14535794734052,6383300
2016-08-31,33.527225494384766,33.56619192110812,33.114176019811175,33.511638329105864,10472700
2016-09-01,33.29343032836914,33.729859147852935,32.989487979671964,33.605164774722084,7659300
2016-09-02,33.58177185058594,33.58177185058594,33.11416888476362,33.49604394649751,4481300
2016-09-06,32.973899841308594,33.59737168862009,32.8414104014715,33.58178452081877,8670900
2016-09-07,33.231075286865234,33.24666245213798,32.771264316636426,32.96609942312409,4030900
2016-09-08,33.32460021972656,33.503851160322306,33.09859372231341,33.38694889001173,4122700
2016-09-09,33.09080123901367,33.49605870870463,33.05962690143395,33.441505104414354,6462900
2016-09-12,33.30120849609375,33.35576207570941,32.56083466466358,32.87257195356485,6227000
2016-09-13,32.81802749633789,32.950513948532404,32.381595765151125,32.94272185197012,6068000
2016-09-14,32.529666900634766,32.97389065388059,32.498492573718146,32.83360915570323,11019100
2016-09-15,32.856990814208984,32.89595723922705,32.443941357711694,32.467320618133,5519900
2016-09-16,32.56966781616211,32.71842542740844,32.38959548531415,32.60098552238458,5352800
2016-09-19,32.69492721557617,32.98461144343269,32.5226858490513,32.73407583156008,5497400
2016-09-20,32.64795684814453,32.984614669516674,32.60098029634131,32.984614669516674,2824000
2016-09-21,32.79670715332031,33.03158390833229,32.522684770243,32.78104830477018,6297400
2016-09-22,33.05508804321289,33.086402767305394,32.70277126423605,33.00811147714222,5718400
2016-09-23,33.062896728515625,33.305604365312256,32.82802000814896,32.82802000814896,7222500
2016-09-26,32.31912612915039,32.83585623924017,32.303467278951274,32.812369457251634,4819600
2016-09-27,32.655784606933594,32.655784606933594,32.076422070868595,32.139054486320326,3703900
2016-09-28,33.05508804321289,33.05508804321289,32.530526841931525,32.788893475388306,2720000
2016-09-29,32.507022857666016,33.25080166728061,32.405241844993775,33.0628984890103,7526600
2016-09-30,33.09421920776367,33.20382816068072,32.546171456558476,32.72624373443933,3533500
2016-10-03,32.773216247558594,33.12553282902883,32.741898554401324,32.921970810126204,3648600
2016-10-04,33.24298095703125,33.446543044875426,32.86717747172733,32.92981287925496,6768800
2016-10-05,33.88497543334961,34.01807416721799,33.3212717572244,33.3760762398113,6534100
2016-10-06,33.83016586303711,34.174654543627334,33.61877589629852,34.174654543627334,4761000
2016-10-07,33.85366439819336,33.99458809257302,33.485688843734756,33.73622450181957,6360300
2016-10-10,34.03373336791992,34.2138056677911,33.94761118393363,34.12768348380481,4115800
2016-10-11,33.587467193603516,34.15117088576104,33.41522282250573,34.05722076817152,5531300
2016-10-12,33.532649993896484,33.814500239787606,33.52481907820494,33.58745445726025,5177900
2016-10-13,32.71841812133789,33.39956165316171,32.38176032117458,33.10988040184218,7769000
2016-10-14,32.88283920288086,33.27430157434373,32.773230216730596,33.15686166825652,4120200
2016-10-17,32.655784606933594,33.01592920898701,32.56966242239466,32.92197909249924,3059400
2016-10-18,32.97679138183594,33.031595878311435,32.65579233678471,32.91415895155868,2537500
2016-10-19,33.62660598754883,33.72838700309758,33.09421711845969,33.14119366100984,5573100
2016-10-20,33.72056198120117,33.94761082995749,33.46219841855664,33.56397646527887,3960300
2016-10-21,33.814517974853516,33.84583568080671,33.39174089096874,33.48569102220749,3653200
2016-10-24,34.08853530883789,34.25294874603001,33.963267501460074,34.05721761033841,3964000
2016-10-25,33.9632682800293,34.24512159974558,33.86148725088282,33.99458299262652,2927000
2016-10-26,34.213802337646484,34.3625569222038,33.80668122627799,33.892803401881714,6058900
2016-10-27,34.44868469238281,34.68356149068859,34.19031812361209,34.48783032766369,6206300
2016-10-28,34.04938507080078,34.605260704144236,33.939773140887404,34.605260704144236,6400300
2016-10-31,34.28425979614258,34.40169666281217,34.104187544620245,34.158992013056626,8450200
2016-11-01,34.20597457885742,34.56612216342585,33.82234319871019,34.448682279189576,9336600
2016-11-02,33.59529495239258,34.09636622577985,33.423050582183066,34.08070737515895,6276000
2016-11-03,33.61878204345703,33.939781017579605,33.556149627019174,33.72839399880898,4314900
2016-11-04,33.65792465209961,34.0728736700759,33.360412513951765,33.69707027870909,6140600
2016-11-07,34.62092590332031,34.69921716671744,34.16682821308024,34.38604613988841,6264900
2016-11-08,34.425201416015625,34.660078238252275,34.13551711485695,34.38605279012549,5600400
2016-11-09,36.366851806640625,36.55475205642018,34.96541591946036,35.12200145202374,23149000
2016-11-10,37.893558502197266,38.20672660532846,36.922730513262586,37.024511565425136,20673200
2016-11-11,38.7469367980957,38.801741276965224,37.65866917875215,37.70564572633464,14349800
2016-11-14,39.79606246948242,40.44588839351625,39.16972034324469,39.2166968986987,17284100
2016-11-15,40.05442428588867,40.07008313701392,38.833060777703906,39.34196298610268,11331000
2016-11-16,39.47505187988281,39.725590467722064,39.27932075476649,39.40459154199609,11314900
2016-11-17,40.04659652709961,40.07791124286527,39.32630430532078,39.56901201888265,10626000
2016-11-18,40.320621490478516,40.42240253631992,39.89784144155638,40.09357261384026,12271600
2016-11-21,40.44588088989258,40.547661914516624,40.09356425590169,40.485026518864885,6436800
2016-11-22,40.6964225769043,40.743399130658624,40.383254511736936,40.477204632625096,10087400
2016-11-23,40.94694900512695,41.064388869762794,40.625950093291465,41.00958439603135,8823600
2016-11-25,40.94694900512695,41.09570656521499,40.78253558393264,41.056557952589834,2108000
2016-11-28,40.17185974121094,40.88432096234417,40.070078713443294,40.563322016264806,9030100
2016-11-29,40.304954528808594,40.5946357692501,40.164027874189465,40.273636830755436,5992000
2016-11-30,41.0330810546875,41.174007731536385,40.845177823348806,41.0330810546875,8773600
2016-12-01,41.85515594482422,41.996082637159994,41.18184018958015,41.338425735133335,10064200
2016-12-02,41.518489837646484,41.74553868436324,41.29927190929667,41.73771075261658,8765300
2016-12-05,42.02739334106445,42.238783344346686,41.76902678595716,41.87863874021564,6811000
2016-12-06,42.669395446777344,42.669395446777344,41.94910616822618,42.22312861406181,7118100
2016-12-07,43.092166900634766,43.11565368084504,42.45016902418004,42.64590015691917,7701800
2016-12-08,43.773319244384766,44.0708314624712,43.146980090482295,43.31139355839032,11920900
2016-12-09,43.86725997924805,43.88291882807078,43.366188763400686,43.859432048146694,7416300
2016-12-12,43.01386642456055,43.922058629444194,42.88859863721866,43.7967908421023,9404100
2016-12-13,43.076515197753906,43.405342121728395,42.64590723161659,43.17046532080082,8069500
2016-12-14,42.935577392578125,43.695015072492666,42.53628723314437,42.645896179396,14557500
2016-12-15,43.56191635131836,43.78896516085444,42.84162728376639,43.21743066509174,9955800
2016-12-16,43.019657135009766,43.86055992263263,42.93320868055479,43.750532709185826,8766700
2016-12-19,43.27900314331055,43.31829708102433,42.650291146084164,43.18469709321041,8196100
2016-12-20,44.09633255004883,44.104190138829345,43.459759933151595,43.6483750411737,5848500
2016-12-21,43.947017669677734,44.10419644919584,43.76626312250948,44.049184326054885,5894900
2016-12-22,44.08061981201172,44.16706828893819,43.75840466942677,44.009889512520594,5643800
2016-12-23,44.09633255004883,44.119908314325805,43.90771744202673,43.978447732793086,3086500
2016-12-27,44.37138366699219,44.37924425203236,44.13561708067853,44.29279580419923,5086100
2016-12-28,43.86842346191406,44.434265787524616,43.74268105599343,44.41854761204261,6182900
2016-12-29,43.499061584472656,44.135634314222,43.2790130843827,43.89986763584905,3913100
2016-12-30,43.67195129394531,43.781975525715794,43.36545436317457,43.61693917806008,6596100
2017-01-03,43.67195129394531,44.583584497389154,43.40474830338753,44.38711179838888,8186400
2017-01-04,44.35565948486328,44.47354426101468,43.76624159997509,43.96271422827115,5981600
2017-01-05,43.65623474121094,44.4028316247541,43.2790075048591,44.09633468258921,7650700
2017-01-06,43.83698272705078,44.15134020938289,43.63265246208951,44.00202205413946,5534600
2017-01-09,43.41260528564453,43.695523430448446,43.10610538238699,43.5383476826469,4440100
2017-01-10,43.82126998901367,43.97844874967719,43.231851884977104,43.41260940839823,5748600
2017-01-11,44.08061981201172,44.09633798944706,43.444047116591584,43.70339254737098,7564200
2017-01-12,43.37330627441406,43.8684182505058,42.893915469872155,43.84484248905122,7294400
2017-01-13,43.860557556152344,44.536420986106556,43.63264855178326,43.774109106361664,7608200
2017-01-17,42.2730598449707,43.3575868107026,42.218047737923506,43.3575868107026,11245400
2017-01-18,42.74459457397461,42.799606682986195,42.02943415888896,42.51668555210657,7616500
2017-01-19,42.516693115234375,43.09039606486908,42.28092646354012,43.011805182347246,8101500
2017-01-20,42.846771240234375,43.145410614773475,42.65029851976261,42.66601669715265,8459700
2017-01-23,42.71315383911133,42.933205250489316,42.34378728767949,42.666002320764804,5257400
2017-01-24,43.522640228271484,43.64052206815793,42.744606894102716,42.93322203503138,6376600
2017-01-25,44.33995819091797,44.442124835938834,43.92343701973871,43.99416731276307,7040100
2017-01-26,44.70145797729492,44.78790642259679,44.28493392247089,44.48926715644526,6322900
2017-01-27,44.237796783447266,44.65431797571363,44.11991195646004,44.63859979891962,6321600
2017-01-30,43.58549880981445,43.92343206078535,43.082529226397824,43.92343206078535,7707300
2017-01-31,43.538352966308594,43.86056808510101,43.20827726041103,43.459762084935086,5835200
2017-02-01,43.44404220581055,44.41068752429879,43.32616038527421,44.03346030229866,7590600
2017-02-02,42.948944091796875,43.271159279948506,42.71317439486076,43.09040471078406,7295000
2017-02-03,44.072757720947266,44.12776983738446,43.33401844661552,43.60908202673699,6806900
2017-02-06,43.75053787231445,44.17491960902955,43.67194999422738,43.75053787231445,6111800
2017-02-07,43.58549880981445,44.01773810819217,43.40474430314505,43.91557447264111,4346700
2017-02-08,43.15325164794922,43.43617273655032,42.752448771054084,43.34186670632817,6376600
2017-02-09,43.93915939331055,44.00988969309188,43.15326850593391,43.15326850593391,9218000
2017-02-10,44.14348602294922,44.25351325627072,43.83698908210683,44.1513466100114,6157700
2017-02-13,44.552154541015625,44.90580604956598,44.402836347599205,44.44213029345238,6077400
2017-02-14,45.34589767456055,45.40876737674332,44.39497056978916,44.59144326075525,8326900
2017-02-15,45.5423698425293,45.66811224338619,45.19657599172137,45.628818305231285,6233300
2017-02-16,45.4795036315918,45.613106637901694,45.0551248418642,45.542376339957805,6796400
2017-02-17,45.34589767456055,45.34589767456055,44.80363112881552,45.01582199481114,5260000
2017-02-21,45.5423698425293,45.7702788809372,45.26730627957433,45.628818305231285,4011000
2017-02-22,45.503082275390625,45.71527017072321,45.22801867392321,45.22801867392321,3994700
2017-02-23,45.534507751464844,45.605238036980545,44.9215139422856,45.57380468625651,5092700
2017-02-24,45.15727996826172,45.21229207872526,44.82720730548046,44.95294970053072,5937100
2017-02-27,45.55022430419922,45.55022430419922,45.125842606213084,45.22800923675088,4774500
2017-02-28,45.15727996826172,45.43234351851461,44.92937094037836,45.36947082202189,5306600
2017-03-01,46.650474548339844,46.83908664605408,45.97460803600416,46.17893830818379,10838500
2017-03-02,45.44019317626953,46.901950137328804,45.38518107540684,46.776207764223415,7206400
2017-03-03,45.738834381103516,45.86457675955456,45.463770867161706,45.5659374865078,9163300
2017-03-06,45.44805908203125,45.66024692566785,44.99224105244743,45.4559166696739,5490800
2017-03-07,45.251583099365234,45.589513306078594,45.11012254867835,45.400901237119264,6079600
2017-03-08,45.007965087890625,45.88816191732702,44.94509238682033,45.76241951312182,9310500
2017-03-09,44.992244720458984,45.48735672449027,44.89007808516533,45.19657499311104,7186800
2017-03-10,44.78791809082031,45.267308961407885,44.269230281814394,45.267308961407885,10470300
2017-03-13,44.84293746948242,45.157292042191045,44.60716779253098,44.81150111283077,3839600
2017-03-14,44.725040435791016,44.78005254596322,44.080610289829295,44.59929804140666,5487100
2017-03-15,44.34782028198242,45.1730050632965,44.24565363349649,44.84293234994512,14055200
2017-03-16,44.756473541259766,44.945085620203756,44.44997666452457,44.583576637281986,5276000
2017-03-17,44.57044219970703,44.88576010875468,44.15264153471229,44.838464076315255,11061400
2017-03-20,43.931922912597656,44.49949941331041,43.91615656456415,44.4127860026878,4265700
2017-03-21,41.57490921020508,44.42855202674668,41.543376514368,44.1999444926129,28352500
2017-03-22,41.4566650390625,41.8350483853956,40.65259930043332,41.16499510676639,17370100
2017-03-23,41.77197265625,42.33166432266122,41.2359290017055,41.338405724543,11713600
2017-03-24,41.835044860839844,42.134599445787735,41.44877987628374,41.92963993767271,8850300
2017-03-27,41.60643768310547,41.685269420394576,40.33727528042217,40.59741550279128,11951500
2017-03-28,42.30802917480469,42.52087038281661,41.41725297960967,41.433019329142816,7721800
2017-03-29,42.1661376953125,42.44204129205665,41.89023109144469,42.22131841466133,5187500
2017-03-30,43.466819763183594,43.600832198152226,42.13459512552831,42.13459512552831,13626400
2017-03-31,43.04903030395508,43.466828019684925,43.017497606546605,43.27763784948118,7394500
2017-04-03,42.63910675048828,43.23033119072959,42.18977641647473,43.02537470791339,9174500
2017-04-04,42.66275405883789,42.85982886898586,42.33955149048014,42.33955149048014,7053800
2017-04-05,41.87446594238281,43.27764100823961,41.84293624979659,43.072681467248465,8453000
2017-04-06,42.43415069580078,42.568160126855155,41.53548701158382,41.858689588558356,6307400
2017-04-07,42.26072692871094,42.47356810547403,41.87445893966904,42.071533769213765,8293900
2017-04-10,41.992706298828125,42.56028278720748,41.64585567099816,42.174014786588565,6347400
2017-04-11,42.2370719909668,42.260720004358035,41.4645361394618,41.72467631525644,9289600
2017-04-12,41.64584732055664,42.31590042388901,41.48818688238351,42.19765434347848,7334100
2017-04-13,40.7629508972168,41.68526252462485,40.739302883503676,41.354175297027176,11193000
2017-04-17,41.480308532714844,41.519722896488524,40.57376613742746,40.739308269550826,8164800
2017-04-18,41.2674674987793,41.55125573030271,40.69200936580049,41.07827734917917,7039200
2017-04-19,41.53548049926758,41.945396411888325,41.338405714764676,41.55124684288252,5528900
2017-04-20,42.410491943359375,42.45779097299944,41.724672552752146,41.795619593651,9414800
2017-04-21,42.28437805175781,42.61546535341536,42.02424082135583,42.15825027187005,7505700
2017-04-24,43.214569091796875,43.77426089518725,43.143622031710535,43.26186813422886,8772400
2017-04-25,43.372215270996094,43.81366383356157,43.36433059629329,43.600822723420485,6759100
2017-04-26,43.83732604980469,44.2235910359945,43.222453537105565,43.34858130912393,9153600
2017-04-27,43.372215270996094,43.979205916852756,43.11995980870792,43.95555489986665,6185300
2017-04-28,42.607566833496094,43.498345681067825,42.55238613566729,43.31703724432712,7059200
2017-05-01,43.088436126708984,43.3564579872789,42.46567900845493,42.80464792056167,5975200
2017-05-02,42.733707427978516,43.19092249852963,42.49721822226602,43.06479472167474,5160200
2017-05-03,43.135738372802734,43.17515273611725,42.315906384518904,42.520862878028275,6276600
2017-05-04,43.214569091796875,43.6954321649239,43.033260606492526,43.57718606240557,7470800
2017-05-05,43.09632873535156,43.4116497126936,42.80465878594058,43.34070264314783,4323200
2017-05-08,43.23820495605469,43.2933856531535,42.91500244142344,43.112077218811336,4672800
2017-05-09,42.92289352416992,43.577180319068006,42.69428602656334,43.3643391668608,4561800
2017-05-10,42.97808074951172,43.07267582913564,42.528750362393865,42.7888875831405,3237500
2017-05-11,42.33955764770508,42.97019653046457,42.01635503234563,42.81253906511724,8872300
2017-05-12,42.189788818359375,42.189788818359375,41.59067952548166,41.882352500201236,12060300
2017-05-15,42.583927154541016,42.71793658774035,42.221310210106616,42.34743797369784,4413500
2017-05-16,42.781005859375,42.796772207146525,42.2134293680936,42.646993406878735,4607200
2017-05-17,40.928497314453125,41.98481847355832,40.58953138944466,41.77986198319005,16524200
2017-05-18,41.251705169677734,41.45666167128699,40.7471910750948,40.826022811962424,10493800
2017-05-19,41.36994934082031,41.70103663003329,41.25170624312689,41.25170624312689,9642100
2017-05-22,41.559139251708984,41.66161599359145,41.117690569712174,41.53548822832423,3714600
2017-05-23,42.15824508666992,42.39473426898235,41.36994580754642,41.58278697376454,5280400
2017-05-24,41.913875579833984,42.26072922322373,41.6379720063407,42.252844545624825,4856000
2017-05-25,41.937522888183594,42.292258170605244,41.732563388507465,42.01635161444479,5738900
2017-05-26,41.65372848510742,41.89810231167415,41.55124875046683,41.7798562326948,4296300
2017-05-30,41.196529388427734,41.50396871076672,40.84967870074573,41.377840914598366,7886200
2017-05-31,40.85755157470703,41.38571062883696,40.27420880651883,41.22016850803113,13087600
2017-06-01,41.582794189453125,41.59856053862624,40.64471896708021,41.17287813232311,8705100
2017-06-02,41.27534866333008,41.71679431291246,40.92061340411355,41.06250750780016,9107900
2017-06-05,41.298988342285156,41.74043690988676,41.26745565735882,41.28322199982199,6443800
2017-06-06,41.007328033447266,41.259583557107135,40.62894474795746,40.88120027161733,7804100
2017-06-07,41.43301010131836,41.62220023933291,41.06250848761558,41.23593528673144,8671400
2017-06-08,42.631229400634766,43.1593885106796,41.20440652438398,41.34630064498896,16618900
2017-06-09,43.931922912597656,44.17629679643196,42.985963080450865,43.0332621245514,13729500
2017-06-12,43.908267974853516,44.57043945229607,43.545651048595744,43.96344868071348,10618900
2017-06-13,43.94767379760742,44.38912236585147,43.78213171218678,44.14474856800028,6627900
2017-06-14,43.94767379760742,43.94767379760742,42.93865193547514,43.45104453422316,10824200
2017-06-15,43.74273681640625,44.24724797188016,43.47471488917028,43.853098255775706,5752000
2017-06-16,43.5678825378418,43.82104595156081,43.306809087795415,43.59952871904316,5449800
2017-06-19,43.5678825378418,44.113765582808554,43.441300830982286,43.84477907848886,5841100
2017-06-20,42.998260498046875,43.59952582923672,42.98244042644071,43.433387915860216,4009900
2017-06-21,42.41283416748047,43.140678400452344,42.35745484618681,43.140678400452344,5365200
2017-06-22,42.128021240234375,42.452387104652594,41.82738850654667,42.29415919124083,5177400
2017-06-23,41.859039306640625,42.39701246076969,41.708724432201855,42.357456232543356,6609400
2017-06-26,42.15966033935547,42.499849239722856,41.708712823602596,41.946053144849486,4717100
2017-06-27,42.37326431274414,42.87167804409058,42.27041574144196,42.436553651890776,5600800
2017-06-28,42.998260498046875,43.14857833981721,42.61060536683504,42.61060536683504,8585000
2017-06-29,43.67072677612305,44.256165980415425,43.12484076748116,44.145407375167984,11122500
2017-06-30,43.47294235229492,43.939712912170826,43.267245214480795,43.90015669888215,6476600
2017-07-03,44.35901641845703,44.69129526614009,43.710284830730714,43.77357718950683,5452900
2017-07-05,44.2799072265625,44.56471682599443,43.86060286386727,44.50933449904178,4212100
2017-07-06,43.84478759765625,44.44605308552597,43.7261189220124,44.36694063509673,4682500
2017-07-07,44.042564392089844,44.177059156911625,43.52832751421982,44.09003366519389,3786200
2017-07-10,43.82105255126953,44.08212905858152,43.678647732362336,43.89225496072313,3207000
2017-07-11,43.7419319152832,43.89224674356832,43.4096530607242,43.836867437466125,3525600
2017-07-12,43.64699935913086,43.92389894555043,43.46503832585607,43.520417639550736,4706700
2017-07-13,43.80522918701172,43.93181091215129,43.536242643846826,43.781496056656295,4597100
2017-07-14,43.5283203125,43.78939372651282,42.98243734287644,43.18022142116772,5380700
2017-07-17,43.55998611450195,43.741947186355766,43.156504722956946,43.5283399234108,3042300
2017-07-18,43.393829345703125,43.544147189769056,43.0694635497996,43.251424555506865,4856400
2017-07-19,43.378013610839844,43.6707332564227,43.07738091059616,43.552061580078956,4211900
2017-07-20,43.30681228637695,43.65491125146422,43.04573579910188,43.33845545196949,3292500
2017-07-21,42.91914749145508,43.5124997609222,42.78465575898981,43.35427188547516,3839100
2017-07-24,43.362178802490234,43.40964504584491,42.95869762630376,42.97452071340375,2887100
2017-07-25,44.06630325317383,44.31946668943772,43.884342221980795,44.06630325317383,6480600
2017-07-26,43.188148498535156,44.20871546954294,43.061566759197135,44.12168995788304,6659600
2017-07-27,43.196044921875,43.55205689465965,42.927058433320575,43.298893495778515,4881900
2017-07-28,42.80839157104492,43.08528810699835,42.610607468807935,43.029908799807664,4917200
2017-07-31,43.10111618041992,43.34636958200901,42.871685870992664,42.99035755323331,4565700
2017-08-01,43.393829345703125,43.66281583630208,43.116932819180285,43.283070735093986,3149700
2017-08-02,43.433387756347656,43.559969454352355,43.07737578760138,43.457120881615495,3460900
2017-08-03,43.1090202331543,43.44920608078199,43.014081700008994,43.29889126355368,3494100
2017-08-04,43.49666976928711,43.844768625675755,43.34635497133536,43.71027691455238,4466900
2017-08-07,43.21978759765625,43.552063477178706,43.13276210027287,43.46503797979533,3964100
2017-08-08,43.283084869384766,43.939729729491894,43.061567575829,43.069477614335945,4180300
2017-08-09,42.77675247192383,43.04573901621376,42.61061452284821,42.737196248517215,4208000
2017-08-10,41.66915512084961,42.49985080268198,41.63751195668001,42.36535603766353,9026600
2017-08-11,41.352699279785156,41.97769774935576,41.154915183182744,41.74826747298997,5683500
2017-08-14,42.30997848510742,42.34162466853736,41.76409540169874,41.81947471372805,4467500
2017-08-15,42.09636688232422,42.784657719364176,42.09636688232422,42.784657719364176,3237600
2017-08-16,41.97769546508789,42.37326363676738,41.85111377086828,42.2941481916641,4100800
2017-08-17,40.82263946533203,41.98561100837303,40.767260155467795,41.82738311535548,10458300
2017-08-18,40.89384460449219,41.18656728245609,40.434987003757435,40.60903799952557,6643900
2017-08-21,40.814735412597656,40.89384786173206,40.553658898150424,40.783089225765295,5272700
2017-08-22,41.22612762451172,41.22612762451172,40.98087419850177,40.98087419850177,5579800
2017-08-23,41.25777053833008,41.54257714916534,40.66441815101726,40.75144063274824,3318000
2017-08-24,41.43181610107422,41.48719541255483,41.131186415306914,41.439729155826384,3151500
2017-08-25,41.692901611328125,41.83530644823622,41.5030274894684,41.510940545933735,3045800
2017-08-28,41.352699279785156,41.81155681457092,41.18656136294612,41.72453434714034,3082900
2017-08-29,41.02042770385742,41.16283252010483,40.648595588497066,40.74353112667988,3480300
2017-08-30,41.21029281616211,41.415986940383796,40.97295251346149,41.139090423557356,3543300
2017-08-31,41.1549186706543,41.4713714412669,41.12327248820922,41.336879692794405,2940000
2017-09-01,41.51884460449219,41.724541791709214,41.12327634070936,41.21821187899226,3400000
2017-09-05,40.22928237915039,41.23402591051995,40.173903075826104,41.12326730387137,5996900
2017-09-06,40.30050277709961,40.664427956040456,40.142277850021976,40.37170520146336,4639500
2017-09-07,39.232452392578125,40.260929061693524,39.010935176507466,40.14226041791812,7184600
2017-09-08,39.683406829833984,39.9049240847083,39.09796449030669,39.09796449030669,7112000
2017-09-11,40.74354553222656,40.988799028687446,40.15810296755596,40.15810296755596,8553000
2017-09-12,41.692901611328125,41.77992712476605,40.917588064798935,40.917588064798935,10130000
2017-09-13,41.85111999511719,41.90649930595287,41.43181561857344,41.52675416681698,6760600
2017-09-14,41.41599655151367,41.96979273162796,41.36061723529688,41.851124061711864,4482100
2017-09-15,41.59550094604492,41.67492896559789,41.27779795744047,41.3572229471243,5243100
2017-09-18,42.183250427246094,42.33415909904407,41.77023387141777,41.78611947316526,5222500
2017-09-19,42.46124267578125,42.580383178982856,42.12765411460691,42.18325220813597,4314700
2017-09-20,42.93780517578125,43.0887138663113,42.02440265606848,42.4135923725195,6918500
2017-09-21,43.12842559814453,43.27139299922174,42.651869614466534,42.96957259362885,4662200
2017-09-22,43.207855224609375,43.247567719750116,42.81072421346359,42.90603480777521,3266600
2017-09-25,43.31904602050781,43.55732399150512,42.95368626298736,43.1204805396986,5435300
2017-09-26,43.604976654052734,43.71617282796038,43.23961390138239,43.43023807798728,4708500
2017-09-27,44.53425979614258,44.90756381934965,43.93856343393642,44.28803754234475,5968200
2017-09-28,44.82019805908203,44.82019805908203,44.1450766741096,44.70900188083891,5286900
2017-09-29,45.08232116699219,45.47945226724003,44.71696128193294,44.71696128193294,9515200
2017-10-02,45.36824417114258,45.36824417114258,44.72489389622166,45.026711271918536,8392200
2017-10-03,45.10614013671875,45.43972872555839,44.78049283481234,45.40001623115402,7715800
2017-10-04,44.566036224365234,45.10613456518494,44.526323734866175,44.986994066819015,5293700
2017-10-05,45.12996292114258,45.32058711875596,44.43895588579813,44.66134825812305,4431900
2017-10-06,45.20144271850586,45.590632366381,44.95522044904456,45.431779387046895,4851500
2017-10-09,44.99494552612305,45.33647844380111,44.92346182172835,45.27293602661951,3534000
2017-10-10,45.439720153808594,45.46355006985123,45.05053354024519,45.20938348789721,7275000
2017-10-11,45.12202453613281,45.43178622603601,44.95522721629576,45.28881882610084,4058600
2017-10-12,44.78048324584961,45.257039136394106,44.69311395894715,45.21732665049347,5601100
2017-10-13,44.46278381347656,44.867859106671546,44.09742404186968,44.50249630519576,6042800
2017-10-16,44.804317474365234,44.98699736334219,44.48661147535465,44.64546447485994,4199500
2017-10-17,44.32776641845703,45.05848605534872,44.23245279026911,44.96317545703009,3828400
2017-10-18,44.62957000732422,44.74076920579913,44.3356939860257,44.62957000732422,7402900
2017-10-19,44.931396484375,45.0664225860434,44.09742207597536,44.232445147774996,8583000
2017-10-20,45.535037994384766,45.662119782249974,45.31264259321903,45.49532247390847,8148000
2017-10-23,45.09819793701172,45.59858387363047,45.02671423178047,45.59858387363047,3801700
2017-10-24,45.36030197143555,45.622406848199184,45.24116146298999,45.38412886117706,3922700
2017-10-25,45.1617431640625,45.59064542212833,44.77255340473548,45.5668154989895,6544900
2017-10-26,45.70182418823242,45.77330787062798,45.19349712669433,45.19349712669433,6617800
2017-10-27,45.948055267333984,46.05131017520132,45.59063979294615,45.5985810797656,7088100
2017-10-30,45.26499938964844,45.83686605368677,45.08231643641824,45.598588024515,5504800
2017-10-31,45.36030197143555,45.701834863785884,45.20144897013114,45.32853076520087,3782800
2017-11-01,45.10614013671875,45.797147234935935,44.9552284161654,45.51915674423624,5179400
2017-11-02,45.45560073852539,45.56679690155873,44.748708247926395,45.12995353398423,5264800
2017-11-03,45.40000915527344,45.50326404852716,45.066420618425695,45.31263986327942,2808000
2017-11-06,45.26499938964844,45.447679313009104,45.11408764827301,45.24116946582259,4010800
2017-11-07,44.01799774169922,45.36030243507923,43.96239964515474,45.30470433853474,8912900
2017-11-08,43.67646408081055,44.01799391710829,43.35875810255886,43.84325835595175,6820800
2017-11-09,43.2475700378418,43.80355408922076,42.802782190764766,43.454076841564046,9595200
2017-11-10,43.16812515258789,43.581141628583445,43.15224258377911,43.42228867168236,5398600
2017-11-13,43.8273811340332,43.88297923637753,42.69158613493741,42.92986414925157,6138300
2017-11-14,44.192726135253906,44.23243861934138,43.5811441847282,43.5811441847282,7212800
2017-11-15,44.216556549072266,44.51837690599116,43.541435176092484,43.68440255411361,4924500
2017-11-16,44.160953521728516,44.55014312500545,44.14507095249684,44.47865944399002,3695400
2017-11-17,44.486610412597656,44.59780963050315,43.827374570722505,43.85120145962496,5096600
2017-11-20,44.86785125732422,44.88373382733822,44.431004835229835,44.60574340406759,6388100
2017-11-21,44.85197830200195,45.05054381170819,44.65341279229572,45.034658207347384,5577600
2017-11-22,44.73283004760742,45.06642162175063,44.685173242767334,44.9313955229714,4437600
2017-11-24,44.40718078613281,44.95522038266426,44.37540958433919,44.94727909715014,1851500
2017-11-27,44.49455642700195,44.7407787312439,44.34364774174534,44.35158902839296,5273200
2017-11-28,46.01953125,46.06718805253116,44.534262414600555,44.55014801544427,15661200
2017-11-29,47.52863693237305,47.735143713717754,46.44844015643086,46.472267046236674,25881200
2017-11-30,47.12356185913086,48.12433055986756,47.036192561870344,47.88605258634633,12385100
2017-12-01,47.13151168823242,47.39361659765354,45.495330721711035,47.17122418603933,14000400
2017-12-04,47.93370056152344,48.656478710649466,47.84633430470603,48.29906330856143,15660900
2017-12-05,47.012359619140625,48.195811154305815,46.97264713108673,47.743082124780464,10535100
2017-12-06,46.7423210144043,47.29036377486616,46.6152392060117,46.87734714012291,8303300
2017-12-07,47.07590866088867,47.36184346297883,46.424614069402885,46.57552275723089,8372200
2017-12-08,47.09178924560547,47.44920771012697,46.78996887224634,47.425377792579724,8219700
2017-12-11,46.7184944152832,47.23476596941875,46.57552700121088,47.07591295046402,5500900
2017-12-12,47.12356185913086,47.330068628217575,46.73437217948008,46.95676455078406,8967200
2017-12-13,46.615230560302734,47.47303488025806,46.54374686697312,47.02030583246011,10110000
2017-12-14,46.13072967529297,46.98058961190526,45.93216421290938,46.82173663602469,16251500
2017-12-15,47.116634368896484,47.61117073479527,46.19934637671021,46.39875654520655,14536300
2017-12-18,47.746761322021484,47.98605286600188,47.41175072624328,47.47556342744182,7129900
2017-12-19,47.555320739746094,48.03390681489745,47.491511088713274,48.025928706795405,5054900
2017-12-20,47.36387634277344,48.00996296306795,46.92517483748257,47.922225096214504,9318700
2017-12-21,47.9940299987793,48.16153682525937,47.5633064181715,47.63509418873233,5795600
2017-12-22,47.818546295166016,48.14557876280539,47.475560653159235,48.14557876280539,3558000
2017-12-26,47.37984085083008,47.97807114923573,47.22031216270391,47.8105643531871,3660400
2017-12-27,47.16448211669922,47.49948965551946,47.0847162435823,47.41174871646932,2875300
2017-12-28,47.41973114013672,47.43568431621177,47.068767352000066,47.23627417940948,3184700
2017-12-29,46.94113540649414,47.61115345112405,46.91720716864341,47.53936569481525,6464600
2018-01-02,47.06078338623047,47.37984076188384,46.74970411848459,47.268168550475515,5995800
2018-01-03,47.148529052734375,47.27615140726404,46.789590229758154,46.94911893360947,4504000
2018-01-04,47.403770446777344,47.9780725233775,47.32400762180809,47.52341772698795,6202500
2018-01-05,47.71485137939453,47.738779619164106,47.33198432929714,47.611157269131645,3952700
2018-01-08,47.627105712890625,47.76270615788296,47.30805139087647,47.66698712279783,6449000
2018-01-09,48.273197174072266,48.672017372427696,47.78663604523757,47.802589218302586,6372800
2018-01-10,48.86345672607422,49.501571573794585,48.36892045757232,48.40082680850976,8676900
2018-01-11,49.62918472290039,49.64513789540797,49.054882683653574,49.16655184845011,7331900
2018-01-12,49.94025802612305,50.21145584090718,49.605247528916216,50.0120457724705,5823300
2018-01-16,49.46167755126953,50.37099012064564,49.24631733097037,50.35503694826116,8241700
2018-01-17,49.7647819519043,49.86847605146447,49.03892934049613,49.62120644259222,6441900
2018-01-18,49.485599517822266,49.98811066095423,49.34999909945305,49.89239468741804,4538700
2018-01-19,50.275272369384766,50.28325047715886,49.5175164397012,49.5175164397012,5517600
2018-01-22,50.410865783691406,50.41884084759628,49.89239838994588,50.17157431071507,4100400
2018-01-23,50.53849792480469,50.8017176833939,50.012055364869504,50.23539371067329,4761900
2018-01-24,50.514564514160156,50.89743151466567,50.259316804400044,50.642186847661996,5978800
2018-01-25,50.17156982421875,50.70598729798476,49.94025343583232,50.68205906565372,4764700
2018-01-26,50.29921340942383,50.52255178632714,49.86050867942492,50.38695131266643,3611700
2018-01-29,50.091819763183594,50.570405859905236,50.091819763183594,50.299207984590026,3617900
2018-01-30,49.700984954833984,50.251355852107295,49.6212190722715,49.77277272776157,5125300
2018-01-31,49.69300079345703,50.115752312661186,49.54942526508685,49.85252949639689,3371700
2018-02-01,50.42683792114258,50.45076616461341,49.310139903558095,49.53347828997207,6208200
2018-02-02,49.964202880859375,50.857559432652124,49.740864503600484,50.386951392887184,11773200
2018-02-05,47.922237396240234,50.05193583499073,47.706874119946924,49.334058247346356,11946400
2018-02-06,48.40879821777344,48.616186440442334,46.430650250449965,46.94113965585513,15091600
2018-02-07,48.74380111694336,49.134643175211366,48.041876773652795,48.201405448412885,6312500
2018-02-08,47.02090835571289,48.99905644203176,46.96507376381028,48.935243741139026,10203700
2018-02-09,47.8983154296875,48.25725429331319,46.51042254734456,47.65902386818947,12551400
2018-02-12,48.28116989135742,48.75177782424187,47.66698645062644,48.249266589535466,9398800
2018-02-13,48.44867706298828,48.520464817480494,47.842468682219256,47.9381846739567,3895600
2018-02-14,49.78074264526367,49.868483585627736,48.273202612483246,48.34499037798503,7764000
2018-02-15,50.01205062866211,50.32312987878827,49.70097137853595,50.155626135298256,5239600
2018-02-16,50.33110809326172,50.65016547081043,49.72490272722715,49.72490272722715,5649600
2018-02-20,49.93229675292969,50.65017445841962,49.66907695608818,50.16361324056058,5234800
2018-02-21,50.38694381713867,51.01708047852824,49.75681019850583,49.8605012622104,6398200
2018-02-22,49.45370101928711,50.64218646324087,49.34203185866523,50.61825518399588,5121700
2018-02-23,50.21943664550781,50.243367925530045,49.26226759904477,49.45370262543999,5979500
2018-02-26,50.48265838623047,50.53051485977577,49.8046622643596,50.46670521412988,3091000
2018-02-27,49.820613861083984,51.104815268387156,49.796685625067965,50.44277538230767,4172500
2018-02-28,49.070838928222656,50.40289696705514,49.05488575471633,50.0678894516925,4343800
2018-03-01,49.102752685546875,49.740864508316484,48.791670319361835,49.0708463337191,6857600
2018-03-02,49.90037536621094,50.020019578610714,48.29711675235151,48.73581828332955,7527400
2018-03-05,50.49861526489258,50.75385995172382,49.062860098020984,49.517517929368104,5901300
2018-03-06,51.19255065917969,51.29624169921568,50.17954719295806,50.7538491373372,5594000
2018-03-07,51.431861877441406,51.5913875424908,50.49862091456595,50.65814657961534,7056900
2018-03-08,51.025054931640625,51.766860711733045,50.55444699634282,51.639235332764756,5131700
2018-03-09,51.870548248291016,51.910432697890464,51.14469873257926,51.42387162323762,5086800
2018-03-12,51.77484130859375,52.10984881622292,51.51959053838489,51.82269778525126,6585900
2018-03-13,51.42387390136719,52.006147944033884,51.23244192293691,51.85460041696998,4989600
2018-03-14,50.67408752441406,51.56744685541373,50.47467744847319,51.50363417058963,6708600
2018-03-15,50.88148498535156,51.02506050962987,50.40289889017161,50.91339133358159,5560900
2018-03-16,51.17275619506836,51.628866591596044,50.9486982700409,50.9486982700409,6851000
2018-03-19,50.80466079711914,51.2527735560391,50.17250254413877,51.14074307692029,5232000
2018-03-20,50.604610443115234,51.092729503778465,50.468574960375534,50.980702078297774,3499500
2018-03-21,50.684635162353516,51.22077040102054,50.30053977842966,50.708640169936636,4858400
2018-03-22,48.84417724609375,50.300540063074266,48.772159170418064,50.07648518431381,8928100
2018-03-23,47.139747619628906,48.996210026264514,47.05972889878989,48.90018695075399,11649100
2018-03-26,48.6761360168457,48.72414603221442,47.57986052730537,47.851928473630295,7382800
2018-03-27,47.6038703918457,49.076237618496414,47.29179001752631,48.820170965909476,5775200
2018-03-28,47.915931701660156,48.340036325203236,47.195751159305985,47.55584143048307,6004200
2018-03-29,48.32403564453125,48.60410723339477,47.88392663633784,48.17999952511986,4792300
2018-04-02,47.37980651855469,48.484082563373015,46.7876606622522,48.22001529183272,6610400
2018-04-03,48.04397964477539,48.26003388026963,47.403820642858506,47.61187117378691,5024700
2018-04-04,48.596107482910156,48.708134906558755,47.2117629360041,47.347795364000724,9500600
2018-04-05,48.90819549560547,49.04423100601014,48.44408134529789,48.96420921973709,4658900
2018-04-06,47.53185272216797,48.66013392357961,46.96370874289629,48.39606661669741,9145300
2018-04-09,47.50782775878906,48.62010420777474,47.47582210928137,47.79589997198319,7024700
2018-04-10,48.4040641784668,48.572105323783084,47.73189654468311,48.228019329553426,5713100
2018-04-11,48.1719970703125,48.39605189099422,47.76389372976451,47.99595225262372,4208200
2018-04-12,49.05221939086914,49.36429664798882,48.39605617012565,48.62811471350325,4426200
2018-04-13,48.292030334472656,49.62036115490874,48.067975489645804,49.62036115490874,5548400
2018-04-16,48.516090393066406,48.70013588844691,48.07598133432882,48.44407232508983,3348600
2018-04-17,47.867923736572266,48.89217790345401,47.555846485882874,48.82015984156275,7090200
2018-04-18,47.667884826660156,48.25203010584603,47.64387981803518,47.9399527836458,4813500
2018-04-19,48.540096282958984,48.66012741594725,47.73989686975325,47.843923648175185,7378800
2018-04-20,48.964195251464844,49.132239428439895,48.492077530953935,48.52408623633186,4734500
2018-04-23,49.388309478759766,49.57235498017383,48.95620105673446,49.140246558148526,4658100
2018-04-24,49.71638488769531,50.40455679519321,49.236263461466976,49.636363123731506,8938600
2018-04-25,49.72438430786133,50.18049766735911,49.308280303096694,49.740388660258205,5918200
2018-04-26,49.73239517211914,50.06847746329748,49.46832789832027,49.66837775331267,3530600
2018-04-27,50.124488830566406,50.34054303014003,49.732392842558205,49.74039349327498,7288100
2018-04-30,49.32429122924805,50.41256291713195,49.32429122924805,50.18850805875062,4944300
2018-05-01,49.69237518310547,49.844415003331875,48.70012976302928,49.27627423437551,5158700
2018-05-02,49.58836364746094,50.20451762448458,49.28428698486719,49.532349927051406,7749500
2018-05-03,49.10023498535156,49.46832597159649,48.59610851570055,49.268276124395754,12375300
2018-05-04,49.73239517211914,50.13249488210395,48.55610104795787,48.756150902950274,6149200
2018-05-07,49.95644760131836,50.27652857473396,49.4363167826476,49.83641647315791,3424600
2018-05-08,50.40455627441406,50.76464352471718,49.93243855571911,50.060470324220205,5624600
2018-05-09,50.88468551635742,51.188762176217864,50.372558332920136,50.68463564454481,6948900
2018-05-10,51.00470733642578,51.22076152478941,50.51658525003222,50.74864073899916,5737500
2018-05-11,51.012699127197266,51.30077132831838,50.90867237623292,51.08471717747754,4049600
2018-05-14,50.82865905761719,51.23675935072731,50.73263599791799,51.148736940787195,2443700
2018-05-15,51.16474914550781,51.5008344848139,50.708635726285515,50.78065379524264,5209500
2018-05-16,51.40481185913086,51.56485541495698,50.93269710577797,51.1247432677319,3396600
2018-05-17,51.5888671875,51.66888592338811,51.03672753130705,51.32479986453483,3686800
2018-05-18,51.16474914550781,51.64487062272815,51.14874479101528,51.612861913743096,3976500
2018-05-21,51.732887268066406,51.95694210089983,51.32478390538478,51.32478390538478,5481600
2018-05-22,52.036964416503906,52.48507411321129,51.80490586498423,51.90893569103183,7680900
2018-05-23,51.66088104248047,52.06898452277104,51.404817430443615,51.9569570740698,8845700
2018-05-24,51.55684280395508,51.58084780692254,50.588602352370366,51.54084150365555,5610300
2018-05-25,51.38080978393555,51.60486466983985,51.13274988954689,51.2287699234843,3391200
2018-05-29,50.140506744384766,51.05273379871698,49.81242503094038,50.73265579067227,11243800
2018-05-30,50.94070053100586,51.148751059870655,50.34055090031421,50.62061950696276,7277400
2018-05-31,50.556610107421875,51.14875609188235,50.40457328492941,50.84468244689742,6164200
2018-06-01,51.08472442626953,51.492824734087705,50.98069766054405,51.06872007365652,5837800
2018-06-04,51.61286926269531,51.65288168088309,51.10874270821484,51.332800650494455,4706400
2018-06-05,51.46882247924805,51.67687602180657,51.14074086446112,51.53283989311784,3692600
2018-06-06,52.40504837036133,52.46106207493961,51.660862806657875,51.8129026212429,6874600
2018-06-07,52.421058654785156,52.84516331347086,52.084970303813385,52.605101077781924,6561800
2018-06-08,52.605106353759766,52.67712747370423,52.16500035090504,52.245019069148,4587500
2018-06-11,51.97294616699219,52.837162943944286,51.812908736461786,52.60510439614956,5522200
2018-06-12,51.676876068115234,52.2290094743863,51.348791400516,52.21300817342282,5793600
2018-06-13,51.47682571411133,52.22900895261292,51.22076216599741,51.708884258501534,6520700
2018-06-14,51.260765075683594,51.74888713586091,50.844664126944245,51.740889538507034,8618300
2018-06-15,51.093692779541016,51.3828573827364,50.38684631218489,50.97320650684521,7077000
2018-06-18,51.1177978515625,51.43105853907792,50.499307466221985,50.7724070770984,5121800
2018-06-19,51.48728942871094,51.591713753014396,50.64389448478924,50.684055565148554,5400100
2018-06-20,51.58367919921875,51.92103594788462,51.46319289521295,51.824645679042376,4471100
2018-06-21,51.47924041748047,51.8728293085687,50.997304529095615,51.59972668764653,4522900
2018-06-22,50.97321319580078,51.84070711922372,50.80453484316641,51.84070711922372,5227600
2018-06-25,50.491268157958984,50.892884986368976,50.02539116623864,50.70814161299157,5149500
2018-06-26,50.250301361083984,50.67601424145558,49.888845583365935,50.55552796085176,5697700
2018-06-27,49.302490234375,50.306532458560994,49.20609997470568,50.105724013723794,7415100
2018-06-28,49.350685119628906,49.69607590960931,49.06152351638161,49.278393952793614,6901300
2018-06-29,48.997257232666016,50.05752550470442,48.94906210608482,49.79245996874157,6918700
2018-07-02,49.414939880371094,49.4551009544125,48.603672089904485,48.67596324881642,4624700
2018-07-03,49.24626541137695,49.808526620447914,49.19807028027354,49.52739601591244,2068300
2018-07-05,49.32658386230469,49.567553371542004,49.1177444380573,49.49526221236145,7141900
2018-07-06,49.76033020019531,49.90491251676311,48.997257543663814,49.278388123604806,3263600
2018-07-09,50.796504974365234,50.95714927712624,49.87278491302112,50.00130219368612,6364600
2018-07-10,50.234230041503906,51.07762470804935,49.8888393486369,50.93304241503093,6020800
2018-07-11,50.001304626464844,50.37079144334215,49.808527164041045,49.91294841719118,4782400
2018-07-12,49.39887237548828,50.234236155919604,48.93299536036926,50.15391094774733,11170200
2018-07-13,48.87677764892578,49.439041946414974,48.73219531345445,49.318558709584806,7586300
2018-07-16,49.439048767089844,49.535435982670464,49.00530170083554,49.09365792515708,4862200
2018-07-17,49.47116470336914,49.784425362432486,49.34264743134076,49.34264743134076,5424400
2018-07-18,50.0334358215332,50.161953111295404,49.43101045125526,49.43101045125526,8479400
2018-07-19,49.91294479370117,50.12981827414857,49.50329692891849,49.85671867626225,7219400
2018-07-20,50.18604278564453,50.418981301348154,49.76032989177436,49.945073280889595,6431100
2018-07-23,50.8366813659668,51.0214248210758,50.13786556922605,50.13786556922605,7089300
2018-07-24,50.282440185546875,50.99732092002418,50.05753567731687,50.97322181978945,8142300
2018-07-25,49.7442741394043,50.2583433293097,49.47920548980641,50.17802116742226,5883000
2018-07-26,49.9932746887207,50.38685754764906,49.71214101110657,49.72820605532114,6748600
2018-07-27,49.91294479370117,50.38685282932469,49.583619078375925,49.92097884710307,3505500
2018-07-30,49.60771942138672,50.25030892926269,49.60771942138672,50.04146641997484,7520600
2018-07-31,49.40691375732422,49.78443465491441,49.05349195930181,49.66395141345165,6141600
2018-08-01,49.920982360839844,50.13785279245828,49.551492480685376,49.688043821286634,4544400
2018-08-02,50.386844635009766,50.50733090369507,49.551480934494165,49.64787117507965,3463700
2018-08-03,49.92900848388672,50.54749882305424,49.824587241145835,50.18604303210004,5401600
2018-08-06,50.0254020690918,50.13785431530023,49.63181920736227,49.864757753990546,2550000
2018-08-07,50.12179183959961,50.53947073164669,50.08966175125941,50.17801796214802,3765700
2018-08-08,50.52340316772461,50.58766027320944,49.912943813104306,50.073591172956675,2588300
2018-08-09,50.29849624633789,50.66798609769306,50.10572186345948,50.48323963996869,2749800
2018-08-10,50.05752182006836,50.29849130705007,49.631808957597556,49.82458332154562,4444600
2018-08-13,49.76033020019531,50.37882054015901,49.76033020019531,49.96113863275131,3494700
2018-08-14,50.55553436279297,50.724215789817436,49.84869082362809,49.87278685716282,5057400
2018-08-15,49.985233306884766,50.55552850447597,49.87278107796182,50.178010745105134,4368900
2018-08-16,50.796504974365234,51.07763556829067,50.1619495605408,50.21817567932588,6614100
2018-08-17,50.93305206298828,50.99731223387691,50.55553121925156,50.66798651830667,2770300
2018-08-20,51.06157302856445,51.17402527164776,50.611760992137405,50.844699532292154,3263700
2018-08-21,51.63186264038086,51.88889718614767,50.997310329071624,51.14188957998366,5266600
2018-08-22,51.47924041748047,51.60776073984061,51.31056515461562,51.43104836068855,2462700
2018-08-23,51.14189529418945,51.45515599033828,50.91699080753774,51.382867888852076,3105200
2018-08-24,50.941078186035156,51.3105680051612,50.87682108537843,51.25434189305158,5393100
2018-08-27,50.941078186035156,51.447119323208355,50.87682108537843,51.16598569856694,5628600
2018-08-28,50.748313903808594,51.11780073225944,50.48324526768478,51.0776396533572,5016900
2018-08-29,50.62782287597656,50.868795455078626,50.25030509263101,50.76437420840731,4358400
2018-08-30,50.42700958251953,50.63585205576108,50.306526368658645,50.47520470651989,4777400
2018-08-31,50.724212646484375,50.764373721251445,50.16194840746466,50.20210948223173,2785400
2018-09-04,50.98124313354492,51.10172634823142,50.5715922369681,50.60372231985518,3097000
2018-09-05,51.085662841796875,51.26237523889224,50.74830615362584,50.91698449771136,2480700
2018-09-06,50.724212646484375,51.23024770391788,50.724212646484375,51.045504308714506,4942800
2018-09-07,50.86880111694336,51.1258357034403,50.49931121777178,51.08567155972381,2682900
2018-09-10,50.748313903808594,51.13386577663912,50.65192670162444,51.021413530075286,2299300
2018-09-11,50.8366813659668,51.133877092525225,50.44309535179921,50.60374276705322,3599300
2018-09-12,49.88080978393555,50.820594773096595,49.78442260128346,50.55552619068674,9027800
2018-09-13,49.31856155395508,50.1057303902011,49.270366417987084,49.9209869651316,9266200
2018-09-14,49.81656265258789,49.88885382006685,49.390849701930655,49.42297672651493,5373900
2018-09-17,49.414939880371094,49.985235098402214,49.27035756254722,49.784426664101666,5197000
2018-09-18,49.21413040161133,49.487229989027895,49.08561312895021,49.44706891583882,5390100
2018-09-19,49.864749908447266,49.9852331258168,49.16593437851161,49.16593437851161,6623900
2018-09-20,50.5153694152832,50.74027388195963,50.08965651361894,50.129817587797795,8826500
2018-09-21,50.24666213989258,50.666258849733026,50.17403957322519,50.53715240656215,7005800
2018-09-24,49.45589828491211,50.31929843635031,49.29451441737928,50.31929843635031,5509400
2018-09-25,49.407474517822266,49.68182612652111,49.31064544361702,49.60113574437353,3112900
2018-09-26,48.41496276855469,49.504298199591,48.39075627217535,49.40746913593321,8735400
2018-09-27,48.01150131225586,48.61668830358682,47.92274006102489,48.511788363210194,7032800
2018-09-28,47.94694519042969,48.1809515591682,47.62418065112772,47.825909642494,7313200
2018-10-01,47.47086715698242,48.31812829494014,47.325622038687946,48.13253799448388,8287400
2018-10-02,47.29335403442383,47.72101859074654,47.027070238731106,47.3659766079636,8237100
2018-10-03,48.439170837402344,48.64897073996874,47.40631924981559,47.51121920109878,13619400
2018-10-04,48.536006927490234,49.28643918201245,48.253584432331756,48.44724565981588,17162200
2018-10-05,48.148685455322266,48.78614995604918,47.93888860956119,48.761943456422365,6559900
2018-10-08,48.49565124511719,48.71351893843114,47.85818993298411,48.00343506186008,6152700
2018-10-09,48.29392623901367,48.624761709251636,48.09219721867002,48.39075838503983,4145700
2018-10-10,47.59998321533203,48.786147817154756,47.59998321533203,48.2697219934849,7984800
2018-10-11,46.163665771484375,47.59997841152116,46.147527081355825,47.37403982786188,12816500
2018-10-12,45.2357177734375,46.80113390274346,44.02534362078034,46.704304832410266,26937300
2018-10-15,45.35675811767578,45.67952582362656,44.985577410531064,45.34869031019045,7435500
2018-10-16,45.45358657836914,45.614967340074074,44.67894476273815,45.558483457849206,11982700
2018-10-17,45.68758773803711,46.11525535497976,44.7596360898684,45.32447488521432,10395900
2018-10-18,44.87260818481445,45.89739207818409,44.77577910741899,45.550417882864416,8175100
2018-10-19,44.146385192871094,44.9533014043795,44.017278722155396,44.5337046050182,11897000
2018-10-22,42.79076385498047,44.420734900894644,42.6535895824825,44.29969932130366,13956100
2018-10-23,42.847251892089844,43.129674428111514,41.999990440307286,42.01612913477777,16351200
2018-10-24,41.00748062133789,42.8391807461148,40.90258065452361,42.823042052901755,17713600
2018-10-25,42.080684661865234,42.45993321517952,41.185007110724555,41.29797489588801,14076300
2018-10-26,41.89508819580078,42.29854630128333,41.265694536253136,41.5884622518956,16867400
2018-10-29,42.73427963256836,43.32332806740341,42.346960240271656,42.50027320447006,11332900
2018-10-30,43.1942253112793,43.242641393775465,42.4115186521755,42.774628497402674,12330300
2018-10-31,43.56540298461914,44.17865788582122,43.51698690894237,43.613815982155174,11199500
2018-11-01,43.99307632446289,44.186734509530226,43.62189557129936,43.807485947881126,7468100
2018-11-02,44.13831329345703,44.5982552451283,43.72678433997803,44.31583275039666,7610800
2018-11-05,44.32390213012695,44.50949246588918,43.90430538391382,43.90430538391382,6609000
2018-11-06,44.61438751220703,44.78383913775838,43.95271662164813,44.25127468735389,5402900
2018-11-07,44.783851623535156,44.93716460204345,43.93659018142084,44.67088384167207,11860000
2018-11-08,45.001708984375,45.28412837379747,44.477212314715565,44.477212314715565,5601100
2018-11-09,44.75156021118164,45.32446982717833,44.436863466567694,44.92908271455986,7290100
2018-11-12,44.21092987060547,44.88873945660306,44.186720296653164,44.60631700018885,5779600
2018-11-13,44.4530143737793,45.138891924752954,44.259353127944024,44.259353127944024,8114900
2018-11-14,43.62188720703125,44.95329697803776,43.1135291819571,44.759638830103356,10719200
2018-11-15,44.420719146728516,44.517548191688284,42.94406466806764,43.210345311241966,9542300
2018-11-16,44.380393981933594,44.55791654286652,43.95272935220379,43.97693585482511,7700500
2018-11-19,44.29969787597656,44.9290914881096,43.976930184649405,44.380388259737934,7511000
2018-11-20,43.468570709228516,44.27548683269441,43.36367382943928,43.76713189117223,9128400
2018-11-21,43.62995910644531,44.31583665177095,43.06511714539658,43.55733652462274,7071400
2018-11-23,43.53312301635742,43.9930649344883,43.153871474756656,43.282977924089174,3462000
2018-11-26,44.372318267822266,44.75156674659635,44.05761839911005,44.05761839911005,8620400
2018-11-27,44.130252838134766,44.50950449702458,43.83976554590463,44.24322370961158,5959200
2018-11-28,44.55792236328125,44.64668365534223,43.50086082404665,44.235154588176165,7442800
2018-11-29,44.41265106201172,44.67086389903529,43.9042931924354,44.251267269337035,5770000
2018-11-30,44.993648529052734,45.12275500530567,44.19480316915685,44.19480316915685,4979500
2018-12-03,44.9290885925293,45.7117981927622,44.47721446942173,45.590759546779985,9048600
2018-12-04,42.467994689941406,44.77577520046133,42.12908833141762,44.56597529324647,19682500
2018-12-06,42.12908172607422,42.16135910337589,41.096230277541814,41.64493337910969,16879700
2018-12-07,41.74983215332031,42.71812882027729,41.394787169172055,42.03225150149276,13714700
2018-12-10,40.926788330078125,41.741772291518785,40.45877548308822,41.59652713749715,12890000
2018-12-11,40.5072021484375,41.54812499829357,40.313540866408275,41.41094761557669,9727000
2018-12-12,41.00748062133789,41.556183878017364,40.58788383222177,41.07203539419006,10019800
2018-12-13,39.90199661254883,41.16885447985,39.80516755492091,41.04781584920991,12110000
2018-12-14,39.135433197021484,40.27318484312885,39.07087842764251,39.5066138865281,12631800
2018-12-17,38.90949630737305,39.80517369344314,38.75618027450007,39.01439318675478,12265600
2018-12-18,38.30430603027344,39.49047053533773,38.11871570741495,39.09508339302978,15975900
2018-12-19,37.16654586791992,38.71582285195856,37.01322988348669,38.19939719061235,17780200
2018-12-20,37.17462921142578,37.50546473140081,36.78730980351413,36.932554966248624,23969000
2018-12-21,36.62128829956055,37.8157267035674,36.55628651477566,37.23069514248592,13368000
2018-12-24,35.930625915527344,36.71878993570179,35.930625915527344,36.401898895676645,7949400
2018-12-26,37.72634506225586,37.742596282717535,35.711240219057856,36.16626199357147,13650000
2018-12-27,37.482582092285156,37.50695737261527,36.2718925423693,37.12506144955933,10051400
2018-12-28,37.80758285522461,38.25448348912731,37.43381423378064,37.653200972350476,9525800
2018-12-31,38.01885986328125,38.27887318484068,37.24694395882527,38.010732703455666,9398900
2019-01-02,38.652645111083984,38.733898118371116,37.40132896139943,37.55571401468995,9455800
2019-01-03,38.49826431274414,39.27018030355158,38.23012380136322,38.514515534609984,9238500
2019-01-04,39.72520065307617,39.8389561023403,39.05891607915469,39.253927634752856,10113200
2019-01-07,39.98521041870117,40.35085511549995,39.2782994046257,39.57893922216992,7751400
2019-01-08,40.326480865478516,40.35898020633255,39.5139384516645,40.24522476433512,10226100
2019-01-09,40.62711715698242,40.748999748294594,40.09896339410043,40.43210563080356,6577100
2019-01-10,40.488990783691406,40.65962395012444,39.9770881847889,40.358981019243316,8144200
2019-01-11,40.61087417602539,40.80588574176207,40.00146729505333,40.21273008290171,6621700
2019-01-14,40.805870056152344,41.13088507464079,40.18021219356892,40.24521395742561,5730600
2019-01-15,41.08214569091797,41.13089625215807,40.33460505600209,40.716500983600596,8007100
2019-01-16,42.146568298339844,42.211573170249835,41.29339950194,41.496535077254386,11264200
2019-01-17,42.414710998535156,42.56096886849863,41.69154880793971,41.91093561288491,9646900
2019-01-18,43.26788330078125,43.30038574106222,42.28470772930679,42.902238596628635,8841500
2019-01-22,42.983489990234375,43.30850505864192,42.69097425894551,42.967238771873554,10077100
2019-01-23,42.91037368774414,43.19476234375868,42.52035363109396,43.05663159643844,6593800
2019-01-24,42.93474197387695,43.23538180402851,42.422839376892014,42.747857587587966,8268200
2019-01-25,43.446651458740234,43.64978709772876,42.9510000036716,43.276015166290925,6879500
2019-01-28,43.812286376953125,43.877291259220854,43.18663143294485,43.18663143294485,6949400
2019-01-29,43.70665740966797,44.09667739836934,43.690406189354995,43.79603757158766,6450100
2019-01-30,43.51976776123047,43.9097877027542,43.44663882846958,43.79603227392682,9538100
2019-01-31,43.032249450683594,43.50352558186306,42.23595818383888,43.20288262937812,15374400
2019-02-01,43.4060173034668,43.53602707441762,43.113504617638085,43.18663356399615,6377500
2019-02-04,43.90166091918945,43.917912137675614,43.21912524078571,43.454763259430536,4608200
2019-02-05,43.714778900146484,43.96666815078468,43.38976381180379,43.9585409913043,6477600
2019-02-06,43.779788970947266,43.9260468629124,43.48727318701699,43.5685261938405,4841600
2019-02-07,44.42982482910156,44.998605207742,44.03167763417214,44.779218357426245,18191300
2019-02-08,43.99916076660156,44.486684840076485,43.62538900402816,44.21854442994355,8278700
2019-02-11,44.454193115234375,44.47044433487791,43.982920143984714,44.12917802117332,4965300
2019-02-12,44.91734313964844,45.161108340739474,44.70608347825327,44.70608347825327,9019300
2019-02-13,45.03110122680664,45.18548627651781,44.74671260829156,45.047352447807995,6958900
2019-02-14,44.56793975830078,44.84420423851767,44.267300003230304,44.56793975830078,7795400
2019-02-15,45.53486251831055,45.64049076537406,44.76294686117228,44.94170712482177,6160900
2019-02-19,45.97365188598633,46.09553138995224,45.14485824068397,45.32361546642132,5496500
2019-02-20,46.48554611206055,46.52617260877687,45.71363027603844,45.965519515044434,4742100
2019-02-21,46.2011604309082,46.56680512347636,45.95739833573051,46.50180024497392,3325100
2019-02-22,46.33929443359375,46.396172156514176,46.03053053762669,46.21741492716573,3097200
2019-02-25,46.152408599853516,46.73744013113217,46.11990615931507,46.688686470324505,6316300
2019-02-26,45.63237762451172,46.306789253547166,45.61612640578282,45.82738914965541,6179100
2019-02-27,46.12803268432617,46.17678634446277,45.48612344074241,45.6242572613278,3995600
2019-02-28,45.99803161621094,46.24991780853393,45.99803161621094,46.144289514800136,3231600
2019-03-01,46.17678451538086,46.57492854211426,45.762386169642475,46.32303929079087,3941700
2019-03-04,45.9574089050293,46.542437448080165,45.58363696688655,46.14429332429871,3800700
2019-03-05,45.868019104003906,46.06302754424343,45.27486352390349,45.92489682404071,4748100
2019-03-06,44.74671173095703,45.8680211612378,44.64920750646409,45.729887335236334,8675700
2019-03-07,43.974796295166016,44.600454350332626,43.747285402233956,44.47044768299953,7850500
2019-03-08,44.06417465209961,44.21043253429855,43.51164556370436,43.56039922430511,5549700
2019-03-11,44.41355895996094,44.55169275331801,44.00728783771482,44.19417218199571,5287500
2019-03-12,44.31605911254883,44.64107418251673,44.104796372446856,44.47856819733427,7350100
2019-03-13,44.65733337402344,44.81171842695468,44.3404423068961,44.56795320645347,6447200
2019-03-14,44.77108383178711,44.86859114895686,44.519197678106565,44.641077175163964,5180800
2019-03-15,44.74578094482422,45.14580532954076,44.639650691754895,44.672306633351916,7365100
2019-03-18,45.39887619018555,45.521331278191404,44.82740977010052,44.83557219693766,9968500
2019-03-19,44.26411056518555,45.66011917524367,44.1824707225192,45.61930081103128,7677900
2019-03-20,42.75381088256836,44.37024257443162,42.70483008581735,44.149822760568284,16840400
2019-03-21,42.1578483581543,42.81911705429499,41.94559100063836,42.48440149274658,18597700
2019-03-22,40.32915496826172,41.73332581419742,39.98627390425152,41.64352355661758,23856300
2019-03-25,40.38631057739258,40.80266291414508,39.978120668550496,40.26385235904321,17633400
2019-03-26,41.37412643432617,41.41494479942693,40.67203934332334,40.74551364620135,16517800
2019-03-27,41.46393966674805,41.69252506313026,40.9822753570552,41.27617264625659,10436800
2019-03-28,42.010902404785156,42.05172077061949,41.30065287369439,41.586384548776394,13339000
2019-03-29,41.91294860839844,42.51707116834245,41.741509558746046,42.41094089816799,9879000
2019-04-01,43.12935256958008,43.17017094263807,42.27215116415106,42.32113508036599,14323700
2019-04-02,43.12935256958008,43.488558612429536,42.77830895564532,42.99056636409222,7795400
2019-04-03,43.22731399536133,43.85592685815129,43.08036537215111,43.49671772841874,9604900
2019-04-04,43.839599609375,43.95389229281161,43.10485648122242,43.14567485184378,9295500
2019-04-05,44.035526275634766,44.10083815593139,43.586517998442,43.88041523129308,6785100
2019-04-08,44.035526275634766,44.22329326012476,43.70897621687724,43.95388953950585,4990700
2019-04-09,43.259979248046875,43.8396083231088,43.162011401992686,43.76613399568949,8469600
2019-04-10,43.65998840332031,43.6844787991211,42.85177419947849,43.2762889264862,9800700
2019-04-11,43.84776306152344,44.21513463417681,43.5701937748789,43.74163591827856,6985100
2019-04-12,44.770267486572266,44.94987203563948,43.91306933607811,44.37840556389613,12660100
2019-04-15,44.027374267578125,44.827426305107096,43.89675359031304,44.745789549657395,7756500
2019-04-16,44.85190200805664,44.876395518057535,43.88041123395739,44.00286944123715,10041900
2019-04-17,44.86823272705078,45.06416524786069,44.46820837199979,45.06416524786069,5668500
2019-04-18,44.31309509277344,44.81108727518057,44.1988024176456,44.7376129677067,12082400
2019-04-22,43.945735931396484,44.3620883520019,43.74164093587094,44.182483759381824,5162000
2019-04-23,44.884559631347656,44.98252433230663,43.790610608873735,43.921231248232935,7625400
2019-04-24,44.884559631347656,45.14580091006606,44.370239501390074,44.704955084388125,5866600
2019-04-25,44.713130950927734,44.97437228997001,44.22330110454166,44.721293380291755,4914400
2019-04-26,45.1702995300293,45.19478992947863,44.35391966313623,44.49270274567187,7644600
2019-04-29,45.766258239746094,46.09280833066293,45.26010046032542,45.32541234705408,7392400
2019-04-30,45.55399703979492,45.97035252584843,45.333574096750496,45.89687821150029,5863800
2019-05-01,44.99884796142578,45.93768585731148,44.77026264315437,45.545823977028455,16093300
2019-05-02,45.57849884033203,45.733609925825554,45.08050652079667,45.08050652079667,5809500
2019-05-03,46.23974609375,46.288729997283724,45.63562685470788,45.79890030467077,8946100
2019-05-06,46.16627883911133,46.32139300017968,45.25193430000454,45.5213380249391,8262000
2019-05-07,45.35805892944336,45.766248794529005,45.05599618702609,45.60297222564644,6373600
2019-05-08,44.86823272705078,45.42337123606347,44.8437423297902,45.16212995114476,6674000
2019-05-09,44.85190200805664,44.974360215336404,44.09266859710186,44.32125704307466,7423700
2019-05-10,44.9743537902832,45.0723184735668,44.141646196769805,44.66412865993716,6873900
2019-05-13,43.13751220703125,44.313098091936375,42.957907640107756,44.08451272620977,10748200
2019-05-14,43.75796127319336,44.10084244965029,43.080367577474675,43.2844625519098,6799800
2019-05-15,43.21098709106445,43.341607746670626,42.61503015522116,43.25180546202099,9134600
2019-05-16,43.67631530761719,43.962046965802195,43.44772998106919,43.49671077147718,6662700
2019-05-17,43.30895233154297,44.05185790326916,43.178331674346346,43.25997153149556,6419400
2019-05-20,43.52936553955078,43.77427882774164,43.088519752262386,43.13750365559713,4308900
2019-05-21,43.83143997192383,44.035534966769475,43.700819299792315,43.70898484356193,4624100
2019-05-22,43.34160232543945,43.7253018157698,43.21914411364501,43.65998993901498,4366300
2019-05-23,42.345619201660156,42.85993934579742,41.994575639783804,42.76197464213758,11027100
2019-05-24,42.92525100708008,43.03137813790687,42.517061110615224,42.54971393550868,4269900
2019-05-28,42.345619201660156,42.91708568245248,42.304800834655374,42.68850033583226,5855200
2019-05-29,42.59870910644531,42.71300180939346,41.749673149912525,41.91294977451384,7448300
2019-05-30,41.87211990356445,43.00688730598851,41.47209243880575,42.704827657645254,6676900
2019-05-31,40.99858474731445,41.43126494127706,40.867964135123415,41.17818614267647,8304400
2019-06-03,41.46393966674805,41.82314573452616,40.778180363358956,40.90880103475485,8330200
2019-06-04,42.933406829833984,42.98239073100108,41.97007857323677,42.043552867866765,8663000
2019-06-05,42.72932434082031,42.95790971760156,42.206841700039064,42.86810742979687,7036500
2019-06-06,42.615028381347656,42.83545131242824,42.12519860753238,42.65584675060511,3719000
2019-06-07,42.32930374145508,42.541564295395496,42.14153670634945,42.37012523476549,5320100
2019-06-10,42.68850326538086,43.219148301342756,42.631356924804074,42.68033772287447,6026700
2019-06-11,42.91708755493164,43.300787072849396,42.66400868567326,42.96607146601962,4529500
2019-06-12,42.67217254638672,43.039544079464754,42.41093125936274,42.859939526795095,4319400
2019-06-13,42.80280303955078,43.162009113307725,42.631363989410595,42.80280303955078,4270100
2019-06-14,42.91708755493164,43.06403617395368,42.30480268042045,42.868103643843654,4172200
2019-06-17,42.337459564208984,43.09669307465407,42.2313293116086,42.90076054017967,4406000
2019-06-18,43.05586624145508,43.25996116405267,42.14968428684313,42.182337107635306,7802800
2019-06-19,42.72932434082031,43.6436689621875,42.72932434082031,43.00689363301562,6800300
2019-06-20,42.85177993774414,43.03138138806958,42.0598904822335,42.998725446467866,8585900
2019-06-21,42.77947998046875,43.165621865041565,42.639813506342854,42.70553798414768,6438100
2019-06-24,42.38512420654297,43.075248468912584,42.344046015676994,42.6808921952821,4445700
2019-06-25,42.40977478027344,42.55765878958848,41.78537806743856,42.32761839023859,6723700
2019-06-26,42.59873962402344,42.984881576056445,42.541229520622636,42.62338904981348,7134800
2019-06-27,43.239566802978516,43.313508804329906,42.648030792167376,42.648030792167376,5101000
2019-06-28,43.89682388305664,44.233670055452905,43.362798011032446,43.683212280620964,7125300
2019-07-01,44.1761589050293,44.74304543503205,43.89682283211528,44.38976736828594,7598300
2019-07-02,43.52711868286133,44.12686909788396,43.25600009193633,44.00363451439636,5640800
2019-07-03,43.91326141357422,43.96255399424955,43.4942556734415,43.62570777868472,3516500
2019-07-05,44.43083953857422,44.67731175588612,44.21722798525676,44.36511194245676,5706500
2019-07-08,43.855735778808594,44.24187443827052,43.69141992194227,44.06112981637543,4225700
2019-07-09,44.06935501098633,44.11043320176507,43.55997855038676,43.57641045351127,2859600
2019-07-10,43.56818389892578,44.08577777077176,43.477810017516944,43.90503000795409,6585800
2019-07-11,43.91326141357422,43.98720341865262,43.34637166328471,43.66678910800136,5084400
2019-07-12,44.340476989746094,44.447279659628165,43.83931491053071,43.99541329009571,4899500
2019-07-15,43.477813720703125,44.5458653547986,43.35457916342919,44.36511757658589,5897400
2019-07-16,43.436729431152344,43.65855536395173,43.09166895839612,43.4613788463951,5496100
2019-07-17,43.10811233520508,43.42030909347288,42.836990633795324,43.32172080844437,5009800
2019-07-18,43.46139144897461,43.790020118216795,42.795913457606574,42.98487564758549,5818200
2019-07-19,43.80644226074219,44.085778291091614,43.48602804764876,43.52710623039276,5851900
2019-07-22,43.52711868286133,43.75715907929046,43.25600009193633,43.72429840413298,3864500
2019-07-23,43.98720169067383,44.0036335949419,43.329941190277346,43.502471483994185,4972700
2019-07-24,45.03059768676758,45.1702641520378,43.839311436713764,43.839311436713764,7966100
2019-07-25,44.72661209106445,45.42495381787419,44.55408182237192,45.038811958744866,6920700
2019-07-26,45.48245620727539,45.57283008530879,44.726604518866885,44.78411459869463,5096300
2019-07-29,44.997737884521484,45.61392015823566,44.915578367587194,45.47425054647992,4615400
2019-07-30,45.52354431152344,45.539976214208195,44.52943770458277,44.68553607899052,3642000
2019-07-31,45.30170822143555,45.79465578982717,45.137392365305004,45.523534157102134,8447100
2019-08-01,43.41210174560547,45.53176745465417,43.26421772705956,45.244216937518004,14856500
2019-08-02,43.0341682434082,43.43673888255247,42.44263229389753,43.305286797557315,11075300
2019-08-05,41.62928009033203,42.24546247035991,41.021315230447954,42.089364062349816,14909200
2019-08-06,41.9825553894043,42.16330321151202,41.169196458050415,41.933262808149784,9020400
2019-08-07,41.42387008666992,41.55532528606127,40.6022938948607,41.05416330760733,10157700
2019-08-08,42.204368591308594,42.442626441906604,41.7032066069695,41.818229907787654,6407000
2019-08-09,42.04826736450195,42.253661400813876,41.66212557333497,42.04826736450195,4140800
2019-08-12,41.20205307006836,41.612841223771674,41.14454297927509,41.50603542627064,6006500
2019-08-13,41.60462951660156,42.31940012634023,40.95558339092151,40.95558339092151,6702100
2019-08-14,40.273677825927734,40.91450645197162,39.96969541794095,40.47907193776902,10682000
2019-08-15,39.95325469970703,40.56943689930865,39.86288080898177,40.37225721644764,5770800
2019-08-16,41.07060241699219,41.1281125097889,40.2818867525166,40.2818867525166,6735600
2019-08-19,41.48959732055664,41.892171029982066,41.456733520998554,41.75250144889244,5388000
2019-08-20,40.906280517578125,41.26777292409651,40.77482844847466,41.23490912330451,4903200
2019-08-21,41.13632583618164,41.30064172597408,40.95557804400346,41.218482214045395,6792300
2019-08-22,41.29243469238281,41.62106655541118,40.955588443108304,41.3828086114189,5248300
2019-08-23,39.96147537231445,41.4978223542322,39.76429879248754,41.07881977155108,11731700
2019-08-26,40.331180572509766,40.39690504660072,39.8546648155747,40.24902419637986,4696400
2019-08-27,39.624629974365234,40.59409039124294,39.41923587136682,40.47907019501429,10938000
2019-08-28,40.224369049072266,40.487273176133044,39.45208856758927,39.45208856758927,5304100
2019-08-29,41.07881164550781,41.22669561815681,40.60229592606891,40.60229592606891,7457500
2019-08-30,41.17741012573242,41.59641586348398,41.02952611641604,41.399236139707,4662400
2019-09-03,40.216163635253906,40.840560292759946,39.97790573757373,40.82412838939596,6966100
2019-09-04,40.52836227416992,40.74197074314712,40.26545496256451,40.56944046427342,4993200
2019-09-05,41.711429595947266,42.13864965283724,41.20205316175976,41.23491383223983,9728500
2019-09-06,41.473167419433594,41.89217304883059,41.3663616327549,41.68677899279096,5241100
2019-09-09,42.93557357788086,43.11632135633669,41.6456991121444,41.875742594014916,11154300
2019-09-10,43.740718841552734,43.765365124975844,43.02594528163726,43.09988726597113,10997800
2019-09-11,44.26653289794922,44.307611087042325,43.04238280495893,43.831095318180424,9274600
2019-09-12,44.365116119384766,44.55407827491662,43.50246171054298,43.872171638350764,7905000
2019-09-13,44.849853515625,45.211345984938326,44.54587114065549,44.82520722778195,7829400
2019-09-16,44.85806655883789,45.00595054960418,44.241884308666684,44.34869010956789,4588700
2019-09-17,44.29939651489258,44.652674605904785,43.93790403914143,44.652674605904785,5810600
2019-09-18,44.61982345581055,44.81700007227874,43.83110758774036,44.06115115237433,7089900
2019-09-19,44.2254638671875,44.948448920325816,44.15152185788181,44.51301438445097,5765000
2019-09-20,44.060123443603516,44.61397654921904,43.91959548082431,44.25851938602909,6592100
2019-09-23,44.09319305419922,44.28332080427782,43.54760811598335,43.746000918936346,3880200
2019-09-24,43.44841003417969,44.22545426358817,43.19214925742957,44.060124831923474,8216400
2019-09-25,44.21718215942383,44.32464359248116,43.44840310517243,43.50626792401749,5950600
2019-09-26,43.688133239746094,44.151055005444135,43.655069877007804,44.06012366277161,6259700
2019-09-27,43.8947868347168,44.638767555330716,43.67159577192863,43.95265165149832,7067400
2019-09-30,43.6385383605957,44.200656543736365,43.6385383605957,44.01879385113302,6432700
2019-10-01,42.65483093261719,44.349453726606875,42.506034754087395,44.13452451166529,7462800
2019-10-02,42.125770568847656,42.48949588732122,41.79511491515797,42.27456671669664,6149100
2019-10-03,42.167118072509766,42.167118072509766,41.2578107393577,41.910860395867296,6626100
2019-10-04,42.67136764526367,42.72923248010882,41.836458490071465,42.29937716883269,5747300
2019-10-07,42.580421447753906,43.002011558559055,42.44815856372396,42.613487957110365,5869300
2019-10-08,41.480995178222656,42.067911647342626,41.431395404188486,42.043113337023804,6884600
2019-10-09,41.77031326293945,41.9852424325762,41.447922661880405,41.78684651855736,3786000
2019-10-10,42.29111099243164,42.60523662567706,41.74552602595112,41.96872030588364,4769600
2019-10-11,43.10948944091797,43.646806193495635,43.05988966157671,43.05988966157671,7122000
2019-10-14,43.084686279296875,43.20041593980932,42.65483100211012,42.77056381601931,2406600
2019-10-15,43.82866668701172,44.060126005469264,43.10948726652097,43.27481354919253,5134700
2019-10-16,43.67159652709961,44.1841148360539,43.46493556262171,43.82038952039932,4789300
2019-10-17,43.48147964477539,43.85347013111565,43.35748491826002,43.82867181649199,4655500
2019-10-18,43.993988037109375,44.15104923813863,43.506268024717734,43.506268024717734,4706500
2019-10-21,44.58091354370117,44.81237286692647,44.4073190512822,44.41558410422734,5557000
2019-10-22,44.76277542114258,45.275293836050515,44.093192622587814,44.580912725718555,7314600
2019-10-23,44.87849807739258,44.93636289810744,44.4569079225886,44.63050553812942,5332500
2019-10-24,44.50651550292969,45.03556718711481,44.26678797309682,44.9446358376336,3604200
2019-10-25,44.96943664550781,45.19262775937384,44.432116762831164,44.432116762831164,3542300
2019-10-28,45.424095153808594,45.58115640183213,45.06036972180049,45.26703075238798,7457000
2019-10-29,45.68861389160156,45.79607849368984,45.060362690743304,45.24222537837016,4962600
2019-10-30,45.24222183227539,45.622477282602866,44.92809625646749,45.51501584233401,6516000
2019-10-31,44.55610275268555,45.043822728169864,44.04358131851838,44.89502658965628,7693400
2019-11-01,45.498477935791016,45.498477935791016,44.76276541909004,45.00248973729655,7541000
2019-11-04,46.38299560546875,46.41606212246995,45.804344171534254,45.92007382764183,6166900
2019-11-05,46.854183197021484,47.17657385952905,46.564859052052306,46.58138915742482,6966800
2019-11-06,46.59791564941406,46.73017854696419,46.300323341577226,46.7136452905959,4810700
2019-11-07,46.92031478881836,47.391504797422236,46.77978681425338,47.077379176151915,5133200
2019-11-08,46.953369140625,47.07736697708366,46.60618024397429,46.81284120247475,4069300
2019-11-11,46.70538330078125,46.961644061194086,46.54005387965672,46.6227201669172,2154500
2019-11-12,46.79631805419922,47.01124410996402,46.45739413519538,46.78804984817173,4208000
2019-11-13,46.25899887084961,46.52352470651306,45.98620798243274,46.21766730028908,9086900
2019-11-14,46.19286346435547,46.316858161208344,45.92006945516576,46.06886561410627,4749800
2019-11-15,46.27552795410156,46.523520508483955,46.143265048204526,46.41605906540265,3683700
2019-11-18,46.02754592895508,46.18460718020068,45.76302005664821,46.11020908152705,3472700
2019-11-19,46.17633056640625,46.3499250353876,45.911804760321424,46.151532257522156,3810000
2019-11-20,45.961402893066406,46.234196913368656,45.57288237635837,45.928339531263234,5749500
2019-11-21,45.90353775024414,46.28379636561333,45.647280142712965,46.17633176865705,2902200
2019-11-22,46.234195709228516,46.45738995091836,45.98620315848302,46.01100146753866,3330500
2019-11-25,46.71364974975586,46.82111434970994,46.192866314725016,46.366460793068626,5113400
2019-11-26,46.42432403564453,46.63925007482502,46.308594387363,46.59791850806682,4349700
2019-11-27,46.73844909667969,46.845910538370525,46.49045654550613,46.68058427318574,3170400
2019-11-29,46.473934173583984,46.86245477184445,46.440867651443526,46.67232699963249,1234200
2019-12-02,46.20112991333008,46.97817724538464,46.15153329444756,46.854179391385514,11040700
2019-12-03,45.564613342285156,45.62247816613403,45.151291369995285,45.50674851843629,7121800
2019-12-04,46.184593200683594,46.38298912156027,45.70514138477558,45.754737999947615,5085000
2019-12-05,46.374717712402344,46.5235138544294,46.20112326450276,46.391250967449345,4875300
2019-12-06,47.036041259765625,47.350163685267425,46.97817643646812,47.25923234768666,6831000
2019-12-09,47.05257797241211,47.23444067311767,46.82938685314214,46.837651906175665,5237800
2019-12-10,47.168296813964844,47.31709295165841,46.837638029446715,46.92856935285899,3802100
2019-12-11,47.044307708740234,47.374966554599794,46.93684311082641,47.14350410113952,2832100
2019-12-12,48.515743255615234,48.62320787635497,47.05258275500987,47.05258275500987,7305900
2019-12-13,48.110679626464844,48.78852742877292,47.78828898309838,48.35867218648547,7759300
2019-12-16,48.44960021972656,48.83812386771691,48.39173539811902,48.598396376259196,8469500
2019-12-17,48.953861236572266,49.01999112024733,48.34214325724488,48.408276294316714,7348600
2019-12-18,48.74720001220703,49.08612394222309,48.664533716229485,48.99519259334617,3756200
2019-12-19,48.672794342041016,48.81332229322136,48.56532975070552,48.74719242013539,4613100
2019-12-20,48.73519515991211,49.04296048005892,48.61042380611531,48.93482869137352,6168400
2019-12-23,48.44404983520508,48.90985596251052,48.37750428955216,48.76845143759744,2582600
2019-12-24,48.56050491333008,48.676956453660715,48.36087143485864,48.53554874535459,2017100
2019-12-26,48.66032791137695,48.7601430801723,48.46901418240796,48.65201130275526,1347700
2019-12-27,48.335906982421875,48.69358129897811,48.285997831367844,48.69358129897811,2176600
2019-12-30,48.31096649169922,48.66863772772091,48.31096649169922,48.66863772772091,4132600
2019-12-31,48.45236587524414,48.643679557159565,48.269368799904946,48.34423095135587,2535200
2020-01-02,48.585453033447266,48.63536219132414,48.05310137502526,48.62704241181157,3811400
2020-01-03,48.06142807006836,48.252741789155884,47.62889146353997,47.92002351933417,6355500
2020-01-06,47.645530700683594,47.77861865118009,47.229630458748666,47.71207626246536,5437000
2020-01-07,47.3460807800293,47.587303675576244,47.129814056031066,47.545714287084316,4620200
2020-01-08,47.695430755615234,47.90338083683555,47.33775636207097,47.34607296917056,5006800
2020-01-09,47.861785888671875,48.03646317504528,47.68710860229847,47.93664803612706,5647700
2020-01-10,47.354393005371094,47.84515532662715,47.24625807409327,47.79524616456051,8127200
2020-01-13,47.59561538696289,47.61225177415224,47.14644245204956,47.42925468813576,3628100
2020-01-14,47.67879104614258,47.986556256445304,47.404298608052635,47.56233951646404,4521600
2020-01-15,47.079898834228516,47.454209628674946,46.855315530627195,47.27953231562213,10385900
2020-01-16,47.753658294677734,47.811884065732464,47.321121728937925,47.32944150941234,7366500
2020-01-17,47.861785888671875,48.202823855286354,47.778603962018316,48.16955108462493,8412800
2020-01-21,47.24625778198242,47.753656487456915,47.23794117488929,47.529070019145266,5027900
2020-01-22,47.28784942626953,47.437573745641494,47.12149189191541,47.312805594875904,4256600
2020-01-23,47.362709045410156,47.445890981191894,46.63904365597428,47.113169584197756,5487300
2020-01-24,46.5142707824707,47.41261662045643,46.05678125671113,47.32943786052426,10017600
2020-01-27,45.707435607910156,46.106699445289216,45.44125971632412,45.557711272259645,8614800
2020-01-28,46.10669708251953,46.44773512445409,45.83220142353801,46.08174408554549,5870100
2020-01-29,45.54106140136719,46.39781460047755,45.50778863150159,46.20650093334931,5794600
2020-01-30,45.998558044433594,46.023514212252095,44.975444009736336,45.15012131913347,6160000
2020-01-31,45.075260162353516,45.665840826814645,44.95880862017053,45.59097866783036,8871900
2020-02-03,45.674156188964844,45.89042287954171,45.34143478631347,45.358071173752684,8341700
2020-02-04,46.31465530395508,46.664010015096956,46.24810973627054,46.447743266256836,11053400
2020-02-05,47.354393005371094,47.44589154929338,46.8469942967595,46.8469942967595,9558300
2020-02-06,46.86363220214844,47.71206894636567,46.82204281894561,47.612253792065566,5807800
2020-02-07,46.40614318847656,46.630729668102305,46.256418868726065,46.48100534835181,5569400
2020-02-10,46.36454391479492,46.36454391479492,46.048458954627,46.131637704271554,3071000
2020-02-11,46.722225189208984,47.07158299407557,46.547547873308986,46.663999417242316,4995400
2020-02-12,46.84700012207031,47.21299117020309,46.664003011470506,47.04663362209436,4410900
2020-02-13,47.07158279418945,47.121491958406054,46.572503844289734,46.59745683986475,8503400
2020-02-14,46.763824462890625,47.17140492519897,46.62241672989902,47.038316974007074,5276400
2020-02-18,46.13166046142578,46.75551091070854,45.857167913736454,46.514287975449676,7410600
2020-02-19,46.5142707824707,46.62240570883557,46.14827979647631,46.31464048940696,5375500
2020-02-20,46.930179595947266,47.12981309894825,46.30632926203616,46.30632926203616,7806800
2020-02-21,46.28968048095703,46.69726078514975,45.99023191367579,46.65567141148643,9623900
2020-02-24,44.85899353027344,45.133485998232125,44.52627211807312,45.041990624290264,9308500
2020-02-25,43.128841400146484,44.958802572322305,42.96248388973005,44.917213194718194,11800100
2020-02-26,42.41350173950195,43.65288249860342,42.355272795098635,43.31184447803099,8492000
2020-02-27,40.699981689453125,42.579848636743264,40.68334530564595,41.42364693320356,13750500
2020-02-28,39.51883316040039,40.142683421764566,38.61217065362845,39.46892717025382,13822800
2020-03-02,41.298892974853516,41.3238459725873,39.019758380850774,39.43565859943715,9062300
2020-03-03,39.58537673950195,41.714786667857595,39.136203812158236,41.257293960526205,15844900
2020-03-04,40.29240417480469,40.39222249240274,38.928252231627035,40.15931625774019,12236100
2020-03-05,38.17963790893555,39.12788981451871,37.69719217560148,39.12788981451871,11490600
2020-03-06,36.50771713256836,37.66391912020603,35.79236831841558,36.69071422634694,9931700
2020-03-09,30.851472854614258,33.57977678792079,30.726701542002633,33.08901449035004,11877900
2020-03-10,33.030784606933594,33.12228313503541,30.876421999418266,32.298802728250855,14950900
2020-03-11,30.735023498535156,32.3154422561689,30.29416715633359,31.882908867432537,14164900
2020-03-12,28.15643882751465,30.901382350288117,27.316321922402132,28.231300981282406,18536000
2020-03-13,31.3089599609375,31.342232731472954,28.83019567123487,30.28584606496758,11725700
2020-03-16,27.033506393432617,28.697106786874624,25.64440000144722,26.933691258284558,8745800
2020-03-17,29.079729080200195,29.39581398867737,26.27656379112275,27.665668356029023,9275600
2020-03-18,26.060304641723633,27.940173604329708,25.270093682503703,27.183235420313387,10038800
2020-03-19,27.44941520690918,27.998403384124686,24.305208893874806,25.76917789529398,10306700
2020-03-20,25.636079788208008,27.998392287597582,25.54458126609096,27.565855838631528,15406900
2020-03-23,23.6572208404541,25.633562100965737,22.925555092974705,25.633562100965737,13311600
2020-03-24,26.398866653442383,26.457736122871413,25.011223430926876,25.12055382050028,8583100
2020-03-25,26.6848087310791,27.727645418550775,25.47377537207775,27.012796731966183,13872500
2020-03-26,28.972320556640625,29.20779847273937,26.617530167142196,26.928699475795106,12251300
2020-03-27,28.03040313720703,28.921857000379465,27.315554486915993,27.870611815962384,8008900
2020-03-30,27.98835563659668,28.18178439923141,27.046440685635208,28.013587706955132,10279800
2020-03-31,27.408063888549805,28.249060014975825,26.878235430620638,27.74446362237846,7739300
2020-04-01,25.633563995361328,26.16339250386573,25.356035311311917,25.936323143078127,9120100
2020-04-02,26.112930297851562,26.89505698843936,25.339213761407738,25.473774623638427,8530300
2020-04-03,24.82621192932129,26.29795549987012,24.506632427149697,26.10452672986127,6914900
2020-04-06,26.89505958557129,27.096900096371694,26.028834478042164,26.037243028925225,10757000
2020-04-07,27.660364151000977,29.157336341252364,27.458526862143597,28.375212836747682,11652500
2020-04-08,29.132102966308594,29.30871136871856,27.736049636893192,28.13131881117343,10806500
2020-04-09,31.43644142150879,31.596229557625215,30.124486087436644,30.149714948890246,16973200
2020-04-13,29.661937713623047,31.537358940295064,29.36758710529266,31.537358940295064,8895600
2020-04-14,29.18256378173828,30.68794749177373,28.619094756042376,30.587025655199763,14920000
2020-04-15,27.214641571044922,28.06404644710943,27.113722910397325,28.06404644710943,11372500
2020-04-16,26.213850021362305,27.340783384968734,25.75130278116727,27.307145977208624,14381000
2020-04-17,28.585468292236328,28.75366500127453,27.44171270515569,27.651961799600027,14154200
2020-04-20,28.518173217773438,29.28347942223886,27.458519707030945,27.887426240198256,14338200
2020-04-21,27.727649688720703,28.25747506029699,27.315560080459452,27.559449783141694,11267000
2020-04-22,27.609907150268555,28.812528780644907,27.483756435345423,28.434083052167413,7897300
2020-04-23,28.12291145324707,28.720021186647482,27.786514901960192,27.786514901960192,7602000
2020-04-24,28.905038833618164,29.18256912277252,28.064042623786946,28.383622081803672,5932000
2020-04-27,30.822513580322266,31.100040672196297,29.090060165309147,29.32553808667452,10027200
2020-04-28,31.604639053344727,32.56337421767085,31.285059595854044,31.873757583396063,10311400
2020-04-29,33.41276931762695,33.94259767406615,32.42880557809918,32.72315288270706,11157100
2020-04-30,32.06718444824219,32.81567051661906,31.655094918654356,32.75680104212733,7498000
2020-05-01,30.553394317626953,31.30188044269871,30.10766413795418,31.20095858608639,8242400
2020-05-04,30.25063133239746,30.32632111119649,29.476913237102327,29.989921381390676,6703100
2020-05-05,29.670345306396484,31.352337728902334,29.561018108798685,30.85614983593727,8834100
2020-05-06,28.888216018676758,30.22540000464674,28.77047707281643,30.048791585856243,8721300
2020-05-07,29.27507781982422,30.284270656866052,29.13210680275096,29.308715228418702,11203200
2020-05-08,30.73000144958496,30.8477404024871,29.897413812690612,29.931054430132896,8146600
2020-05-11,29.41805076599121,30.225406459870563,29.098471267442417,30.216997908290015,12565700
2020-05-12,27.91266441345215,29.729216187136277,27.862206691609817,29.68716701621897,12043300
2020-05-13,26.40727996826172,27.7444656388653,25.902681934917013,27.702413262971106,12188700
2020-05-14,27.24827766418457,27.458526710333693,24.99440602874139,25.726073415132422,13663700
2020-05-15,26.945514678955078,27.340780647766714,26.60070481673223,26.937102921747904,11608600
2020-05-18,29.636714935302734,29.85537259057876,28.20702039496962,28.27429843961351,15877800
2020-05-19,28.349977493286133,29.535781854760664,28.316336879648933,29.42645467265801,12057100
2020-05-20,29.796491622924805,29.93105086853643,28.947083778383213,28.989136149255042,10069500
2020-05-21,29.687164306640625,30.233813103110712,29.54419649694138,29.67034399817969,10284400
2020-05-22,29.37599754333496,30.107663339569264,29.04800953840737,29.788083885063397,10088400
2020-05-26,31.848529815673828,32.226978802200904,30.662725129986576,30.713186064238975,15369200
2020-05-27,34.152862548828125,34.203320277001495,32.52132756409706,33.43801372095584,16911600
2020-05-28,32.91659927368164,34.766792034150214,32.73157903519076,34.766792034150214,15243100
2020-05-29,32.10923385620117,32.613830272254795,31.705556081729117,32.39517268080377,13349100
2020-06-01,32.4203987121582,32.94181539103306,31.92421088944238,32.28583946573419,9076700
2020-06-02,32.31947326660156,33.210930091337154,32.016714223931174,32.96704050605881,13086200
2020-06-03,34.18649673461914,34.56494245723188,33.17730065531141,33.24457868292078,15419300
2020-06-04,35.414337158203125,35.45638631073816,33.63983533118022,34.03510442292789,13924800
2020-06-05,37.46638488769531,38.78674883488288,37.188857774232694,38.57649975783841,20552400
2020-06-08,38.702640533447266,39.08108941642385,37.87846474837908,38.660591370482194,12508200
2020-06-09,37.76072311401367,38.349417769803225,37.020645707691465,37.701853648434714,11905300
2020-06-10,35.246150970458984,37.651400640109856,35.18728149251474,37.617760021814306,18967500
2020-06-11,31.966264724731445,33.505289338292066,31.848525767919455,32.90818279551928,15421900
2020-06-12,33.13525390625,33.84169089252795,31.9326289985608,33.59780120732751,17997000
2020-06-15,33.614620208740234,33.90896760483501,31.503717883102787,31.663509219393674,14701900
2020-06-16,34.81724548339844,35.53209100135062,33.79122904799531,35.321841942171034,17363600
2020-06-17,33.749176025390625,35.01067023647123,33.65666593660807,34.93498045548056,9022700
2020-06-18,33.90056228637695,34.4892571346952,33.143664326901614,33.244582985449554,6878200
2020-06-19,33.5389289855957,34.72473348623461,32.79044288912697,34.598582774362995,12166800
2020-06-22,33.49141311645508,33.84779344960095,32.829558839803525,33.219884318759576,6443800
2020-06-23,33.13502883911133,34.45873412727927,33.10957402639531,34.17871823988895,8545800
2020-06-24,31.395540237426758,32.676816266133315,31.183408208795495,32.63439050778263,13016900
2020-06-25,32.439231872558594,32.481657634103954,30.97976236987576,31.12401384338373,10426500
2020-06-26,30.462167739868164,31.743444068625582,30.334887198131543,31.717989255029714,14126000
2020-06-29,31.76889419555664,32.12527771771698,30.733692007204944,30.87794024547302,12179900
2020-06-30,32.57499694824219,32.770158045026825,31.370088462820963,31.565249559605604,7698100
2020-07-01,31.217363357543945,32.77016878289264,31.132508567955963,32.719259146019105,9401700
2020-07-02,31.06462287902832,32.60894419061209,30.9543132890927,32.1167962023445,10308300
2020-07-06,31.395540237426758,32.4816551882179,31.06461479066245,31.86223005303996,9286600
2020-07-07,30.30094337463379,31.20886835349053,30.16517898256769,31.07310396142443,9710200
2020-07-08,30.25852394104004,30.759155848462594,29.62212761314081,30.250040080894856,11416900
2020-07-09,29.011173248291016,30.250026677718687,28.841470225546495,30.105775224132632,10355700
2020-07-10,30.4451961517334,30.470650964799656,29.03663931054588,29.062094123612138,9691000
2020-07-13,30.87794303894043,31.454942517969073,30.054869586262825,30.95431071224947,12640700
2020-07-14,30.233062744140625,30.869458937751656,29.808798615066603,30.648839777981244,15974800
2020-07-15,32.02345275878906,32.210126744612026,31.022189315557323,31.183408493513042,12162400
2020-07-16,31.9386043548584,32.591971527343986,31.310695232179846,31.658591702009463,8529600
2020-07-17,31.132497787475586,32.1337612997441,31.064617216189962,31.896174444927208,12849500
2020-07-20,30.57247543334961,31.124020155937593,30.43671102674194,30.903400972150887,8645900
2020-07-21,32.32892990112305,32.37984276907011,30.90340196739401,30.95431483534108,12041500
2020-07-22,32.014976501464844,32.286505333549904,31.57374134010687,31.972550728366365,9824500
2020-07-23,32.838043212890625,33.06714622386613,31.88769249974946,31.938602122047353,11159500
2020-07-24,32.64288330078125,33.33867621722177,32.60045429814491,32.86349922484938,11459500
2020-07-27,31.8537540435791,32.48166319036708,31.650105821696258,32.48166319036708,8278300
2020-07-28,31.684043884277344,32.108307994545186,31.590705262117893,31.684043884277344,4715000
2020-07-29,32.778656005859375,32.82956564292794,31.463437512560198,31.684053492575583,6921600
2020-07-30,32.19316864013672,32.227110555422534,31.293730543217055,31.964065567276275,7689900
2020-07-31,31.887693405151367,32.07436742034118,31.225839164581473,32.057396466800576,8749700
2020-08-03,31.794353485107422,32.1592208791845,31.46342799673014,32.04891130409931,5677000
2020-08-04,31.624649047851562,31.811326303268284,31.31069449391492,31.709500580198178,6339500
2020-08-05,32.41377639770508,32.490144061670506,31.79435122859797,31.98102522294164,7562100
2020-08-06,32.2186164855957,32.60893867705955,32.03193924755727,32.252555153247826,4766800
2020-08-07,33.64415740966797,33.64415740966797,31.76890690389016,32.03195191268817,7745200
2020-08-10,34.272056579589844,34.85754316214203,33.75445381287846,33.81385053329991,12588800
2020-08-11,34.9423942565918,35.833348288612015,34.76420409756344,35.129071510932995,11744000
2020-08-12,34.71329879760742,35.77395936125575,34.05144764169219,35.67213685347168,11228200
2020-08-13,34.02598190307617,34.58601042473735,33.93264651353134,34.28902682873461,8244300
2020-08-14,34.475711822509766,34.77269548519508,33.559299543002254,33.89871221768188,8091900
2020-08-17,33.85628128051758,34.41630984253631,33.63566210454976,34.26357448590586,6032000
2020-08-18,32.82955551147461,33.907186734210505,32.77015879530539,33.8393061601078,9777600
2020-08-19,33.033206939697266,33.54232262435627,32.68531046657528,32.93138445014118,6930000
2020-08-20,32.30347442626953,32.71076765089649,32.15922615868197,32.54954842767295,7424500
2020-08-21,32.057395935058594,32.532572915678415,31.811325204997498,32.18467646606269,6223000
2020-08-24,33.415042877197266,33.415042877197266,32.040424802794895,32.413779298652585,10690200
2020-08-25,33.52534484863281,34.136286135419795,33.1095678793634,33.813844541073564,7029500
2020-08-26,32.7362174987793,33.55080374389008,32.7362174987793,33.55080374389008,6589200
2020-08-27,33.39806365966797,33.74596002125295,32.719241885462836,32.719241885462836,7942300
2020-08-28,33.372615814208984,33.79687991617323,33.1435128107229,33.74596705866136,6586400
2020-08-31,32.795616149902344,33.372615583535726,32.78712905526992,33.372615583535726,7155300
2020-09-01,32.82955551147461,33.185939045368166,32.2271012549707,32.71076207913618,8746400
2020-09-02,33.075626373291016,33.23684555395456,32.55802369211073,32.89743624147163,6825100
2020-09-03,33.1010856628418,34.49267471411373,32.96532127209312,33.18594043010872,12679400
2020-09-04,33.796878814697266,34.33144923519768,33.2029084439298,33.873243243158946,12918600
2020-09-08,32.430755615234375,33.499899946373596,32.21013642449082,33.43201935936865,10739600
2020-09-09,32.22710037231445,32.73621923009286,31.88769103734036,32.685306373251564,8377200
2020-09-10,31.633129119873047,32.608937809447916,31.60767431059168,32.49014438363075,10956100
2020-09-11,31.80283546447754,31.955570794226144,31.370087521441878,31.726467799603235,7752100
2020-09-14,32.591976165771484,32.8719920953503,31.828299300446538,32.01497658683242,7954400
2020-09-15,31.981029510498047,32.73622239401403,31.8792070238526,32.7107643446938,7280600
2020-09-16,32.32045364379883,32.829569495505204,31.717999130674364,32.03195379799731,7468800
2020-09-17,32.142250061035156,32.30346925846739,31.675560184781194,31.802837476371387,5752300
2020-09-18,31.904659271240234,32.3289233745114,31.743440077273355,32.20164608565699,8624000
2020-09-21,30.40294075012207,31.465199972424017,30.077408222297468,31.182503165873573,12647200
2020-09-22,29.666200637817383,30.79699401294575,29.529134873192902,30.368663090006045,8552700
2020-09-23,29.040843963623047,30.454334344565407,29.01514188068884,29.854670273299124,6702900
2020-09-24,29.135068893432617,29.820401006876526,28.68103914599588,29.126503712572138,6596600
2020-09-25,29.597671508789062,29.67477121966778,28.766711589214214,28.946609825295823,6361500
2020-09-28,30.651363372802734,30.87409730872216,30.05170262511039,30.05170262511039,6204200
2020-09-29,30.231595993041992,30.591392383860033,29.74329902384296,30.591392383860033,4573800
2020-09-30,30.565696716308594,30.976894034315183,30.291565170970866,30.300130352053888,8971900
2020-10-01,30.771291732788086,30.976892012323887,30.308696822667297,30.73702774278677,8602000
2020-10-02,31.645092010498047,31.799291426604324,30.128799930723673,30.128799930723673,9628800
2020-10-05,32.964351654052734,33.007184098244664,32.030589991882245,32.03915844146424,13910000
2020-10-06,32.904396057128906,34.27505431519785,32.750196594607765,33.32416198686024,17276800
2020-10-07,33.83814239501953,34.24933968260781,33.37554422101814,33.392677849822505,9560600
2020-10-08,34.3607177734375,34.48921512926261,33.85528699754951,34.09515134274835,7713200
2020-10-09,33.975215911865234,34.76334667721723,33.812451302933525,34.57487998526008,13011700
2020-10-12,34.43781661987305,34.489214253735696,33.82958732118387,33.983783490678334,7597700
2020-10-13,33.37554931640625,34.28361217423708,33.272750795791495,34.28361217423708,10614300
2020-10-14,32.87868118286133,33.75247662121126,32.852979106385575,33.34127607665385,11131900
2020-10-15,33.67538833618164,33.701087153458204,32.441792820401446,32.518892540137706,6967400
2020-10-16,33.761051177978516,34.035182771881765,33.19565435706476,33.84671607560839,7495300
2020-10-19,33.53832244873047,34.29218274218716,33.47835636329429,34.00948594911754,9602100
2020-10-20,34.3093147277832,34.934677637217355,33.880983699301744,33.906685783186994,12004600
2020-10-21,34.43781661987305,34.72051340983718,34.1893838298485,34.36071690117255,9188400
2020-10-22,36.074031829833984,36.10829908889456,34.446372971419244,34.446372971419244,12621600
2020-10-23,36.485225677490234,36.91355657144156,35.842729336563245,36.38242717795542,11454000
2020-10-26,35.7570686340332,36.03976535769132,35.294470430331806,35.954100476075105,9924800
2020-10-27,34.52347946166992,35.688540355669964,34.480647013371225,35.64570790737127,10212200
2020-10-28,33.83814239501953,34.48920395005792,33.64967574607699,33.72677544174389,9575700
2020-10-29,34.72908020019531,34.90041326332714,33.247055249731766,33.85528451933871,6854800
2020-10-30,35.25163650512695,35.28590049558718,34.480639531423556,34.480639531423556,7741000
2020-11-02,36.236812591552734,36.39958051082833,35.208817235981684,35.79991628108629,9642900
2020-11-03,37.23909378051758,37.51322532665659,36.845026823525174,36.90499616290477,10271500
2020-11-04,34.58344650268555,35.85130596137143,34.54918250383944,35.68854134615654,21195000
2020-11-05,36.25393295288086,36.519499330093474,34.67767485632491,34.79760700477385,11973600
2020-11-06,35.43153762817383,36.72509569293103,35.28590340207595,36.62229717727163,8908900
2020-11-09,40.89704513549805,41.83080684205018,38.73825651297644,39.20085150730479,25406900
2020-11-10,41.39390182495117,41.81366758448383,40.55437357379158,41.136903914254276,12365000
2020-11-11,40.14316940307617,41.64232743850874,39.74910578948828,41.60806018483017,10794500
2020-11-12,39.243690490722656,39.68915515799529,38.686858839655265,39.34648902381436,10768400
2020-11-13,40.408748626708984,40.61434896318595,39.63775471770995,39.70628598459795,7968200
2020-11-16,42.113502502441406,42.3876340726324,41.436738758823466,41.993570348971105,11705200
2020-11-17,41.950740814208984,42.06210452563954,40.75998111085007,41.36821037016333,7031900
2020-11-18,41.222572326660156,42.49043162689875,41.20543869542512,42.15633398758057,7128400
2020-11-19,41.291107177734375,41.34250480393943,40.48584284285741,40.99127353061204,7059600
2020-11-20,40.837074279785156,41.04267458914717,40.451579010078724,40.93130761874666,7191500
2020-11-23,41.58237075805664,41.90789993771544,41.27397194119595,41.496702604536495,6674900
2020-11-24,43.62979507446289,43.7497272292697,42.439035440443675,42.516135149663214,13466500
2020-11-25,42.96159744262695,43.34709269990656,42.42189950736717,43.244294182492396,9328100
2020-11-27,42.34480667114258,42.99586841091656,41.93360926687904,42.87593624316134,5885000
2020-11-30,40.77710723876953,42.33623171585798,40.691442351507696,41.993568898904655,11750400
2020-12-01,41.822242736816406,42.37050594846344,41.565244764845175,41.78797546911184,10452200
2020-12-02,42.5589714050293,42.75600328669348,41.539544730008615,41.745141794394534,8036400
2020-12-03,42.79026794433594,43.132930786721374,42.199169067478145,42.627500071389605,8147600
2020-12-04,43.612667083740234,43.72403407099684,42.99586933020404,43.27856938987698,7047400
2020-12-07,43.55269241333008,43.70689182131783,42.88449715732042,43.467027527961726,6193200
2020-12-08,43.53556823730469,43.74116858190727,43.07296991287884,43.08153836402003,3804900
2020-12-09,43.70689392089844,44.29798950130912,43.39849509010815,43.91249096282126,8907300
2020-12-10,43.87821960449219,43.938185670648835,43.11579110515288,43.227154789212086,5395000
2020-12-11,43.4670295715332,43.74116113908711,43.098664664900255,43.32996378775625,6171700
2020-12-14,43.18431854248047,44.28941298058498,43.00442035987887,44.18661448594195,6861800
2020-12-15,44.13522720336914,44.22089209731538,43.192897030429314,43.54413159216511,7033000
2020-12-16,44.169490814208984,44.29798814449847,43.73259139466925,44.26372088259222,5311900
2020-12-17,43.98102951049805,44.21232865474149,43.441331507263335,44.21232865474149,5170000
2020-12-18,43.329959869384766,44.195186938501045,43.081527137534415,44.040987537208125,7251600
2020-12-21,43.55876922607422,43.852326965607205,42.893947189672225,43.38608762159111,7277500
2020-12-22,43.2220458984375,43.89550059509442,43.18750891562741,43.791892940292115,5315700
2020-12-23,44.64665222167969,44.724358769419624,43.5760323346264,43.5760323346264,8758800
2020-12-24,44.42216873168945,44.77616449712444,43.912759869855954,44.767528606420484,2148800
2020-12-28,44.707096099853516,45.164702848819715,44.335831800516644,44.80207114763193,4348600
2020-12-29,44.0163688659668,44.83660394599753,43.80051770246541,44.810702860338125,3779300
2020-12-30,44.577571868896484,44.73298493057376,44.08543160479396,44.15450224685801,3888000
2020-12-31,44.8538703918457,45.02655197350905,44.14587887129048,44.53441160662621,2972000
2021-01-04,44.64665222167969,45.34601115133912,43.86095414725466,45.21649914056347,14335000
2021-01-05,45.242393493652344,45.691360899299646,44.543034718963526,44.60347276563245,8263100
2021-01-06,48.77372360229492,49.34357046331043,46.61521226608059,46.6238448622296,17710800
2021-01-07,49.9047966003418,50.422841454640356,49.412656129616316,49.818457438105995,9894900
2021-01-08,49.23997116088867,50.21561943717737,48.30749575640801,50.08610740900864,12358800
2021-01-11,49.947959899902344,49.99976536690541,48.281588588019886,48.739195312478245,8441000
2021-01-12,50.80274200439453,51.15673786462402,50.01704371492771,50.2156264371415,9581700
2021-01-13,50.40556335449219,50.76819171910704,49.84434902606183,50.72502214621869,11988500
2021-01-14,51.49345397949219,51.68340406080749,50.63004930969888,50.86316896577837,7568400
2021-01-15,50.4141960144043,50.96677445276879,49.94795672192402,50.362393844324686,10596800
2021-01-19,50.81999588012695,50.94950459547241,50.267417456614375,50.89770242678511,6110200
2021-01-20,50.422828674316406,50.932237507098314,49.999758981886515,50.85453096333067,8312900
2021-01-21,49.42991638183594,50.62141572513341,49.1881641329685,50.405564561893954,5697100
2021-01-22,50.04293441772461,50.12064097060044,48.877339418214525,48.94641007986667,9053900
2021-01-25,49.63713073730469,49.723469877825856,48.37655754775675,49.45581327240687,14262700
2021-01-26,48.946407318115234,50.18107620323999,48.903237745315,49.861617412165565,8168400
2021-01-27,47.26276779174805,48.27294956157041,47.14188838483903,47.970759278365534,12534000
2021-01-28,48.108909606933594,48.37656294860681,47.58223222752475,47.91895952422812,9123100
2021-01-29,46.94330596923828,48.44563138369316,46.74472331159447,48.13480520872821,10006100
2021-02-01,47.79808044433594,47.93622505223638,46.744725750578,47.32320856052986,4826700
2021-02-02,48.98957061767578,49.28312826646849,48.12616615577095,48.48016185340687,6753200
2021-02-03,49.41264343261719,49.47308148937776,48.609676914367235,49.058647688607955,4925800
2021-02-04,50.984039306640625,51.20852633974231,49.70620093559744,49.73210201879107,11819900
2021-02-05,50.897701263427734,51.631593847825854,50.56097400014796,51.398474213179746,5807100
2021-02-08,51.976959228515625,51.994227716299,51.04448064997697,51.2085296371054,4222100
2021-02-09,52.60724639892578,52.65041597336576,51.527990569789154,51.88198635000087,4929500
2021-02-10,52.598609924316406,53.34977434447358,52.27051852731055,52.82309697871764,7805100
2021-02-11,52.244606018066406,52.99577032133229,51.47617652280471,52.70221265300038,7413400
2021-02-12,52.73676681518555,53.00442019551868,51.94243268574223,52.27052743227064,5596700
2021-02-16,54.178627014160156,54.46355205190839,53.254784554062205,53.47063565770427,10572400
2021-02-17,54.01459503173828,54.644880018657794,53.64333077601993,54.06639720180213,4718900
2021-02-18,53.384315490722656,53.91962549563072,52.978514217813135,53.58289818135585,3841800
2021-02-19,55.093849182128906,55.18018832541525,53.634693287748405,53.721035724661945,4639900
2021-02-22,56.22491455078125,56.596178822826865,54.98160971653457,54.99887820519104,7394100
2021-02-23,56.78611373901367,56.9501627096551,55.94861686789332,56.613435465788704,15518900
2021-02-24,58.521568298339844,58.75469125136788,57.088319951437136,57.14012212444116,13330400
2021-02-25,56.79475784301758,59.35043486244447,56.71705458500436,59.1604847820724,13830300
2021-02-26,55.48237991333008,56.76885088748995,54.95570259484604,56.39758665621848,9759800
2021-03-01,57.47684860229492,57.81357589652012,56.52710478301218,56.74295595045166,8083100
2021-03-02,56.898372650146484,57.56319138948065,56.75159542795333,57.34734020840062,6389300
2021-03-03,57.390506744384766,58.85829197880325,57.191920781320015,57.29553170821309,13125600
2021-03-04,56.62207794189453,58.124400172913965,55.56872322583615,57.38187165461886,12793100
2021-03-05,58.10713577270508,58.322986935921286,55.78457514857716,57.83947585098376,12621500
2021-03-08,59.609474182128906,60.57649002687059,58.49568108755559,58.86694545241336,10995700
2021-03-09,58.435218811035156,59.36769728369221,57.38186423124705,59.134574371901046,9015100
2021-03-10,59.7907600402832,59.85119809019119,58.45248046585204,58.72014033309031,9062000
2021-03-11,60.2397346496582,60.4987586585661,59.17775070509498,59.6439899687767,6034400
2021-03-12,61.3880615234375,61.75932573941123,60.80958206213659,61.12904411359199,6260700
2021-03-15,60.73188400268555,61.664362668325865,59.946189143728446,61.569387623459434,7530300
2021-03-16,59.816680908203125,60.32609314358868,59.065522980468714,60.300185467412,5867600
2021-03-17,60.22247314453125,60.9304646800162,59.57491966985887,60.421059108489466,7508000
2021-03-18,60.550567626953125,62.942202271119896,60.19657513475361,61.111781984457394,13961700
2021-03-19,60.0497932434082,60.714611894528126,58.728778657188336,59.96344751262911,14167700
2021-03-22,58.15748596191406,59.6498169878608,57.70631934964914,59.528348799192564,10110600
2021-03-23,56.196617126464844,57.88850637031021,55.814862899665755,57.61954211196025,11602600
2021-03-24,55.85825729370117,58.036019814898815,55.80620138801774,56.85603740959396,6694900
2021-03-25,57.45469665527344,57.78439503223663,54.99061715874734,55.45913677594752,8062100
2021-03-26,58.5999755859375,58.97305830793452,57.64557992626487,58.33968285169987,7258100
2021-03-29,56.69117736816406,58.157480299418324,56.1098644333484,57.76704781950194,8634800
2021-03-30,58.11410903930664,58.50454156255008,57.23779713525903,57.26382508753927,7714500
2021-03-31,57.55881118774414,58.43512299762743,57.35058097235773,58.157480503939155,5552700
2021-04-01,57.97527313232422,58.062035162801074,57.1857300496106,57.263813891184185,7328400
2021-04-05,58.10542678833008,59.12923476343584,57.68895972238899,58.9296761106992,7963700
2021-04-06,58.01866912841797,58.54792622616692,57.52411817374501,58.00999093776899,6607900
2021-04-07,57.71499252319336,58.49586420025737,57.43734999573949,58.226899863526434,6718300
2021-04-08,57.83645248413086,58.00129834841924,56.48293971825372,57.45469162458624,8691100
2021-04-09,58.49585723876953,58.55659132756221,57.923222490084164,58.36571087149402,5241600
2021-04-12,58.99039840698242,59.302746989106915,58.652021879600575,58.73011233489076,5659100
2021-04-13,57.775718688964844,58.73012095188704,57.454698490999284,58.69541481327904,7313200
2021-04-14,58.383060455322266,59.10319786684238,57.70630736768397,57.75836326072739,6863300
2021-04-15,58.07940673828125,58.7735097832411,56.942801997206914,58.66071977605922,9614900
2021-04-16,58.712764739990234,59.03379155838891,58.20086408798275,58.608652943388904,8433500
2021-04-19,58.383060455322266,59.372162140258,57.97527164109959,58.643346540057834,6733200
2021-04-20,56.04912185668945,58.03600333343965,55.78015759434728,57.91453517499363,9841800
2021-04-21,57.532779693603516,57.67160424165412,55.52854827263414,55.797512560083696,6498300
2021-04-22,56.59574508666992,57.73234303354786,56.54368256714682,57.67160894370368,9227500
2021-04-23,58.868934631347656,59.20731118391657,56.595738982758384,56.76058485483131,20982000
2021-04-26,59.111881256103516,59.996871331916324,58.9904130683676,59.224677872943836,7691000
2021-04-27,59.528358459472656,59.528358459472656,58.83424873771111,59.21600974663205,7563900
2021-04-28,59.450260162353516,59.927461360821454,59.2420299209857,59.74525907218461,6588600
2021-04-29,60.153045654296875,60.7864145446238,59.74525675858295,60.1443674638826,7983000
2021-04-30,59.33746337890625,60.56082997360171,59.30275723939157,59.684518154533855,7930500
2021-05-03,59.736576080322266,60.32656723304602,59.11187878690659,60.048924727030105,9083300
2021-05-04,60.69964599609375,60.69964599609375,58.790854719673824,59.33746150585758,10451500
2021-05-05,60.881839752197266,61.27227879022419,59.96215038089861,60.82110567332883,7011300
2021-05-06,61.289634704589844,61.31566265250286,60.170386607698674,61.020670416796975,6989600
2021-05-07,61.42845153808594,61.48050742737432,59.823324343502414,60.42199354839071,7992600
2021-05-10,60.76036834716797,62.31343298896491,60.71699064716202,61.72344198883824,6576500
2021-05-11,60.23979568481445,61.298309640559054,59.83200687043562,59.84936324780237,8243500
2021-05-12,58.738800048828125,61.30700167876259,58.55659776242763,60.951268677085466,8389700
2021-05-13,60.70832443237305,61.03802281941671,58.565268367791546,58.7474706305935,8198200
2021-05-14,61.775508880615234,61.87094910495381,60.69096689451231,61.16816801620518,5622800
2021-05-17,61.818885803222656,61.92300420444409,60.95125231826514,61.64536175403842,5338800
2021-05-18,60.786407470703125,62.19197627585525,60.76905771141339,61.818893565695554,6718900
2021-05-19,60.560829162597656,60.560829162597656,58.999086002947266,60.022893936602706,9574900
2021-05-20,60.378623962402344,60.66494466239793,59.51966848193516,60.43936467408587,7172700
2021-05-21,61.19419479370117,61.66271771707399,60.63023164781618,60.821112092840536,11742400
2021-05-24,60.79508972167969,61.419787010148475,60.51744721786238,61.419787010148475,5754300
2021-05-25,59.4068717956543,61.61933343484054,59.34613771033198,60.942580307100776,7481300
2021-05-26,60.31789779663086,60.41333804250455,59.3201242398939,59.684528840764116,5880900
2021-05-27,61.35906219482422,61.50655834925398,60.83848324891184,61.06406326644426,7035500
2021-05-28,61.3330192565918,61.46315899663598,60.43935773752134,61.46315899663598,6199000
2021-06-01,61.888309478759766,62.13124584020614,61.54993288681383,61.78419105834587,7272600
2021-06-02,61.25492858886719,62.17462467239971,61.25492858886719,62.139918535330665,5147700
2021-06-03,61.463165283203125,61.90566030316903,60.99464893208569,61.324347339784495,6945700
2021-06-04,61.35906219482422,61.46317401229443,60.62157480315498,61.44582424922287,4746700
2021-06-07,61.575965881347656,61.810224072070156,61.22891107105661,61.54993792899182,4012200
2021-06-08,61.54124069213867,61.65403065728024,60.474048639192,61.23757030943608,6810100
2021-06-09,60.5174446105957,60.98596755676196,60.36127029520694,60.90787708930801,9181000
2021-06-10,59.34615707397461,61.35906735510259,59.25071682025346,61.27230529340727,10241300
2021-06-11,59.519676208496094,60.04025515455469,59.181299562581984,59.53703259109297,11101100
2021-06-14,58.48719024658203,59.797312353017226,58.062044972236556,59.51099164650368,11676300
2021-06-15,59.31142807006836,59.81465710131414,58.261592303205,58.56526271188144,7102200
2021-06-16,60.187747955322266,60.474062025523416,58.313656116627364,59.05982157616115,14585300
2021-06-17,57.159698486328125,60.57817694679124,57.05558669209284,60.491414911755506,23633100
2021-06-18,55.233551025390625,56.812647113208655,55.20752307831295,56.39618010141007,20340400
2021-06-21,57.478275299072266,57.56548117838742,55.83005290911991,55.83005290911991,12430600
2021-06-22,57.43466567993164,57.67884478911278,56.44922665977012,57.38234348607332,6268600
2021-06-23,57.42595672607422,57.94919874898982,57.37363451979765,57.54804630964175,6106100
2021-06-24,58.32417678833008,58.446266344063375,57.242809300385844,57.766051204011646,7374200
2021-06-25,58.9869499206543,59.2921737919077,58.149761593767224,58.55091391789761,8499100
2021-06-28,57.373619079589844,58.73404930373237,57.06839520281191,58.65556601543869,9010700
2021-06-29,57.05094528198242,58.34161469342931,56.7544440130741,57.87069504276818,8605400
2021-06-30,57.14688491821289,57.47827658174068,56.74573254170549,56.74573254170549,10001200
2021-07-01,57.687564849853516,57.87069917373085,57.20792258252139,57.39105690639872,8633000
2021-07-02,56.972476959228516,57.70501439478635,56.81550370112573,57.53060262062002,5639600
2021-07-06,55.402740478515625,56.86782189988994,55.027749202408444,56.83293821683552,12626800
2021-07-07,55.08877944946289,55.76899778278676,54.69634976206056,54.8969258966656,12230300
2021-07-08,54.07718276977539,54.818445959121355,53.40569026330396,53.885329193650975,15223600
2021-07-09,56.50156021118164,56.51028279637195,55.0713622955907,55.263215922787744,15955800
2021-07-12,56.614925384521484,56.737014959727546,55.350423361294624,55.8736653483753,5320900
2021-07-13,55.38528823852539,56.55386478792179,55.184712088656894,56.47538150582109,10352100
2021-07-14,55.10623550415039,56.32713446370565,54.574274310786876,55.4027401549993,11586800
2021-07-15,55.769004821777344,55.98701949413453,54.312642858258585,54.635311892066674,16131100
2021-07-16,54.07718276977539,56.24864349398473,53.963815806012526,56.24864349398473,9197000
2021-07-19,52.2109489440918,53.10918535309013,51.71386817750495,52.638265681579234,23167300
2021-07-20,53.63242721557617,54.82716490662864,52.080140142820824,52.13246233297353,21474400
2021-07-21,54.80100631713867,55.21960049095223,54.190555232818184,54.190555232818184,10667200
2021-07-22,53.580101013183594,54.705074660741715,53.30103824697097,54.64402988855086,8838300
2021-07-23,54.03357696533203,54.57426396696488,53.475451452270164,54.1731083435975,5427100
2021-07-26,54.47834014892578,55.02774312625786,54.05974597856721,54.207996625141995,5460300
2021-07-27,54.23416519165039,54.61787906235158,53.492905203290526,53.955102372972,6753300
2021-07-28,54.9231071472168,55.428910623624176,53.76325284285154,54.565557675742824,8387500
2021-07-29,55.27193069458008,55.79517262452,54.80101096161951,55.43762319616647,6521500
2021-07-30,54.5655517578125,55.77773146069115,54.33881447253586,54.93182377457149,9135600
2021-08-02,54.04231262207031,56.091680859897814,53.946384152550586,54.74868894000417,12964200
2021-08-03,55.036468505859375,55.123674381606065,53.24872143952497,54.34753077671144,11340200
2021-08-04,54.487064361572266,55.18472137562938,54.00742537232619,54.34753295876084,8159400
2021-08-05,55.620758056640625,55.620758056640625,54.80101147165439,54.88821735189232,8797400
2021-08-06,57.27769470214844,57.713730743835505,56.379461520814196,56.38818410459489,13386200
2021-08-09,56.893978118896484,57.670121703484334,56.484103194890885,57.033512839145914,10898800
2021-08-10,57.53932189941406,57.705011079337574,56.4928313543942,56.737010485550805,9070500
2021-08-11,58.51604080200195,58.52476338657839,57.05095930214236,57.705013424340706,11463800
2021-08-12,58.14976501464844,58.620684723735074,57.792212277730485,58.611962140220015,6706100
2021-08-13,57.46955108642578,58.29801689651401,57.35617745848521,58.25441728478311,7035700
2021-08-16,57.268978118896484,57.443396545875714,56.42306704484959,57.042244143897506,6891900
2021-08-17,56.30097198486328,57.129444462150374,55.620756819403205,56.66724731912658,8234200
2021-08-18,55.786441802978516,56.9026927963585,55.734116290154944,56.109104155307605,7834800
2021-08-19,55.027748107910156,55.69924402324163,54.582992801231406,55.1760020945971,11102000
2021-08-20,56.144004821777344,56.152727406566235,54.80101618643787,55.01031497438336,7755400
2021-08-23,56.72828674316406,56.92885957897404,56.31841183514185,56.50154615829151,5288700
2021-08-24,57.04224395751953,57.268977931777684,56.62364638751977,56.69341375808351,4531600
2021-08-25,57.60908508300781,58.263139206669145,57.04224349854074,57.33002225638095,8371700
2021-08-26,56.66724395751953,57.91430723801221,56.66724395751953,57.75733400503476,5971000
2021-08-27,58.33291244506836,58.41140240756291,56.815508588467615,56.815508588467615,7432500
2021-08-30,56.96375274658203,58.437556813684836,56.92014647759529,58.437556813684836,7894900
2021-08-31,57.46083450317383,57.76605843069135,56.76317410880583,57.059682105096144,7588000
2021-09-01,57.085838317871094,57.626525409881964,56.5713189774492,57.5567580457421,8006200
2021-09-02,57.016075134277344,57.582923366057734,56.789341164271214,57.13816470378296,7267700
2021-09-03,56.84165573120117,57.48698717669476,56.60619920831217,57.18176329391952,7666900
2021-09-07,56.614925384521484,57.7660604174521,56.56260318182827,57.05968406756234,5483500
2021-09-08,55.891090393066406,56.52770587037914,55.690517562165724,56.30968787386373,7973400
2021-09-09,56.12656021118164,56.73700801246459,55.67308232544929,55.72540784842684,8533900
2021-09-10,55.4550666809082,56.57132126545535,55.41146373990279,56.44050911574797,7002900
2021-09-13,56.11783981323242,56.40562521078216,55.507391988171406,55.960866564876405,14461900
2021-09-14,54.83589172363281,56.43178185363987,54.644034807083536,56.318414881761555,12290700
2021-09-15,55.7341194152832,55.93469556898474,54.9666951509582,54.9666951509582,6834200
2021-09-16,55.603309631347656,56.405617606639055,55.23704098568838,56.16143850953287,5223500
2021-09-17,55.67308044433594,56.170164579099314,55.30680844925095,55.63819676352957,9909600
2021-09-20,54.28782272338867,54.41933526353658,53.37601426227316,54.30535795170859,11321800
2021-09-21,54.173858642578125,54.8314147743134,53.81439475767631,54.53332252747994,5332300
2021-09-22,55.09443283081055,55.64678088056122,54.69113256664482,54.79634060414387,7826400
2021-09-23,57.18984603881836,57.50546679761753,55.50650076535727,55.751987293871196,9622400
2021-09-24,57.78602600097656,58.0753455648938,56.891746071761204,56.96188698562235,11756300
2021-09-27,59.95158386230469,60.389954630587425,58.2945428933165,58.39975428574691,11806800
2021-09-28,59.50444030761719,60.55652729577626,59.32032541913964,60.293502204233526,11481300
2021-09-29,60.15322494506836,60.398711454404555,59.23264384605192,59.565809842155936,8058900
2021-09-30,59.399227142333984,60.62666638418336,59.32032363065363,60.43378221473486,9943000
2021-10-01,60.81955337524414,61.26668667352152,59.41676178290447,59.58334478952117,11199800
2021-10-04,61.03872299194336,61.669971018977044,60.48637177090794,60.89844119326632,10036500
2021-10-05,61.36313247680664,61.9067145861896,60.96860149821036,61.44204268592976,9313700
2021-10-06,61.17023849487305,61.18777706698467,59.68855022369942,60.854617775923074,10240100
2021-10-07,61.72258758544922,62.20479127710588,61.36312044913675,61.66121596327454,9573300
2021-10-08,61.994380950927734,62.353848120340636,61.43326701394652,61.661221641159436,8612400
2021-10-11,61.275455474853516,62.65193919549845,61.266686187994225,62.353850332342496,6498800
2021-10-12,61.24039077758789,61.48587732069414,60.77571886542156,61.13518608140329,7106900
2021-10-13,60.89845275878906,61.240381346746254,59.73238516959883,61.240381346746254,9671800
2021-10-14,61.810272216796875,61.810272216796875,60.97737051500999,61.68752894893368,6772200
2021-10-15,61.740142822265625,62.66072419211761,61.740142822265625,62.546743501388555,8904900
2021-10-18,61.88917541503906,62.52043032591684,61.591086534350325,61.634926282219325,6782100
2021-10-19,61.94178009033203,62.12589497821086,61.319294510644774,62.029452890892536,6154600
2021-10-20,63.56375503540039,63.58128692121285,61.58231748827163,61.845342598503436,9801200
2021-10-21,63.14291763305664,63.71280092551697,62.72208547392135,63.537455307378366,6680200
2021-10-22,63.809234619140625,64.03718924390667,63.16921717711285,63.2568899746365,8000800
2021-10-25,64.05473327636719,64.48434143702181,63.739105794215895,64.23008559367733,5100600
2021-10-26,63.50237274169922,64.20376845857307,63.344559039852875,64.19499917263569,5877600
2021-10-27,61.29299545288086,63.125381797101554,61.26668759170024,63.04647828057813,12003100
2021-10-28,62.380149841308594,62.39768172555391,61.67875406939135,61.69629264264248,8215200
2021-10-29,62.169734954833984,62.80975242141769,62.011921237634205,62.57303519012099,7327200
2021-11-01,64.22130584716797,64.34404910479294,62.75714935335162,62.783450524413276,9471400
2021-11-02,64.0108871459961,64.65967386507666,63.83553486448405,64.24760436478036,5601300
2021-11-03,65.77315521240234,65.98357802312061,63.69528179637072,63.7391148651811,9725300
2021-11-04,64.71229553222656,65.68547924600463,64.06350861937705,65.63287689034341,8576900
2021-11-05,65.3961410522461,66.00109478867195,64.87886681136503,65.13312263263087,8716400
2021-11-08,65.47504425048828,66.26411280286675,65.04544286213998,65.72930004453276,6619800
2021-11-09,65.24707794189453,65.42243019380098,64.60706061719824,65.08926425968095,9766800
2021-11-10,65.0717544555664,65.73807986086295,65.03668399328694,65.30847171469445,11220900
2021-11-11,65.64161682128906,65.99230795419517,65.13310531396878,65.43996339976393,5348700
2021-11-12,65.3961410522461,65.84328106130026,64.78242471747086,65.65916616086768,8592600
2021-11-15,65.64161682128906,65.93093633703614,65.4048929486724,65.6503794173085,4502900
2021-11-16,65.61532592773438,66.03616476061468,65.09805169067963,65.51889052355993,4306700
2021-11-17,65.05419158935547,65.48379957511276,64.449244735684,65.36981894301199,8143100
2021-11-18,64.91393280029297,65.38737394979582,64.40542119278926,65.14188743279566,6884800
2021-11-19,64.42296600341797,64.6947537179805,63.36210294095027,64.00212715566985,10562000
2021-11-22,65.1155776977539,66.27287602243833,65.0805139297685,65.10681510026042,9481300
2021-11-23,66.1501235961914,66.2378030710159,65.29969021583497,65.61531090698496,7570100
2021-11-24,65.98356628417969,66.42193702834165,65.63286835104878,65.86082301093488,7313200
2021-11-26,62.67823028564453,63.91443866273391,61.63491274340422,63.79169542247034,17183200
2021-11-29,62.80974578857422,63.958274743626326,62.3275354011068,63.660185914286636,11369800
2021-11-30,61.2053108215332,62.35384652576878,60.86338223396083,61.83656565674546,17512100
2021-12-01,60.398712158203125,63.47607622525402,60.381180274048695,62.48535420088118,12926200
2021-12-02,62.45029067993164,62.85359090713883,60.59159656892801,61.021197966973915,11864100
2021-12-03,60.74940872192383,62.71330746581715,60.2321278490334,62.66070512549141,14051900
2021-12-06,62.31002426147461,63.072791849484375,61.38944292039412,61.70507042653557,12866800
2021-12-07,62.49412155151367,63.28319009413492,62.09959062470584,62.79221708495085,10186500
2021-12-08,62.37139129638672,62.97634508662633,62.09960356523882,62.74839041814362,6949200
2021-12-09,61.67876434326172,62.34508976867276,61.64369387992357,61.95055876188067,5737100
2021-12-10,61.81904602050781,62.29248724071376,60.916003331395444,62.05576328610733,7177800
2021-12-13,60.27597427368164,61.64368878580969,60.170762892361644,61.64368878580969,7270700
2021-12-14,60.82831954956055,61.72259957670647,60.31981459089628,60.32857718933421,8418300
2021-12-15,61.3017578125,61.871641067086266,60.381183344943224,61.26668735340172,11287700
2021-12-16,61.415740966796875,62.86235900146571,61.22285677843932,62.13466868494368,11374600
2021-12-17,59.92527770996094,61.29299894194564,59.3290932470462,61.01243525209727,11697400
2021-12-20,58.91556167602539,59.30357233193863,57.7250823874299,59.285938542072685,15699800
2021-12-21,60.723331451416016,60.84678816453344,59.53285215899153,59.68276292093608,9048900
2021-12-22,61.19072723388672,61.243635351409445,60.25598127557832,60.59107723303691,6390500
2021-12-23,61.72863006591797,62.22245695352155,61.48171662211618,61.6316273947263,5719300
2021-12-27,62.62811279296875,62.645753315233506,61.36708456655765,61.922646643801905,4703300
2021-12-28,62.67221450805664,63.104313162320324,62.27539017445166,62.39002667067585,4994100
2021-12-29,62.78684997558594,62.98967563407815,62.37239185238642,62.707487801320696,4811300
2021-12-30,62.495849609375,63.518777996541104,62.4429347644623,62.857399622186634,5354300
2021-12-31,62.47819900512695,62.79566111183014,62.16073689842377,62.31065441895247,5061800
2022-01-03,63.6422233581543,64.33887592840158,63.07784778466821,63.13075589221768,10317300
2022-01-04,65.44117736816406,66.06728135133918,64.33888020175269,64.4006085739562,14100300
2022-01-05,65.01789093017578,66.35828115740382,64.96497609781127,65.63517457536886,11361900
2022-01-06,67.47821044921875,67.68103605826298,65.6528068793687,65.91736085153299,15322800
2022-01-07,68.13958740234375,68.28068464568076,67.11665929969787,67.59285240413,13338900
2022-01-10,68.03376770019531,68.73923369695262,67.13428963988008,68.48350673035291,13939900
2022-01-11,68.27185821533203,68.34240683062409,67.09019918467826,68.28067847421511,9563100
2022-01-12,68.45706176757812,68.95970901344498,67.87505235399506,68.45706176757812,12222800
2022-01-13,68.8626937866211,69.41825577104575,68.57169249675091,68.6775087011085,10050600
2022-01-14,69.47115325927734,69.49760730632504,67.56638786509967,68.08666873139975,14618500
2022-01-18,67.9985122680664,69.48882028045666,67.82214740188851,69.25954057211469,13382100
2022-01-19,66.14663696289062,68.43059300366667,66.10254239393363,68.32477680278848,15228200
2022-01-20,64.40940856933594,66.99319258355857,64.21540325262724,66.15544296394246,16739800
2022-01-21,63.14838409423828,64.84151048439874,62.998473333501266,64.1977728751698,19431000
2022-01-24,64.03022766113281,64.26832084909539,61.402348694441336,62.09018766298327,17987500
2022-01-25,63.97731399536133,64.77096237147803,62.13427010229407,63.42175205861611,17121700
2022-01-26,63.62458801269531,65.23835253245863,62.575199052649104,64.62106213859548,16066800
2022-01-27,62.28418731689453,65.13252572749407,61.73745231029508,64.08313682971209,17193400
2022-01-28,62.61928939819336,62.61928939819336,60.98789119579705,62.284186806816,16218000
2022-01-31,63.13956832885742,63.15720884777968,61.31416483783211,62.15191456158526,12488100
2022-02-01,64.09196472167969,64.23305525609508,62.460566311654,63.236581070658104,10643600
2022-02-02,63.92438888549805,64.19776304438169,63.18364872619185,64.13603469777283,8846400
2022-02-03,63.55402374267578,64.77095698230296,63.40411299325007,63.98612220250283,12916900
2022-02-04,64.77098083496094,65.22954023816145,63.64222957767998,63.95087144836021,12373300
2022-02-07,65.07963562011719,65.45000590014153,64.44471129556754,64.88563021785048,7488300
2022-02-08,66.6933822631836,66.89620789273357,65.62635946258195,65.68808783194278,11549700
2022-02-09,66.12899780273438,67.08138399752409,65.90853840919343,67.04610968721113,8561600
2022-02-10,65.97026824951172,67.23129627795727,65.59107781500329,66.01436282036335,12356200
2022-02-11,65.42355346679688,67.01085758972071,65.00908859309081,65.55582376445712,14612500
2022-02-14,64.91205596923828,66.29654051233153,64.34768053306561,65.67043672307392,8977100
2022-02-15,66.64929962158203,66.73748205214476,65.54700241982745,65.71454701953017,8693800
2022-02-16,66.77275085449219,67.12548727549513,66.00554964340238,66.1907347506542,6592500
2022-02-17,64.73568725585938,66.19071359462008,64.61222382926553,66.08489741166177,8292900
2022-02-18,64.850341796875,65.55580788241105,64.48878512982647,64.48878512982647,9580700
2022-02-22,64.52405548095703,65.26480256235213,64.03904883841344,64.61223789524796,9717100
2022-02-23,63.38649368286133,65.48527178851018,63.13958019464098,64.86798134007135,10192600
2022-02-24,62.2489128112793,62.478192470559705,60.0619593359317,61.04079960790877,18484900
2022-02-25,65.1148910522461,65.27362210373828,62.681023899882774,62.88384279863593,10585700
2022-02-28,65.5029067993164,65.56463517251785,63.8891421069082,63.96851100267468,12507900
2022-03-01,61.92264938354492,65.12371807165482,61.28772511168121,64.83270999240258,17297900
2022-03-02,64.68277740478516,65.15015018977795,62.557552589879286,62.5840066376508,11785500
2022-03-03,64.27715301513672,65.08844212988654,63.659869281715785,64.86798269253791,12758900
2022-03-04,61.755096435546875,62.980850367424246,60.94380732182294,62.84857335960471,13872300
2022-03-07,59.091941833496094,61.78154258480356,59.06548778089537,61.35826428741743,17471500
2022-03-08,59.568138122558594,61.28771891165873,58.95084770829854,59.71804891383653,20736100
2022-03-09,61.684547424316406,62.2841973586002,61.27890286993149,61.42000013818088,17100900
2022-03-10,61.72863006591797,62.046092130202204,60.5646047395047,60.855612753079704,11085100
2022-03-11,61.74626922607422,63.13075406596416,61.65808680674688,62.319465043532915,19716200
2022-03-14,62.072547912597656,63.483486722174774,61.74626557967888,62.7074720588791,14356000
2022-03-15,62.25774002075195,63.04257503232311,61.33181447625729,62.53992781448667,16684000
2022-03-16,64.21540832519531,64.46232175582504,62.8309236795474,62.883831778143374,16154300
2022-03-17,63.51875686645508,63.68630815181183,62.504642350888126,63.36002584029776,10816500
2022-03-18,63.395294189453125,63.67748190632822,61.913806993887434,63.35119962548776,13151300
2022-03-21,63.05329132080078,64.3912637580202,62.433032885048,63.779874752221396,11425000
2022-03-22,64.10772705078125,64.69254163979825,63.708994747532984,63.83304509788743,11498000
2022-03-23,61.83049774169922,63.708984805729195,61.76847257620104,63.52290930923466,13095600
2022-03-24,62.43301773071289,62.74314349319448,61.61782808069423,62.42415506314638,6546500
2022-03-25,63.611507415771484,63.70011381773552,62.406441420402196,62.54821031149763,8719900
2022-03-28,62.98238754272461,63.35453845384335,62.11402865654636,63.32795721165409,9834800
2022-03-29,64.16972351074219,64.47984924785057,63.31909002028745,63.89504168076534,13454700
2022-03-30,62.19378662109375,64.18746114780826,61.62669751875823,64.13429189680251,15156900
2022-03-31,61.050750732421875,62.689993013955146,61.015306815602635,62.131766534582944,10592400
2022-04-01,60.4659309387207,61.998848095502154,60.182386389286805,61.839353863930874,15667300
2022-04-04,60.14694595336914,60.53682226647226,59.25201243136164,60.3418841099207,14988600
2022-04-05,59.30516815185547,60.448208953626995,59.189980508973655,60.11149517249798,11646700
2022-04-06,58.419097900390625,59.207706443307295,58.3393473990723,59.11023736404921,13820900
2022-04-07,57.6747932434082,58.720365181604095,57.143147984716585,58.4988457604629,12412400
2022-04-08,57.586181640625,58.35707159045288,57.31149974642414,57.9937765275873,9261200
2022-04-11,57.78997802734375,58.85326836732894,57.470989573301175,57.47985224153433,9386400
2022-04-12,57.258331298828125,58.605166143498664,56.93934285346814,57.78997645434979,12526200
2022-04-13,58.06466293334961,58.15326933960404,56.53174912034741,56.912766131571104,10037000
2022-04-14,57.32035827636719,58.47225502324078,57.12542013575785,58.11782265488154,11689100
2022-04-18,57.51529312133789,57.76339373690259,57.036810465505354,57.0811102838649,9366200
2022-04-19,59.588722229003906,59.703909890334124,57.949479921219776,57.976061169200904,16597600
2022-04-20,59.96086883544922,60.59884578127623,59.819099936507385,59.93428758941234,10685400
2022-04-21,58.729225158691406,60.80265036083319,58.42796200466512,60.412774034224185,13396600
2022-04-22,57.49757385253906,58.782383644520834,57.46212993797078,58.65833332364958,12438800
2022-04-25,57.559600830078125,57.674788485884804,55.91149593191891,56.948205114886115,12319900
2022-04-26,55.787445068359375,57.258337134112935,55.72541990656468,56.69124462894777,11458100
2022-04-27,55.75200271606445,56.34567648432349,55.424154940227076,55.805168590572364,12308800
2022-04-28,56.5760498046875,56.75326936954194,55.47731554353062,56.38111504358278,9886200
2022-04-29,54.7950439453125,56.735552850464416,54.63554969227337,56.31909863874501,13416900
2022-05-02,55.56592559814453,55.76972304094621,54.25453115308299,55.18491195895772,17515700
2022-05-03,56.33681106567383,56.64693684959923,55.3000985963335,55.707693449526175,10903200
2022-05-04,57.87858581542969,58.020361469615956,55.91149255512452,56.310228132229305,17350300
2022-05-05,56.20389938354492,57.29377774681016,55.353265745007896,57.29377774681016,15602700
2022-05-06,55.495033264160156,56.230475811524116,54.821612489584844,56.000097155032975,14848200
2022-05-09,54.73301696777344,55.370993958829274,54.352003307017085,54.795042133001864,13551800
2022-05-10,54.0861701965332,55.44186765944868,53.02287654438972,55.051994785046915,15095800
2022-05-11,53.18238067626953,55.17605537818514,53.093770883669166,54.16592740336677,15920300
2022-05-12,53.18238067626953,53.39503741827447,52.05706166112968,52.898836100184305,12990100
2022-05-13,53.669715881347656,54.23680496141583,53.217817826955056,53.731741038222765,10561400
2022-05-16,53.058326721191406,53.82035398489422,52.57098472560311,53.43047768432939,7830600
2022-05-17,54.998836517333984,55.08744292553778,53.92668342952618,54.10389962605157,9856400
2022-05-18,53.652008056640625,54.635554917744585,53.33301952005356,54.36086959343496,11007700
2022-05-19,53.005165100097656,53.7228892181456,52.81022693418187,53.005165100097656,14848200
2022-05-20,53.146934509277344,53.87351787725089,52.02161554177737,53.448201031128654,10640500
2022-05-23,54.449462890625,55.069717814821324,53.66971374648913,54.121615163023655,10855200
2022-05-24,54.041866302490234,54.36085135191913,52.88110360166764,54.21907909213385,8462600
2022-05-25,54.89250946044922,55.30896364507931,53.85579688313049,53.891240799304335,8676600
2022-05-26,56.09757614135742,56.35453608594291,55.04314159520132,55.158332633881805,7833200
2022-05-27,56.974788665771484,56.983644573823895,56.106429699939184,56.20389877039695,5766800
2022-05-31,56.948204040527344,57.249473938067204,55.98238270715531,56.48744666575736,8294000
2022-06-01,56.212764739990234,57.12542701538625,55.37985296819111,57.08112042891731,6920900
2022-06-02,57.364654541015625,57.37351720873984,55.8406035638347,56.2038951978282,5559700
2022-06-03,56.66465759277344,57.08997439310211,56.44313821467825,56.94819874620842,5938300
2022-06-06,56.93048095703125,57.66592692492479,56.797567976290786,57.09883784998483,5620800
2022-06-07,57.40009689331055,57.408959560794145,56.18617171708702,56.39883179516893,5050100
2022-06-08,56.425418853759766,56.948201365193846,56.06212719218097,56.85959496192785,4978300
2022-06-09,54.60895538330078,56.496297959360426,54.60009271574146,56.20389415213149,11321400
2022-06-10,52.943138122558594,53.944406785786434,52.61529034756321,53.5279492201721,11718300
2022-06-13,51.45452117919922,52.37604260877756,51.1266734441037,51.53426829099191,11978100
2022-06-14,51.83553695678711,52.32287893591287,51.30389177594404,51.6494614815038,9055100
2022-06-15,52.25199890136719,53.058329409132696,51.57857800997658,52.33174602323929,9433600
2022-06-16,50.37350082397461,51.383631939098265,50.134262891045424,51.162112580364656,9855800
2022-06-17,51.14439392089844,51.71148297497098,50.66591126398072,50.78110228437588,9899400
2022-06-21,51.969085693359375,52.504020873111244,51.603545860287454,52.07607204910276,7298000
2022-06-22,52.013668060302734,52.16523179542879,51.229093440317456,51.336083207384945,6878800
2022-06-23,51.30042266845703,51.98692507217045,50.551511264500164,51.942344299680464,9191000
2022-06-24,53.09245300292969,53.163779510231734,51.585716247042,51.585716247042,7839400
2022-06-27,53.01221466064453,53.618476394622526,52.682338052785546,53.44016351974044,6861900
2022-06-28,52.700164794921875,54.01076039261883,52.64666991710581,53.42232693974682,4484700
2022-06-29,52.254390716552734,52.91414395149807,51.99583721049037,52.76258021410412,4596500
2022-06-30,51.7907829284668,52.441622104409845,50.70307732977633,51.353916505719376,7836200
2022-07-01,52.65559768676758,52.789329805803526,51.220183828947036,51.58572372930219,5636200
2022-07-05,52.833900451660156,52.860649592889914,50.97053792831599,51.710535150028775,6545700
2022-07-06,52.44162368774414,52.82499523324974,51.879939241834784,52.62885070270203,5728000
2022-07-07,53.00330352783203,53.333180154240544,52.76258164336029,52.842822271517534,5294000
2022-07-08,52.842811584472656,53.26184626910685,52.423776899838465,53.11919667023655,4534200
2022-07-11,52.31679916381836,52.655593292298754,52.058245660477134,52.36137653311006,4411300
2022-07-12,52.29896545410156,53.101371673552926,51.826439236555274,51.87993071716194,6132600
2022-07-13,51.41632080078125,52.03150006221862,51.01512107501723,51.85318718352612,8881200
2022-07-14,50.66740417480469,50.78330463527139,50.007647656682906,50.56933193822925,7721600
2022-07-15,52.36138153076172,52.62884917307573,51.12211218057953,51.541146974194014,8376100
2022-07-18,52.67341995239258,53.64521807481755,52.46835795112745,52.96763328279763,7469400
2022-07-19,54.30497741699219,54.52786765485556,53.16378048746293,53.27076684934752,7294500
2022-07-20,55.053890228271484,55.16087659302442,53.921607381444346,54.04642537382864,5276300
2022-07-21,55.14305114746094,55.15196866279396,54.26040758748474,54.81317450188649,7793600
2022-07-22,54.572452545166016,55.59774914109122,54.189081011109494,55.23220923664613,6099600
2022-07-25,55.490760803222656,55.660156176990725,54.741849391190165,54.88449902200419,5101300
2022-07-26,55.062808990478516,55.72256566440064,54.893413615231516,55.14304962107667,5273600
2022-07-27,56.07027053833008,56.426896297424406,55.13413217200159,55.18762705617633,6024200
2022-07-28,56.079185485839844,56.1148453392887,55.241116010641576,55.998944863768415,4803300
2022-07-29,56.8637580871582,57.08664833165291,55.972197109179376,56.09701510193078,4027900
2022-08-01,56.9083366394043,57.247127349089624,56.088098803086716,56.51604764771694,5434800
2022-08-02,56.24858093261719,56.81026528801121,56.10593131548928,56.721107151659304,4885900
2022-08-03,56.8637580871582,57.08664833165291,56.16834161266599,56.64978535702301,5702800
2022-08-04,56.417972564697266,56.845921387822344,56.284240470552824,56.845921387822344,5151800
2022-08-05,57.09556579589844,57.27387527050952,56.13267830802955,56.39123180766492,7290900
2022-08-08,57.068824768066406,57.63942329643051,56.87268024855293,57.2382167423154,3310700
2022-08-09,57.26496887207031,57.28279710004627,56.78352169083262,57.086652581956,3024000
2022-08-10,58.53097915649414,58.83410662189893,57.79989943173331,57.942545650138385,7903200
2022-08-11,59.34230041503906,59.476035930933335,58.95892889724661,58.967846412191804,5648100
2022-08-12,60.2516975402832,60.26952576841599,59.36013648808157,59.7702537558458,4440000
2022-08-15,60.5637321472168,60.57264966078725,59.59192723013317,59.672171248127526,4188200
2022-08-16,61.10759735107422,61.366150880995065,60.216036269445596,60.233864498166824,6411800
2022-08-17,60.394344329833984,60.69747862746159,59.93965308649919,60.376516101536396,4934700
2022-08-18,60.581565856933594,60.6618098821927,60.126874654723686,60.44783715161919,3545100
2022-08-19,59.59192657470703,60.22494079191962,59.27097091246921,60.22494079191962,5337800
2022-08-22,58.18326950073242,58.88760346747059,58.022788257651946,58.753867964558495,5168200
2022-08-23,57.853397369384766,58.61122291953484,57.81773411028614,58.21002315829985,3777700
2022-08-24,57.728572845458984,57.97820882889187,57.41652786616788,57.85339083717543,3497800
2022-08-25,58.5933837890625,58.75386502411139,57.683987856428836,57.683987856428836,4607400
2022-08-26,57.166900634765625,58.97676859380819,57.113402342932204,58.87869632786359,5631400
2022-08-29,56.27532196044922,56.97074176161833,56.17724971919237,56.80134301725291,5630300
2022-08-30,56.23074722290039,56.71219093826551,55.66906288830776,56.45363745397294,6055800
2022-08-31,55.802799224853516,56.614119542092496,55.70472697754413,56.40014342059609,4068400
2022-09-01,55.48183822631836,55.82063234398002,54.9201538682805,55.55316473573562,7922900
2022-09-02,55.07172393798828,56.471474450135446,54.73292980225418,55.97219906068705,6776800
2022-09-06,54.1801643371582,55.544251628149254,53.805706935080295,55.26786988481851,7262300
2022-09-07,55.22329330444336,55.33028308517902,53.87703754002544,53.921614914814114,7369100
2022-09-08,56.409061431884766,56.45363879895431,54.55461303268297,54.759671642030945,7464800
2022-09-09,57.10448455810547,57.354120548844236,56.62303740261515,56.92616827752735,5973500
2022-09-12,57.67508316040039,57.960382407791926,57.15797614885618,57.220385146658366,4787800
2022-09-13,55.84738540649414,56.88159612139086,55.57991776318278,56.649791737463836,7647200
2022-09-14,55.990028381347656,56.19508699685652,55.19653966015049,55.918705272100546,5136800
2022-09-15,56.640872955322266,57.29171552090577,55.83847004333398,55.83847004333398,7369500
2022-09-16,56.12376403808594,56.159427293322715,55.33027531476131,55.98111441817404,7834500
2022-09-19,57.0815544128418,57.24297934556614,55.45833855424009,55.45833855424009,6632500
2022-09-20,56.89322280883789,57.17123317427737,56.37307846634709,56.74076782913636,6937000
2022-09-21,56.22060775756836,57.75414427638362,56.20267127781823,57.14431764901428,9269300
2022-09-22,54.93819046020508,56.462757359581445,54.74986251349711,56.417917860989235,9303600
2022-09-23,54.0772590637207,54.45391837324117,53.24323140089081,54.301459974781764,9777300
2022-09-26,53.61091613769531,54.4628802105071,53.35084570326499,53.62885261955846,6599400
2022-09-27,52.97419357299805,54.355272073475646,52.43611272864722,53.996549229885375,10206500
2022-09-28,53.88892364501953,54.30145244310538,52.974183644241805,53.11767207057749,8098200
2022-09-29,53.01005554199219,53.36877489011372,52.36435592592603,53.18044697577238,7775100
2022-09-30,52.80379867553711,53.96964270996036,52.70514972890291,52.99212661672912,7510700
2022-10-03,54.01448440551758,54.283524821174744,52.606502923245074,53.39569110740265,6855000
2022-10-04,56.382041931152344,56.382041931152344,54.58843471343191,54.713986671306856,8814600
2022-10-05,55.915706634521484,56.05919508277184,55.27897685922518,55.55698722441282,6652400
2022-10-06,55.377620697021484,55.960544388561686,55.081673875491624,55.46729968601191,6173400
2022-10-07,54.11313247680664,55.08167864164007,53.84409206552149,54.92025713169653,6649800
2022-10-10,53.99654769897461,54.71398994477964,53.63782828658933,54.480822497780935,5073100
2022-10-11,53.76338195800781,54.45392121058078,53.323946644176075,53.67369953628981,8090800
2022-10-12,53.64679718017578,54.30146347211429,53.153555828280695,53.85306162111247,6334600
2022-10-13,56.0233268737793,56.24752779333688,52.47198170800097,52.848641031795665,12046700
2022-10-14,55.16238784790039,57.189165896635686,55.0637423257173,56.319265311211176,11545600
2022-10-17,56.606239318847656,56.82147367686591,55.87983063023346,56.16680749356841,8768100
2022-10-18,56.570377349853516,57.57479308495418,56.12197551323528,57.32368915117901,8744500
2022-10-19,55.39556121826172,56.552438734177734,54.91128643191999,56.07713047897519,9461200
2022-10-20,53.50330352783203,55.601824123529184,53.14458071346006,55.26103779197924,13311100
2022-10-21,54.20280456542969,54.4270054497654,53.189419031376744,53.64678733016664,10769500
2022-10-24,55.12651824951172,55.29690970151526,54.427009116949634,54.687082981350486,11255000
2022-10-25,55.92467498779297,56.104036398235976,54.7498609993739,54.8754129603737,6392300
2022-10-26,55.861900329589844,56.56140608373766,55.79015439530061,56.104037726264345,7668100
2022-10-27,55.87983322143555,56.80353982931347,55.79912076106525,56.48068998783228,6242300
2022-10-28,57.26090621948242,57.314715664919596,55.960543787907994,56.17577472758849,7107000
2022-10-31,57.350589752197266,57.68240611964244,56.920124443368195,56.96496393826065,5375500
2022-11-01,57.38645935058594,57.84382764531722,57.189161479390414,57.75414866079233,6096600
2022-11-02,55.93363571166992,57.63756038138659,55.861893207561835,57.14432254068772,11226100
2022-11-03,55.52111053466797,55.799120881216346,54.669146433598996,55.44039807412387,7022600
2022-11-04,56.830440521240234,56.92908946000074,55.89776742076385,56.22958377938493,7666300
2022-11-07,57.16226577758789,57.512015230371055,56.57934204053565,57.13535934196272,4678500
2022-11-08,56.99187088012695,57.66447703402132,56.47172654565314,57.19813530767988,7449100
2022-11-09,56.112998962402344,56.82147460199788,56.005383492158124,56.52552778253362,5426800
2022-11-10,58.731666564941406,58.88412837877399,57.61066205126144,57.72725089960804,9628200
2022-11-11,58.31914138793945,59.162139024636815,58.11288037602563,58.7316702538361,6676300
2022-11-14,57.49407958984375,58.381913241870734,57.47613968620849,58.130809327525206,5388600
2022-11-15,57.879703521728516,58.8303131212769,57.38646223993946,58.238426319957355,6506900
2022-11-16,56.93806838989258,57.86177168466675,56.776643450290216,57.74518966686975,5798900
2022-11-17,56.095062255859375,56.399975604525245,55.70046991918819,56.26545712251725,9879100
2022-11-18,56.453792572021484,57.09052236638778,55.960551230203016,56.71386646133771,6962500
2022-11-21,56.75870132446289,56.83941378624196,56.26546002293933,56.39101198103249,4181100
2022-11-22,57.37749099731445,57.494076417270556,56.96496218335785,57.1084506152138,4913600
2022-11-23,57.368526458740234,57.64653338078129,57.11741912849885,57.34162002487219,3889300
2022-11-25,57.798980712890625,57.91556954252697,57.449227908116534,57.53891372847294,1443200
2022-11-28,56.50759506225586,57.54788713329121,56.2654610933465,57.32368622642123,5471900
2022-11-29,56.8483772277832,57.05464163644643,56.38203896518343,56.48068790433413,4199900
2022-11-30,57.86176681518555,57.87970671922562,55.628727707003485,56.80354168612175,9869100
2022-12-01,57.45820617675781,58.238427769165504,57.099483369602495,58.15771188757304,7521400
2022-12-02,57.350589752197266,57.44027216301635,56.821475501984295,57.03670644588174,6221800
2022-12-05,54.48081970214844,56.96496613036722,54.12209688713621,56.95599617842305,10916800
2022-12-06,53.95170593261719,54.76779709436636,53.56608010025979,54.462883725084566,8853600
2022-12-07,53.91583251953125,54.44494679063207,53.24322980648957,53.70956809805592,7982500
2022-12-08,54.059322357177734,54.4539181484785,53.74544245140158,54.059322357177734,5490100
2022-12-09,53.84408950805664,54.22971533362835,53.70956759828631,53.853056038892,7342500
2022-12-12,54.33732986450195,54.59740372765318,53.40465330625673,53.888928067772625,5423500
2022-12-13,53.44949722290039,55.47627542754498,53.135617307640366,55.17136204370617,10548900
2022-12-14,52.463016510009766,53.67370013798076,52.28365508559768,53.38672322733527,12478800
2022-12-15,51.5034294128418,52.07738315154741,51.207482591990015,51.817309294623264,13332900
2022-12-16,51.064002990722656,51.637960249749554,50.87567502907549,51.072972943773316,11245300
2022-12-19,51.33136749267578,51.63846720064888,50.91587255858827,51.250075380093776,5494500
2022-12-20,51.58427047729492,51.9997619313161,51.358459455030875,51.37652475028433,6729500
2022-12-21,52.442352294921875,52.794616933278505,52.03589177158626,52.03589177158626,4848900
2022-12-22,52.24363708496094,52.29783296951394,51.26813183662304,52.16234498093278,6044200
2022-12-23,52.58686828613281,52.731387192440735,52.05395417307188,52.270730809732505,5088500
2022-12-27,52.64105987548828,52.893970541659634,52.23460282688898,52.668159538836704,4156300
2022-12-28,52.27072525024414,52.8036393066246,52.207498450809354,52.740412507189816,4229600
2022-12-29,53.25526428222656,53.336556378324495,52.36105467075168,52.37911996384037,5568700
2022-12-30,53.056549072265625,53.29139097405246,52.704281051182235,52.921061106802625,3786900
2023-01-03,52.68622970581055,53.715927422629825,52.31589631914815,53.490116398920236,7286700
2023-01-04,53.3997917175293,54.05915951545881,53.06559235597114,53.12881916908747,6458100
2023-01-05,52.38815689086914,52.79461741793609,51.93653484870647,52.66816379742698,7388100
2023-01-06,53.923667907714844,54.032056223787556,52.55073660358487,52.69525550688264,7204400
2023-01-09,53.435909271240234,54.14947278299137,53.31848659884525,54.059146325148276,8020300
2023-01-10,53.84237289428711,54.00495708239525,53.047517246380885,53.37268562259717,4755800
2023-01-11,54.14044189453125,54.23979928174427,53.67978898952812,53.98689207473097,4111900
2023-01-12,54.8088493347168,55.17014833365045,54.167546884932044,54.4294850412762,5966700
2023-01-13,54.74562072753906,54.88110526348455,53.45398150036427,54.1043182988306,7832400
2023-01-17,54.41143035888672,54.97144077995035,54.12238905430868,54.74562973727596,7947700
2023-01-18,52.469451904296875,54.08625973179221,52.45138660813681,54.07722536091071,14248700
2023-01-19,52.532676696777344,52.68622998542825,51.73782092433233,52.18944297414837,11014600
2023-01-20,53.98689651489258,54.013992733414746,52.794614661481475,52.86687239274144,8613300
2023-01-23,54.8449821472168,55.1791814951376,54.10432227041785,54.113353195236144,8208200
2023-01-24,54.19464111328125,54.80884732154664,53.950764814799186,54.75465144001646,7937100
2023-01-25,54.32109451293945,54.34819073079773,53.31849310495364,53.74301889461312,6750200
2023-01-26,54.70045471191406,55.01658871536116,54.077214182829486,54.72755092775175,5277100
2023-01-27,55.04369354248047,55.19724682932178,54.45658695200026,54.63723645891831,6292300
2023-01-30,54.48367691040039,55.15207897549852,54.47464598661363,54.6101305170292,5055000
2023-01-31,56.10951232910156,56.1185466979971,54.447543349347,54.56496602577374,6859900
2023-02-01,56.90437316894531,57.545675595174544,55.60370302264346,55.77531814575195,9462000
2023-02-02,58.42182922363281,58.57537906821528,57.238578200874116,57.45535830301723,8345000
2023-02-03,58.45795440673828,58.99989944355425,57.67212962407186,57.75342172415451,7829900
2023-02-06,57.89794158935547,58.34956360938352,57.455353939265414,58.105690750698635,6692700
2023-02-07,58.52117919921875,58.67472902431226,57.34696269611888,57.6450314224308,4851900
2023-02-08,57.861812591552734,58.43086076280371,57.7263280491811,58.0334311690672,6236800
2023-02-09,57.01276397705078,58.30440670126111,56.87727943571033,58.29537233114349,4907500
2023-02-10,56.89534378051758,57.01276302526522,56.5701753737647,56.74179050150535,4479000
2023-02-13,57.35599899291992,57.37406428796482,56.58824290432665,56.850181068470896,3872700
2023-02-14,57.139217376708984,57.62696999312718,56.44372248681217,57.337932171309575,5361600
2023-02-15,57.816654205322266,57.916011603210414,56.68759568481365,56.7598568634969,5857800
2023-02-16,56.795982360839844,57.47341534504871,56.75082085101305,57.41921946589516,6794600
2023-02-17,57.08503341674805,57.16632553155772,56.43469649827068,56.79599555200325,5331700
2023-02-21,55.75725555419922,56.65146869197174,55.495313949178694,56.54307692365815,5455000
2023-02-22,55.48628234863281,55.937904374296046,55.14304864436002,55.75725487491023,4570600
2023-02-23,55.703060150146484,56.03726293692323,55.052726762673,55.84758250914357,5357000
2023-02-24,55.712093353271484,55.73918957221446,54.88110703445998,55.13401771180398,6919500
2023-02-27,55.69402313232422,56.497909715481825,55.50434272529649,56.1095145321761,4636900
2023-02-28,55.603702545166016,56.136616649361166,55.55853758814413,55.9017712770162,6281500
2023-03-01,55.26949691772461,55.43208110689567,54.835940228469184,55.10691272855354,6771900
2023-03-02,53.869468688964844,54.63722811471354,53.33655462002483,54.46560955882976,10804900
2023-03-03,54.53788375854492,54.64627209379682,53.66173581411751,54.212715307186166,10548400
2023-03-06,54.13142395019531,54.9804722384629,54.01400124209771,54.682403450957416,7301400
2023-03-07,52.38815689086914,53.85141134270741,52.2978338606777,53.85141134270741,13049600
2023-03-08,52.117183685302734,52.65009782603408,51.801046192487675,52.541706056473245,14804000
2023-03-09,47.89000701904297,51.35846482124641,47.79064960756894,51.07845788396533,57213200
2023-03-10,45.78543472290039,47.77257210800225,43.75313582928304,45.90285740152247,97268000
2023-03-13,40.14919662475586,42.97635131907547,37.86398695402613,40.031773939590494,94522700
2023-03-14,40.989219665527344,44.63832333931215,40.293721270574515,44.4034813811113,64759300
2023-03-15,40.3208122253418,40.772434232248585,38.631746884279096,39.01110771619161,60478100
2023-03-16,41.7389030456543,42.91311951806551,38.79432921818604,39.616281093434125,75577700
2023-03-17,39.23691177368164,41.061464772063594,38.95690838415296,40.73629643335764,52099200
2023-03-20,39.676856994628906,41.51678506545117,39.59487988096623,40.733448973704974,58532900
2023-03-21,41.96311569213867,42.32745930878025,41.13423726518542,41.69896674380544,37003200
2023-03-22,39.57667541503906,42.035986161619206,39.512915802782096,41.86292137866035,49933700
2023-03-23,38.47453689575195,40.30535487655833,38.16484589443808,40.03209892825501,47492700
2023-03-24,39.64043045043945,39.77705668608464,37.60011266987541,37.84604406360218,47895800
2023-03-27,39.98655319213867,41.30729073391634,39.950118142460475,41.10690490996141,26667700
2023-03-28,39.95011901855469,40.360004649829136,39.485580811564425,39.92279446801561,20681700
2023-03-29,40.37822341918945,40.56950222813194,39.822601043524166,40.50574262515111,20594400
2023-03-30,39.558448791503906,40.988491437001635,39.44003662112075,40.961166887927625,20659900
2023-03-31,39.95011901855469,40.159615346842145,39.50379833680303,40.05031367004818,19391100
2023-04-03,39.531124114990234,40.287132258912905,39.27608225078428,40.07763594253343,17048900
2023-04-04,38.65670394897461,39.822601284767906,38.0373219665763,39.73151365521652,24980900
2023-04-05,38.265037536621094,38.474537356622314,37.754960686915,37.891586925384296,28759400
2023-04-06,38.82977294921875,39.04837633474478,38.21949792579573,38.23771545369593,19811100
2023-04-10,39.030155181884766,39.42182330876707,38.283253980536614,38.483643294189285,15455800
2023-04-11,39.13945770263672,39.42182065324922,38.8570912773866,39.285194427847635,13464400
2023-04-12,38.711360931396484,39.58578142675722,38.52008209953099,39.43093765085796,16743800
2023-04-13,39.30341339111328,39.4946921984578,38.40166498205841,38.90263477613879,20384200
2023-04-14,38.538291931152344,40.05941873026259,38.27414304010671,39.89546448579547,32212000
2023-04-17,39.685977935791016,39.695088437524625,37.95535091806907,38.39256466068554,24635400
2023-04-18,38.82977294921875,39.74062849639961,38.57473103325415,39.71330046723023,19023700
2023-04-19,40.360008239746094,40.615046666496234,38.9481794425959,39.257870449923054,29040500
2023-04-20,39.60399627685547,40.314462446967035,39.30341577205363,39.667755883166095,27506700
2023-04-21,39.10303497314453,39.49470319704911,38.78423687212392,39.45826813560713,20327400
2023-04-24,38.90263748168945,39.55845455206655,38.820660347892314,39.01194264317762,15506900
2023-04-25,37.26309585571289,38.38344762828164,37.135576650245554,38.30147049981867,35660200
2023-04-26,37.490806579589844,38.210383149840894,37.04448592314727,37.381504908993946,31611100
2023-04-27,38.192169189453125,38.38344799950407,37.56368018158381,37.56368018158381,16767500
2023-04-28,38.85709762573242,39.185006179689026,38.073761296755684,38.155738435244835,30201600
2023-05-01,37.76406478881836,39.011939212968045,37.627438560928276,38.893527035753166,28443800
2023-05-02,35.395835876464844,37.60921443104082,34.712694433068236,37.58188641055175,61380800
2023-05-03,34.75823974609375,36.50708381127396,34.60339600562663,35.59622846837356,57727200
2023-05-04,32.86366271972656,33.74719004711568,31.442727121823697,33.33730444439011,117644200
2023-05-05,34.93130874633789,35.0588314412808,33.89293398141272,34.6580527778794,61946500
2023-05-08,34.22995376586914,35.87860011308145,34.14797662611661,35.76018791685263,36322200
2023-05-09,34.08420944213867,34.36657588392461,33.3737432994591,33.91114815664021,29736900
2023-05-10,33.75630187988281,34.794676464714556,33.328198736276285,34.76734844036171,21147900
2023-05-11,32.91831588745117,33.57413293290593,32.77257915230988,33.12781222705192,28874200
2023-05-12,33.127811431884766,33.31909371530961,32.57218905667085,33.19157103481379,22067400
2023-05-15,34.175289154052734,34.384785443107276,33.13691473237499,33.17334630139191,22312800
2023-05-16,33.66521453857422,34.603397957433344,33.65610751347198,34.421226183650376,24550100
2023-05-17,36.14274215698242,36.279371855351854,34.47587512528061,34.47587512528061,49594500
2023-05-18,36.3613395690918,36.497969245157456,35.69641565982204,36.179171300520245,26324000
2023-05-19,35.71464538574219,36.76213066115226,35.07704580395511,36.75302015982831,33875900
2023-05-22,36.853214263916016,36.935191401389055,35.62356067645863,36.12453052784356,28557500
2023-05-23,37.217552185058594,38.33790390965405,36.853208635349255,36.98072783535624,30692900
2023-05-24,36.55262756347656,37.07181485482102,36.2611541183231,36.862318533281815,19125800
2023-05-25,36.252052307128906,36.64372049441868,35.641780720900606,36.37046450842633,17439300
2023-05-26,36.6983642578125,36.6983642578125,35.69642125056064,36.26115409041875,14825400
2023-05-30,36.62549591064453,36.944297395093784,36.006113941892636,36.90786234407598,18078500
2023-05-31,35.496036529541016,36.51619361842784,35.02239129818415,36.28847976535075,31969300
2023-06-01,36.21561050415039,36.68014872099444,35.25921299398134,35.714640710694006,18963800
2023-06-02,38.44720458984375,38.56561676163087,36.698363935622545,36.90786025516128,33455800
2023-06-05,37.454376220703125,38.52007893501761,37.0444905613514,38.48364388204459,18426300
2023-06-06,39.31251907348633,39.895465975745935,37.24487689072094,37.372396091260526,32603500
2023-06-07,40.615047454833984,40.970280548884745,39.458260536618674,39.840821658807364,33569300
2023-06-08,40.132293701171875,40.469309255885875,39.485583669622855,40.350897070582825,20836400
2023-06-09,39.58577346801758,40.16872034772297,39.35805962596782,40.16872034772297,14456800
2023-06-12,39.29430389404297,40.49663282038303,38.884418243100264,39.731514096835916,32464500
2023-06-13,40.20515441894531,40.39643320770398,38.96639059236792,39.42181826539564,21116300
2023-06-14,39.030155181884766,40.57861016320575,38.7386817118288,40.28713669314978,27275000
2023-06-15,39.77705001831055,39.904572681362616,38.684026417819695,38.71135096544078,18410500
2023-06-16,39.23054885864258,40.07764481102856,38.90264029970114,39.922801032994116,19281500
2023-06-20,38.723968505859375,39.165266882586444,38.48493320030512,39.10091108850923,13767900
2023-06-21,38.12637710571289,38.650419128266776,38.05282562536194,38.56767546643576,15335900
2023-06-22,36.9219970703125,38.03443688161043,36.70134614145568,38.01604901194507,25452800
2023-06-23,36.388771057128906,37.03232910442259,36.214088009610634,36.443931171395036,22844100
2023-06-26,36.848453521728516,37.48281931925307,36.636994748759044,36.70135054674872,16537400
2023-06-27,37.47362518310547,37.80459987627362,36.508284666117106,36.94958308796527,15751900
2023-06-28,37.2713623046875,37.409266076568855,36.83006392183714,37.280554486628475,15173200
2023-06-29,37.97008514404297,38.36541561622462,37.70346626612922,37.72185413775719,18580600
2023-06-30,37.53797912597656,38.411380154965336,37.519591255969864,38.411380154965336,17853600
2023-07-03,38.40218734741211,38.58606253735357,37.602334304363424,37.69427014577038,10399700
2023-07-05,37.89653778076172,38.44815991005727,37.52878735647938,37.97928145086885,12936900
2023-07-06,37.317325592041016,37.510392952963336,36.60021624739963,37.28054985459085,21157300
2023-07-07,38.12637710571289,38.48493180460475,37.25297256574721,37.25297256574721,15824900
2023-07-10,38.429771423339844,38.926233436040334,37.82298568797077,37.9884730255376,13961100
2023-07-11,38.94462203979492,39.073333636515905,38.20912469629786,38.56767943205718,13155800
2023-07-12,39.7260856628418,40.28690345998727,39.450274608855054,39.762861405274116,19565200
2023-07-13,40.40641784667969,40.663840997451736,39.661724937068186,39.98350738266064,16086900
2023-07-14,39.65253829956055,40.81094614710667,39.31236793748205,40.79255827560557,22715000
2023-07-17,40.34206771850586,40.60868308758246,39.37672726055734,39.53301890770128,14518700
2023-07-18,42.042903900146484,42.12564756522692,40.34206618220482,40.37883841669675,29927600
2023-07-19,43.34841537475586,43.45873909427924,41.84064150800659,42.29113558234608,30812200
2023-07-20,43.18292999267578,43.366801697811795,42.38307334539667,43.21051004702059,26266500
2023-07-21,42.6405029296875,43.62423134864355,42.48420776119628,43.62423134864355,19920700
2023-07-24,43.716156005859375,43.85406326583107,42.557748349180905,42.557748349180905,18132600
2023-07-25,42.88872528076172,44.12068447777566,42.64049430369987,43.7529341027668,34931500
2023-07-26,44.9205436706543,45.251518352126844,43.77132797505683,43.99197542461987,30039800
2023-07-27,44.15746307373047,45.57329766230477,43.946007805119194,45.352650211200825,21500900
2023-07-28,44.79182052612305,45.021663605986774,44.240195030173865,44.78262483893734,11387600
2023-07-31,44.76424026489258,45.16876635977409,44.433269151526794,44.865371788612954,14185100
2023-08-01,44.28617477416992,44.51601791542792,43.61503322255192,44.51601791542792,12644500
2023-08-02,44.08391189575195,44.120687637311896,43.293250987851955,43.596642087902104,18172300
2023-08-03,44.47005081176758,44.63553815710684,43.51390599185281,43.77132919254585,12742600
2023-08-04,44.64472961425781,45.04925224944191,44.194235548627184,44.26778703163943,10466500
2023-08-07,45.086021423339844,45.13198933996255,44.52520372201201,44.82859477742367,7428100
2023-08-08,44.50682067871094,44.589564340452554,43.07259837756549,43.86325925484589,20368600
2023-08-09,43.863258361816406,44.32294458277141,43.6334152513389,44.249396611124936,10292900
2023-08-10,43.82648468017578,44.57117765565373,43.55986932492065,44.129879283672324,10735700
2023-08-11,43.93681716918945,44.05633308144101,43.44035512603826,43.486323054375646,7755900
2023-08-14,43.0817985534668,43.55987270364374,42.89792334076367,43.55987270364374,10711300
2023-08-15,41.647579193115234,42.61291974752332,41.5004797134638,42.3371086615679,18390300
2023-08-16,41.1786994934082,41.849841068885475,41.095955819328644,41.47289844410706,11076200
2023-08-17,41.1786994934082,41.61999791945649,40.98563208959861,41.32579896875763,11268500
2023-08-18,41.14191436767578,41.46369330066142,40.60867669915406,40.75577964809302,11139000
2023-08-21,40.866111755371094,41.41773389880485,40.415617649435355,41.26144224411224,10282600
2023-08-22,39.69851303100586,41.05918419122141,39.64334940704484,40.70982158705856,15117300
2023-08-23,40.213356018066406,40.33287192187217,39.35833928432551,39.62495465269272,12265200
2023-08-24,40.3972282409668,40.97643392453808,40.029481328370245,40.10302930803839,10659100
2023-08-25,40.11222457885742,40.921269882403735,39.57898682653437,40.608683081038336,15886700
2023-08-28,40.69142150878906,41.02239613903684,40.27770672810678,40.27770672810678,9359300
2023-08-29,41.07756805419922,41.33499125995349,40.32368280266616,40.72820548415547,9590500
2023-08-30,40.774166107177734,41.187884404533634,40.62706665779869,41.04998064350001,11744000
2023-08-31,40.96724319458008,41.224666393236355,40.64546068913169,40.810948033161594,8941200
2023-09-01,41.9417724609375,42.12564766233207,41.31659888047261,41.390150363881546,12328400
2023-09-05,40.99481201171875,41.859020732538234,40.99481201171875,41.849828552446645,11728400
2023-09-06,40.047874450683594,41.23386252017583,39.83641915911322,40.90289130758419,15041400
2023-09-07,39.505435943603516,40.17657742220283,39.367528671001516,39.86399064381557,13704000
2023-09-08,39.86399841308594,40.02029007917613,39.0457573209001,39.597379504560934,12883600
2023-09-11,39.790435791015625,40.53512868712514,39.72608000448945,40.10302254291164,11530300
2023-09-12,40.12141418457031,40.525940317493905,39.680115818121756,39.818023092005284,16503400
2023-09-13,39.63414764404297,40.452388579162886,39.29398081298665,40.31448130615559,15312300
2023-09-14,40.415618896484375,40.54433050011519,39.928352537845385,40.139807816257175,10701200
2023-09-15,40.185768127441406,40.43399910472935,39.79963338974515,40.08463659886548,12297800
2023-09-18,39.42072677612305,40.125498306222944,39.38363633044169,40.042038612855244,13111400
2023-09-19,39.32798767089844,39.828745733255026,38.99414896266071,39.37435337204784,11120600
2023-09-20,38.984886169433594,39.94930853920013,38.94779218502479,39.596922762270616,12586800
2023-09-21,38.419212341308594,39.06834286876092,38.261564688402544,38.790145081989,14879900
2023-09-22,38.16883087158203,38.66031371521959,37.9926397764515,38.44702864085845,10795900
2023-09-25,38.7159538269043,38.72522555276839,37.834991295802794,37.974091946099634,10880800
2023-09-26,38.113197326660156,38.93852260665855,38.057559884453404,38.187385299572156,14438300
2023-09-27,37.909175872802734,38.307927261461124,37.59388415938624,38.22446758621923,11183000
2023-09-28,38.28938293457031,38.651040373257416,37.84426581484185,37.890631518203406,11384400
2023-09-29,38.734500885009766,39.28162468635327,38.502668825753645,38.62322248706025,16799900
2023-10-02,37.77007293701172,38.83650166272479,37.603153596683136,38.70667629524166,19091100
2023-10-03,37.02822494506836,37.58462059487189,36.80566456266058,37.51970788697739,16943400
2023-10-04,37.38059997558594,37.4640596527632,36.60164416775696,37.06530825485811,13697000
2023-10-05,38.001914978027344,38.10392166150236,37.16732159386945,37.35278443203106,12282900
2023-10-06,38.103912353515625,38.58612339739091,37.18585596397929,37.51042292643098,17535700
2023-10-09,38.08536911010742,38.298654172837296,37.63098027048007,37.705164687419156,8245400
2023-10-10,38.678855895996094,39.0034228676965,38.354292461771806,38.4099298862239,14439700
2023-10-11,38.706687927246094,39.36509022447195,38.32648343501231,38.827238069007215,12105500
2023-10-12,38.23374557495117,38.88287609567994,37.881359828702394,38.71595671785035,14614400
2023-10-13,37.48261260986328,38.753055077721584,37.380609456310346,38.63250139400629,17213200
2023-10-16,38.4377555847168,38.53048699210794,37.86281307644356,37.96481620958324,12985700
2023-10-17,39.253807067871094,39.80092734702304,38.122465455102386,38.19664987664907,21579000
2023-10-18,38.1873779296875,38.97560553363048,38.07609952927267,38.83650841748108,20730600
2023-10-19,37.77007293701172,38.96632703020792,37.668066280424696,38.25228397157475,20050200
2023-10-20,36.258541107177734,37.66808078061865,36.2214506575304,37.593896343846666,44366200
2023-10-23,36.119441986083984,36.91694497825712,36.06380100844035,36.12871371361936,24472000
2023-10-24,35.896881103515625,36.56455867585464,35.42394518142687,36.351273570796806,21003100
2023-10-25,35.767051696777344,36.017430758415834,34.92318309828171,35.57231360577297,31325200
2023-10-26,36.8334846496582,37.12095418553382,35.8041495744824,35.8041495744824,28245200
2023-10-27,36.04525375366211,36.84275674003339,35.68359624530237,36.79639102773957,18151300
2023-10-30,36.583099365234375,36.75929045536694,36.00815685337548,36.462545704892904,12866700
2023-10-31,36.787109375,36.93548528853926,36.314173531761284,36.694377966514445,9806800
2023-11-01,36.93549728393555,37.04677571775297,36.36055104467732,36.74075560290802,16694500
2023-11-02,39.03125,39.105434427765054,37.41769713075675,37.4640663777714,22506900
2023-11-03,40.45006561279297,40.997189534574936,40.153320794620775,40.199686509183195,23970000
2023-11-06,39.875118255615234,40.709715168979315,39.643286172733745,40.47788308609783,14351900
2023-11-07,39.48564529418945,39.88439325498447,39.26308491987217,39.81020882186347,13379900
2023-11-08,38.966339111328125,39.57837570313006,38.79014799189988,39.457822022743855,10562500
2023-11-09,38.15027618408203,39.15179219636515,37.98335684870151,39.00341984685756,17166900
2023-11-10,38.36356735229492,38.51193972553713,37.82571882584557,38.45630229649406,10241900
2023-11-13,38.428489685058594,38.530496380529875,37.79790605621547,38.15956712310747,10756800
2023-11-14,41.256839752197266,41.73904738009796,39.88439068440421,39.94003165876671,35037100
2023-11-15,41.822505950927734,42.1748917041496,41.19192240831042,41.32175134500665,20716500
2023-11-16,41.29392623901367,41.887415758744886,40.941544047596125,41.60921798855545,14549900
2023-11-17,41.92450714111328,42.16561445449172,41.47939002888734,41.757587781844,13909100
2023-11-20,41.87814712524414,41.95233508942743,41.43302995257491,41.95233508942743,11460200
2023-11-21,40.94154357910156,41.757589890655666,40.88590261070975,41.64631149134857,11895800
2023-11-22,41.11773681640625,41.516488266977916,40.858086025327665,41.40520986186948,11442500
2023-11-24,41.17338562011719,41.34957675651213,40.89518424820874,41.12701636648085,4400800
2023-11-27,40.913719177246094,41.05281982218135,40.561337008369115,40.876628737742855,8788600
2023-11-28,40.904449462890625,40.97863388302087,40.348050393269446,40.85808375812466,9490400
2023-11-29,41.75758743286133,42.36035217379356,41.22901064541824,41.26610462216282,18611300
2023-11-30,41.8410530090332,42.23980447154811,41.53503650145014,41.952334954951425,13376400
2023-12-01,44.01100158691406,44.13155526001752,41.405211249868834,41.60922107649373,29981600
2023-12-04,44.6230354309082,44.7528608229127,43.426784649240645,43.46387509161577,20528100
2023-12-05,44.06664276123047,44.48394121812672,43.92754209643944,44.35411581764274,13634200
2023-12-06,44.08518600463867,45.53181581559699,44.01099804639642,44.45611518342026,17190300
2023-12-07,44.93832778930664,44.96615004330809,44.12228144644863,44.27065383037524,11112100
2023-12-08,45.4298095703125,45.763644747127486,44.60448450999177,45.04960515403104,13602900
2023-12-11,45.32780456542969,45.55963662135714,45.05887853155949,45.35562328014852,8726000
2023-12-12,44.97542953491211,45.34636232751055,44.88269810550114,45.18871465253916,9820600
2023-12-13,47.60903549194336,47.64612947327159,44.78068485898575,44.97542295474383,28069300
2023-12-14,49.90880584716797,50.51157062121855,49.00002459185165,49.2504036424199,39750900
2023-12-15,49.111305236816406,50.075727504414346,48.79601347769695,50.00153954345603,23805700
2023-12-18,48.59803009033203,49.48622104973471,48.551283948574415,49.271185944448085,15667500
2023-12-19,49.317928314208984,49.495565065902476,48.41103825416478,48.71021781833368,14449900
2023-12-20,48.16795349121094,49.71059736362234,48.13990652317666,49.084191300846555,15717100
2023-12-21,48.69152069091797,48.97200107772708,48.13990771804269,48.626071819710944,11761200
2023-12-22,49.00005340576172,49.52361946717079,48.7195729882755,49.08419788765778,10723000
2023-12-26,49.757347106933594,49.93498384880052,48.90655459967362,49.093539142059214,10711300
2023-12-27,49.6732063293457,49.92563976013593,49.39272592841272,49.813444746561295,6572200
2023-12-28,49.794742584228516,49.82279311918682,49.392722959176396,49.486215231699845,7641900
2023-12-29,49.01875305175781,49.682557545104416,48.98135471132932,49.64515920467592,9416000
2024-01-02,49.17768859863281,49.75735215160248,48.42039185228834,48.55128247182927,14000900
2024-01-03,47.560245513916016,48.61672535191464,47.46675323791687,48.53258087691472,14163700
2024-01-04,47.793975830078125,48.280143471495755,47.37325348976464,47.42000319041169,9241600
2024-01-05,48.364288330078125,48.88785430964039,47.39195303939169,47.5508941765719,15495400
2024-01-08,48.81306076049805,48.84111129620557,47.934221249198835,48.23340080906672,11227800
2024-01-09,48.261444091796875,48.4577835607453,47.934217587718514,48.149252657041636,8413700
2024-01-10,48.37363815307617,48.392333753087584,47.709830224628135,48.12120475490602,11949800
2024-01-11,47.737884521484375,48.027712709029856,46.98993206800821,47.95291960358321,16711000
2024-01-12,47.11147689819336,48.252101228836445,46.68140671554169,48.03706613751061,17936500
2024-01-16,46.31678009033203,46.830994729855774,46.03629970209195,46.32612789112265,14606500
2024-01-17,46.12044143676758,46.428968775562055,45.27899675550732,45.63427379498403,14409900
2024-01-18,46.53181457519531,46.70010351927571,45.92410410307147,46.41027176747023,13341100
2024-01-19,47.7098388671875,47.71919023538853,46.26068708170041,46.70945645979629,21027500
2024-01-22,48.76631164550781,48.831756947326724,47.86877302070434,48.01836279150491,15259100
2024-01-23,48.29884719848633,49.11224142221963,48.05576513807815,48.925256867983386,10633400
2024-01-24,48.859806060791016,49.32727456088718,48.38298975995363,48.532579537324345,11708800
2024-01-25,48.56062698364258,49.33662641335494,47.943568700106944,49.093540793673284,12409800
2024-01-26,48.7382698059082,49.30858198162131,48.448438034143656,48.635426158943304,10042100
2024-01-29,49.55166244506836,49.58906078211939,48.66347155586585,48.84111187360738,7353200
2024-01-30,49.355323791503906,49.72929644179465,49.243128786565315,49.45816742944686,7191300
2024-01-31,46.46636962890625,48.17730248490003,46.37287378897388,46.98993206652106,41412700
2024-02-01,45.0172233581543,46.81230090082485,43.53067320778559,46.62531276517116,56445900
2024-02-02,45.222900390625,45.50338076925717,43.764400995137116,44.044881373769286,32986700
2024-02-05,44.47494888305664,44.84892507668156,44.11032405584806,44.81152674401881,19075200
2024-02-06,43.91399383544922,44.92372398235227,43.57741593098094,44.43755629439829,21376300
2024-02-07,43.80179977416992,44.15707685510192,42.698573759566756,44.11033071546657,31815000
2024-02-08,43.979434967041016,44.08227860214168,43.37172452317424,43.427822024093174,12579800
2024-02-09,44.755435943603516,44.86763095838408,43.48392097477178,44.01683837872488,15012100
2024-02-12,45.71842575073242,46.195242103870456,44.68999279781394,44.783488647989444,17284200
2024-02-13,43.783103942871094,44.45625619640886,43.07254978471779,44.231873300730214,28242600
2024-02-14,44.59649658203125,44.671289689075074,43.79245017392539,44.36276232695404,12475400
2024-02-15,46.017601013183594,46.30742920523223,44.88632451464958,44.88632451464958,17792800
2024-02-16,45.54077911376953,45.94280229761119,45.02656449175159,45.55947828121583,11129600
2024-02-20,45.18551254272461,45.55013744744148,44.867633780522354,44.970473867453684,9229900
2024-02-21,44.88632583618164,45.07331395796124,44.5217009602874,44.905025005009776,10389000
2024-02-22,44.848934173583984,45.35379750092954,44.58714935834708,45.04527011013514,9548300
2024-02-23,44.755435943603516,45.22290447235037,44.40016242963723,44.85827959056812,12470200
2024-02-26,44.334712982177734,45.04526713394246,44.0261856117681,44.66194308797789,9552300
2024-02-27,44.88632583618164,45.092013126789375,44.5217009602874,44.549751496780495,10064000
2024-02-28,44.40016174316406,44.91437640353494,44.3440642366411,44.57779849740076,7778500
2024-02-29,45.007869720458984,45.71842388681584,44.680643174440604,45.0920141989354,11926300
2024-03-01,44.51235580444336,44.64324642751723,43.558719536545475,44.35341464320938,15632100
2024-03-04,44.50299835205078,45.39118918698383,44.42820524902039,44.59649418896566,17467200
2024-03-05,46.2980842590332,46.485072386837025,44.259921155625506,44.259921155625506,22949200
2024-03-06,46.24199295043945,47.083437855118845,44.848938522862014,45.989559479035634,52019100
2024-03-07,46.30742645263672,47.21431644443404,46.16718804864324,46.81229326661676,14643200
2024-03-08,46.34482955932617,47.16757516684902,46.27938425075636,46.84969642529486,12077300
2024-03-11,46.11109924316406,46.49442332610573,45.88671632785789,46.176544557336875,11180100
2024-03-12,45.65297317504883,46.20458255405909,45.39118840271182,46.017598016463076,12941300
2024-03-13,45.69972229003906,46.25133527152763,45.43793750062813,45.61557781603228,7639800
2024-03-14,44.51235580444336,45.64362883701264,44.1944770484774,45.447292902401834,19138600
2024-03-15,44.74608612060547,45.17615629166103,44.185121771553206,44.185121771553206,13877200
2024-03-18,44.46242141723633,44.85822759488202,44.32106001380868,44.76398905591014,7760400
2024-03-19,44.61321258544922,44.90535785633717,44.29279646720678,44.32106731456127,7537500
2024-03-20,46.00796127319336,46.422615920969434,44.27394537208494,44.424729207182615,18005200
2024-03-21,46.686492919921875,47.15769288012705,46.27183465416026,46.27183465416026,13328100
2024-03-22,45.67812728881836,46.96921422960944,45.59331114847614,46.76188508766833,10917100
2024-03-25,45.744083404541016,46.300099384755775,45.64984127528533,45.772354245832894,7018500
2024-03-26,45.46136474609375,46.21528381423592,45.42366789394422,45.99853230683065,5388900
2024-03-27,47.13884353637695,47.16711438305061,45.57445984262544,45.57445984262544,12925800
2024-03-28,47.38385772705078,47.57233839384679,46.93150628372217,47.08229009816504,10248700
2024-04-01,46.450889587402344,47.49695399875737,46.37549587362498,47.44983113016144,10704500
2024-04-02,45.59331130981445,46.00796600019343,45.41425301569695,45.941998290246104,11015200
2024-04-03,45.499061584472656,45.84775210184646,45.28231006000703,45.44251989676769,8818000
2024-04-04,45.40483093261719,46.479166325361334,45.272895511749745,46.0550856190227,11684100
2024-04-05,45.4330940246582,45.630997122171664,45.06555867357035,45.14095238403451,7787000
2024-04-08,46.20586013793945,46.394340813239076,45.42367018865534,45.55560558287412,7391200
2024-04-09,46.50743865966797,46.65822251618575,46.083361534754054,46.44147094712711,8462400
2024-04-10,44.19855499267578,45.42367409502703,43.868712883793016,45.3765548208924,28179100
2024-04-11,44.23625183105469,44.53781952385922,43.56714873733027,44.396461690027984,13807200
2024-04-12,43.8404426574707,44.10431347232745,43.48232969804352,43.604842688499964,12978100
2024-04-15,43.67081069946289,44.71687514424784,43.33154616656288,44.151433057757735,19878400
2024-04-16,43.11479187011719,43.50117565346042,42.841495058858065,43.38808868137631,15760400
2024-04-17,43.190189361572266,43.81217315492709,43.10537322634341,43.65196330173021,10585600
2024-04-18,43.45405960083008,43.755627278710726,43.0017080840091,43.124217481606046,9415800
2024-04-19,44.594364166259766,44.6414834435187,43.105374154048974,43.19019029110323,15332400
2024-04-22,45.40483093261719,45.63100491268406,44.500127822408494,44.57551795077392,13819500
2024-04-23,45.92314147949219,46.23413513675419,45.11267708235232,45.36712545784762,12965500
2024-04-24,46.187015533447266,46.29068009319005,45.33885781685845,45.56503176996073,9540600
2024-04-25,45.67812728881836,46.00796583738779,45.0561434579656,45.876030417960024,11646000
2024-04-26,45.41424560546875,46.07392619227268,45.38597476152443,45.57445544274984,9127800
2024-04-29,45.01844024658203,45.77235939051765,44.95247254617329,45.43309487700411,15276200
2024-04-30,44.31163787841797,45.00901169915225,44.27394102460264,44.735718496415764,12559800
2024-05-01,45.451942443847656,46.422613098588954,44.72629415812951,44.72629415812951,26305400
2024-05-02,46.196441650390625,46.243560924480015,45.57445788548816,46.00796095906287,12595900
2024-05-03,46.790157318115234,47.31789897086634,46.629947462836945,46.93151514868626,14924800
2024-05-06,47.157691955566406,47.440411207152515,46.82784983290733,47.11999509669617,10151100
2024-05-07,47.00690841674805,47.619466199954324,46.97863397492874,47.40271465251484,9147900
2024-05-08,47.28019332885742,47.289619339460124,46.460306559938374,46.639364811692566,6644100
2024-05-09,47.506378173828125,47.55349744919791,47.04460064727554,47.25192977286694,7973900
2024-05-10,47.449832916259766,47.68543288822723,47.07287511809398,47.58177192033658,8636500
2024-05-13,47.40271759033203,47.8644951556493,47.393295172455204,47.67601444337755,9515600
2024-05-14,47.9587287902832,48.06239335113775,47.581770999413266,47.85506422942865,10244800
2024-05-15,48.12835693359375,48.76918907767088,47.77024400720479,48.48646985998271,15942600
2024-05-16,47.9210319519043,48.31684176669204,47.883338689281345,48.043544941596956,8112800
2024-05-17,48.24144744873047,48.448776567932065,47.90218651954172,48.08124119841663,8772700
2024-05-20,47.54407501220703,48.40165876547113,47.515800571020776,48.40165876547113,8328200
2024-05-21,47.610042572021484,47.921032664363125,47.40271344714689,47.43098788824722,8303100
2024-05-22,47.035179138183594,47.69485979100631,46.818427591322056,47.478108244144764,8873300
2024-05-23,45.904293060302734,47.29904432273064,45.64984468476272,47.29904432273064,15161900
2024-05-24,46.102203369140625,46.243564798220575,45.7912132581234,46.13990022955801,6530500
2024-05-28,45.715816497802734,46.3943455603207,45.50849096923243,46.36607471437253,10690500
2024-05-29,44.61321258544922,44.99017399337106,44.29279646720678,44.782844859517006,19541100
2024-05-30,45.3953971862793,45.62157472278578,44.89592643666371,45.25403937156148,12196800
2024-05-31,46.03623580932617,46.06451025221561,45.50849414166315,45.659277988848366,13437200
2024-06-03,45.23519515991211,46.55455645673101,45.009017602325606,46.48858875138709,11314700
2024-06-04,44.43415451049805,44.91477685377969,44.32106393975048,44.65090604530899,19446400
2024-06-05,44.57551193237305,44.8393863334513,44.28337028131621,44.8393863334513,8739200
2024-06-06,44.688602447509766,44.82996387339258,44.28337378958453,44.53781860422096,10946800
2024-06-07,44.49069595336914,44.7357219269888,44.189128289660424,44.226825146366544,11918500
2024-06-10,43.80274963378906,44.19855948569048,43.482333504143355,44.019501192818424,10792400
2024-06-11,43.642539978027344,43.802746232926445,43.12421716518845,43.623691548926814,17058500
2024-06-12,44.72629165649414,45.61214972988605,44.32105947291482,44.82995620507999,25433200
2024-06-13,44.019493103027344,44.60378355821808,43.77447074066694,44.46242215245293,13248800
2024-06-14,43.463478088378906,43.85928787666805,43.19018487655041,43.56714264233487,12336600
2024-06-17,44.19855499267578,44.24567426681041,43.15249057002419,43.50117751258466,12468700
2024-06-18,44.31163787841797,44.622627934969785,43.962950968050826,44.113734788342285,8886000
2024-06-20,44.38703155517578,44.490696114006845,44.04777062850613,44.13258675891608,7874700
2024-06-21,44.30221176147461,44.358757042062294,43.95352485194179,44.30221176147461,8100700
2024-06-24,45.2164306640625,45.64407368689131,44.3706390156514,44.598718436332916,14405600
2024-06-25,44.598716735839844,45.254439154348304,44.57020816879143,44.91232184897023,8946700
2024-06-26,44.78878402709961,44.86480808387929,44.161570151569734,44.45616835624019,7670500
2024-06-27,45.26394271850586,45.26394271850586,44.475171891409154,44.7792753457792,8201200
2024-06-28,46.66092300415039,46.80347310327574,45.520536711946,45.634574616126514,28137300
2024-07-01,46.442352294921875,47.08857317529565,46.261791964452684,46.56589548166389,14172400
2024-07-02,46.993534088134766,47.088565061438466,46.25227872060869,46.442344292415356,8987800
2024-07-03,46.233272552490234,47.10756905318026,46.21426563397101,47.06955521614182,9623400
2024-07-05,45.55854034423828,46.2332732740039,45.39698697210225,46.14774395193215,14015800
2024-07-08,45.568050384521484,46.22377283888747,45.48252105349988,45.89116078780316,13680700
2024-07-09,46.38533020019531,46.45185261090991,45.30195745741575,45.37798514120358,12433200
2024-07-10,47.392669677734375,47.41167659789677,46.32830752503553,46.49936618129776,13424100
2024-07-11,49.38835144042969,49.511890980304464,48.048394419855285,48.20994779901426,23565800
2024-07-12,49.50239562988281,49.958550883719276,49.217299049384984,49.71146814734108,18596000
2024-07-15,50.94688415527344,51.46006012568745,50.21513404009775,50.262649528054745,25849400
2024-07-16,53.275177001953125,53.332194134943954,51.16545607651163,51.3555216452792,27215900
2024-07-17,53.92140579223633,54.26351951673674,52.381877718585635,52.40088464081339,24801100
2024-07-18,52.94256591796875,54.776692108197814,52.628960783865075,53.44624026243755,30857000
2024-07-19,53.20866012573242,53.949911933232464,52.628961712092824,52.93306520364154,16186200
2024-07-22,54.101959228515625,54.30152644870291,52.36286413065685,53.01859017584262,21052200
2024-07-23,54.947750091552734,55.36589147357692,53.531768931271195,53.62679991007686,20458800
2024-07-24,53.94040298461914,55.42291012380546,53.94040298461914,54.672153094173964,19829200
2024-07-25,55.327877044677734,55.98359944899084,53.72182679866572,53.9118923670055,21973000
2024-07-26,56.28770446777344,56.45876312149871,55.593968205531745,55.68899917973499,19227000
2024-07-29,55.09030532836914,56.55380211469029,55.06179313190588,56.39224871059762,17794100
2024-07-30,55.61297607421875,55.76502781065765,55.090298456784986,55.38489665696072,12956200
2024-07-31,55.3848991394043,56.629825279622025,54.98576467281207,55.45142155050301,18118200
2024-08-01,52.90454864501953,55.432414600950125,52.54342804434311,55.26135594791423,33929200
2024-08-02,51.15596008300781,51.35552732092966,50.04407873921543,51.174963379305474,34176200
2024-08-05,49.749473571777344,50.44321347190418,48.019883708215836,49.0367303766218,27172100
2024-08-06,49.86351776123047,50.69029889679428,49.160276175960405,49.711466016469316,16249800
2024-08-07,49.549903869628906,51.003898754980995,49.48338146475653,50.6997952969361,12291400
2024-08-08,50.43370819091797,50.50973587181778,49.73047026859148,50.36718578273031,9650200
2024-08-09,50.186622619628906,50.424203671108536,49.7684776488973,50.386189832824,9467700
2024-08-12,49.663944244384766,51.43154794843922,49.492889212727285,50.680794538011256,14432700
2024-08-13,50.272159576416016,50.45271989788483,49.39785928911502,50.196131888303015,11409200
2024-08-14,50.158111572265625,50.61426676648609,49.66394253889364,50.58575819972207,9143700
2024-08-15,51.30800247192383,52.011240313063745,51.02290232666279,51.2129678817705,16551200
2024-08-16,52.144290924072266,52.457899668722575,51.089430419629366,51.193966667846134,10392100
2024-08-19,52.74299240112305,52.74299240112305,52.058757826125856,52.19180263233107,8111300
2024-08-20,51.754661560058594,52.53392721188411,51.66913222631191,52.51492029047378,9446000
2024-08-21,52.05876159667969,52.17280311757183,51.45055465271896,52.11578235712576,6208600
2024-08-22,52.210811614990234,52.70498064700053,51.98273583110808,52.16329612878139,9230400
2024-08-23,54.862220764160156,55.527448491442016,52.505416962669685,52.60044794148161,26080700
2024-08-26,54.45357894897461,55.5274463694691,54.34904270115665,55.32787914647081,11232100
2024-08-27,53.93090057373047,54.23500404025363,53.493752293753346,54.01642990026506,8991700
2024-08-28,54.39655685424805,54.748175780595005,53.6362946213263,53.78834634287085,10331500
2024-08-29,54.54861068725586,55.05228135464341,53.902389939377905,54.84320886997727,8913100
2024-08-30,54.95725631713867,55.10930806098296,54.19699397271769,54.72917688877247,8584200
2024-09-03,54.25400924682617,55.18532653679407,54.006926547528224,54.425067894493665,12199800
2024-09-04,53.59828567504883,54.56761315702733,53.33219243716538,53.987918447279114,10519000
2024-09-05,53.07561111450195,54.18749243918603,52.81902674169747,54.03544069502063,10451300
2024-09-06,52.11578369140625,53.66481328378939,51.85919570062872,53.32269596275268,16087100
2024-09-09,52.52442169189453,52.885545921670996,52.030252647252865,52.38187160442507,10064900
2024-09-10,52.06826400756836,52.79050880752574,50.99439664198517,52.79050880752574,18340800
2024-09-11,51.46006393432617,51.65963117363545,50.13911007007996,51.55509491727355,20554600
2024-09-12,51.65962219238281,52.01124111839718,51.05141530677991,51.735646240483675,8765200
2024-09-13,53.047096252441406,53.07560481821563,52.08727041098509,52.239322137112794,12869100
2024-09-16,53.73133087158203,54.01642740512835,52.73349119157037,53.151632532425026,9224800
2024-09-17,54.177982330322266,55.25184971681662,53.81686173591113,54.2350030887447,11249000
2024-09-18,54.41556167602539,56.12614812295385,53.56027207776026,54.30152378796319,20492200
2024-09-19,55.9550895690918,56.20217226449416,54.8432083767834,55.73651543945149,16946400
2024-09-20,54.8242073059082,55.77453160147034,54.76719016830215,55.71751446386429,11416800
2024-09-23,54.38605499267578,55.21835083241847,54.11819167838468,55.027018329625996,10010600
2024-09-24,53.64943313598633,54.759157319644046,53.50593284051237,54.34779369860709,9417400
2024-09-25,52.84584045410156,53.74509852696113,52.740607388789066,53.658999078011284,13763000
2024-09-26,53.42939376831055,53.71639433450555,53.05629741149359,53.56332906890465,13126900
2024-09-27,53.49636459350586,54.13732796204939,53.276333481726475,53.96512906598481,7614200
2024-09-30,54.14689254760742,54.51999258591546,53.266768106956526,53.46766560110109,9278600
2024-10-01,52.338802337646484,53.81205777296701,52.0326718120427,53.81205777296701,17453700
2024-10-02,52.22400665283203,53.00846661616087,52.061372751019825,52.31967107787647,7537000
2024-10-03,52.34836959838867,52.49186622574032,51.554341059461095,51.87960519056725,8079000
2024-10-04,53.41983413696289,53.821629130902316,52.96063829416176,53.38156690438842,11242400
2024-10-07,53.18067169189453,53.47723728303995,52.750174430349354,53.228503909985264,7269200
2024-10-08,53.018035888671875,53.52506760065082,52.87453923949474,53.28590286932474,7009700
2024-10-09,53.70682907104492,54.108627699299824,52.76930380426885,52.960636310610994,10638900
2024-10-10,53.65899658203125,53.94599351539284,53.06586909983543,53.42939684572357,8150600
2024-10-11,55.514915466308594,55.75408019418256,54.012961267209214,54.012961267209214,22096400
2024-10-14,55.954978942871094,56.2132736264732,55.02701867066298,55.55318031958029,11169800
2024-10-15,56.567237854003906,57.79175999324609,55.87844232599826,56.299370899021795,21830300
2024-10-16,57.342132568359375,57.8969964764044,56.74900507822067,57.074269246883325,17911000
2024-10-17,57.8395881652832,57.983088440049634,57.0646968997625,57.514324038594395,14806200
2024-10-18,57.055137634277344,57.8969985090838,56.94990456875602,57.830032676363714,12041200
2024-10-21,55.3809814453125,57.16036752885371,55.26618340264132,57.06470310152172,19228200
2024-10-22,56.079341888427734,56.155876349655365,55.25661467705057,55.42881356544877,11097100
2024-10-23,56.11760711669922,56.45243624921307,55.44794520230767,55.88800739057269,10278700
2024-10-24,56.404605865478516,56.481140326455886,55.47664924699367,56.26110922519189,11207400
2024-10-25,55.39055633544922,56.97861009437391,55.18965517637274,56.72031173215934,14982900
2024-10-28,56.97860336303711,57.23690169473684,55.744512550259714,55.98367726671903,15722300
2024-10-29,56.643768310546875,57.083830495428174,56.423737218106226,56.80640220892011,8539500
2024-10-30,57.21776580810547,58.183989618524464,56.43330586120899,56.59593611025064,17946000
2024-10-31,56.39504623413086,57.543037712182,56.36634398385867,57.20820488767808,14257000
2024-11-01,56.098472595214844,57.16992945130237,55.96454094437437,56.72986727015118,11512000
2024-11-04,55.6105842590332,55.964547038996336,54.902655049742755,55.849748989969086,19173700
2024-11-05,56.567237854003906,56.65333729500461,55.543613193975425,55.79234288499755,16097500
2024-11-06,64.1535415649414,64.21094606034652,60.73827333618431,60.84350274654706,64388300
2024-11-07,61.828857421875,63.47431177371903,61.52272688888501,63.407345947712706,25755100
2024-11-08,62.163692474365234,62.62288461432014,61.48445829868918,62.08715801813026,18268800
2024-11-11,64.0865707397461,64.85190069650697,62.967281699433414,63.32124808171261,20318600
2024-11-12,63.713478088378906,64.58404114715555,63.42648481199341,63.751745318309204,16415200
2024-11-13,63.321250915527344,65.01453384982645,63.254285088718404,64.02917641304013,14123700
2024-11-14,62.97684860229492,63.76130850201365,62.63245086107917,63.48387658277167,9979900
2024-11-15,62.98641586303711,63.60824558201988,62.21152452173445,62.948155931503045,13443700
2024-11-18,62.87162399291992,63.36908340882378,62.78552089669477,63.005555654845125,7434200
2024-11-19,62.50809860229492,62.89076368068593,61.781042981954236,61.83844018915763,8318600
2024-11-20,62.335899353027344,62.756824318895106,61.637535123013556,62.50809095356752,9427700
2024-11-21,63.263851165771484,64.02918121417026,62.555925615175994,62.613322814251006,15814000
2024-11-22,64.85191345214844,64.9188792891319,63.33082187105464,63.46475354502154,16224900
2024-11-25,65.91378784179688,67.20527566529924,65.58852007882614,65.58852007882614,22010600
2024-11-26,65.20587158203125,65.77029680760897,65.0815012587001,65.51200212613209,10961200
2024-11-27,64.99539947509766,66.14338708500632,64.96670087965903,65.71289355597239,8516700
2024-11-29,64.79450988769531,65.5789698862309,64.32574177610192,65.24413343545615,5060700
2024-12-02,64.18224334716797,65.02410786674417,63.751749753278006,64.89017620203494,12988800
2024-12-03,63.61781311035156,64.46923889740391,63.340381169812474,64.03874533720091,12429200
2024-12-04,63.81871795654297,63.94308099304221,63.02468927289061,63.57955321800155,11747000
2024-12-05,63.49345779418945,64.6510142597861,63.416923325704886,64.18224611436462,8069500
2024-12-06,63.675209045410156,64.134408492771,62.9481535936196,63.90481241845438,7414000
2024-12-09,62.642024993896484,63.95264295316218,62.59418913168814,63.72304687176337,9580200
2024-12-10,62.63245391845703,63.67520852562562,62.15412450994427,62.938584447956096,10739800
2024-12-11,62.95772171020508,63.62738733897955,62.88119454300581,63.23515367514657,12435800
2024-12-12,62.1923942565918,63.168183078026594,62.134989762111275,62.81422397258127,10548800
2024-12-13,61.962799072265625,62.43156722867839,61.43664101123676,62.43156722867839,10990900
2024-12-16,62.268924713134766,62.28806197855025,61.46533473516189,62.06802721864155,10993500
2024-12-17,60.80523681640625,62.163694258659184,60.54693849324484,61.80015923047219,16791200
2024-12-18,57.64826583862305,61.46533659639989,57.37083752088762,61.302706329084785,25891300
2024-12-19,57.1412353515625,59.23631701751645,57.036002289230574,58.8153884175528,27602700
2024-12-20,58.17443084716797,58.79625696205048,56.71074020269787,56.82554190184029,20130500
2024-12-23,58.368988037109375,58.503836973831724,57.65623345715182,57.81997308321365,10452900
2024-12-24,58.79279327392578,58.86021590704031,58.08966890411859,58.36898966662538,5302800
2024-12-26,59.07211685180664,59.12990557977434,58.06077002127738,58.34972835814739,7394400
2024-12-27,58.340091705322266,59.19732542286194,57.81034090311595,58.7157331164457,8144000
2024-12-30,58.19561767578125,58.52310061999428,57.4058065175483,57.95482150133808,6190400
2024-12-31,58.128196716308594,58.773532393031,57.92592880576829,58.38825703311391,6166000
2025-01-02,57.48286056518555,58.93726777910156,57.29985680327467,58.48457348926774,8480200
2025-01-03,58.32082748413086,58.37861988354636,56.635254414218075,57.6754955581508,11736900
2025-01-06,58.446044921875,59.70781813753126,58.253407256806106,58.62904868284862,13557300
2025-01-07,57.897029876708984,59.052852191107945,57.3865431881714,58.77352776089544,9219500
2025-01-08,57.87776184082031,58.25340324096708,57.126479040526775,57.81033921383282,10845000
2025-01-10,56.163299560546875,56.991635292289224,55.5468582839421,56.91458242912484,18474900
2025-01-13,57.00126266479492,57.07831551912979,55.60464431524692,55.941761116452305,12518300
2025-01-14,58.9372673034668,58.96616534140953,57.47322619722127,57.75255062703462,15167700
2025-01-15,60.420570373535156,61.22001536651076,59.74634040912659,61.13332860431169,19826900
2025-01-16,59.852291107177734,60.22793251738265,59.33217053569815,59.8715552402982,16387700
2025-01-17,60.74805450439453,60.91179780260517,60.01603580004791,60.25683195827819,12008000
2025-01-21,61.49933624267578,61.884611558658456,60.9888495721178,61.22001549655895,11819100
2025-01-22,60.76731872558594,61.36449217006593,60.4205716693531,61.085167744294175,12433300
2025-01-23,60.5457878112793,61.200753668565625,60.28572751433403,60.83474247202142,8214300
2025-01-24,60.99848175048828,61.412647743206854,60.07382175313585,60.4013046601808,10066800
2025-01-27,61.64381790161133,62.11577632483613,60.94069354458202,61.19111993813385,11852400
2025-01-28,61.335601806640625,61.94240552036142,60.73842832321752,61.403024441498495,7274500
2025-01-29,61.2681770324707,62.28915042424489,60.77695079650645,61.16222613160555,8161800
2025-01-30,61.952030181884766,62.616629875267755,61.32595875246028,61.85571319624599,10865900
2025-01-31,61.79792404174805,62.4914107425992,61.431909210963234,62.06761453905376,13442500
2025-02-03,60.51689147949219,61.20075167833645,59.524808821720725,60.00640113204898,13678500
2025-02-04,61.691978454589844,61.92314070806941,60.39167700030063,60.44946572654164,10220800
2025-02-05,62.3662109375,62.3662109375,61.354867711202985,62.07725258062245,6928700
2025-02-06,63.088600158691406,63.15602279621805,62.19283806097086,62.61664169600486,7723800
2025-02-07,62.25061798095703,63.08859122745903,61.61491996691594,63.04042905810827,11858700
2025-02-10,61.52824020385742,62.375843776075754,61.47044779861819,62.289153331087874,9476600
2025-02-11,62.53957748413086,62.578105750637874,60.988849662671825,61.16222318769568,9398300
2025-02-12,61.07553482055664,61.80755349366913,61.046640458564376,61.45117622348658,12050500
2025-02-13,61.34523391723633,61.38376218812405,60.69990191402862,61.200758412794585,8818400
2025-02-14,61.53786849975586,62.29878527732411,61.33560059916419,61.4222873671689,7019500
2025-02-18,62.086875915527344,62.250615527241315,61.306698772701345,61.51859687761016,9812300
2025-02-19,61.85572052001953,62.15430541540695,61.335599917769436,61.49933954759377,6812000
2025-02-20,60.738426208496094,61.90387509535593,60.1316188416444,61.61492410538947,12905200
2025-02-21,59.15879440307617,61.316329452075315,59.04321328370797,61.17185029717191,20368300
2025-02-24,58.72536849975586,59.669289003203026,58.50383647413377,59.669289003203026,12768100
2025-02-25,58.763893127441406,59.59223250371699,58.37862147692895,59.12027408884413,13702600
2025-02-26,58.91800308227539,59.544074572410885,58.43641075886588,59.014323751511995,9547900
2025-02-27,59.00469207763672,59.784872993781136,58.73500154209652,59.10101275051392,10620100
2025-02-28,59.78487014770508,59.95824367637256,58.89874204496709,59.28401369536099,10113800
2025-03-03,58.92763900756836,60.43983866100261,58.40751839862388,59.96787655119936,13098800
2025-03-04,56.866424560546875,58.2726733157666,55.9225040122107,58.2726733157666,27735800
2025-03-05,56.54856872558594,57.29985523521694,55.66244062994138,56.827893150009544,20097300
2025-03-06,55.633541107177734,56.115133409150125,55.132688346473195,55.961024019489265,17350600
2025-03-07,55.56611633300781,55.89359923267272,54.30434690209165,55.47942957503011,18411900
2025-03-10,53.370059967041016,54.920787802414736,52.95589028401855,54.670357742129745,22840900
2025-03-11,53.08110427856445,54.025024752494204,52.55135347957684,53.50490418290301,18462500
2025-03-12,53.697547912597656,54.18877050104382,52.99442351088627,53.86128755066034,16149600
2025-03-13,53.10037612915039,54.31398729365674,53.05221762665362,53.880553422669394,15280700
2025-03-14,54.67036437988281,54.708892651413414,53.514545628030255,53.803500315993396,13613400
2025-03-17,55.026737213134766,55.27716359239924,54.41992988649323,54.6799901693396,12034500
2025-03-18,54.87263107299805,55.19048009912412,54.371774610557125,54.95931783907932,9441100
2025-03-19,55.556488037109375,56.0958727359894,54.82446568332522,55.00747310890009,10580000
2025-03-20,55.18084716796875,56.11513374082214,54.93041711187862,54.99783974061265,10861500
2025-03-21,55.15195083618164,55.460173301111354,54.304350998962796,54.73778482155073,16073400
2025-03-24,56.652870178222656,56.885568582264625,55.95476756874787,56.18746967146428,10312200
2025-03-25,56.47834396362305,57.04070521536275,56.439559663777324,56.730434515271405,8875100
2025-03-26,56.245643615722656,57.36066822964533,56.02263943267303,56.769220583930235,10035600
2025-03-27,55.79962921142578,56.47833961173076,55.58632297605928,56.21655115595566,8728200
2025-03-28,54.69430923461914,56.10020872643207,54.25799508906692,55.5766317517694,10703700
2025-03-31,55.12092590332031,55.35362801573045,53.82168138082735,54.04468926711292,9410500
2025-04-01,54.70399856567383,55.033657701851084,53.90893894877708,54.99487710246348,10657200
2025-04-02,55.47967529296875,55.547545972042585,53.8701637488222,53.95742657887064,12999800
2025-04-03,49.74942398071289,52.93935686482526,49.67185537993626,52.65817993369613,37195800
2025-04-04,47.76177215576172,48.14960777070193,45.706252273397524,47.72299155320733,39449000
2025-04-07,47.77146911621094,50.31178161664074,45.62868644866777,46.055302657551756,32051500
2025-04-08,47.325462341308594,50.156649792508496,46.52070472414757,49.40037440186529,23365600
2025-04-09,51.02927780151367,51.74676888637894,45.78382122699368,46.569182990192836,39718800
2025-04-10,47.89751434326172,49.778508456187474,46.491614946593685,49.555504285480374,31201100
2025-04-11,47.76177215576172,48.2465648250997,46.37526852423565,47.238198883869345,25140600
2025-04-14,48.59561538696289,48.799231115927256,47.344853130414734,48.48896040957072,15330900
2025-04-15,49.419761657714844,50.07907992736618,48.69257271607066,48.750745464250684,14787700
2025-04-16,49.41006851196289,49.87546903577951,48.760448103304675,49.16767217464125,18774600
2025-04-17,49.856075286865234,50.21482451764762,49.49732975475732,49.58459258134297,25653500
2025-04-21,49.19676208496094,49.60398615492959,48.68287933646652,49.45854687355532,12011600
2025-04-22,50.77717971801758,50.97109751237778,49.4779353040808,49.53611175199115,12706200
2025-04-23,51.92129135131836,53.7538069509794,51.572240056397334,52.45456251914799,28543700
2025-04-24,52.79391860961914,52.83270290804101,51.397713455826036,51.78554904269618,13620400
2025-04-25,52.30912780761719,52.667873333899685,51.90190005727201,52.2800377334447,10941100
2025-04-28,52.6193962097168,52.842400391380764,51.96007789059093,52.454564780598076,7236800
2025-04-29,53.09449005126953,53.26901570330234,51.91159848587149,52.6000031696262,8643700
2025-04-30,52.48365020751953,52.72604651812313,51.436496370348394,51.96976751394147,10159100
2025-05-01,53.06540298461914,53.55989355849903,52.07642553553376,52.68726530969593,10549200
2025-05-02,54.52947998046875,54.68461348359731,53.569588887022086,54.054381546633145,11937900
2025-05-05,54.3355598449707,55.09183517793107,53.84106928213177,53.899245730311144,10386700
2025-05-06,53.773197174072266,54.32586047167273,53.37566736880396,53.66654220459249,7829700
2025-05-07,53.821678161621094,54.519780758421675,53.618066137112386,54.22890590931289,10934400
2025-05-08,55.12092590332031,55.50876152444567,54.296779831772184,54.3452583597442,11470200
2025-05-09,54.85913848876953,55.36331959397441,54.66522068748143,55.11122904137197,6763000
2025-05-12,57.38005447387695,58.1266355482864,57.1376581652508,57.42853299586736,16337800
2025-05-13,57.65154266357422,57.92302907026978,57.24431860154262,57.59336991109799,10082700
2025-05-14,57.38975524902344,57.75819871581649,57.18614321421987,57.36066887224423,11334300
2025-05-15,57.44792938232422,57.6612393332268,56.98252887927037,57.38005870679602,7010400
2025-05-16,57.438236236572266,57.6030639663327,56.93405142411619,57.302491184289316,7961500
2025-05-19,57.20553207397461,57.26370852286074,56.52682163166716,56.711045203802726,6665300
2025-05-20,56.94374084472656,57.176442930329074,56.75952098018546,57.13765863294962,6114300
2025-05-21,54.927005767822266,56.5268192075018,54.88822147022812,56.381383639535045,14385300
2025-05-22,54.927005767822266,55.4311868418494,54.55856233802625,54.72339005479009,11582400
2025-05-23,54.68461227416992,54.956094973972064,53.685936902359614,53.70532905215611,12386000
2025-05-27,55.983856201171875,56.02263680173029,54.7524824405892,55.373016433616044,10649400
2025-05-28,55.07244873046875,56.13899486546976,55.03366442766696,55.81902991536705,9277200
2025-05-29,55.547542572021484,55.547542572021484,54.87852634970852,55.285754097900025,11223200
2025-05-30,55.15000915527344,55.4408839857899,54.800957879184026,55.28575049626951,7450700
2025-06-02,54.74279022216797,55.023970872900854,53.91864412028164,54.92701381338767,9412000
2025-06-03,55.605716705322266,55.77054813327841,54.42282512825968,54.539174331204066,9811700
2025-06-04,54.91730880737305,55.83841554868281,54.90761458214157,55.55723493420444,9937100
2025-06-05,54.8785285949707,55.22757990808016,54.40343385109636,54.94639927266704,9112400
2025-06-06,56.255340576171875,56.29412487656131,55.54754373809965,55.78024214308737,10195100
2025-06-09,56.536521911621094,57.06009517871547,56.31351772961017,56.5753025138201,10121900
2025-06-10,57.13766098022461,57.45762220006395,56.439558393412476,56.65286833908826,10920500
2025-06-11,56.361995697021484,57.544887272528364,56.1874700434972,57.33158101718995,15108500
2025-06-12,56.022640228271484,56.051730303812484,55.37301982042417,55.93537739899763,11134700
2025-06-13,54.51978302001953,55.34393277513536,54.413128041231346,55.24697202229404,16697700
2025-06-16,54.771873474121094,55.46027812744051,54.63612842957249,55.256666108629005,11170600
2025-06-17,54.09316635131836,54.800963197107365,53.94772707260953,54.27738623216498,10201800
2025-06-18,54.8106575012207,55.20818733842792,53.86046432201016,53.976813525938624,10753600
2025-06-20,55.227577209472656,55.43118923261248,54.86883168793948,55.09183586071277,8055500
2025-06-23,56.49772644042969,56.527017582286796,54.857564017524176,54.984482367600236,13769700
2025-06-24,57.03468704223633,57.864533260097225,56.95658601570513,57.005399622817066,22359500
2025-06-25,56.76132583618164,57.08350233524722,56.49772789810236,56.937057794901165,13312800
2025-06-26,58.069549560546875,58.186702956241625,56.90776938632897,56.9663442220567,13597100
2025-06-27,58.04026412963867,58.55769505889028,57.718087625149565,58.30386207215537,13709600
2025-06-30,57.981685638427734,58.59674750505065,57.981685638427734,58.33314956221226,15870700
2025-07-01,59.96354675292969,60.51026882277858,57.639986335610594,57.84500571521415,27903800
2025-07-02,61.0276985168457,61.07651584606561,59.8073397711348,60.19785605945802,24511000
2025-07-03,61.73063278198242,62.238302520035006,61.33035522062708,61.388933787254594,13924800
2025-07-07,61.096046447753906,62.179721963891396,60.67624271095486,61.32059202628184,14947100
2025-07-08,61.652523040771484,62.1504277519249,61.10580100220527,61.15461460537887,15782900
2025-07-09,61.623233795166016,62.20900822398672,61.28153483820009,62.140668432593536,11978700
2025-07-10,62.062564849853516,62.50189102441052,61.42797680445436,61.5939475325505,13971300
2025-07-11,61.39868927001953,61.85754535503376,61.25224845352349,61.63299979034832,13972600
2025-07-14,62.091854095458984,62.13090647077656,61.262011603277706,61.359638817332154,13430000
2025-07-15,59.914737701416016,62.130909843767846,59.865924091738776,61.857550650183555,25955400
2025-07-16,60.44192886352539,60.666474429746586,59.2410962836958,60.42240267634449,17127300
2025-07-17,61.67204666137695,61.750151407313545,60.37358691621494,60.38334814733738,12283000
2025-07-18,61.769683837890625,62.189487579138195,61.281540299159936,62.13090901376424,15607500
2025-07-21,61.57442092895508,62.628812678934125,61.52560732369442,62.06256443004033,10888200
2025-07-22,61.8575439453125,62.394501042039586,61.262008288778354,61.701338176732996,13751300
2025-07-23,61.8575439453125,62.30663506444866,61.28153447538071,62.30663506444866,13203300
2025-07-24,60.705528259277344,61.67205034034403,60.598136089327824,61.63300168928561,15251000
2025-07-25,60.46145248413086,60.56884464694731,59.39729953550121,60.28572053120198,19311400
2025-07-28,60.41263961791992,60.79339094583449,60.031888290005355,60.754338572653694,9190900
2025-07-29,60.11975860595703,60.900787504737856,59.97331405808082,60.73481676886218,10510500
2025-07-30,59.34849166870117,60.568850501874465,59.03608010534798,60.38335357571878,15835500
2025-07-31,58.635799407958984,59.270383732584534,58.508881053338115,58.967737141724754,18328500
2025-08-01,57.425201416015625,57.84500512668855,56.419626991223886,57.796191521218546,28311700
2025-08-04,58.23552322387695,58.2745718749196,57.38615082056806,57.67903991094464,17346800
2025-08-05,58.43077850341797,58.46983087926928,57.16160608216649,58.38196489572359,18276200
2025-08-06,57.962158203125,58.53816768265021,57.89381841099823,58.518641495722655,12788900
2025-08-07,57.454490661621094,58.66508822666936,57.25923623353158,58.64556203901251,17444800
2025-08-08,58.14765930175781,58.333152504560694,57.50330998373141,58.11836815713869,13067200
2025-08-11,57.991451263427734,58.56746076200172,57.75714073678769,58.235523021734686,13725800
2025-08-12,60.08070373535156,60.149043528392376,58.46006744108183,58.57722083997475,23412400
2025-08-13,61.15462112426758,61.19367350066499,60.11975921941319,60.51027181066858,24069100
2025-08-14,61.115570068359375,61.18390986641163,60.18810031643877,60.334541144733755,14380100
2025-08-15,60.129520416259766,61.310826869794454,60.109994228072466,61.310826869794454,17624400
2025-08-18,60.46145248413086,60.47121371518725,59.73899848606334,59.97330899804825,9035400
2025-08-19,60.354061126708984,61.07651513441729,60.18809412686099,60.275960104497955,13775900
2025-08-20,60.56884765625,60.73481466212915,60.129517752100135,60.539556513147055,12302000
2025-08-21,60.32477951049805,60.59813870088524,60.012367943129924,60.10999516134259,10955600
2025-08-22,63.30244445800781,63.41960157752292,60.539554230297384,60.539554230297384,29433300
2025-08-25,62.96074676513672,63.29268821950927,62.872884510098494,63.02908655743714,11781000
2025-08-26,63.683204650878906,63.97608628346366,62.77525743775656,62.91193702265853,15829200
2025-08-27,64.19087219238281,64.49351878802756,63.312212376099275,63.56604908935428,15663700
2025-08-28,63.96632385253906,64.45446737459241,63.67344220839448,64.43494491104104,15051700
2025-08-29,63.95656204223633,64.45446303832885,63.80035255041854,64.03465933966669,11259100
2025-09-02,63.536766052246094,63.62462831569469,62.66787113190589,63.17553714494983,13317900
2025-09-03,63.62462615966797,64.21039690824713,62.96075065835046,63.47818161040338,7402200
2025-09-04,64.56185913085938,64.56185913085938,63.56604962959406,63.90774860314201,10097300
2025-09-05,63.89798355102539,65.38194401745604,63.48794478338494,64.77664337345419,18913300
2025-09-08,63.96632385253906,64.07371602326913,63.03885414002933,63.99561872058465,14154700
2025-09-09,63.31221008300781,64.17134740491433,63.136478126115904,63.91751070085298,15865100
2025-09-10,63.38054656982422,63.839402624920325,63.116952372470216,63.40983398636597,12929200
2025-09-11,63.663673400878906,63.81011793833117,62.960745579890904,63.409836699193555,14249700
2025-09-12,63.448890686035156,63.849171935352665,63.15600905216069,63.51723047878708,11718100
2025-09-15,62.83382797241211,63.790585001217735,62.67761848694608,63.59533059286343,18494900
2025-09-16,62.179718017578125,62.82406729201067,61.48655513773572,62.755727499588986,16880900
2025-09-17,62.921695709228516,64.35683882607857,62.28711137825468,62.53118685846239,32906300
2025-09-18,64.60091400146484,64.62044391412422,62.97051637293247,63.2731629828394,20046400
2025-09-19,63.79058837890625,64.63019578654749,63.55628158677897,64.48375869676708,19019200
2025-09-22,63.00475311279297,63.81023921844615,62.621656519516335,63.505728463369344,16841600
2025-09-23,62.92616653442383,64.14422452911968,62.79847016961965,63.191391861639026,17723800
2025-09-24,62.7984733581543,63.397677282677336,62.46449102713387,63.14227704574334,9909900
2025-09-25,62.759178161621094,62.9654603666939,62.08139216759088,62.58236377236469,12341000
2025-09-26,63.05386734008789,63.515549743776,62.552892019664874,63.00474932057987,11258600
2025-09-29,62.44484329223633,63.38785088510039,62.01263241563507,63.32891525253331,11305100
2025-09-30,62.17961883544922,62.759176261088065,61.34466493705139,62.50377978832909,15262900
2025-10-01,61.855464935302734,62.14032923820887,61.24643591501446,61.953693488418075,9570300
2025-10-02,61.70811462402344,62.091211204039936,61.20714303796621,61.80634317119422,13570800
2025-10-03,62.32696533203125,62.778822647176305,61.855461557900036,61.855461557900036,15656300
2025-10-06,62.95563507080078,63.869174830105855,62.27785282602206,63.11280674715169,27400000
2025-10-07,62.503780364990234,63.476259485423064,62.376080253843135,63.1029805079874,11795800
2025-10-08,62.12068557739258,62.81811803653466,62.04209973835621,62.75917865725739,16138100
2025-10-09,61.8358154296875,62.32696566543215,61.46254020131146,62.2189120140197,16841800
2025-10-10,59.124664306640625,62.47430878020722,59.0951964914553,62.081390838080125,26286300
2025-10-13,60.421302795410156,60.49988863495245,59.52740948010152,60.136438495017046,15050800
2025-10-14,62.28767395019531,62.710063460867524,59.90068345860266,59.969444193160555,22970900
2025-10-15,60.88298416137695,62.680595863833794,60.558826946927745,62.6314778413963,27305900
2025-10-16,57.1109504699707,60.352541370507616,56.53139302508842,60.31325219836401,70671400
2025-10-17,58.02448654174805,58.211122275883525,57.02253964586427,57.82802570481772,44523800
2025-10-20,59.468475341796875,59.615818173872114,58.23077456816152,58.62369628138716,27836200
2025-10-21,59.556880950927734,59.78280961849196,59.02643777637917,59.22289862775038,15486800
2025-10-22,59.370235443115234,60.116785853282416,59.05589961162759,59.714042834990195,20878500
2025-10-23,59.11484146118164,59.63545950129255,58.6924519673328,59.360416574015666,18256000
2025-10-24,60.136436462402344,60.53917950849616,59.714046957087014,59.80245414999438,17352800
2025-10-27,60.087318420410156,60.853515341074214,59.91050778183424,60.59811511845988,14032900
2025-10-28,59.841739654541016,60.24448642313604,59.4389966331247,60.067672048155345,12148600
2025-10-29,58.75139236450195,60.264132237995206,58.38793849322196,59.49793907173376,24234100
2025-10-30,58.80051040649414,59.674757279851946,58.54511016992136,58.6236960110758,18999100
2025-10-31,58.938026428222656,59.01661226210611,57.88696525669366,58.446876207987465,16574700
2025-11-03,59.0755500793457,59.0755500793457,57.92626032005501,58.71209995211432,12230100
2025-11-04,58.76121520996094,58.987143873760495,58.073604115208944,58.60404728091868,13954900
2025-11-05,59.488121032714844,59.98909265077741,58.60404906298195,58.84962419377674,18169000
2025-11-06,59.09519958496094,59.72387132301704,58.76121725572124,59.301481796414514,15677900
2025-11-07,59.930152893066406,59.95962445665802,58.64334161399843,58.89873809965816,17479800
2025-11-10,60.24449157714844,60.61776306988279,59.70422330338733,60.205198657751446,12277400
2025-11-11,60.36236572265625,60.745462313336354,59.87121547877325,60.30342634440586,9358200
2025-11-12,60.440948486328125,61.344666893671416,60.411480670464215,60.45077358973545,10978200
2025-11-13,59.714046478271484,60.74546122246781,59.48811781980402,60.195371610212945,14219900
2025-11-14,59.841739654541016,59.94979330004907,58.93802506879855,59.31130027677765,13284800
2025-11-17,57.59227752685547,59.80245358134468,57.40563803961521,59.69439993024324,17610200
2025-11-18,58.11289596557617,58.56475328486569,57.16988840866442,57.346702793982736,18214400
2025-11-19,58.731746673583984,58.84962168212452,58.09324986189638,58.250417789010086,11139400
2025-11-20,58.53528594970703,60.08731876478725,58.368292919013044,59.321125586910874,20521300
2025-11-21,60.51953125,61.07944220604061,58.73174473296175,58.77103765023659,28254700
2025-11-24,60.56864547729492,60.85351350655431,60.00873452167685,60.43112401411558,14719600
2025-11-25,62.28767395019531,62.67077054192615,60.86333748959219,60.89280905238772,20303000
2025-11-26,62.05192184448242,62.58236502285067,61.9635183952668,62.110861224471925,12113900
2025-11-28,61.8751106262207,62.258207224659195,61.76705697082952,62.081392833506186,6876100
2025-12-01,62.552894592285156,62.85740908873626,61.43307264953695,61.52147984223702,12220500
2025-12-02,62.20909118652344,62.97528436169657,62.15997316478858,62.798469975552166,10015400
2025-12-03,63.50572204589844,63.6137756889145,62.26802144957811,62.297489262335716,13960800
2025-12-04,63.72183609008789,64.01652174327475,63.260153656301284,63.26997875971493,12334200
2025-12-05,63.574485778808594,63.85935380619264,63.35837848256155,63.50572504767159,11026700
2025-12-08,63.79059600830078,64.2424533328868,63.446784842448885,63.7611281927953,11987900
2025-12-09,63.66289138793945,64.59608133582446,63.60395575763269,63.60395575763269,10742900
2025-12-10,65.86325073242188,66.22669711667156,63.62359932403564,63.633424427338,25015200
2025-12-11,66.2070541381836,66.77679021770192,65.54891461237342,65.54891461237342,18679300
2025-12-12,65.89271545410156,66.48209422048457,65.48996867555265,66.4133334893125,16895100
2025-12-15,66.06953430175781,66.67855582065361,65.77484115145731,66.38387016471123,10912100
2025-12-16,65.81414031982422,66.30529062071842,65.50962953146464,66.12847621262216,11295800
2025-12-17,66.0989990234375,66.79643145251583,65.80430588693329,65.80430588693329,12835300
2025-12-18,66.28563690185547,66.88483327466128,65.9909437724986,66.590147639662,12901100
2025-12-19,66.04988098144531,66.6589099659923,65.71590242158128,66.11864171402661,16429700
2025-12-22,66.37409210205078,66.78923724746862,66.07755554604496,66.21593726118424,9710200
2025-12-23,65.8996353149414,66.5717783081297,65.86998316750099,66.2357105821545,8856100
2025-12-24,65.95895385742188,66.13687430139227,65.60311296948109,65.9194151430686,3480600
2025-12-26,65.75137329101562,66.11710074045848,65.4647308109999,65.93918029765366,5779700
2025-12-29,65.1780776977539,66.05779330621183,65.0594615610982,65.7513701718275,8210200
2025-12-30,64.68385314941406,65.26703216920367,64.63442787532699,65.26703216920367,9126100
2025-12-31,64.06112670898438,64.95072883766032,64.04136112445286,64.80246055934134,9961200
2026-01-02,64.48616790771484,64.83212224720985,63.31980217653234,64.15998669689897,14549300
2026-01-05,65.79090881347656,66.4531728158794,64.2687023302666,64.48616147661636,20130900
2026-01-06,66.45317077636719,66.58166593106736,65.27691863425112,65.57344765461416,11816200
2026-01-07,65.97871398925781,66.71016129122503,65.4449527014748,66.36420699578365,12751600
2026-01-08,67.29335021972656,67.83699054847074,65.63276200197078,65.73160501253896,23176800
2026-01-09,66.70027923583984,67.8765237868447,66.6212018172674,67.48114423522019,14238000
2026-01-12,65.90953063964844,66.44329198824617,65.56357630479035,66.1171032405633,16710600
2026-01-13,65.474609375,66.41363686037448,65.375766361076,66.09733469107452,13611800
2026-01-14,66.20606231689453,66.43340048809357,65.07922785941845,65.42518970981078,13337400
2026-01-15,67.45149993896484,67.86665266416922,66.3049074011681,66.37409826516239,15840700
2026-01-16,67.06600189208984,67.67884059968732,66.97704544842011,67.3229997425324,14681500
2026-01-20,66.18628692626953,67.02646380297614,65.9688277847421,66.12698262993953,18387500
2026-01-21,69.27023315429688,69.55688313301643,66.73980861641428,66.8386591576012,29438400
2026-01-22,69.1219711303711,70.44648404011326,69.00335499496984,69.35919585993541,19220800
2026-01-23,66.82878112792969,68.94405327012254,66.67062627482741,68.83532369392435,27784000
2026-01-26,67.14508056640625,67.48114830374453,66.41363325360551,66.87820368918103,16350300
2026-01-27,67.47126770019531,67.72825800816949,66.93750641701835,67.33288598321292,11458200
2026-01-28,66.99681091308594,67.86664746956563,66.86831575871417,67.42184262830088,14059500
2026-01-29,68.23236846923828,68.25214159561305,67.03635072566068,67.39219158802537,15623600
2026-01-30,68.0149154663086,68.4893725060372,67.36254552057542,67.95561116430707,14836100
2026-02-02,69.23070526123047,69.63596388670348,67.80734170764224,68.02480086624473,18364700
2026-02-03,70.41683197021484,70.78255939884852,69.07254593245207,69.22081421655967,33101600
2026-02-04,71.51399993896484,72.39371545574903,70.88139569186694,70.89128225420089,29006100
2026-02-05,71.46458435058594,72.12684076328696,70.73312954071184,71.16804780158425,31300000
2026-02-06,72.77922058105469,73.14494803608105,71.94893019611538,72.09719849092276,17275900
2026-02-09,72.57164764404297,73.22402512163652,72.28499761975841,72.42337934993182,16732200
2026-02-10,71.8006591796875,72.8484086851306,71.13840270138813,72.40361135880735,21532400
2026-02-11,70.9802474975586,73.02632876275578,70.55521575931772,72.33442013828848,20794900
2026-02-12,69.88307189941406,71.93903970400845,68.87486112400549,71.47446925822393,29964600
2026-02-13,70.45636749267578,70.76278306905283,68.98358636401589,69.83364977709853,18907500
2026-02-17,70.70348358154297,71.5140083396764,70.18949539836206,70.54533627180975,12937900
2026-02-18,70.55521392822266,71.87973438513461,70.29822361222634,70.65406447878547,16352100
2026-02-19,70.16972351074219,70.37729610037987,69.51735359205787,70.17961007441212,11901900
2026-02-20,71.06920623779297,71.0988583850459,69.40861812048787,69.91272724750135,19218700
2026-02-23,67.94572448730469,71.2866742642957,67.42184971052508,70.89129465538542,37199400
2026-02-24,67.87653350830078,68.2719131165526,67.23404258754641,67.8666544854926,25074300
2026-02-25,69.06266784667969,69.24058828177319,68.0445629706657,68.56844525377977,17003200
2026-02-26,69.57666015625,70.36741936833633,68.61786706249791,69.18128055020682,17720800
2026-02-27,65.99848175048828,68.47948127887294,65.39553712497288,68.10387482304206,44564800
2026-03-02,66.97704315185547,67.40207485325901,64.3675486496879,64.9408410854573,27421900
2026-03-03,66.5223617553711,66.99681120530396,64.71350531706173,65.31645746316485,29243300
2026-03-04,66.72004699707031,67.11542656159683,66.31478086959018,66.86831527642249,16123900
2026-03-05,65.8304443359375,66.4432830331164,65.10888361208995,65.96882605122985,16385100
2026-03-06,64.15998077392578,64.3576667950337,62.74650008279393,63.863444201025594,28394400
2026-03-09,64.00182342529297,64.47628041516187,61.718513772697506,63.379105696000664,30237200
2026-03-10,63.972171783447266,65.3955352230752,63.19129920427572,64.02158951656664,28615600
2026-03-11,63.24072265625,63.87333074369487,62.637770488457,63.49771674597826,27143000
2026-03-12,62.72673034667969,63.141879283854266,61.669094303557046,61.965627104042234,23233700
2026-03-13,62.380775451660156,63.49771578195223,62.23250716750927,63.18141362834149,20830900
2026-03-16,62.72673034667969,63.557028221028844,62.72673034667969,63.07268842276169,14125600
2026-03-17,62.71685028076172,63.69541271259026,62.41043090358688,63.309919678136964,16119300
2026-03-18,61.89643478393555,62.74649822374289,61.738283709363415,62.46973478589643,19568200
2026-03-19,62.4598503112793,62.89476860885963,61.08591209800144,61.54059598127254,25860100
2026-03-20,62.31158447265625,62.67730813008169,61.75805381958115,62.380775332963246,22342800
2026-03-23,63.438995361328125,64.85074112711155,63.38928303880427,63.71736237085877,28541300
2026-03-24,63.96590805053711,64.58230595131832,62.6834113045968,62.812656515085465,16607600
2026-03-25,64.19457244873047,64.89049942751633,63.60800271481267,64.62207261713756,12708100
2026-03-26,64.09515380859375,64.32381227381497,63.53840844680547,63.60800114296432,14882300
2026-03-27,63.001548767089844,63.86648929191721,62.84247920169036,63.66765517955605,16353800
2026-03-30,63.24015426635742,63.78695944646099,63.01149200582209,63.6278860904181,15385000
2026-03-31,64.77120208740234,65.1589339168613,63.727304032683506,64.18462856012137,27206100
2026-04-01,65.46713256835938,66.09347446870139,64.9501592964449,64.9501592964449,17438600
2026-04-02,65.61625671386719,65.62620069475484,64.09515379456042,64.37352457913485,12662800
2026-04-06,66.2525405883789,66.38178201075787,65.25835479613428,65.44725252387217,7632700
2026-04-07,66.36190032958984,66.57067843165845,65.81509512057528,66.05370516725554,12438600
2026-04-08,68.29061889648438,69.03625817952346,67.98241616833774,68.26079453876842,15657800
2026-04-09,69.4438705444336,69.66259261492563,67.7537578661434,67.8829992782364,10829800
2026-04-10,68.53916931152344,69.3941696792852,68.39003992923281,69.30468901589664,12269700
2026-04-13,68.9865493774414,69.0660860587627,67.83329783842414,68.20114171572321,11394200
2026-04-14,68.88713073730469,69.18538190786141,68.19119616926854,68.84736239755675,12630000
2026-04-15,68.76782989501953,69.0959130290914,68.12160760867556,68.93683966043751,11766800
2026-04-16,68.4298095703125,68.92690246403546,68.26079980685523,68.63858767547187,10604800
2026-04-17,69.96085357666016,71.02463201995863,69.14562156950652,69.2450386269574,21788000
2026-04-20,70.22927856445312,70.6269543689531,69.573119934308,69.63276865022071,8383600
2026-04-21,69.22515106201172,70.49771519381135,69.01637296465526,70.05032705516008,15685400
2026-04-22,68.84736633300781,69.64271800336007,68.61870026264495,69.45382027501839,11958900
2026-04-23,69.59300231933594,69.70236335835486,68.64852889330193,69.03626072799254,17327200
2026-04-24,68.48945617675781,69.63277131404497,68.36021475899106,69.43392961167069,15231400
2026-04-27,69.66259765625,69.88131974257045,68.47951414480876,68.69823623112921,11118000
2026-04-28,69.96085357666016,70.61701222386417,69.75207548050274,70.12986333283018,12324300
2026-04-29,68.6286392211914,70.02050074991385,68.43974150667593,69.76201033821401,10918500
2026-04-30,69.4438705444336,69.86142672353563,67.96253595569442,68.23096276082144,12434700
2026-05-01,69.41404724121094,70.00062076508149,68.77776898195027,69.44387159945204,8935800
2026-05-04,68.58887481689453,69.52341187701303,68.37015273175739,69.01637500556198,11589400
2026-05-05,69.51346588134766,69.78190028170592,68.6286411698644,68.71812183166226,10864900
2026-05-06,70.29887390136719,70.8257911384776,69.93102244100928,69.93102244100928,13686300
2026-05-07,69.54328918457031,70.68660429773706,69.43392814683048,70.38835312802088,11503300
2026-05-08,69.4438705444336,69.90119506226465,69.23509245488258,69.72224133050162,10184300
2026-05-11,68.15143585205078,69.87137294323779,67.97248211455387,69.65265086573764,20653700
2026-05-12,67.83329772949219,68.3403270057716,66.739687325669,68.24090994679733,17791700
2026-05-13,66.7496337890625,67.71399522554562,66.68998506846707,67.61457816287468,18412600
2026-05-14,67.34613800048828,67.88299919512001,67.25666492723384,67.30636966180796,16610900
2026-05-15,66.58061981201172,67.50521284792795,66.03381462435983,67.26661039560494,18064800
2026-05-18,67.52509307861328,67.78358349267262,66.73968544034328,66.85899045876342,15231400
2026-05-19,67.16718292236328,67.56485871615874,66.68997803783664,67.32625627389542,12121200
2026-05-20,68.76782989501953,69.05614468692794,67.0180683500409,67.34614389907708,18748500
2026-05-21,68.8075942993164,68.98654803629265,67.8830012557784,68.27073308838769,13570000
2026-05-22,68.96666717529297,69.20526962790986,68.66840842074545,68.84736215646693,8441300
2026-05-26,69.8912582397461,70.13980466650901,69.16549933618298,69.2947407474871,15023200
2026-05-27,69.17544555664062,70.22928001302242,68.95672348040246,69.84154818152213,11954300
2026-05-28,69.14562225341797,69.16550263109066,68.31050227549291,69.03626121362974,14162600
2026-05-29,69.20526885986328,69.5234079881668,68.8075930532251,68.96666640989443,10809300
2026-06-01,67.91282653808594,68.74794651701154,67.59468739969412,68.54910481486955,15988400
2026-06-02,69.13568115234375,69.27486655695733,67.61457809832689,67.61457809832689,19351000
2026-06-03,67.4853286743164,68.72806091144312,67.41573597243874,68.67835617297943,14963400
2026-06-04,69.5731201171875,69.73218588838455,68.29061962644734,68.58887079182998,16495300
2026-06-05,69.76200866699219,70.28892587377027,69.23509146021411,69.44386954676571,15947700
2026-06-08,69.95091247558594,70.57724678984711,69.76201474912683,69.99068081721077,9447800
2026-06-09,70.82579040527344,72.0088738699582,70.31876113615309,70.3684658724207,23975600
2026-06-10,71.22346496582031,71.93927990377391,70.83573313860131,71.08427957066658,14728800
2026-06-11,71.92933654785156,72.12817824625309,70.79596541458612,71.61119741544434,15738300
2026-06-12,72.9831771850586,73.16212333263026,72.21764993472725,72.28724263157237,16231800
2026-06-15,71.81004333496094,73.83817568262702,71.65096996688911,73.36097074848288,21444100
2026-06-16,72.06851959228516,72.86387118986482,71.78020482778841,72.35683435678192,13946100
2026-06-17,70.73632049560547,72.50596998870257,70.1199225750175,71.86969168972465,27532500
2026-06-18,71.3030014038086,71.87963094466205,71.00474265232297,71.34276974300901,16522200
2026-06-22,71.98999786376953,72.30000305175781,71.33000183105469,71.33000183105469,15770400
2026-06-23,73.12000274658203,73.2300033569336,71.8499984741211,71.94999694824219,16889900
2026-06-24,73.97000122070312,74.12999725341797,73.12000274658203,73.12999725341797,14241400
2026-06-25,74.7699966430664,75.05999755859375,74.0,74.0,11909200
2026-06-26,75.16999816894531,75.30999755859375,74.5,74.94000244140625,10338500
2026-06-29,74.75,75.16000366210938,74.23999786376953,74.79000091552734,16934200
2026-06-30,74.8499984741211,75.0,74.23999786376953,74.6500015258789,8859400
2026-07-01,76.18000030517578,76.5,74.80999755859375,74.83999633789062,16565400
2026-07-02,75.0199966430664,76.83999633789062,74.58000183105469,76.55000305175781,17879900
2026-07-06,75.55999755859375,75.75,74.80000305175781,74.80000305175781,9474000
2026-07-07,75.06999969482422,75.97000122070312,75.05999755859375,75.69000244140625,8637000
2026-07-08,73.33999633789062,74.68000030517578,72.91999816894531,74.68000030517578,21209000
2026-07-09,74.6500015258789,74.97000122070312,73.62000274658203,73.68000030517578,11975200
2026-07-10,75.0199966430664,75.20999908447266,74.48999786376953,74.73999786376953,10374200
2026-07-13,75.12000274658203,75.3499984741211,74.55000305175781,75.05999755859375,10095200
2026-07-14,75.0,75.6500015258789,74.70999908447266,75.05999755859375,10894200
2026-07-15,75.77999877929688,76.2699966430664,75.0999984741211,75.1500015258789,13926300
2026-07-16,77.91999816894531,78.0999984741211,75.73999786376953,75.73999786376953,20945700
2026-07-17,76.69000244140625,77.58000183105469,76.22000122070312,77.31999969482422,15369300
2026-07-20,75.88999938964844,76.95999908447266,75.66999816894531,76.66999816894531,13554400
2026-07-21,75.9800033569336,76.0199966430664,74.9800033569336,75.69000244140625,15981500
2026-07-22,75.5999984741211,75.87999725341797,75.08000183105469,75.87999725341797,9125400
2026-07-23,75.1500015258789,75.20999908447266,73.94999694824219,74.54000091552734,17479300
2026-07-24,75.7300033569336,76.19999694824219,75.08000183105469,75.31999969482422,11073700
2026-07-27,75.5199966430664,76.62000274658203,75.47000122070312,76.05999755859375,8033500
2026-07-28,76.79000091552734,76.9000015258789,75.73999786376953,75.77999877929688,12502100
2026-07-29,76.18000030517578,76.94000244140625,75.93000030517578,76.36000061035156,18483600
2026-07-30,75.9000015258789,76.72000122070312,75.79000091552734,76.55999755859375,8522300
2026-07-31,76.05999755859375,76.45999908447266,75.29000091552734,76.05999755859375,12035500
2026-08-03,77.05999755859375,77.27999877929688,76.33999633789062,76.45999908447266,12751900
2026-08-04,77.83999633789062,78.3499984741211,76.87000274658203,77.05999755859375,13839700
2026-08-05,77.33999633789062,78.20999908447266,77.31999969482422,78.0199966430664,8977800
2026-08-06,76.48999786376953,78.01000213623047,76.41999816894531,77.80000305175781,14312100
2026-08-07,76.20999908447266,76.55999755859375,75.83999633789062,76.41000366210938,9932800
2026-08-10,76.02999877929688,76.33000183105469,75.4800033569336,75.83999633789062,7336500
2026-08-11,76.80999755859375,77.0199966430664,76.11000061035156,76.11000061035156,8304900
2026-08-12,77.37999725341797,77.55000305175781,76.80999755859375,76.91999816894531,8782500
2026-08-13,77.75,78.16000366210938,77.54000091552734,77.80999755859375,7308800
2026-08-14,77.93000030517578,78.2300033569336,77.4000015258789,77.55000305175781,7300600
2026-08-17,77.38999938964844,78.23999786376953,77.30999755859375,77.5999984741211,11420600
2026-08-18,76.8499984741211,77.7300033569336,76.5999984741211,77.52999877929688,12307600
2026-08-19,75.0,77.1500015258789,74.9000015258789,77.0199966430664,23671600
2026-08-20,74.70999908447266,75.2300033569336,74.4800033569336,74.76000213623047,15940300
2026-08-21,74.86000061035156,75.41999816894531,74.25,75.2300033569336,14326700
2026-08-24,74.76000213623047,75.58999633789062,74.63999938964844,74.94999694824219,7806900
2026-08-25,74.33000183105469,75.05000305175781,74.16999816894531,74.80999755859375,10053900
2026-08-26,74.58000183105469,74.91000366210938,74.0999984741211,74.5999984741211,5158000
2026-08-27,74.3499984741211,74.44000244140625,73.45999908447266,73.94000244140625,10752000
2026-08-28,74.30000305175781,74.86000061035156,74.0999984741211,74.5199966430664,13411800
