Price,Close,High,Low,Open,Volume
Ticker,XLU,XLU,XLU,XLU,XLU
Date,,,,,
1998-12-22,5.795296669006348,5.877262249217941,5.795296669006348,5.877262249217941,15800
1998-12-23,5.771011829376221,5.7892264894250305,5.758868722677014,5.7892264894250305,48200
1998-12-24,5.877264499664307,5.889407608134687,5.859049836958735,5.871192945429116,47600
1998-12-28,5.8469085693359375,5.877266350069769,5.837801605694167,5.865123237776237,6200
1998-12-29,5.944051742553711,5.959230999093559,5.8711930899381395,5.8711930899381395,24000
1998-12-30,5.895477771759033,5.989587210784442,5.895477771759033,5.97440795819865,140800
1998-12-31,5.874226093292236,5.874226093292236,5.834760640339341,5.874226093292236,43200
1999-01-04,5.780117511749268,5.877262343879507,5.7558313037167075,5.831726074396583,218600
1999-01-05,5.849942684173584,5.849942684173584,5.801370251886337,5.825656468029961,222400
1999-01-06,5.910656929016113,5.928871587131485,5.868156060080247,5.868156060080247,82000
1999-01-07,5.889406681060791,5.971373020911489,5.877263574501902,5.910657488117048,444600
1999-01-08,5.9228010177612305,5.928872571474386,5.849942373203367,5.907621762900113,271800
1999-01-11,5.764938831329346,5.8894052732266395,5.743688029352991,5.8894052732266395,258000
1999-01-12,5.767975807189941,5.8529775559274775,5.737618039783679,5.758868847546278,14200
1999-01-13,5.807440757751465,5.849941628331928,5.731545975422455,5.731545975422455,51800
1999-01-14,5.710296154022217,5.783154792407467,5.682973794049549,5.725474666440946,40000
1999-01-15,5.737618923187256,5.789227506302134,5.716368853309279,5.731547368771185,13800
1999-01-19,5.931910037994385,5.931910037994385,5.828693589022118,5.91369537052869,24400
1999-01-20,5.907622814178467,5.971374510089624,5.883336595004043,5.937980588146496,65400
1999-01-21,5.886373043060303,5.950124001064825,5.886373043060303,5.950124001064825,41000
1999-01-22,5.925836563110352,5.968337440099873,5.822620147564372,5.846906362986956,41600
1999-01-25,5.704222202301025,5.925833430294445,5.704222202301025,5.925833430294445,27200
1999-01-26,5.8165483474731445,5.8165483474731445,5.6799387620825295,5.7679759186842245,30400
1999-01-27,5.728511810302734,5.801370461364413,5.728511810302734,5.801370461364413,15600
1999-01-28,5.737618923187256,5.816549130596181,5.737618923187256,5.7436904776033275,35200
1999-01-29,5.728511810302734,5.761904988127741,5.673867822006475,5.737618771107181,79600
1999-02-01,5.71636962890625,5.761905922626875,5.682975704508698,5.761905922626875,24400
1999-02-02,5.640472888946533,5.6556521424336275,5.567614250983823,5.643509036106509,55400
1999-02-03,5.670831680297852,5.676903234559413,5.610116137682243,5.610116137682243,65000
1999-02-04,5.5858283042907715,5.661723081177225,5.5858283042907715,5.661723081177225,36400
1999-02-05,5.588865756988525,5.637438188375036,5.588865756988525,5.607080418758467,16200
1999-02-08,5.588865756988525,5.628330486911823,5.579758055525312,5.59190116337194,26600
1999-02-09,5.613149642944336,5.664757459294439,5.588863437331069,5.6010065401377025,24400
1999-02-10,5.5736870765686035,5.631367215368455,5.570651669872064,5.613152551719538,16000
1999-02-11,5.5979743003845215,5.6283320785861735,5.570652670581382,5.588867337502373,8800
1999-02-12,5.50690221786499,5.625297950349008,5.4826159897817925,5.625297950349008,206000
1999-02-16,5.607079982757568,5.607079982757568,5.564579108599197,5.579757621648974,118600
1999-02-17,5.567615985870361,5.682975531924383,5.567615985870361,5.591902206092261,114800
1999-02-18,5.667795181274414,5.743689224337039,5.567614184690344,5.591900397055405,28000
1999-02-19,5.607079982757568,5.664759369965715,5.585829175100169,5.6374377500135475,19200
1999-02-22,5.789224624633789,5.789224624633789,5.628328142118128,5.628328142118128,13800
1999-02-23,5.607079982757568,5.737618011380065,5.585829175100169,5.737618011380065,30200
1999-02-24,5.658687591552734,5.743689336490221,5.62529441947692,5.62529441947692,132000
1999-02-25,5.537259101867676,5.6283324423589205,5.5129728777366775,5.622260886326171,47200
1999-02-26,5.570652008056641,5.576723562974873,5.491721794119617,5.576723562974873,22800
1999-03-01,5.488681793212891,5.525111097150145,5.455288635181785,5.525111097150145,16800
1999-03-02,5.406720161437988,5.540294373003303,5.406720161437988,5.5251151147471145,20600
1999-03-03,5.409751892089844,5.44314579286599,5.409751892089844,5.409751892089844,9400
1999-03-04,5.494755268096924,5.494755268096924,5.440111293055076,5.4552905455893175,11400
1999-03-05,5.588865756988525,5.597972717295254,5.522078663832075,5.585829609448626,42000
1999-03-08,5.525112152099609,5.564577609478435,5.497790539508,5.564577609478435,78200
1999-03-09,5.509933948516846,5.552434813580836,5.476540041102719,5.531184010470707,11600
1999-03-10,5.491720676422119,5.512970743732729,5.482612975320103,5.485649122739594,68000
1999-03-11,5.53422212600708,5.56761530414506,5.482613543776433,5.497792800134811,19200
1999-03-12,5.594936847686768,5.619223061369278,5.567614486715731,5.6131515079486505,15600
1999-03-15,5.610115051269531,5.6344012636126894,5.585828838926373,5.619222751476406,31800
1999-03-16,5.588865756988525,5.6192235266050945,5.558507987371957,5.59190116337194,20200
1999-03-17,5.537259101867676,5.6131539228554175,5.537259101867676,5.601010810789918,24200
1999-03-18,5.619225025177002,5.619225025177002,5.525115543689661,5.525115543689661,27600
1999-03-19,5.515623092651367,5.622573852703141,5.515623092651367,5.592016386112363,102000
1999-03-22,5.53395938873291,5.579795230645471,5.5156249027614574,5.5156249027614574,76800
1999-03-23,5.359781265258789,5.485067289287172,5.326168414832522,5.485067289287172,68800
1999-03-24,5.433113098144531,5.457559051342032,5.329217797055153,5.39644416834828,47400
1999-03-25,5.41478157043457,5.436172164101117,5.384224112362141,5.436172164101117,15200
1999-03-26,5.344499111175537,5.356722092852289,5.310885538548671,5.332276129498785,24600
1999-03-29,5.3169989585876465,5.38728150174583,5.3169989585876465,5.356724036466591,29000
1999-03-30,5.231435775756836,5.29560679789112,5.231435775756836,5.268104718110272,23000
1999-03-31,5.219212055206299,5.277271578719043,5.219212055206299,5.2681039714143205,41000
1999-04-01,5.329221725463867,5.329221725463867,5.240605452815536,5.240605452815536,22400
1999-04-05,5.3720011711120605,5.393391764945761,5.316997746151869,5.344499831647814,16800
1999-04-06,5.344499111175537,5.40255790112431,5.338387620337161,5.378111937770806,77800
1999-04-07,5.41478157043457,5.427004553663542,5.365889637518682,5.390335603976626,58200
1999-04-08,5.558404445648193,5.579794302708283,5.433118439329314,5.433118439329314,89800
1999-04-09,5.518679618835449,5.567571575591467,5.506456629646445,5.567571575591467,34600
1999-04-12,5.598124027252197,5.607291633936971,5.506451690561386,5.524786157899548,19000
1999-04-13,5.5064544677734375,5.60423834289483,5.5064544677734375,5.598126850699743,26000
1999-04-14,5.427004337310791,5.524788199244319,5.423948964641199,5.524788199244319,53200
1999-04-15,5.482010364532471,5.503400967510422,5.442286024762011,5.442286024762011,35000
1999-04-16,5.543125152587891,5.555348140796464,5.509512308030312,5.512567682066458,5600
1999-04-19,5.598124027252197,5.695907853055729,5.588957166598809,5.598124027252197,23800
1999-04-20,5.659242153167725,5.659242153167725,5.604238719713611,5.604238719713611,20600
1999-04-21,5.760081768035889,5.760081768035889,5.643963416306042,5.683687742566161,39200
1999-04-22,5.741746425628662,5.7478579169033965,5.668408530331851,5.7478579169033965,26400
1999-04-23,5.738692283630371,5.77536124390916,5.732580790250573,5.77536124390916,12200
1999-04-26,5.708132743835449,5.778415265196136,5.708132743835449,5.738690199637566,12200
1999-04-27,5.741746425628662,5.744801798250204,5.68063151288132,5.68063151288132,17400
1999-04-28,5.717299938201904,5.778414845365839,5.717299938201904,5.766191863933052,17400
1999-04-29,5.799806594848633,5.833420177845229,5.796751221502666,5.815085699673947,27400
1999-04-30,5.723412990570068,5.787583287585483,5.671464932290737,5.775360302817615,65000
1999-05-03,5.808971405029297,5.827305874357061,5.741745017494158,5.741745017494158,8800
1999-05-04,5.760081768035889,5.842586539670162,5.744802664529239,5.842586539670162,100400
1999-05-05,5.805919170379639,5.805919170379639,5.747860351691825,5.7723063271460555,1254200
1999-05-06,5.683684825897217,5.78146865085889,5.683684825897217,5.763134183678576,33400
1999-05-07,5.753972053527832,5.787584897976323,5.753972053527832,5.753972053527832,12200
1999-05-10,5.738692283630371,5.75397139009582,5.735636909956425,5.75397139009582,8200
1999-05-11,5.760081768035889,5.763137141118162,5.680632369483889,5.723412814858043,31200
1999-05-12,5.77536153793335,5.77536153793335,5.717302720885442,5.747860189340115,23600
1999-05-13,5.851753234863281,5.8670315899462775,5.753969375030843,5.753969375030843,20600
1999-05-14,5.741746425628662,5.7998052197228125,5.741746425628662,5.7998052197228125,31200
1999-05-17,5.8609209060668945,5.863977025123471,5.735635691413977,5.778416135983808,20400
1999-05-18,5.732579231262207,5.851753692774448,5.723412366701413,5.851753692774448,21600
1999-05-19,5.851753234863281,5.857864726102809,5.790638322468007,5.790638322468007,62200
1999-05-20,5.839531421661377,5.888423361367462,5.805917840097546,5.845642914124638,56400
1999-05-21,5.784526824951172,5.821195772348543,5.784526824951172,5.805916671250483,14000
1999-05-24,5.842586517333984,5.873143978198702,5.808973683398675,5.851754128609279,21800
1999-05-25,5.848696231842041,5.934257096257703,5.842584741526637,5.867030702788254,41800
1999-05-26,5.8792548179626465,5.8945339197153945,5.812028411520246,5.839530496262521,29800
1999-05-27,5.778420448303223,5.85481378331572,5.775364326965924,5.85481378331572,17800
1999-05-28,5.790639400482178,5.808973877613997,5.790639400482178,5.793694773654922,6200
1999-06-01,5.787582874298096,5.787582874298096,5.720356462875414,5.77230451744517,10800
1999-06-02,5.787582874298096,5.815084961077785,5.750913922612996,5.808973469130269,120000
1999-06-03,5.732579231262207,5.787582656722079,5.711189383265887,5.787582656722079,16400
1999-06-04,5.818140506744385,5.818140506744385,5.775360061841853,5.7814715539707855,26800
1999-06-07,5.8670334815979,5.882312587638838,5.833420641958855,5.8548104951779045,21800
1999-06-08,5.8670334815979,5.9189815468988245,5.8670334815979,5.900647067268831,8600
1999-06-09,5.912869930267334,5.9220367968750445,5.885367838380462,5.891479331462892,10000
1999-06-10,5.8639750480651855,5.867030420059885,5.812027009871824,5.867030420059885,9600
1999-06-11,5.824253559112549,5.87314550924151,5.818142065346429,5.86703401547539,14600
1999-06-14,5.986207485198975,5.992318977911769,5.894535094507043,5.897590467847529,159200
1999-06-15,5.9923176765441895,6.025930506148864,5.989261557835585,5.998429167929736,87000
1999-06-16,6.050375461578369,6.062598442308831,6.007595029021755,6.007595029021755,249800
1999-06-17,5.9984283447265625,6.032041169718331,5.989260735890542,6.00453983527339,8000
1999-06-18,6.019851207733154,6.0751920257817735,6.010628113362326,6.056745086432234,137000
1999-06-21,5.9737348556518555,6.016777718608557,5.949138933962312,5.986032816496627,117200
1999-06-22,5.952215671539307,5.992184437199863,5.952215671539307,5.958364654671062,22000
1999-06-23,5.9337663650512695,5.973735114834887,5.921468403672925,5.973735114834887,17400
1999-06-24,5.869204521179199,5.887651469778073,5.838459606847742,5.887651469778073,10200
1999-06-25,5.83845853805542,5.909171452768884,5.83845853805542,5.84768163536234,36400
1999-06-28,5.899946689605713,5.933765704326415,5.890722844295032,5.890722844295032,19800
1999-06-29,5.903022766113281,5.915320730209351,5.859979891777039,5.890724802017212,7800
1999-06-30,6.029075622558594,6.084416445837831,5.909170130149604,5.942989897457559,52200
1999-07-01,6.00755500793457,6.059821726705811,5.99525704476582,6.059821726705811,57000
1999-07-02,6.010630130767822,6.010630130767822,5.970661373458113,5.989108318999179,15200
1999-07-06,5.992180824279785,6.038297794658081,5.961435927158308,5.992180824279785,22800
1999-07-07,6.047522068023682,6.047522068023682,6.010628188861182,6.0137023034874435,15400
1999-07-08,5.998330116271973,6.056745048542812,5.998330116271973,6.056745048542812,9800
1999-07-09,5.998330116271973,6.0106280757614,5.884573615690833,6.004479096016686,62600
1999-07-12,5.9737348556518555,6.0198518335157685,5.955287914384698,6.0198518335157685,14400
1999-07-13,5.94606351852417,6.001404337207435,5.94606351852417,5.998330222584534,2000
1999-07-14,5.982954978942871,5.982954978942871,5.952210092103493,5.9552849560912255,26000
1999-07-15,6.075194835662842,6.075194835662842,6.010630893381472,6.010630893381472,14400
1999-07-16,6.145906448364258,6.148980563341939,6.105937699398545,6.105937699398545,3000
1999-07-19,6.087488651275635,6.148978435631954,6.087488651275635,6.148978435631954,11600
1999-07-20,6.1151628494262695,6.145907758798427,6.096715903802974,6.102864885677406,10200
1999-07-21,6.152055740356445,6.182800644729522,6.0997890276182085,6.0997890276182085,29600
1999-07-22,6.142831802368164,6.142831802368164,6.0874909753198025,6.0874909753198025,8200
1999-07-23,6.102864742279053,6.139758632658751,6.102864742279053,6.121311687468902,6800
1999-07-26,6.112086772918701,6.158204503149145,6.084416735266827,6.084416735266827,49200
1999-07-27,6.148981094360352,6.179725999832153,6.11823618888855,6.145906979117194,10800
1999-07-28,6.136682510375977,6.170502278272212,6.133608395444301,6.155129451789932,5200
1999-07-29,6.035223960876465,6.10286273768879,6.019851136296999,6.065968859427522,31800
1999-07-30,6.047522068023682,6.087490061812443,6.010628188861182,6.065969007604932,10200
1999-08-02,6.139755725860596,6.16127677642246,6.0567441365031165,6.0567441365031165,94400
1999-08-03,6.099789142608643,6.192023857466636,6.099789142608643,6.164353818313254,117200
1999-08-04,6.00755500793457,6.130534639622074,6.00755500793457,6.112087694868949,15400
1999-08-05,6.062894821166992,6.062894821166992,5.967585997963792,6.010628861805748,26200
1999-08-06,6.038299083709717,6.081341948868544,6.038299083709717,6.050597045183667,5200
1999-08-09,6.062894821166992,6.099788704460098,6.059820706196556,6.075192782264694,17400
1999-08-10,5.952215671539307,6.072121217912684,5.949141555277575,6.072121217912684,32200
1999-08-11,5.921470642089844,5.992184322050299,5.5679044941123985,5.5679044941123985,23400
1999-08-12,5.8907246589660645,5.949140362307899,5.8907246589660645,5.909171604662201,47200
1999-08-13,5.967586517333984,5.992182441670018,5.912245687577911,5.912245687577911,24000
1999-08-16,5.921470642089844,5.973737373009521,5.921470642089844,5.949141440955151,5000
1999-08-17,5.986032009124756,6.0044789479038645,5.955287111159574,6.0044789479038645,60000
1999-08-18,5.9491400718688965,5.992182943058513,5.936842108671863,5.992182943058513,53200
1999-08-19,5.881502628326416,5.9030236935717575,5.823086914387973,5.887651611340553,14800
1999-08-20,5.86613130569458,5.9153231824718935,5.86613130569458,5.8999510962832185,25800
1999-08-23,5.893801212310791,5.906099179628488,5.8292365085887,5.872279394200642,16200
1999-08-24,5.8784260749816895,5.890724037481651,5.853830149981766,5.872277093731708,4600
1999-08-25,5.961435794830322,5.989105826321531,5.918392939815692,5.9306908983913,77800
1999-08-26,5.9645094871521,5.992180267293288,5.942988436471415,5.97988230958782,15400
1999-08-27,5.884573936462402,5.927616797021688,5.884573936462402,5.915318836861893,25600
1999-08-30,5.804640769958496,5.893801411326669,5.801566653329447,5.869205475860743,49400
1999-08-31,5.75852108001709,5.804638062198763,5.687807423235017,5.804638062198763,40200
1999-09-01,5.780044078826904,5.789267928724919,5.693958315950759,5.7185542482010865,47600
1999-09-02,5.700103759765625,5.712401718254871,5.669358863542509,5.712401718254871,304400
1999-09-03,5.807714462280273,5.816937560909948,5.776969549167642,5.78004366517479,33600
1999-09-07,5.767744064331055,5.838457719741467,5.767744064331055,5.8323087388626496,40800
1999-09-08,5.684734344482422,5.752373147793359,5.678585362363246,5.743149299310511,12400
1999-09-09,5.706252574920654,5.706252574920654,5.6355396909448245,5.663209721446037,113400
1999-09-10,5.727776527404785,5.743148605541704,5.7062547172834055,5.733925508781168,23800
1999-09-13,5.780044078826904,5.780044078826904,5.712405265138504,5.73085221432625,14200
1999-09-14,5.783118724822998,5.807714656134083,5.7370009783105855,5.743149961138357,11000
1999-09-15,5.789266109466553,5.866127998291081,5.789266109466553,5.853830036030512,10800
1999-09-16,5.75852108001709,5.75852108001709,5.687807423235017,5.687807423235017,6000
1999-09-17,5.833719730377197,5.8616022381019866,5.78415015542496,5.78415015542496,21200
1999-09-20,5.802737712860107,5.855404998683655,5.530105099164784,5.836816411386246,23800
1999-09-21,5.725282192230225,5.796538788176264,5.725282192230225,5.787244120717564,20600
1999-09-22,5.833719730377197,5.867798434971016,5.7500706944594535,5.7500706944594535,29400
1999-09-23,5.781052112579346,5.849210283252843,5.774855915245391,5.815131576101966,34800
1999-09-24,5.697402000427246,5.725284501306298,5.657126352481223,5.725284501306298,56000
1999-09-27,5.781052112579346,5.796542984100103,5.74387492857562,5.74387492857562,24200
1999-09-28,5.715989589691162,5.7469705610272355,5.709793395423948,5.7469705610272355,1800
1999-09-29,5.790343284606934,5.898776294181989,5.790343284606934,5.861599132664035,19000
1999-09-30,5.904975891113281,5.904975891113281,5.815131410515153,5.824425328065566,17000
1999-10-01,5.864698886871338,5.880188996030265,5.802736937492726,5.867796606154542,26200
1999-10-04,5.960740089416504,5.960740089416504,5.895680414651254,5.904974329744208,36600
1999-10-05,5.802737712860107,5.982427390068389,5.790345321328502,5.960740326702302,26600
1999-10-06,5.889483451843262,5.90497356043729,5.839913894148091,5.858502478283779,46800
1999-10-07,5.805835247039795,5.877091874255397,5.793442855904171,5.877091874255397,17800
1999-10-08,5.849209785461426,5.904975556721122,5.818228801428262,5.818228801428262,6400
1999-10-11,5.812031269073486,5.836816050604717,5.808933549567835,5.827522135716259,21400
1999-10-12,5.697402000427246,5.771756344600055,5.688107329219894,5.771756344600055,28400
1999-10-13,5.750068664550781,5.765559529440562,5.6602242198528865,5.675714328371246,13200
1999-10-14,5.787245750427246,5.82132519887778,5.719087609897589,5.7314799990848,23400
1999-10-15,5.6509270668029785,5.7097912686010535,5.613749915047696,5.666417924886557,25800
1999-10-18,5.694302558898926,5.694302558898926,5.604458119778808,5.638536810226357,11800
1999-10-19,5.626145362854004,5.7438730741912565,5.613752972186925,5.740775354710237,13000
1999-10-20,5.635440349578857,5.6385380692333245,5.567282197093619,5.632341873552848,33800
1999-10-21,5.548691272735596,5.588966149507632,5.505317921242742,5.588966149507632,13800
1999-10-22,5.616851806640625,5.616851806640625,5.548693653620213,5.582772351944644,8800
1999-10-25,5.554888725280762,5.60445828108306,5.542496336330188,5.57657502775857,220400
1999-10-26,5.5889668464660645,5.6602234538472445,5.5889668464660645,5.6602234538472445,16200
1999-10-27,5.7345757484436035,5.743869657730134,5.644730591361545,5.644730591361545,109600
1999-10-28,5.948348522186279,5.970035587692564,5.8399154637697395,5.8399154637697395,39400
1999-10-29,5.935956001281738,6.0227027486908655,5.935956001281738,5.976231655050353,55400
1999-11-01,5.991718769073486,5.991718769073486,5.942149223931203,5.9483454170739885,51800
1999-11-02,5.935956001281738,6.025801224998426,5.929759805038229,5.951446870076317,176600
1999-11-03,5.867795467376709,5.908071104842139,5.849206886170658,5.908071104842139,8800
1999-11-04,5.836813926696777,5.904972051106188,5.812029154184264,5.904972051106188,21400
1999-11-05,5.886386394500732,5.929759767933896,5.864700085969955,5.917367375524421,153600
1999-11-08,5.9235639572143555,5.9235639572143555,5.873994384350637,5.886386777566567,30800
1999-11-09,5.836813926696777,5.883285753343355,5.827520015190201,5.883285753343355,7800
1999-11-10,5.861601829528809,5.867798025965943,5.81822845446887,5.81822845446887,46600
1999-11-11,5.84301233291626,5.870895590739477,5.830619941966279,5.855404723866242,11400
1999-11-12,5.861601829528809,5.892582811714479,5.827523127310389,5.892582811714479,7600
1999-11-15,5.833719730377197,5.849209844363927,5.81203266314975,5.839915927246227,29600
1999-11-16,5.821324348449707,5.855403035550329,5.821324348449707,5.855403035550329,14600
1999-11-17,5.864698886871338,5.908072251436366,5.833717912182032,5.833717912182032,27000
1999-11-18,5.821324348449707,5.880187810303981,5.821324348449707,5.8708938979570116,21400
1999-11-19,5.824426174163818,5.824426174163818,5.77485658970285,5.77485658970285,26200
1999-11-22,5.759364128112793,5.8058352164406966,5.746971737042482,5.79034510578857,70600
1999-11-23,5.700498104095459,5.737675265643907,5.697400385485399,5.725282878461091,64800
1999-11-24,5.6695170402526855,5.691204095641475,5.660223128208401,5.691204095641475,37600
1999-11-26,5.7345757484436035,5.762458232674244,5.700496316193876,5.700496316193876,5000
1999-11-29,5.6695170402526855,5.6881056207125305,5.650928459792841,5.681909427225915,52200
1999-11-30,5.740776062011719,5.812031938940868,5.712892801389638,5.7190889974865895,41400
1999-12-01,5.768655776977539,5.7841466379155095,5.7314786183718835,5.7314786183718835,9600
1999-12-02,5.7345757484436035,5.777949089979861,5.7345757484436035,5.762458232674244,35400
1999-12-03,5.846108913421631,5.917364760095786,5.827520333023425,5.827520333023425,25800
1999-12-06,5.805835247039795,5.877091874255397,5.79034513630603,5.877091874255397,19800
1999-12-07,5.849209785461426,5.886386966301223,5.7934440142017305,5.7934440142017305,219000
1999-12-08,5.802737712860107,5.849208802917851,5.793443041025626,5.818227824088837,20000
1999-12-09,5.808932781219482,5.861600056821286,5.787245722062453,5.833717559472427,16600
1999-12-10,5.765560150146484,5.815129712936044,5.765560150146484,5.8089335175873495,16000
1999-12-13,5.762458801269531,5.78104737804782,5.712889263194095,5.750066416750672,27800
1999-12-14,5.759364128112793,5.808933692394037,5.750069456624297,5.771756519183104,20400
1999-12-15,5.784145832061768,5.808930601012496,5.740772486397994,5.7624587810443195,25800
1999-12-16,5.725282192230225,5.731478385078958,5.694301227986554,5.71908599938149,22400
1999-12-17,5.799214839935303,5.799214839935303,5.724386261355493,5.7742719804087,948200
1999-12-20,5.665146350860596,5.7742709614346515,5.665146350860596,5.7742709614346515,373600
1999-12-21,5.739975929260254,5.805450554920928,5.680736257285678,5.71191483169449,555000
1999-12-22,5.724387168884277,5.783626850249491,5.711915737143789,5.7680371799759875,169200
1999-12-23,5.75244665145874,5.777389507917758,5.708796652655459,5.733739509114477,595000
1999-12-27,5.599669456481934,5.761797970812146,5.552901996407419,5.761797970812146,1824600
1999-12-28,5.649557590484619,5.662029020044188,5.605907587026129,5.605907587026129,198400
1999-12-29,5.56537389755249,5.649555637379322,5.56537389755249,5.649555637379322,55800
1999-12-30,5.56537389755249,5.59966993638701,5.56537389755249,5.56537389755249,13600
1999-12-31,5.615263938903809,5.621499656347791,5.587202829807901,5.609028221459827,76200
2000-01-03,5.478071689605713,5.774267538009753,5.431303483376345,5.774267538009753,353400
2000-01-04,5.312828063964844,5.481192333597533,5.312828063964844,5.481192333597533,187000
2000-01-05,5.446897029876709,5.471839888030248,5.359597026339325,5.4313073629329365,546800
2000-01-06,5.437544345855713,5.437544345855713,5.375187185926175,5.437544345855713,69000
2000-01-07,5.484310150146484,5.484310150146484,5.421953018031092,5.446895870877249,92400
2000-01-10,5.503016948699951,5.518605850164858,5.471838384574727,5.481191573214587,31000
2000-01-11,5.443779945373535,5.4780767631988665,5.403248172884454,5.4780767631988665,51400
2000-01-12,5.387659072875977,5.4313090885127036,5.359598729136013,5.359598729136013,73400
2000-01-13,5.337772846221924,5.437544301291492,5.334655368848896,5.437544301291492,279200
2000-01-14,5.381420135498047,5.381420135498047,5.319063007624373,5.344005858773843,91400
2000-01-18,5.359598159790039,5.443779943263228,5.359598159790039,5.37518706883494,92000
2000-01-19,5.362715721130371,5.397012539479684,5.344008573265962,5.344008573265962,52000
2000-01-20,5.387659072875977,5.418837655473639,5.359598729136013,5.372070162175078,225000
2000-01-21,5.562258720397949,5.568494436452207,5.462487263529825,5.499901559855371,402200
2000-01-24,5.487429141998291,5.574729151075537,5.487429141998291,5.574729151075537,128600
2000-01-25,5.359598159790039,5.481194238405931,5.312829910263769,5.41883707983476,113800
2000-01-26,5.334652900695801,5.378302892093448,5.319063237456064,5.347124326809414,62800
2000-01-27,5.300360679626465,5.375189300985897,5.300360679626465,5.35024642719942,37400
2000-01-28,5.272298336029053,5.312830110026419,5.234884039479571,5.294122961751678,56800
2000-01-31,5.515486717224121,5.515486717224121,5.234879724405361,5.241115435356889,829600
2000-02-01,5.474955081939697,5.506133641631837,5.450012234185985,5.506133641631837,46400
2000-02-02,5.446897029876709,5.4967827461837855,5.446897029876709,5.487428793778397,29000
2000-02-03,5.437544345855713,5.509255460372581,5.425072913869806,5.453134016435998,192200
2000-02-04,5.40947961807251,5.48742562418205,5.40947961807251,5.48742562418205,38600
2000-02-07,5.393893718719482,5.4126008645647525,5.368950857592456,5.384540526394704,46000
2000-02-08,5.4063639640808105,5.487428244972449,5.4063639640808105,5.459367912953885,65200
2000-02-09,5.4063639640808105,5.437542533654518,5.381421108421844,5.418835391910293,32600
2000-02-10,5.328417778015137,5.3970106292399365,5.3252995405435195,5.344006681786647,166400
2000-02-11,5.234881401062012,5.331534571169714,5.209938549267066,5.331534571169714,185000
2000-02-14,5.241117000579834,5.272295564648734,5.213055912320118,5.234881287766054,23200
2000-02-15,5.228647232055664,5.250471853223017,5.206821849692659,5.231764708852864,52200
2000-02-16,5.206820487976074,5.241117290949691,5.1787601593571635,5.21617443831268,308000
2000-02-17,5.175641059875488,5.2037021450146455,5.163169635634825,5.2037021450146455,21400
2000-02-18,4.985456466674805,5.125759728274101,4.982338227361321,5.125759728274101,29800
2000-02-22,4.9667463302612305,5.004160612367923,4.941803475523435,5.001042374927939,64000
2000-02-23,4.863856792449951,4.976099641506488,4.842032174620059,4.976099641506488,103800
2000-02-24,4.7017292976379395,5.088343643067054,4.6643150061447995,4.898154708574779,209400
2000-02-25,4.676785945892334,4.776557379404704,4.676785945892334,4.717318471354549,14800
2000-02-28,4.810853958129883,4.854503958185261,4.664314291631887,4.692375386550998,391000
2000-02-29,4.845149993896484,4.851385708174344,4.795264279673612,4.817089660243914,18200
2000-03-01,5.057165145874023,5.07275481483771,5.016633376720736,5.01975085379604,92200
2000-03-02,5.188114166259766,5.213057022828322,5.107049882411957,5.107049882411957,211200
2000-03-03,5.234881401062012,5.3097099564468495,5.234881401062012,5.29100281760064,91200
2000-03-06,5.088343143463135,5.169407433738896,5.088343143463135,5.169407433738896,158400
2000-03-07,5.029103755950928,5.197468035101002,4.997925185737951,5.169406941311542,163800
2000-03-08,5.063400745391846,5.172526142054177,4.972983255536271,4.972983255536271,49800
2000-03-09,5.1039323806762695,5.122639523010094,5.016632383118421,5.016632383118421,313400
2000-03-10,5.1039323806762695,5.160053807677743,5.063399858355197,5.097696666564994,45200
2000-03-13,5.119523048400879,5.138230197177009,5.01975158826152,5.01975158826152,372400
2000-03-14,5.085224151611328,5.113284478517684,5.0384559251735235,5.0727527260539675,340000
2000-03-15,5.113285064697266,5.178760436977113,5.032220789281333,5.038456502774867,427000
2000-03-16,5.312828063964844,5.4063637693163376,5.197467741295761,5.206820931233151,106000
2000-03-17,5.355573654174805,5.446665132822872,5.339867777277325,5.3587143694324215,125600
2000-03-20,5.333585739135742,5.390125517289125,5.302174751272752,5.377561122143929,122600
2000-03-21,5.299033164978027,5.3461492555936525,5.267622182277712,5.289609486733085,179400
2000-03-22,5.176530838012695,5.289610395153749,5.1576842451558536,5.251917209440065,97000
2000-03-23,5.264479637145996,5.283326222959168,5.167105993879378,5.214222074977538,14200
2000-03-24,5.214224338531494,5.305316592940776,5.2016599425350325,5.305316592940776,48600
2000-03-27,5.28646993637085,5.295892849821722,5.245635266430768,5.245635266430768,66000
2000-03-28,5.261343955993652,5.299037163677654,5.242497352151651,5.295895679602183,35200
2000-03-29,5.355573654174805,5.386984641099965,5.302174592967132,5.327303382507261,25800
2000-03-30,5.343008041381836,5.399547804957995,5.336725845428929,5.352430951876384,67200
2000-03-31,5.374420642852783,5.3901257540391825,5.295892786311224,5.3838435561906515,118800
2000-04-03,5.408973217010498,5.421537614727131,5.311599518141581,5.355574910149796,161800
2000-04-04,5.4843573570251465,5.64141226415645,5.434099786743129,5.537756408884621,129000
2000-04-05,5.556600570678711,5.6571156673388625,5.556600570678711,5.616281025886011,22000
2000-04-06,5.591154098510742,5.628847272208567,5.559743120429221,5.606859970986294,258400
2000-04-07,5.575451850891113,5.613145043910535,5.5314764590351215,5.613145043910535,339400
2000-04-10,5.562887191772461,5.628849893021336,5.52833471636024,5.537758397607187,53200
2000-04-11,5.707372665405273,5.732501437147576,5.60999829146922,5.60999829146922,56600
2000-04-12,5.757633209228516,5.829878082200265,5.735645139061252,5.760773923898323,152000
2000-04-13,5.763915061950684,5.773337972268221,5.719939691106421,5.760773580598432,50000
2000-04-14,5.553461074829102,5.776479408667107,5.5000627940828535,5.770197212881102,276600
2000-04-17,5.468652248382568,5.562885192637843,5.226787308025867,5.562885192637843,235600
2000-04-18,5.4843573570251465,5.547179319877668,5.478075160739894,5.478075160739894,95200
2000-04-19,5.534615993499756,5.534615993499756,5.48435841353608,5.506346488205094,14400
2000-04-20,5.553461074829102,5.578589857973125,5.553461074829102,5.575449143514923,16000
2000-04-24,5.704231262207031,5.719937128191793,5.5848695948260465,5.5848695948260465,33400
2000-04-25,5.873854160308838,5.89270075119753,5.707376324226937,5.748210221050895,36600
2000-04-26,5.861288547515869,5.905263917111379,5.839301246152908,5.876994420091917,46800
2000-04-27,5.729363441467285,5.848725179831187,5.729363441467285,5.804749802539224,22200
2000-04-28,5.726222515106201,5.7607742125536285,5.691670050789082,5.72936322993338,19400
2000-05-01,5.726222515106201,5.74506910467835,5.6759649429138035,5.6759649429138035,55000
2000-05-02,5.518908500671387,5.716797252914454,5.50320263027809,5.688527759823794,48400
2000-05-03,5.537757873535156,5.729364527477485,5.500064685854383,5.528334193180029,367200
2000-05-04,5.5283331871032715,5.550321259350477,5.443523913690528,5.465511219068007,56000
2000-05-05,5.540896892547607,5.540896892547607,5.490639324361235,5.493780805807699,29800
2000-05-08,5.578590393066406,5.64141235695229,5.478075250848994,5.478075250848994,64600
2000-05-09,5.559743881225586,5.58487266712943,5.52833289884578,5.547179488273663,20600
2000-05-10,5.666540145874023,5.701092603369001,5.572307216618912,5.58487160718626,76400
2000-05-11,5.751352787017822,5.760775700803384,5.68224860740077,5.68224860740077,95800
2000-05-12,5.66025972366333,5.7387875727428295,5.6414131319086245,5.7387875727428295,24000
2000-05-15,5.770198345184326,5.801609330278227,5.63513072584568,5.63513072584568,1838600
2000-05-16,5.745069980621338,5.792186078300592,5.6979531160722745,5.754492893409265,1812800
2000-05-17,5.657116413116455,5.697950293083108,5.631987635638691,5.697950293083108,13200
2000-05-18,5.704231262207031,5.760770999387497,5.67596177705143,5.704231262207031,24000
2000-05-19,5.597435474395752,5.628846447877209,5.531472813519426,5.59115327969946,14800
2000-05-22,5.6351318359375,5.644555516756963,5.575451335937217,5.6351318359375,29600
2000-05-23,5.531473636627197,5.622565089843501,5.531473636627197,5.622565089843501,30200
2000-05-24,5.625709533691406,5.6634027273279655,5.588016340054847,5.594298538994273,29400
2000-05-25,5.531473636627197,5.641411676736832,5.531473636627197,5.641411676736832,50000
2000-05-26,5.6414103507995605,5.672821321572386,5.572306215099343,5.622563768335865,229200
2000-05-30,5.682248115539551,5.685388830906244,5.61628465727092,5.685388830906244,56800
2000-05-31,5.71366024017334,5.7230831550177435,5.653978967635532,5.653978967635532,18600
2000-06-01,5.7544941902160645,5.7544941902160645,5.682249286328474,5.694813684123706,13600
2000-06-02,5.735644817352295,5.767055796636809,5.707375319431038,5.732504102858649,101600
2000-06-05,5.603718280792236,5.660258039230723,5.603718280792236,5.660258039230723,33600
2000-06-06,5.735644817352295,5.751350690429358,5.641411879498752,5.641411879498752,92400
2000-06-07,5.757633209228516,5.776479797856319,5.691669765596379,5.691669765596379,64800
2000-06-08,5.792187213897705,5.801610895403018,5.729365226762155,5.754494021616376,16200
2000-06-09,5.8644304275512695,5.873853338241972,5.795326270630776,5.795326270630776,268600
2000-06-12,5.839303970336914,5.886420076306745,5.823598090433674,5.886420076306745,89600
2000-06-13,5.964946746826172,5.98379333881161,5.8738545021283235,5.8738545021283235,62400
2000-06-14,5.939816951751709,5.999497432831961,5.902123774163236,5.999497432831961,75600
2000-06-15,5.90840482711792,6.012060661993394,5.90840482711792,5.939815802363444,454200
2000-06-16,5.842398643493652,5.975324289770323,5.842398643493652,5.905696570292067,472000
2000-06-19,5.937346458435059,5.978490503602113,5.9088627732793135,5.92468687110364,183600
2000-06-20,5.874048233032227,5.902532689467675,5.8329049625675085,5.889873102758554,480400
2000-06-21,5.893036842346191,5.9436751825596925,5.836068709606003,5.836068709606003,351600
2000-06-22,5.855059623718262,5.883544083903355,5.855059623718262,5.864554701339944,30800
2000-06-23,5.874048233032227,5.91835678651415,5.867718439677666,5.867718439677666,78400
2000-06-26,5.855059623718262,5.9246873597841,5.855059623718262,5.918357565596296,28600
2000-06-27,5.69681453704834,5.86771897315979,5.69681453704834,5.836070003509522,6972600
2000-06-28,5.744288444519043,5.744288444519043,5.592373388434968,5.693650092491018,3541000
2000-06-29,5.652506351470947,5.677825528857155,5.595538202351979,5.643012046291106,23000
2000-06-30,5.519580364227295,5.715803978093173,5.500590982240274,5.639846450145091,8087800
2000-07-03,5.684154033660889,5.69681361948196,5.633515690376605,5.652505069108211,510200
2000-07-05,5.734794616699219,5.836071342821942,5.516417062337147,5.516417062337147,4350000
2000-07-06,5.741122722625732,5.798090864305591,5.7347929291057484,5.737958212205677,732800
2000-07-07,5.801254749298096,5.820244125281593,5.722131963027016,5.722131963027016,76000
2000-07-10,5.801254749298096,5.8772122532320825,5.791759674966504,5.8487278029169945,136200
2000-07-11,5.747450828552246,5.798089161843455,5.747450828552246,5.798089161843455,13600
2000-07-12,5.772771835327148,5.798091010043495,5.763277531148464,5.779101629006235,12200
2000-07-13,5.798090934753418,5.798090934753418,5.741122792381387,5.7854313475596335,10400
2000-07-14,5.718968868255615,5.785431314300972,5.674660313332085,5.785431314300972,124000
2000-07-17,5.67149543762207,5.722133789743697,5.649341544908826,5.687320309000046,298400
2000-07-18,5.649341106414795,5.722133345599632,5.636681519367008,5.684154584456272,344600
2000-07-19,5.706308364868164,5.7442871201329115,5.661999817059292,5.734792044976848,342000
2000-07-20,5.614527225494385,5.6936500360944144,5.5702186679087475,5.68732024215361,185200
2000-07-21,5.67149543762207,5.722133789743697,5.617692574832811,5.662001132939233,23600
2000-07-24,5.652506351470947,5.696814911896811,5.62402266325145,5.646176557124395,174800
2000-07-25,5.699978351593018,5.741121615196682,5.687318766995009,5.7347918228976775,266200
2000-07-26,5.646172046661377,5.728459307431105,5.646172046661377,5.728459307431105,9800
2000-07-27,5.624020099639893,5.684152732181737,5.617690308178665,5.684152732181737,8800
2000-07-28,5.589206218719482,5.658833929258456,5.589206218719482,5.658833929258456,23000
2000-07-31,5.605031967163086,5.66516461302852,5.605031967163086,5.646175234437363,108000
2000-08-01,5.728464126586914,5.734793921201928,5.633517207361717,5.64301228562424,19000
2000-08-02,5.82341194152832,5.82341194152832,5.74112459887629,5.74112459887629,59400
2000-08-03,5.832907199859619,5.883545566119149,5.823412119845883,5.823412119845883,119000
2000-08-04,5.801254749298096,5.836068218927997,5.71896745336961,5.766440506988508,35200
2000-08-07,5.915191173553467,5.937345059824899,5.785430047633217,5.785430047633217,73800
2000-08-08,5.760110855102539,5.804419400141789,5.74745127080561,5.804419400141789,107200
2000-08-09,5.66832971572876,5.760111322997071,5.646175055069656,5.747451737671803,150800
2000-08-10,5.66832971572876,5.684153811045461,5.627185677081754,5.671494225720193,9200
2000-08-11,5.731629848480225,5.791762515580646,5.693651077886253,5.693651077886253,23800
2000-08-14,5.766443252563477,5.785432637588384,5.665166532430638,5.665166532430638,25000
2000-08-15,5.804419040679932,5.823408415949332,5.741121123115265,5.766440290141132,14200
2000-08-16,5.722132205963135,5.779100336332237,5.709472621436668,5.772770544069004,33800
2000-08-17,5.646172046661377,5.728459307431105,5.646172046661377,5.709469939561168,25000
2000-08-18,5.677822589874268,5.722131127364926,5.63351405238361,5.63351405238361,20800
2000-08-21,5.7158026695251465,5.722132462071686,5.68415370679245,5.712638159591754,11200
2000-08-22,5.646172046661377,5.722129518141126,5.646172046661377,5.722129518141126,24400
2000-08-23,5.690482139587402,5.696811930621426,5.627184229247164,5.6461736023492355,197400
2000-08-24,5.677822589874268,5.709471545224738,5.646173634523798,5.709471545224738,22400
2000-08-25,5.67149543762207,5.69048481966768,5.6525060555764615,5.655671338924029,319800
2000-08-28,5.772771835327148,5.813915880581159,5.696814311178107,5.696814311178107,23800
2000-08-29,5.722132205963135,5.760110959542536,5.715802413699901,5.760110959542536,20800
2000-08-30,5.77910041809082,5.791760002796386,5.722132286915774,5.722132286915774,14600
2000-08-31,5.82341194152832,5.88038010182588,5.82341194152832,5.82341194152832,12000
2000-09-01,5.893036842346191,5.893036842346191,5.8297389170793155,5.870882954842661,484600
2000-09-05,5.915191173553467,5.950004644174206,5.899366306776979,5.924685475475592,312800
2000-09-06,5.9879841804504395,6.00064376645562,5.956335215437488,5.978489877286458,273800
2000-09-07,5.9879841804504395,6.025962938465981,5.962665008440078,5.994313973453029,70400
2000-09-08,6.177879810333252,6.190539400108524,6.019634938142338,6.025964733029975,1920800
2000-09-11,6.32029914855957,6.351948115821561,6.215857170255068,6.215857170255068,1127800
2000-09-12,6.304477214813232,6.329796400414891,6.2411792508090835,6.310807011213647,1380600
2000-09-13,6.260165691375732,6.342453005822532,6.253835897956748,6.304474245308624,203800
2000-09-14,6.177879810333252,6.25383734898489,6.146230835895069,6.25383734898489,121000
2000-09-15,6.235522747039795,6.273816643132158,6.190846534932038,6.190846534932038,108400
2000-09-18,6.197230339050293,6.241906561885878,6.190848021502353,6.229141926789996,122400
2000-09-19,6.095113754272461,6.21637779755118,6.095113754272461,6.21637779755118,100400
2000-09-20,5.986611843109131,6.075964258677924,5.961082581518047,6.075964258677924,192600
2000-09-21,6.031291484832764,6.031291484832764,5.954703656453935,6.024909165801195,293800
2000-09-22,6.18446159362793,6.18446159362793,6.082344580730049,6.095109207342284,50600
2000-09-25,6.229143142700195,6.229143142700195,6.178084592350193,6.190849229937694,114000
2000-09-26,6.318490505218506,6.3567843870683145,6.254667368802157,6.254667368802157,33400
2000-09-27,6.292965412139893,6.340833185652242,6.241906869242206,6.292965412139893,103600
2000-09-28,6.497199058532715,6.500390606751601,6.3216857210552195,6.331258807528933,225000
2000-09-29,6.592929363250732,6.6503701805491415,6.503576980786541,6.509959293819697,118800
2000-10-02,6.631228923797607,6.631228923797607,6.497200235251169,6.532303376559138,45400
2000-10-03,6.548257350921631,6.701432961469505,6.548257350921631,6.583360095005519,183400
2000-10-04,6.548257350921631,6.650374424620214,6.490816496966178,6.592933570664761,117000
2000-10-05,6.605695724487305,6.647180770100027,6.586548780358356,6.647180770100027,398400
2000-10-06,6.573785781860352,6.650373577377171,6.551447674834612,6.586550414446488,40800
2000-10-09,6.573785781860352,6.663138209963307,6.5610211492742145,6.628035470351432,80800
2000-10-10,6.561020851135254,6.672711381188627,6.548256219129154,6.631226327168802,29800
2000-10-11,6.458906173706055,6.599317177482273,6.401465308524875,6.599317177482273,81800
2000-10-12,6.3695526123046875,6.487625870916187,6.292964805343108,6.395081881291881,125000
2000-10-13,6.4652862548828125,6.4652862548828125,6.388698461142838,6.395080777287837,116800
2000-10-16,6.503580093383789,6.54825630599781,6.490815461208355,6.503580093383789,157400
2000-10-17,6.589743137359619,6.618463567498233,6.541875753795264,6.561022707221006,68200
2000-10-18,6.5354905128479,6.583357875002548,6.497196623124182,6.5546374577097595,270000
2000-10-19,6.503580093383789,6.557829780129385,6.458903880769769,6.458903880769769,77000
2000-10-20,6.468477249145508,6.500388827140574,6.315301674769191,6.458903386201358,162200
2000-10-23,6.605695724487305,6.631224983325903,6.487623291904364,6.487623291904364,48800
2000-10-24,6.576976776123047,6.6759026762005895,6.548256353519889,6.6759026762005895,22000
2000-10-25,6.5354905128479,6.647181024542078,6.522725882939994,6.592931347433478,153000
2000-10-26,6.51315450668335,6.554639175208598,6.478051375693015,6.535492225329702,59200
2000-10-27,6.663137912750244,6.663137912750244,6.522726960565852,6.55463854060776,54600
2000-10-30,6.921620845794678,6.934385476215692,6.797165699189795,6.797165699189795,104400
2000-10-31,6.975870609283447,6.975870609283447,6.892900510545401,6.905665141120484,54200
2000-11-01,6.934385776519775,7.020547035592961,6.8992830413418105,7.001400089132253,80600
2000-11-02,6.9375762939453125,6.95034092374098,6.841841570477806,6.95034092374098,11800
2000-11-03,6.905667781829834,6.975873276839194,6.883329669781401,6.908858940693896,19600
2000-11-06,6.873753547668457,6.956723646201131,6.873753547668457,6.943959015657643,26600
2000-11-07,6.883327960968018,6.886519119039861,6.829078273746665,6.886519119039861,28800
2000-11-08,6.918432712554932,6.918432712554932,6.838653737548532,6.8929034405528835,37200
2000-11-09,6.956727504730225,6.9758744611652626,6.8609927225550384,6.931198229483509,25400
2000-11-10,6.969488620758057,7.026929461039029,6.950341673997732,7.007782514278705,25800
2000-11-13,7.001400470733643,7.0556501553291175,6.963106575725072,7.007782786568404,51200
2000-11-14,6.8801374435424805,6.956725244398241,6.85779933495955,6.92481366070834,32600
2000-11-15,6.873753547668457,6.937576700385899,6.813121552586888,6.873753547668457,39400
2000-11-16,6.953534126281738,6.991828026931294,6.931196017569498,6.963107601444126,42000
2000-11-17,6.848225116729736,6.892901329047637,6.8099312204572495,6.860989748820566,17600
2000-11-20,6.9152398109436035,6.937577918316287,6.90566633635531,6.931195601924092,22600
2000-11-21,6.848225116729736,6.9056659611384665,6.8322693266162,6.8546074327751505,9600
2000-11-22,6.899283409118652,6.937577304081382,6.876945303723725,6.899283409118652,50600
2000-11-24,6.8865180015563965,6.931194207312555,6.880135686448374,6.931194207312555,13400
2000-11-27,6.838650226593018,6.880135272297968,6.835459069231098,6.841841383954937,70600
2000-11-28,6.9375762939453125,6.9535320811898975,6.84822388537564,6.84822388537564,202800
2000-11-29,6.982255935668945,6.995020571748779,6.937579709389528,6.937579709389528,82600
2000-11-30,6.972681045532227,7.020548421130846,6.8801374527082295,7.00459262926464,44400
2000-12-01,6.838650226593018,6.95991420634595,6.800356338249986,6.9439584195363535,27000
2000-12-04,6.912050724029541,6.982256225381641,6.860992177591649,6.860992177591649,40000
2000-12-05,6.956727504730225,6.956727504730225,6.896095476019274,6.931198229483509,46600
2000-12-06,6.982255935668945,7.004594048808654,6.931197391349611,6.995020571748779,90600
2000-12-07,6.979062080383301,7.030120604976869,6.969488607022007,7.020547131615574,40200
2000-12-08,6.809930801391602,6.924812483139539,6.809930801391602,6.889709747049891,88400
2000-12-11,6.829078197479248,6.835460513551658,6.752490404610322,6.784401984972375,37200
2000-12-12,6.848225116729736,6.918430593229296,6.825887010570786,6.8546074327751505,34400
2000-12-13,7.017357349395752,7.026930824633672,6.918431438603906,6.931196072254466,67000
2000-12-14,6.975870609283447,7.0141645010086995,6.915238614051797,6.991826397502302,61600
2000-12-15,6.915558338165283,6.989469974679132,6.89627704168341,6.983042875851841,57600
2000-12-18,6.903438091278076,6.961722277789805,6.880772018745738,6.961722277789805,25600
2000-12-19,6.663823127746582,6.864579703995508,6.644395071980558,6.722107295044657,51200
2000-12-20,6.60230016708374,6.6962020245815115,6.573157693375467,6.650869902558232,49400
2000-12-21,6.5634446144104,6.605538335992644,6.508398066345693,6.550492578457474,66800
2000-12-22,6.6670613288879395,6.6670613288879395,6.550493386202312,6.59906313175018,78600
2000-12-26,6.854865550994873,6.871055597171053,6.6962030984683025,6.6962030984683025,15000
2000-12-27,6.854865550994873,6.909911707993887,6.812771430936803,6.845151523289164,35600
2000-12-28,6.799820423126221,6.884008675983974,6.799820423126221,6.8710566370827815,24400
2000-12-29,6.877532482147217,6.922864617151954,6.780392192851353,6.790106221780939,37200
2001-01-02,6.773918628692627,6.83867884502812,6.764204596242303,6.8257268017610215,14800
2001-01-03,6.631442070007324,7.029717155266553,6.631442070007324,6.9293388817459345,155800
2001-01-04,6.527828693389893,6.631445021856399,6.424212364923386,6.631445021856399,96800
2001-01-05,6.463064193725586,6.618488583153857,6.463064193725586,6.492206662008049,70400
2001-01-08,6.560208797454834,6.57316083851595,6.469544510027028,6.537543120862807,727800
2001-01-09,6.589348316192627,6.64763207944223,6.514873718381767,6.514873718381767,104000
2001-01-10,6.573160171508789,6.650872409989681,6.5375424574699315,6.560208131761974,39200
2001-01-11,6.420971870422363,6.553729836469498,6.398305413470221,6.5343017835945885,60200
2001-01-12,6.469542503356934,6.482494540400691,6.333546114397479,6.424210373703782,93800
2001-01-16,6.365926265716553,6.37887830287976,6.229929875502872,6.365926265716553,87200
2001-01-17,6.382115364074707,6.424209080730091,6.3335448396714,6.352972891326834,57400
2001-01-18,6.495447635650635,6.531066138588561,6.362689629588644,6.411259381150677,35400
2001-01-19,6.476020336151123,6.508400437831879,6.404784112453461,6.417736153125763,20600
2001-01-22,6.463064193725586,6.521348339761188,6.411256063916163,6.476016226177942,39600
2001-01-23,6.4565935134887695,6.5504962216379985,6.450117491910546,6.5116400921686575,83200
2001-01-24,6.466304779052734,6.52458894475538,6.420972650172899,6.469542392993642,35800
2001-01-25,6.511636734008789,6.531064788724087,6.424210092525163,6.521350366101653,32600
2001-01-26,6.450117588043213,6.5213538264653765,6.301169089524143,6.5213538264653765,51400
2001-01-29,6.550622940063477,6.579635379029568,6.492597666866458,6.527827226438784,105600
2001-01-30,6.550622940063477,6.550622940063477,6.471874326777177,6.476019073848001,17800
2001-01-31,6.4905219078063965,6.494666652715277,6.451147621701289,6.476015695889943,16800
2001-02-01,6.56927490234375,6.56927490234375,6.482237176988048,6.517466741900234,29600
2001-02-02,6.496744155883789,6.548552322365693,6.496744155883789,6.498816529974858,18200
2001-02-05,6.544405460357666,6.558911679044738,6.498814430874753,6.558911679044738,15600
2001-02-06,6.583779811859131,6.610719876003971,6.5361164086141255,6.5361164086141255,76800
2001-02-07,6.585853099822998,6.625227014789567,6.569274505293687,6.614865541433074,14600
2001-02-08,6.643874645233154,6.65838085788741,6.61278945210015,6.643874645233154,28600
2001-02-09,6.635586738586426,6.722624035283539,6.6210805224702405,6.68325013304382,460200
2001-02-12,6.641806602478027,6.778580126613009,6.623155631435536,6.6521680773838865,21400
2001-02-13,6.697756767272949,6.732986716132579,6.58792375538556,6.656310094126725,62600
2001-02-14,6.585853099822998,6.672890819918099,6.585853099822998,6.672890819918099,22200
2001-02-15,6.596212863922119,6.656310105293723,6.5485494664093356,6.610719080968203,40600
2001-02-16,6.633518695831299,6.693616371427387,6.604506638196159,6.6252295929734055,58000
2001-02-20,6.6646013259887695,6.745421924922788,6.645950357732477,6.654239852630773,39200
2001-02-21,6.585853099822998,6.693613766631084,6.585853099822998,6.683252293274592,18000
2001-02-22,6.656309127807617,6.679104834255187,6.592067149495487,6.600356641027226,48800
2001-02-23,6.619009971618652,6.619009971618652,6.465657880756793,6.565129443164779,19800
2001-02-26,6.6936140060424805,6.718481701093458,6.631444373150153,6.631444373150153,33400
2001-02-27,6.701901912689209,6.770288255502273,6.695685188032454,6.7454205663456674,27200
2001-02-28,6.625227928161621,6.718482387020983,6.579636885736927,6.718482387020983,31000
2001-03-01,6.552694797515869,6.602430572654107,6.5381881839105125,6.589996332420943,18800
2001-03-02,6.56927490234375,6.610721193539625,6.403488551765562,6.42213952114642,31200
2001-03-05,6.556839466094971,6.594141398068833,6.502958941606595,6.5899966511239985,86400
2001-03-06,6.548548221588135,6.600356355627179,6.54647584879481,6.571343531785322,26600
2001-03-07,6.5174665451049805,6.5609852088363345,6.473947486108742,6.529900392561812,65400
2001-03-08,6.639732360839844,6.6438771074956,6.538188044097795,6.558911382111781,109600
2001-03-09,6.523683071136475,6.621082659811838,6.523683071136475,6.6003593178427264,20600
2001-03-12,6.5982890129089355,6.606578115136575,6.523685116535205,6.523685116535205,38000
2001-03-13,6.444933891296387,6.4594401099465255,6.393125741680282,6.407631960330421,321600
2001-03-14,6.223196983337402,6.364114861501623,6.16724406972319,6.320596192200526,90200
2001-03-15,6.333027362823486,6.339244482350639,6.2584239048214885,6.2584239048214885,7200
2001-03-16,6.281896114349365,6.365376380712866,6.25476477899041,6.292330998370312,549800
2001-03-19,6.361203193664551,6.361203193664551,6.135806242646999,6.229721804764882,158600
2001-03-20,6.269374847412109,6.3340720110358895,6.250591735704343,6.279809732554046,37400
2001-03-21,6.12954568862915,6.281897252093822,6.114936291062414,6.271461968117582,89000
2001-03-22,6.05232572555542,6.106588003966173,5.92084434183866,6.106588003966173,458200
2001-03-23,6.0418925285339355,6.0460662449121685,5.906236595572065,5.929193826946928,198000
2001-03-26,6.242242813110352,6.273547863110909,6.173371543883003,6.20885070670105,237200
2001-03-27,6.4718146324157715,6.4822495176666495,6.365377130982323,6.365377130982323,57200
2001-03-28,6.334071159362793,6.459291754555748,6.292330828276708,6.459291754555748,21200
2001-03-29,6.482250690460205,6.482250690460205,6.2860721054059026,6.29233287846301,42200
2001-03-30,6.530251979827881,6.549034696413327,6.475989692843774,6.5114688651770205,19200
2001-04-02,6.551123142242432,6.663821854040109,6.490600069587215,6.530253364264046,111000
2001-04-03,6.519817352294922,6.574079644749599,6.4843381763847665,6.574079644749599,32600
2001-04-04,6.544857978820801,6.565727742803054,6.453029504651006,6.4905957167234325,19200
2001-04-05,6.501030921936035,6.501030921936035,6.4238118360059255,6.459290993831051,10600
2001-04-06,6.379986763000488,6.544860673178383,6.248505364684581,6.490598388742572,782000
2001-04-09,6.519817352294922,6.5406875260183295,6.417553938922228,6.417553938922228,41400
2001-04-10,6.6554694175720215,6.676339580424184,6.53233589461604,6.53233589461604,35000
2001-04-11,6.565730094909668,6.678428771500112,6.505207041161943,6.655471545217161,186400
2001-04-12,6.561556816101074,6.586600702744155,6.482250246245383,6.574078759422615,48400
2001-04-16,6.6659064292907715,6.6659064292907715,6.553207759458303,6.553207759458303,23000
2001-04-17,6.820345401763916,6.820345401763916,6.678428727611708,6.678428727611708,60400
2001-04-18,6.678426742553711,6.814082604214036,6.65755657937018,6.80364692552439,1146800
2001-04-19,6.690947532653809,6.885039328684335,6.636684882080584,6.772340712383322,112800
2001-04-20,6.611645221710205,6.665907508779984,6.553208820696884,6.6471243940994675,67200
2001-04-23,6.626251697540283,6.626251697540283,6.540684384629866,6.611642702370007,645000
2001-04-24,6.657557487487793,6.77234320162182,6.651296716324417,6.678427653518098,31800
2001-04-25,6.774431228637695,6.780692797196743,6.628340833040811,6.730604229378247,395200
2001-04-26,6.834954738616943,6.885043306846338,6.803649283957225,6.803649283957225,167800
2001-04-27,6.839128017425537,6.887129124881453,6.803648453400312,6.814084134433469,32400
2001-04-30,6.845390319824219,6.943480011328585,6.824520545352629,6.824520545352629,353000
2001-05-01,6.910090446472168,6.918438677796248,6.849566963569327,6.887133208396527,242600
2001-05-02,6.822432518005371,6.90799985997143,6.807823517874395,6.90799985997143,117600
2001-05-03,6.734781265258789,6.803652180245152,6.657561721259693,6.803652180245152,73200
2001-05-04,6.803651332855225,6.816173677716333,6.678431068768229,6.751476090130472,27600
2001-05-07,6.839128017425537,6.8495629023280085,6.78486534212359,6.845388789140882,22600
2001-05-08,6.741040229797363,6.887131047609195,6.741040229797363,6.887131047609195,49200
2001-05-09,6.751473903656006,6.793214243544343,6.680515564685061,6.793214243544343,43800
2001-05-10,6.755645751953125,6.7827770832024745,6.678426666537821,6.678426666537821,23600
2001-05-11,6.759820461273193,6.7932125657103,6.715993473473973,6.7932125657103,27000
2001-05-14,6.8495612144470215,6.8495612144470215,6.780690354157443,6.8453871022884885,29800
2001-05-15,6.803651332855225,6.903828499482048,6.7890423285827755,6.903828499482048,62800
2001-05-16,6.949739933013916,6.962262273841245,6.7827793693033716,6.84956359478759,54000
2001-05-17,6.9079999923706055,6.970610903995705,6.876695332688868,6.970610903995705,66400
2001-05-18,6.949739933013916,6.949739933013916,6.8871298211388075,6.9184352751417455,53200
2001-05-21,6.974783897399902,7.001915238100498,6.907999671160573,6.949740011592848,47200
2001-05-22,6.949739933013916,6.993566931713415,6.941391705795698,6.974783818537807,21200
2001-05-23,6.947653293609619,6.99774106479679,6.918435294395307,6.991480292431086,31800
2001-05-24,6.928868293762207,6.945563947568383,6.8933887357119366,6.92678083945484,28400
2001-05-25,6.820345401763916,6.933044077613743,6.81617128827347,6.887129625349574,24600
2001-05-29,6.8161725997924805,6.841216489423181,6.763997365318829,6.841216489423181,42600
2001-05-30,6.786951065063477,6.876692485362063,6.720166863371107,6.782776952941393,89600
2001-05-31,6.893387794494629,6.893387794494629,6.809907944600914,6.814082056515166,139000
2001-06-01,6.834954738616943,6.864172738362931,6.770257170514556,6.824519852440631,37400
2001-06-04,6.839128017425537,6.855823674043354,6.751473232757271,6.855823674043354,26200
2001-06-05,6.738952159881592,6.866259834520926,6.720169047293317,6.866259834520926,502200
2001-06-06,6.684690952301025,6.7619108744573175,6.655472947649852,6.699299954626612,36400
2001-06-07,6.628340244293213,6.69929817992506,6.590774020798771,6.69929817992506,51000
2001-06-08,6.653385639190674,6.763997278152951,6.57825357320133,6.57825357320133,28600
2001-06-11,6.715994358062744,6.726429242799275,6.576164753040397,6.576164753040397,111400
2001-06-12,6.774431228637695,6.774431228637695,6.678429002793919,6.678429002793919,16600
2001-06-13,6.63460111618042,6.782778548790325,6.630427003076253,6.782778548790325,27800
2001-06-14,6.4384236335754395,6.636689274031621,6.4384236335754395,6.636689274031621,101800
2001-06-15,6.478148937225342,6.6021628534906265,6.410887233673603,6.410887233673603,151200
2001-06-18,6.48655366897583,6.579038265540165,6.473941805062455,6.518082526936907,248800
2001-06-19,6.511781692504883,6.576941837665494,6.471845294916565,6.486558746755576,19800
2001-06-20,6.528598785400391,6.58745300865141,6.4739485211483565,6.553822138482712,46600
2001-06-21,6.358335971832275,6.534898060643654,6.358335971832275,6.515980665348778,26600
2001-06-22,6.429803371429443,6.43190534936533,6.3541337693827336,6.358337725254506,44200
2001-06-25,6.354134559631348,6.436110105680821,6.354134559631348,6.417192702816431,28600
2001-06-26,6.448724746704102,6.455030283486969,6.312099303950855,6.326812757659606,32800
2001-06-27,6.463437080383301,6.478150531542402,6.406684853702645,6.410888811437095,18800
2001-06-28,6.478148937225342,6.568532001714757,6.478148937225342,6.545410640777081,19000
2001-06-29,6.547510147094727,6.547510147094727,6.47394253626892,6.47394253626892,28400
2001-07-02,6.566429615020752,6.58955097452059,6.5159833404940315,6.5159833404940315,73600
2001-07-03,6.583244800567627,6.631589095117874,6.555919886533982,6.610570115512611,29800
2001-07-05,6.637898921966553,6.6736317695248815,6.568535206225277,6.568535206225277,57600
2001-07-06,6.631588459014893,6.692544616574979,6.625282926102676,6.663117727221171,198800
2001-07-09,6.692546367645264,6.692546367645264,6.614774767118562,6.635794151118596,41600
2001-07-10,6.703054904937744,6.734584176904965,6.68413750212195,6.68413750212195,15800
2001-07-11,6.734585762023926,6.772420576560691,6.694648968800513,6.694648968800513,38800
2001-07-12,6.66522216796875,6.705158964187292,6.656814653503067,6.694649470877319,19000
2001-07-13,6.648403167724609,6.684135987064927,6.63158774691218,6.67362649939888,48800
2001-07-16,6.694647789001465,6.75139959989379,6.690443832369034,6.694647789001465,223600
2001-07-17,6.705155849456787,6.768213982758784,6.705155849456787,6.732480759916419,28800
2001-07-18,6.635793209075928,6.766112649734959,6.635793209075928,6.764011072453567,37800
2001-07-19,6.677831649780273,6.757705213615559,6.677831649780273,6.705156563148348,45800
2001-07-20,6.5370025634765625,6.688341383391949,6.52859465080337,6.652608556353565,81000
2001-07-23,6.358335971832275,6.534898060643654,6.29527825479015,6.505471179478819,56000
2001-07-24,6.175468921661377,6.379356347241189,6.164959434139454,6.379356347241189,143000
2001-07-25,6.448724746704102,6.448724746704102,6.179677418749004,6.179677418749004,165000
2001-07-26,6.471843719482422,6.476047275476376,6.347829797154346,6.406683590183673,17200
2001-07-27,6.4676408767700195,6.555921982433762,6.423500123482415,6.515985186775732,68400
2001-07-30,6.541204452514648,6.5475099841153845,6.431904027774776,6.484452262640728,49400
2001-07-31,6.488656997680664,6.551714726735786,6.438210333343049,6.448720222126412,27400
2001-08-01,6.564330101013184,6.593757406217458,6.4424181249140515,6.452928019955401,57600
2001-08-02,6.553819179534912,6.614774953853241,6.515984367449059,6.515984367449059,16800
2001-08-03,6.534902095794678,6.543309609499852,6.478149874866866,6.51598468881874,37000
2001-08-06,6.408786773681641,6.463437020992909,6.389869364961914,6.455029105601265,29200
2001-08-07,6.459232330322266,6.490761207640181,6.425601474394966,6.438212945139846,24600
2001-08-08,6.331017017364502,6.4213997231490625,6.307895645629707,6.4213997231490625,58200
2001-08-09,6.341522216796875,6.379357017307841,6.305789394193328,6.305789394193328,147200
2001-08-10,6.4655351638793945,6.4655351638793945,6.295278987325251,6.326807849515094,28400
2001-08-13,6.39407205581665,6.442416357005853,6.39407205581665,6.417193417651222,18000
2001-08-14,6.39407205581665,6.419295396082674,6.375154650844981,6.375154650844981,117200
2001-08-15,6.314197540283203,6.398274655145492,6.314197540283203,6.398274655145492,19600
2001-08-16,6.3835601806640625,6.389865712692257,6.305788611389314,6.328909964589339,30600
2001-08-17,6.305788993835449,6.3604392132247085,6.295279505876897,6.305788993835449,64800
2001-08-20,6.356237411499023,6.381460752422296,6.326810514514707,6.326810514514707,30800
2001-08-21,6.358335971832275,6.434005553011777,6.358335971832275,6.41929211242936,90200
2001-08-22,6.3478288650512695,6.370949822812869,6.316299593802231,6.368847844668844,121800
2001-08-23,6.333112716674805,6.383559371977091,6.305787812554659,6.305787812554659,23000
2001-08-24,6.377256393432617,6.383562328493765,6.312096668112934,6.312096668112934,8800
2001-08-27,6.39407205581665,6.400377991111005,6.356237245873312,6.400377991111005,8400
2001-08-28,6.3646440505981445,6.366746028663338,6.331013203377681,6.337318736661941,6400
2001-08-29,6.326809883117676,6.375154180741976,6.3099944578174245,6.375154180741976,83000
2001-08-30,6.253241062164307,6.358337550604043,6.251139084286158,6.305789306384175,582000
2001-08-31,6.257444381713867,6.301584709933304,6.230119072987433,6.301584709933304,18600
2001-09-04,6.322607517242432,6.39617517178136,6.259549756729901,6.284772700570327,871000
2001-09-05,6.284770965576172,6.295280856701175,6.230120734460214,6.295280856701175,192200
2001-09-06,6.236428260803223,6.291078505867075,6.236428260803223,6.253243689983527,19200
2001-09-07,6.2280192375183105,6.278465916993992,6.185980872503755,6.185980872503755,67800
2001-09-10,6.331017017364502,6.331017017364502,6.2006971051932505,6.2006971051932505,23400
2001-09-17,6.274261951446533,6.2847714424576315,6.179674928701112,6.232223185579372,2367800
2001-09-18,6.3184051513671875,6.358341956905468,6.232226003197757,6.253245395634304,190800
2001-09-19,6.2700581550598145,6.383562585257659,6.192286556489655,6.337319861438658,20600
2001-09-20,6.349930763244629,6.35413471974517,6.23432476585925,6.23432476585925,48400
2001-09-21,6.170102596282959,6.32048979467671,6.142567128295685,6.142567128295685,49000
2001-09-24,6.191283226013184,6.227291390134391,6.170101881706495,6.170101881706495,44400
2001-09-25,6.284482479095459,6.290837005185776,6.174339784200474,6.174339784200474,87200
2001-09-26,6.134095191955566,6.197639240148862,6.1129142465584385,6.1425678933149275,91400
2001-09-27,6.057840347290039,6.131974836945779,6.013359491896409,6.131974836945779,116200
2001-09-28,6.197635173797607,6.223052453197799,6.108673887896193,6.108673887896193,25200
2001-10-01,6.250592231750488,6.254828582308247,6.151040417646929,6.187048185385995,90000
2001-10-02,6.318371295928955,6.34167081657118,6.184929504979313,6.184929504979313,19600
2001-10-03,6.386149883270264,6.388268057774888,6.343787605179205,6.343787605179205,40400
2001-10-04,6.32260799407959,6.407332977444022,6.32260799407959,6.407332977444022,24600
2001-10-05,6.335315227508545,6.407331548305406,6.335315227508545,6.407331548305406,21000
2001-10-08,6.394625663757324,6.420042962064032,6.373444312501287,6.375562488026958,62200
2001-10-09,6.362850666046143,6.388267951678553,6.337432976413262,6.348023444760021,146400
2001-10-10,6.375560760498047,6.381914881352668,6.312016723947896,6.331079894512885,57600
2001-10-11,6.282362937927246,6.379796963459785,6.2632997678013265,6.3713242638480185,2046200
2001-10-12,6.2400007247924805,6.301426589670897,6.191283910303064,6.278127067958313,89000
2001-10-15,6.2294087409973145,6.231526915547866,6.191282407088378,6.227290566446764,260000
2001-10-16,6.2760090827941895,6.2760090827941895,6.231528617088541,6.259064085763381,29400
2001-10-17,6.269653797149658,6.339551947421913,6.246354279058733,6.322606953537745,42200
2001-10-18,6.14892053604126,6.280244134884427,6.146802361350175,6.280244134884427,62600
2001-10-19,6.254828453063965,6.265418925238902,6.136213063901458,6.167985288427504,30600
2001-10-22,6.136211395263672,6.195519073717216,6.095967288742114,6.195519073717216,14000
2001-10-23,5.979468822479248,6.0684301190560035,5.941342494803435,6.057839652035131,79400
2001-10-24,5.926516532897949,5.973115564101886,5.905335191805294,5.973115564101886,154000
2001-10-25,5.966763019561768,5.9773534916203825,5.920164376903004,5.920164376903004,72400
2001-10-26,5.98582649230957,6.023952840031388,5.915928322819782,5.95193649522365,231000
2001-10-29,5.975235462188721,6.004889511877426,5.937109519447165,6.004889511877426,117200
2001-10-30,5.886275291442871,5.93075576576579,5.8735662382071725,5.93075576576579,92000
2001-10-31,5.871448040008545,5.920165269222694,5.84603074163659,5.84603074163659,27400
2001-11-01,5.920165538787842,5.979472840356649,5.848149183453698,5.930756012924931,141000
2001-11-02,5.9434614181518555,5.947697767094343,5.856618284833208,5.909571434612894,75400
2001-11-05,6.000653266906738,6.034543263718022,5.981590093200313,6.026070966515515,45800
2001-11-06,6.026072978973389,6.026072978973389,5.930757078609712,5.973119790771516,108800
2001-11-07,5.947699546813965,6.026070409698883,5.941345021498779,6.026070409698883,102000
2001-11-08,6.028187274932861,6.040896323653413,5.951935002612213,5.96887999690575,88600
2001-11-09,6.066314220428467,6.083259216418468,6.019715582456106,6.068432395427289,91800
2001-11-12,6.045132160186768,6.0536044546142405,5.99429677761994,5.99429677761994,51200
2001-11-13,6.04089879989624,6.064197924100134,5.97523656659252,6.064197924100134,74800
2001-11-14,5.977352142333984,6.06843163588062,5.943462154595775,6.06843163588062,1393000
2001-11-15,5.966763019561768,5.994298489314534,5.930754848961619,5.962526669138077,441600
2001-11-16,6.030307769775391,6.064197771401051,6.01759912016594,6.026071822572698,2272400
2001-11-19,6.015480995178223,6.100205999955245,5.975236466408878,6.089615525858376,83000
2001-11-20,6.028187274932861,6.05572314316019,5.9837068164125276,6.047250444013156,35000
2001-11-21,5.983707427978516,5.990061952988256,5.918045618880151,5.990061952988256,40200
2001-11-23,5.977352142333984,6.009124359339013,5.930753510194076,5.983706666535094,8600
2001-11-26,5.983707427978516,6.004888774010412,5.930754264899059,5.994297898994177,40000
2001-11-27,5.903217792510986,5.9709977650693355,5.8989814432259635,5.94134372407468,153200
2001-11-28,5.824847221374512,5.901099896098127,5.824847221374512,5.882036727417223,52400
2001-11-29,5.822727680206299,5.822727680206299,5.774010884565533,5.7824831775463315,1354200
2001-11-30,5.797310829162598,5.8460276284327595,5.797310829162598,5.8354367564172085,56200
2001-12-03,5.807902812957764,5.837556454339571,5.76130417592913,5.767658296796338,293000
2001-12-04,5.873565673828125,5.873565673828125,5.761305209037729,5.807903854422362,85000
2001-12-05,5.915926933288574,5.9201632829294395,5.846028780216444,5.87780059452186,82600
2001-12-06,5.86085844039917,5.884157970715411,5.824850259001676,5.846031613470919,69600
2001-12-07,5.867211818695068,5.898983642175234,5.82484911805441,5.84603046837474,27400
2001-12-10,5.82696533203125,5.856618970097401,5.79307534452693,5.856618970097401,38400
2001-12-11,5.733768463134766,5.814257497670413,5.716823467022089,5.814257497670413,67600
2001-12-12,5.797310829162598,5.797310829162598,5.6426873297392115,5.759184497907529,1023000
2001-12-13,5.790958881378174,5.80154935410319,5.716824360301151,5.716824360301151,83200
2001-12-14,5.750716209411621,5.782488041817057,5.735889381222469,5.771897565682168,56400
2001-12-17,5.776129722595215,5.805783357436401,5.759184730685897,5.761302905174621,48200
2001-12-18,5.8290815353393555,5.8502628713661,5.814254721320748,5.8248451873339295,102600
2001-12-19,5.954051971435547,5.954051971435547,5.782483484463231,5.856617970982083,105200
2001-12-20,5.924398899078369,5.930753423186254,5.852382575191066,5.905335730755229,83600
2001-12-21,5.882776260375977,5.919063358796279,5.87210375201181,5.891314592771388,166200
2001-12-24,5.9297380447387695,5.9297380447387695,5.880643433067121,5.912661781979567,64200
2001-12-26,5.9233317375183105,5.963887996744577,5.9233317375183105,5.94467715853898,42800
2001-12-27,6.002310752868652,6.002310752868652,5.912660294159294,5.912660294159294,31400
2001-12-28,5.980964660644531,6.021520515510785,5.968157162879331,6.008713424875656,71600
2001-12-31,5.9831013679504395,6.040733499836277,5.978832200512906,6.019388476909041,114800
2002-01-02,6.068480968475342,6.072750134708081,5.910525482034874,5.95535050608834,45000
2002-01-03,6.100497245788574,6.100497245788574,6.002308891856388,6.083420992620804,143400
2002-01-04,6.072751998901367,6.126115371801625,6.0407336494570325,6.115442452943438,152400
2002-01-07,6.0791544914245605,6.126114513561249,6.053540304013793,6.104769085965496,79600
2002-01-08,6.004444122314453,6.059942056643841,6.002309946532224,6.040731217563281,781200
2002-01-09,5.951080322265625,6.027923672794904,5.944676981141539,6.008712835162584,52000
2002-01-10,5.9980387687683105,6.010845854816079,5.901984605585236,5.912657516566647,70200
2002-01-11,5.940410614013672,6.04073360780757,5.940410614013672,6.04073360780757,525800
2002-01-14,5.995904922485352,6.025788262641214,5.912658242262607,5.912658242262607,84800
2002-01-15,5.9980387687683105,6.055671266678155,5.961751685691363,6.055671266678155,173200
2002-01-16,5.972426891326904,6.012983157143108,5.966023548971262,5.995906898977881,80000
2002-01-17,5.912662506103516,5.963891300655116,5.884913321264982,5.955352964664715,87400
2002-01-18,5.9019856452941895,5.921196481315035,5.859295215237864,5.872102303541762,68200
2002-01-22,5.7739152908325195,5.869969500049006,5.7739152908325195,5.869969500049006,157200
2002-01-23,5.859297752380371,5.880642773086172,5.784588958519549,5.784588958519549,257800
2002-01-24,5.846489429473877,5.899852787996655,5.8080677461966586,5.869969437505536,127200
2002-01-25,5.810201644897461,5.829412484272854,5.786722046762032,5.827277901327803,434400
2002-01-28,5.810201644897461,5.823009142567768,5.7845874638169805,5.805932886137426,28000
2002-01-29,5.7354912757873535,5.857159611282613,5.720549200386771,5.852890446882447,55400
2002-01-30,5.729091167449951,5.729091167449951,5.609557338244743,5.6992078119311955,99000
2002-01-31,5.767509937286377,5.782451607481267,5.688532014231984,5.688532014231984,158800
2002-02-01,5.7803168296813965,5.835814750765623,5.773913082472844,5.816603916269931,34400
2002-02-04,5.720548152923584,5.8166022986896655,5.69066482185407,5.8166022986896655,37600
2002-02-05,5.643709659576416,5.7184184528387965,5.613825897993363,5.675727597508816,29600
2002-02-06,5.53057861328125,5.656516175803512,5.50282984514098,5.635170750317851,246200
2002-02-07,5.609557151794434,5.64157508980463,5.511368347148971,5.511368347148971,199400
2002-02-08,5.639439582824707,5.6522466745055056,5.5711345510203065,5.5711345510203065,107600
2002-02-11,5.677863121032715,5.677863121032715,5.592481803366933,5.654383106000786,127000
2002-02-12,5.677863121032715,5.72695732779926,5.652248522167862,5.667190201868094,213800
2002-02-13,5.712015151977539,5.752571427020078,5.688535138984984,5.6992080572226005,93000
2002-02-14,5.724820613861084,5.761107711258529,5.679995591438991,5.679995591438991,165600
2002-02-15,5.714147567749023,5.761107168788046,5.6885329808268,5.761107168788046,131400
2002-02-19,5.615959167480469,5.712013365933585,5.615959167480469,5.677860852512494,99800
2002-02-20,5.686399936676025,5.686399936676025,5.549789855138873,5.6586511665376005,46600
2002-02-21,5.573269367218018,5.675726919209181,5.5391168498876295,5.63517065220555,102400
2002-02-22,5.650109767913818,5.660782679200622,5.51563434273959,5.581804764198024,68200
2002-02-25,5.714147567749023,5.722685491969734,5.635169631274709,5.6799950566060895,64800
2002-02-26,5.707742691040039,5.7632406124600655,5.697070186091174,5.7632406124600655,892800
2002-02-27,5.746164798736572,5.808066064997432,5.73549229297332,5.754702721921174,109400
2002-02-28,5.756837844848633,5.82514327238673,5.756837844848633,5.7867215966246865,51000
2002-03-01,5.880641460418701,5.880641460418701,5.805933090364337,5.816605598334936,510200
2002-03-04,5.951080322265625,5.951080322265625,5.878506544369121,5.9233315607578465,200800
2002-03-05,5.95535135269165,5.970293029500224,5.9105263222659294,5.95535135269165,177200
2002-03-06,6.072751998901367,6.072751998901367,5.955352334242666,5.966025253100853,524000
2002-03-07,6.036463260650635,6.083422869568179,5.987368661407162,6.083422869568179,112000
2002-03-08,6.019386291503906,6.091960483072242,5.976695446888391,6.040731306681596,127800
2002-03-11,6.038598537445068,6.038598537445068,5.968158505282776,5.99804226632652,151600
2002-03-12,5.976694107055664,6.017250359635649,5.959617854463561,5.998039524578286,93200
2002-03-13,5.976694107055664,6.015115777170389,5.9681557771946245,5.998039524578286,37200
2002-03-14,5.95535135269165,6.019387633895742,5.944678842722714,6.015118467056104,112400
2002-03-15,6.005703926086426,6.03582914603118,5.982033875886783,5.982033875886783,43000
2002-03-18,6.033676624298096,6.042283652570672,5.94114871042262,5.94114871042262,139400
2002-03-19,6.06165075302124,6.068106332868716,6.001399905720763,6.065954472919557,96400
2002-03-20,6.0250678062438965,6.074559336150287,5.990638880185088,6.057344873120883,50600
2002-03-21,6.089622497558594,6.089622497558594,6.0379791037419555,6.068104724620569,49400
2002-03-22,6.018612384796143,6.102533253363072,6.018612384796143,6.089622097937277,238200
2002-03-25,6.027223110198975,6.053044614288407,5.982034862404358,6.018615668552226,109400
2002-03-26,5.994945049285889,6.048740319547463,5.971274999034687,6.046588459485959,85400
2002-03-27,6.010007381439209,6.055195209365665,5.971274722973491,6.014311101363249,457000
2002-03-28,6.063802242279053,6.104686757963078,6.020765866777416,6.0788648505770375,67000
2002-04-01,6.001400947570801,6.010008388861696,5.9605168327152205,6.0035528078935245,72600
2002-04-02,6.035826206207275,6.035826206207275,5.949753897983892,5.949753897983892,71600
2002-04-03,6.035826206207275,6.04658550125091,5.9841828212732455,6.014308436970285,29200
2002-04-04,6.044434070587158,6.065952251774196,6.005701426535523,6.02506774856134,48000
2002-04-05,6.012160301208496,6.078866330088588,5.982034666855073,6.078866330088588,24800
2002-04-08,5.969122409820557,6.003551345748302,5.923934585324875,6.003551345748302,103000
2002-04-09,5.842168807983398,6.003554688924518,5.842168807983398,6.003554688924518,733400
2002-04-10,5.964817047119141,5.964817047119141,5.8486195229777875,5.8486195229777875,50200
2002-04-11,5.786219596862793,5.904569447078947,5.779764426591709,5.904569447078947,525200
2002-04-12,5.824949741363525,5.824949741363525,5.734573702820428,5.788368954085957,39800
2002-04-15,5.734576225280762,5.779764469641801,5.728121054961597,5.779764469641801,203600
2002-04-16,5.874438762664795,5.887349912955062,5.784062762758028,5.799125771430006,108400
2002-04-17,5.904570579528809,5.941151389640566,5.885204244150499,5.917481332972531,83000
2002-04-18,5.8895039558410645,5.906718418854832,5.788368626513149,5.906718418854832,204400
2002-04-19,5.837862968444824,5.84431854909405,5.799130715825587,5.84431854909405,95400
2002-04-22,5.749637603759766,5.7776113705626235,5.745334294611493,5.771155791202282,37800
2002-04-23,5.777611255645752,5.861531733534567,5.766851956925853,5.766851956925853,240000
2002-04-24,5.792672634124756,5.846467885032146,5.745332961079322,5.745332961079322,99200
2002-04-25,5.753940105438232,5.792672752551443,5.704448572093664,5.704448572093664,74000
2002-04-26,5.661413192749023,5.734574781060322,5.465598474158568,5.708753285435907,44600
2002-04-29,5.57749080657959,5.68077757456205,5.57749080657959,5.68077757456205,453800
2002-04-30,5.6958394050598145,5.700143122415488,5.6033119444632895,5.626981569069342,113600
2002-05-01,5.749637603759766,5.762548762480448,5.618377440168466,5.66141340462821,90600
2002-05-02,5.713057518005371,5.760397618345333,5.69153973831485,5.760397618345333,23400
2002-05-03,5.6807780265808105,5.73672513296263,5.663563563880648,5.73672513296263,50200
2002-05-06,5.650656223297119,5.713058534265598,5.648504362860217,5.702299642506506,147600
2002-05-07,5.594707489013672,5.635592004814009,5.583948600320302,5.614073817001974,58000
2002-05-08,5.674323081970215,5.693688994144861,5.5990096507959075,5.607616677270729,69000
2002-05-09,5.626988410949707,5.710909359724895,5.626988410949707,5.642051029584193,351400
2002-05-10,5.497875690460205,5.639895151327005,5.493572381362184,5.633439982467331,475800
2002-05-13,5.564579963684082,5.581794424706669,5.4548376207556695,5.487114683869879,354400
2002-05-14,5.648503303527832,5.650655163561169,5.5947080339704245,5.603315474103771,138000
2002-05-15,5.618377685546875,5.672172951289989,5.616225825666114,5.644199183265398,114800
2002-05-16,5.639893054962158,5.685081272309701,5.622678593692887,5.66141123415503,27600
2002-05-17,5.586095809936523,5.6205251305595,5.521541705921535,5.599006959079508,91200
2002-05-20,5.6162261962890625,5.626985085977558,5.564582787018686,5.5925561464639735,64400
2002-05-21,5.65710973739624,5.717360165911208,5.616225224885897,5.6334396916652105,108800
2002-05-22,5.75824499130249,5.75824499130249,5.674324512496576,5.682931541141275,214200
2002-05-23,5.861530303955078,5.8636821631742375,5.732421623781803,5.732421623781803,71400
2002-05-24,5.801279544830322,5.86368223163901,5.801279544830322,5.842164049621353,156400
2002-05-28,5.842168807983398,5.844320668980343,5.779766480774103,5.788373514336359,41800
2002-05-29,5.745334625244141,5.799129891733598,5.728120156384527,5.799129891733598,38800
2002-05-30,5.6915388107299805,5.734574773522529,5.629136110606668,5.697993979414963,102800
2002-05-31,5.648503303527832,5.723816762993271,5.6463514434944955,5.659262193269179,1310400
2002-06-03,5.5193939208984375,5.661413382878025,5.5193939208984375,5.635591886386438,850400
2002-06-04,5.538758754730225,5.575339540248895,5.489267224447664,5.489267224447664,79600
2002-06-05,5.517241954803467,5.59040354416196,5.487116739335361,5.538760141748661,54400
2002-06-06,5.355855464935303,5.523696808553859,5.355855464935303,5.523696808553859,942200
2002-06-07,5.418257236480713,5.441927276029209,5.347247528260381,5.351551246437408,112200
2002-06-10,5.437623500823975,5.489266887131218,5.383828255450785,5.42040903872156,94600
2002-06-11,5.347245216369629,5.489264571407979,5.347245216369629,5.465594542093262,31400
2002-06-12,5.456991672515869,5.459143532311533,5.362311893633101,5.390285250126153,46200
2002-06-13,5.450534343719482,5.49787401275403,5.4483824846144815,5.456989921034485,28600
2002-06-14,5.381677627563477,5.398892093604084,5.295605297360441,5.321426791208729,58200
2002-06-17,5.5021796226501465,5.5021796226501465,5.431169889472125,5.431169889472125,93200
2002-06-18,5.543062210083008,5.558124813330287,5.487115104860859,5.517240311355417,62000
2002-06-19,5.390284538269043,5.551670307803149,5.373070072602414,5.551670307803149,114600
2002-06-20,5.32573127746582,5.388133982367545,5.297757920029901,5.388133982367545,77800
2002-06-21,5.344632148742676,5.344632148742676,5.268590552731792,5.320733254866677,123800
2002-06-24,5.255555629730225,5.318561247192034,5.227311403590501,5.318561247192034,80800
2002-06-25,5.220795154571533,5.294664114141348,5.207759163310848,5.257729634356441,281000
2002-06-26,5.166479587554932,5.192550740381231,5.096955546433294,5.096955546433294,61200
2002-06-27,5.162134647369385,5.21645003665434,5.068712111496295,5.179515555364829,90400
2002-06-28,5.26859188079834,5.26859188079834,5.159961120369508,5.18820493574788,60400
2002-07-01,5.1599602699279785,5.294662572991824,5.1599602699279785,5.294662572991824,88800
2002-07-02,5.051329135894775,5.159959870000039,5.023085327360487,5.136060975891005,83600
2002-07-03,5.020910739898682,5.073053422570903,4.994839191365967,5.057845191923989,64800
2002-07-05,5.079574108123779,5.079574108123779,4.992669583809025,5.020913813207232,67400
2002-07-08,5.014393329620361,5.0969524831432445,5.012220665791699,5.062190690671161,52800
2002-07-09,4.88186502456665,5.020912645526317,4.871002116951169,5.010049323517473,159000
2002-07-10,4.60594367980957,4.849276312642591,4.59942568603259,4.849276312642591,193600
2002-07-11,4.766717910766602,4.766717910766602,4.527730153584805,4.540765728880259,126600
2002-07-12,4.588562488555908,4.658086093559374,4.538592034865465,4.640705192308508,129800
2002-07-15,4.6602582931518555,4.6602582931518555,4.269187432426806,4.560317810133455,324400
2002-07-16,4.523385524749756,4.673296114258637,4.510349947433971,4.673296114258637,254600
2002-07-17,4.438652992248535,4.627670285668987,4.438652992248535,4.627670285668987,113400
2002-07-18,4.334366798400879,4.449515120422241,4.334366798400879,4.432134218170334,129000
2002-07-19,4.091034412384033,4.269188792801579,4.058445267204098,4.269188792801579,343200
2002-07-22,3.991093158721924,4.149693923326523,3.925914472801396,4.149693923326523,207600
2002-07-23,3.6804096698760986,4.073652841476477,3.6217489695044223,4.03454570789536,555400
2002-07-24,4.008476734161377,4.008476734161377,3.5630902001469904,3.5630902001469904,761800
2002-07-25,4.127969264984131,4.199665556694957,3.9128803898516513,4.01933849485297,540400
2002-07-26,4.073653221130371,4.206182871863712,4.021510509627115,4.206182871863712,278600
2002-07-29,4.1388325691223145,4.182285047056946,4.045410446031877,4.1388325691223145,229000
2002-07-30,4.4755859375,4.4755859375,4.108413972231516,4.149693763619806,529600
2002-07-31,4.492968559265137,4.6776409448042715,4.347403315886464,4.486450564107231,372600
2002-08-01,4.427789211273193,4.562491524324452,4.3452300231661445,4.519039058335419,374000
2002-08-02,4.340885162353516,4.449515924661022,4.297433106066596,4.416926778847465,235600
2002-08-05,4.2648420333862305,4.406062305818748,4.2648420333862305,4.301776496048173,175800
2002-08-06,4.440825462341309,4.466896611961863,4.388682748706748,4.421271892929167,294400
2002-08-07,4.473414897918701,4.519039619922951,4.393027950167219,4.475587562927496,595800
2002-08-08,4.555973529815674,4.555973529815674,4.447342779243492,4.508176148745547,190400
2002-08-09,4.566835880279541,4.597252351351861,4.484276295378474,4.5624905517282555,206800
2002-08-12,4.645049095153809,4.666775320583853,4.529900804843151,4.562489935791577,328200
2002-08-13,4.516865253448486,4.638531536193847,4.516865253448486,4.579870851615566,220200
2002-08-14,4.653741359710693,4.653741359710693,4.506003472990763,4.560318848144065,150600
2002-08-15,4.66243314743042,4.712403624049773,4.6211537470144535,4.6711238092402425,338000
2002-08-16,4.588562488555908,4.7058834684009145,4.571181587305041,4.7058834684009145,168000
2002-08-19,4.6602582931518555,4.6602582931518555,4.577698709650568,4.603770266122904,143000
2002-08-20,4.647223949432373,4.710229991435731,4.601599227479716,4.653741944451386,107200
2002-08-21,4.790614604949951,4.799305261492677,4.64287717326342,4.69936478321789,267800
2002-08-22,4.888383865356445,4.910110098747828,4.8079969261263615,4.8079969261263615,227800
2002-08-23,4.812343120574951,4.888384743914546,4.790616883278852,4.888384743914546,151600
2002-08-26,4.888383865356445,4.894901859691891,4.8275504947392625,4.855794722466089,123600
2002-08-27,4.840585708618164,4.940525786071143,4.816686814273596,4.888383082913932,118400
2002-08-28,4.8101701736450195,4.866658221548627,4.747164545009814,4.866658221548627,314400
2002-08-29,4.7428202629089355,4.775409416948347,4.692850199088934,4.771064085904805,211000
2002-08-30,4.6711225509643555,4.779753307963527,4.649396316685831,4.779753307963527,146400
2002-09-03,4.542935371398926,4.681982520424488,4.5081735841425346,4.681982520424488,223400
2002-09-04,4.514693737030029,4.562491113802531,4.449515043911102,4.562491113802531,142600
2002-09-05,4.501656532287598,4.527728085362739,4.469067401738629,4.5190374295399325,179400
2002-09-06,4.501656532287598,4.605942330194886,4.484275635035262,4.562489879867409,145800
2002-09-09,4.492968559265137,4.512522130345368,4.377819797836385,4.458206747209945,367000
2002-09-10,4.390855312347412,4.50817673718792,4.366956825889646,4.50817673718792,101400
2002-09-11,4.395200729370117,4.432135206692282,4.36261158217844,4.410408970433334,175000
2002-09-12,4.282223701477051,4.388682194564809,4.2800514512774965,4.3560926400638955,263400
2002-09-13,4.3452301025390625,4.351748096874508,4.2518075890315234,4.334367193040089,169200
2002-09-16,4.295260906219482,4.395201019455861,4.2344275235580895,4.395201019455861,243000
2002-09-17,4.1388325691223145,4.360439460680561,4.134487652843684,4.301778739786871,281600
2002-09-18,4.275708198547363,4.308297354481482,4.0975537593401565,4.171422733800745,384000
2002-09-19,4.186628818511963,4.27570599214895,4.180110824931188,4.27570599214895,724400
2002-09-20,4.088111400604248,4.189269414916496,4.015541393114848,4.107903258959852,1179400
2002-09-23,3.980356216430664,4.101306096879689,3.9143832111865375,4.101306096879689,326600
2002-09-24,3.850606918334961,3.9561631452894392,3.8352133543344946,3.9561631452894392,346200
2002-09-25,3.964961290359497,4.004544576689597,3.8506084557792244,3.8506084557792244,810400
2002-09-26,4.121097564697266,4.121097564697266,4.0133421277644725,4.0133421277644725,3267600
2002-09-27,4.050726890563965,4.162880616555755,4.01993974127175,4.162880616555755,649200
2002-09-30,4.1057024002075195,4.112299823381863,3.9583633048599998,3.9803542959978757,219000
2002-10-01,4.171675682067871,4.180472247835188,4.037531409663031,4.15408296997658,556800
2002-10-02,4.046326637268066,4.2024622886405805,4.024335647286174,4.134290177752389,739200
2002-10-03,4.024334907531738,4.145285120477419,4.0045430621305025,4.145285120477419,453200
2002-10-04,3.8396124839782715,4.035331857969866,3.8264180561120478,4.035331857969866,655800
2002-10-07,3.8044254779815674,3.92317653762119,3.8044254779815674,3.8264164615566596,522600
2002-10-08,3.6614856719970703,3.859403737075219,3.4679658886734486,3.859403737075219,6561200
2002-10-09,3.3492138385772705,3.672480324400254,3.3294222055160687,3.672480324400254,1933600
2002-10-10,3.575721263885498,3.6284993864460713,3.276644816599018,3.351413928420638,2877600
2002-10-11,3.6241023540496826,3.705468916532254,3.5845186436226686,3.6834779196902043,2885800
2002-10-14,3.617504835128784,3.6285001222674187,3.485559292248578,3.485559292248578,618600
2002-10-15,3.628500461578369,3.683477741299254,3.606509465801344,3.6724824531324196,1477400
2002-10-16,3.5031518936157227,3.6460927191575774,3.4745636865630214,3.6460927191575774,2539600
2002-10-17,3.5625271797180176,3.6065087430142846,3.483359778564154,3.59771259813234,2138600
2002-10-18,3.5933144092559814,3.6197032640301696,3.4569708045000374,3.584517844702396,1338400
2002-10-21,3.8044254779815674,3.815421179490676,3.5933130423241826,3.5933130423241826,2606000
2002-10-22,3.756047248840332,3.887992787024709,3.7076673999314917,3.8044270977491723,2724000
2002-10-23,3.8242173194885254,3.8484074433542665,3.753846507635233,3.7604439285376507,1099600
2002-10-24,3.8264172077178955,3.925376443381554,3.77143994778102,3.89239017130807,2642000
2002-10-25,3.88139271736145,3.905582835047097,3.782433945765928,3.88139271736145,1566400
2002-10-28,3.958362340927124,4.0045430335718875,3.9253760719746977,3.9473670577573707,1187000
2002-10-29,3.931973695755005,4.002344945274077,3.861602865679165,3.980353956014569,1771200
2002-10-30,4.01993989944458,4.01993989944458,3.9165823179936976,3.9429716037421163,631400
2002-10-31,4.011139392852783,4.0463247930094965,3.9671578523784197,4.0463247930094965,491400
2002-11-01,4.030932426452637,4.0551225535143525,3.986950453511913,3.9891495941032673,716400
2002-11-04,4.176072120666504,4.239845935984997,4.079312037175034,4.083710318116273,1130400
2002-11-05,4.176072120666504,4.195863965458922,4.123294007701109,4.195863965458922,426000
2002-11-06,4.264036178588867,4.264036178588867,4.178271786663393,4.195864493197932,844400
2002-11-07,4.06611967086792,4.180472516532954,4.024336819674279,4.180472516532954,924200
2002-11-08,3.940770149230957,4.088109227880542,3.936371867613185,4.070516520852676,632000
2002-11-11,3.896790027618408,3.9561655994037275,3.8506093069698855,3.9363737421419542,1934400
2002-11-12,3.8242173194885254,3.9781537849999458,3.8044254762243965,3.8923894104841366,2796000
2002-11-13,3.8484079837799072,3.8923899570860936,3.8066251510833484,3.815421713521859,1621800
2002-11-14,3.934173822402954,3.9561648171726995,3.89459011570608,3.914381969054517,1023200
2002-11-15,3.991349697113037,4.011141547764376,3.925377141237429,3.93637242740227,633200
2002-11-18,3.980356216430664,4.06612066186021,3.980356216430664,3.9913515075829498,588600
2002-11-19,4.002346038818359,4.0287348975853,3.9517666238689184,3.9913503314626775,1185600
2002-11-20,4.000146865844727,4.046327578044858,3.9583640171088854,4.0067438707628344,717400
2002-11-21,4.068316459655762,4.103501865751388,4.026533632626033,4.046325475985213,1195800
2002-11-22,4.1826701164245605,4.200262823162113,4.057322028489094,4.068317312908859,1527800
2002-11-25,4.191465854644775,4.261836674788245,4.134289458417412,4.2002624168842955,1641200
2002-11-26,4.085909843444824,4.2134570666525155,4.081511562089305,4.182669936050272,1482800
2002-11-27,4.110100269317627,4.149683965499556,4.05732214755613,4.121095554060062,335800
2002-11-29,4.127692699432373,4.134289702057611,4.072715440524994,4.125493558742894,226800
2002-12-02,4.06611967086792,4.165078944894078,4.039730810756524,4.145287090088846,444600
2002-12-03,4.110100269317627,4.145285683825292,4.026534595279504,4.090308421226663,615200
2002-12-04,4.017739772796631,4.156282335556386,4.011142348115361,4.123296051036765,2003800
2002-12-05,4.004542827606201,4.07931192375579,3.967158698974552,4.046325656499946,1370800
2002-12-06,4.000146865844727,4.013341295124286,3.940771304921691,4.002346007298544,1718000
2002-12-09,4.055124759674072,4.088111047603964,4.013341904593059,4.024337194088553,3216200
2002-12-10,4.085909843444824,4.101303408745946,4.0265343034749,4.068317137465943,945000
2002-12-11,4.123294830322266,4.13868839724455,4.046326576267601,4.052923998995684,544400
2002-12-12,4.136490345001221,4.156282198951164,4.112300627518341,4.145286910953796,564400
2002-12-13,4.178272724151611,4.222254710077897,4.149684726909838,4.1892680109115314,1904600
2002-12-16,4.244244575500488,4.246443716374235,4.191466452860274,4.2112583012807585,2224400
2002-12-17,4.24864387512207,4.2860284400457465,4.244245592320854,4.266236586883604,2132400
2002-12-18,4.235447406768799,4.283827235957009,4.224451705060252,4.248641829375924,763200
2002-12-19,4.2398481369018555,4.277232705422505,4.211259715386632,4.261838714137106,660000
2002-12-20,4.283684253692627,4.305937243794712,4.261431263590542,4.272557970861826,975000
2002-12-23,4.2658820152282715,4.3148382546892226,4.241403683277551,4.283684322708662,760000
2002-12-24,4.248080253601074,4.277008847808678,4.239178886496861,4.272558588697116,346800
2002-12-26,4.274781703948975,4.332639292414192,4.252529144450354,4.28145772646278,447200
2002-12-27,4.259207248687744,4.332641841787857,4.210250994767875,4.2525316466863075,466400
2002-12-30,4.270332336425781,4.285909301096381,4.219150335370371,4.250304689152024,779600
2002-12-31,4.261430740356445,4.2948100091909005,4.228051471521989,4.2948100091909005,749600
2003-01-02,4.361570358276367,4.372696643279192,4.274783722380179,4.3126136856065775,1050000
2003-01-03,4.406076908111572,4.450582906957411,4.37714830597024,4.406076908111572,1241800
2003-01-06,4.6041259765625,4.60635131790508,4.394948559205105,4.394948559205105,4366200
2003-01-07,4.5039896965026855,4.60635332056263,4.455033439003105,4.561847323242541,2822200
2003-01-08,4.5351433753967285,4.561847057119104,4.472835492112221,4.517341062395352,2331000
2003-01-09,4.512888431549072,4.566295342494929,4.501761726493436,4.55739397845042,1329400
2003-01-10,4.512888431549072,4.539591674801801,4.483959422844817,4.539591674801801,1121000
2003-01-13,4.417203426361084,4.572973566610102,4.388274401047549,4.572973566610102,1595200
2003-01-14,4.426105499267578,4.439457556403648,4.372698544045553,4.439457556403648,1967600
2003-01-15,4.412753582000732,4.439457270110042,4.386049893891423,4.423879871122523,811200
2003-01-16,4.406076908111572,4.4683852216076145,4.401626647779517,4.437231277079924,1459200
2003-01-17,4.386048316955566,4.448356617181487,4.361570404800139,4.417202679288812,1060000
2003-01-21,4.294813632965088,4.42833124539961,4.294813632965088,4.394951948401177,813000
2003-01-22,4.256981372833252,4.317064329957143,4.205799783182781,4.310388728792641,1652000
2003-01-23,4.334865093231201,4.359343420605555,4.283683521848836,4.283683521848836,830400
2003-01-24,4.223603248596191,4.314840167943856,4.1968999877552875,4.279235537195532,1075800
2003-01-27,4.061154842376709,4.236952981750731,4.0544788186043785,4.22360093420607,777200
2003-01-28,4.183548450469971,4.190224478726473,4.09453686258692,4.116789865667865,1289800
2003-01-29,4.181319236755371,4.21692383533255,4.112334955626829,4.183544152781187,959000
2003-01-30,4.114561557769775,4.221375386254385,4.11011087547281,4.221375386254385,1651800
2003-01-31,4.16129207611084,4.16129207611084,4.09898380920677,4.127912389716308,681800
2003-02-03,4.17464542388916,4.192447732595788,4.143491489762692,4.183546366022214,570400
2003-02-04,4.154616832733154,4.163517772850605,4.119012223382502,4.159067515012092,343400
2003-02-05,4.092309951782227,4.159068935444989,4.063381355970094,4.159068935444989,388000
2003-02-06,4.054480075836182,4.107887009254155,4.025551479399996,4.105662091747244,543400
2003-02-07,3.9832711219787598,4.072282684171462,3.9632434674303254,4.072282684171462,1351400
2003-02-10,3.996623992919922,4.02777836770506,3.961019356971827,4.003300021325467,655000
2003-02-11,3.929861545562744,4.047802051540453,3.907608563848417,4.041126029694057,1032000
2003-02-12,3.7941198348999023,3.949890327448706,3.7829935530494647,3.938764045598268,1419800
2003-02-13,3.847526788711548,3.9053839578352734,3.718459555378981,3.7874438541133677,1006400
2003-02-14,3.9120635986328125,3.9120635986328125,3.8497552653807174,3.894261278338042,826400
2003-02-18,3.9543426036834717,3.9832712028179684,3.9209633202388625,3.938765633038695,1273200
2003-02-19,3.9565677642822266,3.992172388248091,3.9231880579287055,3.9610180239475112,1499800
2003-02-20,3.9543426036834717,4.005524199927914,3.945441235063247,3.978820518507856,797200
2003-02-21,4.00552225112915,4.043352200478543,3.9543406797859766,4.003296910056785,633600
2003-02-24,3.9788198471069336,4.027776517375805,3.9610175373111294,4.027776517375805,1722800
2003-02-25,4.00552225112915,4.027775237412395,3.9432139744241494,3.996620886839689,1316400
2003-02-26,3.9365394115448,4.005523305179546,3.9187371027216225,4.005523305179546,1510000
2003-02-27,3.9432148933410645,3.9921715594610223,3.9276379266448993,3.961017201628183,1273200
2003-02-28,3.93876576423645,3.989947362185718,3.93876576423645,3.943216024254181,1975000
2003-03-03,3.9654695987701416,4.025552574373493,3.961018913664554,3.9832719147517985,427400
2003-03-04,3.940991163253784,3.9921731918934475,3.9276395326889815,3.952117875758356,625200
2003-03-05,3.981046676635742,3.983272019246914,3.923189042067376,3.9587940994054276,479000
2003-03-06,3.981046676635742,4.001074335695588,3.94099135851605,3.994398732302775,871200
2003-03-07,3.9943947792053223,4.016647334413146,3.949888819909106,3.9877187579788043,842800
2003-03-10,3.900935173034668,3.992172067675931,3.8942591474119306,3.992172067675931,1979400
2003-03-11,3.8942577838897705,3.956566061230556,3.887581760604553,3.9276370514350285,1734000
2003-03-12,3.900935173034668,3.9387651360157205,3.869780811235789,3.909836116091088,546600
2003-03-13,3.9699201583862305,3.992173158770056,3.9165132121294577,3.9610187884564287,858400
2003-03-14,3.9854965209960938,4.014425544397169,3.9632435240200237,3.992172547421099,845200
2003-03-17,4.0745086669921875,4.0767340094520135,3.9810464058828874,4.005524748500294,920600
2003-03-18,4.121239185333252,4.125689869362565,4.063381566273947,4.083409219965268,1044600
2003-03-19,4.098987579345703,4.1568452180210285,4.0900862082691605,4.150169189713622,627800
2003-03-20,4.145716667175293,4.161294059656776,4.10121110483555,4.139041066266632,1068600
2003-03-21,4.2147650718688965,4.2147650718688965,4.158538215901099,4.183278169799527,1209200
2003-03-24,4.111306190490723,4.183276468218725,4.097811441684202,4.172030844213292,574800
2003-03-25,4.1675333976745605,4.203518539768665,4.115804380559645,4.131548255580456,637800
2003-03-26,4.131546497344971,4.214761942157856,4.120300877115832,4.212512818112028,815600
2003-03-27,4.151790618896484,4.183277948275319,4.095563765906163,4.1135567706808365,1173200
2003-03-28,4.158535957336426,4.181026773303811,4.1382942658634425,4.172030275326203,589000
2003-03-31,4.138295650482178,4.1922733694781495,4.109057880225651,4.160786473974694,617200
2003-04-01,4.1675333976745605,4.1787785937126944,4.118053505562618,4.163035147668615,992400
2003-04-02,4.169780254364014,4.23725225184227,4.167531130584539,4.23725225184227,1286200
2003-04-03,4.15403938293457,4.205768409205684,4.140545059504927,4.205768409205684,848600
2003-04-04,4.205765247344971,4.217010436919495,4.156285383673498,4.183274439219437,487200
2003-04-07,4.205765247344971,4.3069732404451475,4.18777268663984,4.295728050870623,628800
2003-04-08,4.17877721786499,4.237253161759095,4.17202984507762,4.217011472373574,616000
2003-04-09,4.169780254364014,4.235003128062796,4.151787264128214,4.223757938141919,790600
2003-04-10,4.205765247344971,4.205765247344971,4.163032754804104,4.205765247344971,384400
2003-04-11,4.1922736167907715,4.244002642568216,4.169783220948269,4.241753517188605,485800
2003-04-14,4.246250152587891,4.250748402090322,4.194521570239982,4.2305067083060655,823800
2003-04-15,4.300228118896484,4.486901176110943,4.235004790616212,4.257495608263778,683600
2003-04-16,4.295731544494629,4.333965820710188,4.2732407180778,4.329467569631455,596400
2003-04-17,4.304727077484131,4.329467026335762,4.277738432352152,4.318221829026901,475600
2003-04-21,4.34520959854126,4.360953043191864,4.322718779478956,4.351956972952959,597600
2003-04-22,4.4059367179870605,4.410434969674204,4.300230377200549,4.3294681552131955,741400
2003-04-23,4.4059367179870605,4.419431044071598,4.3362155327439105,4.419431044071598,988800
2003-04-24,4.446416854858398,4.498145424283278,4.423926041941667,4.430673414509659,1252000
2003-04-25,4.435171127319336,4.49364706790683,4.417178563213689,4.473405379665906,605800
2003-04-28,4.495896339416504,4.52063627673895,4.453163837398619,4.453163837398619,889800
2003-04-29,4.502645492553711,4.552124957788007,4.475656420349799,4.543128886371203,2158200
2003-04-30,4.495896339416504,4.534130593016384,4.480152898930068,4.522885400947953,727200
2003-05-01,4.435171127319336,4.498145316177383,4.4104316197844255,4.498145316177383,1731400
2003-05-02,4.471157073974609,4.475655323068566,4.426175869964979,4.453164506575429,1047800
2003-05-05,4.489150047302246,4.518388240080163,4.46441053300172,4.498146546303661,1012400
2003-05-06,4.4824018478393555,4.531881291572604,4.468907532089663,4.531881291572604,1348400
2003-05-07,4.475656032562256,4.498146852620702,4.450916516577006,4.498146852620702,1895800
2003-05-08,4.468911647796631,4.480156849781707,4.441922562464705,4.475658597396893,553800
2003-05-09,4.498147964477539,4.5206387900952905,4.475657138859788,4.480155389778702,722800
2003-05-12,4.5318827629089355,4.552124457593493,4.491399373539821,4.54087926231394,428800
2003-05-13,4.5408806800842285,4.547627627767836,4.509393351312327,4.547627627767836,1081800
2003-05-14,4.561119079589844,4.56561689846429,4.525133954735119,4.56336820351533,1072000
2003-05-15,4.630843639373779,4.648836215143528,4.576865912064534,4.576865912064534,1778600
2003-05-16,4.7275519371032715,4.732050186426985,4.63533997085047,4.65333253916866,1771400
2003-05-19,4.653332233428955,4.709559059351085,4.651083108914873,4.678071745130579,1648200
2003-05-20,4.6735758781433105,4.7005645256374375,4.610601652362317,4.615099903270278,1044200
2003-05-21,4.662329196929932,4.6870691423543045,4.633091430591171,4.6870691423543045,1208400
2003-05-22,4.745546340942383,4.761289790688093,4.666828663236995,4.684821238514497,5728800
2003-05-23,4.925470352172852,4.9682028642139,4.761288107194982,4.777031551374137,4469800
2003-05-27,4.997443199157715,5.019934029118664,4.891736856011226,4.891736856011226,2547400
2003-05-28,4.974952220916748,5.042424273993732,4.970453969651122,5.042424273993732,2897800
2003-05-29,4.900729656219482,5.035673676057332,4.869242346477618,5.008685043680393,3267800
2003-05-30,4.950209617614746,4.981696501662502,4.727551446898566,4.932217051162225,2462400
2003-06-02,4.992942810058594,5.0266788231718245,4.970451991657546,5.015433199482961,2364400
2003-06-03,5.013185501098633,5.033426769812242,4.970452980532646,5.0086872507281575,966800
2003-06-04,5.082907199859619,5.0896541471472885,5.006438651436082,5.026680351252714,2277200
2003-06-05,5.024432182312012,5.094153367743607,5.00419047864205,5.055919086253334,1815200
2003-06-06,4.970453262329102,5.105397778256597,4.970453262329102,5.105397778256597,1720200
2003-06-09,4.965953826904297,4.999689840593085,4.950210382447975,4.970452076456586,1904800
2003-06-10,4.988446235656738,5.004189685130971,4.959208033224456,5.004189685130971,852600
2003-06-11,5.0266804695129395,5.035676542433748,4.970453619583212,4.988446194401653,1227200
2003-06-12,5.087404251098633,5.087404251098633,5.010935720706287,5.046920861011307,1319000
2003-06-13,5.019933223724365,5.103149152535706,4.9951932718388905,5.094152650403958,842200
2003-06-16,5.116641998291016,5.116641998291016,5.037924343291197,5.037924343291197,1673600
2003-06-17,5.091899871826172,5.161621426396892,5.07840555728651,5.161621426396892,3238200
2003-06-18,5.116641998291016,5.1211402480571095,5.0626642880280075,5.096400303320299,686600
2003-06-19,5.132384777069092,5.161622967775496,5.107644835544697,5.161622967775496,1066200
2003-06-20,5.1081156730651855,5.173894911463928,5.1081156730651855,5.1693587255519775,891000
2003-06-23,5.053677558898926,5.10811568367725,5.033263208027584,5.103579065120116,1031000
2003-06-24,5.021921157836914,5.065018164534682,4.981092460190156,5.065018164534682,1317000
2003-06-25,5.012849807739258,5.080897368457032,5.006044878613145,5.035532472190463,707000
2003-06-26,5.060481071472168,5.062749380310282,5.01738450145502,5.0355305395242596,758600
2003-06-27,4.994701862335205,5.062749397162443,4.9924335534895405,5.055944903261124,491600
2003-06-30,5.017386436462402,5.058214713387287,4.994703771969128,5.058214713387287,370400
2003-07-01,4.98336124420166,5.02192163647257,4.922118624530249,4.987897862736062,1376800
2003-07-02,5.019653797149658,5.0309953445474695,4.967483977027113,4.9742889054658,630200
2003-07-03,4.990165710449219,5.046872138977051,4.972019670625741,5.0196528629239765,591800
2003-07-07,4.999239921569824,5.030995389294547,4.990166683570875,4.990166683570875,432000
2003-07-08,4.960679531097412,5.003776113734988,4.942533487714275,4.996971617863687,954800
2003-07-09,4.924386501312256,4.978825058455239,4.910777078344387,4.935728047648609,781800
2003-07-10,4.83592414855957,4.924386038490189,4.7905592653850775,4.924386038490189,1218400
2003-07-11,4.865411758422852,4.869947943918418,4.820046442381445,4.842729100402148,1014000
2003-07-14,4.858607292175293,4.915313726289087,4.831388013440938,4.8948993753972605,524800
2003-07-15,4.763339996337891,4.854070195455279,4.763339996337891,4.84953357734048,2393400
2003-07-16,4.6839518547058105,4.797364734638812,4.665805811221962,4.797364734638812,1175000
2003-07-17,4.672607421875,4.717972282054362,4.649924775467571,4.683948528760967,779200
2003-07-18,4.7451934814453125,4.763339519452084,4.697559861280242,4.729315752268846,406800
2003-07-21,4.6771464347839355,4.761071707078107,4.652195467684509,4.761071707078107,655400
2003-07-22,4.756535530090332,4.7746815716722235,4.6658053221808755,4.699829096067452,703200
2003-07-23,4.727047443389893,4.763339519403062,4.708901405383307,4.76107121057278,584200
2003-07-24,4.724780082702637,4.786023135503158,4.720243464131689,4.7406578150651955,681000
2003-07-25,4.763339996337891,4.779217727103969,4.717974680461339,4.758803378223092,670000
2003-07-28,4.729316234588623,4.797363775894933,4.711170194731226,4.797363775894933,570000
2003-07-29,4.708900451660156,4.790557822469044,4.6839494922161995,4.790557822469044,1551800
2003-07-30,4.674880027770996,4.754268714232132,4.674880027770996,4.754268714232132,1002400
2003-07-31,4.681682109832764,4.7315840385907535,4.672609307190374,4.695291962749854,2011600
2003-08-01,4.661269187927246,4.708902822426142,4.645391453972882,4.708902822426142,1935000
2003-08-04,4.661269187927246,4.681683540907373,4.597758252109788,4.681683540907373,444200
2003-08-05,4.58868408203125,4.672609786418133,4.5750746603540335,4.672609786418133,1177600
2003-08-06,4.615901947021484,4.658998940567011,4.5637321526764465,4.570536645117184,1280800
2003-08-07,4.658998966217041,4.672608383809025,4.604560430577937,4.6635351503239795,881600
2003-08-08,4.681682109832764,4.693023653930339,4.649926651630894,4.65219496045041,552000
2003-08-11,4.681682109832764,4.711169691850789,4.65219496045041,4.702096456572729,568000
2003-08-12,4.7451934814453125,4.7451934814453125,4.674877638248532,4.7043647877711585,787800
2003-08-13,4.699827671051025,4.761070705059057,4.697559362461584,4.761070705059057,1283800
2003-08-14,4.717973709106445,4.761070707052619,4.697559364428554,4.722510326287227,310400
2003-08-15,4.708900451660156,4.7474608286937325,4.6839494922161995,4.74065590358113,191800
2003-08-18,4.697562217712402,4.745195861771877,4.679416170603052,4.745195861771877,468600
2003-08-19,4.702095985412598,4.727046947291453,4.665803913208242,4.727046947291453,819400
2003-08-20,4.747459888458252,4.751996504301509,4.677144073429764,4.729313857720722,1173000
2003-08-21,4.765608787536621,4.786023138482838,4.722511776357301,4.733853322791733,1131400
2003-08-22,4.699827671051025,4.786021666907282,4.699827671051025,4.76787563082738,1136800
2003-08-25,4.722512245178223,4.736121669614838,4.679415229720506,4.679415229720506,420200
2003-08-26,4.736122131347656,4.763341415510344,4.704366660354391,4.738390441080867,483800
2003-08-27,4.751997470855713,4.761070271752131,4.717973277746278,4.717973277746278,885000
2003-08-28,4.763339996337891,4.770144923510088,4.7293162257483345,4.7293162257483345,1055800
2003-08-29,4.774682998657227,4.774682998657227,4.736122594691888,4.763341881517492,1060600
2003-09-02,4.863143444061279,4.863143444061279,4.756535081270785,4.756535081270785,1921000
2003-09-03,4.879020690917969,4.894898420149544,4.849533108657322,4.849533108657322,1926400
2003-09-04,4.881291389465332,4.899437436418754,4.867681529773351,4.8903641966241,1985200
2003-09-05,4.872215747833252,4.91304444151026,4.856338018655676,4.908507823849331,1858000
2003-09-08,4.908508777618408,4.928923128423611,4.865412199372541,4.899435973169294,1332800
2003-09-09,4.897164344787598,4.951602432493502,4.879018315552297,4.951602432493502,709800
2003-09-10,4.89036226272583,4.913044920606701,4.872216222948276,4.897167189880806,672200
2003-09-11,4.8767523765563965,4.931190490704001,4.8767523765563965,4.931190490704001,2797800
2003-09-12,4.913044452667236,4.922117688009696,4.858606338519494,4.876752376568741,4241000
2003-09-15,4.8858256340026855,4.931190513013087,4.8722157809274576,4.931190513013087,1135600
2003-09-16,4.928921699523926,4.937994933978456,4.8790202079309015,4.899434552817964,296200
2003-09-17,4.915312767028809,4.9379954227747875,4.899435037797327,4.933458805098457,1008800
2003-09-18,4.969752311706543,4.983361736017129,4.915314181828399,4.924386987156857,494000
2003-09-19,4.977761745452881,4.998359415183314,4.95487539725009,4.982339102397596,479000
2003-09-22,4.950299263000488,5.00751492937901,4.9228359875904975,5.00751492937901,669000
2003-09-23,4.973183631896973,5.0006473328662,4.936565654951814,4.952585965300231,384800
2003-09-24,4.913682460784912,4.982341538970438,4.909105538122675,4.982341538970438,576200
2003-09-25,4.922834396362305,4.957163697788837,4.909102763095842,4.915968361468698,487600
2003-09-26,4.9686079025268555,4.977762618021045,4.890795003430545,4.920546955744941,1868800
2003-09-29,5.02124547958374,5.02124547958374,4.954875117198999,4.957163795542,506400
2003-09-30,5.01209020614624,5.01209020614624,4.950297207352429,4.977760907878805,350400
2003-10-01,5.018957138061523,5.034977451016887,4.945721172253695,5.028111415527107,1570600
2003-10-02,5.067018508911133,5.069307187602845,5.012091529872517,5.012091529872517,384000
2003-10-03,5.078460693359375,5.112789992520757,5.057863026558402,5.073883337065665,664400
2003-10-06,5.071596622467041,5.092194297242727,5.057864984790213,5.092194297242727,351600
2003-10-07,5.055576324462891,5.080751357397632,5.018958332841937,5.057865003504312,756000
2003-10-08,5.037265300750732,5.078460633870116,5.025821910150506,5.0715945995099805,1096200
2003-10-09,5.046419620513916,5.085326275850971,5.03726534447499,5.057863011213474,798800
2003-10-10,5.030400276184082,5.096770645426317,5.018957319807534,5.096770645426317,407800
2003-10-13,5.062442779541016,5.0761744184023305,5.012092709514646,5.028113027606335,680200
2003-10-14,5.076173305511475,5.080750662968691,5.0372666401668,5.053286954746225,992600
2003-10-15,5.01209020614624,5.0921921931173975,5.00522460840518,5.0921921931173975,1691000
2003-10-16,5.034976482391357,5.048708114208445,5.007512782236476,5.009801460292775,784600
2003-10-17,5.002938270568848,5.092194575120217,5.002938270568848,5.092194575120217,381200
2003-10-20,5.028111457824707,5.037266171888092,4.996070831644446,5.037266171888092,406800
2003-10-21,5.02124547958374,5.060152138373232,5.012090766211737,5.034977113120985,699000
2003-10-22,5.018957138061523,5.073884112417394,5.012091102571743,5.046420406979064,617800
2003-10-23,5.028111457824707,5.046420449430684,4.991493474612755,5.0326888148563995,829600
2003-10-24,5.01209020614624,5.067017170678279,4.991492539881636,5.0418425847598725,872800
2003-10-27,5.032690525054932,5.0693085207103366,5.014381527227229,5.034979204348512,663800
2003-10-28,5.018957138061523,5.0670180769276145,4.980050476661016,5.034977451016887,1834200
2003-10-29,5.014382839202881,5.046423484654319,4.998362516477162,5.018960198987673,942400
2003-10-30,5.055576324462891,5.0921943160838445,5.016669653800515,5.089905637042423,817000
2003-10-31,5.046419620513916,5.0784606779519565,5.023533712156242,5.076171999812045,413000
2003-11-03,5.071596622467041,5.092194297242727,5.0395559890474795,5.073885301499994,705600
2003-11-04,5.046419620513916,5.1013470228303515,5.025821953775433,5.073883321672134,638200
2003-11-05,5.044130325317383,5.055573277106109,5.000646322783094,5.044130325317383,496200
2003-11-06,5.023533344268799,5.080748984014363,4.991492289177215,5.080748984014363,911200
2003-11-07,4.991492748260498,5.0418427952406875,4.980049793867217,5.025822047961072,682200
2003-11-10,4.9800496101379395,5.0326878968382145,4.9800496101379395,5.021244942867098,1830200
2003-11-11,4.984627723693848,4.9983593578497,4.966318732645785,4.980050366801637,1063600
2003-11-12,4.996071815490723,5.016669489668721,4.9823401782123495,4.986917536145434,1218000
2003-11-13,5.002938270568848,5.016669908995001,4.980051915511315,5.005226949726692,1345200
2003-11-14,4.996071815490723,5.0281124479805515,4.991494457557639,4.991494457557639,1348000
2003-11-17,4.9548749923706055,4.9892042936092365,4.925123047702658,4.980050016988618,1760800
2003-11-18,4.865617752075195,5.0235330301235575,4.865617752075195,4.980049024410396,592000
2003-11-19,4.927412986755371,5.12652324679783,4.863331287931587,4.86790864567347,1381600
2003-11-20,4.9159698486328125,4.966319913376174,4.886217894801549,4.952587839434775,1862400
2003-11-21,4.906814098358154,4.92970044487934,4.886216430141163,4.893082028532992,966200
2003-11-24,4.982341766357422,4.991496048620681,4.93199168608593,4.938857725174139,2257000
2003-11-25,5.009801387786865,5.016667421856391,4.966317814908631,4.996069756168513,650200
2003-11-26,5.046419620513916,5.057863011213474,5.000647367277848,5.002936045417759,942000
2003-11-28,5.057867050170898,5.057867050170898,5.030403327081538,5.055578370203363,508200
2003-12-01,5.071596622467041,5.087616939176821,5.034978630981573,5.0784626595659,780000
2003-12-02,5.080751895904541,5.094483535087586,5.041845221118463,5.041845221118463,550000
2003-12-03,5.071596622467041,5.112791972018415,5.060153663823167,5.112791972018415,582000
2003-12-04,5.083038806915283,5.089904842968379,5.048709499691452,5.0715958500142815,960600
2003-12-05,5.11050271987915,5.147120707258173,5.080750768829011,5.094482404965934,839200
2003-12-08,5.124233722686768,5.144831392606806,5.10363605276673,5.124233722686768,603800
2003-12-09,5.080751895904541,5.158565245476698,5.080751895904541,5.1471218490567106,594400
2003-12-10,5.103635787963867,5.218067087573109,5.092192832611249,5.115079179837251,253200
2003-12-11,5.126523971557617,5.13796736753013,5.094483335876426,5.101349373459933,2181200
2003-12-12,5.137965202331543,5.160851111590334,5.103635465401879,5.160851111590334,1920200
2003-12-15,5.119656562805176,5.1951812034732185,5.119656562805176,5.192892525086821,719200
2003-12-16,5.15169620513916,5.181448145449373,5.1288098621586276,5.172293870169571,2967000
2003-12-17,5.1745829582214355,5.195180624884276,5.126521590501236,5.165428245695409,3506200
2003-12-18,5.240954399108887,5.252397793087798,5.179161381185302,5.236377041517322,5651200
2003-12-19,5.252964973449707,5.301475433675305,5.222935024243106,5.27144504386907,937200
2003-12-22,5.301475524902344,5.301475524902344,5.246034872090608,5.299165460985218,483600
2003-12-23,5.329196929931641,5.345366941361553,5.308406789350392,5.343056876785885,843800
2003-12-24,5.338435649871826,5.368465599502334,5.31533545137163,5.368465599502334,250400
2003-12-26,5.345364570617676,5.359224951924413,5.329194566359386,5.336124757012755,330600
2003-12-29,5.3846354484558105,5.386945512298089,5.313025231743683,5.313025231743683,438200
2003-12-30,5.398496627807617,5.412356572306054,5.377706490760115,5.4008062513909465,361600
2003-12-31,5.389255523681641,5.4239055997792835,5.361535198443753,5.4239055997792835,1125800
2004-01-02,5.375397205352783,5.426217302942885,5.359227194328649,5.4054271628833535,404800
2004-01-05,5.3846354484558105,5.414665837805805,5.336125429566841,5.407735646278969,818800
2004-01-06,5.373086929321289,5.40542695009648,5.338436844119337,5.40542695009648,375400
2004-01-07,5.400806427001953,5.405426555518223,5.352296399380238,5.405426555518223,903000
2004-01-08,5.398496627807617,5.416976700672097,5.382326178526466,5.416976700672097,468800
2004-01-09,5.380015850067139,5.410045799312588,5.370775594545687,5.389255664988957,1283800
2004-01-12,5.377704620361328,5.398494750177894,5.354604427165194,5.391564560039193,1109400
2004-01-13,5.352298259735107,5.386948354451418,5.343057999490833,5.380018599868071,1831000
2004-01-14,5.4169769287109375,5.4169769287109375,5.359226643503357,5.380016781426063,550600
2004-01-15,5.398496627807617,5.428526580987513,5.370776298211051,5.426216516804492,512000
2004-01-16,5.389255523681641,5.428525727418869,5.370775453722923,5.428525727418869,1305000
2004-01-20,5.42852783203125,5.4377680908928205,5.373087600661204,5.3777077300919895,713800
2004-01-21,5.523238658905029,5.534788542669602,5.410048123732885,5.416978318351522,3247600
2004-01-22,5.544025897979736,5.55326615263084,5.493205819197442,5.544025897979736,543800
2004-01-23,5.495515823364258,5.571746161012205,5.486275568813191,5.571746161012205,567200
2004-01-26,5.463176250457764,5.516306400860691,5.428526171525406,5.507066585425235,1229000
2004-01-27,5.444698810577393,5.509379312286284,5.440078680326785,5.509379312286284,664800
2004-01-28,5.465487480163574,5.541717846313287,5.435457522843885,5.435457522843885,816600
2004-01-29,5.509377956390381,5.532478161358427,5.463177546454287,5.511688020947162,1412800
2004-01-30,5.500136375427246,5.541716646250076,5.465486296608107,5.530166766843582,410200
2004-02-02,5.467794895172119,5.541715161001306,5.465484831790015,5.541715161001306,453000
2004-02-03,5.516306400299072,5.516306400299072,5.451626370458498,5.474726569944271,480600
2004-02-04,5.4262166023254395,5.541717169698734,5.4077365291697,5.541717169698734,1511400
2004-02-05,5.3938751220703125,5.453935453692887,5.384634867697803,5.437765449140574,1305400
2004-02-06,5.440075874328613,5.451626193997463,5.393875917452149,5.440075874328613,816600
2004-02-09,5.472414493560791,5.47934424243848,5.43314430105573,5.47934424243848,3244000
2004-02-10,5.518617153167725,5.518617153167725,5.426216784290436,5.426216784290436,656800
2004-02-11,5.513998508453369,5.5440284687954335,5.467798094973489,5.500138120049527,391600
2004-02-12,5.497828960418701,5.546339446618798,5.497828960418701,5.507069220875812,509000
2004-02-13,5.490899085998535,5.527859245821675,5.465488810895179,5.520929050629889,515600
2004-02-17,5.532476425170898,5.54633636756233,5.497825908292883,5.520926106011685,939800
2004-02-18,5.550956726074219,5.564816669042045,5.527856527394746,5.527856527394746,576800
2004-02-19,5.513998508453369,5.576368493871472,5.497828055315553,5.567128675535375,1158400
2004-02-20,5.460866928100586,5.532477600299332,5.4423868541202,5.520927278686767,693000
2004-02-23,5.481656551361084,5.50475675181606,5.440076278662064,5.440076278662064,642200
2004-02-24,5.451626777648926,5.5116871245580725,5.433146704799934,5.5116871245580725,453600
2004-02-25,5.507066249847412,5.523236256323869,5.456246166550029,5.463175917554436,906200
2004-02-26,5.544025897979736,5.548646025305288,5.5001355695861776,5.5001355695861776,597000
2004-02-27,5.604088306427002,5.608708435463239,5.530168004246227,5.530168004246227,1003400
2004-03-01,5.631809711456299,5.659530052516241,5.60408981099623,5.650289791962969,720000
2004-03-02,5.60639762878418,5.659527783868405,5.604087564571861,5.659527783868405,959600
2004-03-03,5.604088306427002,5.643358522035508,5.5694382198547325,5.643358522035508,478800
2004-03-04,5.643357753753662,5.6479778821609194,5.611017736102254,5.6479778821609194,496400
2004-03-05,5.687244415283203,5.687244415283203,5.6294941693305285,5.636423916861227,1195400
2004-03-08,5.671077251434326,5.717277651117566,5.659527371813349,5.71034745898518,1093000
2004-03-09,5.63873815536499,5.666458487814436,5.627188273860901,5.652598101289845,474800
2004-03-10,5.574054718017578,5.664145420262361,5.574054718017578,5.629495353521831,577800
2004-03-11,5.493206977844238,5.611017605897296,5.493206977844238,5.601777349297205,2798200
2004-03-12,5.546336650848389,5.560196593947733,5.497826189101209,5.513996636750034,1639000
2004-03-15,5.53016471862793,5.571744974050616,5.516304339754039,5.550954846339273,3430600
2004-03-16,5.583296298980713,5.590226490217205,5.502445830286738,5.5440260965064745,1155800
2004-03-17,5.671077251434326,5.68031750761084,5.60177709250913,5.606397220597388,2148600
2004-03-18,5.645665645599365,5.682625777436389,5.606395450447588,5.6248755163660995,622200
2004-03-19,5.61259651184082,5.682462679676053,5.61259651184082,5.659173808998221,578800
2004-03-22,5.547389507293701,5.647531371761631,5.538074222612108,5.647531371761631,944800
2004-03-23,5.545057773590088,5.605608648123228,5.538071424658149,5.605608648123228,928200
2004-03-24,5.556704998016357,5.5869802271819555,5.524100392532195,5.5869802271819555,821600
2004-03-25,5.566017150878906,5.586977083970182,5.542728286977696,5.568346081688841,1280600
2004-03-26,5.584649085998535,5.600951160192978,5.566018080605143,5.589306948396436,1013600
2004-03-29,5.619585037231445,5.621913969620495,5.559034571909885,5.603282954706531,13357800
2004-03-30,5.640544414520264,5.647531210981351,5.589309239734121,5.600953456304212,811000
2004-03-31,5.663834095001221,5.675478757420936,5.624243131171095,5.647532011812072,1374800
2004-04-01,5.6801347732543945,5.694108364701796,5.661503762189535,5.6754773536369365,788000
2004-04-02,5.652188301086426,5.696436673350608,5.6428725737476535,5.682463526540778,2592600
2004-04-05,5.668489933013916,5.696436224431211,5.6475299923517985,5.696436224431211,1275800
2004-04-06,5.670818328857422,5.684791473245816,5.649858390175706,5.659173671701884,1375400
2004-04-07,5.61259651184082,5.682462679676053,5.61259651184082,5.682462679676053,2013200
2004-04-08,5.607941627502441,5.663834680297662,5.598626340802487,5.6428747299746425,664600
2004-04-12,5.519443035125732,5.631229112972729,5.505469442246067,5.6125980999982295,2081800
2004-04-13,5.419301986694336,5.519443863027682,5.382039955156131,5.512457065539849,5355200
2004-04-14,5.426286220550537,5.444917229042622,5.344775836021589,5.356420049754787,4540000
2004-04-15,5.456562519073486,5.49615347223025,5.414642634060638,5.414642634060638,3260200
2004-04-16,5.475192546844482,5.4821793411585,5.4495747452246714,5.454232608100683,841400
2004-04-19,5.4402594566345215,5.479850402632909,5.437930525199528,5.449574738176244,527600
2004-04-20,5.379709243774414,5.477522155268432,5.379709243774414,5.475193223542586,2492000
2004-04-21,5.421628952026367,5.421628952026367,5.3680644124517105,5.3680644124517105,1051000
2004-04-22,5.482179641723633,5.484508129091047,5.291211251121425,5.433272967240666,967600
2004-04-23,5.484508514404297,5.496153173050848,5.440260144142328,5.484508514404297,783800
2004-04-26,5.500812530517578,5.542731980435463,5.470536854012049,5.472865786373892,1133600
2004-04-27,5.510128974914551,5.542733146442328,5.475195870535001,5.484511157743571,1321600
2004-04-28,5.514786243438721,5.521772597038987,5.470537412443649,5.470537412443649,1540000
2004-04-29,5.428616046905518,5.5334157645709805,5.42395862716355,5.503140093157245,1344000
2004-04-30,5.421628952026367,5.49615298806275,5.361078061697233,5.398340079715425,1931000
2004-05-03,5.45889139175415,5.470535606710013,5.405326848041532,5.470535606710013,1108800
2004-05-04,5.47985315322876,5.505470523475747,5.428617524337834,5.456564271387291,1966800
2004-05-05,5.442589282989502,5.489166586753282,5.433273555717752,5.475193440043981,1068000
2004-05-06,5.461221218109131,5.463549706123038,5.389025652122819,5.421630258896715,4005600
2004-05-07,5.295869827270508,5.4449179139558685,5.267923533116171,5.4449179139558685,4308600
2004-05-10,5.221343994140625,5.274908076407535,5.181753054161129,5.260934934120121,3753200
2004-05-11,5.207374572753906,5.263267626039822,5.1794278240116975,5.228334523260937,2910800
2004-05-12,5.202715873718262,5.216689023751427,5.13983603227137,5.170111708908065,4191800
2004-05-13,5.2236738204956055,5.235318033697763,5.15613614016796,5.15613614016796,2026400
2004-05-14,5.251620292663574,5.291211240806596,5.177096259499834,5.177096259499834,4348200
2004-05-17,5.195728302001953,5.235319258025566,5.1840840860766875,5.21203038197667,1825600
2004-05-18,5.239977836608887,5.286555595058113,5.239977836608887,5.279568798031201,1141200
2004-05-19,5.202715873718262,5.288884150487619,5.202715873718262,5.244635768016189,1320800
2004-05-20,5.256277561187744,5.281895361264209,5.214357686225611,5.214357686225611,1252800
2004-05-21,5.249293804168701,5.293542188085002,5.232991277032835,5.2516222924182365,801400
2004-05-24,5.321488857269287,5.333133075144462,5.281897894615878,5.298199977320499,1274600
2004-05-25,5.416970729827881,5.423957524317747,5.298197888689726,5.326144622450929,1699400
2004-05-26,5.419301986694336,5.46820823651381,5.38902630844551,5.426288339983715,1494000
2004-05-27,5.475192546844482,5.498481417026288,5.414641662051089,5.4495747452246714,1467600
2004-05-28,5.4868388175964355,5.503140899578086,5.43094577471717,5.449576789010258,1001200
2004-06-01,5.47985315322876,5.510128388683736,5.451906406179302,5.493826304654251,741800
2004-06-02,5.489166259765625,5.510126200680164,5.414642222824288,5.465877387171882,472800
2004-06-03,5.43094539642334,5.50779838055392,5.43094539642334,5.50779838055392,1417000
2004-06-04,5.449575901031494,5.472864776152664,5.430944889774227,5.430944889774227,880800
2004-06-07,5.496153831481934,5.496153831481934,5.437931863869198,5.463549227563916,992400
2004-06-08,5.444918632507324,5.489167455655817,5.435603347959344,5.46354964580168,2149000
2004-06-09,5.409982204437256,5.46354627912718,5.398337994877923,5.398337994877923,1660400
2004-06-10,5.447244644165039,5.447244644165039,5.402996288938605,5.402996288938605,858000
2004-06-14,5.409982204437256,5.440257860008515,5.398337994877923,5.398337994877923,1277000
2004-06-15,5.43327522277832,5.484510405898172,5.402999988252604,5.4193020717817175,1319000
2004-06-16,5.4635491371154785,5.472864864994509,5.423958626224662,5.451904921465045,1427600
2004-06-17,5.500812530517578,5.514785680490206,5.451905839315734,5.454234771677577,2386400
2004-06-18,5.530176639556885,5.53252551304997,5.473793817802785,5.492587942358393,2819000
2004-06-21,5.567767143249512,5.591259472391423,5.520781588790778,5.560719175654465,4804400
2004-06-22,5.546620845794678,5.584209090861934,5.534874239156643,5.577161126879114,851600
2004-06-23,5.58890962600708,5.598306466412194,5.5395747575962515,5.5395747575962515,1074800
2004-06-24,5.607703685760498,5.619449848143903,5.588909557094627,5.5959570752897205,593000
2004-06-25,5.574813365936279,5.619449587479991,5.565416526082912,5.617100265494812,756200
2004-06-28,5.600654602050781,5.6499890119228615,5.579511155509237,5.579511155509237,1107200
2004-06-29,5.558368682861328,5.603004905390649,5.520780426443172,5.600655583353594,1472000
2004-06-30,5.581860065460205,5.586558708364521,5.5066835713401625,5.548970461304499,1510000
2004-07-01,5.516080379486084,5.607702123279984,5.499635577496402,5.607702123279984,591400
2004-07-02,5.5724639892578125,5.591258116867436,5.476144029247575,5.478493351209695,927000
2004-07-06,5.563067436218262,5.591258405041991,5.546622629723191,5.567766080384674,786800
2004-07-07,5.574813365936279,5.579512009906639,5.532526466377748,5.556019238142193,1242200
2004-07-08,5.553668022155762,5.58185942827628,5.5325245795871725,5.5325245795871725,1739800
2004-07-09,5.541924476623535,5.591258900480242,5.511383734923032,5.5466231212062915,1874400
2004-07-12,5.553668022155762,5.553668022155762,5.523127742938466,5.527826385306419,919600
2004-07-13,5.541924476623535,5.567766573741283,5.5254796686712995,5.567766573741283,1047200
2004-07-14,5.591256618499756,5.607701867827541,5.523128092204987,5.523128092204987,842800
2004-07-15,5.617101192474365,5.631196678624243,5.581862253055958,5.603005706324487,798200
2004-07-16,5.657038688659668,5.661737333332362,5.626498394461994,5.631196591047269,898800
2004-07-19,5.68287992477417,5.6946260865878235,5.65468850909911,5.6664351190001145,1535200
2004-07-20,5.694626331329346,5.706372941735191,5.666435362530056,5.68288016901087,965200
2004-07-21,5.605352401733398,5.708719849172297,5.598304437917794,5.706370975987645,897800
2004-07-22,5.567767143249512,5.593608794923105,5.534877075893416,5.577163985288784,621600
2004-07-23,5.534875869750977,5.586560058010222,5.527828351779158,5.586560058010222,535000
2004-07-26,5.520780563354492,5.565416786990759,5.506685078869966,5.527828529640441,1523800
2004-07-27,5.513732433319092,5.567765943731912,5.492588983176545,5.567765943731912,1646800
2004-07-28,5.586559295654297,5.586559295654297,5.509033471932156,5.563066526750282,1016800
2004-07-29,5.626497268676758,5.654688234897458,5.6030044981012885,5.617099981211639,2930600
2004-07-30,5.666433334350586,5.666433334350586,5.579510240809083,5.579510240809083,1599400
2004-08-02,5.708723545074463,5.715771513453014,5.649991819515724,5.687580088026316,2224200
2004-08-03,5.696974277496338,5.725165687574303,5.678180153473449,5.725165687574303,1795200
2004-08-04,5.746309757232666,5.7486590791847965,5.66173640739268,5.711070824125393,1229200
2004-08-05,5.678179740905762,5.74865758884897,5.678179740905762,5.708720022191224,4024800
2004-08-06,5.7204670906066895,5.767452176998595,5.628845343181033,5.631194664713718,3563200
2004-08-09,5.7063751220703125,5.767455727169372,5.696977830155047,5.767455727169372,1292800
2004-08-10,5.748660087585449,5.7510094099496865,5.6946270174702684,5.72751663439474,2030000
2004-08-11,5.772150039672852,5.772150039672852,5.685227395151718,5.741609760051503,938600
2004-08-12,5.769803047180176,5.802693109378387,5.746310273634992,5.802693109378387,1329600
2004-08-13,5.748660087585449,5.795645638695342,5.7228184377536895,5.783899474961581,908800
2004-08-16,5.774500370025635,5.781548334902495,5.640592173976272,5.640592173976272,548800
2004-08-17,5.772150039672852,5.821484889014666,5.751006596824531,5.814436925369492,1041600
2004-08-18,5.8097405433654785,5.847328801256662,5.7768509297325386,5.802693025065494,962600
2004-08-19,5.781550884246826,5.828535993215214,5.7792015615852845,5.816789827994987,3975400
2004-08-20,5.80504035949707,5.816786967027247,5.753356630626073,5.812088324015177,656800
2004-08-23,5.793294906616211,5.83323248091516,5.793294906616211,5.828533837330033,842400
2004-08-24,5.80504035949707,5.83558109098827,5.781548040611237,5.83558109098827,890200
2004-08-25,5.8285346031188965,5.837931891523824,5.795644989876398,5.833233247321361,911000
2004-08-26,5.8285346031188965,5.847328731841378,5.809740474396415,5.847328731841378,711800
2004-08-27,5.8261847496032715,5.8520268422723545,5.802692426908467,5.8520268422723545,1057200
2004-08-30,5.840281009674072,5.849677849663475,5.807390949492768,5.8261850775589314,1087000
2004-08-31,5.896663188934326,5.896663188934326,5.816788035407349,5.8637731298961135,1687200
2004-09-01,5.877869129180908,5.915457384439532,5.877869129180908,5.903710774616619,1482400
2004-09-02,5.931899547576904,5.93659818941293,5.880215831642063,5.915454749237962,857800
2004-09-03,5.9107584953308105,5.988284324596852,5.884916402879687,5.967140875879992,1170600
2004-09-07,5.9530463218688965,5.957744966336487,5.910759417835372,5.910759417835372,1078200
2004-09-08,5.896663188934326,5.950696249235709,5.875519739583812,5.950696249235709,2896600
2004-09-09,5.922506332397461,5.945999109628913,5.891966035657793,5.891966035657793,1910400
2004-09-10,5.9342522621154785,5.948347747597193,5.889616035321411,5.9037115208031254,1039400
2004-09-13,5.887263298034668,5.953042938938208,5.880215783425565,5.953042938938208,611200
2004-09-14,5.877869129180908,5.913108062474949,5.8755198072163255,5.894313934845638,1099000
2004-09-15,5.889616966247559,5.910760421855814,5.854378022929623,5.908411099222955,2477200
2004-09-16,5.9248552322387695,5.945998685429916,5.877870129215331,5.877870129215331,2232600
2004-09-17,5.960151195526123,5.986209235004327,5.926986746613303,5.98147132749343,817800
2004-09-20,5.938833236694336,5.962522331085395,5.934095327449746,5.945940100561223,506000
2004-09-21,5.971996784210205,5.981472601249878,5.931725917287075,5.936463373975086,783200
2004-09-22,5.945937633514404,5.964888810797783,5.919879595312868,5.938830772596247,1283800
2004-09-23,5.886715412139893,5.953044309691796,5.886715412139893,5.945937900286507,603600
2004-09-24,5.889084815979004,5.910404949487788,5.870133636396948,5.881977954198822,2289600
2004-09-27,5.8961896896362305,5.912771910970952,5.867763153585749,5.886714328229951,1899000
2004-09-28,5.934090614318848,5.9577796898949416,5.922246302446569,5.938828519800373,1182000
2004-09-29,5.9222493171691895,5.945938404804219,5.893822321640801,5.9340936350708215,1103800
2004-09-30,5.934090614318848,5.953041784413416,5.900926179611239,5.91513944422428,3325200
2004-10-01,5.981468677520752,6.000419847336665,5.934090527065203,5.936459479771134,808600
2004-10-04,6.005160331726074,6.040693733912153,5.993315563109565,6.038324780188852,1293800
2004-10-05,6.031217098236084,6.040692911839736,5.998052654286625,5.998052654286625,1217000
2004-10-06,6.054908752441406,6.05964666125582,6.012268476775392,6.028851157625839,1233600
2004-10-07,6.021742820739746,6.073858449448793,6.019373866912279,6.062014132143201,2245200
2004-10-08,6.047800064086914,6.090439871867414,6.0098977115053485,6.035955296510373,1482600
2004-10-11,6.031217098236084,6.073857355789195,6.028848596666832,6.073857355789195,683200
2004-10-12,6.080962181091309,6.083331133699487,5.995681694522892,5.995681694522892,1771600
2004-10-13,6.000421047210693,6.09043900887884,5.976731967245933,6.088070507530821,2048600
2004-10-14,6.012266635894775,6.026480357985952,5.983840095375852,6.026480357985952,1065800
2004-10-15,6.059642791748047,6.076225010177729,6.014633590416364,6.040691620423901,1248200
2004-10-18,6.017006874084473,6.076229383577099,6.017006874084473,6.076229383577099,1094400
2004-10-19,6.007529258728027,6.062013838626452,5.988578080857631,6.002791351302498,1660600
2004-10-20,6.014634132385254,6.031216352309133,5.969625378829471,6.002789818677228,1933600
2004-10-21,6.040692329406738,6.047799188924246,6.007527888654936,6.028848015375843,673400
2004-10-22,6.078597068786621,6.092810341583773,6.026481433975869,6.076228114681797,1798800
2004-10-25,6.170981407165527,6.175719313369334,6.064381228569512,6.064381228569512,1775200
2004-10-26,6.232573986053467,6.249156209004777,6.159138233626941,6.204147447231703,1374000
2004-10-27,6.225470066070557,6.289430029905162,6.201780973027581,6.289430029905162,2545200
2004-10-28,6.189933776855469,6.227836581982103,6.144925014712531,6.19467168397526,2034600
2004-10-29,6.223098278045654,6.239680500075862,6.180458020349882,6.218360371227977,2271400
2004-11-01,6.2728471755981445,6.27995403835281,6.223100491810957,6.258633901920637,3091000
2004-11-02,6.149662971496582,6.291797033859287,6.147294469575231,6.291797033859287,2294200
2004-11-03,6.279952049255371,6.291796364929782,6.225467474222391,6.265738780079742,1607400
2004-11-04,6.405505180358887,6.422087406418006,6.265740058100918,6.3131177822938636,1970400
2004-11-05,6.381813049316406,6.467093092932465,6.329696990173282,6.462355639054365,5742200
2004-11-08,6.44340705871582,6.452882422113292,6.3723397999919635,6.3723397999919635,5159000
2004-11-09,6.445775032043457,6.476570977180931,6.42682385497105,6.476570977180931,3365200
2004-11-10,6.44340705871582,6.467095693125367,6.407873203438022,6.445775560691384,3991200
2004-11-11,6.512103080749512,6.52631634776515,6.429191528133671,6.459987467137767,6062400
2004-11-12,6.5902791023254395,6.592648056320456,6.504998565831914,6.526318699955296,3411800
2004-11-15,6.557115077972412,6.602124303151468,6.528688080008848,6.597386394852241,1151000
2004-11-16,6.545269012451172,6.5902782287265875,6.538162603239911,6.545269012451172,2084000
2004-11-17,6.490782737731934,6.5902765071848055,6.474200518128387,6.552374161853387,1730600
2004-11-18,6.490782737731934,6.523947628770622,6.469462612004061,6.469462612004061,4391400
2004-11-19,6.467092990875244,6.533422314269042,6.441035413546454,6.533422314269042,3828000
2004-11-22,6.568958282470703,6.573696189966149,6.4836782067113115,6.4907846161227525,1290600
2004-11-23,6.609230041503906,6.628181220941375,6.55948336491746,6.609230041503906,1944600
2004-11-24,6.632918834686279,6.6660832842735545,6.616336609892642,6.621074517499892,1996600
2004-11-26,6.658976078033447,6.677927254363445,6.644762356912186,6.668451440282604,736400
2004-11-29,6.571327209472656,6.692141139124445,6.552376031399732,6.692141139124445,2376600
2004-11-30,6.500260353088379,6.580802972217266,6.493153491930516,6.5594828405754,3941600
2004-12-01,6.44340705871582,6.4907847793666535,6.412611111052628,6.467095693125367,3187600
2004-12-02,6.362863063812256,6.443405668556586,6.336805029385666,6.3960275062958125,7479600
2004-12-03,6.410243034362793,6.426825261451127,6.348651582440549,6.348651582440549,3010400
2004-12-06,6.469465255737305,6.47894107185823,6.3889226260365675,6.426824986856705,1342400
2004-12-07,6.419718265533447,6.486047167838862,6.414980357702557,6.4789407579242875,1283200
2004-12-08,6.386551380157471,6.429191633736383,6.3676002065481345,6.3841828788089705,1543200
2004-12-09,6.388919830322266,6.405502501277508,6.353386439081343,6.396026689303084,2819200
2004-12-10,6.4126105308532715,6.4339306613582545,6.35812595371018,6.360494907303145,1574000
2004-12-13,6.5073652267456055,6.514472086226324,6.410240406333851,6.443405298745593,2880000
2004-12-14,6.531057357788086,6.573697630930457,6.488417084645715,6.561853311427277,3310800
2004-12-15,6.561849594116211,6.5760628598345265,6.51447143927973,6.561849594116211,1084400
2004-12-16,6.564218521118164,6.604489819792638,6.533423034758436,6.5973834123881785,4399800
2004-12-17,6.581442832946777,6.588617078866707,6.5288292634281895,6.536003965492951,1950400
2004-12-20,6.617313861846924,6.677101663108227,6.579049705531267,6.579049705531267,1253200
2004-12-21,6.686666011810303,6.686666011810303,6.629269789888776,6.66035969518666,1220400
2004-12-22,6.701012134552002,6.7201441991758255,6.684271635024206,6.691445874167889,4668800
2004-12-23,6.698622226715088,6.732103234053981,6.679490157357933,6.732103234053981,1457200
2004-12-27,6.655572891235352,6.74405896964308,6.646007087597539,6.74405896964308,1644800
2004-12-28,6.67231559753418,6.684273426218677,6.638834589506634,6.662749790731105,1148400
2004-12-29,6.691449165344238,6.703406996705815,6.662751282365704,6.686666032799607,1410200
2004-12-30,6.693840026855469,6.722538362957123,6.69144846083495,6.701014724917027,1260200
2004-12-31,6.6603593826293945,6.720147168010009,6.6603593826293945,6.720147168010009,1350200
2005-01-03,6.5838303565979,6.708188589660719,6.571872527167642,6.648400810943086,4052800
2005-01-04,6.538392066955566,6.612528791080138,6.528825802606801,6.576656212061447,2575200
2005-01-05,6.4355597496032715,6.552743800967216,6.4355597496032715,6.552743800967216,2863800
2005-01-06,6.46903657913208,6.488168647427047,6.433164008097078,6.433164008097078,1544400
2005-01-07,6.46903657913208,6.538390611791641,6.459470773056841,6.516866977941742,735600
2005-01-10,6.502523422241211,6.524047073904072,6.449909848778723,6.449909848778723,4130400
2005-01-11,6.483387470245361,6.507302219030458,6.442731758708267,6.4809959041379335,724600
2005-01-12,6.502523422241211,6.514480803767304,6.442735602321013,6.476216635509967,394400
2005-01-13,6.533608913421631,6.586222454878657,6.507302142693118,6.524043105248728,1750400
2005-01-14,6.588613510131836,6.605354472548506,6.524043051103019,6.5814392680978475,1598200
2005-01-18,6.64600944519043,6.6507921206337475,6.5407828309803575,6.576655405600179,1188400
2005-01-19,6.617313861846924,6.672318529532589,6.617313861846924,6.672318529532589,2247200
2005-01-20,6.5957865715026855,6.638833837602362,6.569479807520779,6.569479807520779,1616000
2005-01-21,6.569481372833252,6.6197033472974365,6.567089806797378,6.569481372833252,6548800
2005-01-24,6.626874923706055,6.65796481352242,6.56947873036553,6.5957854900340855,1772800
2005-01-25,6.588613510131836,6.665142255602858,6.579047702038324,6.629269220854579,2205400
2005-01-26,6.684274196624756,6.691448438517809,6.588613380701339,6.600571210764055,2795200
2005-01-27,6.717756271362305,6.727322080781358,6.643619537822218,6.705798895552327,2358000
2005-01-28,6.724930286407471,6.724930286407471,6.660359368855239,6.674708309596424,740000
2005-01-31,6.801457405090332,6.801457405090332,6.736886498678591,6.753627002679148,1918400
2005-02-01,6.846898078918457,6.863639044670748,6.787110283951446,6.815808626239269,3780000
2005-02-02,6.873203754425049,6.9042936582721195,6.84689698288439,6.9042936582721195,3402800
2005-02-03,6.892335414886475,6.90429324493663,6.8253733911839065,6.90429324493663,3504400
2005-02-04,6.9593000411987305,6.978432119035333,6.911469618534866,6.935384829866798,1476000
2005-02-07,6.944949150085449,7.019085873902574,6.935382885776355,7.0071280435162056,1742800
2005-02-08,6.985607624053955,6.995173892771351,6.9545181630120165,6.987999191233304,2912600
2005-02-09,6.944949150085449,6.992779103197154,6.944949150085449,6.980821728955374,3361400
2005-02-10,6.952124118804932,6.990388267751479,6.935383610658897,6.952124118804932,7394800
2005-02-11,6.956908226013184,7.016696024135577,6.918644071706429,6.995172380319939,5149200
2005-02-14,7.019084930419922,7.033433868810237,6.942556650812207,7.0023444262738,2036400
2005-02-15,7.007127285003662,7.066915062029784,6.997561477874642,7.066915062029784,1690200
2005-02-16,7.026259899139404,7.045391971022534,6.959297875620739,7.03104303114633,2099200
2005-02-17,7.011912822723389,7.074092186904262,6.992780745755789,7.074092186904262,2468200
2005-02-18,6.937774658203125,6.992779311182647,6.916251019012076,6.9903877450342415,2133800
2005-02-22,6.772759914398193,6.947340129456982,6.7560194083164715,6.947340129456982,8505200
2005-02-23,6.808632850646973,6.842114320715724,6.791892343684899,6.799067042159189,3474400
2005-02-24,6.861246109008789,6.870811917099473,6.796675193854485,6.827764640329936,3999200
2005-02-25,6.995170593261719,7.016694231578706,6.863637653453092,6.887552401676782,7096200
2005-02-28,6.947340488433838,7.026260347000248,6.9210341730081035,7.011911406209429,3939400
2005-03-01,6.966472625732422,7.014303037002047,6.935383177708391,6.959298383343203,2960200
2005-03-02,6.9593000411987305,7.002347330367265,6.925818562876139,6.995172630124271,5140800
2005-03-03,6.995170593261719,7.0119110994761344,6.935382810413328,6.995170593261719,4624600
2005-03-04,7.105180263519287,7.114746528220928,7.0071283310505,7.040609801361637,3420400
2005-03-07,7.155402183532715,7.169751124325502,7.114746471165983,7.114746471165983,2259000
2005-03-08,7.107573509216309,7.167361309295618,7.088441431436718,7.167361309295618,3523800
2005-03-09,6.98082160949707,7.143444450812101,6.973646911388026,7.143444450812101,7904600
2005-03-10,7.026259899139404,7.047783537025996,6.942557369741072,6.995170453383534,4798600
2005-03-11,6.995170593261719,7.064524640315252,6.978430087047303,7.031043171741836,3512800
2005-03-14,7.102788925170898,7.107571601223373,6.985604467065698,6.999953863656901,1106600
2005-03-15,7.071698188781738,7.155401167789399,7.071698188781738,7.1051791979269865,5102200
2005-03-16,7.007127285003662,7.09083026406914,6.971254710016896,7.066915062029784,7517600
2005-03-17,7.047783851623535,7.069307490470895,7.011911272259467,7.019085970590118,1667200
2005-03-18,7.026580810546875,7.096461293357176,6.980797061795538,7.096461293357176,2703800
2005-03-21,7.024170398712158,7.060315266433826,7.004893105286806,7.060315266433826,1853800
2005-03-22,6.881997585296631,7.053083901915758,6.87476889024959,7.031396897561126,7424200
2005-03-23,6.848266124725342,6.886820717689877,6.778385637722745,6.886820717689877,13146000
2005-03-24,6.920555114746094,6.949471286110498,6.867542670119464,6.879590806750577,4757400
2005-03-28,6.932602405548096,6.980795402604571,6.925373249166535,6.963927830654461,1636000
2005-03-29,6.845850944519043,6.963924348740795,6.836212533769633,6.963924348740795,2611400
2005-03-30,6.956699371337891,6.956699371337891,6.848264319947515,6.886818902751453,2348600
2005-03-31,7.024170398712158,7.033809275228299,6.915735795547152,6.983206092732419,1538600
2005-04-01,7.04826545715332,7.108507042257195,6.992843309163392,7.0844103162942815,3409600
2005-04-04,7.067544937133789,7.106099526784696,7.002483894745271,7.106099526784696,3349000
2005-04-05,7.108505725860596,7.11332516208205,7.053083588134079,7.060312282859525,2446000
2005-04-06,7.086820602416992,7.15429134859535,7.08441088366703,7.127784901952628,1521200
2005-04-07,7.151883125305176,7.161521542713561,7.09405124203401,7.108509097950063,2021000
2005-04-08,7.096457004547119,7.180794833372681,7.081998697085568,7.180794833372681,2119600
2005-04-11,7.1663384437561035,7.185615731354102,7.0892292933641095,7.139832000956309,2937000
2005-04-12,7.233809471130371,7.253086759503793,7.101277711407139,7.2048933087668345,1536200
2005-04-13,7.1832051277160645,7.253085573901189,7.171156996804639,7.253085573901189,1356400
2005-04-14,7.115734577178955,7.183204842979244,7.108505423154618,7.1591081225048345,1567800
2005-04-15,6.990433216094971,7.139832081768738,6.9783846239556055,7.094048810459536,2339800
2005-04-18,7.016939163208008,7.050674299600098,6.939829557786887,6.985613285466698,1978800
2005-04-19,7.115734577178955,7.120553553588465,6.988022280389285,7.036215721338104,1609600
2005-04-20,7.0530853271484375,7.132604205981728,7.050675608443568,7.132604205981728,1558800
2005-04-21,7.115734577178955,7.13983083804665,7.014528718871808,7.014528718871808,7696400
2005-04-22,7.1615214347839355,7.168750592436489,7.10368955238434,7.144653859868256,3618000
2005-04-25,7.209713459014893,7.221761593087643,7.168749159717944,7.20489402154305,1294600
2005-04-26,7.118145942687988,7.22417080194419,7.118145942687988,7.22417080194419,2495800
2005-04-27,7.171156883239746,7.2048920169428845,7.065131586392663,7.1566990344536485,1151400
2005-04-28,7.139832496643066,7.204893519155755,7.115736230177765,7.20248380058786,4466000
2005-04-29,7.241036891937256,7.243446610010456,7.120553745917623,7.120553745917623,1881000
2005-05-02,7.260313987731934,7.301278274695459,7.238627444851682,7.282000990218901,2191400
2005-05-03,7.224174499511719,7.301283694658431,7.202487480925823,7.301283694658431,4590600
2005-05-04,7.231400966644287,7.272365268765768,7.178388529619323,7.272365268765768,2991400
2005-05-05,7.202484130859375,7.277184031069022,7.135013846291749,7.277184031069022,2096200
2005-05-06,7.185620307922363,7.2265846276094,7.178391607723351,7.180800868051634,2999200
2005-05-09,7.245859146118164,7.248268865128543,7.139833807695995,7.185617549679394,6276200
2005-05-10,7.192846298217773,7.253087891235331,7.185617141597189,7.253087891235331,1676200
2005-05-11,7.226581573486328,7.238630168071134,7.159110822632084,7.22899129240329,1370600
2005-05-12,7.144651412963867,7.248267005796085,7.142241694571631,7.248267005796085,1563000
2005-05-13,7.028988838195801,7.216942767091124,6.915734812865399,7.12296557284003,4103000
2005-05-16,7.074772357940674,7.074772357940674,6.992843760147105,7.031398340331508,5991000
2005-05-17,7.15670108795166,7.166339503372402,7.050675760682348,7.108507632027376,1534400
2005-05-18,7.159110069274902,7.219351657039007,7.151881372891587,7.202484086002152,2534800
2005-05-19,7.200073719024658,7.2097125928102885,7.1567001658097205,7.185615867953013,978400
2005-05-20,7.197662830352783,7.209710960249853,7.1109148243524505,7.1109148243524505,1737000
2005-05-23,7.171156883239746,7.197663322353199,7.144650444126294,7.161518010977863,1258400
2005-05-24,7.171156883239746,7.192843886222257,7.144650444126294,7.175976319370688,904400
2005-05-25,7.190435409545898,7.2000738238650746,7.149471114574088,7.188025691064404,797600
2005-05-26,7.209713459014893,7.226581030559485,7.161520003510181,7.161520003510181,1760600
2005-05-27,7.238630294799805,7.245858992070354,7.1928465537897734,7.209714126896918,2850200
2005-05-31,7.236220836639404,7.284413838738599,7.216943543878344,7.257907848446461,3087000
2005-06-01,7.330197811126709,7.363932959614094,7.241040042058284,7.26272705454501,4260200
2005-06-02,7.320559501647949,7.349475673738904,7.313330803330433,7.349475673738904,2777000
2005-06-03,7.3446526527404785,7.3591109615373425,7.282001360107618,7.330194803550354,2327800
2005-06-06,7.337425708770752,7.349473842702936,7.301280387760505,7.349473842702936,1858400
2005-06-07,7.354295253753662,7.436223873378456,7.3374276778792,7.3374276778792,6210600
2005-06-08,7.368752956390381,7.416946423259815,7.351885380868168,7.3735723949987175,2055400
2005-06-09,7.375980854034424,7.375980854034424,7.313329541651619,7.36152254067978,1989000
2005-06-10,7.4024858474731445,7.426582573551188,7.366340988159491,7.371160425296464,2473200
2005-06-13,7.433812141418457,7.445860275322067,7.371160833984622,7.421763547908,956400
2005-06-14,7.453089237213135,7.48441466031034,7.426582791787691,7.441040644016645,2369600
2005-06-15,7.416944980621338,7.469957416180922,7.3735709607967355,7.4482704062686205,1037800
2005-06-16,7.404895305633545,7.457908193062298,7.363931010623511,7.457908193062298,2318200
2005-06-17,7.4994001388549805,7.5188349112112896,7.426519394997679,7.462959535245568,1842400
2005-06-20,7.513972759246826,7.518831566014557,7.445950854582548,7.516402162630691,2707800
2005-06-21,7.523688793182373,7.538265211322961,7.494536883623694,7.494536883623694,1493200
2005-06-22,7.591711521148682,7.754477834696561,7.506684259439557,7.754477834696561,3799000
2005-06-23,7.613575458526611,7.6524449832775305,7.574705933775691,7.603857845658239,2717600
2005-06-24,7.560132026672363,7.637871097241924,7.552843815045938,7.628153481740024,1816600
2005-06-27,7.606288909912109,7.608718313659728,7.535838054676719,7.57713699166346,1812800
2005-06-28,7.681600570678711,7.684029511550211,7.6062904295408025,7.637872221208049,2219600
2005-06-29,7.659733772277832,7.720467467214937,7.637869605031568,7.720467467214937,4702600
2005-06-30,7.667023181915283,7.730186293951818,7.659735433493535,7.691316757831093,4616400
2005-07-01,7.737472057342529,7.747189206617173,7.66945015897493,7.7034608764780925,1279200
2005-07-05,7.752049922943115,7.781201841310987,7.693745622845984,7.730185752486518,2177800
2005-07-06,7.620863437652588,7.776341068591901,7.620863437652588,7.752047963878388,2426600
2005-07-07,7.681600570678711,7.693747128482126,7.530980751764373,7.569850292769077,4351600
2005-07-08,7.771482467651367,7.771482467651367,7.676738065002638,7.6961728261449736,2970600
2005-07-11,7.815213203430176,7.829789627162166,7.771485322318483,7.79820783910428,2863400
2005-07-12,7.837074279785156,7.866227115732883,7.800634624934226,7.858938443384709,3862200
2005-07-13,7.858942985534668,7.875948352971345,7.8297910594607965,7.856514044496437,3888000
2005-07-14,7.7812018394470215,7.919674610064711,7.737473961905689,7.905099114245655,3005400
2005-07-15,7.778769016265869,7.810350785981024,7.749616649095045,7.781197955449044,2163600
2005-07-18,7.773913860321045,7.795778030122108,7.7569084978894125,7.778772667690475,2093200
2005-07-19,7.7812018394470215,7.798207202384438,7.742332769419633,7.776343031933077,2161200
2005-07-20,7.822500228881836,7.8273590357677705,7.730184751494393,7.795777254370524,1889200
2005-07-21,7.681600570678711,7.834649330464549,7.652448183244443,7.834649330464549,7560600
2005-07-22,7.725327968597412,7.759339162348351,7.659735911897889,7.659735911897889,2408200
2005-07-25,7.727753162384033,7.8127804053940215,7.727753162384033,7.778769693534505,2857200
2005-07-26,7.75447940826416,7.790919538287979,7.73261523757759,7.766625963818302,6289600
2005-07-27,7.788489818572998,7.800636372911792,7.747190421753866,7.786059951671623,7921200
2005-07-28,7.837074279785156,7.841933085776444,7.754476894739476,7.795775818942937,5216200
2005-07-29,7.839507102966309,7.8856643872089425,7.829789487318543,7.8856643872089425,6117800
2005-08-01,7.737472057342529,7.892950615988289,7.725325041547633,7.883233003352371,3935800
2005-08-02,7.917246341705322,7.917246341705322,7.749621175136902,7.761768194952832,6515000
2005-08-03,7.939112186431885,8.016851276184314,7.868660846742794,7.917248009518824,10550600
2005-08-04,7.888094902038574,7.968262920906774,7.873518477370305,7.968262920906774,3349600
2005-08-05,7.752049922943115,7.885663886078868,7.703462774514812,7.885663886078868,5554600
2005-08-08,7.594143867492676,7.786062168175946,7.572279692769565,7.744763222961347,13951600
2005-08-09,7.674310207366943,7.674310207366943,7.6038588944379395,7.6038588944379395,4979800
2005-08-10,7.671882152557373,7.793350034713797,7.635442019591161,7.652447384084631,5640600
2005-08-11,7.718038558959961,7.749619878474355,7.645157842343026,7.701033197424414,2047800
2005-08-12,7.710748195648193,7.735041761071702,7.652443916648504,7.715607001405139,3078000
2005-08-15,7.739900588989258,7.747188334284322,7.691313458003126,7.722895232152478,2146000
2005-08-16,7.618434429168701,7.747189558920831,7.618434429168701,7.718037646409943,4025400
2005-08-17,7.611145973205566,7.640298348134922,7.5406951341149835,7.640298348134922,4702400
2005-08-18,7.640299320220947,7.652445874359522,7.5455544371669765,7.579565622805395,3405000
2005-08-19,7.686456680297852,7.693744890877126,7.650016554124165,7.693744890877126,1862200
2005-08-22,7.737472057342529,7.75690681925309,7.676738368451868,7.693743727203449,2365600
2005-08-23,7.800637245178223,7.817642608498611,7.742332943782007,7.754479499479028,6001600
2005-08-24,7.764194965362549,7.87594473626505,7.7496190090190264,7.8200698508138,3380800
2005-08-25,7.822500228881836,7.86622856413259,7.776342026826787,7.86622856413259,2616000
2005-08-26,7.810354709625244,7.846794376012741,7.776343056918357,7.824930205491131,1742800
2005-08-29,7.8419342041015625,7.854081684173356,7.742331447243434,7.786059317317256,3239200
2005-08-30,7.8297882080078125,7.858940123465136,7.766625106701821,7.822500460824152,1763800
2005-08-31,7.890523433685303,7.909958665568661,7.817643167568434,7.83707747272893,4233200
2005-09-01,8.014419555664062,8.026566110464874,7.871087984879949,7.871087984879949,5161400
2005-09-02,8.01684856414795,8.05328915558317,7.994984394631363,8.021707371454161,3962600
2005-09-06,8.092156410217285,8.1334548706148,8.045998217158328,8.0654334409142,4060600
2005-09-07,8.09702205657959,8.114027428371003,8.048434882865587,8.09702205657959,3086800
2005-09-08,8.026564598083496,8.109162452577575,8.009559239222,8.10430364622821,3081600
2005-09-09,8.121309280395508,8.143173446347546,8.041140362997172,8.05328784264365,6849800
2005-09-12,8.114026069641113,8.19905291436005,8.070297713293344,8.160183367242379,2375400
2005-09-13,8.043571472167969,8.14317470428649,8.043571472167969,8.14317470428649,3511800
2005-09-14,8.072724342346191,8.109164937773002,8.041142554757812,8.065436593949965,1405800
2005-09-15,8.148035049438477,8.155322798349603,8.114024318889351,8.121312067800476,3383400
2005-09-16,8.221708297729492,8.22415555235109,8.12380130608068,8.199679271294023,3313600
2005-09-19,8.197235107421875,8.26576946719061,8.189891473367636,8.226606842506959,2119800
2005-09-20,8.165412902832031,8.241289941755177,8.145831129103243,8.219261846875835,2863800
2005-09-21,8.023444175720215,8.175200051597061,7.954909866427404,8.160513728015772,5385800
2005-09-22,7.979388236999512,8.00876089188612,7.925540237127761,7.984283679480614,4635400
2005-09-23,7.998974800109863,8.01121294679093,7.9426785784083656,7.981841208014222,3701400
2005-09-26,8.065057754516602,8.082191337778635,8.013657004730504,8.04792417125457,1440400
2005-09-27,8.067506790161133,8.09198401001803,7.998972441982752,8.065059535030676,2001600
2005-09-28,8.150723457336426,8.167857035945497,8.08708458446131,8.116456300118285,3179800
2005-09-29,8.23149585723877,8.265763010355206,8.116455328596533,8.131141651522103,3830600
2005-09-30,8.224156379699707,8.268214437002879,8.189889209288433,8.236395455169761,2996600
2005-10-03,8.317169189453125,8.319617378399725,8.214367662748078,8.273111125519389,5137600
2005-10-04,8.172755241394043,8.334301132704507,8.158069845454206,8.248633210687716,5837200
2005-10-05,7.935329914093018,8.19967819667413,7.9206445208675,8.15072470726539,8687400
2005-10-06,7.830080509185791,7.940225157311071,7.697906838064442,7.905957995697214,15069600
2005-10-07,7.898617267608643,7.913303597835905,7.812948875370324,7.847216512378759,3483800
2005-10-10,7.759099960327148,8.00141832627743,7.734623211518941,7.964703903347846,4345400
2005-10-11,7.776233673095703,7.84721619912841,7.7566523670961915,7.783576371061045,4506400
2005-10-12,7.629372596740723,7.8251856298399805,7.604895850889541,7.7444126953296495,8781200
2005-10-13,7.467827796936035,7.600001496488402,7.409083878595521,7.563286605882476,17077800
2005-10-14,7.55349588394165,7.555943605464769,7.45558889043747,7.489856524905991,8394600
2005-10-17,7.636714935302734,7.6856679548599685,7.504540802102608,7.504540802102608,6898800
2005-10-18,7.509439945220947,7.680776298398748,7.472725045743938,7.680776298398748,4659800
2005-10-19,7.5290207862854,7.536363952464729,7.3748175645062295,7.4898581670394755,13618800
2005-10-20,7.330758094787598,7.54615244560106,7.291595485548786,7.4776176460055765,6448800
2005-10-21,7.428664684295654,7.4653795724283745,7.100677478847112,7.269566524483781,5301800
2005-10-24,7.619581699371338,7.629372584438061,7.377262896231093,7.377262896231093,4865800
2005-10-25,7.629372596740723,7.693011949211756,7.553495104771647,7.575524129352201,8672800
2005-10-26,7.536362648010254,7.661193183465434,7.516780874921416,7.661193183465434,8892200
2005-10-27,7.450695037841797,7.575526053215027,7.443351872165061,7.494753098191786,4434600
2005-10-28,7.600002288818359,7.617136341952236,7.409084651021568,7.409084651021568,6898400
2005-10-31,7.697908878326416,7.732176049022479,7.624478626592468,7.695461156583098,5210200
2005-11-01,7.546150207519531,7.722381896826354,7.538807045394459,7.722381896826354,6676200
2005-11-02,7.575525283813477,7.587763425176533,7.467827865768943,7.519228619719981,9907400
2005-11-03,7.570629119873047,7.629373033163148,7.533914232423624,7.541256929800435,7871200
2005-11-04,7.560842037200928,7.653853630168125,7.543708445563644,7.563289759842734,5804600
2005-11-07,7.541255950927734,7.734621715573219,7.51677920685355,7.734621715573219,8340400
2005-11-08,7.538809776306152,7.595106439281693,7.489856744970883,7.5020948860909105,3496200
2005-11-09,7.604896068572998,7.65140184033592,7.502094106539498,7.502094106539498,6465400
2005-11-10,7.568182945251465,7.634270036280412,7.472724125002019,7.590211975594447,5773000
2005-11-11,7.499643325805664,7.582863950019846,7.46537617472509,7.563282654137387,3694600
2005-11-14,7.450695037841797,7.531467992865038,7.443351872165061,7.465380902340055,5521400
2005-11-15,7.465384006500244,7.52168023286462,7.416430482010538,7.489860768745097,4649000
2005-11-16,7.533913612365723,7.560837611956662,7.455587934236843,7.458035655446034,6909800
2005-11-17,7.644059658050537,7.65385054467076,7.541257682814043,7.541257682814043,6213600
2005-11-18,7.629372596740723,7.702802367439171,7.546151940959764,7.656297063862532,6402800
2005-11-21,7.646504878997803,7.6758770623974435,7.612237720744069,7.6489525998523575,3569400
2005-11-22,7.646504878997803,7.683219758106091,7.60734227903496,7.661190737270115,5947200
2005-11-23,7.741964817047119,7.766441562401897,7.6391628600411225,7.6660873266168865,5802800
2005-11-25,7.771337985992432,7.771337985992432,7.737070818282489,7.744413516017394,596800
2005-11-28,7.741964817047119,7.7835751440937155,7.712593096105456,7.73951756268122,3520000
2005-11-29,7.761545181274414,7.825184524758225,7.749307043504656,7.790917365518877,3621000
2005-11-30,7.685666561126709,7.817840670358134,7.678323866294937,7.815392949795889,4444400
2005-12-01,7.71504020690918,7.918195916771333,7.455587380273677,7.70035388074525,3621600
2005-12-02,7.727278232574463,7.737069116541059,7.683220188434868,7.7297259535661125,3127600
2005-12-05,7.722385406494141,7.766443465558089,7.6660892051814065,7.7125949860661525,8597400
2005-12-06,7.7003583908081055,7.759102796160042,7.7003583908081055,7.734626038405955,1697600
2005-12-07,7.663641929626465,7.74931033092217,7.626927033886942,7.697909570257884,3133600
2005-12-08,7.744411468505859,7.76888821047958,7.617133250581551,7.617133250581551,2392800
2005-12-09,7.832530498504639,7.8423213857182645,7.722385351627338,7.724833073430744,2687600
2005-12-12,7.759099960327148,7.861901464982345,7.756652238760812,7.82518657519761,4763000
2005-12-13,7.8741374015808105,7.8741374015808105,7.751754625511344,7.751754625511344,2338600
2005-12-14,7.962254047393799,7.9744931195174065,7.87413795688044,7.881481586896626,3858800
2005-12-15,7.979388236999512,8.01120814627158,7.942673818956525,7.974493728228592,6277600
2005-12-16,7.978896141052246,8.087553002565683,7.973957064342651,8.03816317750228,1548000
2005-12-19,7.872705936431885,7.99371045991003,7.8529501054766,7.969016024478046,4548800
2005-12-20,7.885053634643555,7.9072790033719915,7.843072434936082,7.860358728165719,2798400
2005-12-21,7.813436508178711,7.941849613088239,7.796150219251668,7.887521209172384,6245200
2005-12-22,7.848014831542969,7.857892515704425,7.768991003169504,7.803564075275508,2015400
2005-12-23,7.862832546234131,7.882588387967727,7.8381376263130305,7.8381376263130305,1799600
2005-12-27,7.848014831542969,7.8628315932933335,7.808503152864418,7.808503152864418,4150000
2005-12-28,7.808501720428467,7.8652996892324945,7.7763981930061705,7.860360612549638,12630000
2005-12-29,7.793685436248779,7.8356666511155,7.783807752700552,7.825788967567272,2721000
2005-12-30,7.751704692840576,7.778869148528929,7.724540708168586,7.741827008691588,4595200
2006-01-03,7.902340412139893,7.922096715345788,7.7245379224325745,7.801091713290646,7824400
2006-01-04,7.914689540863037,7.931975839324106,7.80603267310309,7.924567694850109,9364800
2006-01-05,7.862832546234131,7.951734069543526,7.852954389859122,7.894935612420068,3114000
2006-01-06,7.9467926025390625,7.949261669874189,7.862830182656393,7.902341854246322,1878200
2006-01-09,7.897402286529541,7.9443220992402095,7.870238308385535,7.929505812085525,4000400
2006-01-10,7.909749984741211,7.927036282155172,7.850482948474073,7.855421554152149,4960600
2006-01-11,7.897402286529541,7.924566735689797,7.875176913765014,7.880115990160742,4717800
2006-01-12,7.897402286529541,7.936913955662868,7.880115990160742,7.889994142952198,4048000
2006-01-13,7.9517340660095215,7.956673144194831,7.655395969120856,7.655395969120856,3303000
2006-01-17,8.035694122314453,8.038163189656704,7.904810944393647,7.9517317021894796,14462800
2006-01-18,8.052977561950684,8.08508107820236,7.976423313052755,7.976423313052755,17299000
2006-01-19,8.124595642089844,8.14682101636309,8.028285058884073,8.134472853519293,15591000
2006-01-20,8.077677726745605,8.178926480279873,8.025818815869421,8.14929295149818,8118200
2006-01-23,8.065326690673828,8.309805778195404,8.040632252029505,8.309805778195404,12328800
2006-01-24,8.136946678161621,8.141885757208467,8.070270524078696,8.092495908773005,4413600
2006-01-25,8.02581787109375,8.171517371665686,7.976428034249693,8.080146785825491,8334200
2006-01-26,7.954198837280273,8.087551050149118,7.917157183949372,8.05791753907793,6276600
2006-01-27,7.998652458190918,8.050511356767245,7.964079859140034,7.9961833905584285,4570200
2006-01-30,7.9443230628967285,8.008530121797094,7.941853995415613,7.969018447870952,2719000
2006-01-31,7.939384937286377,7.986304755743746,7.919628629283727,7.949262149255087,5353600
2006-02-01,7.961607933044434,7.991241444158321,7.902339968784324,7.973955150839192,5569200
2006-02-02,7.857889652252197,7.98630279667131,7.823317063760972,7.934443913934471,11062400
2006-02-03,7.818380355834961,7.86283110936665,7.761582380107285,7.860361570724185,5053000
2006-02-06,7.865298271179199,7.887523641228715,7.788744480462083,7.788744480462083,4918200
2006-02-07,7.818380355834961,7.951732616430028,7.793685440426652,7.8331971166734125,3524200
2006-02-08,7.8159098625183105,8.050510352701135,7.783806806120171,7.798623565148829,4107600
2006-02-09,7.843070983886719,7.8899912504122565,7.796150717361181,7.798620254653691,6154400
2006-02-10,7.848014831542969,7.909751417338885,7.801094536481053,7.828258992203693,7536600
2006-02-13,7.838131904602051,7.875174021935338,7.8183760772898925,7.8183760772898925,3225200
2006-02-14,7.830726623535156,7.867769227640623,7.729477906617107,7.867769227640623,5407800
2006-02-15,7.843070983886719,7.90233846585873,7.798620254653691,7.818376081977695,5782600
2006-02-16,7.904811382293701,8.075206241357765,7.808502207073422,7.808502207073422,2389400
2006-02-17,7.976426601409912,8.013469207897028,7.815910367025536,8.013469207897028,8530600
2006-02-21,7.988773822784424,8.050510872240356,7.954201225814321,7.991243832300926,6605600
2006-02-22,8.018411636352539,8.052984247773432,7.988777161963481,8.035697942062985,3347600
2006-02-23,8.008530616760254,8.040634148194579,7.98136616262603,8.025816916294273,3892400
2006-02-24,8.033222198486328,8.243128669790764,7.9986496117386725,8.243128669790764,2729000
2006-02-27,8.097428321838379,8.129530896165829,8.055446655516915,8.055446655516915,11080800
2006-02-28,8.04310417175293,8.141883845429605,8.008531568575929,8.107311242252605,2967000
2006-03-01,8.020874977111816,8.072733857210407,7.971485163765967,7.971485163765967,3313000
2006-03-02,8.015935897827148,8.030753124433678,7.904809053359014,7.904809053359014,4785600
2006-03-03,7.976426601409912,8.062859035868978,7.956671235440701,7.991243832411281,4645000
2006-03-06,7.848014831542969,8.001122939684624,7.803564075275508,7.988774774695986,7917600
2006-03-07,7.810970783233643,7.815909859913642,7.756642352802482,7.781337265186201,8348400
2006-03-08,7.803563594818115,7.870239725114125,7.685028566080544,7.768990524840739,7746000
2006-03-09,7.781337261199951,7.902341813700284,7.766520502183821,7.793684481877348,6089800
2006-03-10,7.830726623535156,7.848013391925304,7.759111895698226,7.761581434039675,6773000
2006-03-13,7.840607166290283,7.877649310667898,7.813442707272369,7.8356680881022225,5657600
2006-03-14,7.9245686531066895,7.941854953658057,7.830728062947322,7.830728062947322,3967000
2006-03-15,7.976426601409912,7.981365678410368,7.838135742511283,7.904811397952216,2580800
2006-03-16,8.018411636352539,8.052984247773432,7.956674561091513,7.976429935317877,4835400
2006-03-17,7.999001502990723,8.048761248361034,7.974120681199262,8.048761248361034,3145600
2006-03-20,7.882063865661621,8.023881225343846,7.8721115371315,8.023881225343846,3418200
2006-03-21,7.822350978851318,7.884551605807238,7.78751830505988,7.847231324544311,4810400
2006-03-22,7.8596720695495605,7.884552417804877,7.780055334775083,7.812399455319775,5665400
2006-03-23,7.8497209548950195,7.8596732855581894,7.809912581348832,7.847233346782473,4530000
2006-03-24,7.8347907066345215,7.874599068866301,7.814886525518631,7.862159133626286,2384000
2006-03-27,7.7825422286987305,7.832302443058045,7.765125655392215,7.804934491254007,3688000
2006-03-28,7.7501983642578125,7.80742282967834,7.7153661634893425,7.7501983642578125,11749400
2006-03-29,7.797471523284912,7.837279891116807,7.727806642302508,7.727806642302508,4986800
2006-03-30,7.727808475494385,7.822353727438056,7.702928121059035,7.742736972887569,5367600
2006-03-31,7.670578956604004,7.762636065211624,7.658139024830018,7.7327795645798885,8153000
2006-04-03,7.68053674697876,7.765129197431484,7.675560580907036,7.707904711266609,5227800
2006-04-04,7.762636661529541,7.794980771358333,7.6631153014806115,7.665603382937136,10026200
2006-04-05,7.837281227111816,7.85967349715354,7.740248373299855,7.765128251521096,6336800
2006-04-06,7.740245342254639,7.867134664617362,7.7029245904309,7.834790076310532,5143600
2006-04-07,7.630773067474365,7.740246305707461,7.590964703490172,7.715365959579057,7476800
2006-04-10,7.6282854080200195,7.685509875098441,7.568572858735601,7.568572858735601,4847000
2006-04-11,7.541202068328857,7.648187196930304,7.528762135746228,7.630771101493419,4737400
2006-04-12,7.558620452880859,7.568572781603415,7.5337405801807735,7.558620452880859,5144000
2006-04-13,7.523787498474121,7.553644007100585,7.503883317574181,7.513835645300704,3653000
2006-04-17,7.516325950622559,7.528766364746129,7.488957988657253,7.501397928227549,3108000
2006-04-18,7.660632133483887,7.688000096257828,7.501398149870244,7.5163261727063295,11153800
2006-04-19,7.685510158538818,7.712878589260954,7.630773771647722,7.630773771647722,4935600
2006-04-20,7.740245342254639,7.785029864800667,7.6506762971625815,7.663116231401779,3912200
2006-04-21,7.7750773429870605,7.837277961730957,7.742733230043581,7.78254158807543,5328800
2006-04-24,7.847230911254883,7.852206600488929,7.715365418214158,7.7626380250858285,3796200
2006-04-25,7.735270023345947,7.827326685694983,7.702925431507436,7.827326685694983,5770200
2006-04-26,7.658141613006592,7.7477101960668024,7.6382374307095295,7.717854159897779,4907200
2006-04-27,7.7601518630981445,7.797472151628781,7.588477966393362,7.598430296429913,10782000
2006-04-28,7.792494773864746,7.802447102352416,7.690485779631832,7.712878044175948,3661600
2006-05-01,7.720342636108398,7.819863552674005,7.680534269482156,7.797471287127599,4286600
2006-05-02,7.844743251800537,7.867135515495409,7.7203419977415235,7.7203419977415235,8833200
2006-05-03,7.819863319396973,7.839767502116326,7.777566871799205,7.812399072919785,6527800
2006-05-04,7.82981538772583,7.844743881088692,7.787518938970712,7.812399286688986,3594400
2006-05-05,8.006464004516602,8.006464004516602,7.864646664680792,7.874598517265072,8053400
2006-05-08,7.944266319274902,8.00895457136018,7.921874049494131,8.00895457136018,3015800
2006-05-09,7.877089023590088,7.956705766982399,7.8646490853924975,7.949241993885135,2469600
2006-05-10,7.939286708831787,7.939286708831787,7.839765816631196,7.877086091887287,4458800
2006-05-11,7.864647388458252,7.939287950645241,7.822350943338126,7.939287950645241,4840400
2006-05-12,7.777567386627197,7.869624059840369,7.77010313965592,7.824840001672253,5898400
2006-05-15,7.827326774597168,7.8571832847446625,7.712877847230222,7.740246275319331,4453200
2006-05-16,7.792494773864746,7.849719239009426,7.7850310020521345,7.8397673850748975,4704800
2006-05-17,7.673069000244141,7.780054149252415,7.640724410074937,7.730293460324302,13855800
2006-05-18,7.670578956604004,7.7327795645798885,7.635746767994462,7.65067478103384,9508400
2006-05-19,7.735270023345947,7.799958732469847,7.673069396252173,7.687997413879804,6721000
2006-05-22,7.794983386993408,7.847232166006665,7.697950550394297,7.715366651880991,7505200
2006-05-23,7.685510158538818,7.844744103722945,7.683022076241063,7.804935736065207,4266200
2006-05-24,7.712876796722412,7.745220909969835,7.600915492110055,7.6705803565969735,10581400
2006-05-25,7.785030841827393,7.794982695557101,7.715365967506906,7.762638577744133,6395200
2006-05-26,7.8696208000183105,7.877085043897683,7.790004096850268,7.799956422022765,5237400
2006-05-30,7.790009498596191,7.8845547550825215,7.790009498596191,7.862162482470144,4331800
2006-05-31,7.919384956359863,7.974121345199484,7.837280135823836,7.837280135823836,4585800
2006-06-01,7.999001502990723,8.006465274975008,7.8546955839191686,7.889527785320908,5381000
2006-06-02,8.09603214263916,8.101008305649804,7.981583240712482,8.046271461638764,9453600
2006-06-05,7.999001502990723,8.110961879180225,7.999001502990723,8.098521942837648,4454200
2006-06-06,8.013927459716797,8.058711980965075,7.9243588917732986,7.986559035719947,8070800
2006-06-07,7.984072208404541,8.066176539308243,7.976608437169534,8.02388057016826,5118600
2006-06-08,8.01144027709961,8.04129630981179,7.946751573485774,7.9990003425617155,27671400
2006-06-09,8.078617095947266,8.11096073605834,7.994024211991047,8.073640932290292,6560400
2006-06-12,8.09603214263916,8.1532565936025,8.068663720633639,8.118424401634035,15448200
2006-06-13,7.999001502990723,8.118426600270817,7.979096845557555,8.098521942837648,13612000
2006-06-14,7.939286708831787,8.01143965227287,7.882062255135579,7.998999718705189,5490200
2006-06-15,8.061200141906738,8.083592401432826,7.949238844276297,7.998999526457168,8949600
2006-06-16,8.055932998657227,8.103600895807968,8.015791359727086,8.040879525163863,4604200
2006-06-19,7.945545196533203,8.116146964467838,7.910421373506395,8.048408709803223,9327600
2006-06-20,7.965612888336182,8.008263433178548,7.9204534316176725,7.95306880748149,5016000
2006-06-21,7.95808744430542,8.005755820636645,7.930490366240889,7.990702825462712,3059400
2006-06-22,7.930490016937256,7.955578181613425,7.860241911676208,7.930490016937256,5575600
2006-06-23,7.9430365562438965,8.015793596183244,7.870279994830765,7.870279994830765,2125000
2006-06-26,7.975651264190674,7.983177523867705,7.92798287928939,7.92798287928939,3518200
2006-06-27,7.945545196533203,8.043390884077622,7.920456546431398,7.985686845285611,5037800
2006-06-28,7.968122959136963,7.995720515262429,7.938016490770448,7.938016490770448,8194200
2006-06-29,8.070985794067383,8.088548658942774,7.980667342615802,7.980667342615802,4614200
2006-06-30,8.101091384887695,8.13370580420835,8.065967575125734,8.070984441904269,7159200
2006-07-03,8.191411972045898,8.191411972045898,8.093565822952108,8.128690596936979,1772400
2006-07-05,8.136214256286621,8.191409355005124,8.118652353431084,8.1286879999348,4111800
2006-07-06,8.093564987182617,8.171339828825184,8.065968388908288,8.161304180151538,3356800
2006-07-07,8.156285285949707,8.191410051700135,8.093563925544812,8.106108963267397,2831800
2006-07-10,8.201445579528809,8.226534700484047,8.161303943052532,8.161303943052532,10965200
2006-07-11,8.264165878295898,8.271693092135722,8.2039539098892,8.21398955697431,8200000
2006-07-12,8.22402572631836,8.279220838162802,8.196428170396139,8.26165893113087,7673400
2006-07-13,8.193918228149414,8.26667523363078,8.153776597030728,8.166320677308072,13370800
2006-07-14,8.193918228149414,8.226533602512092,8.116143399146717,8.226533602512092,11278200
2006-07-17,8.21650218963623,8.244099754699283,8.171342711724416,8.171342711724416,5797600
2006-07-18,8.22904109954834,8.241585178398575,8.196425728896237,8.216497020698107,9235800
2006-07-19,8.354485511779785,8.362012726271757,8.256640336852735,8.264166594292641,6703400
2006-07-20,8.374558448791504,8.419717916384654,8.336925240113127,8.354487148949103,4513200
2006-07-21,8.394628524780273,8.44480581573927,8.359504708224643,8.359504708224643,8471800
2006-07-24,8.472400665283203,8.484944744749985,8.417205567167066,8.457347195691916,7035600
2006-07-25,8.507523536682129,8.530103260064372,8.459855657120421,8.489961635946141,3685400
2006-07-26,8.537632942199707,8.557704240840609,8.492473477309874,8.52759824993145,6762600
2006-07-27,8.469889640808105,8.600350147603178,8.469889640808105,8.600350147603178,9748800
2006-07-28,8.527595520019531,8.585299049561385,8.469891033425789,8.482436069586448,8747400
2006-07-31,8.48996639251709,8.562723426072779,8.482440132856967,8.53261647332759,3267400
2006-08-01,8.595335960388184,8.595335960388184,8.459858531121853,8.489964520175246,9669600
2006-08-02,8.587808609008789,8.627950241653286,8.567738271212546,8.600352689762941,12914200
2006-08-03,8.54516315460205,8.60286672285365,8.52007402250188,8.58028698248976,10891200
2006-08-04,8.547666549682617,8.635476067630435,8.52257838942666,8.627949810964042,8844800
2006-08-07,8.447312355041504,8.590317937169479,8.444803921729648,8.552684738127589,3156800
2006-08-08,8.527595520019531,8.562719324344842,8.449820698262135,8.449820698262135,6435400
2006-08-09,8.530105590820312,8.592826955458698,8.522579333320369,8.535123414837631,5074200
2006-08-10,8.517560958862305,8.545158510648054,8.484945583383507,8.54014068695501,5806400
2006-08-11,8.497489929199219,8.532613739094344,8.484945848101251,8.52759687229679,4424200
2006-08-14,8.555197715759277,8.582795282108908,8.530109541106443,8.530109541106443,4906600
2006-08-15,8.610386848449707,8.632966572723952,8.575263045590185,8.575263045590185,8078000
2006-08-16,8.530105590820312,8.650530496079762,8.522579333320369,8.645512672062443,7653800
2006-08-17,8.520073890686035,8.530109543370841,8.449826235997433,8.530109543370841,9750600
2006-08-18,8.615405082702637,8.617913515718739,8.499998022924112,8.499998022924112,5736400
2006-08-21,8.632965087890625,8.655544808281253,8.595331901555685,8.597841291072246,5533600
2006-08-22,8.663073539733887,8.678127009982394,8.610387829442054,8.610387829442054,2438200
2006-08-23,8.572755813598633,8.70572575981932,8.565229555963306,8.70572575981932,4768000
2006-08-24,8.607879638671875,8.627949975849805,8.572754873769524,8.627949975849805,5220000
2006-08-25,8.607879638671875,8.637985622964763,8.592826167999439,8.605370248367143,4129400
2006-08-28,8.673110961914062,8.695690693382813,8.59784550936894,8.627951498976557,10673600
2006-08-29,8.680633544921875,8.705722656516341,8.635474101103583,8.698195444512127,5315600
2006-08-30,8.635476112365723,8.71576033111502,8.630459245930115,8.71576033111502,4816800
2006-08-31,8.723287582397461,8.748375745643788,8.637986487487037,8.637986487487037,3989800
2006-09-01,8.730815887451172,8.76092188181743,8.71325397764983,8.76092188181743,7302200
2006-09-05,8.637989044189453,8.748378335019614,8.615409307763697,8.730816424138734,7821800
2006-09-06,8.605371475219727,8.648022503012983,8.570247662361819,8.605371475219725,9831400
2006-09-07,8.617913246154785,8.62544045907143,8.555191895143318,8.555191895143318,5273800
2006-09-08,8.617913246154785,8.640492970800988,8.600351344435724,8.600351344435724,10658800
2006-09-11,8.587808609008789,8.630459632035326,8.567738271212546,8.587808609008789,13065000
2006-09-12,8.54265308380127,8.668095863172955,8.505020824221237,8.570250648391434,21279200
2006-09-13,8.560212135314941,8.56272152601305,8.462366953235694,8.53010614630259,11254400
2006-09-14,8.5250883102417,8.60788097622705,8.492472930576065,8.5250883102417,6365400
2006-09-15,8.52812385559082,8.56100145457959,8.515477586222174,8.56100145457959,6978000
2006-09-18,8.502829551696777,8.545824731241304,8.46489365009529,8.502829551696777,6055800
2006-09-19,8.52053165435791,8.543293577192012,8.48765407175542,8.490182745503914,13599200
2006-09-20,8.507889747619629,8.55088493667878,8.5028314333318,8.507889747619629,7130800
2006-09-21,8.495247840881348,8.518009781889923,8.45731095094199,8.49271916511381,23680800
2006-09-22,8.485128402709961,8.502832021554694,8.469954423571544,8.495245031985485,7675800
2006-09-25,8.603996276855469,8.63434519952656,8.485128296295981,8.485128296295981,6472000
2006-09-26,8.591354370117188,8.831618136369404,8.18416905123044,8.535713852572343,9025200
2006-09-27,8.71021842956543,8.715276744395842,8.573647788243905,8.573647788243905,7536000
2006-09-28,8.682397842407227,8.748153995786378,8.649519283330271,8.738037367643505,5287200
2006-09-29,8.596410751342773,8.722865742911495,8.583764480365883,8.722865742911495,6435600
2006-10-02,8.659636497497559,8.707689037265927,8.601466364126868,8.646990229075776,5348600
2006-10-03,8.69504451751709,8.725393441960847,8.581234844884357,8.629287388984881,11991000
2006-10-04,8.730447769165039,8.730447769165039,8.667220309334564,8.715272831486914,9170600
2006-10-05,8.702628135681152,8.83414137701706,8.679866209973504,8.715273435568838,7106400
2006-10-06,8.654579162597656,8.689986402726412,8.61664228258831,8.667224467675792,11096000
2006-10-09,8.646993637084961,8.669755578530498,8.60399939478517,8.64446496126888,6039800
2006-10-10,8.71021842956543,8.71021842956543,8.619171656942715,8.6545788959807,7317200
2006-10-11,8.730447769165039,8.74309306817624,8.677336934453313,8.697569219916339,6087200
2006-10-12,8.727921485900879,8.750683418781533,8.692514249147605,8.750683418781533,10996600
2006-10-13,8.738038063049316,8.74562601714773,8.68998552270861,8.715276130303755,7140400
2006-10-16,8.781033515930176,8.781033515930176,8.71274771565418,8.71274771565418,6296000
2006-10-17,8.81897258758545,8.846792845601604,8.717809153170133,8.77850702086428,9282400
2006-10-18,8.915077209472656,8.958071444979506,8.834146089292071,8.958071444979506,4493200
2006-10-19,8.950481414794922,8.975772984247945,8.902428879996272,8.935307437897835,5627200
2006-10-20,9.006121635437012,9.018766937400736,8.945422835326553,9.013708623660307,5364800
2006-10-23,9.016241073608398,9.04911867600829,8.9327803180356,9.003594802927672,9150000
2006-10-24,9.023825645446777,9.039000587331152,8.983360098529854,9.026354320040136,6332800
2006-10-25,9.119935035705566,9.145225650040638,9.006125341647554,9.006125341647554,17519600
2006-10-26,9.079469680786133,9.142697182839587,9.061766057393175,9.142697182839587,8186600
2006-10-27,9.046585083007812,9.079463632309903,9.0238231588409,9.054172069471958,5731000
2006-10-30,9.041534423828125,9.071883360148648,9.016243804356904,9.03900574779112,5614400
2006-10-31,9.051648139953613,9.076938751273035,9.018769573418378,9.04153150951585,5779000
2006-11-01,9.107283592224121,9.13763346992225,9.066818053401162,9.089579979287487,13786800
2006-11-02,9.064291000366211,9.114873174134633,9.026354128846215,9.069349314220524,7131600
2006-11-03,8.998536109924316,9.102229146521667,8.96059923309181,9.102229146521667,10295800
2006-11-06,8.95806884765625,9.003592710155417,8.904957996332147,9.003592710155417,13867800
2006-11-07,8.927718162536621,9.026352856859422,8.91760153625362,8.960596715569084,10324400
2006-11-08,9.016241073608398,9.05417699132558,8.912548021541436,8.920135012129872,8084400
2006-11-09,9.013710021972656,9.054175573398886,8.953012177220735,9.008651707447523,15956200
2006-11-10,9.081995964050293,9.087054278655156,9.018768478651788,9.018768478651788,5819000
2006-11-13,9.079469680786133,9.114876927572048,9.069353048911552,9.099701979760177,4510200
2006-11-14,9.102230072021484,9.122462367554448,9.054176561177659,9.09464211701854,7564200
2006-11-15,9.071881294250488,9.104759863896021,9.06429430309193,9.104759863896021,6539600
2006-11-16,9.104758262634277,9.15028213112944,9.084525003403138,9.094641633018707,7460000
2006-11-17,9.114871978759766,9.175569807501846,9.074406438006847,9.173041133293673,3571200
2006-11-20,9.08452320098877,9.127518385937034,9.08452320098877,9.117401758328652,2093400
2006-11-21,9.099698066711426,9.112343368729366,9.071877823407139,9.092111078455602,1950600
2006-11-22,9.119935035705566,9.142696974517168,9.087056465249898,9.087056465249898,3316000
2006-11-24,9.1553373336792,9.1553373336792,9.114871793747644,9.14269203334582,592800
2006-11-27,9.054173469543457,9.15027949363983,9.041528168556344,9.142692506002488,4694800
2006-11-28,9.119935035705566,9.140167334218605,9.013712332993057,9.059236210616262,3828600
2006-11-29,9.233743667602539,9.246389939411792,9.135108922050902,9.160400500894324,6338800
2006-11-30,9.291908264160156,9.291908264160156,9.210976224997358,9.243854775459635,5285800
2006-12-01,9.28685474395752,9.322261986677727,9.246389185880853,9.291913059313979,5054800
2006-12-04,9.360198020935059,9.403193219611424,9.289383534615183,9.327320417872269,3972400
2006-12-05,9.382957458496094,9.456301565375668,9.370312155703868,9.39813240071162,8059600
2006-12-06,9.33743667602539,9.420897438573245,9.334908000542917,9.415839122833217,3987400
2006-12-07,9.32731819152832,9.395603986226883,9.304556259962133,9.355138437306415,6034600
2006-12-08,9.299500465393066,9.342494700681119,9.26156358091239,9.312145771961607,3972400
2006-12-11,9.350083351135254,9.350083351135254,9.299501156327878,9.309617788244378,3794000
2006-12-12,9.385486602783203,9.393073591103331,9.32984611570304,9.367782986853099,5601600
2006-12-13,9.420896530151367,9.428483520642287,9.367785667164968,9.405721584394545,3572000
2006-12-14,9.43607234954834,9.46894995456962,9.390548472838022,9.390548472838022,5976800
2006-12-15,9.427391052246094,9.486088824501334,9.406974901416568,9.46822432744722,5525600
2006-12-18,9.361034393310547,9.442700917960922,9.34572155486044,9.427388079510814,3792400
2006-12-19,9.401869773864746,9.429942830577216,9.30999466954829,9.33041179208172,4836200
2006-12-20,9.371247291564941,9.429945072490616,9.368694663870397,9.404423663256267,2092000
2006-12-21,9.366143226623535,9.401872226836835,9.3227573166915,9.378903444765108,8272800
2006-12-22,9.332962989807129,9.373796259337709,9.309994214849805,9.340618923612256,5183400
2006-12-26,9.37890338897705,9.396767888977438,9.31510132510646,9.330414170910606,2786600
2006-12-27,9.429945945739746,9.445257819156074,9.396768597433852,9.414633098781108,2894800
2006-12-28,9.373800277709961,9.468227071439308,9.373800277709961,9.468227071439308,2822400
2006-12-29,9.371247291564941,9.394216073104745,9.340621600483722,9.394216073104745,2627000
2007-01-03,9.396769523620605,9.468227536052847,9.292134159612367,9.292134159612367,8458600
2007-01-04,9.384008407592773,9.42739334713039,9.358486995915667,9.406977191331015,5916800
2007-01-05,9.215570449829102,9.358486452756933,9.184945731136317,9.358486452756933,7569000
2007-01-08,9.210465431213379,9.24364277504363,9.169632151707756,9.179840714969705,4830000
2007-01-09,9.218124389648438,9.233437239562674,9.154322308652866,9.172186813448226,4684200
2007-01-10,9.220674514770508,9.238539014715872,9.174736951041789,9.184945514879777,3836200
2007-01-11,9.230879783630371,9.279369962895109,9.19770341981364,9.235984064265711,8518600
2007-01-12,9.154321670532227,9.251301099477248,9.116041008728812,9.182394739980188,19840200
2007-01-16,9.182395935058594,9.205364724546977,9.144115268272994,9.144115268272994,8103400
2007-01-17,9.2028169631958,9.2028169631958,9.149222449352195,9.184952449762253,3444800
2007-01-18,9.197705268859863,9.235985921007625,9.161976270771747,9.235985921007625,4420600
2007-01-19,9.200260162353516,9.213020384229008,9.110937635682545,9.151770929809636,4854200
2007-01-22,9.197705268859863,9.220674049565392,9.179840769815804,9.200256922919507,5557000
2007-01-23,9.251296997070312,9.251296997070312,9.154317611129954,9.19770351018564,6916400
2007-01-24,9.281925201416016,9.307446614449896,9.225780039826205,9.251300479317722,5941600
2007-01-25,9.27426815032959,9.315101432736883,9.246195086135403,9.281924086549004,8875600
2007-01-26,9.251296997070312,9.284474334755014,9.207912071556624,9.284474334755014,3900400
2007-01-29,9.281925201416016,9.281925201416017,9.241091914104171,9.251300479317722,4779200
2007-01-30,9.309996604919434,9.309996604919434,9.258954761517222,9.258954761517222,3974200
2007-01-31,9.338069915771484,9.358486069549931,9.251299071743102,9.27426785320774,12648800
2007-02-01,9.41718578338623,9.427393374544444,9.348279431971132,9.353383714321398,5996200
2007-02-02,9.468228340148926,9.468228340148926,9.340624179373105,9.41973910952941,4350600
2007-02-05,9.570307731628418,9.588172228177427,9.44270362854004,9.486088556289905,6018200
2007-02-06,9.621349334716797,9.651974046125057,9.560098938358253,9.560098938358253,5376200
2007-02-07,9.65707778930664,9.662182069847514,9.60603595743987,9.60603595743987,3190600
2007-02-08,9.674942016601562,9.710671005856641,9.608588318490977,9.608588318490977,3440000
2007-02-09,9.708123207092285,9.771925277107021,9.659633010813998,9.695362987797804,7764800
2007-02-12,9.672393798828125,9.73364323829507,9.672393798828125,9.725987301747272,4263000
2007-02-13,9.756613731384277,9.761718014491459,9.680051431861463,9.680051431861463,6208600
2007-02-14,9.825517654418945,9.84593478178034,9.72598659238769,9.72598659238769,5196200
2007-02-15,9.741292953491211,9.825512095898915,9.736189648080137,9.80254332738242,12545600
2007-02-16,9.759161949157715,9.759161949157713,9.695359899466297,9.725984610726412,5775400
2007-02-20,9.784684181213379,9.799997026433909,9.725986401514643,9.746402554933152,4562000
2007-02-21,9.743852615356445,9.771925683096038,9.708123610430553,9.769373055005692,3876000
2007-02-22,9.756613731384277,9.792342739592092,9.708124502179734,9.748957793494732,4039000
2007-02-23,9.868905067443848,9.87656197889783,9.743853538357529,9.761718042512717,7970400
2007-02-26,10.103693008422852,10.284890602717484,10.062859734024878,10.080724230727613,15757200
2007-02-27,9.736191749572754,10.103691151617328,9.697910135935206,10.067962164777951,13859400
2007-02-28,9.833173751831055,9.904632725226799,9.764267406168498,9.77447597001678,12916400
2007-03-01,9.863801956176758,9.917395469719825,9.6647388045929,9.754062300707158,11586000
2007-03-02,9.710672378540039,9.861245264215404,9.710672378540039,9.861245264215404,15438200
2007-03-05,9.588175773620605,9.751508930203103,9.562655332982994,9.674946634747858,5271000
2007-03-06,9.731093406677246,9.731093406677246,9.613696840882024,9.651978477876058,12444200
2007-03-07,9.710672378540039,9.779578713361857,9.690256227597692,9.723432594571767,4641600
2007-03-08,9.761713981628418,9.896974020690072,9.715776426184448,9.896974020690072,5005400
2007-03-09,9.748956680297852,9.797445903965592,9.70557076561211,9.76682118236188,6890000
2007-03-12,9.84593391418457,9.85869413088994,9.720881453970842,9.74895451484793,12854200
2007-03-13,9.713228225708008,9.89187325645535,9.700467031903996,9.843384030044271,7774400
2007-03-14,9.761713981628418,9.79744297507549,9.634109877293405,9.738745203906433,15603200
2007-03-15,9.886765480041504,9.909734255551367,9.728535704954908,9.779577536481488,18242600
2007-03-16,9.852897644042969,9.927306801282777,9.819541207406049,9.883687673893835,4713000
2007-03-19,9.924741744995117,9.945268106065313,9.847766178086369,9.917044481943474,6289200
2007-03-20,10.068428039550781,10.073558894625569,9.886251362884437,9.904212292037887,6914200
2007-03-21,10.186463356018066,10.212121561879945,10.006852978591478,10.101789514837805,8379000
2007-03-22,10.176199913024902,10.22238546766236,10.122317092213812,10.209556364440363,8487600
2007-03-23,10.22494888305664,10.227515290474305,10.135144199391219,10.18646158097045,7127600
2007-03-26,10.268567085266113,10.283962590508478,10.165932341245277,10.248039744942963,7329600
2007-03-27,10.253174781799316,10.286531230841979,10.204423801504474,10.27883396521589,5655800
2007-03-28,10.232645034790039,10.332713370075213,10.209552266739811,10.209552266739811,5758400
2007-03-29,10.29166316986084,10.327585048203469,10.224950271112151,10.296795006595183,4386400
2007-03-30,10.186463356018066,10.337849119717902,10.099224085770741,10.327585445854025,14920600
2007-04-02,10.430215835571289,10.432781263558256,10.212117262377856,10.214683669162223,10297200
2007-04-03,10.443045616149902,10.49436298842237,10.391728243877434,10.443045616149902,8103400
2007-04-04,10.396858215332031,10.47126834284911,10.37889728507581,10.455872840287796,6662600
2007-04-05,10.443045616149902,10.453309286363888,10.376332738556455,10.425084682674157,4443200
2007-04-09,10.520021438598633,10.522586866815201,10.463572229859249,10.507192339920815,6893600
2007-04-10,10.522589683532715,10.548248866554363,10.494366050405526,10.520024254629424,5419200
2007-04-11,10.496927261352539,10.566205559476426,10.481531757725891,10.532849124350697,8438000
2007-04-12,10.4507417678833,10.507190969258893,10.389161710743892,10.507190969258893,6087800
2007-04-13,10.448177337646484,10.466138270926926,10.399425394058895,10.450742765773352,4328800
2007-04-16,10.509757995605469,10.509757995605469,10.437914258416747,10.450743357372232,3145000
2007-04-17,10.558507919311523,10.59442978102451,10.481531382729614,10.520019651020569,5958600
2007-04-18,10.635483741760254,10.635483741760254,10.543112678601164,10.558508182060127,2969000
2007-04-19,10.5841703414917,10.61239495234331,10.535419363801095,10.591867606706606,8233000
2007-04-20,10.666274070739746,10.67910316791874,10.58673210215418,10.640615876381755,5327200
2007-04-23,10.745821952819824,10.768914731969069,10.653450836222849,10.653450836222849,8679200
2007-04-24,10.822792053222656,10.822792053222656,10.7175918858853,10.758645585851161,5355400
2007-04-25,10.8535795211792,10.894633211453083,10.827921331806964,10.830486759225314,5975200
2007-04-26,10.817658424377441,10.915161312675519,10.8048293287902,10.866409379127854,4964600
2007-04-27,10.727855682373047,10.789435743650971,10.712460177654853,10.789435743650971,8398400
2007-04-30,10.686802864074707,10.802265733201168,10.648314588500881,10.784304798946051,9461600
2007-05-01,10.774041175842285,10.784303866817087,10.635484570309504,10.684235533531442,6862000
2007-05-02,10.833059310913086,10.843322005205579,10.766346414624309,10.797137433895008,5510400
2007-05-03,10.82022762298584,10.868979573524284,10.77147665124499,10.868979573524284,3175600
2007-05-04,10.799701690673828,10.866413600924602,10.786872590102252,10.866413600924602,5498000
2007-05-07,10.92799186706543,10.927991867065431,10.817659868451642,10.827923537810456,4043400
2007-05-08,10.879239082336426,10.902331845124484,10.822789889121792,10.902331845124484,5735000
2007-05-09,10.886941909790039,10.899771011498663,10.833059095335193,10.856151869929802,4325200
2007-05-10,10.776605606079102,10.884371192317174,10.761210102846235,10.868976667881638,7770600
2007-05-11,10.827921867370605,10.8561464643544,10.776604507290726,10.79200000895386,7263000
2007-05-14,10.871543884277344,10.920295829803436,10.86384662079322,10.86384662079322,4680600
2007-05-15,10.930561065673828,11.038327673522375,10.91260012749869,10.925430208021835,10174400
2007-05-16,10.956218719482422,10.99983785502335,10.927994112345312,10.953652312216729,7685800
2007-05-17,10.930561065673828,10.96904934964782,10.902337433396983,10.958785676748393,5862800
2007-05-18,10.98957347869873,10.989573478698732,10.927992438125218,10.933124273072796,4657200
2007-05-21,10.974180221557617,11.004970258751989,10.958784713561615,10.987009322155469,6269000
2007-05-22,10.953654289245605,11.058854493782176,10.943391594723272,11.020367187028462,9125600
2007-05-23,10.781737327575684,10.999834904371891,10.781737327575684,10.999834904371891,15891200
2007-05-24,10.540548324584961,10.825357826610931,10.509757314530171,10.78173869722948,29815200
2007-05-25,10.54567813873291,10.609824601812301,10.414819784721786,10.550809973234943,25081400
2007-05-29,10.576469421386719,10.653444983328638,10.486663783456668,10.486663783456668,21561800
2007-05-30,10.707328796386719,10.707328796386719,10.507192120558125,10.527718482254599,13212400
2007-05-31,10.735552787780762,10.763777389951185,10.67397174860916,10.715025448457757,12427800
2007-06-01,10.676541328430176,10.779175119155136,10.640619452736555,10.75095148739422,23265800
2007-06-04,10.635483741760254,10.66884017652267,10.548244513087486,10.630351907273933,21484800
2007-06-05,10.49435806274414,10.62521637076111,10.443040714558212,10.571333595624536,31517600
2007-06-06,10.3275785446167,10.443042351433956,10.2942221162479,10.422515017423262,30835600
2007-06-07,10.006850242614746,10.30192442333907,9.994021143191416,10.289094345118194,54704200
2007-06-08,10.078697204589844,10.150541946164887,9.968365152440388,10.024814382506953,39518200
2007-06-11,10.212117195129395,10.271131826415024,10.060731496162814,10.07869242834551,19060200
2007-06-12,10.045337677001953,10.204420649860744,10.045337677001953,10.135142344229303,22909400
2007-06-13,10.24547290802002,10.271131101098424,10.122311819408486,10.140272750322834,16314400
2007-06-14,10.30961799621582,10.368632615472944,10.245471543267138,10.245471543267138,15249200
2007-06-15,10.448102951049805,10.5023594294142,10.399014788838482,10.424850456198644,26657800
2007-06-18,10.334424018859863,10.47652215200569,10.334424018859863,10.46360431909561,16640600
2007-06-19,10.401596069335938,10.404180226942426,10.293085103479955,10.344757414368813,12901000
2007-06-20,10.130314826965332,10.440347619748264,10.094144515161288,10.401593151062743,18962800
2007-06-21,10.194911003112793,10.238832826067695,10.063147505383423,10.1044851699228,20163200
2007-06-22,10.001139640808105,10.189742780366432,9.993389137374946,10.132904112577295,16200200
2007-06-25,10.055395126342773,10.411933067440263,9.998556458608086,10.045061450297652,18769800
2007-06-26,10.001139640808105,10.33184191375822,9.995972309996805,10.091566451654478,25432800
2007-06-27,10.148407936096191,10.18457827624665,9.921051230702483,9.944303733023187,24822400
2007-06-28,10.145822525024414,10.308590005369817,10.140655193918633,10.181992857197253,19422600
2007-06-29,10.225909233093262,10.274997374105272,10.088977495630942,10.16648544980621,21681800
2007-07-02,10.373173713684082,11.14825515723008,10.233658817309717,10.3034162654969,9469000
2007-07-03,10.373173713684082,10.473934143654338,10.318917263604925,10.414511351250521,10809000
2007-07-05,10.352509498596191,10.445519475300692,10.215578691540957,10.342174837725134,19362600
2007-07-06,10.298249244689941,10.355088867626334,10.197488811715097,10.347337382774159,12849600
2007-07-09,10.313754081726074,10.365426395847566,10.3085877373246,10.311170909525337,7130200
2007-07-10,10.218159675598145,10.329254792250508,10.171654697205653,10.290501300634961,12918000
2007-07-11,10.24399185180664,10.243991851806642,10.1716502583394,10.189735410314492,13168000
2007-07-12,10.373173713684082,10.41192719452117,10.26466179909279,10.26466179909279,14501400
2007-07-13,10.528191566467285,10.572112383365566,10.380926143646738,10.388676644142388,13498800
2007-07-16,10.375761985778809,10.543696775334022,10.373178813346538,10.52044428117357,17067400
2007-07-17,10.386096000671387,10.453269320975071,10.362843507957141,10.37317816817846,14782000
2007-07-18,10.463602066040039,10.473936724369803,10.331838621820983,10.3370049654186,17107800
2007-07-19,10.631536483764648,10.67804145923498,10.47135224133696,10.512689887803118,20502400
2007-07-20,10.515277862548828,10.786556327565705,10.455855035778853,10.623788854328543,15927000
2007-07-23,10.525609016418457,10.621202141923161,10.507522871581854,10.559195177594514,9559800
2007-07-24,10.210411071777344,10.548863813957576,10.163906084742885,10.543696483668471,20030600
2007-07-25,10.2310791015625,10.321505900567775,10.039892814417538,10.212993938874934,26054400
2007-07-26,9.998551368713379,10.150984100416268,9.79444634081904,10.104479132400671,36789200
2007-07-27,9.70143985748291,9.980469764881882,9.70143985748291,9.954633114807482,25293600
2007-07-30,9.835787773132324,9.874542256610598,9.654935159512807,9.740194628938026,23906400
2007-07-31,9.817706108093262,10.021811287403054,9.740198099090298,9.93913594639085,28249800
2007-08-01,10.039892196655273,10.101898183320952,9.789282121165744,9.789282121165744,32873200
2007-08-02,10.148407936096191,10.194912940737597,10.02181174556958,10.02181174556958,18611200
2007-08-03,9.804788589477539,10.21041480249012,9.747948921096619,10.119987967741581,28384600
2007-08-06,10.112235069274902,10.135487565785672,9.675605952092218,9.859041765917404,21913400
2007-08-07,10.295669555664062,10.41193202322802,10.019223791438359,10.086398099616414,15354400
2007-08-08,10.445517539978027,10.530776012448978,10.295667941814024,10.375760070374161,24928400
2007-08-09,10.256916999816895,10.435185476092302,10.166490189812722,10.31375566707666,24525600
2007-08-10,10.078646659851074,10.32925675940841,10.016640667230536,10.163906131663667,25061800
2007-08-13,10.130314826965332,10.256911903846566,10.114813827944788,10.16131879614058,15341200
2007-08-14,9.95980167388916,10.153572138305556,9.90812935293128,10.11223447865276,13579400
2007-08-15,9.825451850891113,10.099314401231743,9.773780526979618,9.936546971322016,16452600
2007-08-16,9.895208358764648,9.895208358764648,9.479247736975621,9.696270627232192,36094400
2007-08-17,9.98046875,10.238829311067594,9.747943850812236,10.063144050696245,37989400
2007-08-20,10.034727096557617,10.08123208967399,9.87195962065031,10.047644931186031,14353000
2007-08-21,10.024389266967773,10.13806854113795,9.962383286117946,9.98046844599642,13883200
2007-08-22,10.140656471252441,10.184577312832477,10.05539697561907,10.163908971373566,11637200
2007-08-23,10.171650886535645,10.274995463261723,10.127730082045565,10.194903367020666,26340200
2007-08-24,10.233661651611328,10.28016662994941,10.122566535088948,10.238828980934148,12040000
2007-08-27,9.9727201461792,10.262084767841117,9.926215152896663,10.262084767841117,54412200
2007-08-28,9.817706108093262,9.975306284887713,9.812538776084024,9.90813195433542,22988200
2007-08-29,10.011473655700684,10.10189947513807,9.853873525623367,9.853873525623367,10766200
2007-08-30,9.993389129638672,10.073481278800443,9.9081296496696,9.949467310560417,10056000
2007-08-31,9.9727201461792,10.09414996036889,9.933966642155493,10.019225139461735,11073800
2007-09-04,10.166491508483887,10.249166840283134,9.99855767195253,10.016642839185636,9258000
2007-09-05,10.140656471252441,10.14582380300911,10.029561302403492,10.13290596640132,13255600
2007-09-06,10.153568267822266,10.231076226929714,10.078643480272625,10.096729623445961,9554000
2007-09-07,10.078646659851074,10.171656634349363,10.019223839603274,10.12773580504044,11090800
2007-09-10,10.086397171020508,10.140652655699542,10.00372186515701,10.109649662392577,9491600
2007-09-11,10.153568267822266,10.202657397525149,10.078643480272625,10.114814781052127,10580400
2007-09-12,10.238831520080566,10.280169179347228,10.156156201547242,10.181991869001079,6792600
2007-09-13,10.259500503540039,10.32150748913182,10.238832165387844,10.295670834482078,8636000
2007-09-14,10.256916999816895,10.32925765936618,10.220746670042253,10.233664504166402,7779600
2007-09-17,10.264668464660645,10.303422956230758,10.197495129582466,10.303422956230758,5232400
2007-09-18,10.50235652923584,10.50235652923584,10.140651372671604,10.21815933891615,10630000
2007-09-19,10.61861801147461,10.631536827185966,10.466185250412895,10.479104066124252,14020000
2007-09-20,10.4739351272583,10.610865879762438,10.4739351272583,10.605698551385492,7418000
2007-09-21,10.490589141845703,10.61287559372768,10.490589141845703,10.537422208842187,8169200
2007-09-24,10.52961540222168,10.62067913369432,10.514004051460555,10.516605446993958,8082400
2007-09-25,10.54262638092041,10.615477380029299,10.490589527619592,10.506200881365965,8202000
2007-09-26,10.594660758972168,10.657104174328046,10.555632879984602,10.58685458766254,9764400
2007-09-27,10.519207954406738,10.631086821497009,10.493190028696544,10.599865112140728,10945200
2007-09-28,10.355294227600098,10.550431685378443,10.355294227600098,10.527015150744225,7080200
2007-10-01,10.495794296264648,10.54522876564906,10.383915398560516,10.430748471670178,11402400
2007-10-02,10.534823417663574,10.563442750108381,10.459370014122074,10.459370014122074,4999000
2007-10-03,10.500996589660645,10.534820691550776,10.47237627210133,10.480181452337371,10759400
2007-10-04,10.558238983154297,10.612877238946814,10.500998338502782,10.500998338502782,7332200
2007-10-05,10.641495704650879,10.709142915374365,10.558237141058727,10.558237141058727,9970600
2007-10-08,10.625884056091309,10.711744013178793,10.602467523700113,10.683124689163192,5835200
2007-10-09,10.742971420288086,10.795008291991966,10.633693890457863,10.662314219521035,8175600
2007-10-10,10.662311553955078,10.761181486223,10.662311553955078,10.742968734557925,5832000
2007-10-11,10.771588325500488,10.831430361556325,10.680523580834294,10.761180755963702,11032800
2007-10-12,10.742971420288086,10.841840384752606,10.742971420288086,10.784600719147035,7765200
2007-10-15,10.664915084838867,10.800209542404547,10.586859292177838,10.748173670658039,10624800
2007-10-16,10.638894081115723,10.709143685294677,10.602468580990436,10.651903046514692,9074400
2007-10-17,10.667518615722656,10.735165858040023,10.537426925287013,10.690935159701905,10155000
2007-10-18,10.5738525390625,10.654509745197227,10.568648752293727,10.571251141938534,5874600
2007-10-19,10.339683532714844,10.573847878984315,10.308460825862593,10.553033733603218,12966000
2007-10-22,10.412534713745117,10.446358817170664,10.233008612524147,10.29024825772074,8822800
2007-10-23,10.417739868164062,10.503599843509082,10.360499222920348,10.451562983516666,7211600
2007-10-24,10.407331466674805,10.474978684499183,10.313665324671456,10.376109750180513,10129400
2007-10-25,10.662311553955078,10.688330479562703,10.448961326575189,10.467174078240262,10816200
2007-10-26,10.808014869689941,10.83923658879377,10.417739907070116,10.417739907070116,9860600
2007-10-29,10.904282569885254,10.951115645462645,10.852245708963645,10.873060850340515,5461400
2007-10-30,10.917291641235352,10.992745040666165,10.847042027198448,10.95631953542938,7014200
2007-10-31,11.044778823852539,11.099417066479779,10.927696166422523,11.057787787451362,11509600
2007-11-01,10.818418502807617,11.062990366395345,10.818418502807617,10.904278447224083,12996800
2007-11-02,10.906881332397461,10.984937101190495,10.8028086282073,10.984937101190495,12822800
2007-11-05,11.026567459106445,11.089010889219692,10.854846537514376,10.878263071936951,20123400
2007-11-06,11.036974906921387,11.161863762046151,10.8860691118031,11.161863762046151,9859800
2007-11-07,10.784600257873535,11.000551926305013,10.776794082313332,10.893876790509065,21120000
2007-11-08,10.995349884033203,11.016165032134175,10.716953729568466,10.787203365627917,16941000
2007-11-09,10.909482955932617,11.034370787718212,10.867853678670752,10.95111223319448,11569200
2007-11-12,10.719550132751465,11.005751311657702,10.719550132751463,10.995343743419571,16557200
2007-11-13,10.810616493225098,10.867857139885363,10.633691760384803,10.867857139885363,11647800
2007-11-14,10.745570182800293,10.896476974492389,10.745570182800291,10.828828760106093,7871200
2007-11-15,10.841838836669922,10.899079486622998,10.646701340034216,10.646701340034216,11841800
2007-11-16,10.844439506530762,10.930299475327807,10.722153043752648,10.927698079160827,8805400
2007-11-19,10.875662803649902,10.925098270691072,10.805413186686625,10.84444108250643,7318600
2007-11-20,11.008353233337402,11.07600043897704,10.914687108205372,10.927696071691422,15486800
2007-11-21,10.917291641235352,11.065596051139734,10.912087855841444,11.016161578678467,11251800
2007-11-23,10.906881332397461,11.055186697592026,10.831428944428701,10.930297864531306,2328800
2007-11-26,10.888673782348633,11.096821275134346,10.86265584201082,10.867859628582544,11085400
2007-11-27,10.930303573608398,11.031775927535952,10.84184118295522,11.031775927535952,12500000
2007-11-28,11.120233535766602,11.120233535766602,10.932901261414125,10.982335726025841,9764000
2007-11-29,11.044778823852539,11.122833597965782,11.005750940535766,11.068195355338542,7344000
2007-11-30,11.117633819580078,11.156661716958162,11.081208311371553,11.091615883008462,15875200
2007-12-03,11.226908683776855,11.359601716969422,11.11763119245319,11.302361079013197,7099600
2007-12-04,11.307562828063965,11.388219985889968,11.14104572128018,11.250323192932193,15338200
2007-12-05,11.502699851989746,11.510506023458701,11.34398792989724,11.42204368946551,13597600
2007-12-06,11.435056686401367,11.567749737947782,11.388223611144852,11.552139374542651,8212800
2007-12-07,11.494900703430176,11.570354114585996,11.422049681635997,11.541733786732358,12234600
2007-12-10,11.546932220458984,11.575552535045933,11.500099158865844,11.552136004249363,6041200
2007-12-11,11.278946876525879,11.619787393656368,11.276345479953864,11.619787393656368,12979000
2007-12-12,11.281551361083984,11.510513010253812,11.200894157081219,11.34139341856185,15409200
2007-12-13,11.448064804077148,11.448064804077148,11.190482909276398,11.190482909276398,9644000
2007-12-14,11.234712600708008,11.427247646234445,11.23471260070801,11.414238682485953,9793200
2007-12-17,11.13063907623291,11.258129304970403,11.086408400306233,11.19308349271094,8340000
2007-12-18,11.229511260986328,11.310168441815799,11.161864039257487,11.232112657294136,8003200
2007-12-19,11.200891494750977,11.35179829362515,11.187882527525412,11.23991938894825,6876800
2007-12-20,11.250325202941895,11.317972417463725,11.146251496347851,11.203492134226616,8566000
2007-12-21,11.273136138916016,11.37800292163711,11.27051491938568,11.36751604334825,9957600
2007-12-24,11.328185081481934,11.328185081481934,11.270509279920164,11.320320426742434,4431800
2007-12-26,11.270509719848633,11.354402707288815,11.246914754625877,11.354402707288815,3882200
2007-12-27,11.170886993408203,11.325564884425452,11.160400119421153,11.312456791983315,5911600
2007-12-28,11.252157211303711,11.30196936024228,11.1813733155927,11.30196936024228,3126000
2007-12-31,11.097484588623047,11.270514066967555,11.092241149875193,11.270514066967555,3816200
2008-01-02,11.034561157226562,11.204969367338208,10.984750003541393,11.05029146895612,9997800
2008-01-03,11.018829345703125,11.163021350055988,11.00310003619791,11.00310003619791,10287200
2008-01-04,11.102727890014648,11.173512818485456,10.974267131003147,11.037186400699134,14046600
2008-01-07,11.333434104919434,11.364893739469,11.115836882499615,11.168269273387644,18309000
2008-01-08,11.336050987243652,11.56413498048745,11.336050987243654,11.346536860434021,19207800
2008-01-09,11.459266662597656,11.4959697138945,11.322940329149995,11.425185829298098,18160000
2008-01-10,11.388486862182617,11.53267891391194,11.330811041574476,11.440920244622045,16979600
2008-01-11,11.385865211486816,11.45927134406921,11.288864107705292,11.288864107705292,10732400
2008-01-14,11.401594161987305,11.501216472838736,11.343917350380263,11.488108379314436,9706000
2008-01-15,11.280999183654785,11.454028650331194,11.249539553372788,11.328189129119588,17486800
2008-01-16,11.079130172729492,11.34653950298612,11.063400859239023,11.215456556786805,19357400
2008-01-17,10.651803016662598,11.089619680855414,10.63345147984516,11.031943850893644,28722400
2008-01-18,10.494502067565918,10.74880334477393,10.397500951551143,10.62558503518511,21770200
2008-01-22,10.132710456848145,10.303117658529823,9.451078649871398,9.684406095306061,27875400
2008-01-23,10.402746200561523,10.499747333456526,9.770926226690454,9.770926226690454,29698800
2008-01-24,10.119604110717773,10.541691401879065,10.119604110717773,10.541691401879065,26884400
2008-01-25,10.009495735168457,10.297877871035393,9.925602713822304,10.221850507997987,25056600
2008-01-28,10.166794776916504,10.182525093259592,10.006873394388018,10.014739052601406,11460000
2008-01-29,10.200876235961914,10.292633910885735,10.151065069586647,10.221849990278017,12135200
2008-01-30,10.148445129394531,10.376530258429108,10.093390512076065,10.166796668500687,13005000
2008-01-31,10.282148361206055,10.47352937505784,10.035711740563295,10.174660367122623,8879400
2008-02-01,10.549553871154785,10.565283181545476,10.345063835325961,10.352929490604621,8869600
2008-02-04,10.701614379882812,10.803858944008482,10.560044521823993,10.560044521823993,9367800
2008-02-05,10.379149436950684,10.65442346948749,10.345067585277768,10.61772039849374,12556400
2008-02-06,10.360798835754395,10.515476791807572,10.310987663497318,10.389637251302512,8484000
2008-02-07,10.305742263793945,10.34244533111527,10.200875499947095,10.290011949191845,14332000
2008-02-08,10.224475860595703,10.3083689158554,10.185150553405924,10.224475860595703,9948800
2008-02-11,10.30836296081543,10.342444807352217,10.20349620227925,10.224469954019897,6739200
2008-02-12,10.484018325805664,10.539072943400221,10.313610033155214,10.313610033155214,8388200
2008-02-13,10.434203147888184,10.557421447148988,10.394878860948749,10.49974462620417,11250600
2008-02-14,10.303123474121094,10.578397570741583,10.297880034175076,10.478775212018986,10169800
2008-02-15,10.447310447692871,10.447310447692871,10.182523335503683,10.29787596852254,7648600
2008-02-19,10.363418579101562,10.554799582197111,10.321472071574917,10.554799582197111,7995000
2008-02-20,10.384391784667969,10.384391784667969,10.227091639684911,10.227091639684911,9425800
2008-02-21,10.156312942504883,10.402748662813273,10.156312942504883,10.384397119816057,10102800
2008-02-22,10.334582328796387,10.334582328796387,10.130093186852323,10.229716538092385,11214400
2008-02-25,10.345067024230957,10.387013531675157,10.255930570901576,10.38439231249648,12142400
2008-02-26,10.478772163391113,10.486636820980092,10.242822434885614,10.245444654137687,8719000
2008-02-27,10.227093696594238,10.43420504576427,10.227093696594238,10.43420504576427,14281000
2008-02-28,10.158926010131836,10.232332123210654,10.106492643611272,10.193007848382694,12738200
2008-02-29,9.860060691833496,10.156308469888204,9.831222279799366,10.13271349641334,20464400
2008-03-03,10.009495735168457,10.014739174013053,9.831222814786956,9.85743900892624,12819200
2008-03-04,10.182524681091309,10.198254996797665,9.888899121824862,9.912494095342572,15920600
2008-03-05,10.153685569763184,10.200875513548832,10.014737957551876,10.193010856279084,12454600
2008-03-06,9.946573257446289,10.15630676426007,9.941329819767596,10.093386512199238,14616400
2008-03-07,9.88365364074707,9.938708234216524,9.791894984881205,9.84432835964978,22971400
2008-03-10,9.870548248291016,9.941332173503655,9.77878956731409,9.867926028789087,14422200
2008-03-11,10.040956497192383,10.158931384252073,9.90987351158913,10.114363649187197,16424000
2008-03-12,10.040956497192383,10.240203195356262,10.001632201561694,10.017361519780444,9664000
2008-03-13,10.009495735168457,10.067172562375324,9.836466253631555,9.836466253631555,15517200
2008-03-14,9.936084747314453,10.098627271916861,9.797136185884279,10.093383835628627,14957600
2008-03-17,9.941329956054688,10.009493646728675,9.702759038862716,9.702759038862716,10877000
2008-03-18,10.116984367370605,10.132714684893429,9.933467996606067,9.978036729545515,8959000
2008-03-19,9.917737007141113,10.352932384398875,9.867924843425197,10.119603880857339,11941400
2008-03-20,9.88895320892334,10.089636458252926,9.53247499279269,10.089636458252926,14983600
2008-03-24,9.920642852783203,10.031547556297282,9.851988327598063,9.95497061902562,11896200
2008-03-25,9.891593933105469,10.020982554258499,9.89159393310547,9.960249448753835,8519000
2008-03-26,9.928563117980957,10.044749080450462,9.881032680116082,9.881032680116082,10933400
2008-03-27,10.02890396118164,10.153011311389161,9.936484236962922,9.936484236962922,14689000
2008-03-28,9.936482429504395,10.142446924469168,9.925919889429466,10.034183406949317,10660200
2008-03-31,10.018345832824707,10.084360238435229,9.918004661552636,9.968175247188672,7890800
2008-04-01,10.277120590209961,10.324651035471959,10.086999816461706,10.100202494078987,17906600
2008-04-02,10.409148216247559,10.44875725196707,10.287681984080502,10.287681984080502,5949400
2008-04-03,10.353696823120117,10.409148669703395,10.24279312995356,10.398587132711103,9502000
2008-04-04,10.343134880065918,10.56230315401561,10.308808120071168,10.319370664977118,15743600
2008-04-07,10.388021469116211,10.448754569608603,10.311444556943442,10.369537525805454,7483800
2008-04-08,10.456676483154297,10.483082837246252,10.343131678807417,10.343131678807417,8156800
2008-04-09,10.430275917053223,10.506852868069632,10.382745465201648,10.451401010009421,9749600
2008-04-10,10.35633659362793,10.448756325714548,10.32993023638923,10.446116193640444,8073000
2008-04-11,10.369542121887207,10.424993976397346,10.332574218880449,10.348417030283455,14399400
2008-04-14,10.353696823120117,10.411789809426217,10.319370065120752,10.369540639558053,4660800
2008-04-15,10.467240333557129,10.483084147993326,10.388023275975224,10.422351036937213,8404200
2008-04-16,10.686407089233398,10.72073383814874,10.443473671305124,10.443473671305124,9311800
2008-04-17,10.707530975341797,10.78938915954315,10.652079144414774,10.731296189639004,7203400
2008-04-18,10.741864204406738,10.82636256334151,10.665287251840883,10.794675930565944,7004000
2008-04-21,10.644160270690918,10.744501415072104,10.575504743167349,10.681128166757631,7014200
2008-04-22,10.61247444152832,10.630958392700768,10.546460042398213,10.60455303596864,7886000
2008-04-23,10.628314971923828,10.69432935063143,10.580784538670397,10.649440056614011,5506200
2008-04-24,10.61775016784668,10.736576225668616,10.55173580320108,10.736576225668616,10186800
2008-04-25,10.652081489562988,10.691690524545066,10.601910918245343,10.628316270033661,7983800
2008-04-28,10.549093246459961,10.694324613829943,10.469876228558064,10.65207547046233,12568600
2008-04-29,10.599267959594727,10.641517119584813,10.543816125976383,10.564940202321711,8417000
2008-04-30,10.530616760253906,10.70753485850531,10.530616760253906,10.591349883861094,7644600
2008-05-01,10.654719352722168,10.720733725433705,10.570221036235353,10.588704980010633,17753000
2008-05-02,10.83163833618164,10.871246355212442,10.720733666836757,10.747140020156674,8195000
2008-05-05,10.675844192504883,10.77882645042304,10.620392362441164,10.749779965923176,7438400
2008-05-06,10.673205375671387,10.691690330346981,10.517412392730611,10.57022309534802,5495400
2008-05-07,10.512131690979004,10.683768498390938,10.501569146962986,10.615113976886093,6664000
2008-05-08,10.538538932800293,10.599272060829632,10.46460312603411,10.501571029417201,7365600
2008-05-09,10.572864532470703,10.630956508444982,10.446117029481895,10.51477154919681,6072400
2008-05-12,10.675844192504883,10.696968267496096,10.564939525078078,10.593986009577941,5150000
2008-05-13,10.660000801086426,10.736577716459978,10.588705156493749,10.731296445679105,5960600
2008-05-14,10.699612617492676,10.773548413099839,10.641519631058665,10.736580515296257,7699200
2008-05-15,10.689045906066895,10.749779001253156,10.646796752576483,10.699608446264316,7326200
2008-05-16,10.768265724182129,10.805233617121916,10.689048666839795,10.702251341846928,5946000
2008-05-19,10.889729499816895,10.93990005185346,10.757700777016153,10.757700777016153,4759800
2008-05-20,10.963671684265137,11.02704494424308,10.879173332761344,10.879173332761344,9398200
2008-05-21,10.908219337463379,11.085137438155567,10.892375519534324,10.918780875449656,8209600
2008-05-22,10.971588134765625,11.040243643917488,10.87124600993563,10.971588134765625,6137200
2008-05-23,10.802597999572754,10.966313454138792,10.773551498038467,10.961032180468925,3566600
2008-05-27,10.858041763305664,10.87916684222825,10.681123760175426,10.681123760175426,5035400
2008-05-28,10.865964889526367,10.908214042863973,10.797309385790715,10.908214042863973,5405200
2008-05-29,10.98215389251709,10.990075296932028,10.842203708921762,10.881811738296092,5759200
2008-05-30,10.908219337463379,11.02176418103887,10.87653170160527,11.01912304106748,6926000
2008-06-02,10.829002380371094,10.950469649182786,10.76298797642338,10.91878201003198,10984600
2008-06-03,10.733938217163086,10.905574994806978,10.712813132794903,10.858044562278032,9034200
2008-06-04,10.863327026367188,10.90029492077181,10.723376852606949,10.752423343153318,8773400
2008-06-05,10.992714881896973,11.00855768848619,10.807874415726596,10.905575416458273,5602400
2008-06-06,10.704890251159668,10.990071799642273,10.704890251159668,10.953103914403725,9284000
2008-06-09,10.871251106262207,10.926703968818837,10.707535673327897,10.731300898052217,7790200
2008-06-10,10.860688209533691,10.94782668442668,10.757705917705751,10.94782668442668,7648000
2008-06-11,10.85012149810791,10.929338537761332,10.78146699902143,10.881808112509416,9388600
2008-06-12,10.805231094360352,10.86332405958787,10.76034180835676,10.86332405958787,7738800
2008-06-13,10.902938842773438,10.971593377431832,10.786752850936384,10.805236802855946,19537200
2008-06-16,10.91349983215332,10.968951680002565,10.784111179872058,10.9002961478371,6174400
2008-06-17,10.974230766296387,11.029682603100103,10.942543139008988,10.963668223867254,8294200
2008-06-18,10.93198299407959,11.02176260154535,10.881811414810725,10.908217774241606,7824400
2008-06-19,10.945188522338867,11.032327012919046,10.90293934353941,10.90293934353941,8909600
2008-06-20,10.818826675415039,11.020998589725599,10.818826675415039,10.957154560267943,14011400
2008-06-23,10.949174880981445,11.03962000109918,10.882671146035063,10.882671146035063,8810600
2008-06-24,10.85872745513916,10.959813394927844,10.85872745513916,10.882668835226841,9228400
2008-06-25,10.986416816711426,11.01567862246784,10.890651275969148,10.890651275969148,10219000
2008-06-26,10.659218788146973,11.010358435129202,10.659218788146973,10.861390715055823,11244800
2008-06-27,10.56877326965332,10.749663507043275,10.563452849169328,10.659218388348298,12820600
2008-06-30,10.82680892944336,10.903953510350522,10.587395062754412,10.595376201488396,14565800
2008-07-01,10.882675170898438,10.949178930440658,10.691144018691451,10.723066553903841,23949000
2008-07-02,10.853410720825195,11.023660141580637,10.82946933260855,10.930555306719565,8653600
2008-07-03,10.741684913635254,10.959817110715205,10.741684913635252,10.933215004506314,10881200
2008-07-07,10.635276794433594,10.877350340479932,10.574093482220391,10.74434287529477,13056600
2008-07-08,10.691143035888672,10.792229025235049,10.587397342902513,10.632620422912765,19448800
2008-07-09,10.818826675415039,10.880011002079904,10.701780471970162,10.715081015466968,9646800
2008-07-10,10.845431327819824,10.882673264276061,10.794888844738738,10.842770609634858,11225800
2008-07-11,10.76296329498291,10.914591716445205,10.667197762529591,10.776263837875565,18472200
2008-07-14,10.688481330871582,10.89597267799194,10.61665716884533,10.89597267799194,13299000
2008-07-15,10.613996505737305,10.659218558423117,10.486308441617034,10.619315911539724,15423400
2008-07-16,10.40384578704834,10.621977984369755,10.326701201107046,10.621977984369755,14100200
2008-07-17,10.238913536071777,10.40384248330995,10.12186633532459,10.38522152223949,23315400
2008-07-18,10.249557495117188,10.438428913941426,10.177733324257268,10.252218213352748,13107800
2008-07-21,10.43044662475586,10.45970843352282,10.244235944684212,10.265517629157117,18286200
2008-07-22,10.395862579345703,10.534189431693589,10.361280358875586,10.377240603118493,10501000
2008-07-23,10.143147468566895,10.465025223794656,10.103244831407723,10.465025223794656,16906600
2008-07-24,10.12718677520752,10.21763187834538,9.97289866677604,10.14580773631535,12823400
2008-07-25,10.004819869995117,10.161768690896938,9.994179031175884,10.119206350386253,12635400
2008-07-28,10.028765678405762,10.143152209307111,9.975562475582649,10.004824287873696,10399000
2008-07-29,10.042064666748047,10.076646895430416,9.980881348166333,10.0234437008652,8235200
2008-07-30,10.238913536071777,10.238913536071777,10.0287615299723,10.042062071484589,10627800
2008-07-31,10.129850387573242,10.254876731492802,10.127189669645228,10.209654674382158,10823800
2008-08-01,9.83989143371582,10.201670839290435,9.815950052523663,10.199011136831881,19705600
2008-08-04,9.733485221862793,9.901074892829866,9.696243298262623,9.869152374230026,13916400
2008-08-05,9.8132905960083,9.906396430279644,9.640381500532534,9.722845479303626,17429400
2008-08-06,9.866495132446289,9.972901524784358,9.789350548739518,9.802651094090136,11404800
2008-08-07,9.858515739440918,9.975561967881402,9.714867403559433,9.842554474976318,10907200
2008-08-08,9.887772560119629,9.946296158193912,9.754765120689882,9.78934733907616,11339600
2008-08-11,9.996844291687012,10.079308293099166,9.869156197356295,9.943641088176998,9311400
2008-08-12,9.87979507446289,10.028763811685732,9.786690247927678,9.988861163304069,11249800
2008-08-13,9.87979507446289,9.962260074227295,9.810631634003377,9.834573020079073,7837200
2008-08-14,9.794671058654785,9.887775891719983,9.749449001099283,9.887775891719983,8689600
2008-08-15,9.82925033569336,9.866492257730854,9.79732883319926,9.821269198995132,5562600
2008-08-18,9.842554092407227,9.930339521400448,9.831913249844424,9.874475605329035,5934400
2008-08-19,9.895751953125,9.901072371536804,9.829248245126534,9.882451414478519,4267000
2008-08-20,9.933001518249512,9.954282193522356,9.826595097584782,9.874477885407227,6973000
2008-08-21,10.028765678405762,10.076648459469892,9.866496366440279,9.88245763171722,8225000
2008-08-22,10.068663597106934,10.116546360469016,10.042062512913029,10.071324314386114,5306600
2008-08-25,9.962258338928223,10.092605073372772,9.917035277655188,10.063344286391779,6928200
2008-08-26,10.071324348449707,10.105906569831802,9.935656180209506,9.948957737117764,5091800
2008-08-27,10.143147468566895,10.1750689694345,10.06068249199551,10.127186210749983,5246200
2008-08-28,10.159112930297852,10.214976853970924,10.135171538657032,10.199015587954799,3599600
2008-08-29,10.018121719360352,10.214973204157177,10.018121719360352,10.145808757566519,4412000
2008-09-02,9.895751953125,10.26285270541103,9.866490159243106,10.26285270541103,12448200
2008-09-03,9.738808631896973,9.89309679343794,9.701566696861796,9.89309679343794,6881400
2008-09-04,9.616443634033203,9.773392540587764,9.587181818694198,9.722849035996102,8399200
2008-09-05,9.414262771606445,9.608453436548231,9.374361164017932,9.592493199419161,12309000
2008-09-08,9.651022911071777,9.67762501727406,9.462152523485221,9.462152523485221,13014400
2008-09-09,9.34776496887207,9.714865875690347,9.321163880381295,9.709545455038896,17798600
2008-09-10,9.451510429382324,9.494072778903043,9.366385730340888,9.392987833020372,8508600
2008-09-11,9.525994300842285,9.56589592851777,9.283920773118808,9.377025585794627,16788800
2008-09-12,9.704224586486816,9.736146094155698,9.494072546903277,9.494072546903277,12394200
2008-09-15,9.366382598876953,9.637717866893398,9.366382598876953,9.4089449341678,16740200
2008-09-16,9.225399017333984,9.398309149552578,8.826376571998662,9.38766830746633,37290600
2008-09-17,8.778493881225586,9.214758263263239,8.778493881225586,9.132294273223538,30698600
2008-09-18,9.10036849975586,9.132291014929939,8.791791289769844,8.823712790177721,35972000
2008-09-19,9.392888069152832,9.862532472610473,9.1486730203046,9.363367399993669,18711400
2008-09-22,9.15941047668457,9.395573846451944,9.135257288442016,9.395573846451944,11316600
2008-09-23,9.001075744628906,9.239923439924896,9.001075744628906,9.127208187555565,7041600
2008-09-24,9.084270477294922,9.084270477294922,8.912514854755829,9.027913355601331,6613200
2008-09-25,9.264071464538574,9.36336742344151,9.06279529112412,9.06279529112412,8399000
2008-09-26,9.266763687133789,9.339223302713446,8.995711961071708,8.995711961071708,6415400
2008-09-29,8.781012535095215,9.162095091822978,8.724654404862305,9.162095091822978,15995800
2008-09-30,8.917880058288574,8.925930781109818,8.740756990013207,8.786380141402923,6718400
2008-10-01,8.880313873291016,8.966191713009737,8.716608921407014,8.944722764952356,13449000
2008-10-02,8.751490592956543,8.952766821778013,8.641459628817227,8.802480202376866,10482600
2008-10-03,8.61999225616455,8.931299542414752,8.582420845991203,8.797115349656146,16253400
2008-10-06,8.19865608215332,8.668300877638718,7.916869409610965,8.394565443007247,19281800
2008-10-07,7.863192558288574,8.35162339197192,7.841723110468472,8.190602277385146,18079800
2008-10-08,7.72632360458374,7.994691904649223,7.516996146258777,7.573353243574012,20994200
2008-10-09,7.205691337585449,7.989327052913823,7.205691337585449,7.822938426728066,19532600
2008-10-10,6.913171768188477,7.192274707567494,6.247618093181668,7.025886544751906,29658400
2008-10-13,7.74779748916626,7.825624074622202,7.0339369308837005,7.318407860560161,12139600
2008-10-14,7.683389663696289,8.281851786994165,7.377449748090285,8.281851786994165,22166600
2008-10-15,7.111763000488281,7.69680622733365,7.084926056602579,7.549203291898351,17348800
2008-10-16,7.318403244018555,7.380127826628377,6.805819861373389,7.256678661408733,21499600
2008-10-17,7.355976581573486,7.830988693545942,7.125179632098776,7.439170628434736,22400800
2008-10-20,7.975906848907471,8.0403151888275,7.406966257011216,7.412333746639214,19937600
2008-10-21,7.7236409187316895,7.967856064312737,7.667283301820382,7.943702873046745,14374200
2008-10-22,7.396233558654785,7.761214775962268,7.0366198326305645,7.761214775962268,19488400
2008-10-23,7.573356628417969,7.742429019672884,7.095661168397724,7.361345842783309,31864400
2008-10-24,7.372078895568848,7.55456946797777,7.076874099830694,7.117129252715711,27834400
2008-10-27,7.084925651550293,7.457958075303448,7.084925651550292,7.294253187644752,15016000
2008-10-28,7.798785209655762,7.890030502498616,7.076874614696567,7.5143148617838404,15944600
2008-10-29,7.549201011657715,7.957121002265955,7.549201011657716,7.844406281489256,17527000
2008-10-30,7.970539569854736,8.01347846151161,7.680701795234852,7.825620426608812,20751400
2008-10-31,7.758528709411621,8.163764966375718,7.7504774748952,8.064468454827804,23792400
2008-11-03,7.839036464691162,7.9141797601909385,7.7075360814704235,7.906128528285733,12163000
2008-11-04,7.9866437911987305,8.134246209143964,7.871245295192914,7.959806848334476,15579800
2008-11-05,7.839036464691162,7.997373775724095,7.7075360814704235,7.833669488626183,17569400
2008-11-06,7.471375465393066,7.766580774911428,7.329140044949773,7.715590641262391,19744800
2008-11-07,7.798785209655762,7.806836445567335,7.398916373078341,7.5116311164799825,16855200
2008-11-10,7.61092472076416,7.941017588220521,7.468689345545589,7.914180657366014,16641600
2008-11-11,7.61092472076416,7.7397413746195385,7.388179064853948,7.581404045637015,15994600
2008-11-12,7.358658790588379,7.527730593999732,7.358658790588379,7.428434609862371,13861800
2008-11-13,7.91686487197876,7.941018059995566,7.299617985013926,7.364026315768107,29509400
2008-11-14,7.729007720947266,8.08325434751412,7.581405343781718,7.723640743354895,26159200
2008-11-17,7.715587615966797,7.930282023140614,7.549199066503206,7.712903871893143,20978200
2008-11-18,7.6323957443237305,7.804151318381225,7.455272680608942,7.535782977980396,24702200
2008-11-19,7.468691825866699,7.873928131918574,7.455273611919253,7.581406563390214,21096600
2008-11-20,7.033933639526367,7.581405274994418,6.972209046862409,7.409649708669679,31769200
2008-11-21,7.737058639526367,7.737058639526366,7.095658518989525,7.095658518989525,38402000
2008-11-24,7.814888000488281,8.000061827164703,7.632397407353173,7.745112155355911,20148600
2008-11-25,7.970539569854736,8.051049863743383,7.715589452754076,7.970539569854735,23220400
2008-11-26,7.943706035614014,7.970542982357504,7.69949079280541,7.782684867025262,19436600
2008-11-28,8.083253860473633,8.088620837742626,7.809518056749368,7.981273614283681,5949200
2008-12-01,7.546517848968506,8.037631884377447,7.546517848968506,7.986641757109072,18470600
2008-12-02,7.742428779602051,7.742428779602051,7.498213565914831,7.669969185596711,22121200
2008-12-03,7.876608848571777,7.932965939728533,7.5814036483842155,7.683383366041521,19609600
2008-12-04,7.592140197753906,7.892712436602321,7.4230678655137075,7.85245729002626,22819400
2008-12-05,7.640446186065674,7.737058948857406,7.243261179722723,7.43648619343422,23859000
2008-12-08,7.763893127441406,7.935648634197112,7.645810960610965,7.935648634197112,16384200
2008-12-09,7.653866291046143,7.804152439944624,7.594824920074836,7.763897285473681,17933800
2008-12-10,7.7692646980285645,7.814887342470892,7.643131233579275,7.643131233579275,11493200
2008-12-11,7.7075395584106445,7.908815839991893,7.651182445266482,7.793417868524503,12761800
2008-12-12,7.755843639373779,7.761211128134281,7.514312275742162,7.6860678211029745,13821200
2008-12-15,7.6350812911987305,7.798785669408102,7.535784756590593,7.796101923946033,13640800
2008-12-16,7.895397186279297,7.93028484792014,7.645814529118111,7.895397186279298,14474200
2008-12-17,7.6565470695495605,7.876608973136431,7.627026395502394,7.8444045549148065,18228800
2008-12-18,7.720956802368164,7.868559175781892,7.667282932833015,7.68070165615278,19819800
2008-12-19,7.7668843269348145,7.897328726216947,7.707097440182162,7.794060373036917,15981800
2008-12-22,7.663616180419922,7.7859076136672725,7.5793703833975465,7.753296772137305,12642800
2008-12-23,7.576653957366943,7.766885797766297,7.541325453581953,7.67176987756662,6867000
2008-12-24,7.6147003173828125,7.641876367492581,7.544042794433431,7.544042794433431,2107600
2008-12-26,7.631006717681885,7.712534360115237,7.625571403295631,7.652747456886785,2173200
2008-12-29,7.64730978012085,7.698944214159306,7.549476743091082,7.614698940557577,3731800
2008-12-30,7.764166831970215,7.777755114473859,7.669050927804613,7.736990785302903,7981600
2008-12-31,7.889179229736328,7.938095509031388,7.7750402080341985,7.79406329192786,8562000
2009-01-02,8.073973655700684,8.133761071214519,7.883742336507723,7.973422941438418,10751000
2009-01-05,8.188112258911133,8.188112258911133,8.046797734388555,8.082126235934192,13622000
2009-01-06,8.071253776550293,8.2805081047768,8.038642422948566,8.18810987430177,19155200
2009-01-07,8.006033897399902,8.030492291655916,7.910918495671035,8.006033897399902,9761000
2009-01-08,7.965269088745117,7.987009823341112,7.894611571723134,7.921787619553127,16787400
2009-01-09,7.902767658233643,8.016906689461274,7.870156284308517,8.016906689461274,8962400
2009-01-12,7.905486106872559,7.978861316790185,7.881027703566683,7.92179153629639,9365600
2009-01-13,7.756015777587891,7.938094130867397,7.7043813314551555,7.932659335227165,15602000
2009-01-14,7.660899639129639,7.69622814232001,7.486973225070731,7.663617296042753,13091600
2009-01-15,7.701663017272949,7.7206860962406765,7.544042553674605,7.67176931127222,15866600
2009-01-16,7.853846549987793,7.921786399932912,7.745142893743586,7.8022121188943245,12058200
2009-01-20,7.717967510223389,7.913634626538493,7.709815059270235,7.853847221735561,11946400
2009-01-21,7.804931640625,7.86471905460462,7.622852778518056,7.86471905460462,12102000
2009-01-22,7.802213668823242,7.864718737127875,7.7179683832909385,7.758732197687857,13549800
2009-01-23,7.81851863861084,7.851129478743839,7.62556918085409,7.669050646591394,15356800
2009-01-26,8.006033897399902,8.076691423212823,7.834825655947876,7.84841342238341,12336000
2009-01-27,8.044082641601562,8.103869554943191,7.95440201241902,8.027777214024791,9917400
2009-01-28,8.095711708068848,8.15278092574594,7.851127865624588,8.14191030237515,14158600
2009-01-29,8.035927772521973,8.201701221847962,7.997881611039971,8.049516057579883,16365200
2009-01-30,7.875589847564697,8.10115020214966,7.810367632564958,8.060386382567334,16238800
2009-02-02,7.919068336486816,7.946244378735288,7.72340176530963,7.785906299643189,14614800
2009-02-03,7.954399585723877,8.008751167178495,7.848413042958298,7.891895033798047,13319400
2009-02-04,8.014183044433594,8.106581263461162,7.9435255523337,8.035923771361269,16164800
2009-02-05,8.071253776550293,8.11745289178781,7.938091224488134,7.989725651715918,16522200
2009-02-06,8.122889518737793,8.212570113458197,8.003315738003918,8.071255598196347,15762800
2009-02-09,8.076689720153809,8.166370307402362,7.995162102051471,8.144629574685741,14593000
2009-02-10,7.848412036895752,8.079407653902408,7.791342805932917,8.057666920439427,19127600
2009-02-11,7.823953628540039,7.910916556425928,7.7505784637588455,7.910916556425928,17739800
2009-02-12,7.756015777587891,7.764168230218274,7.552196168387172,7.679922936883863,23816000
2009-02-13,7.709814548492432,7.802212269326561,7.688073816824413,7.698943923488457,13779000
2009-02-17,7.375551700592041,7.606547349082883,7.34294085512277,7.606547349082883,18619400
2009-02-18,7.264129638671875,7.389139249436273,7.209778062185608,7.356527888872519,17247600
2009-02-19,7.2967424392700195,7.380987736370793,7.258695758047013,7.315765520711475,15639200
2009-02-20,7.130967617034912,7.25597722850953,7.000523210718784,7.220648211169749,22692600
2009-02-23,6.9597625732421875,7.209781391897837,6.916281084636008,7.169017042781841,11566800
2009-02-24,7.160862922668457,7.215214511618853,6.962478612236295,6.962478612236295,15448800
2009-02-25,7.114662170410156,7.193472137900403,7.068463045212428,7.1309675915564155,13112200
2009-02-26,6.997805595397949,7.201625175846433,6.967911891063373,7.1445559421240565,13448600
2009-02-27,6.889102458953857,7.005959110439464,6.772245807468252,6.943454040299231,18289200
2009-03-02,6.671694278717041,6.891819806044172,6.625495151562706,6.802139208431642,22989000
2009-03-03,6.432545185089111,6.772244443874257,6.389063721431808,6.696151623304008,12226800
2009-03-04,6.49233341217041,6.58744932799052,6.402652810017743,6.473310332674396,11401800
2009-03-05,6.3075361251831055,6.484180169458322,6.196114800285185,6.416240311918616,22642800
2009-03-06,6.299384593963623,6.481463459494015,6.1526342314435825,6.315690017019166,19932800
2009-03-09,6.179812431335449,6.304822100477765,6.109154882401136,6.234164551543453,20237000
2009-03-10,6.261337757110596,6.364606116417595,6.187962583783519,6.204268005076203,17170400
2009-03-11,6.250467300415039,6.3455832108284875,6.239596673698069,6.331994927432274,18785400
2009-03-12,6.331995487213135,6.37275982266554,6.201551065117599,6.261338480666429,13032800
2009-03-13,6.4189605712890625,6.465159713883267,6.367326113486085,6.386349198376607,14314000
2009-03-16,6.592884063720703,6.712458362222297,6.462439657177143,6.489615186452054,17967600
2009-03-17,6.696152210235596,6.723328256988432,6.5412494175864095,6.6119069318077885,12627800
2009-03-18,6.913561820983887,6.957043299490569,6.614626267495365,6.696153910110366,17795800
2009-03-19,7.014110565185547,7.03313364186845,6.891819135792612,6.986934519207129,17495200
2009-03-20,6.965204238891602,7.127313568355588,6.940475661579063,7.025651581174486,15713400
2009-03-23,7.234469413757324,7.250954955058489,7.036641345945609,7.099836357655002,14104800
2009-03-24,7.077859401702881,7.234473441420787,7.077859401702881,7.198754661371487,12890200
2009-03-25,7.075109004974365,7.2069944062815425,6.96520450388505,7.1218184834455736,14151200
2009-03-26,7.160284519195557,7.179517740280358,6.989932683245059,7.121818077025955,13922600
2009-03-27,7.088847637176514,7.127314609764394,7.039390999391051,7.12456693143197,15390000
2009-03-30,6.9487152099609375,7.0009194922658,6.860791132470489,6.967948421764383,17798400
2009-03-31,7.020155429840088,7.152041335251279,6.937727197515773,6.967951127265451,15403400
2009-04-01,7.047630786895752,7.116321146464065,6.860792925019403,6.929483284587716,11081000
2009-04-02,7.138305187225342,7.234471837825718,7.031148346763652,7.193257708730152,18623800
2009-04-03,7.185013771057129,7.2179853846329625,7.116323389834659,7.19050912733077,10420200
2009-04-06,7.124566555023193,7.2289757058088275,7.069614039410106,7.124566555023194,11021600
2009-04-07,7.091593265533447,7.149293445702777,6.981688784336989,7.072360046832305,9097400
2009-04-08,7.160284519195557,7.182265418159039,7.053127702256825,7.108080211698517,8950600
2009-04-09,7.163032054901123,7.404822462766303,7.0915940036712275,7.292170292306149,12327600
2009-04-13,7.069610595703125,7.1602818354512605,7.031144167951119,7.146543975272908,9148200
2009-04-14,6.978940963745117,7.077855256827344,6.948717559576798,7.011912569461157,12807000
2009-04-15,7.044886589050293,7.077858208516534,6.943225100156098,6.943225100156098,9851600
2009-04-16,7.094339370727539,7.138301153462714,7.0256490196956065,7.072358479359952,40656400
2009-04-17,7.08335018157959,7.132806801051034,7.042135545921261,7.110825906597327,13649000
2009-04-20,7.003672122955322,7.0861009056473465,6.998176765962636,7.011915158444351,9955000
2009-04-21,7.028398036956787,7.075107505528739,6.987183923291157,7.003669463944231,2376600
2009-04-22,6.954212665557861,7.039389098666112,6.921241582603498,7.003669814055319,12536800
2009-04-23,6.978940963745117,6.984436318708772,6.907502921415274,6.976193286263289,12980400
2009-04-24,6.967947959899902,7.031142944226889,6.9047524515072345,6.9954236754746395,11440200
2009-04-27,7.017409324645996,7.080604347139996,6.87178553344739,6.874533211477477,11312600
2009-04-28,7.044886589050293,7.105334470727383,6.95421529060077,6.956962969228465,9082000
2009-04-29,7.097088813781738,7.13555525223102,7.053127020106582,7.064117206492412,13377000
2009-04-30,7.102585792541504,7.198752434712736,7.0229046957503005,7.119071337921532,17077600
2009-05-01,7.289426326751709,7.289426326751709,7.061374191867659,7.185016612525532,6983800
2009-05-04,7.399327278137207,7.40756978773419,7.2591988502628,7.308656004108587,15229200
2009-05-05,7.385587215423584,7.404820956279558,7.300411316467681,7.385587215423584,7705800
2009-05-06,7.341624736785889,7.459772227745075,7.305905983830365,7.459772227745075,9706800
2009-05-07,7.380092144012451,7.429549285038564,7.327887325810906,7.344372864797665,13806200
2009-05-08,7.487249851226807,7.643863800961558,7.391083234563008,7.413064130594799,16211600
2009-05-11,7.454279899597168,7.525717958572389,7.413065775898468,7.424056488386663,7803400
2009-05-12,7.506482124328613,7.555939265187647,7.437791767372361,7.500986769996312,9010400
2009-05-13,7.305906772613525,7.473511419657204,7.297663740703459,7.435044461476084,14817400
2009-05-14,7.300411701202393,7.377345096483152,7.212488120347742,7.336130983465769,9007400
2009-05-15,7.127312660217285,7.259198039702447,7.050379260151318,7.2537026845407535,20801600
2009-05-18,7.127312660217285,7.185012317217327,7.047631582570471,7.1767698085406995,10848400
2009-05-19,7.256452560424805,7.289424177317625,7.121819462572424,7.14105268739904,13592800
2009-05-20,7.124566555023193,7.294918410104915,7.11907119864868,7.28942357779643,14184600
2009-05-21,7.039390563964844,7.083352366432229,7.011914306406223,7.0558761088736075,11570200
2009-05-22,7.097088813781738,7.160283826681535,7.022903090430193,7.022903090430193,9785000
2009-05-26,7.303159236907959,7.303159236907959,7.028397790035476,7.05037868482264,14246800
2009-05-27,7.154789924621582,7.316898732308494,7.138303856803127,7.316898732308494,11873800
2009-05-28,7.303159236907959,7.338877994412399,7.165778513471717,7.165778513471717,12950000
2009-05-29,7.355366230010986,7.380094809455176,7.239966367293443,7.316899259727789,10360600
2009-06-01,7.59165620803833,7.616384772564979,7.380090357405251,7.410313750886715,17635800
2009-06-02,7.500987529754639,7.619135039536823,7.4954926989316135,7.558687707956446,13052600
2009-06-03,7.374597072601318,7.514725469529638,7.303159035496733,7.4790061889444175,12674800
2009-06-04,7.443286418914795,7.457024279382592,7.377343745350954,7.421305527726847,7206000
2009-06-05,7.451534271240234,7.55594344092575,7.38559103094124,7.536710214199428,12327000
2009-06-08,7.4048237800598145,7.481756676558147,7.322395002869532,7.465271130746512,12834200
2009-06-09,7.385587215423584,7.457025252119643,7.352616136373619,7.42130649580454,8099200
2009-06-10,7.500987529754639,7.517473594421376,7.402073762083648,7.440540198174262,27226400
2009-06-11,7.646615505218506,7.737286814605834,7.500991664780482,7.525720251346678,27251600
2009-06-12,7.742783546447754,7.79224072835611,7.555945536601194,7.60540271850955,23854800
2009-06-15,7.5861639976501465,7.704311508044626,7.520221310839111,7.690573120751146,14234200
2009-06-16,7.533960819244385,7.652108355438533,7.51747527495818,7.613641386682715,13608400
2009-06-17,7.555939197540283,7.63012490816466,7.509229734265584,7.54220133589836,18168800
2009-06-18,7.726296901702881,7.737287093869987,7.5669351847833815,7.577925376950487,23837200
2009-06-19,7.633755207061768,7.800491870722945,7.617081699708022,7.753249824852966,19960000
2009-06-22,7.611523151397705,7.694891742379831,7.547607602673585,7.597628651254619,20484200
2009-06-23,7.544827938079834,7.644870026509642,7.51425993442496,7.611522487019319,16793400
2009-06-24,7.608745098114014,7.658766152958592,7.550387554156185,7.583735100732994,11261200
2009-06-25,7.736576080322266,7.767144617901374,7.539270884193556,7.6698815229106705,17455200
2009-06-26,7.708784580230713,7.778258126047544,7.664321553311228,7.733795099128059,6678800
2009-06-29,7.808828830718994,7.817165319312577,7.692113220037682,7.7532497665693265,8966200
2009-06-30,7.750468730926514,7.883858343949898,7.66154267560499,7.883858343949898,13243200
2009-07-01,7.850511074066162,7.878300599805593,7.739353501149555,7.753247998998712,15529400
2009-07-02,7.6254167556762695,7.850510902158508,7.617079739124665,7.781037354351795,18944200
2009-07-06,7.669882297515869,7.697671831754225,7.539271645607981,7.583735218414118,13281800
2009-07-07,7.5170369148254395,7.700447020433823,7.503142418659158,7.700447020433823,17148800
2009-07-08,7.483691692352295,7.608743777721407,7.425333628480432,7.528154726711247,17561000
2009-07-09,7.4864702224731445,7.5670592683616915,7.419775675173301,7.4975857153358785,12672400
2009-07-10,7.478135585784912,7.517040618250709,7.419778037086218,7.494809095407209,13236600
2009-07-13,7.608745098114014,7.619861123653374,7.433671936199255,7.478134978274155,12579600
2009-07-14,7.66710090637207,7.669879911935673,7.564279820683213,7.655984884117657,11578000
2009-07-15,7.819941997528076,7.822721002912374,7.686552919328277,7.764363479965367,15265000
2009-07-16,7.822724342346191,7.858850897723002,7.711566729727746,7.80605083296375,8756000
2009-07-17,7.786596775054932,7.861628347479601,7.717123214670875,7.861628347479601,7596000
2009-07-20,7.844952583312988,7.850510594129312,7.736574022600102,7.786595059864846,8794200
2009-07-21,7.922766208648682,7.933881704539022,7.842176610768227,7.872745152038923,13569200
2009-07-22,7.881081581115723,7.950555147860279,7.850513042134917,7.922765615154207,11785800
2009-07-23,8.086723327636719,8.120070343067754,7.875523619755561,7.8949761337638735,15589200
2009-07-24,8.214556694030762,8.214556694030762,8.033925475695755,8.086725549684616,10510400
2009-07-27,8.19510269165039,8.214555207483588,8.1367451441508,8.200660704757391,6353600
2009-07-28,8.0617094039917,8.19787747471251,7.995014871192182,8.186761454225408,9412400
2009-07-29,8.022808074951172,8.0811656191723,7.928323977605396,8.031144564102034,10645800
2009-07-30,8.145075798034668,8.189538810951468,8.056149772201067,8.114507807929945,12898800
2009-07-31,8.042259216308594,8.161753820783316,8.036701204462984,8.122848267905221,10675200
2009-08-03,8.12285041809082,8.12562942474925,8.028366311869442,8.078387371638563,12321600
2009-08-04,8.003350257873535,8.097834298879679,7.995013773693612,8.097834298879679,12990800
2009-08-05,7.947774410247803,8.056152981146997,7.8949743626123166,8.042258482841355,9034200
2009-08-06,7.961671352386475,7.9866818810465166,7.908871288544022,7.9866818810465166,10230800
2009-08-07,8.036701202392578,8.07004874341647,7.961669632619708,8.003353661368687,14344800
2009-08-10,8.053375244140625,8.0589332563549,7.944996656168353,8.03392273143188,6442600
2009-08-11,8.05893325805664,8.05893325805664,7.983901683271737,8.047817233625743,5669600
2009-08-12,8.0978364944458,8.153415544238898,8.003352427822195,8.064489488602824,9098000
2009-08-13,8.070050239562988,8.125628778185211,8.02002918377409,8.106176263165368,11472600
2009-08-14,8.070050239562988,8.108955269602673,7.989460643005035,8.039481698793933,7126200
2009-08-17,7.958891868591309,8.006133916556044,7.942218360498244,7.975565906725638,9564200
2009-08-18,7.975566864013672,8.01447189758092,7.919987790310749,8.01447189758092,9345200
2009-08-19,8.033923149108887,8.053375662828952,7.939439056718934,7.961670576690614,7654600
2009-08-20,8.100618362426758,8.100618362426758,8.003355255939864,8.053376312421198,6626200
2009-08-21,8.259017944335938,8.261796950785827,8.114513319230623,8.12284980853901,14245200
2009-08-24,8.272910118103027,8.297920637469042,8.214552062901959,8.278468129082388,6479200
2009-08-25,8.220111846923828,8.30347990943194,8.217332840834729,8.27291190253428,6565600
2009-08-26,8.211775779724121,8.247902333025282,8.158976248039771,8.22844981818986,6671000
2009-08-27,8.211775779724121,8.231228824600818,8.153418235217858,8.22844981818986,9706000
2009-08-28,8.192322731018066,8.242343783073004,8.145080685192985,8.222891269505249,6695000
2009-08-31,8.12285041809082,8.183987504493667,8.100618894864692,8.17287147785994,14720000
2009-09-01,8.05893325805664,8.183985882698144,8.045038757559237,8.092280801308114,13162200
2009-09-02,8.003350257873535,8.0533712831169,7.975561270552516,8.028360770495217,10472000
2009-09-03,7.99779748916626,8.039481524740795,7.953334447214584,8.039481524740795,7518400
2009-09-04,8.036701202392578,8.056153713806022,7.986680155877331,8.039480208314668,11043800
2009-09-08,8.056154251098633,8.103396294842524,8.022807237891897,8.097838282627661,6193000
2009-09-09,8.045039176940918,8.089502216899895,8.036702158183143,8.053375665657448,9241600
2009-09-10,8.045039176940918,8.067270696920406,7.992239118224166,8.03114414567796,10601400
2009-09-11,8.042259216308594,8.086722250991116,8.022806704890138,8.058932721804243,14205400
2009-09-14,8.158973693847656,8.158973693847656,8.003352563799416,8.020026597045298,13520200
2009-09-15,8.220111846923828,8.222890853012927,8.111733259655038,8.164532785224276,8370000
2009-09-16,8.350719451904297,8.35349845716111,8.175646361053476,8.245119902350652,11341800
2009-09-17,8.295145988464355,8.367398579018689,8.284029960667668,8.336830032619176,10708000
2009-09-18,8.333044052124023,8.349889678392922,8.296544570443137,8.296544570443137,9569200
2009-09-21,8.29373836517334,8.32181423367614,8.229162475283452,8.288122977267633,12258800
2009-09-22,8.271276473999023,8.330236973562766,8.254430846486315,8.330236973562766,9885800
2009-09-23,8.243202209472656,8.377968326804185,8.23477912632208,8.282508859816115,19368800
2009-09-24,8.220739364624023,8.302160341616144,8.220739364624023,8.246008072952261,9617200
2009-09-25,8.198280334472656,8.254432616728357,8.195472640032929,8.212318271158342,5916000
2009-09-28,8.26846981048584,8.330237472070703,8.189855984867297,8.220740083416166,7440800
2009-09-29,8.285313606262207,8.321812549235716,8.234776196365997,8.313390004594853,11010800
2009-09-30,8.234779357910156,8.321815744195389,8.187049623073811,8.316200890783378,13267000
2009-10-01,8.094395637512207,8.243200190311887,8.0803577045461,8.243200190311887,18486000
2009-10-02,8.007359504699707,8.043858452766312,7.979283102449257,8.027012825621174,12871200
2009-10-05,8.094395637512207,8.114048957869882,7.95962955319145,8.010166968689937,13698400
2009-10-06,8.156164169311523,8.192663655768687,8.094396507900852,8.119665218367233,7927000
2009-10-07,8.161779403686523,8.17301017946592,8.102819437383285,8.142126081585443,6563000
2009-10-08,8.161779403686523,8.212316823668077,8.147741469475141,8.212316823668077,18317400
2009-10-09,8.212318420410156,8.234779440823237,8.13089688671713,8.17581946305626,9148400
2009-10-12,8.296546936035156,8.296546936035156,8.209510550730915,8.209510550730915,4933600
2009-10-13,8.237584114074707,8.265660513171923,8.203892328055494,8.265660513171923,9727400
2009-10-14,8.243202209472656,8.293739637350216,8.198280170362146,8.274085776665538,15955600
2009-10-15,8.307774543762207,8.319004781687495,8.223545885027924,8.223545885027924,15067400
2009-10-16,8.335855484008789,8.369546751655598,8.2432036947105,8.26847241320213,15137600
2009-10-19,8.453775405883789,8.48746667119552,8.304970800136788,8.338662600961527,17785200
2009-10-20,8.369544982910156,8.476235224108516,8.33585372238336,8.470619835516406,12402400
2009-10-21,8.380777359008789,8.481851695385428,8.358316335868087,8.366738884850205,16686800
2009-10-22,8.400425910949707,8.408848990655608,8.313389562706304,8.389195138008505,8429200
2009-10-23,8.262853622436523,8.425696110404987,8.237584914345483,8.425696110404987,14337000
2009-10-26,8.15335464477539,8.377964744281854,8.128085941641825,8.276889931747586,24405200
2009-10-27,8.133705139160156,8.234780005708997,8.105629263352593,8.181434877751219,21525400
2009-10-28,8.052282333374023,8.167395112065549,8.04105155715393,8.130895624863133,31477800
2009-10-29,8.12247085571289,8.136508786634014,8.038241663647927,8.085971378497584,15075800
2009-10-30,7.97086238861084,8.144935705856298,7.9596321456827726,8.119666989876908,26520200
2009-11-02,7.956823825836182,8.057898681811412,7.889440767023675,8.004553559434157,16569400
2009-11-03,7.939974308013916,7.982088632215636,7.911897913375207,7.956819930592067,16763200
2009-11-04,7.993319988250732,8.105625582534286,7.959628738375875,7.968051283088208,15900400
2009-11-05,8.128087997436523,8.136510543602837,8.041051093290353,8.046666481076464,12965800
2009-11-06,8.11966609954834,8.164588137360848,8.080359450340628,8.108435322338746,14428600
2009-11-09,8.26566219329834,8.26566219329834,8.15054941556276,8.161779656176707,9505000
2009-11-10,8.304970741271973,8.321816373808439,8.234779980938196,8.24320306496293,11047200
2009-11-11,8.285313606262207,8.361119721106522,8.260044901314101,8.349888947568362,11596800
2009-11-12,8.17020320892334,8.304969317131306,8.164587820536447,8.274085216516305,10920200
2009-11-13,8.243202209472656,8.27970116543259,8.156165290122216,8.187049392828046,16998400
2009-11-16,8.358311653137207,8.363927039654628,8.279697848431496,8.304966552247162,15589000
2009-11-17,8.31339168548584,8.377967039848533,8.293738363333095,8.377967039848533,10863800
2009-11-18,8.276896476745605,8.335857009184842,8.265666230646266,8.310588286069903,9522800
2009-11-19,8.175822257995605,8.276896616650685,8.153361229904126,8.257243284009785,12387200
2009-11-20,8.212318420410156,8.212318420410156,8.150550748152423,8.156165601620968,14961400
2009-11-23,8.316197395324707,8.352696336969895,8.25442921413829,8.285313304731499,14809800
2009-11-24,8.333044052124023,8.349889678392922,8.276891250543954,8.335851745754306,14683800
2009-11-25,8.428508758544922,8.448162090720965,8.333049257535736,8.335856952919904,12641400
2009-11-27,8.285313606262207,8.372349959131926,8.246006969904158,8.310582311210313,11985000
2009-11-30,8.355508804321289,8.369546743241171,8.285318038695786,8.324624696081894,11441200
2009-12-01,8.512733459472656,8.515541153531418,8.397620680627888,8.417274003526328,21079200
2009-12-02,8.627846717834473,8.627846717834473,8.515541626806792,8.540810339227134,26181000
2009-12-03,8.655921936035156,8.717689593741621,8.591346584499373,8.655921936035156,19928400
2009-12-04,8.602579116821289,8.76542165372804,8.501504789594572,8.74296063262066,40697200
2009-12-07,8.678384780883789,8.726114515019713,8.529580189633446,8.655923761026468,22234200
2009-12-08,8.641885757446289,8.684000102413199,8.57450269839664,8.681192408013679,30401200
2009-12-09,8.672769546508789,8.681192629922663,8.605386485736693,8.658731609665297,19806600
2009-12-10,8.782266616821289,8.807535329040943,8.70084509177731,8.748574822024112,24120600
2009-12-11,8.933880805969238,8.933880805969238,8.782269026563881,8.824383379981311,25049400
2009-12-14,8.975993156433105,9.006877794133267,8.917033181907975,8.990031628114997,27626200
2009-12-15,8.919839859008789,8.947916263657747,8.880532678295097,8.936685487593014,13724800
2009-12-16,8.880531311035156,8.97037589918179,8.877724152964044,8.947914886023328,24749600
2009-12-17,8.829999923706055,8.89457530975159,8.80473120125117,8.84965325550138,17811000
2009-12-18,8.906417846679688,8.940509094383554,8.815507130308562,8.92346347053162,22362000
2009-12-21,8.931983947753906,8.971757239095954,8.906415248499604,8.934824974545547,10671800
2009-12-22,8.858121871948242,8.980283355942511,8.849598788691443,8.97176027268571,21422200
2009-12-23,8.878007888793945,8.906417622412205,8.835393559301854,8.906417622412205,10412200
2009-12-24,8.94334888458252,8.95187196626452,8.875165856738128,8.912098668822926,3986400
2009-12-28,8.9490327835083,8.977442519766585,8.914940991624231,8.9490327835083,19215000
2009-12-29,8.94334888458252,8.98880423647878,8.94334888458252,8.971758614985315,9312600
2009-12-30,8.940512657165527,8.968922402820402,8.920625997768365,8.943353685918098,4629600
2009-12-31,8.812664031982422,8.980280829108358,8.806981978076681,8.977439802155487,11013800
2010-01-04,8.8297119140625,8.909259063511938,8.809825262167797,8.886531383936472,16435200
2010-01-05,8.724594116210938,8.855278651096658,8.681979794222084,8.804141247961834,36047400
2010-01-06,8.775733947753906,8.806984712066297,8.718915016669419,8.718915016669419,25490200
2010-01-07,8.735960960388184,8.770052753778648,8.704710194936148,8.764370697901793,13126200
2010-01-08,8.727435111999512,8.74732230126888,8.67061619684139,8.724594084961032,12535200
2010-01-11,8.818345069885254,8.835390687768083,8.735956923355802,8.75016151461309,17749000
2010-01-12,8.781416893005371,8.852440970458906,8.747325639275271,8.792781005495875,16655000
2010-01-13,8.878007888793945,8.880848916342831,8.767210523740388,8.804142798134707,15719000
2010-01-14,8.838234901428223,8.889372315387094,8.798461056198756,8.866644094187047,9633200
2010-01-15,8.781416893005371,8.818349716728806,8.687665132441532,8.775734836760117,25421400
2010-01-19,8.883688926696777,8.892211466496994,8.761527465435336,8.784255141353475,11792800
2010-01-20,8.789937019348145,8.85243799140072,8.710389884296253,8.85243799140072,19039400
2010-01-21,8.662095069885254,8.852439589441007,8.63652636264115,8.8013021749528,25810600
2010-01-22,8.471750259399414,8.66493580000036,8.471750259399414,8.66493580000036,25406200
2010-01-25,8.528571128845215,8.562662381688618,8.451864997141518,8.551298811364381,14953600
2010-01-26,8.562664031982422,8.596755833267077,8.47743534157698,8.522890715375988,15081800
2010-01-27,8.505841255187988,8.565501203230653,8.400725411945913,8.565501203230653,28596200
2010-01-28,8.440497398376465,8.556977332776613,8.395042052114663,8.494475825263782,28124400
2010-01-29,8.389361381530762,8.491635649940777,8.375156245730395,8.440498244800507,19145600
2010-02-01,8.443342208862305,8.449024265158878,8.338226876729276,8.39788684223115,13365800
2010-02-02,8.511527061462402,8.517209118962375,8.372319903938017,8.46323119832511,13107200
2010-02-03,8.451861381530762,8.49731672712381,8.426292681900863,8.466065973827165,7964800
2010-02-04,8.230267524719238,8.429135100937769,8.230267524719238,8.41208947899264,14481600
2010-02-05,8.216065406799316,8.247316174678017,8.08538082083715,8.247316174678017,19976600
2010-02-08,8.122312545776367,8.272883766603073,8.119471518001827,8.224587378177198,10247000
2010-02-09,8.204700469970703,8.298452222318382,8.164927163480979,8.193336900346779,17430600
2010-02-10,8.167765617370605,8.221744046217836,8.096741568523905,8.221744046217836,13144400
2010-02-11,8.216065406799316,8.227428977564752,8.082540334548828,8.176292096314217,16220000
2010-02-12,8.184812545776367,8.190494600641342,8.110947458143428,8.167766923052021,20124600
2010-02-16,8.326857566833496,8.329698593208525,8.196173604804484,8.196173604804484,12028800
2010-02-17,8.292770385742188,8.377999051152393,8.275724219163635,8.366635481970665,12895200
2010-02-18,8.33822250366211,8.363791201716205,8.23878873810401,8.24731181807885,11053800
2010-02-19,8.454707145690918,8.488798403052428,8.292772318546831,8.326863575908341,11193200
2010-02-22,8.40925121307373,8.53993526068395,8.403569156602662,8.520048604905936,11315400
2010-02-23,8.352428436279297,8.423452488529751,8.329700761233973,8.383679192668062,11088600
2010-02-24,8.360952377319336,8.389362109514789,8.270041667790343,8.375156972481776,9981600
2010-02-25,8.34390640258789,8.346746888004036,8.210380829466004,8.255836182312015,14762800
2010-02-26,8.278564453125,8.363793652233527,8.27004191252356,8.324019809234645,16631400
2010-03-01,8.397886276245117,8.412091416029176,8.304134521153038,8.306975549109849,9867200
2010-03-02,8.423452377319336,8.460385187449457,8.403565729651046,8.403565729651046,9431000
2010-03-03,8.40925121307373,8.477434265114375,8.395046071896058,8.440501439923153,7253400
2010-03-04,8.42629337310791,8.431975427240754,8.36947391552048,8.42629337310791,10821600
2010-03-05,8.511527061462402,8.525732205212336,8.431980423946083,8.46323119832511,10381000
2010-03-08,8.511527061462402,8.545618864591416,8.508686574583244,8.545618864591416,6968800
2010-03-09,8.50015926361084,8.522886940443868,8.48311364145371,8.503000290948789,7874400
2010-03-10,8.503000259399414,8.522886908820706,8.463226960556828,8.514363826838485,7696400
2010-03-11,8.531414985656738,8.534256014647472,8.463231915491768,8.494482150648084,7329600
2010-03-12,8.477432250976562,8.559819882749823,8.457545599923382,8.542774259257182,11438600
2010-03-15,8.508684158325195,8.514365672340931,8.451864683202457,8.474592364877417,7583800
2010-03-16,8.608118057250977,8.613800113553413,8.491638612404603,8.49732066870704,11058400
2010-03-17,8.636528968811035,8.650734111494666,8.591073595964986,8.630846911737581,11782200
2010-03-18,8.596753120422363,8.664936159604613,8.574025440694946,8.61948080014978,8634200
2010-03-19,8.587295532226562,8.647487142171062,8.527104468976555,8.587295532226562,11532000
2010-03-22,8.529969215393066,8.567230264816375,8.501306575308927,8.5528992181215,10220400
2010-03-23,8.564360618591309,8.564360618591309,8.507035907390032,8.550029577464533,11646600
2010-03-24,8.475512504577637,8.56436622040865,8.464047773516151,8.535704119407669,13198800
2010-03-25,8.421051979064941,8.515638316369099,8.412453569024656,8.489842539553813,20968200
2010-03-26,8.441119194030762,8.475513939733803,8.39812494186002,8.418189181330526,16545200
2010-03-29,8.544300079345703,8.547166397962252,8.464045344859837,8.472643754015108,17222600
2010-03-30,8.521368026733398,8.581559609809139,8.51850170880653,8.53283329844087,11132000
2010-03-31,8.50130558013916,8.547165580227617,8.455445580050702,8.509904535166116,12073800
2010-04-01,8.618821144104004,8.633152734560834,8.529967470048762,8.541432195719949,10571000
2010-04-05,8.670413970947266,8.670413970947266,8.604490293449173,8.638885017928922,7100400
2010-04-06,8.742074012756348,8.742074012756348,8.601627643400654,8.601627643400654,8051200
2010-04-07,8.656081199645996,8.724871181573567,8.627418570502629,8.716272228822303,11670800
2010-04-08,8.604494094848633,8.638888834523714,8.578697766745057,8.61882514526416,9547800
2010-04-09,8.66755199432373,8.66755199432373,8.54716930495696,8.6130930154759,13211400
2010-04-12,8.69047737121582,8.713407369027962,8.67041369146698,8.676146327593584,9267400
2010-04-13,8.64461612701416,8.690476116014697,8.598756138013623,8.690476116014697,10481200
2010-04-14,8.653215408325195,8.673279085937512,8.610221735342487,8.641750137292894,9546400
2010-04-15,8.65035343170166,8.661818161793263,8.604493417946268,8.636021835719045,9531400
2010-04-16,8.550033569335938,8.650352544143189,8.529969883713374,8.633155177423053,15365200
2010-04-19,8.558631896972656,8.575829262428764,8.507039253909943,8.53570189413305,10571000
2010-04-20,8.66755199432373,8.66755199432373,8.59876196421337,8.6130930154759,7268200
2010-04-21,8.676146507263184,8.690477551182195,8.618821238198576,8.676146507263184,10072800
2010-04-22,8.704811096191406,8.716275824561809,8.615956854522366,8.636020539191374,4094800
2010-04-23,8.773601531982422,8.779333623098404,8.653218871435882,8.71054360945673,8979600
2010-04-26,8.742074012756348,8.802265079611136,8.736341374000315,8.770736659841994,11291000
2010-04-27,8.593029022216797,8.765004364779658,8.584430610440108,8.707679068360523,12714400
2010-04-28,8.681880950927734,8.693345679110847,8.590160391990851,8.62742198864836,13879400
2010-04-29,8.69047737121582,8.756401046588945,8.661814737277075,8.707674732901358,6558000
2010-04-30,8.724876403808594,8.810863796011876,8.693347438209955,8.699080076808707,9983000
2010-05-03,8.83665943145752,8.859589437363534,8.730607812458164,8.759270456514297,11307400
2010-05-04,8.684747695922852,8.799398270764895,8.641754003704316,8.785066675562412,18681600
2010-05-05,8.624556541442871,8.733473930313357,8.584429168705501,8.615957584415813,18379000
2010-05-06,8.386658668518066,8.621691392201763,7.383469840418218,8.595895064315062,36348600
2010-05-07,8.340798377990723,8.486977382323014,8.220415700699103,8.315002050950055,35338200
2010-05-10,8.598756790161133,8.653215736239872,8.492705215870348,8.535699437176541,19012200
2010-05-11,8.615958213806152,8.707678242017064,8.518505547158437,8.555767150303177,14452200
2010-05-12,8.687612533569336,8.713408853840614,8.5901598895877,8.627421484065929,10453800
2010-05-13,8.65035343170166,8.767869785286662,8.638888154915568,8.684748168670959,14102600
2010-05-14,8.578695297241211,8.664682668370713,8.535701611676458,8.613090027015263,15085400
2010-05-17,8.587295532226562,8.62742345442106,8.455448128901121,8.598760809051987,16954600
2010-05-18,8.504175186157227,8.658952609618444,8.489844135599636,8.627424189052837,15573400
2010-05-19,8.418184280395508,8.50130532303161,8.36085900867148,8.469776368913966,17104800
2010-05-20,8.165955543518066,8.315000845547583,8.15449081465895,8.289204522246536,22447800
2010-05-21,8.203218460083008,8.21181687143493,8.025510487318233,8.045574176065404,19750800
2010-05-24,8.125826835632324,8.26054052105721,8.122960517215496,8.200349474386838,13608400
2010-05-25,8.08283519744873,8.088567289038071,7.864999862913978,7.973917256834115,27062600
2010-05-26,8.079965591430664,8.177418215834567,8.039837686462187,8.165952943930929,15142600
2010-05-27,8.234747886657715,8.240480526056455,8.137295203657482,8.14589416275559,10844800
2010-05-28,8.243345260620117,8.317867918389808,8.211816296684425,8.246211579768314,14656800
2010-06-01,8.051308631896973,8.226150324773698,8.045575991905524,8.197487671511093,21627200
2010-06-02,8.220416069030762,8.229014480633248,8.051307049384453,8.094300747480482,12254000
2010-06-03,8.306400299072266,8.314999254091619,8.231877662320827,8.23474398066061,13973800
2010-06-04,8.059904098510742,8.226146759346374,8.034107776424662,8.211815165579438,17779200
2010-06-07,8.10862922668457,8.220412908089711,8.059902908460272,8.122960271641114,15210600
2010-06-08,8.214680671691895,8.231878035816559,8.07423434683606,8.097164347900392,22054000
2010-06-09,8.16882038116455,8.27487197402693,8.145890380909757,8.272005655658289,12348400
2010-06-10,8.369462013244629,8.383793064762976,8.22901508423088,8.22901508423088,12381600
2010-06-11,8.37519359588623,8.383792554290409,8.274875147976848,8.292072518090665,12052200
2010-06-14,8.423918724060059,8.484110330858718,8.406721356415211,8.421052405003508,10818000
2010-06-15,8.587295532226562,8.587295532226562,8.466913405726546,8.481244455063836,9565200
2010-06-16,8.641754150390625,8.67041679458766,8.515638843940353,8.515638843940353,12673000
2010-06-17,8.704811096191406,8.710543187029405,8.578695803950554,8.673282136457592,14704000
2010-06-18,8.712630271911621,8.732905586462715,8.674976195239713,8.715526824341904,9589400
2010-06-21,8.651806831359863,8.787941520203722,8.608359084796398,8.758976539981761,12426600
2010-06-22,8.437464714050293,8.654701195953823,8.41718939746638,8.651805195694072,21313400
2010-06-23,8.362157821655273,8.44036254713351,8.312917522855852,8.434569993274362,24847000
2010-06-24,8.315808296203613,8.434564691272305,8.310015745985686,8.330291052900126,14830200
2010-06-25,8.35346794128418,8.388225473364075,8.254987346289461,8.338985728327726,7795400
2010-06-28,8.408501625061035,8.451948817838765,8.304227920425658,8.379536645722204,12941400
2010-06-29,8.237608909606934,8.333192955339818,8.202850823676325,8.330296402140513,17480800
2010-06-30,8.185471534729004,8.324502764659531,8.153610004030384,8.208643406384091,12950200
2010-07-01,8.147815704345703,8.199952546046848,8.086989757334978,8.17098757260611,19978200
2010-07-02,8.15650749206543,8.20864434738133,8.133335617754035,8.162300598758543,12074400
2010-07-06,8.25208854675293,8.298432278550715,8.176779844466312,8.226020128559068,17568600
2010-07-07,8.506978034973145,8.518563689527927,8.252087005238852,8.254983556992737,14888200
2010-07-08,8.573600769042969,8.58518642859913,8.504085154323011,8.533049579443912,12771200
2010-07-09,8.631526947021484,8.643113154710054,8.533046391511803,8.559114806350296,14533400
2010-07-12,8.660494804382324,8.669184463049087,8.582289533764396,8.619944168859387,8277400
2010-07-13,8.689457893371582,8.744491281385308,8.640217609877375,8.703940102209526,17669000
2010-07-14,8.692354202270508,8.703939858524327,8.605459294293086,8.640217367976224,12643000
2010-07-15,8.750284194946289,8.773456613981693,8.63442486207365,8.689458252360984,15523800
2010-07-16,8.599671363830566,8.741599182091624,8.590981702624779,8.712634197200133,16470400
2010-07-19,8.732906341552734,8.761871315899132,8.617046996628073,8.631529207570805,13888600
2010-07-20,8.811110496520996,8.816903601152644,8.599667149613627,8.599667149613627,13489000
2010-07-21,8.67497444152832,8.81110906346567,8.631526716318245,8.805315959776223,13232600
2010-07-22,8.814009666442871,8.857456859161555,8.747390600776821,8.747390600776821,11061800
2010-07-23,8.828492164611816,8.840078377689709,8.750286883719175,8.819803057264442,14276200
2010-07-26,8.892213821411133,8.892213821411133,8.819801658541207,8.819801658541207,10119600
2010-07-27,9.022552490234375,9.037035249641384,8.898003521638005,8.92696848799124,43369400
2010-07-28,8.979108810424805,9.022556000628208,8.961730044835642,9.01965944761985,16131000
2010-07-29,8.840076446533203,9.034141053505216,8.808214919990345,8.987797316239744,16620400
2010-07-30,8.796631813049316,8.842975563755118,8.738701848436522,8.79083870609582,18165000
2010-08-02,8.979108810424805,8.979108810424805,8.874835111967835,8.915386301623878,15250200
2010-08-03,8.935660362243652,9.013865625076507,8.92407415184134,8.950142572785625,8486600
2010-08-04,8.973315238952637,8.973315238952637,8.880627757336907,8.953039921406816,10249600
2010-08-05,8.958829879760742,8.96462298344177,8.880624637449204,8.903796499712536,7330600
2010-08-06,8.976210594177246,8.979107146648891,8.848765047729307,8.915384649655369,12657000
2010-08-09,9.00806999206543,9.048620612172527,8.98779468201188,8.993587233126634,9402200
2010-08-10,9.060210227966309,9.109450521961923,8.924075005028506,8.982004957656631,18455400
2010-08-11,8.877732276916504,8.961730662565943,8.874835723708486,8.947247896525848,19026000
2010-08-12,8.860352516174316,8.889317492544176,8.779250692830907,8.799526010551515,12927800
2010-08-13,8.892213821411133,8.950143220230496,8.828490764510585,8.837180422940921,11767000
2010-08-16,8.892213821411133,8.91538569143107,8.785043577280822,8.860352292960858,16903000
2010-08-17,8.979108810424805,9.031245659653289,8.915386301623878,8.982005363433164,13938200
2010-08-18,8.929866790771484,8.99358928727419,8.86324774181944,8.961728315253282,41010200
2010-08-19,8.802424430847168,8.90959470041326,8.75028757281291,8.892215931888872,20176600
2010-08-20,8.825593948364258,8.84297326470637,8.732906471050097,8.787939867878233,16249400
2010-08-23,8.883524894714355,8.95304051050015,8.845870810003259,8.848766810590956,11017400
2010-08-24,8.898005485534668,8.95883198354768,8.793732357093779,8.81690422479852,27474800
2010-08-25,8.892213821411133,8.912489138620957,8.790836682901046,8.86324884577097,21369800
2010-08-26,8.851662635803223,8.92117824587303,8.825594212969426,8.92117824587303,13720800
2010-08-27,9.019659042358398,9.022555595236613,8.814008760153872,8.85455939552694,19852400
2010-08-30,8.883524894714355,9.019659573237245,8.883524894714355,9.010970466552148,16778600
2010-08-31,8.924077033996582,8.961731677504272,8.805321101323585,8.866147620658664,17872800
2010-09-01,9.118136405944824,9.13261916521439,8.964623024912868,8.993587438530444,16499800
2010-09-02,9.118136405944824,9.141308268315353,9.0399311632715,9.129722613360476,12004000
2010-09-03,9.15868854522705,9.164481097084927,9.080483294306946,9.144205784430271,10712400
2010-09-07,9.112344741821289,9.193446549161132,9.109448741970638,9.14130971247558,9845600
2010-09-08,9.06889820098877,9.158689671589114,9.063105648418508,9.135517803925358,9777800
2010-09-09,9.15868854522705,9.178963857881708,9.123930471775614,9.129723576094326,10796400
2010-09-10,9.106552124023438,9.141309646589379,9.071794048996635,9.141309646589379,12463400
2010-09-13,9.13841438293457,9.190551226596321,9.123932171900057,9.190551226596321,9892000
2010-09-14,9.12682819366455,9.1644822716404,9.077587905566343,9.138413851326002,10363000
2010-09-15,9.074692726135254,9.118139915746312,9.04862430187642,9.112346809808574,11759800
2010-09-16,9.042830467224121,9.07758854758859,9.005176386585147,9.060209783636829,10643400
2010-09-17,9.027321815490723,9.097550507313661,9.000985986291118,9.088771711537783,19927800
2010-09-20,9.147294998168945,9.156073793078887,9.027320925039612,9.065361253393412,11506200
2010-09-21,9.100478172302246,9.167780609218239,9.079994870469388,9.156076104511513,14737200
2010-09-22,9.16485595703125,9.199970593589779,9.094627242042408,9.094627242042408,16023600
2010-09-23,9.05950927734375,9.16485259019175,9.05073104002509,9.11510719891664,13658800
2010-09-24,9.205821990966797,9.232157827203133,9.1472983445413,9.159002850575128,9945200
2010-09-27,9.22337532043457,9.270194439167504,9.194113231694507,9.220449055747773,18805600
2010-09-28,9.229229927062988,9.27019652564282,9.16192694037435,9.235081899625788,10299000
2010-09-29,9.21167278289795,9.24678741062239,9.15022288204027,9.220451579361079,9843800
2010-09-30,9.18240737915039,9.278971872955289,9.161924086241454,9.26141484448018,22046400
2010-10-01,9.23215389251709,9.26141598232261,9.170704006240646,9.191187301666128,12853600
2010-10-04,9.214599609375,9.290680842303091,9.167780474977421,9.243861707905513,9365000
2010-10-05,9.317012786865234,9.325791580199136,9.258488614228312,9.276046200896113,9052400
2010-10-06,9.273124694824219,9.322870099653391,9.238010061597913,9.317017567760981,9211400
2010-10-07,9.290679931640625,9.331646530690977,9.255565305220285,9.305310700407736,7399000
2010-10-08,9.319941520690918,9.328719758222798,9.26141733254762,9.305310194591083,7682400
2010-10-11,9.322868347167969,9.35505615026934,9.293606251334676,9.334572850624452,7472200
2010-10-12,9.28482437133789,9.346274807990811,9.2409315212303,9.346274807990811,8046800
2010-10-13,9.319941520690918,9.360908117514414,9.284826896179336,9.360908117514414,8168200
2010-10-14,9.30531120300293,9.35505660087721,9.264344601739904,9.322868796225439,8283200
2010-10-15,9.33457088470459,9.3638329743751,9.284825499703105,9.360906709595255,11576200
2010-10-18,9.33457088470459,9.442840449047095,9.33457088470459,9.355054180035566,8886600
2010-10-19,9.352128028869629,9.425282974870655,9.319940232156181,9.357980558500419,16859400
2010-10-20,9.428210258483887,9.480881911478676,9.375538605489098,9.3784643123195,7856000
2010-10-21,9.387243270874023,9.477954690132098,9.334571061964532,9.451618864741326,11776400
2010-10-22,9.32579231262207,9.401873519774135,9.290677694656532,9.393094167622852,8583800
2010-10-25,9.30531120300293,9.387245521785145,9.284827902371417,9.387245521785145,10554800
2010-10-26,9.281901359558105,9.296532686806453,9.238008494069197,9.278975094108436,7779400
2010-10-27,9.243860244750977,9.24971277515634,9.14436946037189,9.235081449142934,12007600
2010-10-28,9.267269134521484,9.299457491282892,9.22337627592828,9.284826166333172,10752600
2010-10-29,9.281901359558105,9.29945895225612,9.208746397700569,9.235082228619527,8346800
2010-11-01,9.191190719604492,9.35213143619214,9.147297847637692,9.31701736186996,14694400
2010-11-02,9.299459457397461,9.322869024138344,9.252640323915694,9.252640323915694,8272200
2010-11-03,9.281901359558105,9.340425552295361,9.217525194049577,9.328720490496684,17265000
2010-11-04,9.381391525268555,9.396022292540463,9.337498107196836,9.396022292540463,17655200
2010-11-05,9.378464698791504,9.393095466058314,9.340424369021003,9.369686461682617,10714800
2010-11-08,9.32579231262207,9.36675834368068,9.290677694656532,9.36675834368068,7557000
2010-11-09,9.29360294342041,9.372609848482538,9.264340858002505,9.34334832119249,18789200
2010-11-10,9.252638816833496,9.305309914825273,9.18826210018576,9.28190035189737,15469800
2010-11-11,9.246785163879395,9.249711428656093,9.208744279910249,9.22922813334714,9815200
2010-11-12,9.17070484161377,9.217523966316246,9.13266395396301,9.217523966316246,14602000
2010-11-15,9.20289421081543,9.255565313299838,9.197041680052255,9.20289421081543,7232800
2010-11-16,9.094625473022461,9.182411210151022,9.041953807494082,9.17070670566033,18491800
2010-11-17,9.091695785522461,9.126810402034646,9.068286227223636,9.106327108289161,10805600
2010-11-18,9.144370079040527,9.167779644117749,9.100477214286743,9.161927113316429,8854800
2010-11-19,9.109253883361816,9.150221033786721,9.044877730019769,9.118032678051717,8741000
2010-11-22,9.135589599609375,9.150220923916859,9.0448776214148,9.097549272665828,8572600
2010-11-23,9.036097526550293,9.07121214170736,9.003909733961512,9.07121214170736,12616000
2010-11-24,9.091695785522461,9.097548314629142,9.053655462584832,9.088769520969121,6615600
2010-11-26,9.030248641967773,9.103403603595826,9.012691049324834,9.041953145601669,3941400
2010-11-29,9.012689590454102,9.027320915288199,8.927830138928227,9.003911353681616,12282000
2010-11-30,9.000984191894531,9.03902451641706,8.93660804342259,8.93660804342259,11269200
2010-12-01,9.106328964233398,9.118033466704336,9.047804777494681,9.100476433933924,11565000
2010-12-02,9.13266658782959,9.13266658782959,9.06243788052187,9.094626247335965,18892400
2010-12-03,9.153146743774414,9.161924979804173,9.077065535458251,9.100475095084153,11822800
2010-12-06,9.126811027526855,9.161925088317634,9.115105968511307,9.150220587430018,8320800
2010-12-07,9.065362930297852,9.194115822153746,9.056584691892093,9.173632521702869,19984800
2010-12-08,9.033174514770508,9.103403207905496,9.012690657577433,9.085845616025718,16934200
2010-12-09,9.071213722229004,9.082918782030081,9.02439459928064,9.077066252129542,12822600
2010-12-10,9.106328964233398,9.120959731854073,9.082919401163513,9.088771373334978,8993600
2010-12-13,9.150221824645996,9.173631387714403,9.11510720097938,9.123885996428037,12745600
2010-12-14,9.173628807067871,9.208742862728492,9.153145514911198,9.176555071394231,10134000
2010-12-15,9.094625473022461,9.18533747580572,9.09169920736776,9.156075935514938,21285800
2010-12-16,9.176558494567871,9.17948475998583,9.059510110361764,9.103403533503084,11197600
2010-12-17,9.224234580993652,9.224234580993652,9.126513979219908,9.170932331878882,12318200
2010-12-20,9.236076354980469,9.262727469665574,9.200541347130399,9.244959683335644,9991400
2010-12-21,9.239038467407227,9.271611615598175,9.22719327547609,9.244960498562957,6415000
2010-12-22,9.280495643615723,9.30418546301039,9.239038600877517,9.239038600877517,6778600
2010-12-23,9.286419868469238,9.316031724298993,9.268652077199452,9.292341900749221,5746400
2010-12-27,9.292340278625488,9.327875290151923,9.250883235852852,9.286418247379288,4283200
2010-12-28,9.324913024902344,9.324913024902344,9.262727467193555,9.30418450566608,2358200
2010-12-29,9.292340278625488,9.339720482264017,9.274573055267194,9.339720482264017,3709400
2010-12-30,9.277533531188965,9.318990570287985,9.265688904936301,9.28049482895458,4951400
2010-12-31,9.280495643615723,9.3160300903028,9.265689718297748,9.277534345590158,4342600
2011-01-03,9.324913024902344,9.348602841859472,9.277533390988088,9.318990429460616,7072800
2011-01-04,9.369336128234863,9.390064658017849,9.26865421373744,9.324917769441312,9963000
2011-01-05,9.310111999511719,9.348607760517465,9.298266802396054,9.3397244274908,9191200
2011-01-06,9.31899356842041,9.327877464575408,9.2508853923287,9.31899356842041,11414200
2011-01-07,9.35156536102295,9.35748795723825,9.26568997514053,9.333798137186907,10184000
2011-01-10,9.301225662231445,9.327876783941788,9.247923418810759,9.327876783941788,12711200
2011-01-11,9.316030502319336,9.354526813544386,9.286418650373756,9.336759589415063,6373400
2011-01-12,9.363409996032715,9.407828335383446,9.33972017739167,9.33972017739167,8379200
2011-01-13,9.35452651977539,9.378216339473823,9.313069476505595,9.369332445283215,13599600
2011-01-14,9.398944854736328,9.404867450859385,9.324914097627683,9.342681321187,11002200
2011-01-18,9.42263412475586,9.431518018422208,9.381177083932538,9.398944306455416,7189400
2011-01-19,9.398944854736328,9.443363196039545,9.38413892923854,9.428557270541758,9643800
2011-01-20,9.470012664794922,9.496663777898133,9.401904515668827,9.410788408306482,17218600
2011-01-21,9.461134910583496,9.52924309983257,9.440405815550653,9.52924309983257,15210000
2011-01-24,9.514436721801758,9.538125985393402,9.461134466695409,9.481862995945642,7322000
2011-01-25,9.499628067016602,9.5351625170253,9.458170455593256,9.496666203904327,17033800
2011-01-26,9.464093208312988,9.511472855140317,9.437442651181316,9.511472855140317,11109200
2011-01-27,9.499628067016602,9.523317323815801,9.437441932286532,9.437441932286532,7008800
2011-01-28,9.372295379638672,9.520357484616092,9.36933408105813,9.505550426903422,11324800
2011-01-31,9.393024444580078,9.428559464778356,9.372295918135242,9.416714269775602,8025800
2011-02-01,9.487783432006836,9.490744165673503,9.404868769091882,9.443364519667794,10587800
2011-02-02,9.437439918518066,9.4788963914756,9.428556025506595,9.461129735072213,6290000
2011-02-03,9.47593879699707,9.4877839916021,9.3900628305405,9.428559148196882,14835600
2011-02-04,9.416715621948242,9.481863074198127,9.357491332860242,9.464095279142668,9854400
2011-02-07,9.478899002075195,9.48482159904733,9.407830097649327,9.413752694621461,7444400
2011-02-08,9.47593879699707,9.490744725443392,9.449287673945719,9.4877839916021,7482400
2011-02-09,9.47593879699707,9.4877839916021,9.425597849545625,9.46409360239204,8580400
2011-02-10,9.493706703186035,9.502590034436775,9.46113298244006,9.467055015003895,8491800
2011-02-11,9.47593879699707,9.529241043099773,9.458171569899491,9.47593879699707,18505600
2011-02-14,9.407831192016602,9.48186196835011,9.372296170860118,9.470016773027947,8268800
2011-02-15,9.437439918518066,9.45224584206074,9.37229249938683,9.407827506622938,6451200
2011-02-16,9.416715621948242,9.464095279142668,9.366374665577906,9.452250647249095,10826000
2011-02-17,9.434477806091309,9.464089650619394,9.410787991583001,9.437439103506064,16347400
2011-02-18,9.449285507202148,9.464091432253436,9.41671179431751,9.440401613285474,5956600
2011-02-22,9.407831192016602,9.440404349532544,9.366373573199036,9.384141366182279,12023800
2011-02-23,9.387101173400879,9.44336414781095,9.37821727832091,9.395984503670938,10828800
2011-02-24,9.35156536102295,9.407828895448587,9.324914242863956,9.36637128675134,14174800
2011-02-25,9.404869079589844,9.410791676738572,9.345644237722459,9.369334061507422,7893600
2011-02-28,9.508511543273926,9.544045993828842,9.416712988918928,9.434480779006293,24599200
2011-03-01,9.413749694824219,9.54700526018417,9.410788397281802,9.475935248785692,24309400
2011-03-02,9.428558349609375,9.45520947040341,9.393023333614025,9.416713156007619,11519600
2011-03-03,9.53515911102295,9.552925764871068,9.472972998506043,9.472972998506043,11559200
2011-03-04,9.478899002075195,9.544046439148797,9.407830097649327,9.526278648232395,14649400
2011-03-07,9.514436721801758,9.588467506158342,9.490746328589992,9.517397456143168,21593600
2011-03-08,9.621040344238281,9.641768871575803,9.514435843862453,9.547009566712848,13439600
2011-03-09,9.718759536743164,9.739488062275395,9.609194311841382,9.624000240132986,26197800
2011-03-10,9.609195709228516,9.686187225313065,9.603273111126613,9.683226491072155,21682400
2011-03-11,9.62992000579834,9.665454449173653,9.576617775925579,9.594385562423028,10041400
2011-03-14,9.502588272094727,9.535161986799608,9.43744140749483,9.52331679424879,37921200
2011-03-15,9.321958541870117,9.372299510306306,9.289385372748022,9.327881141641482,28467800
2011-03-16,9.176856994628906,9.330841178987828,9.10282620193444,9.307151347918003,30599600
2011-03-17,9.188698768615723,9.268651565677517,9.11762930188862,9.262729533724361,24023200
2011-03-18,9.234454154968262,9.315195959268788,9.195578788293746,9.29127252507378,18186600
2011-03-21,9.342106819152832,9.372011244648697,9.297250466098774,9.33313532039023,10172400
2011-03-22,9.357057571411133,9.401913916096664,9.31818165440547,9.357057571411133,14535200
2011-03-23,9.351079940795898,9.372012871162072,9.294261579530875,9.348089440689364,11242400
2011-03-24,9.389955520629883,9.413878951661083,9.327156728065326,9.413878951661083,12390800
2011-03-25,9.386963844299316,9.428830271142889,9.377992915273886,9.389954344100966,6790400
2011-03-28,9.354070663452148,9.443783387264336,9.354070663452148,9.392946025002873,9175800
2011-03-29,9.446773529052734,9.45574502924543,9.33313680813019,9.36005073832871,10875200
2011-03-30,9.55443000793457,9.590314870793472,9.470697710631114,9.494621142663584,11194800
2011-03-31,9.53050422668457,9.560408081569314,9.50957072973399,9.551437153255678,10989600
2011-04-01,9.605265617370605,9.614237687548284,9.554428829653112,9.596294687952009,12332800
2011-04-04,9.599282264709473,9.629187256706851,9.566387914271159,9.629187256706851,7944600
2011-04-05,9.560408592224121,9.605264947326642,9.55442816315542,9.596294018533838,8041000
2011-04-06,9.629190444946289,9.647132305326492,9.575362582287326,9.605266443427114,7532400
2011-04-07,9.590311050415039,9.629186968468524,9.554426201851157,9.614235043296805,10674000
2011-04-08,9.563397407531738,9.641149245904819,9.521531559527217,9.635168247510059,11903200
2011-04-11,9.437800407409668,9.563398536631333,9.416867480935968,9.545456109708084,18690200
2011-04-12,9.413881301879883,9.458737674964537,9.375005930641112,9.413881301879883,17059400
2011-04-13,9.437800407409668,9.515551684583029,9.437800407409668,9.449762405611477,10589000
2011-04-14,9.494622230529785,9.515555164659181,9.389956989503128,9.395937990791435,11559000
2011-04-15,9.599282264709473,9.629187256706851,9.509569570234943,9.521531567033895,14303400
2011-04-18,9.515552520751953,9.572370306064947,9.45873416505944,9.54246644869159,14290800
2011-04-19,9.51854419708252,9.53648662780017,9.488639765633376,9.533496127617296,11314200
2011-04-20,9.641148567199707,9.650119493780922,9.581339728221252,9.596291652776184,11726000
2011-04-21,9.641148567199707,9.650119493780922,9.605262579357401,9.638157497833488,8090800
2011-04-25,9.653111457824707,9.671054455529287,9.620216532412462,9.650121528586759,5010600
2011-04-26,9.73086166381836,9.742823660267995,9.659090825879316,9.659090825879316,10600000
2011-04-27,9.808613777160645,9.826556774428944,9.736844069605313,9.760766925204113,12214600
2011-04-28,9.895336151123047,9.90430707901356,9.796651381291854,9.802632380138492,13518800
2011-04-29,9.916266441345215,9.922247438602335,9.856457609532608,9.886362595818204,17452400
2011-05-02,9.919261932373047,9.964118866578172,9.904310001224413,9.934215004280905,11099600
2011-05-03,9.982063293457031,10.05084309916717,9.886369551533413,9.922254419564924,32839800
2011-05-04,9.970099449157715,9.997013380400482,9.90730065651098,9.982061449878762,17286400
2011-05-05,9.898327827453613,9.964117685621192,9.856461968895731,9.958136685718767,11400000
2011-05-06,9.955145835876465,10.029906616607123,9.916269910484008,9.997011690564197,11475000
2011-05-09,9.976078987121582,9.985049915967728,9.901318204713009,9.943184060340368,7834600
2011-05-10,10.119621276855469,10.143544138108023,10.002994618946154,10.02093647969577,17104800
2011-05-11,10.086725234985352,10.119620163753659,10.032897377138864,10.119620163753659,8195800
2011-05-12,10.188397407531738,10.197368334680407,10.068779722008468,10.086722717064598,11752600
2011-05-13,10.14055347442627,10.218304193819732,10.08672561455421,10.212324334508722,13820200
2011-05-16,10.152514457702637,10.242227168250842,10.131581529933356,10.164476456644799,16215400
2011-05-17,10.227274894714355,10.230264823969463,10.125600188656183,10.125600188656183,17104400
2011-05-18,10.194381713867188,10.236247575157783,10.137563922224118,10.221295644805307,10899400
2011-05-19,10.218300819396973,10.239234883108868,10.170453975395663,10.19736789644382,6387600
2011-05-20,10.206338882446289,10.257175649728788,10.161481971866394,10.209328810797592,8945600
2011-05-23,10.086725234985352,10.19438095067833,10.08373530544236,10.113639163908596,12000000
2011-05-24,10.077752113342285,10.13157995947938,10.068780045146884,10.089714110430268,8917200
2011-05-25,10.056818962097168,10.104665808611614,9.973086125127784,10.053827892513187,12491000
2011-05-26,10.053829193115234,10.068781120692961,9.97607848525568,10.032896266354625,7598600
2011-05-27,10.053829193115234,10.11064811497313,10.035887336325542,10.071772190663877,9001800
2011-05-31,10.128591537475586,10.14653453779792,10.068782677160264,10.140553537690476,12757400
2011-06-01,10.023924827575684,10.125599526989832,10.020933757757062,10.119618528111483,14331600
2011-06-02,9.994019508361816,10.017943503097644,9.925239734634596,10.014953574135093,12404600
2011-06-03,9.925240516662598,9.982059438257627,9.862441736671302,9.9013176608007,12185800
2011-06-06,9.880386352539062,9.925242142412078,9.850481351864584,9.907300282766524,10595000
2011-06-07,9.892346382141113,9.985049013866744,9.889355312289954,9.919259166248112,20259800
2011-06-08,9.916266441345215,9.943180358622959,9.871409532296115,9.907295515838829,16019400
2011-06-09,9.925240516662598,9.967107510749074,9.877393664179857,9.934212585774887,11380200
2011-06-10,9.859453201293945,9.92225199016304,9.859453201293945,9.89533806053927,16675400
2011-06-13,9.904306411743164,9.94019240240529,9.850478566508787,9.8923455556146,10379400
2011-06-14,9.943183898925781,9.988040823946335,9.880385116504197,9.988040823946335,14234000
2011-06-15,9.820577621459961,9.95514727437194,9.793663690877565,9.895338412993377,15316400
2011-06-16,9.898327827453613,9.937203756439827,9.835529039616791,9.844499969090883,16501800
2011-06-17,9.965995788574219,10.020371180353537,9.941827923439199,10.00224643388951,15256400
2011-06-20,10.023395538330078,10.026415946121668,9.899538075898846,9.941830699306454,8390200
2011-06-21,10.029437065124512,10.077771654376708,9.99620681894097,10.062667311308054,10242400
2011-06-22,9.96297550201416,10.026414427517086,9.947871160568804,10.011310086071731,10220000
2011-06-23,9.878389358520508,9.905577631573916,9.796824539360284,9.89651410563126,19106000
2011-06-24,9.908598899841309,9.987143318772231,9.896514965792338,9.902556932816823,10382000
2011-06-27,9.98110294342041,9.999227694996813,9.917664008127868,9.917664008127868,7287600
2011-06-28,10.026412010192871,10.050579872588582,9.975057031182645,9.984119403387483,11499000
2011-06-29,10.092876434326172,10.09589684211564,10.023395531292804,10.059646186704223,11853800
2011-06-30,10.11402416229248,10.12308653931746,10.03548087250465,10.11704572289262,8926000
2011-07-01,10.234856605529785,10.249960944537088,10.101935656536247,10.114019588696967,18167800
2011-07-05,10.174439430236816,10.240899913441686,10.159335089250442,10.23183638693998,11913200
2011-07-06,10.195585250854492,10.225793931383587,10.129124770825728,10.165376570325396,8085400
2011-07-07,10.237881660461426,10.268091504578754,10.186526654043549,10.265069943973161,15664600
2011-07-08,10.198607444763184,10.210691380046864,10.138190073119782,10.183503101852335,11853800
2011-07-11,10.089859962463379,10.132152602339117,10.04454576123194,10.129131040983417,14947800
2011-07-12,10.135168075561523,10.195586596984104,10.047561277118154,10.068708739145386,12162800
2011-07-13,10.107976913452148,10.195583686890187,10.089852168869877,10.174437383286126,8916800
2011-07-14,10.062667846679688,10.156315470120248,10.05058391062685,10.11402284632289,14800200
2011-07-15,10.077770233154297,10.10797891503141,10.023393683865617,10.071728266301404,12068800
2011-07-18,9.98110294342041,10.068709750664906,9.95995663165623,10.056625814688928,13073400
2011-07-19,10.068706512451172,10.08381085136963,9.93578556423947,10.011308411218957,16034400
2011-07-20,10.12912368774414,10.165375483367495,10.047558876172348,10.074747146696279,7255200
2011-07-21,10.280170440673828,10.298296340357416,10.16537653317298,10.16537653317298,15102200
2011-07-22,10.216730117797852,10.304336892327498,10.201625779662047,10.304336892327498,8860800
2011-07-25,10.252982139587402,10.289233938856443,10.147250606020915,10.147250606020915,9771000
2011-07-26,10.216730117797852,10.268086250324142,10.192563407257992,10.268086250324142,9646200
2011-07-27,10.186525344848633,10.240901904883506,10.165379032878134,10.198608128554936,27637000
2011-07-28,10.123085975646973,10.189546476496773,10.111003191082364,10.18350450802064,11278200
2011-07-29,10.02037525177002,10.107982069899466,9.993188121027474,10.035480749810597,20401200
2011-08-01,10.050582885742188,10.123084189890918,9.978080429206004,10.114021814969188,15103200
2011-08-02,9.878389358520508,10.0324554708983,9.878389358520508,10.008288757288202,18738600
2011-08-03,9.878389358520508,9.89651410563126,9.751510366808846,9.890473291519195,25965000
2011-08-04,9.555150985717773,9.848179444176958,9.555150985717773,9.793802898522058,34056200
2011-08-05,9.633696556091309,9.71526138926422,9.455462547095864,9.63671753985998,43934800
2011-08-08,9.123163223266602,9.58234184989705,9.086911990962038,9.497756601509389,35656000
2011-08-09,9.422231674194336,9.44035699829684,8.896592665672408,9.3044156270439,49460800
2011-08-10,9.243997573852539,9.485670479547986,9.207746349901393,9.304415512179572,33671400
2011-08-11,9.633696556091309,9.73036573191384,9.271187146756816,9.271187146756816,34933000
2011-08-12,9.576299667358398,9.748491710152324,9.530985486670529,9.70015712186609,19407600
2011-08-15,9.902555465698242,9.923701770957306,9.639736277201862,9.657861599396261,55671000
2011-08-16,9.89047622680664,9.920684915881392,9.775681134024872,9.827036135929472,22603800
2011-08-17,9.96297550201416,10.056624262795182,9.926724852067828,9.944849600847302,27987200
2011-08-18,9.845161437988281,9.875370125213355,9.694115697087808,9.814952750763206,45013800
2011-08-19,9.784740447998047,9.869325672845314,9.721301529362599,9.763594141786232,30334600
2011-08-22,9.760575294494629,9.932767331099425,9.706198740578648,9.932767331099425,39636600
2011-08-23,9.935786247253418,9.938807806677136,9.700155317243384,9.827033155745012,31455000
2011-08-24,10.150269508361816,10.150269508361816,9.914638609980843,9.917660168998973,28604800
2011-08-25,9.984119415283203,10.183499670736948,9.935784842821299,10.183499670736948,28569800
2011-08-26,9.969015121459961,10.023391659767984,9.739426189349395,9.94182685230595,25043800
2011-08-29,10.165376663208008,10.174439036972082,10.056623568489899,10.071727908892457,29714200
2011-08-30,10.171419143676758,10.21069135706658,10.111001772169331,10.156314800799901,15509200
2011-08-31,10.237881660461426,10.268091504578754,10.183505093437955,10.207672968731819,19287400
2011-09-01,10.171419143676758,10.295277751474464,10.168398736056384,10.252983978076774,21342400
2011-09-02,10.056624412536621,10.123083746363234,10.03245654395429,10.041520070866365,17825000
2011-09-06,10.00829029083252,10.017352665776501,9.787763665558504,9.857244562366416,23133200
2011-09-07,10.120062828063965,10.132146761745062,10.035477597070962,10.08985414624856,15139200
2011-09-08,10.11402416229248,10.21069335851799,10.062669155967306,10.095898255854804,13686600
2011-09-09,9.908598899841309,10.04756068424232,9.84818038198384,10.04756068424232,28151000
2011-09-12,9.990163803100586,9.99318536282981,9.817971774931245,9.857243984699437,15300800
2011-09-13,10.056624412536621,10.056624412536621,9.917662625350413,10.020372609663124,14349600
2011-09-14,10.126102447509766,10.207667252368122,9.978077175199326,10.098914179223648,14049400
2011-09-15,10.252982139587402,10.283191972311602,10.15027101309969,10.225793866329264,11822000
2011-09-16,10.369865417480469,10.397331264521728,10.263054436849114,10.263054436849114,16131200
2011-09-19,10.311882972717285,10.351554959331668,10.22338177644994,10.256951276010136,14561200
2011-09-20,10.461418151855469,10.59569614751771,10.342399865992961,10.39733156164526,36418400
2011-09-21,10.269155502319336,10.519399306068594,10.269155502319336,10.46141521905093,27544400
2011-09-22,10.095209121704102,10.137933518233158,9.988396966228965,10.101311609077543,55260200
2011-09-23,10.195917129516602,10.244745180770709,10.052484219640911,10.067743931531783,24045600
2011-09-26,10.278312683105469,10.290519984580383,10.171501705580816,10.235588292095608,21931800
2011-09-27,10.314934730529785,10.424798129421688,10.269159090426486,10.412590826399812,18339800
2011-09-28,10.211170196533203,10.382068866271078,10.198962899233653,10.363757920321753,25067200
2011-09-29,10.375967979431152,10.397330173315448,10.260000952521937,10.342398484998045,24466000
2011-09-30,10.260004043579102,10.388178409652543,10.256952799598771,10.284418652032178,20919400
2011-10-03,10.015859603881836,10.33934604609771,10.015859603881836,10.253896116291333,30663400
2011-10-04,9.967031478881836,9.988393670096922,9.747305335143162,9.97313512839359,44542200
2011-10-05,9.973139762878418,10.012812921064754,9.832759251330035,9.970087354628042,26162600
2011-10-06,10.150140762329102,10.150140762329102,9.973139505414183,9.985346809795244,24385600
2011-10-07,10.192867279052734,10.260005131109901,10.128779507146593,10.16845266801178,21216000
2011-10-10,10.391227722167969,10.397331373146725,10.272209438463205,10.272209438463205,13584400
2011-10-11,10.296626091003418,10.366816344995636,10.238641977244866,10.348505388416205,24194800
2011-10-12,10.272208213806152,10.336294795214075,10.2477947769541,10.336294795214075,12906000
2011-10-13,10.272208213806152,10.290519164559381,10.150137537089137,10.241691126703024,15607800
2011-10-14,10.369865417480469,10.372917825014152,10.284416632975384,10.311882480016644,19249600
2011-10-17,10.327142715454102,10.379022010493935,10.305780515831517,10.305780515831517,9453800
2011-10-18,10.400383949279785,10.461418131751794,10.25389865172022,10.290520558186316,21847200
2011-10-19,10.409536361694336,10.556020460172755,10.388174170092407,10.394277819714691,17596400
2011-10-20,10.467519760131836,10.510244145267333,10.397329532530351,10.406484425301619,11313000
2011-10-21,10.644525527954102,10.650629179809513,10.546869426572623,10.546869426572623,14989000
2011-10-24,10.59874439239502,10.665883371231216,10.571278552339493,10.665883371231216,17131200
2011-10-25,10.479729652404785,10.60180035226308,10.458367454552453,10.574334503002587,19350400
2011-10-26,10.522453308105469,10.589592304721148,10.464470370034357,10.562126457392225,16727000
2011-10-27,10.772697448730469,10.82457790128138,10.68114501004627,10.70250720693417,26382000
2011-10-28,10.684199333190918,10.766596901003014,10.629268785468943,10.766596901003014,23863600
2011-10-31,10.63536548614502,10.736073957824578,10.620106944295665,10.629263000726974,11419200
2011-11-01,10.412589073181152,10.559073192321945,10.391226878565972,10.48277930750993,24401600
2011-11-02,10.595699310302734,10.675044469844565,10.543818842632772,10.546871251164818,19180600
2011-11-03,10.723871231079102,10.757440735952166,10.6109565762673,10.626215124622526,20836600
2011-11-04,10.675042152404785,10.693353107163672,10.546868961550095,10.665887257101595,11266200
2011-11-07,10.733024597167969,10.742180656197915,10.607902655848253,10.684196550900579,10075400
2011-11-08,10.803216934204102,10.8032169342041,10.662835270478393,10.757440127574677,12198800
2011-11-09,10.568229675292969,10.69945525558115,10.546867479818367,10.67504065266598,16048600
2011-11-10,10.638418197631836,10.68724623143921,10.565175564844699,10.653676739918112,15039800
2011-11-11,10.791008949279785,10.791008949279785,10.720818703924532,10.733024842656222,8331800
2011-11-14,10.662836074829102,10.794061688636395,10.653681178473638,10.772699487705221,16030800
2011-11-15,10.681142807006836,10.71776354209682,10.626211122295768,10.675039157133142,8627000
2011-11-16,10.552970886230469,10.681144056110686,10.546867235642985,10.632316015563129,11491800
2011-11-17,10.498041152954102,10.598748496048469,10.415643600884602,10.556024098120401,11298800
2011-11-18,10.57127857208252,10.598744412189342,10.516346891868873,10.552968788112693,9660000
2011-11-21,10.440054893493652,10.501090234028819,10.363761008862769,10.501090234028819,13822800
2011-11-22,10.311882972717285,10.44921221448516,10.284417124363712,10.44921221448516,31777400
2011-11-23,10.150140762329102,10.256952929434465,10.125727317719598,10.241694381034447,12543400
2011-11-25,10.20201587677002,10.25694755354127,10.128773253024345,10.128773253024345,5379400
2011-11-28,10.330193519592285,10.41259107069438,10.281365470511693,10.372919081171256,9731200
2011-11-29,10.44311237335205,10.479733129800087,10.351558736002678,10.351558736002678,9463600
2011-11-30,10.745224952697754,10.745224952697752,10.620103092272664,10.668931106971439,14404800
2011-12-01,10.714716911315918,10.775752272172952,10.690302301312034,10.729975460492007,11371000
2011-12-02,10.604852676391602,10.778802684713876,10.589594128392779,10.778802684713876,23552400
2011-12-05,10.687246322631836,10.763540198866371,10.635365881433229,10.763540198866371,14345800
2011-12-06,10.717766761779785,10.77575087092257,10.668938712274166,10.711663110072516,10746200
2011-12-07,10.702507019042969,10.74218016863218,10.629265535042391,10.702507019042969,10555400
2011-12-08,10.546867370605469,10.681144192791436,10.522452767943113,10.66283324079467,13805200
2011-12-09,10.681142807006836,10.705557406501612,10.577383087458395,10.595694037079477,22978600
2011-12-12,10.589591979980469,10.665885868648697,10.513298091312242,10.623161477258867,20289200
2011-12-13,10.629267692565918,10.751337245395298,10.604853083508461,10.635370180677647,13740800
2011-12-14,10.562126159667969,10.671989545886847,10.552971265533849,10.620109096104663,12214400
2011-12-15,10.69029712677002,10.723866617200013,10.617055660515597,10.617055660515597,18288600
2011-12-16,10.65882396697998,10.776088695548566,10.63722250765465,10.76991785904811,15535200
2011-12-19,10.578587532043457,10.732884321844283,10.560072670669653,10.714369460470477,13418800
2011-12-20,10.803865432739258,10.816209463852163,10.661912606515637,10.661912606515637,13089800
2011-12-21,10.964329719543457,10.976673745493185,10.816204939720057,10.816204939720057,19344600
2011-12-22,10.976675033569336,11.001363088365851,10.945816142264938,10.995191074666723,8170800
2011-12-23,11.047654151916504,11.097029096504171,11.010623237773638,11.013708656789069,6438200
2011-12-27,11.137147903442383,11.158749370639864,11.041483422145209,11.056914050593413,6485600
2011-12-28,11.097026824951172,11.180347247610646,11.078511960265486,11.180347247610646,6305200
2011-12-29,11.183432579040527,11.183432579040527,11.106284179060696,11.115541610357104,7925000
2011-12-30,11.10319709777832,11.192689520363164,11.097025084787182,11.18960292527204,8185600
2012-01-03,10.905695915222168,11.186515993771271,10.871750436959482,11.164914539820645,38369800
2012-01-04,10.84398078918457,10.939645245501518,10.840895370615607,10.87484086083102,11550200
2012-01-05,10.865577697753906,10.899523173745195,10.772999875990038,10.831632221762618,24220000
2012-01-06,10.806947708129883,10.89335353698905,10.794603681952536,10.884096105951604,14611000
2012-01-09,10.822376251220703,10.862493744361466,10.773001327813239,10.840892288945138,9054600
2012-01-10,10.837806701660156,10.914955100231296,10.828549270532784,10.899525655955296,9017200
2012-01-11,10.788433074951172,10.843980022797695,10.769918210463185,10.831635995011515,12326000
2012-01-12,10.773002624511719,10.853236443259599,10.7390571398599,10.803861513909094,12015200
2012-01-13,10.766831398010254,10.766831398010254,10.683510977919058,10.74522993841527,12033800
2012-01-17,10.75757122039795,10.877922515194227,10.732883171623863,10.828547594837012,13276400
2012-01-18,10.754486083984375,10.773002123075663,10.695853725981971,10.763744692125579,11886400
2012-01-19,10.664995193481445,10.773002482136013,10.655736585031656,10.76374505087738,15258200
2012-01-20,10.680423736572266,10.695853179764828,10.631048812041431,10.664994293379705,12673600
2012-01-23,10.723628044128418,10.785347002122794,10.66190908613404,10.664995681488925,48796000
2012-01-24,10.637222290039062,10.683510625992989,10.615620831155653,10.671167776053341,9992800
2012-01-25,10.813119888305664,10.828549332670201,10.53538518097938,10.618705593177266,25864600
2012-01-26,10.850149154663086,10.884094633462803,10.78225819706365,10.834719712624388,14701000
2012-01-27,10.717456817626953,10.82237870076478,10.67733931540597,10.82237870076478,16195600
2012-01-30,10.649565696716309,10.677339170617094,10.584761316678238,10.677339170617094,18950200
2012-01-31,10.702025413513184,10.705110831338997,10.63413444943446,10.674251944316532,14719800
2012-02-01,10.739055633544922,10.763743683352887,10.70511015365447,10.726711608640938,16393000
2012-02-02,10.720541000366211,10.788430784393537,10.698938367731344,10.751399886088537,16077200
2012-02-03,10.748316764831543,10.7946051033048,10.683511207462931,10.732886141482508,18463000
2012-02-06,10.702025413513184,10.73905631337836,10.674251944316532,10.73288430053565,12154000
2012-02-07,10.77917766571045,10.813123159897588,10.646482285083366,10.695857228303339,13857800
2012-02-08,10.791521072387695,10.803863924586015,10.7174580732406,10.803863924586015,12836600
2012-02-09,10.760658264160156,10.791518329791653,10.726712780561078,10.773002290412755,13716800
2012-02-10,10.739055633544922,10.757571670900896,10.698938141202479,10.714368760927961,9117200
2012-02-13,10.726715087890625,10.803863502777382,10.71745765480546,10.78534863660705,13429800
2012-02-14,10.729801177978516,10.757574653116338,10.680426241865867,10.723629163815518,11173200
2012-02-15,10.708200454711914,10.766832827512687,10.664997529785932,10.742145946351304,14695200
2012-02-16,10.822376251220703,10.85323513690373,10.702024948989447,10.723626404405774,14764400
2012-02-17,10.816205978393555,10.884096950445473,10.788432505935154,10.843979450851956,9259200
2012-02-21,10.776086807250977,10.840892351062315,10.760657364321053,10.840892351062315,11839400
2012-02-22,10.788433074951172,10.828550576660612,10.748316750433013,10.763746196570095,9135000
2012-02-23,10.77917766571045,10.819295174949023,10.742146752593346,10.80077912979472,9678000
2012-02-24,10.82546615600586,10.859410469759302,10.763747188578106,10.794606083696287,6650400
2012-02-27,10.822376251220703,10.837805694062217,10.760657302663615,10.813118820954001,9379200
2012-02-28,10.769918441772461,10.834722823254804,10.739058371644221,10.819293376786337,13654800
2012-02-29,10.766831398010254,10.819292926448972,10.705112437514043,10.776088830067744,12283400
2012-03-01,10.794604301452637,10.831635204918744,10.75448680266949,10.769917424872299,11064000
2012-03-02,10.788433074951172,10.822378562767522,10.75448758713482,10.797691684386447,9731000
2012-03-05,10.813119888305664,10.834721345854247,10.726712880920182,10.79151843075708,9338000
2012-03-06,10.769918441772461,10.78226129263245,10.70819947870729,10.77300386018963,14676200
2012-03-07,10.776086807250977,10.791517427371938,10.692767579991182,10.791517427371938,12488400
2012-03-08,10.810032844543457,10.831634301195665,10.769916526298559,10.77608736203539,11045800
2012-03-09,10.853236198425293,10.86558022478225,10.776087799481044,10.840893349259485,7781600
2012-03-12,10.976675033569336,10.998276492920663,10.856323709414442,10.881010587019711,16048200
2012-03-13,11.013705253601074,11.022963862169572,10.942728866262174,11.013705253601074,12321600
2012-03-14,10.850149154663086,11.029133978446703,10.837805130155738,10.992101904924663,17269600
2012-03-15,10.840893745422363,10.890268675463364,10.785346801977338,10.871752635251292,12788000
2012-03-16,10.832173347473145,10.841517605967248,10.78234165846892,10.822830277060222,15197600
2012-03-19,10.757427215576172,10.863319711169732,10.757427215576172,10.822831089538917,22928000
2012-03-20,10.769885063171387,10.801029424529098,10.726281293956868,10.751197733508022,13867800
2012-03-21,10.748080253601074,10.807256190661038,10.744966293373116,10.77611064797659,8715400
2012-03-22,10.77299690246582,10.782339971416885,10.704477895275351,10.741852547241605,20501600
2012-03-23,10.77610969543457,10.804140087332373,10.751194451570338,10.782338803420844,10354800
2012-03-26,10.85085678100586,10.882001129922473,10.788566895091874,10.810368176949655,14005400
2012-03-27,10.903807640075684,10.925610120468349,10.83528980198918,10.853975945066717,9208600
2012-03-28,10.813488960266113,10.91003720507332,10.773000335108788,10.900694133145235,13336600
2012-03-29,10.857086181640625,10.863315289208339,10.710705124001318,10.785453226733097,13463000
2012-03-30,10.913150787353516,10.91937989710489,10.85397483875607,10.888234348348021,10740800
2012-04-02,10.969213485717773,11.00658696261386,10.878893160810938,10.910037526877442,24147800
2012-04-03,10.962980270385742,10.975438487380593,10.888232156497597,10.966094230593972,11515400
2012-04-04,10.947407722473145,10.969209007435401,10.897576044262141,10.90380396446771,15941200
2012-04-05,10.866430282592773,10.919377107914377,10.832170781751895,10.900689783433652,9394800
2012-04-09,10.810369491577148,10.835285924205083,10.779225138873132,10.794797315225141,10053000
2012-04-10,10.670219421386719,10.788570121205709,10.642189023747514,10.763654872238144,15282400
2012-04-11,10.695137977600098,10.738740562993708,10.670221535614408,10.735626601786171,9841800
2012-04-12,10.729398727416992,10.729398727416992,10.648421469715508,10.710711393774769,11687800
2012-04-13,10.692018508911133,10.7916818493544,10.685789401623335,10.710704642693786,10694800
2012-04-16,10.791681289672852,10.82905474338062,10.701361020805129,10.723162301141382,14579000
2012-04-17,10.847747802734375,10.866433945432894,10.738740155307376,10.847747802734375,11185600
2012-04-18,10.829056739807129,10.878888416631261,10.79791119924149,10.835285847920257,7177000
2012-04-19,10.80102825164795,10.844630828046444,10.76053963581459,10.819715579282063,10031400
2012-04-20,10.90692138671875,10.925608715474485,10.794799790346675,10.822830189439694,15567800
2012-04-23,10.860203742980957,10.869548001471781,10.810372053994223,10.857089782204802,11181000
2012-04-24,10.934952735900879,10.941181846027343,10.847747570292919,10.847747570292919,12486600
2012-04-25,10.991015434265137,11.006587618225952,10.919382437580198,10.966098989462647,12474000
2012-04-26,11.053299903869629,11.068872080146257,10.966093578174904,10.966093578174904,8532000
2012-04-27,11.090675354003906,11.106247533073885,11.037728519468654,11.07198802627127,10086800
2012-04-30,11.106245994567871,11.121818171480694,11.043956098835636,11.084444709273729,14092600
2012-05-01,11.162308692932129,11.193453052089763,11.078217497509145,11.118706114878984,18520800
2012-05-02,11.096906661987305,11.156081429410541,11.081334479831858,11.143623208453647,11011400
2012-05-03,11.062643051147461,11.165420365773057,11.04707087475945,11.087558295752098,11720000
2012-05-04,11.078219413757324,11.131166259181125,11.050189010434455,11.050189010434455,13746600
2012-05-07,11.056421279907227,11.071993466628786,11.019047794159146,11.043963055297302,7753200
2012-05-08,11.075102806091309,11.087559836083761,11.003469834290174,11.012812903804779,10825200
2012-05-09,11.08133316040039,11.12493574047651,10.991012851339171,11.006585031640471,10545200
2012-05-10,11.184109687805176,11.224598304110124,11.112476713161724,11.131164041013495,8930000
2012-05-11,11.190340995788574,11.255744873998783,11.152967520822935,11.16853970305184,6259400
2012-05-14,11.17788314819336,11.218371773806195,11.109364118399542,11.134280561263253,10098600
2012-05-15,11.100016593933105,11.190336880962747,11.075101349144772,11.152963419739793,11448800
2012-05-16,11.11558723449707,11.149846730917888,11.084442885794918,11.131160596928895,14291600
2012-05-17,11.053299903869629,11.143619001506428,11.050184755765768,11.131161973333661,12689600
2012-05-18,11.03149700164795,11.131161539713853,11.019039973960453,11.075100756837154,13781000
2012-05-21,11.04395580291748,11.062643127560714,10.994124125283099,11.04084184285073,10930600
2012-05-22,11.121820449829102,11.149850849246697,11.071988760651285,11.08756094075413,13908800
2012-05-23,11.062643051147461,11.146734229339804,11.006582265685898,11.100016512094868,11472400
2012-05-24,11.106245994567871,11.168535890300106,11.047071247066766,11.071986492511094,12908400
2012-05-25,11.143624305725098,11.174769861184123,11.109364788760901,11.115593899852705,9711600
2012-05-29,11.17788314819336,11.184112258909288,11.124937489230055,11.184112258909288,8195800
2012-05-30,11.109362602233887,11.224599352629374,11.087561311744194,11.134279041697093,7922000
2012-05-31,11.16854190826416,11.233945799388271,11.09067979366453,11.10313801714005,12034600
2012-06-01,11.121820449829102,11.190339467979042,11.075103909520566,11.084446979966035,22322000
2012-06-04,11.159197807312012,11.171654841559077,11.10625095645646,11.134281362654935,11532400
2012-06-05,11.19968318939209,11.252630030516656,11.128050206290476,11.14985149731787,8597600
2012-06-06,11.355405807495117,11.355405807495117,11.218368970235598,11.249513327950597,17798400
2012-06-07,11.44261360168457,11.4519566725701,11.399009832029206,11.399009832029206,14748200
2012-06-08,11.46752643585205,11.486213761764736,11.377206142728893,11.433266932385957,13459200
2012-06-11,11.458184242248535,11.57341979064401,11.445726024021704,11.52358810581777,14834000
2012-06-12,11.470643043518066,11.479986113622548,11.367864520044199,11.448840566472372,9471600
2012-06-13,11.473758697509766,11.520476431089143,11.395896600265015,11.433270074279728,13327400
2012-06-14,11.551620483398438,11.585879995355727,11.47998749843378,11.492445718796665,11687000
2012-06-15,11.608832359313965,11.630836548745386,11.555392757024524,11.59311525245415,11906600
2012-06-18,11.652840614318848,11.671701861833185,11.56167971670712,11.56167971670712,10345400
2012-06-19,11.627685546875,11.715702243588701,11.627685546875,11.684266852521267,11170400
2012-06-20,11.514531135559082,11.640269218148505,11.473665689126655,11.627696249286625,14779400
2012-06-21,11.395075798034668,11.58682761022235,11.38250163349881,11.527100928246188,19179200
2012-06-22,11.398219108581543,11.439084545076808,11.37935906030555,11.426510380133902,6910600
2012-06-25,11.376211166381836,11.395072407573696,11.31648570131457,11.31648570131457,10650000
2012-06-26,11.39193058013916,11.439081889019379,11.357352234144146,11.382499359052643,7963200
2012-06-27,11.520809173583984,11.56167338879175,11.42336124680251,11.451652503020505,10449400
2012-06-28,11.561681747436523,11.561681747436523,11.432799531297228,11.467377891577772,8461600
2012-06-29,11.627685546875,11.687410991196789,11.558528885664202,11.662262678342842,15240200
2012-07-02,11.699994087219238,11.725141220149759,11.602546099159602,11.66541573019361,23177200
2012-07-03,11.671699523925781,11.725137915804824,11.633977036453135,11.687416627470315,5525200
2012-07-05,11.602540969848633,11.677984733564571,11.59311094906087,11.65598055230116,17703000
2012-07-06,11.577396392822266,11.599400578922339,11.520813857382588,11.549105125102427,10942000
2012-07-09,11.539673805236816,11.577396294635484,11.492522492195777,11.552247968369706,17403000
2012-07-10,11.55853271484375,11.602541077779954,11.542815613671957,11.552245634547441,8059200
2012-07-11,11.61825942993164,11.643407753824684,11.552246878419526,11.580538143230157,8226200
2012-07-12,11.6339750289917,11.662266290145412,11.577393705822203,11.608827907487248,10535200
2012-07-13,11.737710952758789,11.7534280547962,11.643407141396303,11.659124243433714,14127600
2012-07-16,11.731422424316406,11.750283663916406,11.706275303987612,11.72513534444974,10278800
2012-07-17,11.756575584411621,11.791152739208206,11.684274735744886,11.740857278704194,11463200
2012-07-18,11.794295310974121,11.806869474211936,11.709421507826178,11.747142798401418,10879200
2012-07-19,11.816299438476562,11.83830362446452,11.721995612936995,11.822586520064293,10811400
2012-07-20,11.841444969177246,11.876023313678674,11.766002398572349,11.791149522394635,18033000
2012-07-23,11.762861251831055,11.841447982372326,11.725139956929983,11.803726687471253,9031200
2012-07-24,11.659128189086914,11.7597191151337,11.599402701477393,11.747144949593245,20044400
2012-07-25,11.652840614318848,11.718853181911461,11.599402211735793,11.681131886021165,7147800
2012-07-26,11.835159301757812,11.85401934518133,11.725137185522362,11.725137185522362,12253600
2012-07-27,11.973475456237793,12.004909671799716,11.854023278653257,11.854023278653257,10489400
2012-07-30,12.017480850219727,12.052059198224987,11.91060286508445,11.929464109215907,13570400
2012-07-31,11.920032501220703,12.058345888758634,11.91688956020308,12.058345888758634,8384600
2012-08-01,11.82887077331543,12.114926321899919,11.82887077331543,11.94517875703319,31389800
2012-08-02,11.762861251831055,11.838305040771548,11.659127391068518,11.79743960513135,15895200
2012-08-03,11.901174545288086,11.910604569133888,11.81944367483003,11.83516198009081,13638600
2012-08-06,11.872879028320312,11.96403989002082,11.85716192781903,11.951465729964632,12650800
2012-08-07,11.750284194946289,11.9106005418089,11.747140055301927,11.882309280699271,18437600
2012-08-08,11.766003608703613,11.77229069009032,11.693703971463734,11.7534294459302,9829400
2012-08-09,11.766003608703613,11.791150735112277,11.737712342032516,11.75028650480593,9093600
2012-08-10,11.800583839416504,11.819443887447376,11.72514004987795,11.766005485842097,12268000
2012-08-13,11.788012504577637,11.800586672375793,11.747147058802947,11.775438336779478,7597000
2012-08-14,11.775432586669922,11.825728034163932,11.743998381662935,11.81001093166044,13323600
2012-08-15,11.718850135803223,11.772289723633978,11.718850135803223,11.762858502759101,11043800
2012-08-16,11.690560340881348,11.750287017089915,11.677987376697947,11.740855795029596,15764200
2012-08-17,11.659128189086914,11.73142784223689,11.637123998960332,11.73142784223689,12808200
2012-08-20,11.681132316589355,11.681132316589355,11.61511974656351,11.646553961107697,10656400
2012-08-21,11.596256256103516,11.699991302490298,11.596256256103516,11.677987116736409,16145600
2012-08-22,11.577396392822266,11.621404765022412,11.555391007583985,11.583682275303824,11214000
2012-08-23,11.457942008972168,11.580537078837564,11.445367848181364,11.57739413820885,15948800
2012-08-24,11.511385917663574,11.527103026625353,11.426512090303703,11.426512090303703,6554000
2012-08-27,11.536527633666992,11.55538767394711,11.49566221449697,11.50509223463703,8140600
2012-08-28,11.514531135559082,11.5396782724215,11.479952773126925,11.523961161990156,6348200
2012-08-29,11.4956693649292,11.517673558368092,11.467378087773678,11.505099390934836,10777400
2012-08-30,11.439082145690918,11.476803433469106,11.420222101370884,11.476803433469106,4171200
2012-08-31,11.426512718200684,11.479952330573548,11.39193555624014,11.473665246815646,12295800
2012-09-04,11.470515251159668,11.4862323513205,11.391928551217635,11.407645651378466,25937400
2012-09-05,11.42022705078125,11.483095491278734,11.413939966903774,11.467378381154361,7073400
2012-09-06,11.549103736877441,11.552246677740433,11.435938679600751,11.435938679600751,11066000
2012-09-07,11.511385917663574,11.56796846923682,11.492525866564858,11.552251360275042,10229600
2012-09-10,11.498809814453125,11.542818187201215,11.498809814453125,11.514526919129125,7423000
2012-09-11,11.470515251159668,11.508236531373237,11.461084031752867,11.492519431212406,6759400
2012-09-12,11.40450382232666,11.486234678341615,11.391930859133538,11.486234678341615,7674000
2012-09-13,11.564820289611816,11.574250310890498,11.395072711767538,11.395072711767538,16900400
2012-09-14,11.486231803894043,11.577392659275223,11.454796405932695,11.555387281133369,18208200
2012-09-17,11.413934707641602,11.514525605054112,11.398216405621202,11.467373097269085,10366400
2012-09-18,11.379355430603027,11.423363794727374,11.354207108738837,11.423363794727374,20739200
2012-09-19,11.39193058013916,11.429651867070953,11.360495175080924,11.36992519702935,25114200
2012-09-20,11.439082145690918,11.454799249003653,11.379356673447278,11.385643754599995,9522800
2012-09-21,11.44575309753418,11.477521111571997,11.407632692514625,11.477521111571997,15178800
2012-09-24,11.553765296936035,11.572826110927164,11.426696839140378,11.426696839140378,16430400
2012-09-25,11.528349876403809,11.610944297519682,11.525172468768998,11.576000084492446,13455800
2012-09-26,11.553765296936035,11.645890746820557,11.528352090107376,11.547411692272325,12659200
2012-09-27,11.506113052368164,11.579177675387873,11.490228437594602,11.569646664158544,14004200
2012-09-28,11.560115814208984,11.579176623109493,11.448930791853991,11.499758403762824,15932000
2012-10-01,11.506113052368164,11.623651688371528,11.502935644683065,11.572824071843643,14387600
2012-10-02,11.5664701461792,11.58553095628106,11.509288927699552,11.537879536939377,12397000
2012-10-03,11.623652458190918,11.652243070120495,11.579178442261808,11.591885650191854,9406800
2012-10-04,11.690360069274902,11.741187674330744,11.645886066329252,11.645886066329252,13373200
2012-10-05,11.671300888061523,11.738011894842296,11.652240081055986,11.718951087836759,9188600
2012-10-08,11.690360069274902,11.709420875605478,11.623649064856426,11.652239668439444,10853600
2012-10-09,11.66812515258789,11.715776571015533,11.64271195143215,11.66812515258789,10977200
2012-10-10,11.649062156677246,11.703067168215206,11.617295358237753,11.668122962836351,7639400
2012-10-11,11.661770820617676,11.728481832786986,11.636357621049962,11.671301830803174,11852600
2012-10-12,11.595062255859375,11.703071103428094,11.569647839101517,11.690363895049165,8362600
2012-10-15,11.642707824707031,11.652237620284387,11.534699031470243,11.595056423169295,9685600
2012-10-16,11.68718433380127,11.715774938508783,11.642710329106412,11.661769924360927,16713000
2012-10-17,11.830137252807617,11.846020652654614,11.690360425772289,11.715774834988068,19708000
2012-10-18,11.88414478302002,11.887320979255582,11.801550350808158,11.833317160468233,10890200
2012-10-19,11.788840293884277,11.893671709894846,11.769779485597892,11.871434706140308,15678200
2012-10-22,11.757070541381836,11.779308753673499,11.699890548630368,11.776131346849416,9488000
2012-10-23,11.649062156677246,11.706243363328882,11.604588154131681,11.674476564889387,13784200
2012-10-24,11.563294410705566,11.668125840873962,11.556940807085363,11.63953523049604,11551200
2012-10-25,11.620476722717285,11.630006523129524,11.531527475507376,11.598238502045236,11300400
2012-10-26,11.620476722717285,11.652243531975477,11.569647888982425,11.617299314695808,14972200
2012-10-31,11.722127914428711,11.769778111844275,11.633178697966775,11.687183709228558,22139200
2012-11-01,11.598237991333008,11.782488870030356,11.58553199528488,11.769781662156186,16870000
2012-11-02,11.518819808959961,11.658596672519584,11.509290008926731,11.595061844703942,8595200
2012-11-05,11.33139419555664,11.496584284462223,11.315510789509723,11.496584284462223,16572200
2012-11-06,11.33774185180664,11.394923053035441,11.299621454929298,11.344095453257127,16531200
2012-11-07,11.099488258361816,11.302799887759502,11.035954661739822,11.274209284549334,24006200
2012-11-08,11.080431938171387,11.2329147964063,11.077254530306014,11.10902254982956,19347600
2012-11-09,11.013717651367188,11.09631327491584,11.001011657750771,11.055015463141514,19359400
2012-11-12,10.92159366607666,11.020071480714563,10.893003059156596,10.994658281133303,14239800
2012-11-13,10.962891578674316,11.029603810687686,10.88029715536983,10.883473351262857,24911800
2012-11-14,10.886649131774902,10.981950748058903,10.858058525707122,10.97559714539653,20745000
2012-11-15,10.823114395141602,10.950184025655167,10.753225977176559,10.88347180313135,30604200
2012-11-16,10.915240287780762,10.934299884902355,10.775463445817829,10.832644660834326,24675000
2012-11-19,10.92477035522461,10.988305174787325,10.861235535661892,10.950184767780051,33073000
2012-11-20,10.905709266662598,10.947005863680504,10.813583851482857,10.937476066188022,22659400
2012-11-21,10.858059883117676,10.924770901673714,10.753227243821659,10.915241102401694,29878600
2012-11-23,10.829471588134766,10.889829016134758,10.769114160134773,10.858062203887648,7440200
2012-11-26,10.966064453125,11.01689204918364,10.80405065755806,10.80405065755806,32368000
2012-11-27,10.994659423828125,11.058194247123314,10.956539014581395,10.956539014581395,27325800
2012-11-28,11.03913688659668,11.055020294427953,10.918420805791586,10.959718635613969,21058200
2012-11-29,11.102667808532715,11.115375015040367,11.016895982344929,11.04866278678815,19131600
2012-11-30,11.220206260681152,11.229736059497343,11.099490224430538,11.131258240194327,58126400
2012-12-03,11.150318145751953,11.239267380521076,11.09631433520099,11.229736369615788,25005400
2012-12-04,11.093135833740234,11.178907652474408,11.08042984016265,11.159848056195129,11106600
2012-12-05,11.261503219604492,11.321860627230857,11.07089877498169,11.134433589855957,37338000
2012-12-06,11.255152702331543,11.328217335327272,11.22020848398008,11.22020848398008,12977400
2012-12-07,11.26468276977539,11.305980593516491,11.226562354228463,11.25832916521321,14832600
2012-12-10,11.26785659790039,11.280562591161594,11.229734982639457,11.239265992367578,8722400
2012-12-11,11.293269157409668,11.340920567877397,11.25514875613091,11.27103215567825,12899200
2012-12-12,11.274210929870605,11.366335143147072,11.26467991952584,11.293270526908428,20284400
2012-12-13,11.229737281799316,11.274212508709532,11.188440674550295,11.258327893185728,16719800
2012-12-14,11.185257911682129,11.236085506276513,11.169374515588654,11.236085506276513,12584200
2012-12-17,11.356804847717285,11.359981043142666,11.21385181705918,11.21385181705918,17190000
2012-12-18,11.436223030090332,11.458460033480554,11.33456781121337,11.337744006629489,20221000
2012-12-19,11.350451469421387,11.442576892313985,11.344097866619226,11.433047094023657,13614600
2012-12-20,11.385395050048828,11.401278450264,11.312330439598432,11.353628249618485,19356000
2012-12-21,11.343632698059082,11.385395400896172,11.266530155392394,11.314719397746993,17338200
2012-12-24,11.295441627502441,11.350056175031675,11.244040349211884,11.324354923134827,11731600
2012-12-26,11.199064254760742,11.340417462054067,11.189426898162122,11.311504166755077,11601400
2012-12-27,11.179792404174805,11.221556340545858,11.060927135814888,11.17658035930176,35448000
2012-12-28,11.067351341247559,11.208704586054838,11.064138071193158,11.138027350899472,17018400
2012-12-31,11.218341827392578,11.234405726488964,10.993461946084448,11.048075281401154,32625000
2013-01-02,11.423946380615234,11.446434365132916,11.337206486545643,11.359694471063325,25591200
2013-01-03,11.423946380615234,11.465709080146217,11.391819813087658,11.423946380615234,16283000
2013-01-04,11.481770515441895,11.491407870882691,11.417518619662951,11.423943931791143,12358600
2013-01-07,11.369333267211914,11.475349115212984,11.343633235441091,11.446435813531183,16739200
2013-01-08,11.333995819091797,11.366122393994969,11.289019839730882,11.350059719295146,12853200
2013-01-09,11.311500549316406,11.359689767904765,11.27294990974736,11.353264457059467,15160800
2013-01-10,11.359692573547363,11.3661178859796,11.31150334305712,11.333991323818424,12603000
2013-01-11,11.37254810333252,11.391822823439272,11.337209482465383,11.343634797668823,16221000
2013-01-14,11.350058555603027,11.38860921603081,11.3372079269593,11.356482644421492,11288000
2013-01-15,11.382186889648438,11.388612205657012,11.308297593805415,11.337210903092139,12496600
2013-01-16,11.327571868896484,11.378973169431042,11.317934508016153,11.3532731319156,9441200
2013-01-17,11.37254810333252,11.414310813899528,11.337209482465383,11.36612278812908,11062600
2013-01-18,11.46250057220459,11.472137932684264,11.369335335889,11.398248642831643,13333400
2013-01-22,11.558874130249023,11.57493680104236,11.436795626313858,11.443220939731837,13349200
2013-01-23,11.529960632324219,11.558873929451241,11.475347307474959,11.517110005711498,12347200
2013-01-24,11.581365585327148,11.616704206965201,11.539601648345487,11.552452279032703,12679200
2013-01-25,11.639195442199707,11.64883280514962,11.533180773238847,11.594219447761528,16063000
2013-01-28,11.63276481628418,11.661678117442852,11.568512899764531,11.645615444688783,15416200
2013-01-29,11.713078498840332,11.72592912625016,11.60385061686335,11.60385061686335,17423600
2013-01-30,11.722716331481934,11.748416359152602,11.687377721119462,11.697015078308063,16399600
2013-01-31,11.751633644104004,11.777333680556417,11.671319038746827,11.671319038746827,13664600
2013-02-01,11.783756256103516,11.825520184319375,11.770905628113507,11.79018157009852,14225600
2013-02-04,11.703441619873047,11.764480264312166,11.700228350137479,11.764480264312166,12590400
2013-02-05,11.73557186126709,11.79982380225304,11.732359815694522,11.758059856786597,12824200
2013-02-06,11.770904541015625,11.774117810468034,11.658464620245745,11.722716528758486,14998600
2013-02-07,11.786967277526855,11.857644499835496,11.738779265000877,11.783755233559749,16087400
2013-02-08,11.786967277526855,11.79981790440174,11.729140682093098,11.79981790440174,9686200
2013-02-11,11.815886497497559,11.825525085236306,11.770910506396222,11.79339850194689,9646000
2013-02-12,11.86728286743164,11.873708181416033,11.796606864609998,11.809456267075449,10411600
2013-02-13,11.86728286743164,11.915472109562913,11.835157523013017,11.880133495400425,9484000
2013-02-14,11.770904541015625,11.854432389733155,11.735565930058456,11.815880509323577,20507600
2013-02-15,11.796606063842773,11.815880778984225,11.770904809649835,11.793392794317029,10485000
2013-02-19,11.899408340454102,11.918683055127179,11.783755150402744,11.783755150402744,18934000
2013-02-20,11.876923561096191,11.97651288178798,11.87371029078149,11.905836866410738,16345600
2013-02-21,11.825521469116211,11.892985435138446,11.815882884324841,11.848009457790289,18075800
2013-02-22,11.944385528564453,11.950810842612764,11.838369685022336,11.867282985488064,12183000
2013-02-25,11.838371276855469,12.069677711683646,11.825521872534411,11.976512483710795,19625000
2013-02-26,11.873706817626953,11.9379587245877,11.819093493287395,11.851218834016173,19338400
2013-02-27,11.982935905456543,12.018274519139252,11.880133334108649,11.886558648005806,12015400
2013-02-28,12.024700164794922,12.072889407601478,11.963661519342857,11.998998908497198,17955200
2013-03-01,12.04719066619873,12.053615981614469,11.925112124306905,11.979726692588882,11437000
2013-03-04,12.169266700744629,12.18532937322263,12.015062839049758,12.027912241730146,15280600
2013-03-05,12.233515739440918,12.26564107684263,12.18211323879327,12.194963863955183,11628000
2013-03-06,12.227097511291504,12.268860229010611,12.191758884372431,12.256010821906766,10835200
2013-03-07,12.172479629516602,12.259219537804547,12.169267584988948,12.227094190514245,16005800
2013-03-08,12.198182106018066,12.220670096467904,12.108228918715147,12.207819466066978,22876800
2013-03-11,12.227097511291504,12.24637223469916,12.175696206364792,12.204609516980055,6522600
2013-03-12,12.194969177246094,12.252795790166415,12.153206465528662,12.252795790166415,10055800
2013-03-13,12.249581336975098,12.256006651092324,12.162841434647577,12.162841434647577,9278200
2013-03-14,12.27528190612793,12.281707220526863,12.220668571992121,12.236731245237747,14657400
2013-03-15,12.355971336364746,12.365692397123595,12.236072484985831,12.274959200315418,26305400
2013-03-18,12.287918090820312,12.343006976662815,12.26847597264392,12.28791809082031,10046200
2013-03-19,12.320326805114746,12.362453465422732,12.258758021700919,12.294402326110696,15577400
2013-03-20,12.411059379577637,12.430502737844089,12.336528360443605,12.375413840829376,12853400
2013-03-21,12.3494873046875,12.404574950858779,12.333285128528113,12.375410539313158,12010000
2013-03-22,12.368929862976074,12.404575393486736,12.336525509501026,12.378652157936068,4663600
2013-03-25,12.34300708770752,12.453183624236853,12.291159378525885,12.443462565061202,13278000
2013-03-26,12.459667205810547,12.469388266908155,12.362452886393047,12.362452886393047,11751400
2013-03-27,12.517995834350586,12.524476953689135,12.404578100146646,12.414300397228029,10813400
2013-03-28,12.670297622680664,12.683259861163783,12.51799564701886,12.52447676626042,14394400
2013-04-01,12.641131401062012,12.670295815415528,12.608727045623406,12.670295815415528,8508800
2013-04-02,12.683259963989258,12.728626562900871,12.65085560366585,12.686501141709863,16060600
2013-04-03,12.647614479064941,12.73510773568214,12.628172357248085,12.702703375222637,11327200
2013-04-04,12.767515182495117,12.777236244812276,12.670299614734367,12.676780734994903,10543400
2013-04-05,12.822600364685059,12.842043721697356,12.67677827746046,12.709183872480956,14905800
2013-04-08,12.91981029510498,12.929532588386893,12.77074831701308,12.8387981892533,11686400
2013-04-09,12.880925178527832,12.955456169588002,12.87120412112984,12.939253995209125,14806400
2013-04-10,12.984626770019531,13.017031134230235,12.910095743417108,12.913335685379275,9666000
2013-04-11,13.013790130615234,13.046194492182419,12.981385769048048,13.013790130615234,15184000
2013-04-12,13.06888198852539,13.06888198852539,12.961945346069548,12.987869830112457,10673800
2013-04-15,12.880925178527832,13.088315977329467,12.880925178527832,13.017024926686405,21289000
2013-04-16,13.036468505859375,13.036468505859377,12.835558820521285,12.939254221737507,11141000
2013-04-17,12.961942672729492,13.007309274300496,12.874449411350906,12.974904912077545,17785600
2013-04-18,13.004072189331055,13.036476558672746,12.942502156975408,12.97166658384191,12552200
2013-04-19,13.198493957519531,13.201735134442778,13.010546488815818,13.010546488815818,23339200
2013-04-22,13.182293891906738,13.24062272439591,13.111002821942861,13.211458308151325,14002600
2013-04-23,13.214698791503906,13.221179910507109,13.111003359746755,13.201737789644552,23561600
2013-04-24,13.256826400756836,13.308674120365763,13.149891019877796,13.214699742278599,21106000
2013-04-25,13.260066032409668,13.315154928538995,13.211459491745444,13.2924716289996,19908400
2013-04-26,13.279509544372559,13.337838382763788,13.221180705981329,13.221180705981329,11886200
2013-04-29,13.389686584472656,13.40912994335306,13.263307842117962,13.328117802238802,11671600
2013-04-30,13.42532730102539,13.42856724160119,13.347555129592177,13.376719539361291,15636600
2013-05-01,13.29246997833252,13.422088640154776,13.273026622793047,13.405886461945363,20734800
2013-05-02,13.276269912719727,13.32163651338386,13.201738892179058,13.279509854418384,17668800
2013-05-03,13.250346183776855,13.367003869879358,13.227662882162171,13.34107939023559,29973800
2013-05-06,13.065637588500977,13.243864045836679,13.062397646868167,13.234142984791118,29478800
2013-05-07,13.192015647888184,13.192015647888185,13.068878093823331,13.081839095834795,14582400
2013-05-08,13.075357437133789,13.198496222263756,13.033232019077682,13.162850686872423,14345000
2013-05-09,12.877684593200684,13.101277555183737,12.835557953007955,13.08831532187111,39403000
2013-05-10,12.906851768493652,12.916572827489905,12.786952938854474,12.877687355358024,21057600
2013-05-13,12.838805198669434,12.88093186283265,12.793438592407806,12.86472968004597,24650400
2013-05-14,12.926295280456543,12.981384171718785,12.82259985282444,12.848524327805968,24695200
2013-05-15,13.049429893493652,13.140163054635048,12.8971267420235,12.919810032308849,21546800
2013-05-16,12.942495346069336,13.029988580626085,12.923053229154593,13.013786404481532,20111200
2013-05-17,13.065637588500977,13.078599827326478,12.932777730907402,12.955461030778466,18103400
2013-05-20,13.000823974609375,13.08831720785719,12.978140681116992,13.081836090266966,22675400
2013-05-21,13.026750564575195,13.072117158941637,12.932776198446428,13.017028268534538,18028600
2013-05-22,12.80639934539795,13.136929027667835,12.761032744406485,12.994346868955041,49925600
2013-05-23,12.71890640258789,12.770754124464654,12.530957638192625,12.72214634439079,48092600
2013-05-24,12.582804679870605,12.689740049140903,12.540678025965574,12.689740049140903,19937000
2013-05-28,12.436975479125977,12.586037416978805,12.38188661922175,12.508265272451158,48073600
2013-05-29,12.252276420593262,12.372174040908577,12.138858683627188,12.359211801915801,63078200
2013-05-30,12.284677505493164,12.488828388665489,12.278196387725348,12.372170741138445,34267400
2013-05-31,12.210143089294434,12.449938198880911,12.206901913243916,12.24902854887534,57017200
2013-06-03,12.236071586608887,12.326806012902404,12.080528445151865,12.21338828907226,63987600
2013-06-04,12.193943977355957,12.249031622573396,12.109690684951094,12.2166272708157,29119800
2013-06-05,12.087008476257324,12.171261776223622,12.054604121591453,12.168020599068898,30872200
2013-06-06,12.229593276977539,12.236073160409726,12.067568995935238,12.083771176810036,37523400
2013-06-07,12.304125785827637,12.372175695419195,12.200430332312695,12.210151394783686,30750600
2013-06-10,12.300884246826172,12.355973150223262,12.24903652158923,12.346250851890083,19863000
2013-06-11,12.219873428344727,12.326810068612923,12.180987939223296,12.229595727735642,22360000
2013-06-12,12.099968910217285,12.310600892611196,12.070804500903462,12.281436483297373,20184000
2013-06-13,12.297640800476074,12.307361859891861,12.057844366995601,12.070806603647934,33471000
2013-06-14,12.3138427734375,12.378652719474445,12.281438418492478,12.284678359528218,22849000
2013-06-17,12.352726936340332,12.44670128631865,12.294398114708741,12.362449230710114,24857600
2013-06-18,12.436975479125977,12.453177648693233,12.32031788040766,12.378646679766819,23373200
2013-06-19,12.151820182800293,12.459666541327316,12.148580241322925,12.411058766137286,45555000
2013-06-20,11.808330535888672,12.07729146716881,11.782407290692074,12.067570404738499,51298600
2013-06-21,11.962523460388184,12.031273293768638,11.720260537082563,11.900320159733983,40140200
2013-06-24,11.952702522277832,12.044370226066912,11.779190661490654,11.86431058294753,40811000
2013-06-25,12.109842300415039,12.14585321656755,11.942877035143882,12.057461310084372,18957400
2013-06-26,12.263717651367188,12.303004352847129,12.152407828231393,12.181872229910338,22423800
2013-06-27,12.28990650177002,12.407764086583525,12.263715372317334,12.306275333247052,16357200
2013-06-28,12.319367408752441,12.384843964977405,12.201509857319792,12.250616337842438,19521000
2013-07-01,12.165504455566406,12.42413630963566,12.126218999524914,12.316099744443896,25117600
2013-07-02,12.162229537963867,12.250621489850218,12.113121787927486,12.178598371688675,20186200
2013-07-03,12.116392135620117,12.175320921919795,12.073833427962754,12.103297821112593,11410600
2013-07-05,12.080378532409668,12.155676131802641,11.952698691148832,12.155676131802641,27263200
2013-07-08,12.253894805908203,12.28663247015187,12.093477253845819,12.116393868588755,20796200
2013-07-09,12.342290878295898,12.368480766030347,12.270266501517439,12.296457638114017,14982600
2013-07-10,12.41103458404541,12.440498973674362,12.286629244627445,12.319368149138231,17668200
2013-07-11,12.610743522644043,12.617291306657433,12.505981476154002,12.522350311756426,21706400
2013-07-12,12.6500244140625,12.666393243759476,12.525619060414504,12.584547846412942,15647400
2013-07-15,12.85627555847168,12.872644388669558,12.617287140769918,12.646751534670775,24713800
2013-07-16,12.787528038024902,12.869373452697424,12.722051456514503,12.853003370673385,20737000
2013-07-17,12.780976295471191,12.862821684788202,12.728595296262766,12.830082779744478,17620400
2013-07-18,12.892291069030762,12.915207687007896,12.794076813577039,12.800623348260206,15259200
2013-07-19,12.895566940307617,12.934852400649413,12.849733695098477,12.88247137057293,14032400
2013-07-22,12.882472038269043,12.931579802888235,12.869377716717946,12.872650984890138,10515200
2013-07-23,12.915205955505371,12.957765918412171,12.853002644596545,12.882467042168662,9999600
2013-07-24,12.718775749206543,12.911930959695463,12.66966925431995,12.911930959695463,17695200
2013-07-25,12.836630821228027,12.839905336229611,12.712226726122125,12.718773258402178,20812800
2013-07-26,12.882472038269043,12.885746555303566,12.725328939894894,12.79735332830642,14019400
2013-07-29,12.90538501739502,12.95776728425523,12.830087382076437,12.836635165433963,13016800
2013-07-30,12.9479398727417,13.033059773920911,12.908654436969018,12.925023264469177,17715800
2013-07-31,12.853002548217773,12.92502690815661,12.790800486637218,12.895562510805435,32163200
2013-08-01,12.961042404174805,12.977411240477418,12.853005836625675,12.882470241515241,19349600
2013-08-02,12.944666862487793,12.983952299036497,12.872642521430576,12.967583471212995,15608400
2013-08-05,12.859551429748535,12.92175474550651,12.859551429748535,12.898838128815237,11088600
2013-08-06,12.794075012207031,12.869372639081924,12.767883881713935,12.869372639081924,21129800
2013-08-07,12.853002548217773,12.875920411812544,12.702407294583692,12.722050642438422,15427800
2013-08-08,12.902114868164062,12.94467484584234,12.823542697747419,12.862829407386881,15371000
2013-08-09,12.81371784210205,12.921754388255655,12.807170059105296,12.88246769027512,12649400
2013-08-12,12.744967460632324,12.787527423899414,12.702407497365233,12.754788510285552,11240000
2013-08-13,12.676215171813965,12.754786051617854,12.659845093731672,12.73514395609769,19680400
2013-08-14,12.59437084197998,12.672941728428766,12.528894270698178,12.650025115809393,17312200
2013-08-15,12.433954238891602,12.54853855945841,12.411037624550604,12.483061983257636,20204800
2013-08-16,12.28990650177002,12.420858402448077,12.224429927000095,12.417585135697387,33884200
2013-08-19,12.18514633178711,12.342289385777317,12.165502981715091,12.29645615113792,24428200
2013-08-20,12.299729347229004,12.397943599296944,12.185146261293403,12.211336145709266,27167000
2013-08-21,12.158955574035645,12.28008644773408,12.106574554420481,12.276813180385265,24639400
2013-08-22,12.227703094482422,12.270263055066627,12.14585768889991,12.191692165070013,16337000
2013-08-23,12.329193115234375,12.36193078129022,12.20151446920991,12.260443267199957,15159200
2013-08-26,12.237521171569824,12.348830934724978,12.224425611466549,12.312818768871642,13152400
2013-08-27,12.230975151062012,12.299724978202518,12.142581980940708,12.158950808993943,18233800
2013-08-28,12.273536682128906,12.316095390770359,12.175321203450627,12.230976724625764,16509800
2013-08-29,12.201513290405273,12.276810914148637,12.178596676607807,12.26044208270213,12186000
2013-08-30,12.211334228515625,12.280084069283182,12.165501001337255,12.214608744092239,15734200
2013-09-03,12.07055950164795,12.319370222356056,12.054190671068612,12.260441433181068,23938400
2013-09-04,12.07055950164795,12.10657167823952,11.96579748730613,12.073834017080848,14636800
2013-09-05,12.021455764770508,12.100026669101474,11.991991363430893,12.050920166110123,17545600
2013-09-06,12.106575012207031,12.185147169031838,12.08038512584014,12.100027228399792,21866800
2013-09-09,12.149134635925293,12.16550347054538,12.0640146977216,12.122943501443533,13015600
2013-09-10,12.244074821472168,12.244074821472168,12.142586055309742,12.188419288782468,16688800
2013-09-11,12.122945785522461,12.250624468021856,12.064016970697775,12.24080341517183,49506000
2013-09-12,12.090202331542969,12.230976516466868,12.077106768093847,12.188416559688052,37638200
2013-09-13,12.181868553161621,12.211332945947584,12.122939767589699,12.122939767589699,20765000
2013-09-16,12.214612007141113,12.397944964830726,12.191695387429911,12.322647321656477,50430600
2013-09-17,12.28663158416748,12.299727148465367,12.214608478252604,12.214608478252604,19447000
2013-09-18,12.653297424316406,12.705678422433447,12.240795971390899,12.263712580013259,59007600
2013-09-19,12.59437084197998,12.735145033134254,12.548537616741235,12.68603729245747,40038600
2013-09-20,12.404324531555176,12.615855583711134,12.397714028572237,12.60263583856978,37680400
2013-09-23,12.553059577941895,12.602637727331972,12.344833115658163,12.407632272995558,30776200
2013-09-24,12.546446800231934,12.586109816885932,12.503480423426831,12.559667805783265,23943400
2013-09-25,12.4605131149292,12.592719391461165,12.453902611978922,12.559668137534302,27723800
2013-09-26,12.443986892700195,12.520005781755184,12.397713374261786,12.480342765950832,17135400
2013-09-27,12.364660263061523,12.467121147249179,12.321692632811954,12.424153516999612,15275600
2013-09-30,12.35143756866455,12.387794692295964,12.288639702916534,12.318386325812773,19191600
2013-10-01,12.387796401977539,12.430764032274235,12.344828771680842,12.39110228321343,15713600
2013-10-02,12.401018142700195,12.430764771470752,12.301863133739786,12.348135387199688,19228200
2013-10-03,12.25559139251709,12.381187154065005,12.209317876298787,12.381187154065005,18608000
2013-10-04,12.278730392456055,12.325002658673974,12.239067369276674,12.268814006248864,8914000
2013-10-07,12.219231605529785,12.324997097973597,12.199400102887523,12.229146726438854,10272200
2013-10-08,12.305168151855469,12.401018543304108,12.225844646454405,12.242370271677595,24513200
2013-10-09,12.354743957519531,12.526613201229722,12.298555329371897,12.324997333399995,28637600
2013-10-10,12.539833068847656,12.559664572068673,12.295250833242585,12.424152452118793,23396800
2013-10-11,12.599328994750977,12.622465123012638,12.490258855920917,12.52331010748774,13817200
2013-10-14,12.529924392700195,12.5596710324205,12.354750437027743,12.5596710324205,52681600
2013-10-15,12.354743957519531,12.529917821321161,12.33160783440702,12.529917821321161,23992200
2013-10-16,12.467126846313477,12.473737350975581,12.354750788707396,12.407633565179385,25750200
2013-10-17,12.66873550415039,12.695176246693421,12.367963389557598,12.430762517142517,32164400
2013-10-18,12.701788902282715,12.748061155200793,12.655516649364637,12.71170402481535,21954200
2013-10-21,12.6753511428833,12.72162467213541,12.61916374860001,12.701793159598791,14803800
2013-10-22,12.837302207946777,12.88688034676747,12.68195854974476,12.734841309435424,39260400
2013-10-23,12.847216606140137,12.989339251190382,12.814165356008424,12.814165356008424,28342600
2013-10-24,12.820775032043457,12.893488029812561,12.754671275215307,12.893488029812561,15733200
2013-10-25,12.956290245056152,12.966205369648067,12.757978927445716,12.810861693310247,13100200
2013-10-28,12.92984676361084,13.005865652108113,12.883574506336366,12.949678271367523,19642400
2013-10-29,12.946371078491211,12.97942358807155,12.896794205357184,12.926540833567328,15844000
2013-10-30,12.863741874694824,13.038917025846278,12.85052213150314,12.969508645998667,24635600
2013-10-31,12.81747055053711,12.903405822045935,12.668738657461212,12.81747055053711,33806000
2013-11-01,12.910018920898438,12.949680682973522,12.824083632106959,12.830694135923586,24713800
2013-11-04,12.93645191192627,12.962893911324429,12.82407593613195,12.952977531138156,12430800
2013-11-05,12.843914031982422,13.02239383711082,12.843914031982422,12.919932928057575,21466400
2013-11-06,13.019087791442871,13.02569829460431,12.85713487687361,12.85713487687361,20235400
2013-11-07,12.896794319152832,13.091799714512351,12.873658192654611,13.032306457567119,24793400
2013-11-08,12.873661041259766,12.876965662566024,12.645603085564995,12.80425264640684,39977200
2013-11-11,12.870352745056152,12.943067008401043,12.804250244732843,12.873658626566943,14919400
2013-11-12,12.761284828186035,12.87035498133036,12.69848567681317,12.83730372542592,22484400
2013-11-13,12.824081420898438,12.824081420898438,12.61916088121539,12.681958765408323,19193000
2013-11-14,12.93645191192627,12.98272415004912,12.833992316318223,12.863737674405261,37658600
2013-11-15,13.01247787475586,13.01247787475586,12.890186712818982,12.90671234105511,15583400
2013-11-18,12.995953559875488,13.045531710418794,12.946375409332184,13.035615323815287,24412600
2013-11-19,12.900101661682129,12.986036944657508,12.873660909029812,12.939764681897504,20159200
2013-11-20,12.757975578308105,12.959591464247476,12.744755835930773,12.88687846828724,30488000
2013-11-21,12.78772258758545,12.860436846544859,12.724924711735968,12.767892343014193,15936200
2013-11-22,12.777809143066406,12.817470898240934,12.71831587989238,12.771198640399907,13729800
2013-11-25,12.728232383728027,12.817472288166229,12.724927762448658,12.787725653353496,13934800
2013-11-26,12.602632522583008,12.7348387649823,12.596022021339413,12.715008522075712,23437800
2013-11-27,12.576189994812012,12.632378622634679,12.52330724788581,12.615851739800627,16938600
2013-11-29,12.569583892822266,12.648908671384941,12.53653263723549,12.56627927159342,5887000
2013-12-02,12.516703605651855,12.609249409102818,12.450599820565406,12.586113273446284,14358800
2013-12-03,12.57950210571289,12.59933235761607,12.453905046752107,12.500177315625878,19736400
2013-12-04,12.6356840133667,12.642294514738671,12.480340383185899,12.51339289004576,14787800
2013-12-05,12.533226013183594,12.599329781268217,12.516700386368564,12.576193651562274,19452600
2013-12-06,12.705100059509277,12.731542080966259,12.559672723970818,12.576198356968941,14830600
2013-12-09,12.629075050354004,12.724925440686897,12.576192293760748,12.724925440686897,14483800
2013-12-10,12.503477096557617,12.635683334420643,12.483645593507296,12.63237871432433,19196000
2013-12-11,12.401018142700195,12.503479033093079,12.384492518010852,12.48695214757939,17436000
2013-12-12,12.417546272277832,12.500175673217038,12.394410140880822,12.410935768903745,15514800
2013-12-13,12.397710800170898,12.615852298505091,12.367964174906046,12.434067926697297,12392400
2013-12-16,12.463818550109863,12.549753833252097,12.427461411920811,12.427461411920811,19348400
2013-12-17,12.440682411193848,12.486954674015832,12.384495023717037,12.430767286539021,11379200
2013-12-18,12.605945587158203,12.619166598501772,12.31178501930153,12.447297233510504,38494400
2013-12-19,12.513398170471191,12.579501951261284,12.401022121375462,12.579501951261284,32146400
2013-12-20,12.637328147888184,12.690777010629159,12.527089151679132,12.527089151679132,30735800
2013-12-23,12.587220191955566,12.70748046040124,12.583878920986798,12.70748046040124,33831200
2013-12-24,12.637328147888184,12.670733209230765,12.527089151679132,12.57719801801441,9874400
2013-12-26,12.58053970336914,12.660713645404732,12.557155902425755,12.650691106199297,20616400
2013-12-27,12.630645751953125,12.660710814203094,12.57051562745319,12.57051562745319,25595200
2013-12-30,12.66071605682373,12.68743985971115,12.603925904915009,12.603925904915009,11328800
2013-12-31,12.684096336364746,12.704138864378542,12.6373287385706,12.65068999913931,14043600
2014-01-02,12.490344047546387,12.690778258270964,12.473641515233055,12.667393183846462,40830400
2014-01-03,12.450257301330566,12.523749970252446,12.396808435111424,12.510387435117288,27533600
2014-01-06,12.470303535461426,12.507048602765336,12.413513387224949,12.453599726124867,22472200
2014-01-07,12.58053970336914,12.590560968253,12.480323231565835,12.520409565422844,17296400
2014-01-08,12.513731002807617,12.570521156177607,12.480325929758342,12.55381861965297,28752800
2014-01-09,12.587220191955566,12.593901459571603,12.49368499397404,12.557155124844147,18738600
2014-01-10,12.767607688903809,12.857802869710962,12.6473474478276,12.66738997179283,53048200
2014-01-13,12.637328147888184,12.770949667579917,12.623965613622588,12.757587133314322,24834000
2014-01-14,12.654030799865723,12.707479663119079,12.613943196684643,12.657370796303438,15348200
2014-01-15,12.630645751953125,12.690775876453062,12.617283218881742,12.644007010703218,11903800
2014-01-16,12.717501640319824,12.720842911266432,12.613943904440307,12.613943904440307,16715000
2014-01-17,12.71416187286377,12.744226940317706,12.684096805409833,12.720843140555923,8632600
2014-01-21,12.85446834564209,12.86114961524396,12.747570580655943,12.760933119859681,11455400
2014-01-22,12.86783218383789,12.907918531173896,12.831085834479051,12.861150913561556,14949400
2014-01-23,12.831082344055176,12.861147414959115,12.757589665329622,12.844444880972851,18847800
2014-01-24,12.687435150146484,12.881188065027095,12.687435150146483,12.807695404303919,30035200
2014-01-27,12.717501640319824,12.770950506572142,12.670734041639232,12.710820372748097,16843600
2014-01-28,12.764266014099121,12.770947279982819,12.700795899685732,12.750903482331722,15803200
2014-01-29,12.757591247558594,12.817721396823968,12.704142367580687,12.710823636868152,22085200
2014-01-30,12.954678535461426,12.971382338496623,12.777629437315413,12.777629437315413,16803800
2014-01-31,13.061580657958984,13.088305732380581,12.824401356914905,12.877850231436412,28027200
2014-02-03,12.958017349243164,13.23194284604956,12.941314823695656,13.088298832563154,41110800
2014-02-04,12.881192207336426,13.02149503275752,12.824402058245681,13.02149503275752,21823800
2014-02-05,12.824400901794434,12.874509777395787,12.780973294561369,12.854465972290917,15622400
2014-02-06,12.917935371398926,12.924616639385045,12.801016367445742,12.844443972194739,21078200
2014-02-07,12.988086700439453,12.998107964218036,12.907912767246481,12.958021634782268,20122000
2014-02-10,13.0849609375,13.09164220430632,12.904571831014753,12.941318161288837,14652800
2014-02-11,13.208563804626465,13.251990131799944,13.064919739492092,13.088303538530573,20196400
2014-02-12,13.225268363952637,13.248652166576456,13.145094416155493,13.205224558422932,11637800
2014-02-13,13.36890983581543,13.382272370221182,13.165135646252661,13.171816913455539,16418200
2014-02-14,13.455768585205078,13.465791126763557,13.312124474645007,13.33884955303845,14478800
2014-02-18,13.502534866333008,13.545962477278204,13.462448527018386,13.489173602775969,19472400
2014-02-19,13.425698280334473,13.572683605609031,13.395633216012076,13.49250967597551,20743400
2014-02-20,13.529256820678711,13.576024418142712,13.415677823556946,13.422359090954869,19243400
2014-02-21,13.545961380004883,13.669561659567242,13.532598843208508,13.539280111606695,18419400
2014-02-24,13.512555122375488,13.676241723590547,13.505873854565676,13.562662719466788,14203400
2014-02-25,13.495855331420898,13.6194556252055,13.472471526497372,13.539281669523561,13142200
2014-02-26,13.452425956726074,13.572686237333967,13.439063420142615,13.562663697735557,19662000
2014-02-27,13.41901683807373,13.512553300478064,13.375590514647417,13.435720642506858,13822800
2014-02-28,13.512555122375488,13.539278919293208,13.435722454044937,13.44240372185475,17664000
2014-03-03,13.37893295288086,13.4991932305498,13.358890422817101,13.459106896100685,28474400
2014-03-04,13.475811004638672,13.525919884299196,13.445745931706707,13.465789738435266,19471600
2014-03-05,13.385614395141602,13.489172140997384,13.372251858710866,13.455765799920545,18069200
2014-03-06,13.318801879882812,13.439062149116852,13.2787155482453,13.412338352799013,27529000
2014-03-07,13.358890533447266,13.358890533447266,13.201883916932406,13.26869532444862,27624800
2014-03-10,13.325482368469238,13.37893123230154,13.275374775432264,13.318801101200023,21968800
2014-03-11,13.288736343383789,13.362229010725649,13.228606210889806,13.342185208453833,15842000
2014-03-12,13.455768585205078,13.459109857165197,13.268698133738473,13.268698133738473,15596000
2014-03-13,13.596071243286133,13.626136316100721,13.44574587921319,13.465789685863495,42867400
2014-03-14,13.659536361694336,13.702963956301458,13.542617385045856,13.552638647523935,25632400
2014-03-17,13.749732971191406,13.763095505427147,13.616110177476797,13.689602841451972,19267800
2014-03-18,13.729691505432129,13.786481648434052,13.696286438481554,13.756416578449885,15949000
2014-03-19,13.512555122375488,13.756415662986774,13.455764983152841,13.733031862813194,51130200
2014-03-20,13.542623519897461,13.542623519897461,13.37893560411717,13.475812099694856,25207400
2014-03-21,13.645356178283691,13.780092379681491,13.59483106646425,13.615040597216169,27598000
2014-03-24,13.682405471801758,13.739668793622835,13.591458750043111,13.655459008839571,19989000
2014-03-25,13.739672660827637,13.759882192502669,13.608305565181107,13.709357078375383,20895200
2014-03-26,13.682405471801758,13.790193893529189,13.679037645783739,13.75987831960964,15633000
2014-03-27,13.793570518493652,13.803675286991597,13.638624738471629,13.675675984610773,26842600
2014-03-28,13.8137788772583,13.823884929834303,13.736305993855254,13.766621581703397,15402800
2014-03-31,13.965352058410645,14.01924627567412,13.837354095497075,13.89124831276055,17405800
2014-04-01,13.867668151855469,13.972088758185784,13.817143046810068,13.972088758185784,20275600
2014-04-02,13.84746265411377,13.897987773864493,13.7901993098018,13.84746265411377,23314600
2014-04-03,13.891244888305664,13.935033045641726,13.833981573801246,13.85082327161813,10953600
2014-04-04,13.965352058410645,14.120297772425703,13.91819477892254,13.948510356441965,27240200
2014-04-07,13.94176959991455,14.093347445993397,13.935032663984476,13.955243471774704,26768800
2014-04-08,14.140507698059082,14.16071851011643,13.847457990394307,13.945141654595703,23726400
2014-04-09,14.110194206237793,14.17082536642444,13.961985417414658,14.127035909636394,36243400
2014-04-10,14.056296348571777,14.221348083040544,14.009139077277638,14.120295318908216,32002400
2014-04-11,14.042827606201172,14.14051129525224,14.0125120228729,14.052933657270422,35646800
2014-04-14,14.127031326293945,14.174189879425459,14.029348964298064,14.106821802748199,19273400
2014-04-15,14.322404861450195,14.322404861450195,14.127037482444655,14.127037482444655,30050000
2014-04-16,14.426824569702148,14.426824569702148,14.29208836622891,14.319034835959759,24827600
2014-04-17,14.248295783996582,14.4571356971547,14.228086257363485,14.383031957934364,35978600
2014-04-21,14.231452941894531,14.349346120928596,14.164084860329659,14.24829464105093,22112600
2014-04-22,14.251668930053711,14.265141523310398,14.160722179637393,14.255036757132945,21521600
2014-04-23,14.258404731750488,14.413350463830142,14.234824804317837,14.25166779318968,34032200
2014-04-24,14.356087684631348,14.39314020568124,14.1910371807869,14.26851004982772,22518600
2014-04-25,14.521142959594727,14.521142959594728,14.349354190746437,14.349354190746437,32912600
2014-04-28,14.591874122619629,14.61545276395602,14.47061180435272,14.500927383919446,37239600
2014-04-29,14.531241416931152,14.639029847265501,14.487451965564246,14.57503086829806,34932800
2014-04-30,14.554825782775879,14.652509487746444,14.521142366894972,14.521142366894972,43656400
2014-05-01,14.615453720092773,14.659243178984863,14.457138873671907,14.554822556992853,37807800
2014-05-02,14.315669059753418,14.537982927871994,14.251670060652865,14.514404281627588,55864200
2014-05-05,14.4436674118042,14.453772178131885,14.295457319319398,14.302194258517778,29828400
2014-05-06,14.372926712036133,14.467242553033445,14.362821948155494,14.416716163751333,21089400
2014-05-07,14.605354309082031,14.615459078323346,14.389777332333093,14.4032499296748,27319800
2014-05-08,14.44703483581543,14.612086629220826,14.416719252738508,14.601980578235365,30322200
2014-05-09,14.234825134277344,14.477349788329516,14.228089480500051,14.43019250225041,24348200
2014-05-12,14.1034574508667,14.281983107038931,14.086615747249597,14.265140118482208,27231400
2014-05-13,14.137142181396484,14.20450899604767,14.076511020258716,14.13377306970015,17256600
2014-05-14,14.207877159118652,14.298823894753014,14.120298250016141,14.164087704567397,40224000
2014-05-15,14.150618553161621,14.281986960676601,14.137145957596468,14.211249730494698,23125000
2014-05-16,14.194405555725098,14.20787943388882,14.100090978458537,14.164089972326597,20182000
2014-05-19,13.975460052490234,14.180930901006448,13.965354001950983,14.157352257980985,26918000
2014-05-20,13.975460052490234,14.06303768587914,13.887881134161656,13.975460052490234,21571800
2014-05-21,13.985560417175293,14.02261292596712,13.938403145963612,14.015875989374127,13807800
2014-05-22,14.100092887878418,14.14051324290352,13.985567477857364,13.992304417851534,10420000
2014-05-23,14.066401481628418,14.14387561215495,14.063033655706933,14.066401481628418,17818400
2014-05-27,14.177562713623047,14.26514034478509,14.157351897998126,14.194404417507327,18907200
2014-05-28,14.261774063110352,14.275247941653397,14.160722543917064,14.17756424962598,25056000
2014-05-29,14.302190780639648,14.30555989188945,14.197771460805944,14.258402613907847,19632600
2014-05-30,14.396510124206543,14.40324577846602,14.258406082971433,14.258406082971433,16557200
2014-06-02,14.393134117126465,14.42681879698609,14.329135152801898,14.356081611750449,14490200
2014-06-03,14.44703483581543,14.473982591857016,14.352720259549335,14.366194137570128,16007200
2014-06-04,14.44029426574707,14.450400314191334,14.359453587829416,14.423452564925844,14061400
2014-06-05,14.561558723449707,14.585137365078202,14.416717762052034,14.42682381199253,16829000
2014-06-06,14.511033058166504,14.642400137909142,14.500927008612766,14.575032042288942,16174200
2014-06-09,14.41335678100586,14.534619158368747,14.389778128178655,14.484092739487474,16995200
2014-06-10,14.379666328430176,14.45713919747311,14.349350746201228,14.379666328430176,17844400
2014-06-11,14.19777774810791,14.362828294134015,14.191040807564393,14.362828294134015,20601600
2014-06-12,14.241555213928223,14.285344652028664,14.02261059330413,14.164082383405324,33293800
2014-06-13,14.332507133483887,14.35608577375178,14.164087540176345,14.228087807994505,16833000
2014-06-16,14.430190086364746,14.548083281824969,14.319032543554142,14.345980293910456,39471400
2014-06-17,14.409980773925781,14.436928527087822,14.325770972703793,14.399876008959813,22852600
2014-06-18,14.736714363098145,14.736714363098143,14.396507351174867,14.403243004136934,71718800
2014-06-19,14.857975959777832,14.878185487569633,14.729976715692102,14.740081479588003,44431200
2014-06-20,14.767614364624023,14.896706905238451,14.75402526689797,14.87632455457706,19201600
2014-06-23,14.716654777526855,14.821968333007517,14.648710589988609,14.80837923631435,18760400
2014-06-24,14.760815620422363,14.808376153018138,14.713255087826587,14.730240807192605,18392200
2014-06-25,14.815176963806152,14.835559317292102,14.720055858397401,14.730247035140376,24282200
2014-06-26,14.859336853027344,14.872924653017558,14.767612399473949,14.815172939258483,25894200
2014-06-27,14.917085647583008,14.954455006079998,14.7981843213901,14.845744851867265,15382200
2014-06-30,15.035987854003906,15.069960589138736,14.883115081642853,14.930675614904278,25319200
2014-07-01,14.886512756347656,15.042783461199335,14.88311613055846,15.019003192892663,19635000
2014-07-02,14.597748756408691,14.852538406310577,14.546790308057446,14.845743860135267,34737600
2014-07-03,14.43808650970459,14.567180351945247,14.373540236548134,14.472057959591622,24402600
2014-07-07,14.50602912902832,14.567178768922005,14.427893766036966,14.431290392285458,24500800
2014-07-08,14.604548454284668,14.624930804073227,14.5060294438812,14.519618541025325,26636400
2014-07-09,14.563776969909668,14.635119061412974,14.49583279967794,14.604544249605059,20881000
2014-07-10,14.662297248840332,14.675886343274094,14.523012270712696,14.536601365146458,20881200
2014-07-11,14.550191879272461,14.68268232311058,14.529808235632943,14.652107505615053,18266000
2014-07-14,14.383731842041016,14.628330435503772,14.376937292675073,14.594357688674066,16613600
2014-07-15,14.458467483520508,14.495835553115006,14.380332126487003,14.380332126487003,17890800
2014-07-16,14.50602912902832,14.523014852125987,14.38712647548944,14.50602912902832,14987400
2014-07-17,14.373539924621582,14.563782113344814,14.366745375606078,14.563782113344814,16122800
2014-07-18,14.519617080688477,14.52980825455776,14.332770253568277,14.390523262658386,10431800
2014-07-21,14.50602912902832,14.550193045824338,14.42449584386087,14.502631206852223,11157000
2014-07-22,14.475457191467285,14.563783746719501,14.475457191467285,14.53320892068453,9367400
2014-07-23,14.489043235778809,14.516220133230405,14.451673867846225,14.475454139089218,14994200
2014-07-24,14.533202171325684,14.556982436539338,14.438081110471067,14.461861375684721,12080600
2014-07-25,14.417702674865723,14.567180162652868,14.39732032356946,14.53320741727955,11894800
2014-07-28,14.618138313293457,14.648713138207938,14.35995191084837,14.383732186234319,17213200
2014-07-29,14.482251167297363,14.71326066686691,14.46186751877259,14.652111017220395,16371200
2014-07-30,14.237654685974121,14.516224777599458,14.173108399938789,14.441486017822122,29498200
2014-07-31,14.013433456420898,14.241044965667903,14.003242283149369,14.149321814369284,30104400
2014-08-01,14.067793846130371,14.176504055118528,13.935303359921548,13.96927481425738,31075400
2014-08-04,13.99305248260498,14.084776947324059,13.755249754734415,14.064394596893823,60365000
2014-08-05,13.8231840133667,14.003236203870674,13.762034408429782,13.996441659330255,29531800
2014-08-06,13.646541595458984,13.782430012436148,13.612570139178686,13.768840911552834,99782400
2014-08-07,13.802807807922363,13.857162892467496,13.7076854380228,13.7076854380228,25176400
2014-08-08,14.077978134155273,14.084772680883097,13.853763275846255,13.857161197173806,40020200
2014-08-11,14.02702522277832,14.139132037897612,14.00664157642587,14.101762667548623,17141200
2014-08-12,14.01683235168457,14.084776541659688,13.989655453251103,14.023626900274845,13760200
2014-08-13,14.081379890441895,14.111954711080282,13.989655428526738,14.033819346321659,13586600
2014-08-14,14.203680038452148,14.2138712139767,14.060997101469868,14.060997101469868,12037400
2014-08-15,14.258034706115723,14.342964622076046,14.179899338943548,14.213870786956608,19427800
2014-08-18,14.22066879272461,14.332775635162507,14.196888514149055,14.27162597713166,16381600
2014-08-19,14.400716781616211,14.40411470407764,14.230856944520614,14.237651493515763,15437400
2014-08-20,14.431292533874512,14.444881632740296,14.34296598310251,14.393923159957504,11174000
2014-08-21,14.465261459350586,14.54679343914914,14.42109754766869,14.431288721161646,17098200
2014-08-22,14.421096801757812,14.523012419198288,14.339563530249,14.523012419198288,13779800
2014-08-25,14.519617080688477,14.556985150185016,14.441480427932301,14.451672897729086,13757200
2014-08-26,14.34636116027832,14.567179458788228,14.34636116027832,14.526412166310061,13068800
2014-08-27,14.502636909484863,14.506034832997068,14.359955224246967,14.397324607312543,10484400
2014-08-28,14.607942581176758,14.607942581176758,14.441479409462264,14.48224669391933,20624400
2014-08-29,14.703070640563965,14.709865191202528,14.584169244209173,14.5977583454863,11713000
2014-09-02,14.570576667785645,14.726847407417264,14.482250122406644,14.682684782691622,25563400
2014-09-03,14.641914367675781,14.696269452306607,14.57397148383283,14.57397148383283,16934000
2014-09-04,14.635120391845703,14.675886379319746,14.556983746623343,14.594353108444286,18473400
2014-09-05,14.818564414978027,14.825358960575398,14.645308037989759,14.686074015646929,18108400
2014-09-08,14.730246543884277,14.832162195698729,14.662302344032033,14.832162195698729,13576800
2014-09-09,14.560389518737793,14.692880021408943,14.53660923856236,14.689483393924485,26829000
2014-09-10,14.495838165283203,14.57737145892611,14.44827761729473,14.529810910937638,21080800
2014-09-11,14.618138313293457,14.641918588679408,14.472058738249588,14.509428112692598,18721000
2014-09-12,14.356550216674805,14.556984839365215,14.322578773884217,14.536602492061851,34885000
2014-09-15,14.400716781616211,14.48225007363029,14.356552861111597,14.417702506140227,21656400
2014-09-16,14.584165573120117,14.621534944261677,14.387127541983775,14.404114562268266,24455600
2014-09-17,14.556985855102539,14.658902782440672,14.482248416562824,14.614738866989319,31086800
2014-09-18,14.451674461364746,14.607945191930202,14.400715994649746,14.570575822462887,24995200
2014-09-19,14.581931114196777,14.595642693467374,14.47224109524834,14.513374525451962,19314800
2014-09-22,14.472241401672363,14.561364053601919,14.441391001464401,14.544225232954874,24621400
2014-09-23,14.431107521057129,14.489381083851843,14.389974087536803,14.47224226218573,19615800
2014-09-24,14.379688262939453,14.455099325144115,14.331699048552483,14.434533266182854,16693600
2014-09-25,14.293996810913086,14.43110870308083,14.290568261734073,14.386548024620714,19290400
2014-09-26,14.314560890197754,14.3728344496833,14.191160596644288,14.280283248812047,13619400
2014-09-29,14.407112121582031,14.417396460106087,14.239149847784853,14.283710520159008,11150000
2014-09-30,14.427679061889648,14.581931059080404,14.379689842232116,14.424251820889038,23220800
2014-10-01,14.509943008422852,14.647054837898068,14.437957892269994,14.489375645578065,35271400
2014-10-02,14.489381790161133,14.599071823301209,14.465387177137261,14.499664822140408,26489400
2014-10-03,14.581931114196777,14.605925724116236,14.40025595788179,14.489379915532501,18352400
2014-10-06,14.581931114196777,14.66419797460402,14.516801766465525,14.599069934480939,11044200
2014-10-07,14.561362266540527,14.72247003758864,14.527084629453203,14.585356874023264,24451600
2014-10-08,14.890437126159668,14.907577257878227,14.561366995855341,14.58536161113117,35153000
2014-10-09,14.647055625915527,14.969269815505713,14.636772597743795,14.904141791071655,31548200
2014-10-10,14.715621948242188,14.856162426007481,14.68134429321991,14.68134429321991,36548800
2014-10-13,14.701903343200684,14.904144549525213,14.695047553948045,14.746465319538794,34227000
2014-10-14,14.835587501525879,15.0104068529911,14.701902884292508,14.749892099954943,44017000
2014-10-15,14.640199661254883,14.941847790861338,14.36254744310598,14.79445162000863,45711400
2014-10-16,14.65391731262207,14.684767717163504,14.376263671749161,14.496238048347353,41751200
2014-10-17,14.739606857299805,14.767030009337253,14.527082659441032,14.71903949327172,31231400
2014-10-20,14.945280075073242,14.955564414199705,14.72590001863014,14.784173581652498,20948600
2014-10-21,14.99669361114502,15.02068821631422,14.897286642525247,14.979554794253865,20176000
2014-10-22,15.089245796203613,15.205791589474739,14.976127243495757,14.979555791667023,27897200
2014-10-23,15.116670608520508,15.212650362021511,15.061825595494902,15.130382188678974,18925000
2014-10-24,15.264067649841309,15.308629633956725,15.123527214654217,15.14066603697297,21233000
2014-10-27,15.229795455932617,15.336058284513564,15.192089248771351,15.260645870191034,16625600
2014-10-28,15.336052894592285,15.342907377477303,15.154377715539324,15.24692892578706,21548200
2014-10-29,15.246928215026855,15.401180224915707,15.092676205138003,15.346335211133923,30615400
2014-10-30,15.582853317260742,15.593137655816914,15.257210491957041,15.264066281791754,67734800
2014-10-31,15.586277961730957,15.64112295906217,15.459447842971127,15.62055559471001,32197800
2014-11-03,15.689112663269043,15.737101873996933,15.586278453479576,15.603417270509834,26257000
2014-11-04,15.606847763061523,15.774811343217676,15.531436690892484,15.695971722363382,30372400
2014-11-05,15.959906578063965,15.977045390970414,15.596557729452273,15.596557729452273,43090200
2014-11-06,15.689112663269043,15.939343053212985,15.596561482176146,15.939343053212985,74182200
2014-11-07,15.85365104675293,15.857078287847862,15.675404434827804,15.730249445604136,23574000
2014-11-10,15.932486534118652,15.94962535036282,15.778234572705424,15.833079569251476,18869800
2014-11-11,15.874211311340332,15.959906684049258,15.8159377779423,15.92905629756974,11126000
2014-11-12,15.596565246582031,15.894784919232524,15.52458141311609,15.894784919232524,36118800
2014-11-13,15.469731330871582,15.682255520428072,15.425169364355481,15.61712749829516,30232600
2014-11-14,15.404605865478516,15.480018241945338,15.370328225779854,15.432029023323956,15695600
2014-11-17,15.606847763061523,15.63427092211077,15.380611931338015,15.421746669911885,17124800
2014-11-18,15.651411056518555,15.730250683990782,15.555432607005985,15.644555266180758,13373400
2014-11-19,15.637699127197266,15.682261109595286,15.534864889639609,15.610277274065753,24266800
2014-11-20,15.603423118591309,15.67883551091812,15.538295066423508,15.589711536784906,16630200
2014-11-21,15.665120124816895,15.743959739644795,15.524579714452704,15.671975914055158,29753400
2014-11-24,15.534862518310547,15.709681872320601,15.517723699268483,15.685685956532021,23462600
2014-11-25,15.534862518310547,15.562285674864311,15.438884085588525,15.541718307448988,26221200
2014-11-26,15.603423118591309,15.65141234730531,15.5280107262645,15.5280107262645,13653000
2014-11-28,15.767953872680664,15.839937696099577,15.617130436811314,15.617130436811314,15589200
2014-12-01,15.798805236816406,15.929062621174381,15.64112600226146,15.737104439363055,38350600
2014-12-02,15.905069351196289,15.953058573788054,15.702828121982256,15.771383407051491,26666200
2014-12-03,15.860507011413574,15.922207812668226,15.7679558095316,15.915352022794574,16355000
2014-12-04,15.846794128417969,15.9290622925278,15.774810302076935,15.853649917727797,27733200
2014-12-05,15.72339153289795,15.791948114014184,15.64455192227709,15.68568534790362,34148800
2014-12-08,15.850225448608398,15.91192494797004,15.719968044159746,15.723395285609929,24212000
2014-12-09,15.92906379699707,15.96676998795835,15.757672970888159,15.757672970888159,21023200
2014-12-10,15.730245590209961,16.03874951746938,15.723389802092209,15.922203734683363,18828800
2014-12-11,15.887934684753418,16.01133633247797,15.562293045890923,15.682266143618294,19433600
2014-12-12,15.737105369567871,15.97705278411305,15.737105369567871,15.850223940788052,21926200
2014-12-15,15.603423118591309,15.833086229610723,15.521154935361297,15.774813968346123,22074200
2014-12-16,15.589709281921387,15.836512488305901,15.469736227489037,15.579426250858106,29683400
2014-12-17,15.86735725402832,15.905063431347145,15.610271107881164,15.641121497723134,37394800
2014-12-18,16.179288864135742,16.186144651812498,15.874213504363018,15.939341525880497,29327400
2014-12-19,16.205921173095703,16.313129793091168,16.119461927673097,16.24050434355939,35964000
2014-12-22,16.247417449951172,16.2612512426137,16.109083481115128,16.250876557748345,22601400
2014-12-23,16.288925170898438,16.375384436814592,16.154048927151425,16.154048927151425,19162200
2014-12-24,16.589801788330078,16.631301860127458,16.254339466537225,16.254339466537225,28824800
2014-12-26,16.790390014648438,16.86301548501762,16.58288829380398,16.58288829380398,39708200
2014-12-29,16.984058380126953,17.06014295617425,16.7903891498537,16.800765158846136,49041800
2014-12-30,16.63129997253418,16.97367915397836,16.607091490127992,16.970220045484137,26030800
2014-12-31,16.33042335510254,16.70046883486947,16.309672660430802,16.67280124197382,30313000
2015-01-02,16.406503677368164,16.486046013892786,16.223210524475043,16.486046013892786,33829400
2015-01-05,16.205921173095703,16.461839800759126,16.133295723563926,16.461839800759126,47823600
2015-01-06,16.216297149658203,16.503342500529218,16.205922461546937,16.212839360042278,38787400
2015-01-07,16.375385284423828,16.444552964589693,16.185175153415525,16.316593613804294,28644600
2015-01-08,16.489501953125,16.551752694835606,16.43070899961478,16.472210373597154,28055400
2015-01-09,16.385757446289062,16.534467461983475,16.299298196199913,16.492966072070992,17845400
2015-01-12,16.347719192504883,16.458386954341435,16.240509221047816,16.40305307342316,21750000
2015-01-13,16.392675399780273,16.648594057729724,16.309673933876088,16.434175473100595,31959000
2015-01-14,16.534465789794922,16.55867427183052,16.28546275255642,16.39267268675929,30926000
2015-01-15,16.665876388549805,16.71083554591295,16.51370865804899,16.56212560324185,29080400
2015-01-16,16.814598083496094,16.821514983252783,16.614013267607103,16.66243024664018,25977400
2015-01-20,16.85610008239746,16.914891753527677,16.69355623048535,16.863015663136725,22477600
2015-01-21,17.018644332885742,17.042852825708085,16.697015706230154,16.838808872445547,27644400
2015-01-22,16.946016311645508,17.112017945774472,16.824973865696382,17.06360096739482,35062200
2015-01-23,16.994434356689453,17.07743583859542,16.939100475173404,17.001351256786933,14190600
2015-01-26,16.984058380126953,16.997892179274405,16.828431437877345,16.98059927070824,16258200
2015-01-27,17.008264541625977,17.09818158525296,16.907971490426387,16.94255598356255,17492000
2015-01-28,16.863012313842773,17.215766228352205,16.81805445164808,17.01863923484157,27390600
2015-01-29,17.087806701660156,17.118932085495235,16.766178175118863,16.821512044240833,24089600
2015-01-30,16.710844039916992,17.067055734263892,16.690093344602847,17.067055734263892,29831800
2015-02-02,16.783470153808594,16.845720922932514,16.534468396576447,16.70738690652877,44798600
2015-02-03,16.845722198486328,16.904515182338947,16.6762627846892,16.752346037730028,32319000
2015-02-04,16.641679763793945,16.876849081524732,16.60017968397785,16.79730671218399,27718000
2015-02-05,16.793842315673828,16.82842548203925,16.593256256817334,16.6900901780511,26330600
2015-02-06,16.1021671295166,16.721214200581556,16.001874108215,16.686631037018376,64368400
2015-02-09,15.960382461547852,16.181717991259987,15.884297878485372,16.067591116666268,39484400
2015-02-10,16.288925170898438,16.313133659813865,15.925796517903319,15.946547216658129,41782200
2015-02-11,15.936166763305664,16.223210736315465,15.89812448897905,16.223210736315465,39086200
2015-02-12,15.863543510437012,15.981128148320753,15.808209640801342,15.967294351095957,41164000
2015-02-13,15.621459007263184,15.853170518145053,15.496958776711349,15.828962030043558,65308600
2015-02-17,15.607624053955078,15.77016654554957,15.469288727361498,15.573039562674959,52747400
2015-02-18,15.977670669555664,15.998420046533106,15.569582878327797,15.597249154052232,64208000
2015-02-19,15.797832489013672,15.988042553771121,15.742498628006716,15.943083379433187,28572800
2015-02-20,15.801291465759277,15.853167541529952,15.597247590598512,15.853167541529952,27740200
2015-02-23,15.908499717712402,15.918874404059709,15.783998204491661,15.828957377435433,17977000
2015-02-24,16.02608871459961,16.112547975830882,15.860087091347197,15.929254764184943,28665000
2015-02-25,15.7632474899292,16.026082969371775,15.745954588471415,16.012249175910807,23783800
2015-02-26,15.659499168395996,15.83933456935539,15.624915995592199,15.83933456935539,28517800
2015-02-27,15.642213821411133,15.697547711527054,15.569588337995983,15.656047623756113,24968800
2015-03-02,15.341324806213379,15.63182784951389,15.234114894297374,15.63182784951389,55060000
2015-03-03,15.434704780578613,15.451996365718975,15.237577807599061,15.330953950473068,37113600
2015-03-04,15.348249435424805,15.400124204026662,15.296373347559232,15.400124204026662,24124000
2015-03-05,15.46928882598877,15.538456489726553,15.386288684914199,15.386288684914199,23115800
2015-03-06,15.005871772766113,15.258332701069092,14.947080098171,15.220290408442201,53594000
2015-03-09,15.033534049987793,15.109617289031341,15.002408668795262,15.043908737297505,26060200
2015-03-10,15.005871772766113,15.185707225652589,14.964371689565807,14.992037971944725,27244000
2015-03-11,14.909035682678223,15.092328900039385,14.874451185549164,14.953994869314164,19976400
2015-03-12,15.192618370056152,15.25486913090368,14.988574502670005,15.009325196040301,34158000
2015-03-13,15.036993980407715,15.171870211692159,14.898659959282151,15.171870211692159,27968200
2015-03-16,15.296372413635254,15.407040163012159,15.123453890325882,15.147662378048103,25615800
2015-03-17,15.272162437438965,15.362079480320233,15.22028635779671,15.254870850646048,18376800
2015-03-18,15.683708190917969,15.780543452762801,15.223745644393235,15.268704825990353,47453000
2015-03-19,15.538456916809082,15.78745998540369,15.496956845131145,15.597248575080869,26323000
2015-03-20,15.678226470947266,15.723539636979243,15.514402868128284,15.664283753760396,27758400
2015-03-23,15.688684463500977,15.761883071462735,15.632914918647295,15.667771715212616,20520400
2015-03-24,15.514404296875,15.76188289595521,15.476063815556314,15.681714259223893,21258600
2015-03-25,15.333157539367676,15.618976680609666,15.319214817928772,15.549264403066257,28315800
2015-03-26,15.20418643951416,15.395894168689425,15.158874598019667,15.294812781804838,25400200
2015-03-27,15.29481315612793,15.385438170985706,15.18675907756788,15.232072249822208,13556800
2015-03-30,15.4830322265625,15.542288109043778,15.291324521406702,15.378464508263944,16955000
2015-03-31,15.486519813537598,15.629429350266891,15.371494383422155,15.43772162972527,20419400
2015-04-01,15.500460624694824,15.542287444295164,15.256468406000035,15.441204744747939,34579400
2015-04-02,15.528347969055176,15.598060236040283,15.458635702070067,15.476064766054519,22537200
2015-04-06,15.744457244873047,15.838568620469225,15.5771485759191,15.594577642609993,24990200
2015-04-07,15.563210487365723,15.747946932569723,15.552752779201318,15.740975570343918,13840000
2015-04-08,15.517891883850098,15.584117807413309,15.4377232406996,15.563205057683307,17916000
2015-04-09,15.451661109924316,15.517887012698848,15.357549776728609,15.510915655093555,22818200
2015-04-10,15.56668758392334,15.62942848238406,15.437720772487733,15.507433029627501,18541400
2015-04-13,15.413321495056152,15.566687395183573,15.399378777867106,15.535316946333566,16952800
2015-04-14,15.490010261535645,15.542294808045819,15.406356582700866,15.4516697676996,22051200
2015-04-15,15.528347969055176,15.664286158368142,15.507435219715271,15.531834313712425,19362200
2015-04-16,15.427264213562012,15.493491461098303,15.298297392563626,15.476063727933788,27135800
2015-04-17,15.371496200561523,15.496978019284628,15.319212995860857,15.361039825551579,17001000
2015-04-20,15.60155200958252,15.723548862067778,15.42378691493165,15.434243294131267,18538800
2015-04-21,15.462121963500977,15.720055621411356,15.406352416143253,15.601545167069835,23398200
2015-04-22,15.493488311767578,15.535315128790522,15.395890632513321,15.507431027325405,17496600
2015-04-23,15.580633163452148,15.657315463706833,15.44120862356025,15.44120862356025,18436400
2015-04-24,15.737481117248535,15.845533842827425,15.542287080926096,15.580628885351091,29082400
2015-04-27,15.549261093139648,15.80370972180591,15.500462908142122,15.779310629307147,21013200
2015-04-28,15.660799026489258,15.664284041024539,15.427263163103857,15.483032703223387,19495600
2015-04-29,15.594571113586426,15.646854302816235,15.46560298825502,15.545771608794501,26662000
2015-04-30,15.413321495056152,15.563202380711658,15.294811058250652,15.55971603658905,35176400
2015-05-01,15.500460624694824,15.507431982903318,15.315722956296298,15.378463850522119,25014800
2015-05-04,15.615483283996582,15.733993703409725,15.479545135480139,15.50394422215486,26646200
2015-05-05,15.266923904418945,15.591084729476483,15.225097087213292,15.591084729476483,37242400
2015-05-06,15.183274269104004,15.336640192353213,15.033393360852116,15.26344291055138,33952200
2015-05-07,15.239046096801758,15.343613847829317,15.19721793266986,15.235559751631886,25374000
2015-05-08,15.347095489501953,15.51789046469923,15.284354586747916,15.434235484476915,28766400
2015-05-11,15.242531776428223,15.472581370572408,15.228589054443448,15.343614516341116,25278600
2015-05-12,15.225098609924316,15.242526341365464,15.071732711731277,15.162357713015647,27070400
2015-05-13,15.075225830078125,15.326189552622207,15.022941277997644,15.2773913464945,27959200
2015-05-14,15.249497413635254,15.291324234239042,15.137958338924717,15.151901055676197,24485400
2015-05-15,15.448179244995117,15.479549698488533,15.266927883661042,15.291326977528044,35583400
2015-05-18,15.507436752319336,15.535320864078635,15.371497219920531,15.371497219920531,20487200
2015-05-19,15.542284965515137,15.580626764721554,15.38543275496635,15.437717268366082,25816000
2015-05-20,15.56668758392334,15.678226663486685,15.507433029627501,15.542288493372029,18137400
2015-05-21,15.559720039367676,15.622460953207952,15.486522749771034,15.605033217063662,16125200
2015-05-22,15.535321235656738,15.580634414206822,15.437724847688314,15.503950778145308,17847800
2015-05-26,15.437719345092773,15.52834434023965,15.336636648068907,15.51091660997878,21127800
2015-05-27,15.500460624694824,15.528344727878176,15.420291999773081,15.45166244688599,15275600
2015-05-28,15.535321235656738,15.573663053687497,15.437724847688314,15.493494402191851,19973800
2015-05-29,15.510921478271484,15.580633750845601,15.451666910856638,15.503950118048971,18321000
2015-06-01,15.531837463378906,15.625948843445803,15.483037935837755,15.55275021695966,17678200
2015-06-02,15.326180458068848,15.462118617230743,15.218126401725765,15.448175900996036,24302600
2015-06-03,15.099618911743164,15.329668455786031,15.015965257355319,15.266927550169715,46725000
2015-06-04,15.078707695007324,15.183276777313889,15.050823581469725,15.117049514566249,26601800
2015-06-05,14.890483856201172,14.95322476354535,14.831227963864606,14.883512496535053,31837600
2015-06-08,14.803338050842285,14.904419402242368,14.792880350617853,14.904419402242368,15835400
2015-06-09,14.768486022949219,14.859112362615397,14.768486022949219,14.778943726541966,20536800
2015-06-10,14.841682434082031,14.953221505132994,14.838196090183219,14.900936983855713,22182000
2015-06-11,14.960198402404785,14.99156886364436,14.897458809576854,14.963684747904304,17953800
2015-06-12,14.827743530273438,14.946253989942631,14.824257185478222,14.897455800017248,17258600
2015-06-15,14.803338050842285,14.873048960869825,14.740597168097198,14.785908993685023,20152200
2015-06-16,14.873052597045898,14.873052597045898,14.71271533734257,14.775456235426603,16073600
2015-06-17,14.998536109924316,15.022935203121826,14.834713816976885,14.880025658828911,36583800
2015-06-18,15.197209358215332,15.23555115554444,15.015959401178296,15.015959401178296,41434000
2015-06-19,15.050544738769531,15.236961428852059,15.043509969479336,15.226409945789289,26751000
2015-06-22,15.029439926147461,15.110337757650257,14.99426742262277,15.075165254125565,20547600
2015-06-23,14.825434684753418,15.004816571621967,14.804330380873967,14.973160786675189,32553800
2015-06-24,14.709365844726562,14.874679569098634,14.702331075418702,14.843023778085792,24459800
2015-06-25,14.610879898071289,14.755089296163206,14.60736184299265,14.719915454101226,23374600
2015-06-26,14.69881820678711,14.723439234932851,14.52998772446828,14.579229780759762,17541400
2015-06-29,14.621435165405273,14.86412870061596,14.61088368092727,14.67419527128575,32343000
2015-06-30,14.582744598388672,14.705851064847836,14.551088803212915,14.691781524381893,22217400
2015-07-01,14.670677185058594,14.67419524104083,14.561641601023343,14.600330824611358,22503600
2015-07-02,14.853574752807617,14.89930008087122,14.7375044175631,14.769160207492515,19150800
2015-07-06,14.913374900817871,14.95206413177179,14.77971692469599,14.832475698767048,27996400
2015-07-07,15.282684326171875,15.342477843005007,14.96260975400464,14.96260975400464,52236600
2015-07-08,15.201789855957031,15.324894971718708,15.17365077707143,15.229927593097502,30993600
2015-07-09,15.032963752746582,15.282692112180367,14.98372035046432,15.247518253407323,31152000
2015-07-10,15.113856315612793,15.22289188521197,14.990749865692852,15.03999190896281,24810200
2015-07-13,15.120889663696289,15.219373740979737,15.029439013294583,15.156062165084686,17169400
2015-07-14,15.099784851074219,15.205303693443165,15.054059527407887,15.10330156439707,13642400
2015-07-15,15.173654556274414,15.177172612883899,15.018893609093704,15.082205210609782,19801600
2015-07-16,15.398756980895996,15.423378002353054,15.15254676632542,15.173649732291448,25185400
2015-07-17,15.247512817382812,15.419861309561462,15.240479389881271,15.398757001821718,20984600
2015-07-20,15.170130729675293,15.25454526429301,15.092749621488355,15.184198924281688,19625000
2015-07-21,15.032963752746582,15.17717321935227,14.969652148700622,15.141999360579225,20569600
2015-07-22,15.099784851074219,15.177165961625722,15.018887027199863,15.057577582475615,16504400
2015-07-23,14.874679565429688,15.096268760719878,14.800816500332958,15.085717277633217,27894600
2015-07-24,14.888749122619629,14.941507879863815,14.835989023630388,14.881714353304726,17178200
2015-07-27,15.07868766784668,15.14551732824964,14.84654556829202,14.888754198571421,23905600
2015-07-28,15.149027824401855,15.163097362052632,15.022404669034783,15.07868147789293,17485200
2015-07-29,15.205307006835938,15.219376546682994,15.036476553906756,15.149030189192876,27001600
2015-07-30,15.317859649658203,15.36710169418728,15.127924899264553,15.191236482729103,22630800
2015-07-31,15.472622871398926,15.595727990494467,15.440967077667905,15.458553331575102,24108400
2015-08-03,15.55351734161377,15.641449933835927,15.47613623109991,15.493722481195364,26394600
2015-08-04,15.303789138793945,15.535931149505823,15.2721333490721,15.514828184187923,24067200
2015-08-05,15.342476844787598,15.451513731720969,15.29675286727064,15.363581147926402,22313200
2015-08-06,15.423375129699707,15.437444665553254,15.205302690948873,15.381167863883853,34290200
2015-08-07,15.613310813903809,15.680140442510835,15.32841007466711,15.409307898261781,42326600
2015-08-10,15.550005912780762,15.690698656986742,15.518350112421688,15.616835570064053,24179000
2015-08-11,15.627384185791016,15.746972593876162,15.511312491879607,15.609797931431919,30244600
2015-08-12,15.905251502990723,15.933389241503711,15.574624018683034,15.609797869005764,46919600
2015-08-13,15.908770561218262,15.954495902502584,15.722353823148516,15.84194224837609,21557800
2015-08-14,16.028352737426758,16.038904219091943,15.810280285295372,15.845452785342577,20668600
2015-08-17,16.105735778808594,16.176082129082868,16.0002169242697,16.081114757474353,18319400
2015-08-18,16.06704330444336,16.09518103615302,16.000215017606152,16.052973767716093,23482600
2015-08-19,16.13387680053711,16.183118853236792,15.943943360373375,16.028357924502743,18491200
2015-08-20,16.038908004760742,16.228842770033705,15.982631186355256,16.06704708483608,25552000
2015-08-21,15.845455169677734,16.05649422695155,15.83490368642482,15.986147874526946,37494800
2015-08-24,15.251029968261719,15.676623419347974,15.177166908171367,15.53241401270945,70201000
2015-08-25,14.78322982788086,15.53945080362399,14.769161630136557,15.440966710688189,57265400
2015-08-26,15.04703140258789,15.082205260070765,14.762130536576691,14.885235683403078,43739800
2015-08-27,15.222895622253418,15.22993039326823,15.015374573425309,15.131446282551627,34091000
2015-08-28,15.177170753479004,15.247515776104922,14.969649716543822,15.201791779747134,19361400
2015-08-31,14.93447208404541,15.156062606126378,14.811366983858738,15.156062606126378,24156800
2015-09-01,14.529984474182129,14.80081706494677,14.449086636693226,14.772677986648837,38812400
2015-09-02,14.540534019470215,14.677708653524995,14.417428922688984,14.631983328258427,18243400
2015-09-03,14.607359886169434,14.681224273732171,14.508875825078718,14.508875825078718,17170400
2015-09-04,14.406875610351562,14.522947276305173,14.350598804910536,14.49129148938554,26859200
2015-09-08,14.712885856628418,14.712885856628418,14.52646779954472,14.54053734003127,22413800
2015-09-09,14.529984474182129,14.790264239712494,14.501845395884196,14.748056964010697,23085000
2015-09-10,14.505363464355469,14.649572886396985,14.463154846871289,14.522949717434656,13532800
2015-09-11,14.614397048950195,14.621431817573209,14.420945607924581,14.487773897225816,14955800
2015-09-14,14.64957332611084,14.748057419706429,14.617917532920094,14.667159579717888,16745200
2015-09-15,14.726954460144043,14.762128312327178,14.57571025011973,14.667160924050615,13158200
2015-09-16,14.874679565429688,14.92040355330192,14.719917324185053,14.769160709327924,17239600
2015-09-17,15.07868766784668,15.272139193851308,14.832476024865555,14.832476024865555,45446200
2015-09-18,14.99382495880127,15.167800792949738,14.958320349912528,15.015128536782923,28717400
2015-09-21,15.054187774658203,15.132298202506384,14.983177186639056,14.983177186639056,17541800
2015-09-22,14.866009712219238,15.050636701774435,14.823403900603218,14.986727307143239,21944400
2015-09-23,14.90506362915039,14.940569596138282,14.816300743301891,14.869559016576652,10533000
2015-09-24,15.02578353881836,15.054188316814704,14.851809014041015,14.901516021120257,22652000
2015-09-25,15.171351432800293,15.320473776928015,14.98317455880524,15.054185134370153,19010000
2015-09-28,15.096789360046387,15.263663992020296,15.068384591023623,15.171349847110244,19014000
2015-09-29,15.100336074829102,15.189098927569763,15.039977985084,15.125189565243394,17362800
2015-09-30,15.370179176330566,15.38793147977357,15.12874405714667,15.132293976069699,19276000
2015-10-01,15.189106941223145,15.426992216369618,15.075490538125068,15.405688632883342,31292000
2015-10-02,15.391483306884766,15.391483306884766,15.16425054404924,15.302720424251257,26396800
2015-10-05,15.590312957763672,15.615166457036043,15.377282577025015,15.4340907688496,24022400
2015-10-06,15.48379898071289,15.60451656710139,15.387934895544298,15.558359484372607,23043800
2015-10-07,15.430541038513184,15.53350631974923,15.405687536754726,15.501551624000605,19056800
2015-10-08,15.622270584106445,15.64712408804619,15.373734190294602,15.41989127807458,21060800
2015-10-09,15.547707557678223,15.632919170428682,15.498000557838093,15.618718137913048,26190200
2015-10-12,15.686178207397461,15.778491018104171,15.551258233828365,15.604516510199232,14986000
2015-10-13,15.650666236877441,15.739429086167135,15.618711556956608,15.671968453882268,19146800
2015-10-14,15.647119522094727,15.764287167403996,15.625815944471043,15.72168001215663,15691000
2015-10-15,15.877903938293457,15.906307354758239,15.63291752991285,15.7074793762627,16568200
2015-10-16,15.899206161499023,15.998621505157443,15.849499166876827,15.892104968779563,18817400
2015-10-19,15.909854888916016,15.91695607996667,15.750081476310507,15.885001397445569,20432400
2015-10-20,15.963117599487305,16.030578261812032,15.849501210156834,15.86015232340213,19526200
2015-10-21,15.931160926818848,16.09448565131024,15.92050981489633,16.009272692688032,16822000
2015-10-22,16.11578941345215,16.161946493545585,15.941814914845919,15.998623107878547,26220000
2015-10-23,15.831744194030762,16.108683891344658,15.8210930839537,16.10158269982202,25170400
2015-10-26,15.77493953704834,15.877904805486557,15.650672043701592,15.867252338618195,22227000
2015-10-27,15.718135833740234,15.796247625808084,15.668428822211416,15.760741650134296,16992400
2015-10-28,15.551255226135254,15.782039239888553,15.377280751877878,15.721679781381118,34842200
2015-10-29,15.462493896484375,15.522853361019719,15.25656471290203,15.473146363410674,32579600
2015-10-30,15.533498764038086,15.593856851974103,15.423432342349717,15.480240512224512,23263400
2015-11-02,15.551255226135254,15.583209914894727,15.430537663534354,15.52285181080126,34873600
2015-11-03,15.59741497039795,15.615167277323037,15.451843886549515,15.494449694052564,24866400
2015-11-04,15.679071426391602,15.728778410937204,15.5796574573004,15.5796574573004,21437800
2015-11-05,15.544156074523926,15.69327842645138,15.544156074523924,15.647121346757865,27525800
2015-11-06,15.000924110412598,15.32757080186981,14.873105368741923,15.292066197811879,64718000
2015-11-09,15.039984703063965,15.110995287857852,14.901514807643723,14.933469503080259,26666600
2015-11-10,15.174909591674805,15.221065335481843,15.01868598366732,15.04709076854675,17009200
2015-11-11,15.306270599365234,15.334674015473864,15.18555303347204,15.217507723103003,21946800
2015-11-12,15.160700798034668,15.412787062536822,15.150048330995256,15.26721598752996,17679200
2015-11-13,15.103887557983398,15.284963184156837,15.057730494678928,15.178448030265775,19032800
2015-11-16,15.359529495239258,15.363080769220025,15.079039799396776,15.132296719380658,18351200
2015-11-17,15.082588195800781,15.44474090365761,15.03998239323352,15.352428105692871,26988000
2015-11-18,15.178460121154785,15.210414828218017,14.958328447171827,15.093247117514588,30925000
2015-11-19,15.341777801513672,15.373732496546328,15.199757988135152,15.21395902138304,24729600
2015-11-20,15.40568733215332,15.515753805917754,15.338228021764037,15.366631442933222,25040000
2015-11-23,15.263664245605469,15.441189991705297,15.238809395090652,15.42343633356415,23794000
2015-11-24,15.24236011505127,15.263663691398765,15.121642557909949,15.196203043505319,17583400
2015-11-25,15.150043487548828,15.238806342819906,15.093235314351887,15.238806342819906,15356400
2015-11-27,15.178460121154785,15.249470731785827,15.15715653164105,15.192662514163944,7960600
2015-11-30,15.203309059143066,15.313375540238155,15.171354361690577,15.196207864774253,22746000
2015-12-01,15.324023246765137,15.35597793711141,15.178452180613013,15.23881028770373,25103000
2015-12-02,14.983172416687012,15.302717929423133,14.979621143488744,15.263663405139361,25132200
2015-12-03,14.869560241699219,14.961873054645205,14.819853238234897,14.95832313486101,29758400
2015-12-04,15.079041481018066,15.100343709621582,14.87666218279869,14.922817914382525,21923000
2015-12-07,15.146490097045898,15.153591286369325,14.972514344655373,15.04352488347627,27030200
2015-12-08,15.125198364257812,15.146501948897747,15.004480760127056,15.086143824039585,21275800
2015-12-09,15.128746032714844,15.28851949339358,15.008028457359146,15.05773545525606,21351600
2015-12-10,14.880213737487793,15.135851344128735,14.866011347248968,15.107446563651083,19367200
2015-12-11,14.837607383728027,14.95832498755637,14.73464208984794,14.844708578590215,28705400
2015-12-14,14.912163734436035,14.915713653668718,14.738187894925431,14.894411429444517,32809200
2015-12-15,15.029332160949707,15.121644964318055,14.926366890505463,14.933468083751354,20221800
2015-12-16,15.409236907958984,15.434090406648103,15.03998299255764,15.086140070586332,36601000
2015-12-17,15.44118881225586,15.526400405403217,15.324021178660928,15.437637539133306,26323400
2015-12-18,15.249274253845215,15.439397877232235,15.130896684959023,15.421462047815062,36814400
2015-12-21,15.238511085510254,15.34612741669798,15.15959180404517,15.28514533077743,18063000
2015-12-22,15.367654800415039,15.40711445031459,15.141659494527934,15.281560894414547,16251600
2015-12-23,15.604408264160156,15.640279919699895,15.37123839790403,15.392762212277438,17163400
2015-12-24,15.593646049499512,15.640278925052353,15.55059842349032,15.55059842349032,5431600
2015-12-28,15.622344970703125,15.643868786287271,15.500379419225007,15.500379419225007,10073000
2015-12-29,15.708436012268066,15.762243488833978,15.668976375070267,15.697673422222266,18447800
2015-12-30,15.694085121154785,15.762241798194175,15.661800091311784,15.719195547875383,15663000
2015-12-31,15.525495529174805,15.71203122718505,15.38559409777125,15.668984948695462,20863400
2016-01-04,15.493205070495605,15.496793057360367,15.30666943759327,15.435809596403814,29693400
2016-01-05,15.604408264160156,15.643867906303434,15.267210049472412,15.486029337730324,21896000
2016-01-06,15.575711250305176,15.640281330835258,15.450159076172278,15.511142538191162,25437600
2016-01-07,15.471681594848633,15.550599511220575,15.378413100387311,15.407111519734165,24547400
2016-01-08,15.464506149291992,15.590058306069016,15.435807731505314,15.482441976200727,23361600
2016-01-11,15.547011375427246,15.618756048375248,15.468092098342861,15.475266702479244,32779200
2016-01-12,15.486027717590332,15.604406631635426,15.364063554148672,15.557772389579862,28720200
2016-01-13,15.478863716125488,15.611590549016132,15.432229446249517,15.5434338225948,34957800
2016-01-14,15.71202564239502,15.801706155614646,15.42504827377543,15.475269142231854,46166000
2016-01-15,15.572126388549805,15.668981520271554,15.385590731354165,15.554190557138272,37878200
2016-01-19,15.805293083190918,15.848339343494903,15.593647031440412,15.65462911950306,35769200
2016-01-20,15.45015811920166,15.765833896860897,15.227750838049372,15.740723463589639,39800200
2016-01-21,15.435807228088379,15.554186144973851,15.299493853294956,15.496790679688242,28175800
2016-01-22,15.71202564239502,15.722788234504279,15.453746694845405,15.529077997530042,30121000
2016-01-25,15.57929801940918,15.744309826346718,15.521902548804125,15.704850183727752,27042800
2016-01-26,15.686920166015625,15.841170806977555,15.615175459081815,15.615175459081815,22919200
2016-01-27,15.722785949707031,15.837576880473726,15.590057824170172,15.658215880098783,27463800
2016-01-28,15.973889350891113,16.077919053637135,15.61516737045581,15.701261247863215,31127800
2016-01-29,16.29315757751465,16.307506790332923,16.07792485890553,16.07792485890553,35880800
2016-02-01,16.447406768798828,16.52273944535768,16.207063632796025,16.217824857268948,59221800
2016-02-02,16.519145965576172,16.537081789872687,16.307499954679653,16.386419223683138,31940200
2016-02-03,16.723623275756836,16.798955953856332,16.572960656390165,16.576547275149114,65904800
2016-02-04,16.65188217163086,16.798959572335065,16.608835895170568,16.709279031466522,55205200
2016-02-05,16.705684661865234,16.770254736097815,16.407946091495823,16.555022067599833,54772600
2016-02-08,16.64829444885254,16.85994056601362,16.49404381930719,16.669818269864574,58024800
2016-02-09,16.705684661865234,16.770254736097815,16.551434081022503,16.590893722877517,45241800
2016-02-10,16.68775177001953,16.77743229240673,16.400774372063736,16.666227952016783,51841200
2016-02-11,16.39360237121582,16.7200394698436,16.386427764074767,16.583724670996368,50780000
2016-02-12,16.3433780670166,16.476104850289484,16.210649915327615,16.38283634540446,42037400
2016-02-16,16.447406768798828,16.483279797735456,16.275220335151417,16.425884319852983,29277200
2016-02-17,16.415122985839844,16.501216893474158,16.30750662760913,16.501216893474158,38160600
2016-02-18,16.68416404724121,16.74155952774204,16.368489588694743,16.382837432507802,37768600
2016-02-19,16.57295799255371,16.65905051309206,16.465341657672806,16.61241763464043,34040200
2016-02-22,16.76667594909668,16.76667594909668,16.569377647670088,16.66264618442022,24873200
2016-02-23,16.781017303466797,16.820476948483257,16.637529302444086,16.712860605612214,23577600
2016-02-24,16.859939575195312,16.89222462060787,16.709276942214235,16.781020271205442,33501800
2016-02-25,17.03212547302246,17.03212547302246,16.863525644870222,16.913747889310642,24323800
2016-02-26,16.562196731567383,16.97472764490019,16.558610113096826,16.935267999643795,65907200
2016-02-29,16.60883140563965,16.766669990689486,16.522738875990726,16.53708671865482,40275600
2016-03-01,16.526325225830078,16.734384677861364,16.422295499814435,16.69492503224053,47283400
2016-03-02,16.61241340637207,16.619588009326808,16.17118558777254,16.483273290017944,60448400
2016-03-03,16.712860107421875,16.712860107421875,16.415120153657345,16.637528806499283,42548200
2016-03-04,16.899394989013672,16.95320247226277,16.565783392888676,16.60524303498758,44256800
2016-03-07,16.992664337158203,17.028537365766066,16.816891286436096,16.87069877672371,36985600
2016-03-08,17.161264419555664,17.175613631223715,16.935269125240364,17.02494964554147,32749600
2016-03-09,17.24018096923828,17.293988451798615,17.111040821628,17.125390031010458,28513200
2016-03-10,17.254531860351562,17.311927339611483,17.08952002853131,17.233009410889196,38942800
2016-03-11,17.272462844848633,17.38007915868875,17.23658982795814,17.337032906835837,31390800
2016-03-14,17.293991088867188,17.326276130692733,17.197135963390554,17.26888065282689,23449600
2016-03-15,17.326276779174805,17.383672259188828,17.25453208705323,17.27605590521456,27474000
2016-03-16,17.591720581054688,17.591720581054688,17.14690486652806,17.261695753809388,55736400
2016-03-17,17.688589096069336,17.72804738173199,17.459005778556577,17.523575872791984,35069800
2016-03-18,17.575817108154297,17.742069618971342,17.568588558287697,17.687856184324303,33981400
2016-03-21,17.55775260925293,17.644492480804786,17.387885074297895,17.521609847185157,31486400
2016-03-22,17.499923706054688,17.630034888490172,17.478239428119014,17.536066467123078,22914800
2016-03-23,17.630029678344727,17.698700214728007,17.420407240918543,17.499918534360564,30479200
2016-03-24,17.67702293395996,17.70232218185688,17.572210976269524,17.62280947206336,30147000
2016-03-28,17.611967086791992,17.799905339065372,17.575825698499475,17.705936902281476,22489200
2016-03-29,17.8721866607666,17.886643765273707,17.597507189953085,17.666177747009147,35107200
2016-03-30,17.828811645507812,17.91193790467821,17.763756072469246,17.8721815679652,29033800
2016-03-31,17.933626174926758,17.951696865087516,17.789059274935383,17.85411486247835,29406800
2016-04-01,18.00229835510254,18.02759759935567,17.803516609248778,17.86134365021385,35745200
2016-04-04,17.926401138305664,18.027599504719404,17.836046291078908,18.005913845050983,30572200
2016-04-05,17.59027862548828,17.915556583145488,17.575822899696583,17.88664375285672,37316800
2016-04-06,17.56859588623047,17.593895131963542,17.46017035041651,17.564980920436895,40589000
2016-04-07,17.56136131286621,17.677015361912673,17.514376424595767,17.54329062620989,30560400
2016-04-08,17.655332565307617,17.770986633053628,17.59750553143461,17.61557759971793,32873800
2016-04-11,17.579437255859375,17.76737548643057,17.564980150729568,17.655334989732715,22250000
2016-04-12,17.702312469482422,17.723998118084353,17.55413065079803,17.583044848933937,26854400
2016-04-13,17.593891143798828,17.752915135031543,17.49992135634368,17.752915135031543,26641000
2016-04-14,17.572206497192383,17.633648496927613,17.51437946263848,17.550522220925455,24181600
2016-04-15,17.669790267944336,17.709546613588095,17.546907644456944,17.608349645553282,21925800
2016-04-18,17.73845672607422,17.73845672607422,17.539675043742626,17.65894405314158,18248000
2016-04-19,17.767370223999023,17.79266946113021,17.651716174626443,17.75652808771566,20990800
2016-04-20,17.32282829284668,17.80351527637458,17.311986154322874,17.78183099932697,52137400
2016-04-21,16.961416244506836,17.304765024989116,16.889132073030687,17.257780106723736,64131400
2016-04-22,17.113204956054688,17.13489061248264,16.997550879182967,17.00839439674962,24618000
2016-04-25,17.145732879638672,17.14934784508972,17.03007880190156,17.04092231954935,25485800
2016-04-26,17.1710262298584,17.243310348312438,17.124042724762422,17.156570509131498,26043000
2016-04-27,17.42041015625,17.521607116859826,17.167416376020242,17.22162982132133,49118400
2016-04-28,17.395112991333008,17.438482925524795,17.167418424091768,17.268615396774386,40316000
2016-04-29,17.499923706054688,17.517995775941564,17.192717819852852,17.322829002288337,40354400
2016-05-02,17.64087677001953,17.727616631128058,17.489079945021757,17.510765599651506,32733200
2016-05-03,17.626419067382812,17.72038747683832,17.528835692926023,17.626419067382812,31493400
2016-05-04,17.832427978515625,17.944468455721886,17.57943419757886,17.63364764303145,35207800
2016-05-05,17.76375961303711,17.98061064725049,17.698704027032043,17.781830302770683,31653000
2016-05-06,17.648107528686523,17.73846236621933,17.489082132257323,17.67702035977021,40107200
2016-05-09,17.749300003051758,17.774599240846822,17.62280243537137,17.65894518843936,22463600
2016-05-10,17.767370223999023,17.832425799109227,17.70231464888882,17.767370223999023,26515800
2016-05-11,17.832427978515625,17.84688508113034,17.67340398586932,17.77098598175568,24347800
2016-05-12,17.93724250793457,17.966155338655394,17.738462143598206,17.80351635739641,35455400
2016-05-13,17.850500106811523,17.930012798898797,17.763760241539316,17.890256452855162,25253200
2016-05-16,17.8721866607666,17.875800247540692,17.7240047863322,17.789060377908804,22174200
2016-05-17,17.56859588623047,17.85773110796952,17.474626077474348,17.814361169385037,35066000
2016-05-18,17.23969841003418,17.604731243983345,17.181871385486637,17.46739292237357,54513000
2016-05-19,17.413179397583008,17.41679298341592,17.07705938821694,17.17464275016564,39165600
2016-05-20,17.45294189453125,17.47462617459126,17.319215733535533,17.45294189453125,30371400
2016-05-23,17.297527313232422,17.492694059291438,17.275841659657477,17.449322752141544,25380400
2016-05-24,17.471010208129883,17.49269586394205,17.30114268436451,17.326441926792718,26766600
2016-05-25,17.42041015625,17.4746222228459,17.2975275417787,17.377040227232243,28699800
2016-05-26,17.61918830871582,17.640873959891124,17.39872234723447,17.39872234723447,26309000
2016-05-27,17.648107528686523,17.680633946641144,17.557752691153716,17.615579732026497,30211000
2016-05-31,17.76375961303711,17.778215337600816,17.615577751293404,17.619191337758018,31172400
2016-06-01,17.81074333190918,17.83242898705772,17.72400346872555,17.760144848601183,22566200
2016-06-02,17.81797218322754,17.81797218322754,17.64087748867178,17.796287906419654,15407400
2016-06-03,18.099876403808594,18.197458386441724,17.966150290842446,18.052891516044678,37437800
2016-06-06,18.074581146240234,18.16855094962393,17.998683413380228,18.107108942995296,21685600
2016-06-07,18.06012725830078,18.18300990536053,18.023984492279943,18.089040092411903,15808000
2016-06-08,18.16854476928711,18.183001869306068,18.03120507651688,18.056504312197585,13530200
2016-06-09,18.32396125793457,18.356489054471297,18.154093722831075,18.179392966947926,19405000
2016-06-10,18.2769718170166,18.39985442022267,18.20468768947684,18.305886019514528,25822600
2016-06-13,18.255287170410156,18.374556194224322,18.240831447070214,18.30588702756792,26143400
2016-06-14,18.352872848510742,18.36371636576038,18.164934634412262,18.262518017427162,23212800
2016-06-15,18.23721694946289,18.381785216207362,18.172161367298397,18.34564246016866,21782600
2016-06-16,18.352872848510742,18.392629194780366,18.20107739406888,18.215534497931525,20054200
2016-06-17,18.419193267822266,18.422837803590824,18.23336225313655,18.33538701492611,38422600
2016-06-20,18.349956512451172,18.444693562403945,18.211493387151563,18.39003805319443,31875800
2016-06-21,18.37546157836914,18.46291094378457,18.24428614026339,18.3608862208057,17338200
2016-06-22,18.288015365600586,18.40461547510564,18.269796859112223,18.37546614272085,15960600
2016-06-23,18.33902931213379,18.346315602815242,18.215141520804682,18.255221679484514,16850400
2016-06-24,18.36817741394043,18.5321467429446,18.142264888414058,18.298946537242166,48382000
2016-06-27,18.594093322753906,18.64510570328541,18.320811521349608,18.34631771161536,33574600
2016-06-28,18.6633243560791,18.67425518261094,18.448342631060452,18.601379762438288,26414600
2016-06-29,18.71433448791504,18.80178386964388,18.64874675662698,18.750771498638247,28026800
2016-06-30,19.118791580200195,19.140653230503,18.714334369804074,18.798140605924818,34744800
2016-07-01,19.1224365234375,19.224461274398777,18.925673312312487,19.224461274398777,34961600
2016-07-05,19.26453971862793,19.293690437051467,19.122433441270093,19.180733488134404,25106800
2016-07-06,19.304622650146484,19.31919801040673,19.12972249697211,19.242679454014727,30205400
2016-07-07,18.94753646850586,19.249968967791155,18.911099454367314,19.239036751563198,45437200
2016-07-08,19.14430046081543,19.155231287505753,18.743486339045976,18.783567890221228,32184800
2016-07-11,19.12972068786621,19.14429604674806,18.907451329857576,19.085996001203394,29012000
2016-07-12,18.86737060546875,19.078709148464906,18.856439780825085,19.002190595993657,36004600
2016-07-13,19.016759872436523,19.016759872436523,18.903804339040477,18.947529016807255,29209400
2016-07-14,18.892881393432617,18.98033218184028,18.80543199500808,18.827293649622654,34722600
2016-07-15,18.94753646850586,18.994905698872362,18.856442543176502,18.87101790482512,25903400
2016-07-18,19.0021915435791,19.06049159455723,18.965753142978482,18.969397678029974,22336200
2016-07-19,18.969396591186523,19.0240521039817,18.881945824738352,18.983970560608903,21364000
2016-07-20,18.860078811645508,18.987611094594296,18.83092948895999,18.943886415574774,23199200
2016-07-21,18.973039627075195,18.98761498639664,18.7544147971846,18.776276446184,26518400
2016-07-22,19.224458694458008,19.242678588955666,18.907452267954483,18.925670772469342,26441400
2016-07-25,19.191665649414062,19.217173224802856,19.075065547563256,19.198953329527598,14310600
2016-07-26,19.0240535736084,19.21352909056429,18.969398056591032,19.19895373003317,25018200
2016-07-27,18.805431365966797,19.002194590814966,18.641462011926656,18.980331546948587,45119600
2016-07-28,18.87830352783203,18.911097392975247,18.750771212282718,18.79449729246223,18231600
2016-07-29,18.991256713867188,19.053201291368854,18.849150446045797,18.881944307080172,30949400
2016-08-01,19.0021915435791,19.045916234316984,18.932959277429354,18.94389149260097,23317000
2016-08-02,18.87830352783203,18.951177548165536,18.79085275745585,18.90380971294533,27411000
2016-08-03,18.76534652709961,18.911097347380895,18.70704647698366,18.87830348231675,22810600
2016-08-04,18.754413604736328,18.89651987412805,18.703401240337524,18.787207466133086,24544000
2016-08-05,18.484773635864258,18.688824468004306,18.47384281288656,18.648742930442637,53904200
2016-08-08,18.47749137878418,18.64510386687422,18.43012353866068,18.47749137878418,27053400
2016-08-09,18.473848342895508,18.572229949092335,18.426479112508222,18.502997676222535,20188400
2016-08-10,18.47749137878418,18.561297622829198,18.43012353866068,18.517572928106357,16981600
2016-08-11,18.52121353149414,18.532144355358525,18.419187412156695,18.473844311443994,18963000
2016-08-12,18.54671859741211,18.681537180227295,18.54307406302157,18.586798745829785,24322800
2016-08-15,18.262510299682617,18.61231203965557,18.262510299682617,18.54672430028458,25268800
2016-08-16,18.047527313232422,18.229715156539783,18.047527313232422,18.21878433073588,40363200
2016-08-17,18.317167282104492,18.353604297456624,17.88720382903074,18.025666989338315,56913200
2016-08-18,18.54307746887207,18.54307746887207,18.280726543870955,18.313520409496096,27889000
2016-08-19,18.317167282104492,18.492067457764197,18.218785672674088,18.415548891534897,29396000
2016-08-22,18.36452865600586,18.444690333476583,18.30987176638189,18.346308766142908,18203600
2016-08-23,18.284366607666016,18.48112975330033,18.27343578512495,18.39367900302424,19157400
2016-08-24,18.277084350585938,18.306235072652044,18.134978055471002,18.255221309036358,16096600
2016-08-25,18.288015365600586,18.349959955640553,18.255221497928353,18.258866033215796,14445600
2016-08-26,17.909069061279297,18.422838824448093,17.894493697363664,18.298951011131628,41822000
2016-08-29,18.054813385009766,18.098538074312273,17.945500966762093,17.963719471472903,26031400
2016-08-30,17.865339279174805,18.12769021553079,17.843477627800418,18.040239440084488,24523000
2016-08-31,17.938215255737305,17.94550293641807,17.80703978344946,17.84712133220219,23004200
2016-09-01,17.847118377685547,17.95278764508908,17.825255339262586,17.89084306454873,31964000
2016-09-02,18.083967208862305,18.10218571670054,17.87627316154372,17.912710177220188,32542000
2016-09-06,18.28072738647461,18.302590427893378,18.12769026649201,18.17870263981954,30518200
2016-09-07,18.284366607666016,18.32444814362662,18.178697356493974,18.291654286020897,22981400
2016-09-08,18.346309661865234,18.36817269677873,18.160478730039312,18.160478730039312,25683200
2016-09-09,17.65764045715332,18.185985331653878,17.650352778679498,18.16412229623241,51518200
2016-09-12,17.971004486083984,18.00744149010165,17.62849192237704,17.62849192237704,51064600
2016-09-13,17.723234176635742,17.934572754013427,17.643071076253445,17.912709711186523,44593800
2016-09-14,17.792457580566406,17.93456381313987,17.7122945201476,17.788813046920648,30459600
2016-09-15,17.927278518676758,17.96007237593584,17.73051537512227,17.774240054806878,50523600
2016-09-16,18.10219383239746,18.127918906321227,17.819233439420948,17.95152600937679,43448400
2016-09-19,18.282270431518555,18.28962025619372,18.11690288091657,18.16100042713186,25061600
2016-09-20,18.24919319152832,18.385161415639704,18.23816915768658,18.355763524783253,25715800
2016-09-21,18.62034797668457,18.635047621314943,18.245516851456962,18.28226456119762,38810200
2016-09-22,18.734270095825195,18.774693421904757,18.5983018732411,18.77101921127726,24070600
2016-09-23,18.719573974609375,18.77102274593026,18.590955550896364,18.67915204275363,22006800
2016-09-26,18.671804428100586,18.748975491461643,18.60933161359222,18.719576190084567,16105600
2016-09-27,18.429264068603516,18.826144787076636,18.410888806050327,18.73427408165356,35879200
2016-09-28,18.40353775024414,18.49908265340685,18.24552004737713,18.440285466421603,33238400
2016-09-29,18.1279239654541,18.370462514146514,18.036053281830682,18.363112691236395,38494600
2016-09-30,18.002979278564453,18.27491570949298,17.911108597498128,18.14262170446382,29672600
2016-10-03,17.749420166015625,18.01033263530863,17.642849810331757,18.01033263530863,38985400
2016-10-04,17.378267288208008,17.753100027602002,17.271696907021898,17.738400374644733,51383600
2016-10-05,17.34151268005371,17.554653375124563,17.275365664468662,17.41868513279335,56343800
2016-10-06,17.337839126586914,17.426034216155493,17.194521054661216,17.282716144229795,40391400
2016-10-07,17.3157901763916,17.624475802878457,17.308440351732898,17.459108252646978,34431600
2016-10-10,17.4591064453125,17.473806093108223,17.32681382065772,17.32681382065772,19549600
2016-10-11,17.26066780090332,17.44808341466155,17.231268503619713,17.44808341466155,28694000
2016-10-12,17.42970848083496,17.46278198732335,17.242291476788893,17.271690772261046,30854600
2016-10-13,17.64652442932129,17.760444603306183,17.42235969442218,17.459107414115035,61084200
2016-10-14,17.547306060791016,17.72369766030223,17.521582373477035,17.554655886000127,35896600
2016-10-17,17.642852783203125,17.686951738952875,17.580381365311595,17.602430843186468,22879800
2016-10-18,17.79351806640625,17.8302671907363,17.56567910290295,17.720022621417655,29522200
2016-10-19,17.753097534179688,17.808219122273528,17.67225085610568,17.782495434129228,17005000
2016-10-20,17.74207305908203,17.88171694647833,17.70899954369438,17.786172014156193,17861600
2016-10-21,17.63918113708496,17.731051872173946,17.562010056050894,17.664904830762985,36307200
2016-10-24,17.705326080322266,17.77147311389446,17.59875570380751,17.716350118638964,21489400
2016-10-25,17.81557273864746,17.81557273864746,17.66123057693962,17.68327865613436,19772600
2016-10-26,17.859664916992188,17.881714391378644,17.6795991159279,17.767794209802236,21702000
2016-10-27,17.753097534179688,17.826592984971473,17.628153305263435,17.756771745984928,31109800
2016-10-28,17.808216094970703,17.89273697048185,17.71267118408199,17.742069079034046,32927800
2016-10-31,18.16468048095703,18.271250862045772,17.80454739484934,17.852320565998784,45431600
2016-11-01,17.833942413330078,18.14997789130708,17.786170651746268,18.113230166729405,48308800
2016-11-02,17.609777450561523,17.7971944885728,17.462785152068335,17.7494213256905,52983400
2016-11-03,17.675920486450195,17.745743109175127,17.503204539653083,17.565675937001178,23641000
2016-11-04,17.62080192565918,17.914787908404307,17.609776487544167,17.745746143555326,29114400
2016-11-07,17.929487228393555,17.933161439807186,17.525255282943935,17.69429844652105,35456200
2016-11-08,18.069128036499023,18.138950663484298,17.92213576220985,17.95153365633345,37695800
2016-11-09,17.403987884521484,17.767795118573357,17.374588583835855,17.753096870066358,85620400
2016-11-10,16.98505210876465,17.330485367854823,16.7608874207603,17.312111511852166,106246800
2016-11-11,16.915231704711914,17.146746245750276,16.84908469298667,16.94830521057454,61903000
2016-11-14,16.90420913696289,16.940956856961154,16.65799632893607,16.786614750765654,56381600
2016-11-15,17.1761474609375,17.21656939321268,16.992406052677662,16.999754475392642,50383600
2016-11-16,17.058547973632812,17.26066460039157,16.948303432932374,17.216565662643085,33634800
2016-11-17,17.062231063842773,17.154101788329616,16.977710165535203,16.977710165535203,38399600
2016-11-18,17.010780334472656,17.14674858743871,16.937283488981155,17.110000865610825,21397000
2016-11-21,17.190847396850586,17.194523010404826,17.032829658078274,17.05855334561462,24596600
2016-11-22,17.256990432739258,17.282714114328417,17.109998166777704,17.198193245987532,21286000
2016-11-23,17.08427619934082,17.242292515599306,17.014453569305577,17.014453569305577,28306800
2016-11-25,17.33049201965332,17.389289222530614,17.110002859322453,17.110002859322453,15732400
2016-11-28,17.66490364074707,17.705326985756848,17.378267415166583,17.38194162751471,46863400
2016-11-29,17.7383975982666,17.822918486787767,17.59140389537319,17.62080319668621,28895400
2016-11-30,17.17981719970703,17.51790063000747,17.17981719970703,17.47747870825572,46934800
2016-12-01,17.043851852416992,17.11367307646213,16.9189076502382,17.036502028543467,36732200
2016-12-02,17.198192596435547,17.31946257806325,17.084273839939108,17.143071024470146,32798800
2016-12-05,17.22024917602539,17.22392338827254,16.966685074055306,17.124702835567202,29776600
2016-12-06,17.187175750732422,17.282720689867542,17.146752406616624,17.212899442108647,16844000
2016-12-07,17.41133689880371,17.41133689880371,17.23126969507994,17.249643556234837,25804800
2016-12-08,17.440732955932617,17.4738064632558,17.17614629918275,17.301090504421932,28791000
2016-12-09,17.624475479125977,17.631825303649666,17.426034422493462,17.426034422493462,32037800
2016-12-12,17.808216094970703,17.82658995454519,17.54730364424035,17.550977855420996,43960200
2016-12-13,17.991954803466797,18.006654449662125,17.83026290082446,17.896409906868012,40434000
2016-12-14,17.62080192565918,18.16835055567778,17.598752451264893,18.072805636974017,56707800
2016-12-15,17.74574851989746,17.764122383435282,17.49218443683335,17.584055156358392,35643200
2016-12-16,17.96206283569336,18.025140429620343,17.750569954738392,17.791384618678222,40238000
2016-12-19,18.028846740722656,18.07708237204226,17.873009091615582,18.06966139680799,23300400
2016-12-20,18.05111312866211,18.103058549858925,17.95464184751953,17.97690477749241,17326200
2016-12-21,17.97690200805664,18.140159223154093,17.973190812596272,18.054820127848174,16888400
2016-12-22,18.039976119995117,18.073369798299307,17.93237552582045,17.96576778871845,14930400
2016-12-23,18.036273956298828,18.106771122306146,17.97690754929088,18.06224667090188,15557000
2016-12-27,18.05111312866211,18.095637573201298,17.9472208708619,17.965772604802684,26268800
2016-12-28,17.880428314208984,18.073369405169004,17.854455611138036,18.062238651111787,17658600
2016-12-29,18.121606826782227,18.151289312343703,17.90640279098474,17.950928642436406,29355600
2016-12-30,18.02142906188965,18.162424786318503,17.965772445155306,18.15500380972682,28055400
2017-01-03,17.97690200805664,18.043689372279772,17.861879010693173,17.995453739139432,37761400
2017-01-04,18.04368782043457,18.136447883277057,17.969479487079333,18.002873166318878,29101000
2017-01-05,18.062238693237305,18.091921175927833,17.8692976018273,18.084501616809824,32612800
2017-01-06,18.11789321899414,18.151285477418465,17.939792681628386,17.973186355458715,21934400
2017-01-09,17.880428314208984,18.192102166466533,17.876718534658632,18.184681191959665,27694400
2017-01-10,17.824777603149414,17.884143998701187,17.754279035339703,17.8767230223314,22448400
2017-01-11,18.010303497314453,18.028855236439092,17.817362296522873,17.821072078185015,26795400
2017-01-12,18.025136947631836,18.054819433140917,17.917534929923033,18.021425752314265,18820800
2017-01-13,17.99916648864746,18.051113325818218,17.884144887714395,17.988035731242736,24346600
2017-01-17,18.195817947387695,18.255184342998806,18.04369147017131,18.058532007519197,30652000
2017-01-18,18.173555374145508,18.262605677009294,18.143872883461945,18.143872883461945,26461800
2017-01-19,18.01400375366211,18.173551173502222,17.969479320224888,18.0696603570133,27601000
2017-01-20,18.047401428222656,18.09934684796765,17.93237983176061,18.03998045177244,23748400
2017-01-23,17.95464515686035,18.11419264589017,17.936093419500175,18.07337797445368,21251000
2017-01-24,17.950929641723633,18.02884776299212,17.91753595897908,17.950929641723633,22098800
2017-01-25,17.950929641723633,17.969481373158075,17.850748593489982,17.869300324924424,38460000
2017-01-26,17.95835304260254,18.043692151050884,17.876723714779526,17.94351108928807,22976400
2017-01-27,17.95464515686035,18.047405259068068,17.91754168214,17.991750046987537,14457600
2017-01-30,17.96947479248047,18.028841160573705,17.861872807997145,17.962053819543083,18639800
2017-01-31,18.247764587402344,18.262606541149683,17.965773127829358,17.984326277716836,31833000
2017-02-01,17.9323787689209,18.158712167908526,17.880431936848225,18.151291191898142,48759000
2017-02-02,18.121606826782227,18.121606826782227,17.880430085341086,17.988032103239828,31322200
2017-02-03,18.14387321472168,18.21808015048869,18.10305855080588,18.17355570594717,22673200
2017-02-06,18.106767654418945,18.22550044569462,18.088215921170843,18.214369688827066,14084000
2017-02-07,18.151294708251953,18.180978618043987,18.088218523053968,18.13645416876266,12218200
2017-02-08,18.329395294189453,18.362788984925608,18.162426840508676,18.19582053124483,31764000
2017-02-09,18.173555374145508,18.35536576043107,18.12903093041689,18.310839901295903,28992000
2017-02-10,18.288576126098633,18.314548833013173,18.12160771350061,18.125317493599958,18959200
2017-02-13,18.37762451171875,18.39617765793908,18.240340005207567,18.30341758846276,26085600
2017-02-14,18.24405288696289,18.359075902215398,18.14758302108502,18.35165492554686,37568600
2017-02-15,18.199525833129883,18.206946808734493,18.051110567256796,18.114186736786422,37850800
2017-02-16,18.381338119506836,18.388759095887636,18.20323893258718,18.20323893258718,28002200
2017-02-17,18.392467498779297,18.448124109763363,18.28857666804255,18.42957096249773,19947000
2017-02-21,18.585411071777344,18.626225736486916,18.303421030321424,18.366497210031415,22717000
2017-02-22,18.66332244873047,18.700427319309732,18.511196017870713,18.58540434362315,32037200
2017-02-23,18.85626792907715,18.923055296296592,18.70414146272318,18.744956122180216,30007200
2017-02-24,19.14197540283203,19.14197540283203,18.919351716082797,18.919351716082797,37259400
2017-02-27,19.034372329711914,19.11971145227913,19.00839961481784,19.10487091191595,27965800
2017-02-28,19.208755493164062,19.256991125947437,18.997262646491418,19.030656328355853,28820800
2017-03-01,19.038084030151367,19.179078367476873,18.91564001491902,18.934191752419025,58243200
2017-03-02,19.175363540649414,19.29409632789626,18.945318942284462,18.971291651031805,34745600
2017-03-03,19.115999221801758,19.186496379566535,18.95645175623344,19.175365621868576,35150000
2017-03-06,19.07889175415039,19.11970641405941,19.01210580159778,19.082602949818355,15233600
2017-03-07,19.06776237487793,19.138260943595775,19.04178966495237,19.056631617883127,35903400
2017-03-08,18.793193817138672,18.923057370183184,18.756088933835546,18.904505636234905,36787800
2017-03-09,18.752376556396484,18.904503018356536,18.737534605130534,18.837715653066137,25685600
2017-03-10,18.908214569091797,18.945319450731287,18.78948177865845,18.852559369742327,22983600
2017-03-13,18.9638671875,18.974997941942956,18.87110712605882,18.89336863494473,28116000
2017-03-14,18.945316314697266,18.997261724987474,18.882238734054674,18.94160511944438,23341000
2017-03-15,19.24957275390625,19.346042617113767,18.975002286396876,19.012107168712486,45238400
2017-03-16,19.038084030151367,19.212472061139618,19.000979139744516,19.212472061139618,37456800
2017-03-17,19.152849197387695,19.261268948545812,19.08181630498902,19.104246994081844,30257000
2017-03-20,19.025737762451172,19.23509990437752,18.973397583510316,19.19771304358911,14296000
2017-03-21,19.294919967651367,19.365952873153372,19.0257402395796,19.036955586194892,50834200
2017-03-22,19.388381958007812,19.52670977387762,19.30987169166248,19.373427214085975,50505600
2017-03-23,19.328567504882812,19.50428078254327,19.27622731893446,19.384645664329003,45130600
2017-03-24,19.39959716796875,19.47063148802209,19.29117741453366,19.33977961886023,24814200
2017-03-27,19.324827194213867,19.519234608688098,19.250056318477117,19.478109771335063,23642800
2017-03-28,19.30986976623535,19.343517223622992,19.22388071034037,19.321085109976988,16955600
2017-03-29,19.257535934448242,19.321092902330257,19.175287670233637,19.30240017983436,13911000
2017-03-30,19.107986450195312,19.227621546257694,19.055646273938375,19.227621546257694,39422400
2017-03-31,19.18276596069336,19.27623100380033,19.11547101556327,19.13042433857622,19982000
2017-04-03,19.17902183532715,19.182761234781672,19.00330856736629,19.182761234781672,30951600
2017-04-04,19.238842010498047,19.30987634817503,19.122946282563127,19.16033172522022,20268600
2017-04-05,19.347257614135742,19.365950331428895,19.175282333178078,19.216407166920764,25299000
2017-04-06,19.298656463623047,19.332303927055957,19.223884164198473,19.3248265544972,18777600
2017-04-07,19.216402053833008,19.39959263119075,19.201447313512467,19.373422548711073,39836000
2017-04-10,19.25005340576172,19.272484094623554,19.11920154069546,19.227621290737066,16969600
2017-04-11,19.24258041381836,19.279965854539125,19.115467918739355,19.26127313417874,19688400
2017-04-12,19.384653091430664,19.39586986854802,19.156599540444645,19.21641712247049,21042000
2017-04-13,19.32109260559082,19.410818242658408,19.235104942499678,19.407080268681963,21712200
2017-04-17,19.407081604003906,19.414558978634574,19.313616560365634,19.365956756616924,14545200
2017-04-18,19.451936721801758,19.493061552901494,19.377165857434402,19.436983404625977,29414800
2017-04-19,19.317352294921875,19.43698884897837,19.250058783374726,19.429511475214635,25034000
2017-04-20,19.24258041381836,19.294920601292688,19.104251145592606,19.294920601292688,26964600
2017-04-21,19.33978271484375,19.42203239284587,19.216409624003663,19.216409624003663,26517400
2017-04-24,19.44072723388672,19.463159355652284,19.22762706868525,19.358477546909572,36213400
2017-04-25,19.414552688598633,19.444460751268135,19.30613293082547,19.384643199766206,21783200
2017-04-26,19.354736328125,19.50054152974816,19.336043609535903,19.410814483892285,19194800
2017-04-27,19.422033309936523,19.515498338929326,19.332306254591646,19.34726100150965,18933000
2017-04-28,19.328567504882812,19.4220325301229,19.26874994577568,19.395862437148725,18811400
2017-05-01,19.21267318725586,19.373433168417225,19.164070967653668,19.373433168417225,21385000
2017-05-02,19.235103607177734,19.306136517105333,19.15659332365304,19.235103607177734,18877200
2017-05-03,19.167810440063477,19.283707602270383,19.15659509171431,19.261275479408727,21014400
2017-05-04,19.235103607177734,19.257534301805823,19.10799110835353,19.111729082070486,28078200
2017-05-05,19.33978271484375,19.41081562010543,19.27248778305349,19.29118050273676,21570600
2017-05-08,19.332305908203125,19.377170148153287,19.23510290730405,19.354738028178208,17579400
2017-05-09,19.19024085998535,19.33230668034564,19.156593391760403,19.317351933098283,15517800
2017-05-10,19.220144271850586,19.2612691037359,19.115463918806412,19.20518952822632,16879600
2017-05-11,19.246315002441406,19.246315002441406,19.09303244058411,19.171542707987456,15398400
2017-05-12,19.33978271484375,19.38090755384481,19.265010409947557,19.29118050273676,15046200
2017-05-15,19.422033309936523,19.455680777420458,19.32109090748472,19.343523027861732,12702200
2017-05-16,19.27996826171875,19.448205618293578,19.257536138787664,19.392126024047528,15306200
2017-05-17,19.328567504882812,19.418293130461958,19.242579852801505,19.328567504882812,30065600
2017-05-18,19.39586639404297,19.496808813034807,19.231367003316986,19.369696295729906,33752000
2017-05-19,19.47063446044922,19.47063446044922,19.283704412677608,19.392122756501198,19802600
2017-05-22,19.638864517211914,19.66877400051141,19.429503838766085,19.440719181922066,15558600
2017-05-23,19.691213607788086,19.80711076883603,19.63887341446428,19.672520885338628,30580400
2017-05-24,19.80337142944336,19.837018897997844,19.691212250152944,19.709906397476818,15204600
2017-05-25,19.964134216308594,19.997781689612168,19.795896849790715,19.84449907259886,33554600
2017-05-26,19.964134216308594,20.00899703865889,19.92674734254717,19.975349565355316,15299200
2017-05-30,20.027685165405273,20.076287377057515,19.923004795227907,19.979082953753032,12584600
2017-05-31,20.12862777709961,20.199660682455228,20.027685379280722,20.050117498628175,25241400
2017-06-01,20.27069854736328,20.274436521491207,20.053858967696524,20.076291090954122,22237200
2017-06-02,20.293123245239258,20.42397511964674,20.233305693732756,20.42397511964674,19913200
2017-06-05,20.229572296142578,20.311821982877973,20.199662800543074,20.29312783504666,14700000
2017-06-06,20.184707641601562,20.27443326790635,20.158536122252624,20.27443326790635,15002400
2017-06-07,20.25200080871582,20.30060302074456,20.15105983735603,20.18470730319699,15762600
2017-06-08,20.08376693725586,20.22583276192123,19.9603924079713,20.21087944038393,26585200
2017-06-09,20.065073013305664,20.080027761172968,19.923007187056037,20.020210195867005,27876400
2017-06-12,20.027685165405273,20.173490374198916,19.915527422191943,20.091242123129447,25642200
2017-06-13,20.076292037963867,20.09124678750769,19.956656893940107,20.005257690712412,17829800
2017-06-14,20.184707641601562,20.29312598787292,20.12115068231948,20.203400361568132,31664200
2017-06-15,20.30060577392578,20.323037896249712,20.12863044793217,20.12863044793217,31099000
2017-06-16,20.39369773864746,20.435156233810503,20.322087087826237,20.359777282398962,35391600
2017-06-19,20.32585334777832,20.423844961430234,20.254244146945524,20.412538623860232,35644600
2017-06-20,20.337156295776367,20.36353870419836,20.299467551668787,20.348464069195384,15177000
2017-06-21,20.216554641723633,20.363542786033495,20.111024986882445,20.33339207225046,20153200
2017-06-22,20.122333526611328,20.261783648300575,20.107257449203335,20.18640613672836,15862400
2017-06-23,20.054492950439453,20.20148111328388,20.013034455743046,20.126103600454663,17286200
2017-06-26,20.19017219543457,20.303239887972502,20.02810797562784,20.09971861649771,20710000
2017-06-27,19.964038848876953,20.15625380204504,19.90750427796841,20.09972066887036,20957600
2017-06-28,19.771820068359375,20.069566088722326,19.752975692912006,20.024339300101907,18577600
2017-06-29,19.613525390625,19.68136629173521,19.538146451865472,19.654983878829423,41191400
2017-06-30,19.583370208740234,19.74166609940617,19.583370208740234,19.636135026384395,30225800
2017-07-03,19.492919921875,19.66629047690453,19.466537508619798,19.613525650394124,25409400
2017-07-05,19.398698806762695,19.556993304247275,19.345933974267837,19.556993304247275,28005200
2017-07-06,19.39116096496582,19.413773643273775,19.31955031636698,19.31955031636698,28073600
2017-07-07,19.406234741210938,19.5004580569451,19.368544552277054,19.387388927877147,26526000
2017-07-10,19.39116096496582,19.507996970180574,19.376084887604605,19.462770175830794,32627600
2017-07-11,19.379854202270508,19.421312698316537,19.285630870432787,19.421312698316537,18111800
2017-07-12,19.545684814453125,19.602217941162355,19.51176436333411,19.549453114473597,24286000
2017-07-13,19.47784996032715,19.58714938539765,19.462773880096567,19.53438454232476,13842000
2017-07-14,19.568296432495117,19.658751443168512,19.545683758126984,19.60598661933137,25215000
2017-07-17,19.65875244140625,19.65875244140625,19.538146712873317,19.57960520163158,15338000
2017-07-18,19.71528434753418,19.737897020001775,19.6512117541645,19.703976573566884,15780800
2017-07-19,19.798198699951172,19.805736736237044,19.69266906741579,19.749203620693123,21338800
2017-07-20,19.941423416137695,19.94519171634029,19.801973304901423,19.85096839620399,16925000
2017-07-21,20.08464813232422,20.08464813232422,19.877357065339282,19.94519654956156,18504000
2017-07-24,19.896198272705078,20.095951267861413,19.866046117652257,20.095951267861413,21069600
2017-07-25,19.783132553100586,19.911276349473905,19.76051843454034,19.85474177194031,21136200
2017-07-26,19.971574783325195,19.971574783325195,19.749207699038603,19.779358412675005,17262400
2017-07-27,20.020570755004883,20.020570755004883,19.892426981502048,19.915041096026233,19173800
2017-07-28,19.99041748046875,20.046950602940058,19.89619417194965,19.99041748046875,19278000
2017-07-31,20.05826187133789,20.10348866473919,19.93765613044521,19.96780684680146,23722600
2017-08-01,20.171327590942383,20.20901634211649,20.069566237491845,20.0884106130789,21646200
2017-08-02,20.258014678955078,20.261782979315722,20.00926516087168,20.129870900685823,16031800
2017-08-03,20.359777450561523,20.359777450561523,20.193944906273565,20.284398498527388,20929400
2017-08-04,20.269319534301758,20.31454776172227,20.160021579036485,20.25424489622864,34930800
2017-08-07,20.33338737487793,20.340925411015697,20.239164079755913,20.2919288949869,10322800
2017-08-08,20.41630744934082,20.41630744934082,20.288165119625837,20.314547533124067,15137400
2017-08-09,20.310779571533203,20.50299595838248,20.295703494577605,20.450229689037894,17704400
2017-08-10,20.37485122680664,20.41253997969912,20.235399678090193,20.280627906841683,19229600
2017-08-11,20.25424575805664,20.37108175619676,20.18263511379395,20.329623264830737,18672600
2017-08-14,20.37108039855957,20.3823881740091,20.254244408206024,20.258012708200074,23655600
2017-08-15,20.484148025512695,20.49922410090961,20.220323894735074,20.23163023241592,19164600
2017-08-16,20.56706428527832,20.578370622564908,20.450226861626923,20.450226861626923,14263600
2017-08-17,20.420082092285156,20.58968438960993,20.405006013026497,20.521843470680018,17912600
2017-08-18,20.540695190429688,20.63868686515697,20.352248445563358,20.352248445563358,29697600
2017-08-21,20.616058349609375,20.649978795155015,20.521835049508542,20.600982276537213,11312000
2017-08-22,20.66128921508789,20.665058952967804,20.555759558190235,20.627368762837396,16300600
2017-08-23,20.7291316986084,20.736669737208683,20.585911840670715,20.653752750339414,14092600
2017-08-24,20.714054107666016,20.763050636120365,20.676365355152672,20.7178238455576,14034800
2017-08-25,20.781898498535156,20.857277453940398,20.71405758244384,20.763054119117346,15723600
2017-08-28,20.819589614868164,20.853510074412355,20.72159653719204,20.853510074412355,15745400
2017-08-29,20.774354934692383,20.887422618865134,20.77058663490452,20.853503607573558,15860600
2017-08-30,20.714054107666016,20.78189501237704,20.68390339320209,20.763050636120365,11502200
2017-08-31,20.717819213867188,20.774352329998624,20.702743141138768,20.73289384886218,20939000
2017-09-01,20.653751373291016,20.7818951454844,20.593448506243178,20.747974692911626,22537400
2017-09-05,20.706514358520508,20.721590433373525,20.589678372743705,20.69143972140112,18080800
2017-09-06,20.612295150756836,20.76305305383242,20.5746063938549,20.72913259752711,22857400
2017-09-07,20.766815185546875,20.78942929561076,20.612289027777404,20.63113483836405,24703400
2017-09-08,20.864809036254883,20.87988511021716,20.698975098136923,20.736665283042615,18039800
2017-09-11,21.041950225830078,21.068332637544334,20.823351457073557,20.827119756861187,20183200
2017-09-12,20.69144058227539,21.026875354175925,20.578371453907117,21.026875354175925,37790600
2017-09-13,20.589677810668945,20.687669419071234,20.57460173622749,20.672593344629778,21458200
2017-09-14,20.7630558013916,20.774362142411558,20.51807453590908,20.578377417572362,20390800
2017-09-15,20.79229164123535,20.853054444704682,20.697349670270807,20.82267376731977,17030200
2017-09-18,20.579622268676758,20.792292817197293,20.442907039663115,20.777101753295916,31607000
2017-09-19,20.537845611572266,20.6289890824731,20.507463488805755,20.613798021089845,31560000
2017-09-20,20.385942459106445,20.617601126616695,20.306191542038885,20.57202793226408,39494000
2017-09-21,20.382143020629883,20.51506265826034,20.355559382843712,20.40492961674643,21424600
2017-09-22,20.215044021606445,20.465690763752345,20.215044021606445,20.439107128123197,22483800
2017-09-25,20.401134490966797,20.423919640523515,20.21125051826219,20.245429691297012,23446600
2017-09-26,20.363149642944336,20.435306454282493,20.32517344128158,20.393531763233927,20022200
2017-09-27,20.089725494384766,20.30239462302686,19.990985014343977,20.222643699786072,24701600
2017-09-28,20.16187858581543,20.215045861913893,19.964399096949982,20.017566373048442,28365000
2017-09-29,20.14668846130371,20.23023786975528,20.074533075904434,20.1694750587086,24254200
2017-10-02,20.18086814880371,20.275810134034213,20.11250980354177,20.135296401528993,33228600
2017-10-03,20.123903274536133,20.196058659798933,19.998579162095822,20.192260169222127,19115000
2017-10-04,20.32517433166504,20.332769862070172,20.074527623092795,20.13529041763457,24281000
2017-10-05,20.30619239807129,20.347967103639075,20.215047454223413,20.31758497278987,25278400
2017-10-06,20.290996551513672,20.29859208243625,20.13529178934929,20.211245649875686,20836400
2017-10-09,20.317583084106445,20.366953317797172,20.290999446434423,20.328975657765998,14681400
2017-10-10,20.51506233215332,20.518859373762584,20.302391784544955,20.36695308149911,16653600
2017-10-11,20.602415084838867,20.70495262408207,20.488484968579762,20.492282011351723,30938200
2017-10-12,20.7087459564209,20.761913237902377,20.591018818483278,20.62519799210705,27336400
2017-10-13,20.564435958862305,20.79989169238087,20.50367314218978,20.765712517458834,25425400
2017-10-16,20.51885986328125,20.60240926767413,20.35176250319511,20.55683752377784,22492800
2017-10-17,20.640384674072266,20.682159374638633,20.450500725097545,20.507466489269788,19199200
2017-10-18,20.602415084838867,20.644189798830546,20.522664148327497,20.553044836603245,17382000
2017-10-19,20.818878173828125,20.818878173828125,20.617601630962675,20.640386779996675,20571800
2017-10-20,20.834068298339844,20.875843001282355,20.72773374444955,20.735327827984875,22462800
2017-10-23,20.845462799072266,20.88723750587598,20.758116343346213,20.830271733198227,21222000
2017-10-24,20.86444854736328,20.88723514359725,20.76191103735985,20.81128127151697,22671400
2017-10-25,20.773305892944336,20.815080596698852,20.526456160958382,20.777102934785805,36662600
2017-10-26,20.777097702026367,20.982172678609206,20.76950217155671,20.872039659848127,34659200
2017-10-27,20.90622329711914,20.955593531388853,20.716339340835226,20.75431700131178,20732200
2017-10-30,20.910018920898438,20.9517921686464,20.754314156039655,20.754314156039655,20114800
2017-10-31,20.932804107666016,20.974578804197822,20.84166063223246,20.894827901018605,19064000
2017-11-01,20.815082550048828,20.96698886585735,20.777104884571845,20.96698886585735,21758400
2017-11-02,20.891027450561523,20.978375325312143,20.76190633189884,20.81507504439465,29453800
2017-11-03,20.966989517211914,21.069527044135466,20.81888023900007,20.864451990288362,23264400
2017-11-06,20.887235641479492,21.00496421844516,20.875843067440755,20.993570195706774,23993000
2017-11-07,21.13788414001465,21.16826627153565,20.845462643273958,20.921416523376696,22649000
2017-11-08,21.1530704498291,21.21003476057377,21.004961213713745,21.126486815075033,19169800
2017-11-09,21.179655075073242,21.217631284012352,21.042938404973224,21.092308635553675,21525200
2017-11-10,21.080915451049805,21.13028568359078,21.00876007172035,21.065725836090675,22073000
2017-11-13,21.331565856933594,21.350555414106292,21.103705657859386,21.103705657859386,19645600
2017-11-14,21.597400665283203,21.612591729391664,21.26320594709479,21.270800030449408,24747600
2017-11-15,21.411314010620117,21.734116137139534,21.388527415723633,21.68094886441394,24130400
2017-11-16,21.342954635620117,21.40751447830131,21.278393344239465,21.358145698144913,22882200
2017-11-17,21.194849014282227,21.350553809981033,21.175859458536266,21.297386530771643,33300800
2017-11-20,21.13028335571289,21.2328208510634,21.09610419059605,21.20623721693913,18583800
2017-11-21,21.187255859375,21.24801867796169,21.130290083143787,21.191052901730476,15512000
2017-11-22,21.187255859375,21.229030568784573,21.1075049316112,21.17206479255336,11157800
2017-11-24,21.221433639526367,21.304981604150246,21.187254465775762,21.198647040792704,10004400
2017-11-27,21.312576293945312,21.350553956999036,21.19484916022806,21.248016439803557,14393600
2017-11-28,21.411314010620117,21.453088710247236,21.320169079733716,21.365740820827153,18371000
2017-11-29,21.42270851135254,21.51385345044024,21.26320667882364,21.339159104580453,31138800
2017-11-30,21.494857788085938,21.54043096903116,21.40751136432313,21.449286055839963,31783000
2017-12-01,21.42270851135254,21.608795431335917,21.304979933510023,21.567020727949874,48151800
2017-12-04,21.301183700561523,21.517651309327512,21.267004528193226,21.434101899382846,26111600
2017-12-05,21.031545639038086,21.3353596538616,20.929008137403997,21.3353596538616,39752000
2017-12-06,21.11130142211914,21.153076130436727,20.997371321334708,21.06572967154533,18889600
2017-12-07,21.14927101135254,21.153069501118154,20.98217367914991,21.073318600432764,22950400
2017-12-08,21.217632293701172,21.221430783995547,21.03914236475409,21.122690318135852,19950600
2017-12-11,21.346755981445312,21.35815000498623,21.137883900058714,21.198646713711174,30870800
2017-12-12,20.982175827026367,21.29358537951342,20.970783253962058,21.267001743230345,43101000
2017-12-13,21.039142608642578,21.15686973254055,20.978379801524387,21.039142608642578,34770200
2017-12-14,21.012563705444336,21.107505703501754,20.849263352889576,21.020157790432997,26287200
2017-12-15,21.08960723876953,21.16626913449389,21.020611678838012,21.08194090297669,27275200
2017-12-18,20.855783462524414,21.17009583382657,20.825119589867537,21.108766626309166,38807000
2017-12-19,20.47631072998047,20.882617698113812,20.46481195896853,20.855786257616725,29775000
2017-12-20,20.315324783325195,20.533810234773313,20.303826010787095,20.460982238358618,31512000
2017-12-21,20.07383918762207,20.177332521215256,19.993344860006466,20.173500084654304,39869800
2017-12-22,20.104503631591797,20.18116551922476,20.085338525234526,20.09683729660811,22943400
2017-12-26,19.985671997070312,20.188824699139158,19.981839561761088,20.127495498767235,16487400
2017-12-27,20.07000160217285,20.10833180676472,20.016338730862802,20.058502833236005,21232800
2017-12-28,20.18116569519043,20.18883056803706,20.073838466686908,20.108336243312344,9821600
2017-12-29,20.192665100097656,20.280825762638457,20.150500987099026,20.24249554838731,14060200
2018-01-02,20.004838943481445,20.215659460024007,19.943509737451866,20.18882656157018,24540000
2018-01-03,19.847686767578125,20.077672433260645,19.778691214093758,19.93201499121544,41615800
2018-01-04,19.682865142822266,19.916683255916077,19.644534927844646,19.786358477906607,29943600
2018-01-05,19.675201416015625,19.78252719396975,19.57554051174046,19.751861850437678,46832600
2018-01-08,19.859182357788086,19.874513562152362,19.671360847840955,19.709691052056993,28601000
2018-01-09,19.663705825805664,19.86302621923293,19.633041937234612,19.855359881539062,30877400
2018-01-10,19.449047088623047,19.57937185722918,19.406882977867554,19.548706517696505,31124000
2018-01-11,19.376216888427734,19.51804042276777,19.31105523774852,19.42987976832916,33091000
2018-01-12,19.26505470275879,19.422210885653705,19.20755939420911,19.31871903782356,37270600
2018-01-16,19.222896575927734,19.395384004289603,19.111736906207092,19.34172111882556,54585600
2018-01-17,19.34171485900879,19.395377727105206,19.226722789915968,19.253554223964176,46903200
2018-01-18,19.21906089782715,19.34555322659937,19.11940147150671,19.341719328161762,42659400
2018-01-19,19.161563873291016,19.337885168406615,19.138564871326665,19.29572106257382,37263800
2018-01-22,19.188396453857422,19.37621653003843,19.157731116078768,19.253558103331383,41073000
2018-01-23,19.372385025024414,19.510376127253135,19.20372858354315,19.261225363539737,53347800
2018-01-24,19.253559112548828,19.35705243967094,19.222895235366646,19.341719769977917,39062800
2018-01-25,19.55253791809082,19.56787058704479,19.249725748370725,19.261224518984307,52570000
2018-01-26,19.564041137695312,19.663700576703274,19.36855323419706,19.606205252653915,47900000
2018-01-29,19.314884185791016,19.50653812922963,19.29188664838865,19.472040360922538,36121800
2018-01-30,19.349380493164062,19.429874792401876,19.291885191795668,19.29955006221537,26178200
2018-01-31,19.564041137695312,19.583206245711764,19.2650598962634,19.372387133122757,54822800
2018-02-01,19.25739097595215,19.617699902437547,19.199894201781504,19.541038024277924,57039200
2018-02-02,19.119403839111328,19.30339150739691,19.096404832249124,19.16156795392336,43612800
2018-02-05,18.805091857910156,19.291893215417574,18.770594077859897,19.088738971919806,66944600
2018-02-06,18.52527618408203,18.682432404255405,18.15729939594099,18.582771506269967,83343200
2018-02-07,18.437108993530273,18.732256245405868,18.42944412244055,18.5137708642596,55760400
2018-02-08,18.230127334594727,18.63260040524503,18.210960766589217,18.383449643211875,52083800
2018-02-09,18.613435745239258,18.755259286212883,18.226293872635843,18.279956755047277,72845000
2018-02-12,18.75525665283203,18.858749966753063,18.483108380412098,18.651763338911,53008800
2018-02-13,18.83958625793457,18.912414241772744,18.55210529649429,18.747591706904014,50134400
2018-02-14,18.628768920898438,18.805091718853728,18.575106032817974,18.678599372203458,40682200
2018-02-15,19.042739868164062,19.050406202948647,18.64793313108291,18.67476457172704,33008200
2018-02-16,19.211395263671875,19.257393273377478,18.981411063959385,19.054239052687436,40133000
2018-02-20,18.962242126464844,19.215225279916247,18.87024758784452,19.1462297415019,33546600
2018-02-21,18.713096618652344,19.100238521120026,18.709264181986125,18.973746178074943,44922800
2018-02-22,18.808923721313477,18.95074727399473,18.70543038431775,18.7744259423149,40257800
2018-02-23,19.29955291748047,19.322551918752467,18.83958458966972,18.862582128738065,41284800
2018-02-26,19.242061614990234,19.41071660616497,19.20372993822055,19.376218828174235,27209800
2018-02-27,18.93541717529297,19.37238809342673,18.92775083926556,19.257395977423755,36402400
2018-02-28,18.805091857910156,19.054241191869544,18.805091857910156,19.004412202400093,23892200
2018-03-01,18.808923721313477,19.11173739672275,18.72076305547356,18.84342150031205,43182600
2018-03-02,18.759092330932617,18.985244101431856,18.601936114972393,18.79742400690092,33714200
2018-03-05,19.142396926879883,19.18456103187492,18.67476226052573,18.713092467501035,31000800
2018-03-06,18.88558006286621,19.161562213721005,18.84341596068522,19.119398111540015,41416000
2018-03-07,18.743762969970703,18.908585537368058,18.670933509555457,18.828089741003623,33357600
2018-03-08,18.881750106811523,18.923914217794593,18.75525923606619,18.785923113560504,24517600
2018-03-09,18.93541717529297,18.93924961220463,18.789759715180352,18.843422605168136,26197000
2018-03-12,19.01590919494629,19.03890673802431,18.920082199577443,18.943079742655467,32463600
2018-03-13,19.058073043823242,19.173065144237963,18.912415603455855,19.084904485179884,37745000
2018-03-14,19.253559112548828,19.318722227642244,19.104069238551514,19.11556800971935,38264600
2018-03-15,19.242061614990234,19.41838294151891,19.127069509089097,19.242061614990234,42135600
2018-03-16,19.410869598388672,19.461087186067,19.229314724634406,19.24090430552264,39512600
2018-03-19,19.291114807128906,19.464943734239004,19.179093030603354,19.399275847088287,43379200
2018-03-20,19.202272415161133,19.37610137102794,19.155918518117925,19.29498168281137,29936400
2018-03-21,19.1366024017334,19.39927691188117,19.07093303741463,19.217722080982774,38471800
2018-03-22,19.221590042114258,19.530620010201588,19.10184232936631,19.155922131712362,50664800
2018-03-23,18.951189041137695,19.39541699489686,18.912559562399544,19.221588024485037,34668600
2018-03-26,19.148191452026367,19.175231346444956,18.974362506789916,19.01299197993342,27519200
2018-03-27,19.422452926635742,19.62332175435939,19.113424527662293,19.175230207456984,42912000
2018-03-28,19.414724349975586,19.52288537984465,19.287250797695876,19.44562792238487,46346200
2018-03-29,19.519031524658203,19.61174081500324,19.437911816583906,19.472677616267774,30929000
2018-04-02,19.368371963500977,19.646498242450072,19.22930882402643,19.553788991612524,35585200
2018-04-03,19.434045791625977,19.52675359021621,19.283393040180037,19.333610623995348,27597600
2018-04-04,19.476533889770508,19.526751468128378,19.271802839366178,19.430179995512944,32714600
2018-04-05,19.631046295166016,19.68898976066301,19.256348558362802,19.472669159512908,28572600
2018-04-06,19.476533889770508,19.70058041354891,19.43404367961325,19.65808872982792,28624000
2018-04-09,19.51516342163086,19.650362894273478,19.426317843385174,19.491985737650523,23512200
2018-04-10,19.364513397216797,19.542204565064065,19.322021710652486,19.51902687960249,28182400
2018-04-11,19.337467193603516,19.426312748548142,19.271797842997188,19.356781188406547,16048200
2018-04-12,19.082523345947266,19.391551759842162,19.04389387323308,19.341334182095583,24157600
2018-04-13,19.23317527770996,19.318157173523357,19.11728980264532,19.11728980264532,20874600
2018-04-16,19.495849609375,19.507437714694817,19.264077188032456,19.27566676691602,30795200
2018-04-17,19.692855834960938,19.76238741777586,19.461084874620422,19.54220456338322,26389000
2018-04-18,19.619457244873047,19.889857614873247,19.61559356145911,19.71602870033287,28240000
2018-04-19,19.607868194580078,19.65422355541093,19.449491062316774,19.549926203886777,30335400
2018-04-20,19.430179595947266,19.631048431684317,19.368373913686916,19.58469453837998,28160000
2018-04-23,19.4417724609375,19.553794265895814,19.368377187771355,19.457222778941578,23874000
2018-04-24,19.573104858398438,19.692854011841103,19.42631728476849,19.457219388956595,33808800
2018-04-25,19.576967239379883,19.64649881112979,19.430178201956345,19.50357345744991,26815000
2018-04-26,19.77397346496582,19.80101335840484,19.50743674096819,19.596282315634067,23534200
2018-04-27,19.974843978881836,20.048239244592374,19.712169443164104,19.750798918160122,34314600
2018-04-30,19.916906356811523,20.07141987008444,19.8975908782838,20.005751958495377,25492000
2018-05-01,19.855093002319336,19.951664463471545,19.820327217362,19.916898678514208,21942600
2018-05-02,19.83578109741211,19.92849036515392,19.758525093451723,19.85895878273852,25960600
2018-05-03,19.808746337890625,19.901455629672746,19.584701215893812,19.797158229004435,32960200
2018-05-04,19.8975887298584,19.986435795513188,19.84350893237389,19.84350893237389,23486800
2018-05-07,19.793285369873047,19.928484812698404,19.766244007744568,19.88599313822089,17044000
2018-05-08,19.29884147644043,19.746933021239098,19.26407568962141,19.71216723442008,46295800
2018-05-09,19.163646697998047,19.33747567458955,19.090251422568304,19.30270987927125,44301000
2018-05-10,19.434045791625977,19.43790800258228,19.221587349931916,19.325884728518847,27922800
2018-05-11,19.461088180541992,19.515167982237244,19.383830689449884,19.453362284076373,12957800
2018-05-14,19.38768768310547,19.52675083493248,19.30270579198294,19.491985046975728,17025600
2018-05-15,19.225452423095703,19.360651919790133,19.13274314424524,19.271806325738936,22141400
2018-05-16,19.074798583984375,19.260215643330586,19.001403318251388,19.233175747607003,27082600
2018-05-17,18.920284271240234,19.132741233498418,18.881656268489238,19.078661440221484,22552000
2018-05-18,18.92414665222168,19.036168441909425,18.7773575994633,18.97436275762649,23620800
2018-05-21,19.020715713500977,19.07479549619382,18.862338575516134,18.94732045964907,21484000
2018-05-22,19.09025001525879,19.202273288977764,19.01299400785911,19.01299400785911,22051400
2018-05-23,19.264080047607422,19.306571738172575,19.10956655067337,19.15592045239719,27165800
2018-05-24,19.422452926635742,19.437904714975325,19.225447782778808,19.291115672876572,25795200
2018-05-25,19.507434844970703,19.557652416575348,19.410863385342136,19.449491379768148,27743200
2018-05-29,19.507434844970703,19.638772089008096,19.3683717073354,19.472669060561877,34561400
2018-05-30,19.665813446044922,19.700579233045783,19.403138938385887,19.453356513734608,27771800
2018-05-31,19.696718215942383,19.812603688444234,19.52288927040774,19.642636953448704,30216400
2018-06-01,19.395414352416992,19.654226667227565,19.302706563204055,19.64650077253253,34360000
2018-06-04,19.24090003967285,19.515162658342902,19.225448250956987,19.43404297793013,28729000
2018-06-05,19.140470504760742,19.302711386771474,19.067076697163095,19.275671485363702,29829200
2018-06-06,18.684646606445312,19.159778036676247,18.684646606445312,19.136601828193125,52255800
2018-06-07,18.815982818603516,19.0013998440482,18.67691968112912,18.71554914907397,43051600
2018-06-08,18.808259963989258,18.89324333363572,18.750317963055206,18.885517438798423,22482400
2018-06-11,18.76962661743164,18.920277839941207,18.715546842537268,18.850746279773198,34670400
2018-06-12,18.985952377319336,19.009128587997917,18.742591850247972,18.754179955587265,33322600
2018-06-13,18.935733795166016,19.121150838591383,18.87779032441148,19.009127581033244,33451400
2018-06-14,19.171369552612305,19.213861237211876,18.943460813584956,18.966637024411078,32277200
2018-06-15,19.307777404785156,19.31557240638706,18.995984774431736,19.147983588807495,43422400
2018-06-18,19.370140075683594,19.432498615097774,19.257114758387626,19.29608828799217,34453400
2018-06-19,19.561111450195312,19.631264989285846,19.370139083472576,19.405215853017843,33294800
2018-06-20,19.576698303222656,19.627365070349512,19.49095477219944,19.592288306453156,24635400
2018-06-21,19.642953872680664,19.744285913994762,19.53382534348342,19.59618386584851,25407400
2018-06-22,19.779361724853516,19.830028486446984,19.615671169043754,19.654644686119113,25953400
2018-06-25,20.10674476623535,20.14961652800948,19.783258917753773,19.783258917753773,42932400
2018-06-26,20.13013458251953,20.247056651024334,20.009314269242537,20.052186041268076,39817400
2018-06-27,20.227567672729492,20.26654119571572,20.05218384580226,20.10674737268082,43529400
2018-06-28,20.219770431518555,20.410742754444033,20.18859042718696,20.24705219193648,30075600
2018-06-29,20.250947952270508,20.332793229495522,20.071667396422082,20.184692676443884,28741400
2018-07-02,20.39515495300293,20.406846711664357,20.169104373918756,20.262642903443638,31405600
2018-07-03,20.45362091064453,20.57444123508014,20.309417062395184,20.402954131139932,21211200
2018-07-05,20.562746047973633,20.57833605354305,20.37956868613963,20.465310743281908,22062000
2018-07-06,20.7225399017334,20.769309918472203,20.57054106419419,20.605617833375913,24793400
2018-07-09,20.08336067199707,20.722535910196328,20.01320714714647,20.718639152924396,55873600
2018-07-10,20.274333953857422,20.383460995537217,19.833926056479854,19.892387821233708,54218200
2018-07-11,20.45751190185547,20.492588661883293,20.250948098694124,20.266538100205242,43544600
2018-07-12,20.473100662231445,20.515972423529146,20.363973623833225,20.457512147277694,34273400
2018-07-13,20.476999282836914,20.547152805025103,20.340588995584582,20.500382799070028,21918600
2018-07-16,20.45751190185547,20.5120754204,20.356178378777592,20.46140865886106,20986400
2018-07-17,20.441926956176758,20.523772254236075,20.422440192840458,20.488695485532833,22107000
2018-07-18,20.336698532104492,20.453620609687473,20.25095498139603,20.418543837738092,20722600
2018-07-19,20.523767471313477,20.644587754633804,20.35617866953616,20.35617866953616,22238800
2018-07-20,20.37957000732422,20.515978848037957,20.24315967986562,20.46141531175246,27657000
2018-07-23,20.235363006591797,20.4224400966242,20.165210956260566,20.383465083390476,29527400
2018-07-24,20.305513381958008,20.367871906677575,19.94695223650663,20.180796332518877,31397600
2018-07-25,20.36397933959961,20.46531140559067,20.23926226449763,20.30162080204862,26937400
2018-07-26,20.582231521606445,20.64069180448788,20.426334460433495,20.461411224860182,38142000
2018-07-27,20.515975952148438,20.68356478236673,20.434130659272896,20.593924487301425,31495800
2018-07-30,20.391260147094727,20.48869545035368,20.32500485451611,20.48869545035368,18952800
2018-07-31,20.574432373046875,20.62899588743663,20.406843586424475,20.480893857847107,30439600
2018-08-01,20.441926956176758,20.500387246185664,20.266543112660557,20.457516961543696,39970800
2018-08-02,20.543254852294922,20.605613374374343,20.313307523362482,20.434127810342048,34583800
2018-08-03,20.773204803466797,20.827768331330887,20.480898915556633,20.551052447594643,30833200
2018-08-06,20.78879165649414,20.909611940411246,20.749818138711543,20.79268841357464,24398200
2018-08-07,20.757614135742188,20.792690900639908,20.59392355738255,20.749820620648986,26216400
2018-08-08,20.648483276367188,20.71863679322783,20.574433002678422,20.687458278369938,34012000
2018-08-09,20.74202537536621,20.753717134613368,20.57443655468235,20.64459008365441,17362200
2018-08-10,20.65238380432129,20.913509656273735,20.644588803058525,20.769305849773794,26601000
2018-08-13,20.67966651916504,20.718640040531938,20.582231229003256,20.687461520787327,34546800
2018-08-14,20.7225399017334,20.804386687653924,20.66407961092704,20.68746461929644,19887600
2018-08-15,20.913515090942383,21.038232170067122,20.745926237103852,20.788798011817644,38545400
2018-08-16,21.139564514160156,21.155153033098433,20.82387358942994,20.866745361685933,26545800
2018-08-17,21.248685836791992,21.34222287211705,21.088892038596015,21.12786555552406,28230200
2018-08-20,21.174640655517578,21.30325448172599,21.12397388192288,21.291562721182878,19149200
2018-08-21,21.022640228271484,21.15515229848636,20.96028169444947,21.143460538002454,23701600
2018-08-22,20.866741180419922,21.0460217496165,20.78879265436874,21.042124992348953,25305200
2018-08-23,20.851154327392578,20.99925640058594,20.81218080185234,20.858949329849565,22336200
2018-08-24,20.940786361694336,20.96027311677442,20.745915837405263,20.827761100788088,15692600
2018-08-27,20.81218147277832,21.014845596214514,20.706951166333713,20.956385306019563,24768200
2018-08-28,20.769309997558594,20.83946353618917,20.7069514617475,20.761514994739112,20132200
2018-08-29,20.92131233215332,20.92131233215332,20.788800235565546,20.819978765309425,23822400
2018-08-30,20.929092407226562,21.042117656258604,20.855040664260212,20.956374158821337,26951400
2018-08-31,20.839460372924805,21.04602271267989,20.76151184330671,20.960279181425534,24265000
2018-09-04,20.933000564575195,21.046025875167988,20.843360262405145,20.86284702605172,25930200
2018-09-05,21.225305557250977,21.236998804326653,20.909616134357073,20.909616134357073,29669600
2018-09-06,21.34612274169922,21.41237802287215,21.17463717271238,21.236995696593457,24705600
2018-09-07,21.08500099182129,21.240898086234726,21.03823245819521,21.13956601558741,32367000
2018-09-10,21.190229415893555,21.27597295884113,21.112280875645276,21.127870881043883,19864800
2018-09-11,21.13566780090332,21.268179885321786,21.092796025540746,21.182436334596638,18093400
2018-09-12,21.11617660522461,21.248688661839775,21.06940808134413,21.13176660876629,19619800
2018-09-13,21.27597427368164,21.283769276862667,21.010950112506038,21.10838542215163,17548400
2018-09-14,21.16294288635254,21.209711405276703,20.983662324856233,21.190224646287003,26135000
2018-09-17,21.233095169067383,21.264275171026945,21.100583134227893,21.123968135697567,28518200
2018-09-18,21.194124221801758,21.264277747968098,21.09279068989726,21.201919223236295,19535000
2018-09-19,20.73423194885254,21.18633167727268,20.63679664973833,21.18633167727268,51020000
2018-09-20,20.777103424072266,20.796590186270176,20.53546281523526,20.706949890764058,35629000
2018-09-21,20.86557960510254,20.940295612789114,20.649293661595596,20.743673118772314,40685200
2018-09-24,20.680753707885742,20.86951111963865,20.661091758765544,20.794795112937674,27053600
2018-09-25,20.397624969482422,20.63357295329132,20.362232846916644,20.62177457902862,40048000
2018-09-26,20.19706916809082,20.503799875047047,20.189204085846935,20.495934792803162,48164400
2018-09-27,20.405488967895508,20.51559712108825,20.201001326172506,20.248191820493176,32913600
2018-09-28,20.704355239868164,20.720083903878624,20.421218286125647,20.448745323282722,30854800
2018-10-01,20.63356590270996,20.680754883302594,20.55491660164848,20.641430982827174,25157400
2018-10-02,20.912769317626953,20.96782337786624,20.672889626489525,20.672889626489525,31666400
2018-10-03,20.661094665527344,20.987487267151614,20.48413409832827,20.8773791364992,49352600
2018-10-04,20.77120590209961,20.814463102784387,20.45661012454349,20.609975472345162,48151800
2018-10-05,21.08973503112793,21.156585977751632,20.724016969886158,20.739747133836794,60780000
2018-10-08,21.266695022583008,21.408261993793623,21.077936060746932,21.17231554166497,42978600
2018-10-09,21.353206634521484,21.447586109750567,21.21557146242789,21.247030287430338,36227600
2018-10-10,21.2352352142334,21.585223110153933,21.227370132288883,21.317816324484337,61168000
2018-10-11,20.845918655395508,21.345340030100633,20.739743815991563,21.294219255605626,85789600
2018-10-12,20.82232666015625,20.885245811060624,20.64929787008606,20.818393369412355,43738200
2018-10-15,20.92064094543457,21.054344347909694,20.794802625471053,20.81839637289477,36706000
2018-10-16,21.13692283630371,21.254896059088804,20.834123947751724,20.89704309991117,35875000
2018-10-17,21.097597122192383,21.19984017315498,20.98355569988391,21.10939399342747,28517000
2018-10-18,21.12905502319336,21.258826601557658,21.018946896176907,21.152650264744338,33038000
2018-10-19,21.45937728881836,21.573418686934662,21.066132329888045,21.132984752963644,59579200
2018-10-22,21.321744918823242,21.506569053418414,21.27062264750044,21.482975312893014,24500000
2018-10-23,21.203767776489258,21.498701500013123,21.117254904330725,21.36106636241285,37849200
2018-10-24,21.718923568725586,21.8211681200799,21.207705312286393,21.298151492262413,58326800
2018-10-25,21.3807373046875,21.577359869748367,21.2745609395413,21.577359869748367,59822400
2018-10-26,20.987483978271484,21.557689494286446,20.84198375698012,21.49477035804338,73786000
2018-10-29,21.282419204711914,21.37679866575724,21.03467593217539,21.03467593217539,49946400
2018-10-30,21.364999771118164,21.494769830133986,21.11332173221655,21.364999771118164,50131000
2018-10-31,21.11332893371582,21.317816566259463,20.98749062139835,21.18804646298064,50286000
2018-11-01,21.018951416015625,21.156586604382763,20.88131472753744,21.14478973112588,54054800
2018-11-02,20.900976181030273,21.132990833561177,20.763339505736166,21.077935263376993,48273200
2018-11-05,21.195907592773438,21.270623607995514,20.944229514955996,20.995351788587275,42506600
2018-11-06,21.337472915649414,21.384663395454155,21.1487154967623,21.17624252659309,26136200
2018-11-07,21.581289291381836,21.612748116092924,21.32567940259154,21.494774898232347,41450800
2018-11-08,21.5458984375,21.67173674393375,21.36500605951535,21.600952509050895,41168200
2018-11-09,21.577350616455078,21.671730067259233,21.42791861117168,21.471174296841834,40030200
2018-11-12,21.565561294555664,21.789710881032818,21.262762388236645,21.420061027920372,55327800
2018-11-13,21.656002044677734,21.703191024678762,21.396460404506147,21.56162408467568,47516000
2018-11-14,21.431859970092773,21.61275237311642,21.357143934090264,21.471183883754907,55155600
2018-11-15,21.254892349243164,21.341406730903707,21.066134925710703,21.32174478055649,68562400
2018-11-16,21.581289291381836,21.68353234683144,21.420058876946513,21.581289291381836,42812800
2018-11-19,21.675668716430664,21.695330670704976,21.459384219191353,21.54983040894194,29144000
2018-11-20,21.585220336914062,21.89195099278691,21.455450251779705,21.738585664850486,48856800
2018-11-21,21.266695022583008,21.538033592542053,21.207707659495362,21.510506556464076,37819400
2018-11-23,21.278493881225586,21.32961616733241,21.13692539669044,21.29422404619862,16235800
2018-11-26,21.40433120727539,21.416128080402054,21.188046699324115,21.30208663980757,32202000
2018-11-27,21.565561294555664,21.589156540541524,21.302086298102076,21.388600699939225,26366800
2018-11-28,21.549827575683594,21.65207212464495,21.475111559220107,21.589152979172866,24124400
2018-11-29,21.541963577270508,21.581288982735522,21.321747307109764,21.581288982735522,34979200
2018-11-30,21.860488891601562,21.880150840933286,21.538028122207464,21.59308218038052,36333600
2018-12-03,22.080711364746094,22.080711364746094,21.663871048916608,21.789709351787604,35813000
2018-12-04,22.0964412689209,22.340254307028136,22.04138719583571,22.135766678346734,44536000
2018-12-06,22.12003517150879,22.194751194714854,21.667802741291364,22.18688611330723,49395800
2018-12-07,22.202613830566406,22.33238540933184,21.939140382930972,22.08857241288358,39458800
2018-12-10,22.24587059020996,22.316654813592326,21.817233459777064,22.20261339813066,42296200
2018-12-11,22.336318969726562,22.411036490735043,22.155426603272808,22.27339982052044,52186800
2018-12-12,22.19474983215332,22.458224792745476,22.18295296082156,22.312724545914143,36594800
2018-12-13,22.3874454498291,22.485756732675668,22.20655304941809,22.210484840683055,36144000
2018-12-14,22.34418296813965,22.458224389334188,22.21441288548889,22.407102114296848,50311200
2018-12-17,21.62454605102539,22.40317107330585,21.538031659623954,22.38744091121271,60421600
2018-12-18,21.479040145874023,21.899812149730398,21.416121009786448,21.746446849273845,47270800
2018-12-19,21.44365119934082,21.695327780793868,21.3178129086143,21.522300506072586,55856800
2018-12-20,21.431859970092773,21.738590696968625,21.188048405143025,21.4633203011114,78047600
2018-12-21,21.340248107910156,21.978748947816413,21.276794542515958,21.594062369486963,71291600
2018-12-24,20.447921752929688,21.45921313153029,20.36463775883074,21.300578537186365,45330600
2018-12-26,20.72553825378418,20.75330060474256,20.15049102485457,20.451895058372457,61678200
2018-12-27,20.900035858154297,20.927796695169594,20.384475511345997,20.733469323210358,59461200
2018-12-28,20.95158576965332,21.16177533045933,20.872268469000517,20.947619072552257,42175200
2018-12-31,20.987279891967773,21.046768253962657,20.769158419406345,20.95951905979733,32604400
2019-01-02,20.62639045715332,20.923829283188816,20.50345004395066,20.904000330690206,50347800
2019-01-03,20.62242317199707,20.796920054210347,20.527242091702227,20.626388356952212,43175000
2019-01-04,20.927793502807617,20.93969057032733,20.499480917874877,20.527241750655488,38007000
2019-01-07,20.785024642944336,20.888136101366875,20.670014603004223,20.79692171160984,32535400
2019-01-08,21.04280662536621,21.066600763903832,20.68984460425269,20.804854650025003,33287000
2019-01-09,20.915897369384766,21.11815509051226,20.856409003425625,21.03090589053272,36149400
2019-01-10,21.189544677734375,21.229202587578875,20.91193477026603,20.939695609727632,50916200
2019-01-11,21.110219955444336,21.205401023745676,20.979347688488218,21.161776430476387,49685000
2019-01-14,20.63432502746582,21.114194212386558,20.439999149683796,20.860378443658465,46979600
2019-01-15,20.88813591003418,21.003145948920817,20.527243539582916,20.547074004313203,54186200
2019-01-16,20.96348762512207,20.971419508284846,20.7295023668023,20.848477588539872,36696400
2019-01-17,21.050737380981445,21.098327168358328,20.91589838937022,20.94762441000412,41571800
2019-01-18,21.07453155517578,21.145916992792237,20.979351980255217,21.078498253294512,28309400
2019-01-22,21.114194869995117,21.22920341818486,20.90797040246003,21.070570259747956,33828800
2019-01-23,21.328344345092773,21.3402429258008,21.082462028005057,21.11815474442521,28422200
2019-01-24,21.439388275146484,21.45921722500907,21.15384655599921,21.312481180603672,43848200
2019-01-25,21.145915985107422,21.471115624151114,21.11418996592979,21.371969355836526,36308200
2019-01-28,21.046770095825195,21.22919886972493,20.951590523726214,21.149883063926453,28367600
2019-01-29,21.106258392333984,21.20540466210203,21.03487295707283,21.145916295100395,25237000
2019-01-30,21.26885986328125,21.36007425699775,21.01901082049563,21.050738355450306,37157800
2019-01-31,21.717002868652344,21.780456434242875,21.1657497339248,21.260930838736765,46163200
2019-02-01,21.633710861206055,21.716993345864882,21.447316944996064,21.625778979878785,31124800
2019-02-04,21.669408798217773,21.681305866652856,21.38783375100588,21.538536506875754,36131400
2019-02-05,21.713029861450195,21.752687758339523,21.546464879092863,21.669405267160858,24592200
2019-02-06,21.701139450073242,21.788387152556503,21.594061280212088,21.681308982695345,18408400
2019-02-07,21.986677169799805,21.986677169799805,21.601990655555927,21.66940939568297,32150800
2019-02-08,22.08185577392578,22.09375284135029,21.887528433164622,21.935119728566484,29267400
2019-02-11,22.073925018310547,22.188935052125515,21.998574399355217,22.081856901282475,29458200
2019-02-12,22.125484466552734,22.236527817338242,21.95098604348729,22.077893162342782,29506600
2019-02-13,22.062026977539062,22.117548643042554,21.97081259666162,22.058060279802,26763600
2019-02-14,22.026338577270508,22.141348628545785,21.94702124836162,22.0778935551369,38188000
2019-02-15,22.093748092651367,22.177030572426517,22.014430796881495,22.09771478950823,18689000
2019-02-19,22.224632263183594,22.248426404058872,22.042203456495738,22.109622206112093,28978600
2019-02-20,22.323774337768555,22.363432240310615,22.09772096500439,22.21669618548258,28716800
2019-02-21,22.48637580871582,22.52206852876347,22.18100509560863,22.256355721108278,38200000
2019-02-22,22.62517738342285,22.62914408122222,22.422919668361555,22.526031118365914,30495000
2019-02-25,22.478445053100586,22.660873847898085,22.387230655701835,22.645010079780338,26160200
2019-02-26,22.450681686401367,22.557759839856228,22.33567164978111,22.52603230719463,27405400
2019-02-27,22.478445053100586,22.54983049677825,22.375332073187426,22.399127725364046,23912600
2019-02-28,22.609323501586914,22.664846705086383,22.37137296657105,22.490348234078983,25616200
2019-03-01,22.656906127929688,22.672768381420912,22.46654547036675,22.61724671207156,26836000
2019-03-04,22.696563720703125,22.74415350623036,22.474475533489343,22.684666652534318,24675200
2019-03-05,22.668806076049805,22.752088590653837,22.62914816800566,22.696566914251147,24091000
2019-03-06,22.668806076049805,22.752088590653837,22.589488747109296,22.692601728587622,22608600
2019-03-07,22.744152069091797,22.886922929504227,22.680698521447596,22.70845935398869,30257000
2019-03-08,22.82347297668457,22.84330192978682,22.609316652335107,22.771916488337,36031800
2019-03-11,22.98607063293457,22.994002515993724,22.815538929292742,22.831402695411054,28917600
2019-03-12,23.144710540771484,23.168504682517245,22.982110683148615,23.02573529348564,34204200
2019-03-13,23.168498992919922,23.224022173347088,23.08521649155714,23.101080257393473,31775200
2019-03-14,23.164531707763672,23.295405494770282,23.07728251642593,23.15659982556462,30310800
2019-03-15,23.248432159423828,23.32434312304998,23.068646564475312,23.200489435709002,35429800
2019-03-18,23.16054344177246,23.292386347285724,23.060661852355224,23.2604250311897,30017600
2019-03-19,22.8968563079834,23.16054364540037,22.812954613840454,23.124586211931142,45271600
2019-03-20,22.956783294677734,23.140565046613798,22.84092028947246,22.94080187518624,37761000
2019-03-21,23.200489044189453,23.24843176709522,22.93680178210021,22.972759205297457,30743600
2019-03-22,23.36829376220703,23.53209948287456,23.20049192509266,23.288388198060755,40905000
2019-03-25,23.388275146484375,23.460190018333748,23.292388142661135,23.388275146484375,27526000
2019-03-26,23.556068420410156,23.572049836924275,23.368292110620406,23.400253419576885,31399400
2019-03-27,23.392263412475586,23.600017261171047,23.284391133879566,23.58004125196552,34647000
2019-03-28,23.116592407226562,23.468175984740462,23.036686840872687,23.388270418386586,49497600
2019-03-29,23.240440368652344,23.268408607260593,23.028691951711817,23.084625380785038,43670200
2019-04-01,23.08063316345215,23.240442759520157,22.944794168554854,23.240442759520157,53363800
2019-04-02,23.112592697143555,23.156540828008765,22.968764528955155,23.128574112743937,49956200
2019-04-03,23.076637268066406,23.172524245882343,22.90484236976886,23.064651967366345,30901000
2019-04-04,22.99673843383789,23.136572053879117,22.860899406909777,23.11659604016925,32529200
2019-04-05,23.212478637695312,23.224465463692816,22.924820722978648,22.996735582675807,30838600
2019-04-08,23.04867172241211,23.192501434413863,22.988743691792635,23.160540122897853,29363400
2019-04-09,23.104610443115234,23.128581049633567,23.000732734628688,23.068653009265606,25987800
2019-04-10,23.03269386291504,23.30836648588428,22.980755012533464,23.15255145881158,33782400
2019-04-11,23.14855194091797,23.156542649346655,23.00072764516677,23.02869436263127,34840000
2019-04-12,23.256427764892578,23.280399893834065,22.94879230180095,23.064655305576764,31853200
2019-04-15,23.252437591552734,23.356313788564897,23.192508019844585,23.27640820097814,30506200
2019-04-16,22.964773178100586,23.30437147175117,22.88886372435544,23.252432622308707,39377400
2019-04-17,22.876874923706055,23.000728623511154,22.85689891382055,22.94079906978278,30389600
2019-04-18,22.88886260986328,23.048672219030436,22.876875784223603,22.932810747707624,32078800
2019-04-22,22.8688907623291,22.95678552994642,22.820946499186352,22.88087606607869,21371000
2019-04-23,22.93281364440918,23.004728511043318,22.765011780905485,22.876878673859874,34136400
2019-04-24,23.08063316345215,23.16053872352205,22.952784876969023,22.98874230279689,32856800
2019-04-25,23.176515579223633,23.26840795190909,22.952781869232165,22.976752467261772,30506600
2019-04-26,23.212478637695312,23.444204635402144,23.188508033844236,23.304371032697652,29034800
2019-04-29,23.076637268066406,23.2004909635637,22.98075181432228,23.192500255073053,41551800
2019-04-30,23.456192016601562,23.472173436633597,23.040684240201298,23.08063779028138,44033400
2019-05-01,23.216472625732422,23.45219319444456,23.196496616330748,23.388269049916108,52825400
2019-05-02,23.16453742980957,23.296381855951783,22.99274097857266,23.17252813964292,46927600
2019-05-03,23.292387008666992,23.33234056001162,23.128581258334382,23.164538692508472,32142600
2019-05-06,23.16453742980957,23.356309893593828,23.11659469488152,23.292385738999076,26779000
2019-05-07,23.092620849609375,23.184511719757374,22.984748560982084,23.128578279151803,25084400
2019-05-08,22.776996612548828,23.08862820287065,22.757020599802168,23.06465607313141,57384800
2019-05-09,22.749027252197266,22.87687554783871,22.63716037452898,22.77699397161434,32347600
2019-05-10,23.156543731689453,23.168530556928648,22.701083998468626,22.745032134844646,50316000
2019-05-13,23.404253005981445,23.456190331245644,23.052669410898922,23.08463072459443,40192600
2019-05-14,23.248432159423828,23.42821927844405,23.204485551727068,23.40824327056885,35218800
2019-05-15,23.20848274230957,23.348316337164746,23.180516023338534,23.260421587858012,29155000
2019-05-16,23.364295959472656,23.43621080960676,23.12058469224839,23.184508834137397,27816600
2019-05-17,23.484153747558594,23.576044607101252,23.228457177688277,23.260420010957954,20954200
2019-05-20,23.51611328125,23.663937554201393,23.45618373931404,23.5360892872048,18237400
2019-05-21,23.56006622314453,23.75183866282691,23.496142076583737,23.552075514315447,23008800
2019-05-22,23.735862731933594,23.759834863962222,23.524114233266815,23.596029105280483,18515800
2019-05-23,23.93961524963379,23.943611366128263,23.735857506500352,23.759829633251535,30329000
2019-05-24,23.90365982055664,24.0794508480091,23.87569157675528,23.955597143441643,17424800
2019-05-28,23.512123107910156,23.95559756291661,23.472171085903355,23.935621551913208,32795800
2019-05-29,23.200489044189453,23.59202458340853,23.144555613454113,23.568053983991486,40238200
2019-05-30,23.16453742980957,23.332339288165837,23.092622565381465,23.20449097897633,33645200
2019-05-31,23.27240753173828,23.336331680304642,23.068649784455477,23.172525954348846,36514000
2019-06-03,23.504135131835938,23.536096446271102,23.22846098396351,23.348318580221424,40670800
2019-06-04,23.524106979370117,23.556068288147138,23.088623288271943,23.528101571440335,37057800
2019-06-05,24.027511596679688,24.107417162021274,23.528103718384642,23.61200387616096,63510600
2019-06-06,24.175336837768555,24.219284976611302,23.99155509721884,24.05947536381362,51022400
2019-06-07,23.99555206298828,24.447015721087407,23.983565236652122,24.299191404898846,37986200
2019-06-10,23.831743240356445,23.971576828896282,23.711884136954517,23.923634101978596,27400600
2019-06-11,23.68791961669922,23.887682808223268,23.552080585499976,23.823758647898458,36072200
2019-06-12,23.99555206298828,24.03150949385274,23.77980747780151,23.80777419913253,24700400
2019-06-13,24.04349136352539,24.115406214987324,23.88368024381625,24.051482071918027,32424000
2019-06-14,24.29519271850586,24.33913932742689,24.063466753297295,24.071457461484325,28485400
2019-06-17,24.227275848388672,24.367110975105664,24.07545541975124,24.29519611543909,22924200
2019-06-18,24.12739372253418,24.37509960907702,23.963587995680893,24.335147587531115,46290600
2019-06-19,24.31117820739746,24.41505591367039,24.011533439726637,24.019524149753178,43191800
2019-06-20,24.466989517211914,24.522922951324617,24.18732082257662,24.43902127608379,38275600
2019-06-21,24.561628341674805,24.605925773045264,24.27167258004534,24.444840433658683,30116400
2019-06-24,24.569684982299805,24.64217393356283,24.477060552627837,24.605929457931317,19774400
2019-06-25,24.42068099975586,24.589822400894313,24.36430104478923,24.589822400894313,24290800
2019-06-26,23.88909912109375,24.41262930975279,23.88104462142346,24.360277366254,33777000
2019-06-27,23.921310424804688,24.03407031615265,23.828684472639374,23.965607856235458,28271000
2019-06-28,24.01393699645996,24.146832375158876,23.881040081522606,23.929365534118716,32266400
2019-07-01,23.95353126525879,24.054210197040934,23.736064403912103,24.03004670036733,35846800
2019-07-02,24.279733657836914,24.320004619538373,24.038103278911997,24.042131296825374,42719000
2019-07-03,24.448871612548828,24.597877538819517,24.332083682089724,24.352220697591264,31573200
2019-07-05,24.436790466308594,24.473034943231223,24.062264716854283,24.29584057618647,31892800
2019-07-08,24.473031997680664,24.54954742364641,24.31999960951077,24.45289652097793,18836400
2019-07-09,24.505247116088867,24.513301613578165,24.29986280694584,24.43275817492349,34965400
2019-07-10,24.561628341674805,24.69452370826278,24.448866914242068,24.533436832637896,22972000
2019-07-11,24.569684982299805,24.662310948210305,24.360274163360547,24.533440506668295,39996000
2019-07-12,24.408597946166992,24.589820311906113,24.32000000375266,24.56163033681763,22490600
2019-07-15,24.505247116088867,24.541491586671555,24.31999828254993,24.412622699319396,18690600
2019-07-16,24.364299774169922,24.529413149206494,24.235430873470087,24.444843221166938,28749200
2019-07-17,24.456928253173828,24.597879692834614,24.36430381146237,24.448873753515606,26709400
2019-07-18,24.670364379882812,24.67439239738434,24.32403015044054,24.46095355695997,29466400
2019-07-19,24.311946868896484,24.682446119208453,24.29986588924929,24.613983649984483,30616600
2019-07-22,24.259592056274414,24.39651544224772,24.118640653404004,24.37235194958008,26353000
2019-07-23,24.106563568115234,24.303893413266593,24.062264592523295,24.287785951791996,33581200
2019-07-24,24.12669563293457,24.23542904775361,23.94144679416363,24.175021082996913,27121400
2019-07-25,24.066286087036133,24.22334647783709,23.945471701698537,24.050178628899175,28296600
2019-07-26,24.15488624572754,24.247510667562953,24.034071849256932,24.08642531768161,27758000
2019-07-29,24.279733657836914,24.315978137863713,24.08643027644021,24.223353696959382,33243400
2019-07-30,24.094484329223633,24.3361131674291,23.97366837388221,24.22335324776504,37991200
2019-07-31,23.981714248657227,24.21931651981261,23.836736383377584,24.102528624310885,48762000
2019-08-01,24.227373123168945,24.36429650381346,23.860901947949547,23.941445384135427,58986200
2019-08-02,24.223352432250977,24.424710302722758,24.170998955781492,24.263623391849876,29878600
2019-08-05,23.87701416015625,24.340136292219505,23.748145259387478,24.27570184183512,53153600
2019-08-06,24.175024032592773,24.267648463279357,23.635384909633764,23.90117722176351,54071800
2019-08-07,24.235429763793945,24.380407654502726,23.840768581441374,24.18307629520724,49909400
2019-08-08,24.48511505126953,24.54954950392135,24.09045383674732,24.223350759475867,34115000
2019-08-09,24.51329803466797,24.6220314305411,24.424701647697265,24.505243538354616,23627000
2019-08-12,24.464981079101562,24.581769011797835,24.3401386472981,24.517334555178966,27249600
2019-08-13,24.481088638305664,24.56968505079973,24.31597525691034,24.46095315984058,35494400
2019-08-14,24.279733657836914,24.638150440191552,24.215299197371348,24.513308000935076,40581000
2019-08-15,24.59384536743164,24.67841528779567,24.219319678689974,24.36429756287879,44171600
2019-08-16,24.718687057495117,24.795202478043276,24.569681160720606,24.605925630714637,32243000
2019-08-19,24.875747680664062,24.960317604572094,24.626064389785792,24.666335343197694,28468000
2019-08-20,24.83547592163086,24.936154844360814,24.730770517936623,24.932128363396533,31048800
2019-08-21,25.000591278076172,25.000591278076172,24.775069934070565,24.79520541172999,28795800
2019-08-22,25.02475357055664,25.05697156423223,24.81131473929058,24.984482614700646,29834200
2019-08-23,24.758955001831055,25.15361610704748,24.634112612290288,25.07307267948047,42595800
2019-08-26,25.044889450073242,25.05294394862129,24.75896166469082,24.81936963568193,25701400
2019-08-27,25.089183807373047,25.26637967034775,25.060993835761295,25.16570076138057,38448800
2019-08-28,25.020723342895508,25.20597217007575,24.93212540979267,25.11737423697291,31791600
2019-08-29,25.193893432617188,25.201947930546222,24.960317601390415,25.161675440901053,35467000
2019-08-30,25.201946258544922,25.290542657409638,25.12542930141475,25.270407182042128,24166000
2019-09-03,25.64896011352539,25.65298813046301,25.165702545218444,25.193892518828406,42728200
2019-09-04,25.673124313354492,25.785884210899216,25.5120374286577,25.721449764268176,31633200
2019-09-05,25.39525032043457,25.560363681196094,25.30665238277383,25.503983734044112,58664800
2019-09-06,25.294574737548828,25.516068074648782,25.218057768126968,25.459688120067543,25326400
2019-09-09,25.16972541809082,25.28651331272791,25.12139997543476,25.242214350193972,33649800
2019-09-10,25.201946258544922,25.201946258544922,24.984479437603863,25.129457318231236,38336000
2019-09-11,25.451629638671875,25.471765114123126,25.05294046528857,25.165701893044524,45377000
2019-09-12,25.508012771606445,25.681180647353134,25.391224848663146,25.604665216582607,47199400
2019-09-13,25.346923828125,25.53217420468012,25.270408403534613,25.36303282369299,49998200
2019-09-16,25.367061614990234,25.407332568901033,25.226110203825595,25.387197091945634,23926000
2019-09-17,25.588550567626953,25.648956988185592,25.399273736819268,25.411354713683366,34658200
2019-09-18,25.69729232788086,25.777835784399347,25.52412443404964,25.685209810847958,41925400
2019-09-19,25.818099975585938,25.842261930839676,25.681176596274486,25.777829026004202,30041400
2019-09-20,25.920366287231445,25.94877426844612,25.721510418728734,25.851375918029774,36989200
2019-09-23,25.924428939819336,26.021828851447633,25.859496181440164,25.912252983291378,17616600
2019-09-24,26.228801727294922,26.318084856535346,25.99747866346217,26.01777140964894,53815800
2019-09-25,26.212568283081055,26.24097936638256,26.070528347765386,26.20851221081373,32467600
2019-09-26,26.35055160522461,26.423601155635783,26.22880132245988,26.277502054813432,26746800
2019-09-27,26.25720977783203,26.40330888126337,26.111110674400692,26.38707530352229,33229600
2019-09-30,26.2734432220459,26.407367915550388,26.200393670701484,26.27750239052013,21670400
2019-10-01,26.212568283081055,26.257209847928607,26.070528347765386,26.18416029601792,47566800
2019-10-02,25.863555908203125,26.20039413594438,25.79862314453498,26.15575257065018,29720600
2019-10-03,25.924428939819336,25.93660334822822,25.737745904875027,25.87167058984905,59569200
2019-10-04,26.285619735717773,26.34243881019103,25.920373497872408,25.956898276468873,37167000
2019-10-07,26.184162139892578,26.293738023594067,26.11923092042087,26.261270865738915,25731800
2019-10-08,25.940664291381836,26.1882209482022,25.928489881413384,26.167931297000962,43191800
2019-10-09,26.06646728515625,26.167924804706352,25.94877464281071,26.009648225669437,17954000
2019-10-10,26.038066864013672,26.094882843759944,25.810799848789905,26.005599705233323,31210600
2019-10-11,25.940664291381836,26.102996982184482,25.851382704747724,26.0137138474311,32154600
2019-10-14,25.774272918701172,26.025887185777655,25.69716574521042,26.013712776310484,19892000
2019-10-15,25.693111419677734,25.851384955524964,25.628178647327093,25.790509804143994,31726600
2019-10-16,25.749923706054688,25.76209811533571,25.55918303734965,25.67687415413017,32355000
2019-10-17,25.814857482910156,25.86761583873188,25.68904957229505,25.749924717329286,25999600
2019-10-18,25.90007781982422,25.95689378823477,25.6890459742143,25.753978730700503,29105800
2019-10-21,26.001541137695312,26.00965637945875,25.822976404631525,25.904142755340292,22924800
2019-10-22,26.11111068725586,26.228801803757843,25.98530432999852,26.062413050247013,31182600
2019-10-23,26.216629028320312,26.281563343363285,26.102997073233666,26.171987460787907,25821800
2019-10-24,26.305912017822266,26.350553585107647,26.188220894637034,26.228803293195053,22922400
2019-10-25,26.038066864013672,26.362729163101125,25.932550146096876,26.326205931652243,33850200
2019-10-28,25.680932998657227,25.97313122028358,25.648467389653888,25.904140833576946,50137200
2019-10-29,25.705284118652344,25.762100097160108,25.591652161636823,25.66470171918089,39544800
2019-10-30,25.932546615600586,25.997477828082772,25.721514756616532,25.725572376851996,39360600
2019-10-31,26.074596405029297,26.107063571666096,25.87168125790845,25.956905248150473,34491800
2019-11-01,26.00965690612793,26.171989610832536,25.9650168830476,26.090824806599638,31381800
2019-11-04,25.67687225341797,26.00153604453882,25.583531510228166,25.98530246795301,48685600
2019-11-05,25.413087844848633,25.632236534351524,25.344097450812217,25.55107018104089,43993800
2019-11-06,25.51048469543457,25.61599985830301,25.417143942249616,25.45772633994073,35543800
2019-11-07,25.165523529052734,25.5064208710386,24.99913325190005,25.376555364388647,45689400
2019-11-08,25.06001091003418,25.197993218265207,24.950436587487268,25.08841889571829,31943000
2019-11-11,24.905799865722656,25.09654056220645,24.881451043614536,25.068132571000703,18546400
2019-11-12,24.966676712036133,25.015375907677615,24.893627144514156,24.90986072576782,25337000
2019-11-13,25.33597755432129,25.39279353023692,25.023488138666103,25.05595529525745,33593800
2019-11-14,25.425264358520508,25.555129907401472,25.34409800344004,25.417147568200512,33672000
2019-11-15,25.506420135498047,25.518596090727137,25.36032260581915,25.437429764381807,19931600
2019-11-18,25.559185028076172,25.7702169113926,25.514543459743173,25.559185028076172,32981600
2019-11-19,25.49424934387207,25.6362892740307,25.36032620231095,25.48613255527456,36104800
2019-11-20,25.64846420288086,25.684988976046018,25.4698979571316,25.530773095113222,39359000
2019-11-21,25.559185028076172,25.668759364497355,25.473961060232796,25.644408995919544,28418000
2019-11-22,25.567298889160156,25.628174029572474,25.38467501604233,25.615998072618535,22970400
2019-11-25,25.482080459594727,25.664704372334096,25.42526447521347,25.59165480723835,40797400
2019-11-26,25.567298889160156,25.60382366378372,25.46584135388571,25.52265732594034,32300200
2019-11-27,25.6119384765625,25.640346460398295,25.486130585204673,25.506421781070383,25056400
2019-11-29,25.58759117126465,25.758040642773118,25.563242352562863,25.66064072360839,10243000
2019-12-02,25.42119598388672,25.530770291348855,25.36843763997112,25.46583754042154,37401200
2019-12-03,25.490196228027344,25.53889542009896,25.42932107684827,25.486137058951723,25801800
2019-12-04,25.68499183654785,25.72557423430916,25.46178555262217,25.482076751502827,39195400
2019-12-05,25.72963523864746,25.73369285946539,25.57947695035519,25.64440972027748,24899400
2019-12-06,25.65251922607422,25.802677471729492,25.632228031507506,25.632228031507506,19164400
2019-12-09,25.563241958618164,25.713398681402214,25.518600394193914,25.709339512935006,23166400
2019-12-10,25.559185028076172,25.611943385935106,25.494252259987984,25.559185028076172,25197600
2019-12-11,25.628175735473633,25.672815753545716,25.498310205527567,25.59165095841885,23980200
2019-12-12,25.518598556518555,25.69716325323736,25.409024237582337,25.595705722531868,48234200
2019-12-13,25.717456817626953,25.762098382946682,25.433375395871657,25.530775315489176,38669200
2019-12-16,26.038066864013672,26.054297347165168,25.717459089475412,25.717459089475412,41547800
2019-12-17,26.123289108276367,26.285618698979423,26.029946807007484,26.05429562636525,33694600
2019-12-18,26.228801727294922,26.26532805118344,26.00559700043222,26.143577766539526,25615800
2019-12-19,26.236919403076172,26.27344262980592,26.074586726387967,26.22880106631071,33803200
2019-12-20,26.41728973388672,26.560442128521196,26.229150242002152,26.229150242002152,45942200
2019-12-23,26.171890258789062,26.474550709049215,26.102359501749447,26.462278097473458,32956000
2019-12-24,26.20870018005371,26.220969671156915,26.069640226780894,26.2005184390383,9025600
2019-12-26,26.253692626953125,26.27823161124629,26.143260956793522,26.233241393095366,13317000
2019-12-27,26.331396102905273,26.331396102905273,26.204607211098782,26.253688292001133,20603400
2019-12-30,26.32731056213379,26.33139831223722,26.188249048119033,26.220969771466024,23868600
2019-12-31,26.4295597076416,26.462277309609732,26.290498197702664,26.32321892009063,21616800
2020-01-02,26.0982723236084,26.48273149326354,26.000111705712357,26.474552871964786,38215400
2020-01-03,26.151437759399414,26.24550749419248,26.057368024606344,26.11871859783264,35978600
2020-01-06,26.175981521606445,26.253692465283166,26.077820904407986,26.118721811661544,20889000
2020-01-07,26.13917350769043,26.151443000710803,25.991933350605137,26.110543650502755,26140600
2020-01-08,26.12689971923828,26.241420689371186,26.085998815544407,26.15143870124466,25482800
2020-01-09,26.27005386352539,26.298683719626183,26.090092984937375,26.094182295718856,23286200
2020-01-10,26.339580535888672,26.433648716709925,26.29459032056721,26.306859811942157,21165800
2020-01-13,26.499088287353516,26.576799221116296,26.331396929322207,26.331396929322207,25342200
2020-01-14,26.576801300048828,26.584979920885836,26.38048007534056,26.499090360207223,22990000
2020-01-15,26.948986053466797,26.993976263539597,26.62996683325574,26.6340577033768,31771800
2020-01-16,27.116680145263672,27.145309998166283,26.961258269146704,26.969440010215983,21797600
2020-01-17,27.304826736450195,27.34163521958961,27.034885378411516,27.10850546511109,26517600
2020-01-21,27.554309844970703,27.566579336228205,27.25573870255172,27.366170364709134,47753000
2020-01-22,27.64019775390625,27.71790556737078,27.566577690336857,27.607477032226573,21683200
2020-01-23,27.88559913635254,27.89377775721095,27.60747922086627,27.63610907450074,25938600
2020-01-24,27.959218978881836,28.061468901092372,27.766988625858836,27.81197884126507,28803000
2020-01-27,27.88968276977539,28.139172766885935,27.811971849895947,27.9428515926081,22544400
2020-01-28,28.004207611083984,28.12281788859303,27.84878574104188,27.91831805573326,35056800
2020-01-29,28.077829360961914,28.118728705904683,27.910137990150556,28.020569653958034,21599600
2020-01-30,28.339588165283203,28.3559485269126,27.991939061813312,28.061468258423307,28808600
2020-01-31,28.21280288696289,28.400942389236572,28.06556273380604,28.286422963541316,40949000
2020-02-03,28.302780151367188,28.335500878764638,28.192351596926194,28.257789931300778,27095800
2020-02-04,28.02057456970215,28.37231461467292,27.991944711177577,28.286425039099203,41384200
2020-02-05,28.135086059570312,28.204615250580485,27.89786551567948,27.959216086743616,32610200
2020-02-06,28.143260955810547,28.302770547220376,28.073731773999953,28.16371218359919,29908200
2020-02-07,28.05328941345215,28.24961065285201,28.045110792003097,28.208711304766275,21392800
2020-02-10,28.159624099731445,28.159624099731445,27.996023622495375,28.098273530715474,16279600
2020-02-11,28.261882781982422,28.355954099734394,28.192353571707788,28.208713936552503,20539400
2020-02-12,28.282331466674805,28.368221034045693,28.12690957488156,28.216890013199702,16094800
2020-02-13,28.597253799438477,28.613614159328378,28.261874222744414,28.306864432336752,27175200
2020-02-14,28.78949546813965,28.814034457430907,28.609534558881588,28.650437034928103,21108200
2020-02-18,29.030803680419922,29.079881653439475,28.818122062600324,28.899923885000348,30069600
2020-02-19,28.715869903564453,28.957181360452,28.715869903564453,28.91627889220582,22391000
2020-02-20,28.81812286376953,28.834483228704368,28.58499312418406,28.7240546659199,28810200
2020-02-21,28.764944076538086,28.953083527634643,28.736314227902074,28.764944076538086,23457200
2020-02-24,28.42957305908203,28.801761203240595,28.417303566037962,28.642251552826867,40884200
2020-02-25,27.832427978515625,28.507274917963418,27.783346896198434,28.458196956065983,56276600
2020-02-26,27.55021858215332,28.081919412154353,27.546127711652414,27.83242935873755,52384600
2020-02-27,26.310951232910156,27.591119160001178,26.302769491542392,27.439788148898003,87206200
2020-02-28,25.431594848632812,25.738344543757645,24.8262756374783,25.709714697029433,180526200
2020-03-02,26.92853546142578,26.965347052548434,25.50112755647223,25.56247812806352,84351600
2020-03-03,26.597244262695312,27.501133030547567,26.490903489883458,26.94489330872781,126558000
2020-03-04,28.10645866394043,28.14326713754195,26.932628452512823,26.94898881425348,62856400
2020-03-05,27.67291831970215,28.04919725563955,27.345717345588042,27.644285348078895,67070200
2020-03-06,27.447975158691406,27.558403724991756,26.425475720863297,26.940816311246444,70997800
2020-03-09,25.95511817932129,26.687227948843383,25.54611851727005,25.991928211314296,74339400
2020-03-10,26.196426391601562,26.683133807900383,25.02668569166899,26.380474968797504,81616800
2020-03-11,24.879451751708984,25.627920368891306,24.52771177065314,25.611560006932898,64307800
2020-03-12,22.368188858032227,23.94283834537173,22.09006898910498,23.517478362281857,77766400
2020-03-13,23.587007522583008,23.627908421031524,21.942830410196255,23.627908421031524,54277200
2020-03-16,20.90806007385254,23.112567769303755,20.826259838059766,21.456119625391466,56293400
2020-03-17,23.582921981811523,23.783332515714044,21.284344168782773,21.517473866463465,77946000
2020-03-18,22.556331634521484,22.90807002782509,21.362051828643402,22.171870959653326,85692800
2020-03-19,21.243446350097656,22.44590660778918,21.178006452824054,22.347745981773663,65459000
2020-03-20,19.558364868164062,21.439762800493952,19.419304912455505,21.439762800493952,56358400
2020-03-23,18.56032943725586,19.49392198322496,17.944818156895995,19.49392198322496,64018000
2020-03-24,20.555574417114258,20.642325429318955,19.138662228836285,19.270852296406414,54902800
2020-03-25,21.08020782470703,21.96422963457698,19.96485414733028,20.584495779575214,61255000
2020-03-26,22.877166748046875,23.1250227407573,21.09259918820792,21.307408450610936,61794400
2020-03-27,23.0010986328125,23.831417767007537,22.075766390325228,22.18730207864938,50186200
2020-03-30,23.85207176208496,23.996654174254683,23.100238491312087,23.199381842392828,59519000
2020-03-31,22.889558792114258,23.666176642617124,22.81520168005388,23.666176642617124,67456400
2020-04-01,21.513954162597656,22.286440143592497,21.10085981916065,21.984881461983065,53420600
2020-04-02,22.187299728393555,22.340145790182405,21.162825810914313,21.282623564479604,53121600
2020-04-03,21.3941593170166,22.21621628912304,21.228920926971753,21.94357404863009,31872000
2020-04-06,23.04653549194336,23.277867332734573,22.179036361486368,22.179036361486368,41379600
2020-04-07,22.75737190246582,23.70335851250933,22.728455418825202,23.666179951281368,49163200
2020-04-08,23.996652603149414,24.1949377164987,22.703666752198234,22.893689788845883,64925600
2020-04-09,25.128538131713867,25.520976629500147,24.269300851549772,24.360182141983003,87722800
2020-04-13,24.331256866455078,25.00046924529946,24.087531146727272,25.00046924529946,27830400
2020-04-14,25.04590606689453,25.083084614280505,24.616287647285425,24.855881504794237,34175600
2020-04-15,24.219722747802734,24.65347151027446,24.083400852718235,24.35604306705731,25671600
2020-04-16,24.223854064941406,24.426271003452687,23.984260145220492,24.3229974089904,20800000
2020-04-17,25.00459861755371,25.136788673528997,24.40561311584122,24.74021850560314,21555000
2020-04-20,24.058612823486328,24.847622876671057,24.02143427330151,24.847622876671057,28761000
2020-04-21,23.66204261779785,23.947078712820264,23.3976624998517,23.62486406522231,40783200
2020-04-22,24.351911544799805,24.55019663797714,23.947079282584014,24.108185822301234,31190800
2020-04-23,23.94294548034668,24.492361661035243,23.8066251794655,24.426266635432004,24830400
2020-04-24,24.091663360595703,24.194936952359516,23.67443874323508,23.984259518526517,23973800
2020-04-27,24.34364891052246,24.52127959788727,24.207327025685828,24.232113252700618,25481000
2020-04-28,24.43453025817871,24.9508981708551,24.322994599941033,24.686516475867748,28643400
2020-04-29,24.21146011352539,24.843493964965862,24.11231677612792,24.831101638727386,23575600
2020-04-30,23.653785705566406,24.075142201458032,23.43484616806758,24.037963640766705,38733800
2020-05-01,23.083717346191406,23.39353817079268,22.951527253761277,23.377014015281365,26918600
2020-05-04,23.257213592529297,23.315046554376554,22.823464802844857,22.96391695697249,24027600
2020-05-05,23.447235107421875,23.72813939741595,23.310914788476765,23.339831267520573,23653600
2020-05-06,22.64996337890625,23.546377338737035,22.61691507536584,23.52985318696683,48150400
2020-05-07,22.740848541259766,23.112634166519797,22.703669978733764,22.910217198138174,42266200
2020-05-08,23.199382781982422,23.290264059501343,22.910216370101452,23.01762180277475,26553200
2020-05-11,23.100236892700195,23.18698790982868,22.69127434039018,23.01761927765211,31326400
2020-05-12,22.897823333740234,23.26134685674703,22.852382696385618,23.158073253970223,43734400
2020-05-13,22.703662872314453,22.85237707586979,22.443414591922348,22.85237707586979,39645000
2020-05-14,22.947389602661133,23.013484632100532,22.166641574961442,22.476462320926704,46233200
2020-05-15,22.641700744628906,22.79454520515923,22.294701445161532,22.78628312947789,69347600
2020-05-18,23.571170806884766,23.71988349100802,23.174598921731764,23.174598921731764,45994600
2020-05-19,23.182857513427734,23.53811895303396,23.178727262752584,23.472023911420944,32655800
2020-05-20,23.3109130859375,23.57116295415405,23.22003182939176,23.422448743744592,23583200
2020-05-21,23.075454711914062,23.41419201257555,23.03001407326896,23.248953613107926,33868200
2020-05-22,23.331567764282227,23.352222165788874,23.00109261268641,23.0754497187742,23838000
2020-05-26,23.484416961669922,23.938821765588447,23.45963230519646,23.752928962886784,35071800
2020-05-27,23.76531982421875,23.938820287974437,23.438976452763843,23.897509903351633,32984600
2020-05-28,24.46757698059082,24.570850563106816,24.0503524005913,24.07100680192854,42582000
2020-05-29,24.65760040283203,24.785660214572733,24.265162043431836,24.40974443101824,29511800
2020-06-01,24.950904846191406,25.103749348003113,24.508893920751706,24.649344517779056,29112800
2020-06-02,25.11200523376465,25.128529385515755,24.777398252039056,25.04591020259007,27998600
2020-06-03,25.41356658935547,25.591197299818976,25.227673802145983,25.248328206095923,25682800
2020-06-04,24.95915985107422,25.330945396115297,24.636946762591872,25.277242689424945,43679200
2020-06-05,25.277244567871094,25.7605658123419,25.161578645631586,25.18636487575291,44260000
2020-06-08,25.954715728759766,26.037333328425024,25.140919450253417,25.32268037567857,31919000
2020-06-09,25.43421745300293,25.731645871137715,25.15331318606003,25.719251969828907,37283600
2020-06-10,25.285503387451172,25.603586208466297,25.202884206852602,25.43421759736264,25052000
2020-06-11,24.298206329345703,24.921979597863913,24.120575656257447,24.851752748214526,69420400
2020-06-12,24.236242294311523,24.7897887300727,23.938815464111446,24.76087225457866,46404800
2020-06-15,24.401479721069336,24.579110392831804,23.600077361274003,23.806624507432254,33434000
2020-06-16,24.513017654418945,25.128528900719097,24.38082759462009,24.992207015147255,34226600
2020-06-17,24.438657760620117,24.62041867814916,24.20319414497786,24.616288428677205,24374400
2020-06-18,24.43453025817871,24.500625287968095,24.157756237552665,24.28581604719514,26507600
2020-06-19,23.748794555664062,24.73195796085211,23.711616001630574,24.628684374740182,58531600
2020-06-22,23.980392456054688,24.13034826578914,23.51386450609235,23.734631898764604,25906400
2020-06-23,23.738798141479492,24.25531082996767,23.672151291707266,24.22615293250396,25244400
2020-06-24,23.52219581604004,23.66798530542601,23.238946303244784,23.559684768880185,28538400
2020-06-25,23.230613708496094,23.4847053065723,22.959860001598393,23.472207930463107,43502400
2020-06-26,22.98485565185547,23.459714681745957,22.830735101045786,23.197292000864145,57463400
2020-06-29,23.418060302734375,23.430556090840547,22.922372854705817,23.168133417706972,29730600
2020-06-30,23.50552749633789,23.63465643067047,23.28476015959475,23.422218557703513,33743800
2020-07-01,24.05537223815918,24.15950804871398,23.48470844123505,23.526362129862424,39777400
2020-07-02,24.117856979370117,24.376113372677388,24.05537485065691,24.22615753495493,24295200
2020-07-06,23.822107315063477,24.363614798059317,23.62633307284407,24.205327921999626,30775400
2020-07-07,23.726299285888672,23.81377297282767,23.447216116420588,23.559682966336215,22681000
2020-07-08,23.938735961914062,24.01787859043856,23.642989110088706,23.688809112018806,24359400
2020-07-09,23.617998123168945,23.834600762855974,23.288928636587524,23.822103387210312,35750400
2020-07-10,24.063697814941406,24.1303446549631,23.609665720735492,23.617996774361455,27166400
2020-07-13,24.088693618774414,24.32612311171353,23.976226765963332,24.063700455154336,35531600
2020-07-14,24.313627243041992,24.4552520010319,24.06370194728864,24.092859845493656,67894200
2020-07-15,24.217823028564453,24.72183995323097,24.17200301923362,24.542726238021164,26940400
2020-07-16,24.526063919067383,24.592710767122476,24.176167569531593,24.238648095778508,30126400
2020-07-17,25.080060958862305,25.146707794728798,24.638526267116525,24.659353105389943,45901600
2020-07-20,24.750993728637695,25.063401097680327,24.709340048359763,24.992589523410633,24255200
2020-07-21,24.86346435546875,25.15088019567308,24.734336973567135,24.8134796137322,30216000
2020-07-22,25.246685028076172,25.338325045712722,24.509403331875724,24.75099757520896,29694200
2020-07-23,25.27583885192871,25.45495253626032,25.125883061419824,25.238349904301487,38277400
2020-07-24,25.109220504760742,25.58407944022254,24.967595770589153,25.32582313284588,35397000
2020-07-27,24.805147171020508,25.134216679432882,24.626033468415606,25.117554570124007,22638600
2020-07-28,25.180036544799805,25.39247287584888,24.721838075283973,24.74266650629675,37792000
2020-07-29,25.296669006347656,25.363315856529752,25.109224243652307,25.225857423210662,18205600
2020-07-30,25.296669006347656,25.3008353282888,24.9884279201253,25.113390565593452,25475800
2020-07-31,25.33832550048828,25.404972353878424,24.98426280080175,25.230023370612845,24228000
2020-08-03,25.063404083251953,25.325826749423843,24.93011038370127,25.321662016494365,19303800
2020-08-04,25.33832550048828,25.45079077453276,24.98426280080175,25.04674492103653,41663600
2020-08-05,25.013416290283203,25.409132607708663,24.91344682231457,25.392470500051875,23658600
2020-08-06,25.159212112426758,25.20086580046936,24.85930047376372,24.988429449073937,27576000
2020-08-07,25.613239288330078,25.713208755651944,25.05507139732721,25.05923612972144,30942200
2020-08-10,25.60491180419922,25.80485235570319,25.521602843826,25.696550230522128,21208600
2020-08-11,25.050907135009766,25.68405297303856,24.9842602883218,25.634068235269126,50996000
2020-08-12,25.413305282592773,25.584087966984736,25.117559929692206,25.12589098612432,34570600
2020-08-13,25.371644973754883,25.425796031950444,25.175869171115185,25.309162861299537,31627200
2020-08-14,25.150876998901367,25.350817529420667,25.084230155394934,25.317493313174406,17336600
2020-08-17,25.117555618286133,25.338324603375966,25.021750869241444,25.171706681306613,19020400
2020-08-18,25.005084991455078,25.20086078203901,24.875957630845274,25.100889726063844,24294600
2020-08-19,24.93010711669922,25.08006290628913,24.880122383164593,25.067567120151978,18042800
2020-08-20,24.709346771240234,24.955107365312706,24.642699911270743,24.830144701493218,25932000
2020-08-21,24.750993728637695,24.796813730335046,24.501068468998007,24.73016688849873,18933400
2020-08-24,24.967601776123047,24.975932831782448,24.592713805368366,24.821812274549515,14985800
2020-08-25,24.73016929626465,25.01758512071817,24.646860338611653,25.01341879889311,23573200
2020-08-26,24.455249786376953,24.659356644314524,24.363611367025467,24.642694535710206,23329800
2020-08-27,24.534391403198242,24.709338758012883,24.384435619650855,24.5260603497805,38907200
2020-08-28,24.605209350585938,24.630202517316516,24.35111771694402,24.584382506136976,16995800
2020-08-31,24.68018913269043,24.830144966468666,24.5635575237458,24.567722257356753,19975600
2020-09-01,24.396934509277344,24.617701891484543,24.30112976626316,24.601041371515333,26620400
2020-09-02,25.155040740966797,25.267507582890445,24.351112329020214,24.45108338483658,37298400
2020-09-03,24.871793746948242,25.425796958006035,24.6385305751228,25.163374300716228,38871400
2020-09-04,24.73016929626465,25.063403537890427,24.40943084214165,24.9217803755624,35792200
2020-09-08,24.592708587646484,24.784318060200626,24.359443845633148,24.755160166072216,28990800
2020-09-09,24.91761589050293,25.238354368268695,24.75099796291494,24.775991128749034,30869400
2020-09-10,24.48858070373535,24.85097292560716,24.45942280019317,24.82181502206498,36280400
2020-09-11,24.546890258789062,24.62603289267662,24.3552807731753,24.54272393706615,25332600
2020-09-14,24.884286880493164,25.013414231741294,24.64269110631061,24.667684265738917,20927200
2020-09-15,25.050907135009766,25.421630319023233,24.91761344163383,25.138380823352822,23342600
2020-09-16,25.01758575439453,25.192533139809523,24.855132567812582,24.963434692200547,23082200
2020-09-17,24.8134765625,24.95093657160537,24.617700763708502,24.85929656553512,22775400
2020-09-18,24.3761043548584,24.825970112613632,24.321953302605635,24.809309594908587,31969600
2020-09-21,24.22443962097168,24.337873714000462,23.90934545233123,24.19923151052579,30371200
2020-09-22,24.375686645507812,24.539535367310737,24.22024062772708,24.23704443311954,21247400
2020-09-23,24.001773834228516,24.447105904778763,23.980767876634005,24.40509398958974,21576400
2020-09-24,24.270654678344727,24.44290610011836,23.82952314479292,23.976566455092893,31328200
2020-09-25,24.669775009155273,24.69498151870631,24.07739799492701,24.165623983659493,22576000
2020-09-28,24.73279571533203,24.98066990440506,24.69078379283916,24.779009791665462,20359600
2020-09-29,24.724388122558594,24.97646441563942,24.61095563372179,24.808413553585535,18435800
2020-09-30,24.947057723999023,25.068892925818933,24.736994931179414,24.879837694402823,24208200
2020-10-01,25.199132919311523,25.262152399431063,24.95966145910039,25.01007608160485,26142000
2020-10-02,25.497426986694336,25.6276665246762,24.942861216339754,24.99747800357761,33890000
2020-10-05,25.81671905517578,25.888139639603217,25.392391291588265,25.564642727583152,22076800
2020-10-06,26.035181045532227,26.32926765066072,25.72008688062158,25.83352097230763,32776800
2020-10-07,26.1948299407959,26.304063491870124,26.001572553697738,26.169623431049494,24403600
2020-10-08,26.673776626586914,26.715788548010604,26.291462372083892,26.308266179062123,27235600
2020-10-09,26.66957664489746,26.833425395507042,26.488922483288896,26.820822138583907,17091200
2020-10-12,26.83761978149414,27.01827228816104,26.619154309698303,26.68637433158535,14970200
2020-10-13,26.65277099609375,26.72419319087608,26.354482165458137,26.65277099609375,20210400
2020-10-14,26.619157791137695,26.799811924083546,26.480515576371463,26.686377821816247,22338800
2020-10-15,26.602352142333984,26.749395457285388,26.299861205688885,26.3670812357598,19124000
2020-10-16,26.88803482055664,26.98886405364874,26.606551475301785,26.635960135174628,16081000
2020-10-19,26.661165237426758,27.018271290011747,26.58554251526613,26.875430151099096,26603000
2020-10-20,26.82081413269043,26.967859031060982,26.669568684150075,26.770399517394218,24979400
2020-10-21,26.749401092529297,26.925853107643782,26.673779945088995,26.76200595264624,14200000
2020-10-22,27.127506256103516,27.173720322381826,26.711582864902233,26.787203988405565,15212000
2020-10-23,27.20313262939453,27.30816402950802,27.051887156806785,27.261949957033767,14485000
2020-10-26,27.194730758666992,27.24514377790128,26.816617087890474,26.993069065818226,20763200
2020-10-27,27.17372703552246,27.45100829638983,27.04348911036539,27.245147626395415,19601800
2020-10-28,26.38389015197754,27.140115991487146,26.329273369454267,26.795613091236635,34026600
2020-10-29,26.45530891418457,26.778805810791017,25.946955732287623,26.28725803712992,29847800
2020-10-30,26.207433700561523,26.47211165772377,25.95535739509269,26.308262940627557,34824600
2020-11-02,26.783008575439453,26.82081994576969,26.299863465958932,26.564543058270562,29911800
2020-11-03,27.169525146484375,27.463615026076916,27.00987855262855,27.119112119637457,30157400
2020-11-04,26.76200294494629,27.430002760588028,26.732594279065694,27.00987713069139,36662200
2020-11-05,27.00147247314453,27.493021889783577,26.980468115104454,27.043487599832964,31525200
2020-11-06,26.94265365600586,27.25774785696386,26.871233073061664,27.018276392447937,18955400
2020-11-09,27.442604064941406,28.539132137411816,27.417397554637613,27.72408744768029,46072200
2020-11-10,27.837522506713867,27.91734418925262,27.476214242684115,27.589646741714905,31172000
2020-11-11,27.94255256652832,28.190425114356543,27.83331902081066,27.980362329293822,19459000
2020-11-12,27.493022918701172,27.84172476401457,27.278757944727104,27.778708482231842,53020200
2020-11-13,27.766096115112305,27.841718842471952,27.57704089936498,27.627457119372604,26324800
2020-11-16,28.047588348388672,28.127410039597727,27.71568871141223,28.110607834830514,27375000
2020-11-17,27.497217178344727,28.001369783766215,27.455205262552198,27.866929730047897,16811200
2020-11-18,26.959461212158203,27.67367671440312,26.95106010979721,27.640065894350702,25581400
2020-11-19,26.690582275390625,26.95106133467889,26.5015270132859,26.930053769865314,26996200
2020-11-20,26.694778442382812,26.879633111657434,26.560338391519117,26.64436222132006,18632200
2020-11-23,26.69898223876953,26.850227715041974,26.577145427033173,26.799813090501832,16930600
2020-11-24,26.98466682434082,27.051885248914672,26.77880458947038,26.91324304126995,21807000
2020-11-25,27.05608558654785,27.06448668706694,26.715783320061472,26.951054200889907,22985200
2020-11-27,26.78720474243164,27.07289185134401,26.677972803050512,27.047682138380335,12073200
2020-11-30,26.400691986083984,26.728389431528537,26.29566058919515,26.711585626041792,26889400
2020-12-01,26.585548400878906,26.959459941755743,26.568744594296646,26.598153259130644,30174800
2020-12-02,26.76200294494629,26.77460620099452,26.29146268820464,26.459511978572042,24397600
2020-12-03,26.48472023010254,26.745197673241123,26.41329803927216,26.719989558362382,18753600
2020-12-04,26.220043182373047,26.57294881172577,26.072999837914516,26.50992931972797,21005000
2020-12-07,26.36707878112793,26.497318278425965,26.127607346128027,26.131809499107973,17391400
2020-12-08,26.287260055541992,26.459511496555603,26.085599949183525,26.194831905799838,21005400
2020-12-09,26.241043090820312,26.350276638059114,26.064591118183326,26.30826311887039,22969800
2020-12-10,26.106603622436523,26.312465864465967,25.98476681802424,26.22844042684881,21602800
2020-12-11,26.148618698120117,26.182227913575197,25.972165108361885,25.99737322194221,13351400
2020-12-14,26.014175415039062,26.55193725283848,25.988968905673975,26.33347175664683,27208800
2020-12-15,26.526731491088867,26.593951526437998,26.005776617796123,26.13601453479328,22357200
2020-12-16,26.220043182373047,26.71159105306003,26.186433961919207,26.577149363287905,24312800
2020-12-17,26.39649200439453,26.589749394199504,26.30826441109055,26.31246656454177,25389800
2020-12-18,26.169626235961914,26.497323719003973,26.043588865765134,26.400695015098037,20877400
2020-12-21,25.852710723876953,25.962865777054052,25.556137189052205,25.962865777054052,27915400
2020-12-22,25.801876068115234,25.91203114696637,25.725614238065937,25.844243033166567,24177000
2020-12-23,25.751026153564453,26.128097526051874,25.746790104790776,25.924733244806827,11543400
2020-12-24,25.933210372924805,25.945921753310706,25.666295627758643,25.80610788243675,7272400
2020-12-28,26.047605514526367,26.21707659502214,25.9501602089099,26.068788995539336,11739000
2020-12-29,26.043371200561523,26.234024158581054,25.97134542088179,26.111159314038627,15165000
2020-12-30,26.174705505371094,26.259441037488717,26.017945821480797,26.060312779441684,11847200
2020-12-31,26.56449317932129,26.602624094958724,26.111159857962946,26.178947972852153,18184000
2021-01-04,25.895082473754883,26.6110961086673,25.746796486983932,26.6110961086673,25260600
2021-01-05,25.89084815979004,26.02642438998352,25.6790100980882,25.950162558475167,16666600
2021-01-06,26.534833908081055,26.70854103993288,25.979817649629613,26.03913204350155,35961800
2021-01-07,26.18741226196289,26.729716985850843,26.161991121957307,26.67887632203524,24758800
2021-01-08,26.407732009887695,26.462808739062,26.174708862626943,26.221313492079094,26930600
2021-01-11,26.161998748779297,26.41620375815947,25.96710813384143,26.310284734885055,16657200
2021-01-12,26.022184371948242,26.20860288376399,25.708664974033397,26.119631293777022,24619000
2021-01-13,26.530597686767578,26.615333232425524,26.056080893757635,26.10268552467931,26687400
2021-01-14,26.42891502380371,26.56025357772125,26.276391372367577,26.53907009639868,26067000
2021-01-15,26.687360763549805,26.76785864830054,26.27639439066213,26.373839708896032,27564800
2021-01-19,26.585676193237305,26.856828648011216,26.547545278272466,26.831409115498733,18993200
2021-01-20,26.742435455322266,26.861065864446505,26.42044232471896,26.577202031973457,44796200
2021-01-21,26.585676193237305,26.7339621868805,26.539071562036266,26.67888545563938,13975600
2021-01-22,26.623802185058594,26.712773764792324,26.407728117677284,26.509409461317023,18760000
2021-01-25,27.157634735107422,27.19576726126072,26.5009371669042,26.530594361738185,37848600
2021-01-26,26.886478424072266,27.149158706286798,26.776323375804893,27.11950151574575,19473600
2021-01-27,26.161998748779297,26.86953704847826,26.043369959894687,26.67041038373567,39287400
2021-01-28,26.475522994995117,26.87801403952694,26.18318542076924,26.2509735392774,25465800
2021-01-29,26.331466674804688,26.598381417786413,26.166231660707066,26.33993877339815,27760600
2021-02-01,26.458576202392578,26.695833814821615,26.238264407853993,26.500943171413113,16109400
2021-02-02,26.67464828491211,27.085614640922945,26.437390690675873,26.54754577140039,28698600
2021-02-03,26.589906692504883,26.76785146392613,26.53059230742973,26.644985028444292,16266800
2021-02-04,26.79751205444336,26.83564296628329,26.50093847526566,26.577200298945524,22702200
2021-02-05,26.941558837890625,27.089844802052895,26.80598263745775,26.91613769423604,11920000
2021-02-08,26.733959197998047,27.009349288199235,26.632277846923962,27.000875572910406,21531400
2021-02-09,26.772092819213867,26.86953813060726,26.551781047986857,26.780566535360613,12386800
2021-02-10,26.878013610839844,26.98817031178132,26.69583274221804,26.928855911057237,19621200
2021-02-11,26.725486755371094,26.95427060044493,26.68311817947156,26.865299015349773,17422600
2021-02-12,26.530597686767578,26.767856891370602,26.39078541019866,26.64499043097639,20216000
2021-02-16,26.23402214050293,26.53483338610123,26.195892844789046,26.50093852387202,31723200
2021-02-17,26.255205154418945,26.30180977818853,26.07726037422561,26.26367886930395,20358200
2021-02-18,26.411968231201172,26.526360972545554,26.212839946320642,26.212839946320642,15419600
2021-02-19,26.017946243286133,26.42891253019192,25.99676276396226,26.416201149640894,17935400
2021-02-22,25.509532928466797,25.975577522964013,25.26803772492204,25.94592033068278,35602800
2021-02-23,25.721372604370117,25.810344186971893,25.479877385196236,25.61121754251019,26213200
2021-02-24,25.420568466186523,25.704430704951424,25.3951473158897,25.657827687034903,23673600
2021-02-25,25.19178009033203,25.492589728336938,25.06891363553137,25.369724889732307,31360400
2021-02-26,24.725736618041992,25.43327490532964,24.71726290238516,25.27651520616821,38014800
2021-03-01,25.272279739379883,25.55614194754952,25.035020544103794,25.03925659393192,31427400
2021-03-02,25.196016311645508,25.378197150401736,25.056202433262197,25.310409044087507,29306200
2021-03-03,24.899438858032227,25.157881478119098,24.68760085680636,25.157881478119098,45849800
2021-03-04,24.87826156616211,25.344304638244253,24.742685340967444,24.916392480510364,44172600
2021-03-05,25.284984588623047,25.403613355096773,24.76386328650466,24.98417500723853,33606600
2021-03-08,25.6408748626709,25.865422653062993,25.289222963713733,25.35701106739036,38423800
2021-03-09,25.979816436767578,26.064551973855636,25.746794921922376,25.780688167040037,22224400
2021-03-10,26.157758712768555,26.238256576359387,25.89931607677195,25.971340225848625,27421200
2021-03-11,26.0899715423584,26.420438339205216,26.0772601620364,26.111155021300608,17168800
2021-03-12,26.441627502441406,26.522125386205182,26.081503434418586,26.204368285174628,20043800
2021-03-15,26.78056526184082,26.848353371595078,26.47975562581857,26.47975562581857,24417200
2021-03-16,26.814455032348633,26.88224312922891,26.64498398205008,26.717009744095463,29243400
2021-03-17,26.378070831298828,26.797510842569597,26.352651302019083,26.793274793088276,34407000
2021-03-18,26.280628204345703,26.458573008382718,26.09844735039651,26.352653982421376,29627600
2021-03-19,26.352651596069336,26.581437059315334,26.00947340120034,26.289099539769026,38712600
2021-03-22,26.314668655395508,26.434183252617693,26.126858141744343,26.293325367379317,25641000
2021-03-23,26.707353591918945,26.809795812163944,26.250635351032017,26.306124954842385,26117200
2021-03-24,26.71589469909668,26.90797287401112,26.528085832660395,26.621989451746487,22058400
2021-03-25,27.001876831054688,27.09151439931274,26.681747078278555,26.80126329320125,28309600
2021-03-26,27.091510772705078,27.117120107409935,26.737233112158126,26.997605536750193,20770200
2021-03-29,27.381759643554688,27.50980956333535,27.023214332072005,27.036018998397317,32775600
2021-03-30,27.134197235107422,27.296396762892375,26.93358207253824,27.296396762892375,22111200
2021-03-31,27.33481216430664,27.386034095757694,27.091513688838404,27.147001672180927,22259200
2021-04-01,27.309200286865234,27.356151280065127,27.125659109286662,27.292126310284896,21046600
2021-04-05,27.607988357543945,27.78299091852762,27.381763866831168,27.407373203431693,29288200
2021-04-06,27.753114700317383,27.757384008966785,27.377496952378333,27.578112124031897,17258600
2021-04-07,27.718969345092773,27.868362579005037,27.5781114717491,27.731774014209787,15798400
2021-04-08,27.697622299194336,27.876894155554627,27.637865013740903,27.791527535343388,19909800
2021-04-09,27.667747497558594,27.8384840182121,27.612259512370716,27.723235482746468,15751200
2021-04-12,27.693357467651367,27.889703331097323,27.59945547285157,27.67201743741301,14201400
2021-04-13,28.022024154663086,28.07324282936402,27.531157897434213,27.582379828663292,18250800
2021-04-14,28.145811080932617,28.145811080932617,27.881169292505877,27.953731260508395,15125400
2021-04-15,28.457393646240234,28.470198312428984,28.132997914366875,28.1500686316002,23863400
2021-04-16,28.68788719177246,28.798866392120683,28.50434604588126,28.56410332533165,22376000
2021-04-19,28.542770385742188,28.75192091573514,28.47447447425893,28.704968290722476,21503400
2021-04-20,28.905582427978516,28.978144388942447,28.525695389369474,28.542769366630665,29548800
2021-04-21,28.662282943725586,29.04643927728255,28.555573031989102,28.935460057248743,19230200
2021-04-22,28.457393646240234,28.739109328502774,28.43178431386274,28.64093479350984,17983600
2021-04-23,28.418983459472656,28.564107371113767,28.346421503652103,28.47020213109754,16881600
2021-04-26,28.256784439086914,28.448864241701177,28.17141780894382,28.43179026436692,12578400
2021-04-27,28.03909683227539,28.226904058355185,27.992144211623444,28.21409939027338,20942000
2021-04-28,28.000673294067383,28.12872645923335,27.86835407818255,28.051895211439223,15158200
2021-04-29,28.256784439086914,28.273858416421174,28.00068129212943,28.00068129212943,19223600
2021-04-30,28.478744506835938,28.48727986772418,28.145810071212054,28.316543341203925,20484600
2021-05-03,28.474472045898438,28.739113795534433,28.42751942488999,28.542767951557284,21544000
2021-05-04,28.367761611938477,28.495814804420508,28.179951131372285,28.4445928761221,23445600
2021-05-05,27.88970375061035,28.367765375231667,27.731775149663253,28.367765375231667,23562800
2021-05-06,28.103116989135742,28.128729578925928,27.77872124605124,27.96652845085605,23305400
2021-05-07,28.188488006591797,28.40190780986109,28.077508797063988,28.086047412850306,18110800
2021-05-10,28.474472045898438,28.760453823656803,28.248247557327552,28.248247557327552,26442000
2021-05-11,28.124462127685547,28.48300909966698,27.928116294480795,28.444591840709617,28210000
2021-05-12,27.467132568359375,28.09458741470161,27.454327899091705,28.09458741470161,29553800
2021-05-13,27.996410369873047,28.1628808251542,27.475668745572037,27.49700877361361,28222800
2021-05-14,28.13300323486328,28.312275108464583,28.06470732690385,28.06470732690385,18910600
2021-05-17,27.902507781982422,28.282394792112978,27.85982121376538,28.120193648555254,25124000
2021-05-18,27.898239135742188,27.992144377602894,27.770185941108856,27.842751154882688,19532400
2021-05-19,27.851285934448242,27.876895270230058,27.52688690292416,27.765919310823566,26238000
2021-05-20,28.094587326049805,28.26532384764602,27.893972157413877,27.902510774584247,25679600
2021-05-21,28.239713668823242,28.346423584579323,28.039098506157295,28.162882399217736,20487800
2021-05-24,28.188488006591797,28.423247836271365,28.17141403154692,28.376298475557657,19343000
2021-05-25,27.84701919555664,28.21837088129468,27.782992593666876,28.21837088129468,20427400
2021-05-26,27.851285934448242,27.97080051013397,27.770185362435235,27.86409060233915,16841600
2021-05-27,27.66347885131836,27.94946391428458,27.654943490519052,27.94946391428458,16996200
2021-05-28,27.8128719329834,27.91531253264673,27.727502052823993,27.82994265248733,19565000
2021-06-01,27.642131805419922,27.94091820548826,27.578105217825986,27.876891617894323,22052200
2021-06-02,27.78725814819336,27.940920669357975,27.573838341745596,27.68481755292622,20491400
2021-06-03,27.953725814819336,28.04336174427719,27.56530345383531,27.659208691322927,23707200
2021-06-04,27.91104507446289,28.068976920829616,27.87689712013579,28.02629360618482,14469600
2021-06-07,27.962265014648438,28.004948326253583,27.889699802738964,27.936652422463002,13822400
2021-06-08,27.723234176635742,28.043363916580855,27.603719594767398,28.022023887834717,18363600
2021-06-09,27.970802307128906,28.022024238511253,27.731773140400932,27.791530432082926,18760800
2021-06-10,28.154340744018555,28.18421938694477,27.923846960075828,27.992142861923085,16654400
2021-06-11,28.218366622924805,28.239709905843277,28.022020794880348,28.15434003069715,18198400
2021-06-14,28.27812957763672,28.350691543665345,28.107393049635874,28.22264159006102,13733000
2021-06-15,28.363492965698242,28.51715549765151,28.23117371849939,28.312274292732514,32781000
2021-06-16,27.936655044555664,28.538500541218713,27.923850375525085,28.436059932445854,46277600
2021-06-17,28.090314865112305,28.243977391651747,27.834211739722544,27.915312311098337,25708800
2021-06-18,27.360416412353516,27.949457116622405,27.3177331056814,27.928113835022568,36079800
2021-06-21,27.71487045288086,27.783693505785774,27.29331899814991,27.44817496946131,27886600
2021-06-22,27.54710578918457,27.796596288397076,27.534201674021805,27.71486584993994,16608600
2021-06-23,27.254600524902344,27.529899254905825,27.17287008630703,27.529899254905825,25666400
2021-06-24,27.228792190551758,27.297616876937436,27.10834939960431,27.28901358602548,15215800
2021-06-25,27.521297454833984,27.542804861609593,27.21158554635338,27.241697884931177,18273600
2021-06-28,27.697662353515625,27.835311733613214,27.594426138897457,27.633138488696734,16735200
2021-06-29,27.25029945373535,27.775088710228605,27.16857065186753,27.61163110649296,24688000
2021-06-30,27.19868278503418,27.332031339139974,27.09544657100585,27.228793484201613,19077400
2021-07-01,27.495487213134766,27.590121770769276,27.142760495836963,27.25029916918166,22993200
2021-07-02,27.538503646850586,27.56861434588643,27.40085590905103,27.56861434588643,18629400
2021-07-06,27.654645919799805,27.671852501532943,27.220188756042802,27.53420312948774,18156400
2021-07-07,27.83531379699707,27.839616263455955,27.512697730807737,27.667553705124245,24199200
2021-07-08,27.753583908081055,27.921347285187693,27.63744356589074,27.680458385893807,20513000
2021-07-09,27.78799819946289,27.865426191324705,27.560016690597703,27.79230066618314,21484200
2021-07-12,27.878328323364258,27.89983737361247,27.624538595900884,27.757885518342974,17323000
2021-07-13,27.667551040649414,27.921344028157172,27.568614012545027,27.831008650321856,22493200
2021-07-14,27.90843963623047,28.028885725711618,27.547111213248144,27.676155672104528,20720000
2021-07-15,28.22245216369629,28.243961212974533,27.805201549531507,27.813806481970865,28574600
2021-07-16,28.5063533782959,28.65260769748134,28.22245295442571,28.252563655166792,33106600
2021-07-19,28.054697036743164,28.61819878371269,27.736383398483046,28.390217261101224,45585000
2021-07-20,28.17513656616211,28.459040280881176,28.08050199458909,28.08050199458909,33779200
2021-07-21,27.86542320251465,28.256865586558348,27.84391743486115,28.192341719957493,22456800
2021-07-22,27.90843963623047,28.033184910399235,27.818107530484887,27.895535518526867,22875400
2021-07-23,28.265460968017578,28.29126919620562,27.925638408990746,27.97725814718628,16216800
2021-07-26,28.27407455444336,28.36010419595355,28.076200471693088,28.209550682400483,17936800
2021-07-27,28.760147094726562,28.807464380178857,28.089106729141758,28.252564354091298,34285800
2021-07-28,28.540767669677734,28.79885986931404,28.32999275618713,28.747243398479,24948200
2021-07-29,28.618186950683594,28.699917380399796,28.454729373070563,28.592378723118216,30247800
2021-07-30,28.37731170654297,28.841879662225498,28.312787832394747,28.60099075086017,25265200
2021-08-02,28.59668731689453,28.699923531100048,28.40741818933435,28.441831354676214,23564200
2021-08-03,28.760147094726562,28.893494018190125,28.506354083498767,28.639704288782657,25994400
2021-08-04,28.717126846313477,28.75153672592008,28.36009768060986,28.643998057827645,32378000
2021-08-05,29.031139373779297,29.069855002778468,28.68271512188612,28.755840632215822,31790800
2021-08-06,29.013935089111328,29.224713268729033,28.932207922433978,29.001030972363335,20000800
2021-08-09,29.00533103942871,29.112869712527317,28.846172621787627,29.035441736623525,16865200
2021-08-10,29.035444259643555,29.13438129149209,28.902097343596523,29.031141793436188,15834200
2021-08-11,29.306438446044922,29.439788634302523,29.099966028452354,29.099966028452354,18488800
2021-08-12,29.336549758911133,29.43978925169239,29.241918479924948,29.254822596067612,18920200
2021-08-13,29.543027877807617,29.577441044881322,29.336552157185615,29.39677355865448,23580800
2021-08-16,29.723690032958984,29.934464923568456,29.51291514234951,29.543025841008006,25796600
2021-08-17,29.74089813232422,29.745200598586326,29.444090314822404,29.64196438103707,23037200
2021-08-18,29.59034538269043,29.8011202894029,29.491408347070955,29.7365964211137,31411200
2021-08-19,29.710786819458008,29.95167241604565,29.573137438290768,29.603248137864224,27723000
2021-08-20,30.080718994140625,30.102228042363308,29.504309976336643,29.659165934443983,23581600
2021-08-23,29.69358253479004,30.067818357156526,29.637663597488537,30.059213424143756,21830800
2021-08-24,29.500019073486328,29.706491554377724,29.302148245206695,29.680683314721527,25331000
2021-08-25,29.555932998657227,29.650567570413372,29.327951502237607,29.495711595143376,16329800
2021-08-26,29.482807159423828,29.56883679728107,29.41828329012074,29.555932679784515,16631800
2021-08-27,29.474197387695312,29.607547570848023,29.418278460450484,29.512913015649254,21005000
2021-08-30,29.517215728759766,29.60324535321431,29.366658963234602,29.465595984995154,23691400
2021-08-31,29.482807159423828,29.65056725051967,29.358061887256607,29.504312927977978,22580200
2021-09-01,29.869943618774414,29.96887736261965,29.525818543735472,29.564534173541823,26667400
2021-09-02,30.14093780517578,30.14093780517578,29.904351422303087,29.93446211813964,20598800
2021-09-03,29.89145278930664,30.093626047782,29.818327269123735,30.050611228957955,18942000
2021-09-07,29.49570655822754,29.869942314859347,29.444086814679075,29.865639849108696,26290200
2021-09-08,30.024805068969727,30.10653224583729,29.409683599997404,29.47850665850801,29176200
2021-09-09,29.86133575439453,30.037700740532724,29.835527524938062,29.930162075371275,16355000
2021-09-10,29.444093704223633,29.87424848898553,29.43549205252944,29.839838600388205,24654400
2021-09-13,29.392467498779297,29.727987594713955,29.30643460121946,29.69357443569002,26236400
2021-09-14,29.293533325195312,29.581736175849965,29.22040781654917,29.48710490209485,28103200
2021-09-15,29.25482749938965,29.448395837613006,29.091366582665415,29.25052503268098,19812800
2021-09-16,29.00963592529297,29.37096432177335,28.966617827009,29.250521522946556,31464000
2021-09-17,28.562271118164062,29.10426692836678,28.536459605988874,28.949410982594575,25108000
2021-09-20,28.50982666015625,28.76120628880937,28.197769646196445,28.501159879399367,45678600
2021-09-21,28.431819915771484,28.78721754071849,28.41448304300939,28.592183508818078,26417600
2021-09-22,28.414474487304688,28.644182195563438,28.306121545169855,28.535829253428602,24787600
2021-09-23,28.262784957885742,28.626852613528513,28.23678130629334,28.414478436624464,19333200
2021-09-24,28.232450485229492,28.444821387230757,28.163106301720447,28.258454140711596,23660200
2021-09-27,27.898723602294922,28.470827145400175,27.859714814051053,28.184773720512453,21783400
2021-09-28,27.54766082763672,27.9160619328784,27.46531150889549,27.8727180977491,40471600
2021-09-29,27.907386779785156,28.102420775799395,27.556324264291614,27.630003479970796,30867600
2021-09-30,27.68634796142578,28.028742048094266,27.64734083087685,28.01140517822032,27142600
2021-10-01,27.68634796142578,27.907387265646445,27.59099683045397,27.855376656024596,29001200
2021-10-04,28.067750930786133,28.14576519215863,27.64300588405369,27.656009363172384,40402600
2021-10-05,27.998411178588867,28.202115323209807,27.963737429148974,28.1024291202378,26130400
2021-10-06,28.431819915771484,28.453491833391695,27.74702832168543,27.91172695959014,33152400
2021-10-07,28.280126571655273,28.709203428254057,28.2497878708184,28.48383069441875,27540200
2021-10-08,28.07208251953125,28.33213226050829,28.050413912229708,28.275786606850684,17795800
2021-10-11,27.690683364868164,28.01140721417283,27.65167623148408,27.955064862989733,25420200
2021-10-12,27.877046585083008,27.959395884453226,27.65600729660118,27.72968650831686,20996000
2021-10-13,28.20210838317871,28.223780297913265,27.738357845220726,27.885716284071894,26205400
2021-10-14,28.548839569091797,28.60518191883376,28.22811242132067,28.29745990408307,21398000
2021-10-15,28.466487884521484,28.691860571352535,28.41881232076824,28.592177706537345,29602400
2021-10-18,28.193443298339844,28.34947183514466,28.041746499406734,28.275789304613955,20702000
2021-10-19,28.548839569091797,28.587845048143162,28.332133645464268,28.410147910236976,21413600
2021-10-20,28.999589920043945,29.112274625873305,28.63552222838016,28.66586092712963,27799600
2021-10-21,28.999589920043945,29.116609670457564,28.960581132125963,29.016923485040643,17372800
2021-10-22,29.146949768066406,29.198960385563158,29.012593139537703,29.07760227807074,21399800
2021-10-25,29.021259307861328,29.198959767209274,28.951915126004504,29.10360862381967,15160200
2021-10-26,29.17728042602539,29.402653093050326,28.999583318563896,29.047255571457928,19391400
2021-10-27,28.982248306274414,29.32030898178902,28.95190961248899,29.24662976926294,22263600
2021-10-28,29.172950744628906,29.177285789023145,28.921574383153438,28.956244818297282,15443600
2021-10-29,28.999589920043945,29.28564003587177,28.856563208794952,29.164285240873895,26666800
2021-11-01,29.103601455688477,29.177280664098838,28.899897391649713,28.99091346792182,16182800
2021-11-02,29.129610061645508,29.268301721473673,28.921574225238256,29.21195937133629,19864800
2021-11-03,29.021259307861328,29.19462472250877,28.78721649408782,29.081936706987396,20992200
2021-11-04,28.860889434814453,29.038589855459687,28.56183754901739,28.977912469549004,32183000
2021-11-05,29.13395118713379,29.259641046755444,28.925912000632604,28.956250704219162,21584400
2021-11-08,28.700529098510742,29.17294635970402,28.561837458771755,29.168614622630894,19670200
2021-11-09,28.847885131835938,28.930234422784014,28.661517946358725,28.752534017405377,16489400
2021-11-10,29.08193016052246,29.107937116200965,28.852222443157633,28.869559311386798,25833200
2021-11-11,28.904233932495117,29.077596006753737,28.75253715751441,29.0645941818513,15747400
2021-11-12,28.88690185546875,28.964916124493907,28.761212016113205,28.895568637951474,18179000
2021-11-15,29.2683048248291,29.281306652649402,28.95191599230055,29.0125933932422,19003800
2021-11-16,29.129610061645508,29.337649204722755,29.112273190833236,29.281303547915375,13213400
2021-11-17,29.15561294555664,29.198956774779134,28.912903373926255,29.060265118608925,19001800
2021-11-18,29.003921508789062,29.164285090880156,28.904238630554982,29.10794273825525,15305000
2021-11-19,29.16861915588379,29.233628288779297,28.964915055024438,29.042929321169083,20606000
2021-11-22,29.346317291259766,29.50234582883579,29.068933959273533,29.146948228061547,23154000
2021-11-23,29.37665367126465,29.550019066740447,29.19895653823762,29.34197993083551,19036400
2021-11-24,29.39398956298828,29.45466695338445,29.211957391799775,29.3636508677902,15931600
2021-11-26,28.9345760345459,29.376654666652023,28.86089350696988,29.18595239449997,21854600
2021-11-29,29.36365509033203,29.446004406284416,28.925908162379706,29.15995097613629,22821800
2021-11-30,28.505491256713867,29.229291440885785,28.479487608101874,29.2249563972273,48623000
2021-12-01,28.55750846862793,29.246635076330275,28.54017159665181,28.696200137766674,46024600
2021-12-02,28.921573638916016,29.190286864383634,28.626853454422225,28.626853454422225,35050200
2021-12-03,29.211959838867188,29.22062662107703,28.63985631958586,29.06459808793939,42771400
2021-12-06,29.658370971679688,29.966092967046247,29.389654452907447,29.402656278438887,47222000
2021-12-07,29.879413604736328,29.95309282466792,29.58469341834001,29.66270768258227,21789000
2021-12-08,29.84906578063965,30.048434771257845,29.688702256880497,29.905408112770136,25994400
2021-12-09,29.810068130493164,29.979098496625856,29.60636402087936,29.918421098869,23783400
2021-12-10,29.970428466796875,30.113455163156893,29.814399944707734,29.93141968293968,23403600
2021-12-13,30.338825225830078,30.48618364686845,29.940087173605573,29.940087173605573,27500000
2021-12-14,30.156795501708984,30.395170020861165,30.013768806215797,30.334492630046444,35005000
2021-12-15,30.65088653564453,30.676890188488567,30.122123550015903,30.122123550015903,45364600
2021-12-16,30.806913375854492,30.993280593241842,30.594539200379966,30.620546158467143,30209200
2021-12-17,30.34316635131836,30.841590669833778,30.278153908612836,30.68989386796416,43674000
2021-12-20,30.371992111206055,30.402569275254862,29.80849580288293,30.05311644793433,30091200
2021-12-21,30.32831382751465,30.669031783147876,30.166689754836288,30.468095638355493,32355800
2021-12-22,30.459354400634766,30.50303558256711,30.236576040321093,30.280257222253436,18967800
2021-12-23,30.454992294311523,30.61224725160129,30.42441512665303,30.476831223975402,14505400
2021-12-27,30.60350799560547,30.603507995605472,30.3763638052212,30.4680953051453,15707400
2021-12-28,30.878704071044922,30.887438975590634,30.625348514625937,30.647190774981755,16104000
2021-12-29,31.044700622558594,31.092750939588658,30.86123759353202,30.913653697447188,13755400
2021-12-30,31.158267974853516,31.18884514005052,30.9311204625377,31.127690809656507,18672400
2021-12-31,31.267467498779297,31.376672118431927,31.031585120410355,31.092739440802987,18618800
2022-01-03,30.95733642578125,31.263108123028694,30.60351108163886,31.254373217105147,43299600
2022-01-04,30.86122703552246,31.258730129089283,30.85248879941823,30.957327636705383,29321800
2022-01-05,30.843761444091797,31.193217655247047,30.81318427556532,30.839392324970465,44486400
2022-01-06,30.524879455566406,30.970436248422605,30.489936503952293,30.843758467420788,36259600
2022-01-07,30.75640296936035,30.904919711760385,30.271533997728973,30.459366151898443,39272000
2022-01-10,30.555461883544922,30.77387119888881,30.406945148788683,30.730190002352366,31169800
2022-01-11,30.28026008605957,30.64282026244281,30.07932396403848,30.52924651254885,33653800
2022-01-12,30.376354217529297,30.45498166874151,30.096790687143685,30.18415304064163,28113600
2022-01-13,30.524879455566406,30.642822331829972,30.345785580812873,30.363258722950476,33949000
2022-01-14,30.31520652770996,30.581666096560852,30.162320709351473,30.524877554984204,32547200
2022-01-18,29.952646255493164,30.14484747377594,29.716763851053635,30.092428050791305,35534800
2022-01-19,30.088064193725586,30.354523808335383,29.95265149316245,29.961386398856874,32051200
2022-01-20,30.127378463745117,30.564197050529504,30.092432176963644,30.17979456125599,29529600
2022-01-21,30.070589065551758,30.433149282185056,30.013803850631135,30.27589432876968,48542600
2022-01-24,29.782289505004883,30.131745685493193,29.01785702626519,30.03564506922585,57602000
2022-01-25,29.314895629882812,29.668717618776867,29.17948293441202,29.319264748896455,52218600
2022-01-26,29.07464027404785,29.690556000679774,28.913019550941442,29.371677007587756,49234200
2022-01-27,29.332366943359375,29.699292933742118,29.18821601885424,29.345470966921454,44982000
2022-01-28,29.686189651489258,29.71239769926787,29.030961795734214,29.25374019983607,50050400
2022-01-31,30.249683380126953,30.275891425629357,29.45030466569436,29.511458993640588,52580000
2022-02-01,29.847810745239258,30.32831045833449,29.568247154614365,30.16668640361099,41020200
2022-02-02,30.288991928100586,30.33267644240868,29.77354931893469,29.82596540384754,45723800
2022-02-03,30.153581619262695,30.341413714405576,30.070585034790486,30.20163192262442,34289800
2022-02-04,29.9133358001709,30.179792049888174,29.611929933919097,29.89149353958472,37029200
2022-02-07,29.869653701782227,29.99196570526032,29.686190695557084,29.860918796435886,27543600
2022-02-08,29.891494750976562,30.088061773574097,29.817236394231823,29.991964488019182,38853200
2022-02-09,30.022539138793945,30.17542495829913,29.93080431442992,30.105532393576237,35231800
2022-02-10,29.262475967407227,29.86965353169099,29.201321632347085,29.725505931998548,45060000
2022-02-11,29.279951095581055,29.60756505532453,29.153273297894195,29.38915574882888,36059800
2022-02-14,29.030963897705078,29.424101306155244,28.75140025895417,29.37605099330792,37112200
2022-02-15,28.895549774169922,29.32363011688164,28.76450286692111,29.210059685438043,34174400
2022-02-16,28.961071014404297,29.08337967440289,28.67713829217268,28.934859635361,32184600
2022-02-17,28.97853660583496,29.118321719957915,28.62471470052775,28.83001992107015,29159800
2022-02-18,28.926124572753906,29.16637277282115,28.795077676236488,28.88244338480177,33686800
2022-02-22,28.895549774169922,29.10085504028446,28.6989794132967,29.03096246770875,34421400
2022-02-23,28.406309127807617,29.03532889196616,28.375731963308855,28.947963184354705,34583600
2022-02-24,28.633455276489258,28.690240484246925,28.078693890624066,28.22284480184833,57320000
2022-02-25,29.52019500732422,29.55514128713613,28.821286074389395,28.886806183210886,42528000
2022-02-28,29.67308807373047,29.716769267849465,29.306158711275625,29.341104999635416,36705200
2022-03-01,29.415355682373047,29.869647314447537,29.192580650735653,29.61192600357504,33464600
2022-03-02,29.7735538482666,29.882758485328623,29.410993653382043,29.42846679523129,29259800
2022-03-03,30.297739028930664,30.446255756519403,29.865289538565296,29.89149758869001,41471200
2022-03-04,30.966068267822266,30.992276315661353,30.15795457705863,30.21910891045731,48683600
2022-03-07,31.367935180664062,31.437827739811144,30.773861758556475,31.03595552269738,61944000
2022-03-08,30.88306427001953,31.612553642405096,30.86996024924106,31.450929609929652,53129800
2022-03-09,30.6646671295166,31.149536085495143,30.607881906195974,31.10585488812068,50953800
2022-03-10,30.86996841430664,30.931122749221686,30.411310902443784,30.433149831964126,34039800
2022-03-11,30.765132904052734,31.123324008457654,30.734555736578947,30.91801874142167,24988400
2022-03-14,30.730186462402344,31.11895473231754,30.572931506856726,30.961699776771923,41004600
2022-03-15,31.12331771850586,31.188841159182207,30.84812326685795,31.027217116535297,29004400
2022-03-16,31.066532135009766,31.2194179396157,30.62534452800928,31.08400527448767,40011800
2022-03-17,31.197580337524414,31.420358733285802,31.022852249332363,31.084009912961506,31830000
2022-03-18,30.931121826171875,31.337363228933764,30.861232588066592,31.197581420061997,37038000
2022-03-21,31.137794494628906,31.282908596486195,30.96629723058995,30.97509385460322,36294400
2022-03-22,31.181772232055664,31.25652676470494,30.935517073138634,31.25652676470494,29286400
2022-03-23,31.22574806213379,31.406038618941082,30.997082776756848,31.15099016791661,27990000
2022-03-24,31.5467529296875,31.586331031209443,31.23014153722932,31.291707845700053,26591400
2022-03-25,32.00408172607422,32.01727330893218,31.5863326125676,31.661087152049078,28922000
2022-03-28,32.21076202392578,32.21076202392578,31.84577920536571,32.03486640673407,30959800
2022-03-29,32.50978088378906,32.50978088378906,32.14039978267682,32.197567782630976,38114600
2022-03-30,32.77801513671875,32.786808405581965,32.44381388612403,32.54055661826426,35229200
2022-03-31,32.74283218383789,33.04185362019421,32.72524229288415,32.75602376332103,35701200
2022-04-01,33.20016860961914,33.222156818219865,32.52297271485787,32.71645821476955,38013800
2022-04-04,32.94511032104492,33.063841244173354,32.606514152162845,33.063841244173354,28391000
2022-04-05,33.15179443359375,33.52996877605243,32.95391399262484,32.958308950029966,38140600
2022-04-06,33.8114013671875,33.833389574574525,33.107822344885165,33.25733141934279,56489200
2022-04-07,33.727848052978516,33.8113992098028,33.42003329877725,33.79820762818406,42033800
2022-04-08,33.84217834472656,33.960909280942296,33.55634846134788,33.85097496848349,34388600
2022-04-11,33.38045883178711,33.90814223050446,33.332087462162946,33.864169173099555,46335800
2022-04-12,33.50798797607422,33.68388360411034,33.16939165992198,33.28811927976158,45313800
2022-04-13,33.442012786865234,33.6003184348803,33.22214420405857,33.51236898880064,35313000
2022-04-14,33.45961380004883,33.68388079093806,33.41124577743525,33.50798517759219,28427000
2022-04-18,33.27931594848633,33.688271734206864,33.121010266599086,33.499184578337605,29878000
2022-04-19,33.494789123535156,33.56075038910298,33.27931878728097,33.376061529456535,33030400
2022-04-20,33.76742935180664,33.934528326356556,33.66628829159911,33.85098051654636,36652400
2022-04-21,33.208953857421875,33.75423043363867,33.18257069741837,33.657487707054116,36817000
2022-04-22,32.65049743652344,33.20016911053898,32.62850922759095,33.16498931821887,54683400
2022-04-25,32.42622375488281,32.78241320740826,31.889743775091727,32.76482331488228,59671800
2022-04-26,32.100826263427734,32.71206090607671,32.08763467983426,32.3119016657125,41106200
2022-04-27,31.94691276550293,32.42182981379779,31.841376761969315,32.122808341345,49067800
2022-04-28,32.3031005859375,32.41743321953246,31.933722876532716,32.10082183722594,39902600
2022-04-29,31.3356876373291,32.21955738376201,31.287316255592366,32.16239273031408,54338200
2022-05-02,31.014678955078125,31.630311999360828,30.62331292901966,31.48519784904337,65832200
2022-05-03,31.133399963378906,31.643493450465943,30.988285859536816,31.129001651312116,42152800
2022-05-04,31.82817268371582,31.88534065852791,31.194953489469448,31.32687261726206,56580200
2022-05-05,31.502779006958008,31.88095334258857,31.2213474113626,31.617111641084033,54849200
2022-05-06,31.75343132019043,31.85457237946756,31.309295689770018,31.31809231488776,55359800
2022-05-09,31.515975952148438,31.836985702809706,31.252134205743598,31.559949017394274,51419400
2022-05-10,31.133399963378906,31.99088629530195,30.764018913138052,31.559942295842475,65578400
2022-05-11,31.357654571533203,31.880942844909413,31.085019690220406,31.1114028452047,72101800
2022-05-12,31.041048049926758,31.401635782932534,30.711245142358838,31.32248295091909,49892000
2022-05-13,31.41042709350586,31.45879845199567,30.90912697363733,31.313684376526236,30208800
2022-05-16,31.50716781616211,31.643485260589323,31.291697549664327,31.42361668316311,23213600
2022-05-17,31.832584381103516,31.836982693691336,31.1685800873823,31.656688781815376,29901800
2022-05-18,31.524768829345703,31.951314556859693,31.441217666863338,31.8853532893699,37456600
2022-05-19,31.45880126953125,31.59951704639673,31.014665735859765,31.379648435361368,36552200
2022-05-20,31.5467529296875,31.634702402553298,31.111413942522177,31.54235797224122,31358000
2022-05-23,31.924924850463867,32.070038953471624,31.60831348205753,31.90733495722695,27082200
2022-05-24,32.56254577636719,32.6241087249994,31.744634196048814,31.986487678552777,32311400
2022-05-25,32.54056167602539,32.64609769343224,32.32948628628219,32.59772631984379,27723800
2022-05-26,32.632904052734375,32.87036259312236,32.60652088877881,32.742838375788295,23290000
2022-05-27,33.14299774169922,33.14299774169922,32.46580197407863,32.606517759887524,23241200
2022-05-31,32.6856803894043,32.95831541892363,32.5449645614469,32.83518948882716,31041000
2022-06-01,32.632904052734375,32.80440132830415,32.33388255983054,32.80440132830415,22422200
2022-06-02,32.85277557373047,32.88355705268203,32.12720830709563,32.791212615827355,25038200
2022-06-03,32.69446563720703,32.89674438057073,32.632902687267176,32.71645384286948,17691200
2022-06-06,32.839576721191406,33.09462512172056,32.79999862562641,32.989085770166454,20345800
2022-06-07,33.03746032714844,33.06824180226106,32.5537499946947,32.75602873899611,19820000
2022-06-08,32.391048431396484,32.89234864326247,32.34267706402967,32.89234864326247,19971400
2022-06-09,31.612712860107422,32.52736720969554,31.590724654087538,32.37345983234398,25767600
2022-06-10,31.370853424072266,31.652288347192815,31.107011748258742,31.300497209488828,32800600
2022-06-13,29.928516387939453,31.041051102071137,29.779007332173784,30.970694886101704,52721400
2022-06-14,29.17217254638672,30.073635405110775,28.842369552452976,29.963701073799527,51342600
2022-06-15,29.361251831054688,29.809785660891073,29.005065767012397,29.43161139453045,51664800
2022-06-16,28.79399299621582,28.99627170326431,28.565327776123752,28.99627170326431,48754400
2022-06-17,28.525758743286133,29.04025055898409,28.288300207980335,28.837971811485644,43129400
2022-06-21,29.068744659423828,29.22831717432716,28.554565804340506,28.62548842508718,37266400
2022-06-22,29.374597549438477,29.59179560116366,28.904746889044088,28.91361391005775,28582200
2022-06-23,30.06607437133789,30.119262960755044,29.507570510018432,29.547465333858348,41140200
2022-06-24,30.58911895751953,30.651174570494042,30.1059678201868,30.225648917907126,30075200
2022-06-27,30.837339401245117,30.908262029612988,30.40294675693454,30.52262784686106,23276800
2022-06-28,30.72209358215332,31.1786470376676,30.68220213774244,30.939291607647824,26371800
2022-06-29,30.74425506591797,30.863932770478666,30.549221225531852,30.770849359869914,30329400
2022-06-30,31.085567474365234,31.31606267658421,30.51376636111674,30.553661192252886,37737800
2022-07-01,31.847965240478516,31.901157215190707,31.121025161631586,31.245136387516094,34255800
2022-07-05,30.761985778808594,31.7992038261571,30.278834686542876,31.777043041748886,44053600
2022-07-06,31.081130981445312,31.364814724721803,30.66890251359401,30.912691433903227,28518200
2022-07-07,31.05010414123535,31.34265153103998,31.01464282678113,31.240704479205444,16799400
2022-07-08,30.948150634765625,31.085558987411037,30.84620021127672,31.019073256632126,12564600
2022-07-11,31.143177032470703,31.200799112656252,30.7575429770802,30.828465582024815,13232800
2022-07-12,30.992481231689453,31.38697908784279,30.863936492458524,30.96145342441146,19140800
2022-07-13,30.863935470581055,31.196377701171546,30.677768633076923,30.704362929355444,38159200
2022-07-14,30.863935470581055,30.908263806748252,30.296567938124316,30.367490570570034,18925000
2022-07-15,30.92156410217285,30.96588906107432,30.389654450022437,30.894966421409897,17484200
2022-07-18,30.49160385131836,30.89496535977197,30.478306702282605,30.85064040239363,15422000
2022-07-19,30.686630249023438,30.855066398754087,30.584679828280777,30.6910603764382,22715400
2022-07-20,30.278839111328125,30.7531232537183,30.238947664497644,30.739826104774806,34085200
2022-07-21,30.358613967895508,30.37191111183751,30.074930291212205,30.363047476468235,26029400
2022-07-22,30.775285720825195,30.89496343647419,30.531493397754865,30.602416030567056,19543000
2022-07-25,31.160921096801758,31.169784735347186,30.642308624793383,30.726528408973206,17292000
2022-07-26,31.347087860107422,31.444604792738538,31.098865400157223,31.134323336023407,17934400
2022-07-27,31.373680114746094,31.45789989322176,31.112160523151154,31.20081042971079,20684200
2022-07-28,32.49955368041992,32.56604280566184,31.901158316797456,31.927752614183266,29715600
2022-07-29,32.778804779052734,32.91621654317591,32.43306537716518,32.43749888743431,24547600
2022-08-01,32.81425857543945,32.8408528674029,32.468519252807816,32.6768502245927,23148800
2022-08-02,32.74777603149414,33.15114090997915,32.72118173419707,32.96054055520288,22916600
2022-08-03,32.9516716003418,33.03145786932619,32.18927360777416,32.69901564552075,21960400
2022-08-04,33.02259826660156,33.26195710280366,32.863025709133495,32.96940628685301,17328200
2022-08-05,32.90290832519531,33.08464160376252,32.5926269645109,32.93393612308612,22050200
2022-08-08,32.9516716003418,33.34173930727757,32.7965325722547,33.186600279190465,16899000
2022-08-09,33.319576263427734,33.38163187675555,33.03145898339015,33.053623151768925,16213600
2022-08-10,33.465850830078125,33.54120358985707,33.222058511055415,33.470284339999594,15778600
2022-08-11,33.4614143371582,33.79829004383693,33.3638974182425,33.51460630614229,16048200
2022-08-12,34.006622314453125,34.011055824147014,33.62098813373353,33.687477252033744,15798800
2022-08-15,34.29030227661133,34.325763586692815,33.87807384679988,33.940129448554146,15571000
2022-08-16,34.3878288269043,34.51194006519959,34.17949779900394,34.21495911902477,15577600
2022-08-17,34.330204010009766,34.480912932166504,34.21938991910363,34.24598760052992,21286000
2022-08-18,34.458736419677734,34.56512034372553,34.33905873234455,34.36121951352215,16559000
2022-08-19,34.441009521484375,34.59615191552834,34.28587050921724,34.414415228460534,17286600
2022-08-22,33.97115707397461,34.33906055517236,33.88250718100542,34.277004953738604,26453000
2022-08-23,33.76726150512695,33.98445612230439,33.62985314879915,33.90910337088442,15747000
2022-08-24,33.87363815307617,33.917963096931175,33.63871290704588,33.72293266761388,15002200
2022-08-25,34.08198165893555,34.08198165893555,33.69634740366692,33.95343690717934,14601800
2022-08-26,33.558937072753906,34.210524433194976,33.52790926424612,34.09527683797569,17732400
2022-08-29,33.660884857177734,33.909107305612196,33.19103087464178,33.38606473085585,22477400
2022-08-30,33.16887283325195,33.67861830213544,33.044761598764325,33.65202062204701,20560600
2022-08-31,32.9516716003418,33.390497770644544,32.93837445247393,33.186600279190465,22012800
2022-09-01,33.425960540771484,33.474715624483,32.8231316781616,32.8231316781616,28160000
2022-09-02,33.06691360473633,33.824881341291324,32.9693966944585,33.51016982834346,25536800
2022-09-06,33.15113830566406,33.61212525267059,33.06691852846969,33.253085358478934,32900400
2022-09-07,34.188358306884766,34.23711677200332,33.27525138153232,33.31071269830532,31509800
2022-09-08,34.161766052246094,34.387827732965434,33.98003271103143,34.05981560587384,25150600
2022-09-09,34.299171447753906,34.494205302896056,34.0642461486657,34.365660569441204,21181400
2022-09-12,34.627193450927734,34.67151841747211,34.28588410680188,34.39226470286401,22680600
2022-09-13,33.70520782470703,34.418850703671325,33.54120178421377,34.27700882981503,35156200
2022-09-14,33.980037689208984,34.170634697181114,33.68305332719506,33.718514651282995,22297400
2022-09-15,33.13340377807617,33.70963823997079,33.0491840107192,33.70963823997079,36110000
2022-09-16,33.009300231933594,33.266389721157786,32.95167474330688,33.01373374223815,32222400
2022-09-19,33.4515380859375,33.45600162442657,32.817851807781246,32.90710214946889,21462800
2022-09-20,32.96512222290039,33.23287668746714,32.724142183385496,33.23287668746714,23408400
2022-09-21,32.5143928527832,33.40244626723252,32.501005643244476,33.179317029101796,30461200
2022-09-22,32.398372650146484,32.61703840389082,32.22879561321781,32.48762641012169,34700800
2022-09-23,32.02350997924805,32.1261475246323,31.612949583664847,32.08152235687036,32420600
2022-09-26,31.25148582458496,31.983349576852767,30.939106200330123,31.943187941455385,35939000
2022-09-27,30.724897384643555,31.50584976830027,30.573171127209132,31.45676106038156,38286000
2022-09-28,31.055131912231445,31.247023231418982,30.675812812818684,31.08190974132266,45882600
2022-09-29,29.8100643157959,30.965872008654433,29.747588408326873,30.89447243069624,40662000
2022-09-30,29.234392166137695,30.068893293018096,29.171916255184566,29.952868546780458,45553000
2022-10-03,30.09121322631836,30.25633011036602,29.506615633508098,29.711894151558397,50894000
2022-10-04,30.729360580444336,30.756135000944365,30.1135250761686,30.300952829033108,33993000
2022-10-05,30.046585083007812,30.336653783739635,29.71189121401311,30.336653783739635,34411400
2022-10-06,29.055889129638672,29.96625681310173,29.02465117305973,29.917168109237405,51342000
2022-10-07,28.453441619873047,29.078205912129018,28.257088489894052,28.97110141921867,42166800
2022-10-10,28.50252914428711,28.841684846046416,28.4623658122842,28.51145451832565,33035600
2022-10-11,28.399887084960938,28.770282410359044,28.248159146007875,28.395425249553877,34320000
2022-10-12,27.45382308959961,28.408816006018633,27.435972341060303,28.355265462741784,41833000
2022-10-13,28.141061782836914,28.252626408471205,26.931699947181947,27.038802736820948,61429800
2022-10-14,27.73496437072754,28.63640497489402,27.596623633285677,28.431126488889415,39305800
2022-10-17,28.31510353088379,28.582859665200214,28.114286855731756,28.114286855731756,28247400
2022-10-18,28.832759857177734,28.988949639864337,28.547154710355972,28.877385022990776,32083800
2022-10-19,28.457904815673828,28.649794404967714,28.212462980569423,28.457904815673828,25686800
2022-10-20,27.73942756652832,28.466829379162476,27.60555036049739,28.466829379162476,31037000
2022-10-21,28.252628326416016,28.462368679254883,27.650178285688536,27.84206959099345,31087200
2022-10-24,28.48914337158203,28.71227092443741,28.181225612253673,28.404354867450166,20061000
2022-10-25,29.06035041809082,29.136213534669757,28.5159145844177,28.582854030385676,28403600
2022-10-26,29.04696273803711,29.36380925396556,28.922010908777324,29.216543138902814,27068800
2022-10-27,29.279022216796875,29.60925257332993,29.194232007203407,29.256707928583108,24514600
2022-10-28,30.082284927368164,30.14476084044142,29.359344984358007,29.399506612184283,27185800
2022-10-31,29.8011417388916,30.131372071742543,29.622637660029806,30.006420237943924,21789600
2022-11-01,29.91716766357422,30.091208191161705,29.680651223759526,29.979643575801425,21479000
2022-11-02,29.62709617614746,30.43928636284482,29.613708968321486,29.818987432576694,42680400
2022-11-03,29.75651741027832,30.019808295402687,29.185307065542823,29.345960400584957,28656400
2022-11-04,29.93947982788086,30.059971524259453,29.417358222725664,29.81899153618428,24298400
2022-11-07,29.368274688720703,29.93056142657151,28.904165378633977,29.88147271268947,28592800
2022-11-08,29.57355308532715,29.756520728012834,29.31472570972967,29.40843959817261,24827800
2022-11-09,29.341493606567383,29.680650987878167,29.283481232726555,29.453058221041026,25781800
2022-11-10,30.724897384643555,30.778449630922747,29.778831533153166,30.22509003809986,35830400
2022-11-11,30.38127326965332,30.80521739588155,30.091204623174367,30.7248907461594,30624000
2022-11-14,30.019805908203125,30.56424178869835,30.006418698794548,30.39912833308327,20490600
2022-11-15,30.35004234313965,30.559784388450776,29.98411049962308,30.33665513253379,27241600
2022-11-16,30.62226104736328,30.77845084934123,30.363430287124206,30.363430287124206,26462200
2022-11-17,30.086746215820312,30.372351373601255,29.93948009877269,30.287564576707627,23247200
2022-11-18,30.724897384643555,30.756135343802534,30.35450200841407,30.367892623495514,23483000
2022-11-21,30.863239288330078,30.95248962586174,30.653497249980315,30.675808132022166,22876400
2022-11-22,31.12652587890625,31.31841714237566,30.93017107777057,31.010497732355017,14904800
2022-11-23,31.474613189697266,31.488000400683713,31.037281742289075,31.037281742289075,14333400
2022-11-25,31.657575607299805,31.755753011280866,31.568321874279846,31.59063615870528,8983000
2022-11-28,31.331806182861328,31.55939895160632,31.19793068717982,31.43890726034291,18262600
2022-11-29,31.099750518798828,31.166686558353835,30.916782931530964,31.13991214253183,19004400
2022-11-30,31.876235961914062,31.9431753993092,31.010493622214337,31.041731572374573,32946400
2022-12-01,31.849472045898438,32.35820649028219,31.769145375486143,32.18862607236605,30706200
2022-12-02,31.697742462158203,31.782532671342775,31.38089931820841,31.510314698922947,20708200
2022-12-05,31.519235610961914,31.63972730869097,31.39874731791491,31.456759695355018,22903000
2022-12-06,31.715585708618164,31.733436453943593,31.354117478652455,31.474605753747177,25649600
2022-12-07,31.568328857421875,31.956575021407527,31.45230408585309,31.74236941945759,28297800
2022-12-08,31.773609161376953,31.889637344126953,31.45676598185591,31.57279416460591,19920000
2022-12-09,31.60848617553711,31.885164229806612,31.577248220871788,31.66203500943097,23837200
2022-12-12,32.3314323425293,32.340359420636624,31.657584346783572,31.778072663770633,22763800
2022-12-13,32.42959976196289,32.929410436507204,32.077055188580964,32.78660787302049,27388400
2022-12-14,32.389442443847656,32.88478964658408,32.15292598581141,32.54116869817955,26637400
2022-12-15,31.996732711791992,32.31803937276204,31.845006457823985,32.26449053238844,26308000
2022-12-16,31.452301025390625,31.755756945893815,31.05959136080873,31.755756945893815,39263400
2022-12-19,31.327220916748047,31.628663118213364,31.124762861807458,31.29123073828594,19664600
2022-12-20,31.336225509643555,31.507190037501122,31.106770497422488,31.30922858126803,15964000
2022-12-21,31.772634506225586,31.78613125237629,31.421701943608756,31.52518271833033,16484800
2022-12-22,31.579179763793945,31.723150807186475,31.05728258615827,31.723150807186475,14103800
2022-12-23,31.903108596801758,31.925602029415288,31.51618585743625,31.520682484435138,11349400
2022-12-27,32.10107421875,32.16856139770083,31.772641877751404,31.975099982063387,12211400
2022-12-28,31.795122146606445,32.308019002133136,31.745631798043423,32.173048132675056,14431200
2022-12-29,32.02458190917969,32.2045465280949,31.93010125657061,31.95259468859776,11555200
2022-12-30,31.718643188476562,32.047078876490275,31.421701051433512,31.993088460880735,14700200
2023-01-03,31.718643188476562,31.91660461317193,31.286730161219083,31.80862378195285,25774200
2023-01-04,32.006587982177734,32.294530025318984,31.813126600141587,31.862616960607106,20872600
2023-01-05,31.313724517822266,31.885111943054554,31.219243862300175,31.763634362712068,19572800
2023-01-06,31.943599700927734,32.096567403989134,31.62416411582323,31.669154414809537,19620400
2023-01-09,32.15955352783203,32.402501795522255,31.84461461307257,31.939095257738614,23438800
2023-01-10,32.16856002807617,32.18655683719952,31.790637334106957,32.074079354583866,17215000
2023-01-11,32.42950439453125,32.47449469521905,32.16405578515536,32.168555844986116,21371800
2023-01-12,32.209049224853516,32.51498810490246,32.182055728318105,32.46999779983002,25797800
2023-01-13,32.092071533203125,32.20004893982299,31.853619853670143,32.07407472667651,23793600
2023-01-17,32.04709243774414,32.344031267902125,31.99310199928766,32.11457619513841,19530400
2023-01-18,31.277734756469727,32.18655467723809,31.237244513064667,32.18655467723809,29020400
2023-01-19,30.962799072265625,31.295731435988447,30.886315213343106,31.264237880400344,28394000
2023-01-20,31.147260665893555,31.160757412291225,30.521882811636715,30.944799172309178,26621000
2023-01-23,31.156251907348633,31.457690632678922,30.90430353185337,31.03927440478047,19652600
2023-01-24,31.313724517822266,31.40820517334436,30.78733082311073,31.187750310459474,20658800
2023-01-25,30.890811920166016,30.96279571117904,30.575872965932252,30.85481830838963,25983000
2023-01-26,30.994293212890625,31.04378357725468,30.670357530704145,30.72884801542904,20360000
2023-01-27,30.994293212890625,31.12926755798172,30.80533187579524,30.926806040345078,15425800
2023-01-30,30.85482406616211,31.205753265118886,30.832327196468825,30.881817563761743,15561000
2023-01-31,31.084274291992188,31.09327441248932,30.575877325191676,30.94030325690017,19442400
2023-02-01,31.138256072998047,31.358710908413595,30.71533977308557,30.9357980410404,30944600
2023-02-02,31.205747604370117,31.552176680037636,30.913305514108583,31.156257246054793,24997000
2023-02-03,30.55337905883789,31.04827919919405,30.14395945444945,30.926801619468815,25362200
2023-02-06,30.81432342529297,30.84132034933353,30.386910458009734,30.440900873551247,31414200
2023-02-07,30.80082893371582,30.899809653182736,30.373415935152163,30.67485472077242,21124400
2023-02-08,30.283430099487305,30.634359223945527,30.13046240217563,30.620862478010928,22471400
2023-02-09,29.8695125579834,30.52188042140758,29.820022203374446,30.35541598548611,20715200
2023-02-10,30.463396072387695,30.49038956545417,29.865015137455572,29.90100874990408,30963400
2023-02-13,30.647855758666992,30.724339598229594,30.47688784371618,30.47688784371618,16183800
2023-02-14,30.51738739013672,30.82782286716638,30.3554195618865,30.616368111016286,14150400
2023-02-15,30.715347290039062,30.73784415800191,30.341924682652724,30.341924682652724,11020000
2023-02-16,30.481395721435547,30.625366752117106,30.157460044267008,30.413908549935414,18399600
2023-02-17,30.80983543395996,30.953806483217416,30.32843191620468,30.49039634314631,21873200
2023-02-21,30.23394203186035,30.67035515700022,30.211448597779484,30.584874615429055,16969000
2023-02-22,30.11697006225586,30.463399177904115,30.03598614226092,30.229447538218825,26750200
2023-02-23,29.959501266479492,30.2519434140803,29.82903040447371,30.2519434140803,21406600
2023-02-24,29.968496322631836,30.076473728905857,29.57707350514621,29.698551090676858,23150400
2023-02-27,29.766036987304688,30.4049081432768,29.70304645107982,30.11696611713332,21720600
2023-02-28,29.244138717651367,29.77503245013493,29.244138717651367,29.631061442980382,41151800
2023-03-01,28.762739181518555,29.11816840376172,28.627766558821282,29.091174908984275,47276000
2023-03-02,29.307126998901367,29.325123804587836,28.68175258959034,28.722244544249964,30688600
2023-03-03,29.80652618408203,29.82452298915453,29.136161499694516,29.42410351577531,30175200
2023-03-06,29.95050048828125,30.040481091006836,29.78403259744495,29.824526271449443,24243200
2023-03-07,29.46009635925293,30.05397718103191,29.316125354959226,29.977489903329392,24055200
2023-03-08,29.685056686401367,29.74354373763586,29.338624141481347,29.45110161638315,27407400
2023-03-09,29.44659996032715,30.040480858319864,29.347622671111647,29.766038992370603,34067200
2023-03-10,28.98318862915039,29.590566175512674,28.83471757063934,29.590566175512674,41666400
2023-03-13,29.428606033325195,30.07647390735305,28.906708940247885,28.947199180638428,67671200
2023-03-14,29.815528869628906,30.058480638183376,29.52309016784213,29.649064396157716,35118400
2023-03-15,30.220441818237305,30.413903178347876,29.58607075627255,29.7300417615265,48336800
2023-03-16,30.42290496826172,30.598369533287254,29.990991928772733,30.107966017096615,31646800
2023-03-17,30.13046646118164,30.41390846161091,29.90551151186123,30.350921350404402,35814600
2023-03-20,30.36614227294922,30.465852547099868,30.166721724647918,30.175788181119792,38838000
2023-03-21,29.75428581237793,30.45225422558294,29.35544474320949,30.41599531786949,51865000
2023-03-22,29.16962432861328,29.87212598024794,29.156028102477354,29.71349412108928,35793200
2023-03-23,28.870494842529297,29.459688261985022,28.72546266939927,29.178686913740698,33769000
2023-03-24,29.772415161132812,29.7814781591093,28.87502621651152,28.902220397200608,36112000
2023-03-27,29.808670043945312,30.076075160002528,29.727089232349513,29.86305840428907,28273800
2023-03-28,29.890256881713867,30.207517194255775,29.736161683098945,29.736161683098945,22038800
2023-03-29,30.32535171508789,30.375203391237207,30.04888359309009,30.04888359309009,19807800
2023-03-30,30.456785202026367,30.60635060888865,30.284560570325493,30.39786706803815,20585600
2023-03-31,30.67887306213379,30.692469290659034,30.37974220321671,30.55650008972574,23444000
2023-04-03,30.470386505126953,30.69699951259146,30.29815840643628,30.565563553321237,24071400
2023-04-04,30.62447738647461,30.678865745444778,30.370671960293013,30.452252769828466,21613800
2023-04-05,31.41762924194336,31.503743296840153,30.7513864037931,30.75591963242985,37674400
2023-04-06,31.639711380004883,31.707695983232888,31.317921279755595,31.671437067132544,33350400
2023-04-10,31.576250076293945,31.585316531388276,31.14568682097894,31.45841382278341,20463000
2023-04-11,31.603450775146484,31.694094592795505,31.449352135735154,31.53093295475527,17274000
2023-04-12,31.57172203063965,31.7983350106201,31.45841554064942,31.662365839495962,25109200
2023-04-13,31.576250076293945,31.66236411049273,30.97799198012853,31.43121791533989,32892400
2023-04-14,31.222734451293945,31.408558744798334,31.077702290102014,31.345107390391828,18129400
2023-04-17,31.394962310791016,31.449350673555738,31.082238733953403,31.27712604489387,15613800
2023-04-18,31.2318058013916,31.472015031841497,31.113966071379195,31.408563667490203,15566200
2023-04-19,31.472009658813477,31.56718668909141,31.263526146132374,31.308848047525757,20634600
2023-04-20,31.46294403076172,31.585316971363515,31.27712319281315,31.49920293596518,14737400
2023-04-21,31.5535945892334,31.775674355579476,31.367770274037788,31.66690108644832,14075600
2023-04-24,31.71222496032715,31.766609869345345,31.35417599198363,31.5445300892275,13579000
2023-04-25,31.68049430847168,31.852718923083252,31.58531727477795,31.594380272246116,20503200
2023-04-26,30.93720817565918,31.53546636599856,30.90094926525315,31.435756091301993,29513800
2023-04-27,31.308855056762695,31.33604751211852,31.00066121731592,31.027853672671746,24933400
2023-04-28,31.263532638549805,31.449353510203444,31.068645310031023,31.21820726990439,24246800
2023-05-01,31.317916870117188,31.62157746956016,31.16382168514854,31.191014139474756,21016200
2023-05-02,30.93720817565918,31.372304727011453,30.760450309729816,31.2907239075179,22931000
2023-05-03,30.851093292236328,31.295256288079003,30.814834382812453,31.10943197066158,23714400
2023-05-04,31.086767196655273,31.209140143269043,30.615415237211657,30.905479577410663,29262200
2023-05-05,31.286195755004883,31.363243358737574,30.98253511122975,30.98253511122975,22833200
2023-05-08,31.19101333618164,31.48107770099119,31.08676983421572,31.25446469986873,16573400
2023-05-09,31.150224685668945,31.231805504465004,30.92814145471079,31.11849900379492,20562200
2023-05-10,31.435754776000977,31.51733559208111,31.1184979678226,31.345110961618545,21416600
2023-05-11,31.11396026611328,31.462942704931983,30.968928109250534,31.45387970793279,29748200
2023-05-12,31.286195755004883,31.485616336751214,31.100374860247182,31.286195755004883,23748200
2023-05-15,30.891887664794922,31.44935374169945,30.764981472629824,31.404031830560573,26370200
2023-05-16,30.207515716552734,30.914547219780943,30.1893862603366,30.855629080458662,28008000
2023-05-17,30.09874153137207,30.311754855361237,29.97183534167796,30.302691856445996,34176600
2023-05-18,30.008098602294922,30.03982428985664,29.745226643731755,29.95824345643499,32335600
2023-05-19,29.9627685546875,30.316284250970092,29.94463910130895,30.14858940059824,24945000
2023-05-22,29.971832275390625,30.19391549125488,29.863059010335324,30.039816862740096,18989400
2023-05-23,29.867589950561523,30.162187501284897,29.786009143558736,29.858523495428166,24128000
2023-05-24,29.67270851135254,29.935580436632023,29.622853371805043,29.82680370061558,23127600
2023-05-25,29.273862838745117,29.631911758931597,29.065379313922538,29.618315533505722,32252200
2023-05-26,29.273862838745117,29.29652551968133,28.97473550585694,29.228540934712317,33187800
2023-05-30,29.16055679321289,29.47328381412248,29.115234888490843,29.32371841648401,31165800
2023-05-31,29.427963256835938,29.55939920703579,28.98833349943915,29.174157812499583,34266200
2023-06-01,29.210411071777344,29.523138083544197,29.029123458189193,29.482349407838736,37306400
2023-06-02,29.514074325561523,29.627380810054532,28.992863805325776,29.06084838758948,46091600
2023-06-05,29.654579162597656,29.9763692276697,29.514080200368504,29.577531567687487,24089000
2023-06-06,29.631916046142578,29.84039960112902,29.550335223944394,29.790547919968027,25723200
2023-06-07,30.135000228881836,30.20751805937067,29.473290585953347,29.654581704334962,38529600
2023-06-08,30.266433715820312,30.311755627230824,29.89932173820293,30.125934753095674,29318200
2023-06-09,30.089672088623047,30.29815562138547,30.071542634751562,30.275496397425936,26632600
2023-06-12,30.0352840423584,30.19391590093947,29.91291454974079,30.11233508658113,22967400
2023-06-13,30.030757904052734,30.134997955214992,29.804144887633647,29.854000027873063,23737200
2023-06-14,30.01262092590332,30.370669817050516,29.953699343383803,30.13952363003866,28047200
2023-06-15,30.338945388793945,30.41145974077964,30.062477290054538,30.12592864473183,27402400
2023-06-16,30.50210952758789,30.74684851140514,30.38880303373777,30.411462257803926,27370800
2023-06-20,30.144380569458008,30.47789478445393,30.11239970657275,30.413933058683405,25850800
2023-06-21,30.386524200439453,30.418505065760172,29.71035285210482,30.039300887205297,21445400
2023-06-22,30.15351676940918,30.560132095477787,30.066710075421724,30.500740059706335,20000800
2023-06-23,29.710351943969727,30.345403025679197,29.6692351836654,30.240324536688508,25439200
2023-06-26,30.00274658203125,30.094122961281986,29.646387417084533,29.760605276908606,20535200
2023-06-27,30.011886596679688,30.116965077971876,29.915944010679304,30.025592182443667,17020800
2023-06-28,29.5687198638916,30.002746333364836,29.49105255641154,30.002746333364836,29447600
2023-06-29,29.5687198638916,29.733193859527287,29.271752733679815,29.33571445579898,29307800
2023-06-30,29.897668838500977,29.929649700612412,29.596132008033827,29.60983759384551,27858600
2023-07-03,30.121536254882812,30.135241841323133,29.733196201245292,29.833708482677928,16329200
2023-07-05,30.464195251464844,30.692631027649895,29.975342829854963,30.016459596454677,38338000
2023-07-06,30.094118118286133,30.308844732251732,29.929644147755788,30.222041542998202,30845600
2023-07-07,29.87482261657715,30.084983056716013,29.79715530980565,29.89766758240519,25787600
2023-07-10,29.746902465820312,29.925082064911837,29.509327343263084,29.82456978118784,24820200
2023-07-11,30.116971969604492,30.12611135264019,29.69665097694909,29.806299173804124,22871800
2023-07-12,30.555561065673828,30.59211161792482,30.15351544787046,30.208341276246948,26655000
2023-07-13,30.660646438598633,30.669782334850186,30.445916277331644,30.555564460614804,19835400
2023-07-14,30.541854858398438,30.67434799337237,30.36824496721834,30.58297510025704,20285600
2023-07-17,30.19007110595703,30.509879778108928,30.176365517958107,30.441348352461205,21260800
2023-07-18,29.95706558227539,30.423073001403882,29.692079262744926,30.16265637307997,36264600
2023-07-19,30.263166427612305,30.441346029306604,29.979908335509997,29.979908335509997,27154000
2023-07-20,30.815977096557617,30.861667028876198,30.190065457361523,30.34540007315685,33329000
2023-07-21,31.27741813659668,31.400775376464708,30.88450842220267,30.939334249438733,36746000
2023-07-24,31.195186614990234,31.377935918873597,31.048987869014155,31.323110082012672,26484600
2023-07-25,31.250009536743164,31.34595212806014,31.062690559181885,31.15863315049886,16701600
2023-07-26,31.250009536743164,31.59723283316607,31.103810804405004,31.167772531949655,23158200
2023-07-27,30.69719696044922,31.259146949090823,30.63323522980144,31.12665379684817,32130200
2023-07-28,30.628660202026367,31.021569899345486,30.477891797918552,30.89821266483826,26432200
2023-07-31,30.642366409301758,30.875371812596946,30.50073738261858,30.752014575583814,25047000
2023-08-01,30.267732620239258,30.765720812123234,30.24945734452988,30.605816506731703,26919600
2023-08-02,30.267732620239258,30.40936164992141,30.0941227294788,30.144378866266486,30335000
2023-08-03,29.577856063842773,30.19920150139381,29.55044489283838,30.1763600207743,41266400
2023-08-04,29.235206604003906,29.84741445339808,29.107281405217257,29.655529269457674,36497800
2023-08-07,29.230634689331055,29.481913634203732,29.221497051339615,29.3448542928109,25131800
2023-08-08,29.36769676208496,29.381402348120332,28.95651349558705,29.226067725515964,30350200
2023-08-09,29.431659698486328,29.692076300832564,29.30373624268856,29.35399238398808,26387400
2023-08-10,29.340286254882812,29.728626305846355,29.25347956048822,29.55044671204364,27384400
2023-08-11,29.50018882751465,29.541309069774,29.27632279724365,29.367695691249473,24336200
2023-08-14,29.26718521118164,29.50019063653313,29.139261757467942,29.481915359480787,21549600
2023-08-15,28.79203987121582,29.111850244589935,28.773764594376996,29.098142915547655,30379000
2023-08-16,28.91996192932129,29.047887118199977,28.805744068824108,28.91539398174495,25028400
2023-08-17,28.856000900268555,29.23520504279548,28.842295314383676,28.951943487115265,23752800
2023-08-18,29.006771087646484,29.07530076408202,28.82402179816562,28.851434714435666,25675600
2023-08-21,28.82402229309082,28.997633946796014,28.59558654873056,28.91996488744379,24162000
2023-08-22,28.9062557220459,28.988492719261203,28.69609528152954,28.80574344926581,27057800
2023-08-23,29.020477294921875,29.09357666371205,28.819454466455504,29.061595798793,26772000
2023-08-24,28.85143280029297,29.367696284596192,28.82401988584163,28.970218610596238,25933800
2023-08-25,29.070728302001953,29.21692701375429,28.87427345630485,28.892548730980423,24981000
2023-08-28,29.066158294677734,29.28088666988064,29.006766266869537,29.120984118106055,17326400
2023-08-29,29.17580795288086,29.262614634497908,28.983921058150724,29.102708598418445,23746200
2023-08-30,29.043319702148438,29.27175544103136,28.933671523467407,29.079870256926366,22480800
2023-08-31,28.76462745666504,29.184950117142936,28.755489818086566,29.157537201407525,27542200
2023-09-01,28.618431091308594,29.01590881679163,28.39456502751846,28.91539826977068,28775400
2023-09-05,28.17983055114746,28.618426715152765,28.024494191875636,28.60015143927932,37650600
2023-09-06,28.243793487548828,28.2757743502885,28.061044206613875,28.220950263138537,38940200
2023-09-07,28.61385726928711,28.842292977264883,28.41283273085794,28.48593208769778,33748600
2023-09-08,28.86513900756836,28.915395147064693,28.57274155176386,28.66411619240934,32521400
2023-09-11,28.983924865722656,29.13469328444726,28.824020551462905,28.833158189824363,27023600
2023-09-12,29.020477294921875,29.102714302664126,28.787471858710028,28.979358791050753,22094800
2023-09-13,29.36769676208496,29.50018990318124,29.034180806889232,29.034180806889232,30120800
2023-09-14,29.797161102294922,29.81543638137954,29.509329813778518,29.55045006313218,26201000
2023-09-15,29.669233322143555,29.975336359601602,29.63725245980693,29.746900632724987,34802000
2023-09-18,29.64712905883789,29.743849110010004,29.43986879441337,29.688579003383804,19135000
2023-09-19,29.485923767089844,29.730030755252837,29.476713840129975,29.6240972687747,24889000
2023-09-20,29.51356315612793,29.82214668778561,29.42605302981666,29.60567648937253,18736000
2023-09-21,29.204973220825195,29.545798473230086,29.19115657442666,29.490528373738094,25628600
2023-09-22,29.14970588684082,29.343145970908886,28.95626404582376,29.076014175250748,24595400
2023-09-25,29.108253479003906,29.131281808885962,28.804274956493487,28.97929166915628,24729800
2023-09-26,28.237770080566406,29.020743851352194,28.15947164931844,28.988503837588024,46833400
2023-09-27,27.694292068481445,28.251585723108537,27.620600360075787,28.182498977813083,52042200
2023-09-28,27.09554672241211,27.855492136039402,27.054095026617972,27.800223793963525,77189800
2023-09-29,27.1416015625,27.551511772912544,26.994218155541528,27.33043666247484,45737800
2023-10-02,25.879629135131836,26.98500644304252,25.571045676201475,26.98500644304252,111645400
2023-10-03,26.179004669189453,26.266513024615232,25.299309123986745,25.676979352380645,115236400
2023-10-04,26.1513729095459,26.363238136990233,25.741462616690256,26.312574751230702,58997200
2023-10-05,25.999378204345703,26.16057824999021,25.74606309392631,26.082281586948227,56290000
2023-10-06,26.36783790588379,26.43231792707458,25.22561561878591,25.67697752407024,68207400
2023-10-09,26.63037109375,26.63037109375,26.211249098597005,26.321787559240853,40487600
2023-10-10,26.994218826293945,27.008035471993118,26.630365262659087,26.630365262659087,61414400
2023-10-11,27.4317684173584,27.454796749468287,26.952771378896603,27.146211476958605,53347400
2023-10-12,27.008037567138672,27.454794553523378,26.763934103789822,27.293592727749495,55086600
2023-10-13,27.312013626098633,27.48703208282416,27.118573560993173,27.18765854555277,39568800
2023-10-16,27.592967987060547,27.694294754802776,27.155422657295308,27.36728611989352,39554800
2023-10-17,27.51927375793457,27.69429222524454,27.316621997909134,27.35807369393126,36960400
2023-10-18,27.279775619506836,27.65744585174983,27.104757149922612,27.49163906550677,46727000
2023-10-19,27.008037567138672,27.445582870026385,26.98961420014469,27.192267723180546,39363800
2023-10-20,26.727088928222656,27.20608595630202,26.72248396468014,26.9435591106516,40044800
2023-10-23,26.501405715942383,26.88368089538159,26.271118912898633,26.482982350031154,41041200
2023-10-24,27.18305778503418,27.29359448019738,26.81920416981136,26.90210756965831,47194400
2023-10-25,27.33504295349121,27.39031305149782,27.026459479224293,27.13699616133974,41309400
2023-10-26,27.56993865966797,27.814042129195613,27.399526903032577,27.408736829813712,47174600
2023-10-27,27.04949188232422,27.606785610711274,26.966588479776657,27.450190490004672,40502400
2023-10-30,27.25674819946289,27.43637163823908,26.957374630203233,27.16463311992538,28539200
2023-10-31,27.491640090942383,27.519275141996662,27.173844910088754,27.367284996621656,21364600
2023-11-01,27.804828643798828,27.970635426299886,27.261351637578205,27.528485177596338,46523000
2023-11-02,28.32527732849121,28.472660744766472,27.818647054663614,27.864703713393794,51100200
2023-11-03,28.4910831451416,28.85493671040104,28.481871462318075,28.81808997910694,45147200
2023-11-06,28.41739273071289,28.633861137580517,28.38975768098665,28.541747819057576,38240000
2023-11-07,28.21013641357422,28.468058293285704,28.16407975078066,28.431211557491604,37684600
2023-11-08,28.00287628173828,28.099596322125745,27.68968607357501,28.090386395664144,43295600
2023-11-09,27.634416580200195,28.141046848057645,27.62059993413374,28.053538494721945,32195600
2023-11-10,27.781801223754883,27.860099654475988,27.597571068957322,27.75877289364243,28030200
2023-11-13,27.4501895904541,27.786409910295152,27.408737890538706,27.721928121688574,31159600
2023-11-14,28.546354293823242,28.569382624673402,28.01208893613408,28.067357281564263,57318200
2023-11-15,28.458845138549805,28.873360353116365,28.394365111191608,28.46805682202226,49662800
2023-11-16,28.610836029052734,28.841122865184403,28.587807696829394,28.693739430616066,34650400
2023-11-17,28.689130783081055,28.79966746633912,28.53253568434138,28.767427453976442,23879000
2023-11-20,28.601621627807617,28.71216007170801,28.2239513929838,28.555564967736014,28316600
2023-11-21,28.661495208740234,28.721370269295022,28.3943634316361,28.57859181934095,20288400
2023-11-22,28.799671173095703,28.808882857377643,28.527932636100346,28.76282619291706,17919600
2023-11-24,28.87335968017578,28.877966400279128,28.684524565764033,28.795063007908222,9798600
2023-11-27,28.919416427612305,28.97928972990924,28.689129630304258,28.896388099271267,24833200
2023-11-28,29.011533737182617,29.223397185390997,28.80888021546246,28.924023623003833,29415200
2023-11-29,28.781246185302734,29.13588632533633,28.67991942703661,29.020742920742613,35806400
2023-11-30,28.905601501464844,28.94244823680105,28.666104749575673,28.864149802686132,30483600
2023-12-01,29.260242462158203,29.264849182398507,28.73058383620735,28.91941895623313,29342800
2023-12-04,29.145097732543945,29.3892029426963,28.99771431661557,29.122069403233056,30515800
2023-12-05,28.937843322753906,29.177340075051884,28.82269991005528,29.17273511160152,22536600
2023-12-06,29.324724197387695,29.333935881455677,29.025352371449248,29.06680407128061,26817800
2023-12-07,29.260242462158203,29.47210766948753,29.126677443322155,29.366174187348374,21876600
2023-12-08,29.204973220825195,29.338539992507446,28.988503056853887,29.21418490407386,24002800
2023-12-11,29.39380645751953,29.43065318816061,29.052982983833687,29.052982983833687,22448800
2023-12-12,29.274059295654297,29.44907600252016,29.04837745360772,29.435259356438355,21768200
2023-12-13,30.379436492919922,30.379436492919922,29.149705732829887,29.306300838750047,43452000
2023-12-14,29.98334312438965,30.72026024224708,29.923469816466167,30.56366689203275,64968200
2023-12-15,29.462894439697266,29.835957939929568,29.24642428043731,29.683967805057968,53129000
2023-12-18,29.396413803100586,29.712554408855762,29.33597468842674,29.54518564422064,32507000
2023-12-19,29.563779830932617,29.600971901019534,29.373165816299462,29.498692378155454,25377800
2023-12-20,28.96404457092285,29.610272576835627,28.95939622687681,29.52658819600517,36651800
2023-12-21,29.015186309814453,29.215098807786838,28.8106254676219,29.061676846017217,31753600
2023-12-22,29.11281394958496,29.401060914090795,29.057024958245147,29.12211241039161,26447400
2023-12-26,29.28948402404785,29.401063791146232,29.057027801634774,29.066326263351325,19075000
2023-12-27,29.270883560180664,29.326674323731847,29.122111737710878,29.233691491313227,18984400
2023-12-28,29.48009490966797,29.521937096177354,29.177901143377944,29.177901143377944,17346400
2023-12-29,29.442903518676758,29.503340854527288,29.24763938596711,29.41500813586107,22478000
2024-01-02,29.870620727539062,29.940358294668727,29.25693652139803,29.317375628010403,30758600
2024-01-03,29.982200622558594,30.037991389227262,29.65676335115861,29.861325948610162,32866400
2024-01-04,29.889219284057617,30.17281613810282,29.852025439953284,30.0147440741595,26622400
2024-01-05,30.000797271728516,30.14491898389389,29.712552073897665,29.847375325036225,27190400
2024-01-08,30.21930694580078,30.228603633411694,29.842729025054723,29.935710089164786,23434400
2024-01-09,29.972904205322266,30.10772923240425,29.907816750455137,30.061238699927767,28805400
2024-01-10,29.96825408935547,30.107729233791606,29.86132621935466,29.97290420670341,21853800
2024-01-11,29.270883560180664,29.87527108415169,29.177900727762044,29.87062096710575,44353600
2024-01-12,29.43825340270996,29.559131621416334,29.322025301223107,29.466148785526833,19537400
2024-01-16,29.11746597290039,29.373167454572318,29.047728399035236,29.2941314192918,30454000
2024-01-17,28.694395065307617,29.215096477955093,28.4758856608796,28.950096541031815,39178000
2024-01-18,28.38755226135254,28.57816627762816,28.224831854507443,28.550270894697547,39464000
2024-01-19,28.350357055664062,28.461936808526797,28.169041509074624,28.415444505875655,28257600
2024-01-22,28.206233978271484,28.550269928775798,28.085357536661878,28.34105899762453,41676200
2024-01-23,28.257375717163086,28.345710210118412,28.090006965774148,28.21553352931585,41100200
2024-01-24,27.87150001525879,28.499131074695335,27.829657826396343,28.452640541959347,50878200
2024-01-25,28.37360382080078,28.378253938061825,27.97842898161697,28.24342891349319,50516800
2024-01-26,28.45728874206543,28.5642183856181,28.364305903563064,28.447990280865177,36653200
2024-01-29,28.63860321044922,28.75018296710035,28.308515831168894,28.475884579395558,26054400
2024-01-30,28.629308700561523,28.801325805544217,28.382903903153665,28.568869587216177,36109000
2024-01-31,28.568864822387695,28.991934998243398,28.406144432597095,28.86640844846205,59642400
2024-02-01,29.11281394958496,29.11281394958496,28.317814172367388,28.447989076660306,51507200
2024-02-02,28.587465286254883,28.866412026904417,28.38755280517267,28.782727650009534,51839600
2024-02-05,27.99237632751465,28.32711383677645,27.97842952246212,28.308516914372987,39895000
2024-02-06,28.09465980529785,28.187642651023616,27.89009896350139,27.978431691515716,27557000
2024-02-07,28.113252639770508,28.266672805426186,27.964480817649847,28.206233698470914,23748600
2024-02-08,27.91334342956543,28.048168463319048,27.67158874702453,27.987729349308765,41755400
2024-02-09,28.020273208618164,28.048168593714184,27.778518524953355,27.83430752164516,29647800
2024-02-12,28.34571075439453,28.36895602064487,27.950534134138255,28.0202717063894,25219000
2024-02-13,27.87614631652832,28.331760243256767,27.494918300826967,28.18763853823553,45402200
2024-02-14,28.029571533203125,28.094658991275214,27.820360579756965,27.978430880860707,34871800
2024-02-15,28.499126434326172,28.522371696909257,28.11789845276405,28.11789845276405,34680800
2024-02-16,28.466588973999023,28.60141400953909,28.187642214640483,28.359659323794908,29914200
2024-02-20,28.44799041748047,28.77342946705153,28.38755307963881,28.415446689873377,22764000
2024-02-21,28.824569702148438,28.861763546592556,28.49448231345741,28.633955683122622,31565000
2024-02-22,28.60141372680664,28.72229018173371,28.382904310918985,28.59676360921316,31841600
2024-02-23,28.80596923828125,28.940794247564497,28.592109979521553,28.6618475425301,24572800
2024-02-26,28.238780975341797,28.685096469807164,28.187640325736368,28.666499547496073,25587000
2024-02-27,28.77342987060547,28.78272833198079,28.289920520090003,28.40614862703121,27487600
2024-02-28,28.861766815185547,28.90360723467343,28.675801118904587,28.740888580552827,22983600
2024-02-29,28.87105941772461,29.112814079274163,28.736236169177797,28.973340713553284,30675400
2024-03-01,28.694395065307617,28.78737613029814,28.341060633743158,28.782727786448664,42511000
2024-03-04,29.177902221679688,29.219744409735398,28.55956963541207,28.55956963541207,33020800
2024-03-05,29.094219207763672,29.74044716809941,28.97334098908931,29.266236301338633,49602800
2024-03-06,29.373165130615234,29.521936954490144,29.23834011100984,29.303427562267608,32652200
2024-03-07,29.563779830932617,29.689306392788605,29.5079908390522,29.614920479114694,21384200
2024-03-08,29.638166427612305,29.72649914791691,29.391763415420428,29.647464888723334,27511600
2024-03-11,29.78693962097168,29.85202707822615,29.484745828289977,29.596325593226357,20968200
2024-03-12,29.49869155883789,29.740446214938455,29.312725893068215,29.72649763723071,29489000
2024-03-13,29.6986083984375,29.96360658487401,29.633520937891657,29.73115212871042,25877800
2024-03-14,29.461498260498047,29.749745225115554,29.252287326017615,29.633517125237542,31869800
2024-03-15,29.503341674804688,29.66141196815489,29.340623037606008,29.368516647697135,35445000
2024-03-18,29.639280319213867,29.82678241378084,29.367404249059497,29.540842524234826,26843800
2024-03-19,29.901782989501953,29.929907052070096,29.62521838261602,29.70959414662546,19985400
2024-03-20,29.939281463623047,30.093969167699868,29.770529940519282,29.850218954497148,32620800
2024-03-21,29.892410278320312,30.22053807902156,29.878348245826132,30.018973935225908,40327800
2024-03-22,29.93459701538086,30.136161151442604,29.8970958792984,30.079909447318915,21059400
2024-03-25,30.075223922729492,30.093970914113477,29.892408569989634,30.018972219662203,23194200
2024-03-26,29.7330322265625,30.19709715240305,29.7095949111018,30.108036426543915,29830400
2024-03-27,30.562725067138672,30.562725067138672,29.920535096744004,29.95334769686413,34600400
2024-03-28,30.773664474487305,30.82522763970084,30.47834751439069,30.558038318278417,27492200
2024-04-01,30.586162567138672,30.81116579637918,30.389286976743854,30.778353197980042,22702600
2024-04-02,30.637723922729492,30.815848935472705,30.50178500130515,30.515847031744773,30212400
2024-04-03,30.515850067138672,30.71741420153392,30.403350236126602,30.63303843419858,26574200
2024-04-04,30.454912185668945,30.843978407060057,30.2486595234751,30.754914107239077,29356800
2024-04-05,30.543975830078125,30.623663056468548,30.112719947808056,30.258035945919623,32322400
2024-04-08,30.745534896850586,30.7970980588123,30.506473229178738,30.548659320072094,20142600
2024-04-09,30.914287567138672,30.97522780244379,30.72210051871955,30.81116481567018,24024200
2024-04-10,30.384599685668945,30.501788052796073,30.117410351671307,30.295535382234682,38280600
2024-04-11,30.323665618896484,30.595539935920534,30.11741293067335,30.55804237322079,25621200
2024-04-12,30.093969345092773,30.468973526712745,29.948656923459872,30.379909228909394,39844800
2024-04-15,29.817405700683594,30.426786584734103,29.704904091706638,30.300221157039772,29407800
2024-04-16,29.42365264892578,29.756467150920816,29.32052632340243,29.723654554282007,32907600
2024-04-17,30.037723541259766,30.112722237593413,29.559594782102717,29.615844698429253,28152800
2024-04-18,30.20647621154785,30.309602552142312,29.920536294919692,30.14085100867962,22288600
2024-04-19,30.6705379486084,30.736163144588332,30.253347670033826,30.286160268023792,37004600
2024-04-22,30.951791763305664,31.036167532897213,30.478349746358344,30.68929095848984,23458600
2024-04-23,31.09710121154785,31.29398037255786,30.86272449366894,30.93772676001654,22338000
2024-04-24,31.284603118896484,31.38772944637134,30.66116377096149,30.815849685868887,26127000
2024-04-25,31.368980407714844,31.495545843527378,30.93772808663855,31.209605949349495,31562400
2024-04-26,31.02678871154785,31.41116635675744,31.012726681747015,31.368976691050303,24547400
2024-04-29,31.448665618896484,31.504917317459718,31.21428890600691,31.24241654344094,29368200
2024-04-30,31.284603118896484,31.52835690680157,31.068976968860376,31.27522962381008,29724800
2024-05-01,31.64554786682129,31.93148777058128,31.15804382723549,31.279920731208232,42371800
2024-05-02,31.814300537109375,31.893987771803893,31.523672086905176,31.776799399733616,28609400
2024-05-03,32.06742858886719,32.170551354568836,31.78148866832237,32.062740052510854,29817000
2024-05-06,32.23148727416992,32.26429987165141,31.96898291801309,32.16586207920694,21221400
2024-05-07,32.597110748291016,32.62523480690993,32.297108868674265,32.36742259152605,28808200
2024-05-08,32.939300537109375,32.95805110266024,32.44711160254187,32.52679882390451,27708200
2024-05-09,33.44086456298828,33.47368073298818,32.84554934128457,32.91586306386173,48549200
2024-05-10,33.408058166503906,33.67993603687334,33.31430890321349,33.62837286917207,39129200
2024-05-13,33.408058166503906,33.68462457292941,33.34243296693958,33.52056157401859,21219200
2024-05-14,33.49712371826172,33.60025005750712,33.309621608388746,33.553375424115195,23566400
2024-05-15,33.998687744140625,34.09244058154465,33.78775011851544,33.84399824465279,29176600
2024-05-16,33.881500244140625,34.176817219117325,33.82993707632898,34.0174391796163,25322400
2024-05-17,33.90962219238281,33.98931299531418,33.72212367709827,33.83931203730358,21715600
2024-05-20,33.853370666503906,33.98462104453614,33.77836840688287,33.98462104453614,13830400
2024-05-21,34.15806579589844,34.172127827439496,33.82525126964151,33.834624765233855,16263400
2024-05-22,33.75493621826172,34.087750731529745,33.72212362051149,33.970562371521076,21128800
2024-05-23,33.18306350708008,33.703380222291685,33.16431293633395,33.703380222291685,28718600
2024-05-24,33.515865325927734,33.64711569485554,33.20648639090848,33.26742661669948,16366800
2024-05-28,33.483055114746094,33.684619217448684,33.4127413903048,33.54868030387674,17765200
2024-05-29,33.05180358886719,33.23461713071808,32.92992670219837,33.19242746458844,28118600
2024-05-30,33.49712371826172,33.520562823110325,33.098683969972456,33.15962063575143,18129600
2024-05-31,34.08774948120117,34.12056207774784,33.464306570509585,33.60961898717274,24777600
2024-06-03,33.69868850708008,34.06431566137955,33.576811596878464,34.03150305974512,36915800
2024-06-04,33.68462371826172,33.801812082553944,33.31430805794168,33.61430998442537,29419600
2024-06-05,33.492435455322266,33.67524903045618,33.4361873253151,33.6471249654526,17920400
2024-06-06,33.145545959472656,33.6142992671891,33.0986713439618,33.417423736261135,18184800
2024-06-07,32.78461456298828,33.12211758960611,32.775237492079626,32.85961324873408,16286800
2024-06-10,33.20649337768555,33.262745080334895,32.69555382309798,32.77992958891947,19591400
2024-06-11,33.00493621826172,33.05181085380539,32.723681252388765,32.92524540390148,22694800
2024-06-12,32.7892951965332,33.42680003464318,32.68148392943908,33.422115076111595,24912200
2024-06-13,32.86430358886719,32.98618048323952,32.52211200800425,32.84086448661312,22974000
2024-06-14,32.78461456298828,32.82680065316316,32.53617582847924,32.67211116991254,20280600
2024-06-17,32.42367935180664,32.68618374867436,32.39086674923636,32.611181470624885,21026400
2024-06-18,32.437740325927734,32.44711739853053,32.1330534161383,32.16117748133601,24573600
2024-06-20,32.718994140625,32.78461934133168,32.4330542334151,32.54086553044527,27948000
2024-06-21,32.52680206298828,32.878367155390926,32.50336295963942,32.84086602055476,18990800
2024-06-24,32.954444885253906,33.06312904329328,32.4960873752819,32.51971546337658,17956800
2024-06-25,32.642578125,32.97807609791925,32.538620295757894,32.88829368082099,25099400
2024-06-26,32.50553512573242,32.57641577413302,32.311794927113425,32.519710534384636,13882000
2024-06-27,32.5622444152832,32.60477064652888,32.340153371738076,32.533889989312776,10899600
2024-06-28,32.19839096069336,32.60476953607593,32.047180579514254,32.56224330627862,23063000
2024-07-01,31.97629737854004,32.590591531057015,31.94322022295156,32.53388629070266,16757800
2024-07-02,32.14168167114258,32.20311324663913,31.999923984517004,32.0519028844882,16724200
2024-07-03,32.335426330566406,32.562243707701164,32.127510701954535,32.1889422859389,13241200
2024-07-05,32.39213562011719,32.52916700502092,32.24092521819619,32.38740928111143,13830600
2024-07-08,32.425209045410156,32.52916325557211,32.30234948140429,32.42048270694918,13634400
2024-07-09,32.51971435546875,32.79378430541334,32.39213205746832,32.425209216589906,21601200
2024-07-10,32.82685852050781,32.836307591492286,32.39685188535166,32.64257099262364,13800000
2024-07-11,33.426979064941406,33.51676147691441,32.97807421535681,32.992249626691454,29766400
2024-07-12,33.672698974609375,33.89006369865796,33.398628998797555,33.54511305942719,16524200
2024-07-15,32.85521697998047,33.398630619034215,32.80323806462765,33.29467278832857,29827600
2024-07-16,33.11037826538086,33.16708350798854,32.9544415520645,33.05367302277317,15009200
2024-07-17,33.12928009033203,33.549834059854234,32.99224512423135,33.07730118577178,27516000
2024-07-18,33.10093307495117,33.42225561045397,33.04422782569533,33.086754058782105,13542600
2024-07-19,33.138729095458984,33.24268690437214,32.94026615397371,33.16235718117187,12985400
2024-07-22,33.41752624511719,33.49312963213746,33.20016155036666,33.313568433466976,12965400
2024-07-23,33.209617614746094,33.41280694253701,33.185993128576335,33.35137895232695,12686400
2024-07-24,33.58291244506836,33.71522107782804,33.24268818646355,33.445877473955875,25284800
2024-07-25,33.30411911010742,33.91840969363251,33.16235780344944,33.738848496320216,26666000
2024-07-26,33.63016891479492,33.69632323884968,33.44588135419376,33.568740929641294,16706400
2024-07-29,33.7813720703125,33.89005621089397,33.48367767589466,33.7577475911527,15151200
2024-07-30,33.95621109008789,33.98456190761079,33.67269209944024,33.743572748387045,16696400
2024-07-31,34.395668029785156,34.47127141429024,34.064892857798775,34.43347152460755,21765400
2024-08-01,35.014686584472656,35.06193915265588,34.41929413097235,34.46182396593516,32567400
2024-08-02,35.07139587402344,35.704588292010015,34.594136588510686,35.45887274603589,48257200
2024-08-05,34.14522171020508,35.25567308780442,34.10741822033755,35.25567308780442,41099800
2024-08-06,34.433475494384766,34.83040142036171,34.25391067584653,34.27753876411949,29286400
2024-08-07,34.62721252441406,35.033591132517735,34.4949038808715,34.71699493473515,24758800
2024-08-08,34.665008544921875,34.877646875431964,34.39566497721072,34.494896438458056,23360400
2024-08-09,34.783145904541016,34.83039847194687,34.18775346083583,34.75006874684294,16708400
2024-08-12,34.844573974609375,34.858749384354965,34.584683050613975,34.79259506878233,15027000
2024-08-13,35.047767639160156,35.08084480107976,34.83512925612556,34.991065993092406,17075000
2024-08-14,35.02414321899414,35.23205526352282,34.76424865690796,34.967437967682535,16166000
2024-08-15,35.01941680908203,35.12337463370568,34.70282060146656,34.8209538376043,18807600
2024-08-16,35.175350189208984,35.29348341407319,34.90600658072421,35.05721696434479,13522800
2024-08-19,35.406890869140625,35.4305189565489,35.18007348749709,35.20842791341502,11505400
2024-08-20,35.3312873840332,35.525027625639005,35.29348748762016,35.40689438713996,15989800
2024-08-21,35.58172607421875,35.69040661397796,35.336006966247254,35.38325953158342,13451800
2024-08-22,35.53919982910156,35.69513655507665,35.39744211878422,35.61952955879539,14648000
2024-08-23,35.638431549072266,35.80854368671643,35.53447373105194,35.662059636855076,15050400
2024-08-26,35.86997985839844,36.01646392698584,35.75656934871094,35.76129568789971,13336400
2024-08-27,35.586456298828125,35.92195427002559,35.57228088675703,35.7943719562453,16666800
2024-08-28,35.586456298828125,35.89360344588339,35.55810547468593,35.695140466607214,10482800
2024-08-29,35.78019332885742,35.813270489097704,35.35491297923945,35.7045863310853,12758200
2024-08-30,36.04954147338867,36.10152038959497,35.71404349023744,35.84635214780237,17007400
2024-09-03,35.997554779052734,36.25744930392783,35.884147897807125,36.05898275532332,23627000
2024-09-04,36.30470275878906,36.578772699881824,36.125137953522845,36.17239412657596,27303200
2024-09-05,36.21492004394531,36.6260249520403,36.10623949919571,36.57877238453439,15545400
2024-09-06,35.86997985839844,36.37086365819317,35.865253519209666,36.29525665173484,19605800
2024-09-09,36.23382568359375,36.23855202239391,35.81799799768494,36.02591003806925,14366200
2024-09-10,36.403934478759766,36.55514486018716,36.17711710404873,36.29997666556471,23255400
2024-09-11,36.51734161376953,36.55514511067039,35.98338073931957,36.408661066604445,20766600
2024-09-12,36.59767532348633,36.65910691392034,36.37086152767851,36.59767532348633,19335000
2024-09-13,37.112735748291016,37.122184820373086,36.5787748497229,36.72053256179423,16238800
2024-09-16,37.39625549316406,37.50021331375634,37.13163820812199,37.23086969001277,19910600
2024-09-17,37.36790466308594,37.509662377838936,37.245045092854575,37.41515723467027,27963000
2024-09-18,37.08438491821289,37.40570744602867,36.923721851734975,37.30174962745003,47034800
2024-09-19,36.86701583862305,37.037127973649966,36.56459506638407,36.9520719061365,41536400
2024-09-20,37.84043884277344,37.92076857764195,37.27812348841337,37.33010240042012,44279200
2024-09-23,38.215797424316406,38.24909873262202,37.93511185753735,38.073075457537854,23340600
2024-09-24,37.94462203979492,38.425111743878695,37.863744336813404,38.001707912993915,28105200
2024-09-25,38.14442443847656,38.25859979823098,37.81141146020566,38.15393753946891,16359200
2024-09-26,37.88277816772461,38.23957943114012,37.778119512628315,38.07307290079358,19794600
2024-09-27,38.258609771728516,38.36327205777461,38.00171242313451,38.039772096164036,14804000
2024-09-30,38.42987060546875,38.453658805988304,37.99219530063949,38.33472506253015,19014200
2024-10-01,38.739097595214844,38.7961870965548,38.153942002581694,38.38705474420927,24362400
2024-10-02,38.75813293457031,38.82949391398964,38.42511624047019,38.491722482946365,16491600
2024-10-03,38.74386215209961,39.038815548897084,38.64871296799539,38.97221293480925,24205400
2024-10-04,38.682010650634766,38.72482868686229,38.28715336970265,38.41084185309348,25082800
2024-10-07,37.79238510131836,38.57734485502375,37.69248119865712,38.55356028557274,35284000
2024-10-08,37.81141662597656,38.077827044990094,37.80665826004568,37.95889330370623,26022200
2024-10-09,37.4879150390625,37.82092804803498,37.273832136520554,37.70675267775435,34288000
2024-10-10,37.373741149902344,37.820933219876515,37.35471131399173,37.525976207617155,26326600
2024-10-11,37.70199966430664,37.70199966430664,37.13111910229029,37.25005285517454,19332600
2024-10-14,38.177730560302734,38.211031862337656,37.687724131973305,37.759085101925194,18041800
2024-10-15,38.3489990234375,38.629680934047656,38.30618098563338,38.34424065711037,26427600
2024-10-16,39.11017608642578,39.186295432846656,38.368030606673315,38.53929550655007,19099600
2024-10-17,38.76288604736328,39.24813410842036,38.73433948172249,39.238621006253226,23527200
2024-10-18,38.98647689819336,39.00550673135002,38.55831835566207,38.729583224502406,14035200
2024-10-21,38.83424377441406,39.19104499713603,38.68200873123548,39.07686962214453,14811600
2024-10-22,38.69628143310547,38.77715913797394,38.38705660054369,38.572592951908696,17119200
2024-10-23,39.067359924316406,39.08163139373778,38.65346916324628,38.7248301399232,19645000
2024-10-24,38.815216064453125,39.15299110113576,38.68676921425474,39.072113394419816,13092000
2024-10-25,38.23957443237305,39.04356766896523,38.21103149649345,39.010266367249145,17518200
2024-10-28,38.53928756713867,38.7343370004125,38.35375123542257,38.44413840371409,14622800
2024-10-29,37.716270446777344,38.11588973656429,37.706757343730764,38.11113137025599,27733000
2024-10-30,37.625877380371094,37.93510583962261,37.559274774325516,37.86374486755383,20910600
2024-10-31,38.015987396240234,38.29666931736637,37.69248743570576,37.72103037559786,27516000
2024-11-01,37.16917037963867,38.12539864651884,37.13586907828312,38.01122327466691,30861000
2024-11-04,36.726741790771484,36.993155867892845,36.526933955108056,36.798102769099884,27956200
2024-11-05,37.278594970703125,37.278594970703125,36.59829377405424,36.70771442130085,19016200
2024-11-06,36.893245697021484,37.05499383288571,36.54595759712255,36.79809653218708,32958800
2024-11-07,36.9598503112793,37.3309230004266,36.76479723491896,37.07878405162496,37703200
2024-11-08,37.66869354248047,37.74956761300463,37.116839257462274,37.14538582261229,28857200
2024-11-11,37.77335739135742,37.99695340826942,37.58782104318997,37.673453483080316,26011000
2024-11-12,37.34043884277344,37.74481286370866,37.159660850827215,37.659184048763066,18703200
2024-11-13,37.273834228515625,37.59733415377515,37.11684081708752,37.583062685385286,16411800
2024-11-14,37.145389556884766,37.51170390874765,37.0883000504151,37.32140918341875,17707400
2024-11-15,37.70199966430664,37.74957243954632,37.1025725334904,37.173933511134976,23931400
2024-11-18,38.03025436401367,38.13491663732128,37.62112200266743,37.66869477337914,14660200
2024-11-19,38.27287673950195,38.27763510546344,37.70675459545672,37.8875325767259,11750400
2024-11-20,38.29190444946289,38.47268605027264,38.101609746827684,38.34423558342681,12196800
2024-11-21,38.95793914794922,39.005511922387285,38.16346256316636,38.348998924173856,21764000
2024-11-22,38.74860763549805,39.138710123238624,38.73433616868317,39.08162425597912,15761400
2024-11-25,38.819969177246094,39.12919760459447,38.534528947989685,39.057836639888,14253800
2024-11-26,39.43843078613281,39.4622153575225,38.829490589094625,38.92939449989903,17374800
2024-11-27,39.43843078613281,39.681056643554854,39.400371116425454,39.55736453179089,17156600
2024-11-29,39.452701568603516,39.59542351273852,39.367069128036476,39.56687694616963,9234800
2024-12-02,38.605899810791016,39.46222071811076,38.59162834010457,39.44794924742432,22084200
2024-12-03,38.27287673950195,38.96269462112732,38.263363637148736,38.83900251311695,18853600
2024-12-04,38.268123626708984,38.48696128581516,38.120643312203796,38.39181211039731,24169400
2024-12-05,38.387054443359375,38.6011337199595,38.2110312044513,38.310935108836,14226000
2024-12-06,37.91132354736328,38.49647556844515,37.83996257100524,38.40608838599033,14228600
2024-12-09,37.43558883666992,37.9636549844441,37.41180063450818,37.91132384334431,21053800
2024-12-10,37.164424896240234,37.37374585848841,36.86470947985062,37.37374585848841,20319000
2024-12-11,36.93130111694336,37.292860678140066,36.864698517455736,37.26431774395093,14759600
2024-12-12,36.91227722167969,37.226264066543195,36.87897591657932,37.10733031553187,15425000
2024-12-13,36.936065673828125,37.13111876900114,36.87422142952866,36.96460861280171,13808400
2024-12-16,36.6411018371582,37.0645092539576,36.626830370329905,36.96936009248663,16121000
2024-12-17,36.48887252807617,36.64110758072348,36.34139584164064,36.412756816537495,15876800
2024-12-18,35.62778854370117,36.51741416760756,35.60400034542255,36.46508303505016,29811800
2024-12-19,35.789546966552734,36.19392100554779,35.65158337591769,35.66109647925763,27076400
2024-12-20,36.36042404174805,36.44129811586151,35.53740094348053,35.58497734431884,25188600
2024-12-23,36.48418045043945,36.51296351876444,35.91336810689348,36.268327566021895,20114400
2024-12-24,36.68564987182617,36.69524178884953,36.37385950378372,36.48418301793337,9010200
2024-12-26,36.59930419921875,36.700035785939114,36.450602053416446,36.53214980807184,10114000
2024-12-27,36.493778228759766,36.59930761315995,36.2587341781811,36.40743633785417,13805400
2024-12-30,36.340274810791016,36.43141081246001,36.00929701731457,36.33067923610619,16870000
2024-12-31,36.306705474853516,36.522558376655965,36.13402168955545,36.41223486138458,12605400
2025-01-02,36.58491134643555,36.77198847825907,36.32109156600115,36.57052164236602,24103400
2025-01-03,36.973453521728516,37.17011892001043,36.63767788470951,36.79597195674818,17767000
2025-01-06,36.56093215942383,37.00223352524521,36.44101307134366,36.97345411519081,25623800
2025-01-07,36.46979522705078,36.84394222448638,36.37386141322026,36.68565179763007,22856400
2025-01-08,36.460201263427734,36.49857259102235,35.86060581153443,36.40743657088991,26845800
2025-01-10,36.253936767578125,36.858326289563514,36.08125300139949,36.57531902032843,31217000
2025-01-13,35.83182144165039,36.2539389666426,35.45288035028158,36.21556398079966,24891600
2025-01-14,36.30190658569336,36.41223375725956,35.87979271200907,35.97092873063491,19675000
2025-01-15,36.834346771240234,37.19890181615541,36.795971785535464,36.935078363985205,21360400
2025-01-16,37.764915466308594,37.77930516929264,36.80076511034194,36.81515481332598,30415000
2025-01-17,37.81768035888672,37.990364131637435,37.62101496525618,37.740934048575284,14668800
2025-01-21,38.398094177246094,38.58516766533961,38.14866042002793,38.24459788805038,21633400
2025-01-22,37.56825256347656,38.503620006467145,37.54906506982032,38.503620006467145,23644800
2025-01-23,37.74573516845703,38.01915055617362,37.64020578027865,37.70736018009393,21585000
2025-01-24,38.12946701049805,38.23979416669615,37.606621614547834,37.6881657049849,16769600
2025-01-27,37.246864318847656,37.45312526809706,36.37385362520499,37.36198560272371,42448200
2025-01-28,36.73361587524414,37.22768193173408,36.40743580984688,37.22768193173408,28540200
2025-01-29,36.810359954833984,37.23247746069898,36.68564674595561,36.724018070419774,19130800
2025-01-30,37.577842712402344,37.635405190662695,37.20369575281017,37.237272950218696,18712600
2025-01-31,37.3571891784668,37.644997888119576,37.27084729749892,37.61142069327872,19669600
2025-02-03,37.558658599853516,37.69776151691104,36.80556689817378,36.86312571636585,28118800
2025-02-04,37.22767639160156,37.4051579327101,36.85352947866319,37.34279767412731,20498200
2025-02-05,37.60182571411133,37.85605357331507,37.290035380136246,37.59702792630376,15992600
2025-02-06,37.558658599853516,37.76491957086848,37.29003736294379,37.76491957086848,12820800
2025-02-07,37.481910705566406,37.812888567064036,37.438741589531176,37.549065103603574,14330400
2025-02-10,37.88962936401367,37.904019067263086,37.381173664456064,37.58743461685693,10664200
2025-02-11,38.08150100708008,38.100688498157666,37.42434316132163,37.74093127464226,10835600
2025-02-12,38.01435089111328,38.105490569066404,37.424347367987465,37.59223701887799,14888800
2025-02-13,38.10068893432617,38.17264111178089,37.865648570304536,38.08629923076318,17020800
2025-02-14,37.94240188598633,38.38850107705792,37.91842026216382,38.08150847886246,13972000
2025-02-18,38.29735565185547,38.35971591565705,37.97117926734213,38.10069026356714,15509000
2025-02-19,38.49882125854492,38.613942547029474,38.21581033562233,38.25418531833044,12513200
2025-02-20,38.494022369384766,38.585162035798845,38.03353356898253,38.374103296582945,17390800
2025-02-21,38.50362014770508,38.628337027108046,38.31654665842074,38.498826019003594,15547400
2025-02-24,38.31174850463867,38.61874105273123,38.13906473888162,38.61394326489358,14974000
2025-02-25,38.119876861572266,38.196623167999164,37.5682483742972,38.08629966632804,21837800
2025-02-26,38.27817153930664,38.613943497165174,38.067112788858495,38.19182965590875,15421800
2025-02-27,37.429141998291016,38.258983627371855,37.39076701506003,38.17264174492205,25074600
2025-02-28,37.99995803833008,38.01434774215382,37.47231482683382,37.67377799964588,21770000
2025-03-03,38.05271911621094,38.17263818288779,37.79849128039834,37.96157945445189,19276400
2025-03-04,37.43394088745117,38.254186965036865,37.376378410911144,38.05272378660668,22561800
2025-03-05,37.17011642456055,37.433939860246305,36.86792166520764,37.18450612839071,20666800
2025-03-06,36.39784240722656,36.915893776086804,36.29231667769461,36.88231657586292,25405800
2025-03-07,37.07418441772461,37.2372726152016,36.373857406904584,36.479386786279115,23234400
2025-03-10,37.481910705566406,37.592237879279025,36.94467186162884,36.94467186162884,37366000
2025-03-11,37.13174819946289,37.60662676368507,36.93507913833281,37.46272239409525,32640000
2025-03-12,37.01662063598633,37.34280067908987,36.791172180653604,37.12694779952954,17432000
2025-03-13,37.10776138305664,37.26125766310449,36.87272100477963,37.141338579953356,16801200
2025-03-14,37.83207321166992,37.87524232445416,37.08377565331698,37.21808443927675,18269400
2025-03-17,37.99036407470703,38.21101840816672,37.6354046133136,37.82247809023987,19290400
2025-03-18,37.72654724121094,37.83207662817795,37.48191126775471,37.76492222913354,19285200
2025-03-19,37.86564636230469,37.918411045385376,37.611418521810194,37.74572729341939,16163400
2025-03-20,38.01914978027344,38.07670860200311,37.788903514434004,37.87044761831121,16415200
2025-03-21,37.77450942993164,38.05272256817358,37.539469062622324,37.87044322811998,15627600
2025-03-24,37.76243209838867,38.2213611529683,37.72861658368194,37.92184967584101,13996800
2025-03-25,37.1585807800293,37.73344821242711,36.984671366625165,37.7237845307854,22396000
2025-03-26,37.40495300292969,37.49190770949144,37.163412560882,37.163412560882,15164000
2025-03-27,37.39529037475586,37.704461823965914,37.28418015756425,37.371134858005476,13971800
2025-03-28,37.67064666748047,37.907355254288206,37.55470460872145,37.62233563352366,19078600
2025-03-31,38.0909309387207,38.24551669029762,37.71896024091891,37.728620237935885,21470000
2025-04-01,38.18754577636719,38.29865231697056,37.82040326849865,38.06677555403284,18084800
2025-04-02,38.36627960205078,38.45323430106925,37.96532161848702,38.15855469248522,12951200
2025-04-03,38.12474060058594,38.747915352487425,38.07643325169118,38.31797368177945,38650200
2025-04-04,36.00402069091797,38.30348692208154,35.76731207003222,38.30348692208154,66165400
2025-04-07,35.45330810546875,36.54024016570469,34.67554753640629,35.45330810546875,73162600
2025-04-08,35.308380126953125,36.34217661195234,34.8977621116935,36.086140646903374,39600400
2025-04-09,36.69965744018555,36.79627214824969,34.30840471664194,35.00404240867133,70054800
2025-04-10,36.42429733276367,36.84940715984385,35.66586053515965,36.42429733276367,44167800
2025-04-11,36.86873245239258,36.99433451261352,35.95570988804816,36.404975251901334,28840000
2025-04-14,37.530555725097656,37.651325948246395,36.94119644643347,37.15858137385531,19415600
2025-04-15,37.525726318359375,37.85905333526833,37.4774189630893,37.612681032091494,15257200
2025-04-16,37.18756866455078,37.76243241945291,37.061966600737286,37.617510363312455,17500800
2025-04-17,37.56919860839844,38.04261949489423,37.332490007957865,37.332490007957865,18928800
2025-04-21,36.680328369140625,37.44359698173115,36.24555487553752,37.40011778956367,20780000
2025-04-22,37.68030548095703,37.762428339124504,37.04263892024233,37.07162259121572,21700800
2025-04-23,37.839725494384766,38.26483533386835,37.49673851838985,38.05227857131928,27903600
2025-04-24,37.8976936340332,38.071603046014054,37.54021481412351,37.81073892804278,16828000
2025-04-25,37.78175354003906,37.955662944127866,37.6126759765123,37.93150742693213,14074600
2025-04-28,38.01363754272461,38.090928570900964,37.54021663479077,37.80108076541372,11084800
2025-04-29,38.30831527709961,38.37111446470925,37.801078878604116,37.960496453630086,13168000
2025-04-30,38.11508560180664,38.24551582948288,37.458095250988244,38.15856111582707,18077200
2025-05-01,38.22618865966797,38.7092695390625,38.100590284667916,38.351790720282644,17967000
2025-05-02,38.52570343017578,38.64164181918469,38.15856089843014,38.366285841779195,16074000
2025-05-05,38.42908477783203,38.545023154946826,38.05227860238347,38.400097419342416,14895800
2025-05-06,38.89767074584961,39.16819854424106,38.400098030300235,38.43391354439734,20635000
2025-05-07,39.0087776184082,39.23582620167494,38.69477433698856,38.83003638175658,19575000
2025-05-08,38.69477462768555,39.12471628133427,38.64163544032542,39.02810158737823,22437800
2025-05-09,38.762413024902344,38.805892225384255,38.51121256145861,38.79622854278159,17420400
2025-05-12,38.53053665161133,39.04260126655776,38.35662721906064,38.94115471183903,27460200
2025-05-13,38.477394104003906,38.77690190073421,38.26483733036453,38.472562263071715,24064000
2025-05-14,38.30831527709961,38.40976181967578,37.73344785022,38.39526998296699,22912600
2025-05-15,39.12472152709961,39.23099991606944,38.43874752544045,38.46290304497535,26629200
2025-05-16,39.699588775634766,39.71408061303358,39.0860776501913,39.18269235659325,20076800
2025-05-19,39.8686637878418,39.88798746500106,39.3565992427723,39.36625923854464,16306400
2025-05-20,39.98460006713867,40.11986580015595,39.80586251261957,39.80586251261957,18075200
2025-05-21,39.25515365600586,39.931467630559844,39.17785894549014,39.854172920044114,22704000
2025-05-22,38.69477462768555,38.92182321265799,38.24550929812275,38.92182321265799,30637600
2025-05-23,39.15853500366211,39.192350517880925,38.501544711169714,38.955641918349215,21730200
2025-05-27,39.453216552734375,39.55466310032014,39.15370875099014,39.462880234760526,18494200
2025-05-28,38.90250015258789,39.44838387036263,38.73342259268109,39.42906019414266,20954600
2025-05-29,39.173030853271484,39.23583373297898,38.74792096159884,38.92183039128651,20867400
2025-05-30,39.57398223876953,39.641613262734644,39.023270366131115,39.09573323055499,20680400
2025-06-02,39.699588775634766,39.75272796984028,39.24549154719303,39.404909129809575,26799200
2025-06-03,39.80586242675781,40.17783305631345,39.48702729946924,40.17783305631345,28547800
2025-06-04,39.1102294921875,39.7382361407763,39.1102294921875,39.7382361407763,33001800
2025-06-05,39.047428131103516,39.2213375414885,38.97013342177036,39.2213375414885,21175000
2025-06-06,39.221336364746094,39.2889673905762,38.88800939057312,39.24548819647714,21267200
2025-06-09,38.97013473510742,39.30346173051457,38.90733554586878,39.153707833152964,24866400
2025-06-10,39.061920166015625,39.153706712411086,38.772072375773966,39.07158016192401,28052800
2025-06-11,39.08607482910156,39.23099687824455,38.960472771352684,39.17785768787442,21394800
2025-06-12,39.55949401855469,39.58364953744181,39.0909049628165,39.11022864080325,19568600
2025-06-13,39.33244323730469,39.56915551536015,39.21650486140099,39.50152080333393,25325400
2025-06-16,39.13920974731445,39.73823266876163,38.95080850632179,39.52567591046654,27266600
2025-06-17,38.815547943115234,39.1778586028561,38.54019198913676,39.08124390117105,28335800
2025-06-18,38.9169921875,39.110225265074206,38.714099114573564,38.90733219214777,22324000
2025-06-20,39.02326965332031,39.34210477671566,38.97013046608775,38.99911782269644,31688200
2025-06-23,39.517974853515625,39.58121377307386,39.14342156968842,39.22611462166006,25573000
2025-06-24,39.688228607177734,39.8001102865517,39.493657582325575,39.561758183264715,20389600
2025-06-25,39.158016204833984,39.59580843259475,39.085050215006454,39.59580843259475,26771800
2025-06-26,39.483924865722656,39.50338270949339,39.158014332772446,39.23098031911163,18746200
2025-06-27,39.5617561340332,39.88280127737321,39.440147394197524,39.58607565527781,25307800
2025-06-30,39.72228240966797,39.766059776667845,39.245574494399996,39.3720486288514,22018000
2025-07-01,39.858482360839844,39.88766727125783,39.245573263632096,39.707684997536916,39690200
2025-07-02,39.51311111450195,39.892529767239246,39.3233980769293,39.712547506569805,21891000
2025-07-03,39.809837341308594,39.9703617768472,39.46446894773441,39.532569548653015,14900200
2025-07-07,39.89253616333008,39.921721076311016,39.639587880146586,39.72228465226692,20215600
2025-07-08,39.46933364868164,39.61526562593727,39.085049572365875,39.61526562593727,44289800
2025-07-09,39.839027404785156,39.916855075276345,39.34772701364337,39.62499481632645,40230400
2025-07-10,40.16493606567383,40.24276744368823,39.581215575383304,39.702824320127526,29074000
2025-07-11,40.10655975341797,40.26221878745771,39.732006478486255,39.843888148829244,22199800
2025-07-14,40.267086029052734,40.39842554859517,39.85848243759689,40.07737668856191,23883400
2025-07-15,39.8828010559082,40.26221972829598,39.683364653511326,40.26221972829598,26253000
2025-07-16,39.902259826660156,40.062784256770726,39.59094174407229,39.907125215476796,22625000
2025-07-17,40.067649841308594,40.189258583888645,39.81470157846768,39.87794049978006,19757000
2025-07-18,40.738929748535156,40.879996338680584,40.14547847661454,40.19898662153882,28627400
2025-07-21,40.870269775390625,41.11835268096742,40.709749035268956,40.8410848610421,19895600
2025-07-22,41.37129592895508,41.39561545087709,40.91404586685112,41.02592383234188,23518200
2025-07-23,41.05997848510742,41.84313538939913,40.89458866191225,41.740984488839345,40333000
2025-07-24,41.006465911865234,41.20103691408774,40.89944963392047,41.11347847860602,22137600
2025-07-25,41.11348342895508,41.15726450756947,40.914047014302284,41.069706061545105,16320400
2025-07-28,40.67569351196289,41.1183474046683,40.57354261364626,41.10862033820189,22413600
2025-07-29,41.142669677734375,41.16698919893514,40.74379316024051,40.83135160121254,18395400
2025-07-30,41.44912338256836,41.818814999210716,41.22536374152818,41.26427942984933,27424400
2025-07-31,41.67288589477539,41.73612482045536,41.28860179633738,41.3226520981633,30179600
2025-08-01,41.736122131347656,41.959881773387266,41.30319530265297,41.624240454725694,35852000
2025-08-04,42.475502014160156,42.592245369423146,41.85286583781842,41.94042428206675,25730800
2025-08-05,42.02311706542969,42.64575323774161,41.896642933177475,42.49009419466363,21454400
2025-08-06,41.648563385009766,42.10094805466265,41.614513085625326,42.08635188817993,23020600
2025-08-07,42.1009521484375,42.217695513221045,41.43453484002232,41.5123625128098,25702800
2025-08-08,41.92096710205078,42.29552040709106,41.81881620067615,42.21769273941705,18445200
2025-08-11,41.78963088989258,42.05716790202088,41.585325377891095,42.027982990822544,19548800
2025-08-12,41.969608306884766,41.97933908448709,41.595055015689454,41.925830941287145,20756800
2025-08-13,42.06203079223633,42.09121570170092,41.67288134708906,42.027980494126254,22425400
2025-08-14,41.770172119140625,42.03284744771418,41.726391042109555,41.90637331665189,18747800
2025-08-15,41.648563385009766,41.87718470304571,41.390749734008374,41.706933206123495,29576600
2025-08-18,41.46858215332031,41.867458689514045,41.41020861953426,41.71179964395562,16080000
2025-08-19,41.8723258972168,41.89178374265731,41.41021041821478,41.483176410815574,16436800
2025-08-20,41.91610336303711,42.18364409945753,41.7653096995299,41.940426597695165,20169000
2025-08-21,41.62910461425781,42.134997416140195,41.5123575522205,41.92096484694267,16230000
2025-08-22,41.852867126464844,42.09608462228726,41.73125837855364,41.916102339345066,19234800
2025-08-25,41.381019592285156,41.83340422831862,41.337242229703214,41.711795495096766,16982200
2025-08-26,41.473445892333984,41.56586601147967,41.23022841137458,41.41993774962658,17263000
2025-08-27,41.48317337036133,41.58046259043322,41.356699239870004,41.47344630395628,16821400
2025-08-28,41.1669921875,41.526956754963834,41.10375697434232,41.51236058773869,16078800
2025-08-29,41.01619338989258,41.2302259479341,40.95295818465486,41.14266751157202,19469400
2025-09-02,40.8799934387207,40.92863619123639,40.62218351030383,40.8605355954736,20655000
2025-09-03,40.7778434753418,40.855671138901556,40.558945517221275,40.73892778795981,17268000
2025-09-04,40.72920227050781,41.171856169896834,40.51516969297217,41.06483988112901,22362200
2025-09-05,40.602725982666016,40.93350189802965,40.28167713339948,40.83621268103789,27006800
2025-09-08,40.18925857543945,40.64650492382539,40.033599533417885,40.62704707967216,28469400
2025-09-09,40.466522216796875,40.60272340072007,40.10655770362395,40.17952368392678,25741400
2025-09-10,41.16212844848633,41.230229047309,40.61245455786921,40.61245455786921,32168800
2025-09-11,41.381019592285156,41.41020450067312,41.05024368947355,41.108617217453485,24265200
2025-09-12,41.59019088745117,41.71179963273612,41.19131435136473,41.26428034077657,18727000
2025-09-15,41.687477111816406,41.88205184983932,41.59505698743897,41.59505698743897,22818400
2025-09-16,40.92863845825195,41.629106009129636,40.90918061392709,41.61451355368707,21652800
2025-09-17,41.030784606933594,41.38101834182172,40.94809156153054,41.19617440894361,20168200
2025-09-18,41.05997848510742,41.3226501087158,40.77297991678807,40.95782387334325,25303000
2025-09-19,41.32264709472656,41.488036905858536,40.94322843140583,41.16212638338602,20974000
2025-09-22,41.72323226928711,41.81627823499695,41.243319231404485,41.34125960022546,19477000
2025-09-23,41.93870544433594,42.00726444955193,41.58121973659334,41.65957128418923,17900600
2025-09-24,42.2374267578125,42.310883899410996,41.89463174526674,42.01705906920243,17317600
2025-09-25,41.830970764160156,42.28640059804432,41.830970764160156,42.19825276773817,18689600
2025-09-26,42.51166534423828,42.52635602621121,41.93380819079379,41.97298583351205,16233800
2025-09-29,42.63409423828125,42.702653247458294,42.19335881819617,42.49207808036142,17130800
2025-09-30,42.70754623413086,42.87404933360405,42.40392513284759,42.68795741441723,21960000
2025-10-01,43.11890411376953,43.21194633747543,42.73692773240904,42.79079605274762,29195400
2025-10-02,43.04054641723633,43.05523709719712,42.72223465207365,43.00626691859944,22648600
2025-10-03,43.54005432128906,43.94161578552846,43.13848912086432,43.172772357551125,25133200
2025-10-06,43.96120071411133,44.01017463138535,43.49597838949076,43.79470135117271,20024200
2025-10-07,44.161983489990234,44.352969812328624,44.024865487920145,44.14239467023946,32901800
2025-10-08,44.465606689453125,44.52926755450726,44.137498613381254,44.47539923169779,19790400
2025-10-09,44.35297393798828,44.74474289707499,44.26482610900305,44.61251928550431,21557400
2025-10-10,44.171775817871094,44.74473851829704,44.12280563682396,44.499883876876055,23183800
2025-10-13,44.509674072265625,44.715351063532424,44.181569766742136,44.20115858536543,18760600
2025-10-14,44.906341552734375,45.0532558379846,44.35786952499588,44.431326667620986,17571800
2025-10-15,45.493995666503906,45.63111367557531,45.1071248630893,45.1071248630893,19087600
2025-10-16,44.999385833740234,45.920037943162896,44.98959329197615,45.631111258805724,29119000
2025-10-17,44.842681884765625,45.1463030054964,44.65169555055637,45.08263840330293,21825800
2025-10-20,44.8279914855957,45.293213843922324,44.65659397127461,45.185477196010325,25420000
2025-10-21,44.37255859375,44.92592874053639,44.157085312862925,44.872060420314625,22107800
2025-10-22,44.26972198486328,44.49498781715496,44.059146833953704,44.47050085739446,19108600
2025-10-23,44.235443115234375,44.58313627892765,43.99058845887132,44.558649318817125,16134000
2025-10-24,44.75453186035156,44.974899547097024,44.44601635167084,44.49008839454577,21737600
2025-10-27,44.87696075439453,44.92103653499795,44.3284849835746,44.754533427208564,16042800
2025-10-28,44.13750076293945,45.03856787693829,44.08363243750652,45.03856787693829,20661400
2025-10-29,44.122806549072266,44.42152951667685,43.9416165018332,44.13260282719543,24271800
2025-10-30,43.93671798706055,44.490088138354324,43.922027306186834,44.07383599012907,18870800
2025-10-31,43.63309860229492,43.86816071409282,43.402934629709726,43.74083524786123,18434000
2025-11-03,43.65758514404297,43.780012469889314,43.14828702017993,43.59881868260995,22339600
2025-11-04,43.500877380371094,43.67227488563081,43.314785457930206,43.637995384578865,17156200
2025-11-05,43.51066970825195,43.716346713551765,43.309890841988434,43.49108088829215,16858200
2025-11-06,43.31968307495117,43.76042218044016,43.30009425513107,43.43231785487044,23668200
2025-11-07,43.922027587890625,43.931820129807456,43.1433878709213,43.1433878709213,24337600
2025-11-10,43.9073371887207,44.25013220079066,43.53025893925833,44.049349596445815,17947200
2025-11-11,43.931819915771484,44.103217419871385,43.68696527100438,43.92692177674424,14435400
2025-11-12,44.03466033935547,44.07383798091192,43.78980568390595,43.961203195483506,15018400
2025-11-13,43.42741775512695,43.92202515874343,43.39313825603582,43.92202515874343,20675400
2025-11-14,43.46660232543945,43.79960482808573,43.20215883190985,43.304997345584844,20168200
2025-11-17,43.85836410522461,44.005278391014585,43.505772808277065,43.54984858848825,24201400
2025-11-18,43.691864013671875,44.108116168289754,43.67717333257254,43.897541021433355,25158800
2025-11-19,43.324581146240234,43.8485699330067,43.23153518628649,43.726142611461405,25095600
2025-11-20,43.104209899902344,43.93671793148519,43.07482853819207,43.66737632852316,25543200
2025-11-21,43.16787338256836,43.339270881756335,42.85935414784474,43.2854025625565,28589400
2025-11-24,43.65758514404297,43.770216191557736,42.96219882992026,43.23153670507092,23572800
2025-11-25,43.4910774230957,43.83877054326221,43.314781793689434,43.770211546958116,22195600
2025-11-26,44.068939208984375,44.12280753130474,43.64289450577759,43.726144190750695,16759200
2025-11-28,44.382354736328125,44.41663423959718,44.09832616760693,44.14239821344472,7882600
2025-12-01,43.344173431396484,44.132605744078205,43.31968647065555,44.132605744078205,26339000
2025-12-02,43.03565216064453,43.54495028361011,42.981783838472225,43.54495028361011,17384200
2025-12-03,42.89853286743164,43.19235769289778,42.732033502935465,43.06993037093811,21728000
2025-12-04,42.81038284301758,43.15318156857438,42.66347230593766,42.87404743831886,15535200
2025-12-05,42.4088249206543,42.878945403503444,42.38923610017907,42.82018267826323,13474700
2025-12-08,41.84076690673828,42.51656444609109,41.782000441330574,42.487183081480104,21607900
2025-12-09,41.87014389038086,42.28149789663669,41.85055507062791,42.066028351724974,24347200
2025-12-10,41.850555419921875,41.94849951950407,41.54693431549514,41.919114421536726,25940200
2025-12-11,42.154178619384766,42.26191526618693,41.772205952493856,41.772205952493856,18703300
2025-12-12,41.94850158691406,42.487181084515846,41.889735124268476,42.28150033334906,17179800
2025-12-15,42.33047103881836,42.39903003860532,41.9484984010952,42.222734400243056,19176400
2025-12-16,42.154178619384766,42.41862209712129,41.899527684000454,42.31088545031913,19067900
2025-12-17,41.87993621826172,42.25211631929608,41.664466674450516,42.173764776869824,19444600
2025-12-18,42.291297912597656,42.52635629803837,42.08562089129061,42.144383619557956,21935800
2025-12-19,41.75261688232422,42.47738456999891,41.723231783071896,42.23252991461425,22612000
2025-12-22,41.90753936767578,41.966742333921665,41.47336420626521,41.72992294058535,17894900
2025-12-23,42.055545806884766,42.183825159584934,41.818726440243175,41.83846201482597,15097300
2025-12-24,42.24303436279297,42.29237142005781,41.98647564233388,42.045682369557404,5761000
2025-12-26,42.21342849731445,42.30223670475776,42.06541732769303,42.22329816712823,8436700
2025-12-29,42.2923698425293,42.53905888382807,42.2035616370947,42.24303278710475,12838700
2025-12-30,42.391048431396484,42.46999073975574,42.24303724948755,42.31210988721367,9255300
2025-12-31,42.1246223449707,42.44038403924591,42.11475643885174,42.40091665059375,10129000
2026-01-02,42.60813522338867,42.81535313271616,42.09502152111844,42.32197500716898,20495400
2026-01-05,42.134490966796875,42.71667728191281,41.502967593961195,42.617999402297094,27884400
2026-01-06,42.34170913696289,42.391046194996356,41.95687481445513,42.18382829275006,21861800
2026-01-07,41.31548309326172,42.4009172257096,41.18720749109373,42.381181649027674,27613300
2026-01-08,41.433895111083984,41.72992122265583,41.256278691305624,41.26614459721499,22853300
2026-01-09,41.94700241088867,42.32197080302563,41.927270600302094,41.95687208035796,21518300
2026-01-12,42.016082763671875,42.14435836545158,41.73978845513757,41.818730761626334,16810600
2026-01-13,42.282501220703125,42.39104500383248,41.85819575802083,42.05554774878546,22207400
2026-01-14,42.598262786865234,42.74627772058874,42.20356257056276,42.24303372144585,21403100
2026-01-15,43.032440185546875,43.23965809233691,42.7462799728313,42.7462799728313,21762700
2026-01-16,42.81535339355469,42.943632760947835,42.371312325021776,42.598265812454954,27803600
2026-01-20,42.391048431396484,42.785752444839865,42.26277282657736,42.54892928393855,25300900
2026-01-21,42.450252532958984,42.736412736769566,42.124621177413935,42.736412736769566,33736500
2026-01-22,42.14435958862305,42.69694445755318,42.03581579613887,42.62787181945897,26170700
2026-01-23,41.99634552001953,42.183827844223764,41.739786798291426,42.144356692546175,26527200
2026-01-26,42.3022346496582,42.608130408030135,42.09501676374945,42.13448791273472,19254000
2026-01-27,42.85482406616211,42.97323376171618,42.03581457515361,42.252902153816365,31070500
2026-01-28,42.75614547729492,43.09163895226128,42.558793495886036,42.9238922147781,25183600
2026-01-29,42.75614547729492,43.1903168250537,42.509456441577804,42.93375811996936,27417900
2026-01-30,42.67720413208008,42.80548348748684,42.20356162462748,42.65746855708088,27998400
2026-02-02,42.055545806884766,42.90415669306503,41.98647317793297,42.72654028599587,32847600
2026-02-03,42.66733932495117,42.84495197616371,42.095018927770724,42.095018927770724,35525500
2026-02-04,42.50946044921875,43.07191120254556,42.42065223742103,42.89429477895011,30994300
2026-02-05,42.52919006347656,42.795614685100425,42.30223659265092,42.647603515871246,31475400
2026-02-06,42.77587890625,43.27912666609356,42.410780173543166,42.914027933386734,30530100
2026-02-09,42.90415954589844,42.97323217944309,42.48972374463053,42.795615760563635,21173900
2026-02-10,43.6146240234375,43.94025160632155,42.98310066884628,43.17058298843551,34683600
2026-02-11,43.99946212768555,44.03893328179623,43.55542105438147,43.772508637813786,25614800
2026-02-12,44.650718688964844,45.134230890121565,44.1474746760008,44.196811733871584,45623300
2026-02-13,45.8841667175293,45.982840839208244,44.60138431482076,44.60138431482076,42451800
2026-02-17,45.76575469970703,46.45648480898939,45.627609430685816,46.180190506770685,32424000
2026-02-18,45.005950927734375,45.99270712868737,44.907273049133366,45.99270712868737,32841500
2026-02-19,45.49932861328125,45.56840124558396,45.07502314960681,45.17369726313178,24172500
2026-02-20,45.71641540527344,45.87429624274341,45.27237437358411,45.68681016037676,22623200
2026-02-23,46.0617790222168,46.33806954951213,45.75588324972831,45.8545611267453,33130900
2026-02-24,46.574893951416016,46.60449543323465,45.67694594921382,46.022309117685346,29503300
2026-02-25,46.73277282714844,46.80184545793457,45.982836029790306,46.58475789593468,22356600
2026-02-26,46.55516052246094,46.76237843310012,46.28873588127782,46.64396873618864,30578600
2026-02-27,47.09787368774414,47.16694632165637,46.50582146444612,46.57489409835835,39759600
2026-03-02,46.74264144897461,47.1077439634055,46.732775542935855,46.78211260148221,33087300
2026-03-03,46.446617126464844,46.82158556140913,45.35131706924368,46.0815183621166,60946600
2026-03-04,46.64396667480469,46.79197784835873,46.14071889786277,46.46635025519886,24020800
2026-03-05,46.278865814208984,46.397275500474755,45.85456036056591,46.328202869805054,29794500
2026-03-06,46.12098693847656,46.338070745163066,45.72628294857639,46.012443153045204,25001700
2026-03-09,46.229530334472656,46.328208221239265,45.43026015463385,45.94337387329073,27759000
2026-03-10,45.9433708190918,46.417013351555475,45.85456260899384,46.02230935908095,24935900
2026-03-11,45.55853271484375,45.94337080123615,45.39078596482183,45.88416407313511,20026100
2026-03-12,45.8841667175293,46.417016008619086,45.351317426439515,45.390788580781674,27419900
2026-03-13,46.33807373046875,46.693306591429355,46.23939960872479,46.347943401149024,31521000
2026-03-16,46.634098052978516,46.87092120583505,46.32820602891854,46.8215841468747,19775400
2026-03-17,46.505821228027344,47.009065238854724,46.456484170366025,46.89065554763232,18502300
2026-03-18,46.11111831665039,46.52555789188442,46.11111831665039,46.32820589244804,31063500
2026-03-19,45.92363357543945,46.27886640293181,45.43025548485031,46.03217735763724,29544000
2026-03-20,44.05866622924805,46.042044552728115,43.84157865877242,45.84469255812993,47128300
2026-03-23,44.495872497558594,44.9032709216716,44.287205844096796,44.64492227317031,31574300
2026-03-24,44.80390548706055,45.251051008985925,44.20771398482213,44.2772695337335,24183800
2026-03-25,44.962890625,45.36035415777185,44.92314351362418,45.23117794104703,22297400
2026-03-26,45.04238510131836,45.19143108407699,44.73435067216143,44.95295599546591,19988000
2026-03-27,45.30073165893555,45.7876242773685,45.012570798852636,45.0821263457012,26172900
2026-03-30,45.62863540649414,46.04597247412912,45.469650759417235,45.87704915445761,28363600
2026-03-31,45.59882736206055,45.65844802666227,44.97282365046799,45.55908025232606,42852800
2026-04-01,45.81743240356445,45.98635193319536,45.41003400743303,45.489524435937874,31185100
2026-04-02,46.04597473144531,46.2943884915868,45.61870276076251,45.747878977374164,17331800
2026-04-06,45.877052307128906,46.20496029641116,45.79756187337436,45.8571825415602,12939500
2026-04-07,45.976417541503906,46.13540219070249,45.74787734518675,45.7677509001482,13657000
2026-04-08,46.48318099975586,46.48318099975586,45.68825773540534,45.996292158681904,18879700
2026-04-09,46.85083770751953,47.40728211653791,46.324197946921544,46.36394505913521,23274600
2026-04-10,46.66204071044922,47.15886824047656,46.57261160342457,46.76140849075063,15052100
2026-04-13,46.09565734863281,46.58254999291037,45.827370029193325,46.54280288103196,17795700
2026-04-14,46.17515182495117,46.26458093192015,45.60876874431209,46.10559627403011,25118600
2026-04-15,45.728004455566406,46.02610020333941,45.58889335930521,46.01616532096065,24843900
2026-04-16,46.055908203125,46.07578175818668,45.54914581577788,45.708130465778254,26945000
2026-04-17,45.86711502075195,45.98635256038194,45.35041396169796,45.9366705680772,17601500
2026-04-20,45.459716796875,46.045973405547315,45.360352811876865,45.827368089959755,14376100
2026-04-21,44.664794921875,45.65844996445067,44.62504781045361,45.61870285302928,19596900
2026-04-22,44.58530044555664,45.33054172325156,44.42631579126812,45.05231952586993,21731700
2026-04-23,45.79756164550781,45.84724364016886,44.913209252864135,45.08212879281035,23864300
2026-04-24,45.88698959350586,46.00622713578043,45.449782744837016,45.737939822792804,24158700
2026-04-27,45.89692306518555,46.20495747962721,45.87704951033515,46.07578126834613,14543100
2026-04-28,45.956546783447266,46.22483410601523,45.74788012939216,46.14533988133142,13016000
2026-04-29,45.39016342163086,45.976420058361164,45.270925875827835,45.77768828836063,12655100
2026-04-30,46.552738189697266,46.592485301939355,45.559083126604534,45.559083126604534,22378500
2026-05-01,46.254642486572266,46.99988378482153,46.22483404760013,46.54280336494703,15507000
2026-05-04,46.075782775878906,46.55273673641469,45.79756057985632,45.966480115871995,18054200
2026-05-05,46.075782775878906,46.52292829841031,46.06584789337516,46.234767429390836,17499600
2026-05-06,45.41997146606445,46.08572232121137,45.35041591574222,45.98635454182732,26315500
2026-05-07,44.83371353149414,45.39016170839404,44.714475990191694,45.33054104249627,23499400
2026-05-08,44.43625259399414,45.22123715935137,44.40644036660579,45.072191184381616,18158100
2026-05-11,44.85358810424805,45.02251143287702,44.54555746635497,44.81384099274791,22669300
2026-05-12,44.90327072143555,45.092067608434256,44.51574585516507,44.77409829300754,28240500
2026-05-13,44.38656997680664,44.53561975289731,44.07853933227605,44.51574619671901,27268600
2026-05-14,44.6151123046875,44.63498206962749,44.26733077034772,44.346824992080165,18472900
2026-05-15,43.591644287109375,44.48593531353232,43.551900967429624,44.42631464827311,21857600
2026-05-18,43.66120147705078,43.929488795069716,43.253803058687176,43.79037769472505,31554300
2026-05-19,44.05866241455078,44.12821796062134,43.34322960869022,43.541961364817375,22307100
2026-05-20,44.22758483886719,44.575366382481015,44.12822084954507,44.37663461334357,17584800
2026-05-21,44.7144775390625,44.72441242180972,44.158029342887716,44.26733200557323,18781100
2026-05-22,45.062252044677734,45.15168114492984,44.63498009797245,44.774094979859136,15187100
2026-05-26,45.04238510131836,45.3504157399821,45.04238510131836,45.300733745729225,13738200
2026-05-27,44.85358810424805,45.08212830963404,44.664795010362184,44.962890765626824,16869400
2026-05-28,44.346824645996094,44.982763252920314,44.297142653047594,44.74428438007719,19383000
2026-05-29,44.138153076171875,44.436252607185864,43.96923354639074,44.38656682502154,23048500
2026-06-01,42.82653045654297,43.681074392408334,42.79672201847566,43.62145751627373,31206300
2026-06-02,43.621456146240234,43.68107302050244,42.90602333114965,42.93583176828074,27366300
2026-06-03,43.43265914916992,44.197773954185664,43.40285071212159,43.68107289922076,21948600
2026-06-04,43.66120147705078,43.830124806393016,43.065009964004155,43.59164592687845,18216500
2026-06-05,44.068599700927734,44.33688701776265,43.691013513228086,43.760569063093456,21351600
2026-06-08,43.243865966796875,44.09840987153556,43.194183974996655,44.03878920707948,20843500
2026-06-09,43.70094680786133,43.80031458298189,43.194184421472094,43.363103953437495,20424800
2026-06-10,43.720821380615234,43.99904357644317,43.51215473374429,43.93942670047611,17778000
2026-06-11,43.770503997802734,44.23752308216291,43.730756886262895,43.939427326600466,19146300
2026-06-12,44.24745559692383,44.32694981574942,43.909612747901015,43.909612747901015,17942600
2026-06-15,44.45612716674805,44.71447580357397,43.90961387453213,44.19777473942905,18437600
2026-06-16,44.77409744262695,45.21130429541164,44.475997898394546,44.55549212098803,16396600
2026-06-17,44.17790222167969,44.883396391207675,43.959300690152794,44.53561864298773,22210400
2026-06-18,44.47599792480469,45.052319667470194,44.24745772045245,44.31701327001647,36828300
2026-06-22,44.720001220703125,44.970001220703125,44.43000030517578,44.47999954223633,21868600
2026-06-23,45.06999969482422,45.20000076293945,44.459999084472656,44.75,22295600
2026-06-24,45.540000915527344,45.599998474121094,45.09000015258789,45.290000915527344,18884500
2026-06-25,45.849998474121094,46.189998626708984,45.5,45.65999984741211,19262800
2026-06-26,46.20000076293945,46.22999954223633,45.88999938964844,46.0,19479300
2026-06-29,46.02000045776367,46.310001373291016,45.77000045776367,46.20000076293945,17917800
2026-06-30,45.34000015258789,45.95000076293945,45.31999969482422,45.86000061035156,18906800
2026-07-01,44.77000045776367,45.36000061035156,44.63999938964844,45.2400016784668,29493100
2026-07-02,45.7599983215332,45.79999923706055,45.0,45.029998779296875,24327900
2026-07-06,45.29999923706055,45.83000183105469,45.11000061035156,45.709999084472656,19176600
2026-07-07,45.70000076293945,46.31999969482422,45.529998779296875,45.630001068115234,18962700
2026-07-08,45.36000061035156,45.81999969482422,45.310001373291016,45.7400016784668,14863200
2026-07-09,45.130001068115234,45.65999984741211,45.040000915527344,45.560001373291016,19667800
2026-07-10,45.40999984741211,45.47999954223633,45.09000015258789,45.119998931884766,14050300
2026-07-13,45.720001220703125,45.880001068115234,45.43000030517578,45.45000076293945,15732100
2026-07-14,45.689998626708984,46.279998779296875,45.560001373291016,45.93000030517578,17386900
2026-07-15,45.220001220703125,45.95000076293945,45.16999816894531,45.72999954223633,15909500
2026-07-16,45.470001220703125,45.619998931884766,45.119998931884766,45.2400016784668,15615700
2026-07-17,45.16999816894531,46.150001525878906,45.060001373291016,45.900001525878906,20924600
2026-07-20,44.939998626708984,45.65999984741211,44.810001373291016,45.33000183105469,17830900
2026-07-21,44.91999816894531,45.040000915527344,44.63999938964844,44.869998931884766,15891700
2026-07-22,45.93000030517578,45.9900016784668,45.209999084472656,45.27000045776367,18366900
2026-07-23,46.189998626708984,46.33000183105469,45.599998474121094,45.650001525878906,13696700
2026-07-24,46.290000915527344,46.630001068115234,46.099998474121094,46.400001525878906,16109000
2026-07-27,45.68000030517578,46.279998779296875,45.560001373291016,46.130001068115234,16609100
2026-07-28,45.52000045776367,46.43000030517578,45.5,45.86000061035156,16412000
2026-07-29,44.90999984741211,45.79999923706055,44.72999954223633,45.7599983215332,23653200
2026-07-30,44.65999984741211,45.2400016784668,44.36000061035156,45.20000076293945,23428600
2026-07-31,44.349998474121094,44.7400016784668,44.310001373291016,44.61000061035156,20778500
2026-08-03,44.36000061035156,44.65999984741211,43.939998626708984,44.2400016784668,25872600
2026-08-04,44.11000061035156,44.290000915527344,43.59000015258789,44.25,26772300
2026-08-05,43.65999984741211,44.130001068115234,43.290000915527344,44.099998474121094,26062300
2026-08-06,43.380001068115234,44.27000045776367,43.15999984741211,44.150001525878906,27020100
2026-08-07,43.61000061035156,43.869998931884766,42.95000076293945,43.20000076293945,18693800
2026-08-10,43.130001068115234,43.52000045776367,43.060001373291016,43.43000030517578,25438200
2026-08-11,43.630001068115234,43.709999084472656,43.08000183105469,43.130001068115234,19690800
2026-08-12,43.84000015258789,43.959999084472656,43.63999938964844,43.7599983215332,15979000
2026-08-13,44.040000915527344,44.20000076293945,43.880001068115234,43.88999938964844,17855900
2026-08-14,44.310001373291016,44.40999984741211,43.97999954223633,44.0099983215332,17154200
2026-08-17,44.18000030517578,44.25,43.81999969482422,44.20000076293945,16377500
2026-08-18,44.02000045776367,44.650001525878906,43.95000076293945,44.529998779296875,19424700
2026-08-19,44.02000045776367,44.380001068115234,43.79999923706055,44.2599983215332,15856400
2026-08-20,43.77000045776367,44.2599983215332,43.75,43.83000183105469,17077400
2026-08-21,42.77000045776367,43.959999084472656,42.75,43.900001525878906,22073000
2026-08-24,43.220001220703125,43.2599983215332,42.70000076293945,42.869998931884766,20055700
2026-08-25,43.310001373291016,43.47999954223633,43.06999969482422,43.2400016784668,13430200
2026-08-26,43.5099983215332,43.709999084472656,43.279998779296875,43.310001373291016,12240200
2026-08-27,43.18000030517578,43.33000183105469,42.91999816894531,43.220001220703125,16033500
2026-08-28,42.72999954223633,43.380001068115234,42.560001373291016,43.34000015258789,20360500
