Price,Close,High,Low,Open,Volume
Ticker,XLY,XLY,XLY,XLY,XLY
Date,,,,,
1998-12-22,9.360784530639648,9.360784530639648,9.303356404684804,9.303356404684804,7400
1998-12-23,9.40099048614502,9.46416076107143,9.360790073147106,9.372275705138698,24000
1998-12-24,9.57326602935791,9.57326602935791,9.487123168808145,9.53306565388712,3200
1998-12-28,9.4871244430542,9.533066934303855,9.4871244430542,9.527324823924431,17200
1998-12-29,9.693866729736328,9.693866729736328,9.515840257409026,9.515840257409026,2200
1998-12-30,9.613469123840332,9.705354133387194,9.613469123840332,9.688126395124147,63400
1998-12-31,9.601982116699219,9.647924614865243,9.601982116699219,9.613467741240726,64800
1999-01-04,9.54455280303955,9.751294018989865,9.521581556822849,9.613466541689656,10400
1999-01-05,9.705357551574707,9.705357551574707,9.601986879427757,9.601986879427757,2600
1999-01-06,9.98100757598877,9.98100757598877,9.820208834833599,9.820208834833599,16200
1999-01-07,9.969524383544922,10.038438146564818,9.923581874864992,9.935067502034974,27400
1999-01-08,9.98100757598877,10.072892570934581,9.963779840463307,10.026950073461675,37200
1999-01-11,9.929325103759766,10.02695223086834,9.848925715883388,10.015466604028855,126200
1999-01-12,9.670894622802734,9.808722099612273,9.659408999735271,9.780008742970418,6600
1999-01-13,9.716836929321289,9.716836929321289,9.441181980971749,9.441181980971749,6800
1999-01-14,9.498611450195312,9.670895817490269,9.45266895224999,9.624953319544947,73200
1999-01-15,9.619208335876465,9.630693956933001,9.573265851650316,9.624950445378058,69600
1999-01-19,9.613469123840332,9.76852577847765,9.613469123840332,9.728325385773909,8200
1999-01-20,9.774269104003906,9.866154124958115,9.711098853124964,9.751297848765354,7000
1999-01-21,9.68238353729248,9.762782926095621,9.659412283348725,9.751297299123744,63000
1999-01-22,9.728324890136719,9.757039655184148,9.510098003581113,9.533069254797494,24600
1999-01-25,9.705357551574707,9.728328812051807,9.636443770143407,9.682386291097608,16200
1999-01-26,9.935072898864746,9.935072898864746,9.734075015233064,9.762788397728364,7400
1999-01-27,9.923582077026367,9.96952458664223,9.923582077026367,9.946553331834298,3800
1999-01-28,10.026949882507324,10.026949882507324,9.946550513460874,9.946550513460874,8600
1999-01-29,10.095867156982422,10.130324041477243,9.99249650349796,10.061410272487601,13600
1999-02-01,10.118833541870117,10.147548299485623,10.084376673963634,10.141804787141105,12200
1999-02-02,9.992496490478516,10.038439003078418,9.900611465278713,10.038439003078418,41800
1999-02-03,10.153288841247559,10.1647744621087,9.958033286608183,9.969518907469322,46200
1999-02-04,10.095867156982422,10.227952581906344,10.084381528817481,10.216466953741403,39000
1999-02-05,9.84317684173584,10.055661523593423,9.84317684173584,9.992489909346768,11600
1999-02-08,10.003983497619629,10.003983497619629,9.802985678315785,9.929327605381017,16400
1999-02-09,9.693866729736328,9.889122339221538,9.693866729736328,9.877636715134173,18800
1999-02-10,9.693866729736328,9.751294850173155,9.636438609299502,9.682381105648963,18400
1999-02-11,10.009723663330078,10.021209289219124,9.722583016103941,9.751296379799586,24400
1999-02-12,9.831696510314941,9.889124644136874,9.768526264137838,9.877639017372488,11600
1999-02-16,9.95803451538086,10.015462626772907,9.912092026267223,9.917835538433177,18600
1999-02-17,9.923582077026367,10.12458125762283,9.923582077026367,9.981010214046195,29400
1999-02-18,9.935072898864746,9.935072898864746,9.837445715914892,9.923587265455655,7000
1999-02-19,9.986754417419434,9.986754417419434,9.917840648243638,9.946554017706442,1800
1999-02-22,10.239435195922852,10.239435195922852,10.015464811608824,10.015464811608824,28000
1999-02-23,10.187746047973633,10.256659775468382,10.10734669922976,10.245174154219256,13600
1999-02-24,10.061408996582031,10.32557841087585,10.061408996582031,10.25666465062529,18000
1999-02-25,9.946552276611328,10.049922912280499,9.797239136200304,10.038437286095036,38200
1999-02-26,10.032695770263672,10.072894763274796,9.935067240858265,9.935067240858265,17000
1999-03-01,10.038433074951172,10.038433074951172,9.946548104013404,10.003976210849508,17200
1999-03-02,10.061408996582031,10.182008778047535,10.061408996582031,10.061408996582031,36200
1999-03-03,10.009723663330078,10.090123044553396,10.009723663330078,10.072893904692858,2000
1999-03-04,10.222204208374023,10.256661076492138,10.130319226725717,10.233689831080062,10800
1999-03-05,10.532318115234375,10.601231865170478,10.451918740308923,10.451918740308923,49600
1999-03-08,10.578258514404297,10.612715382529393,10.440431041903915,10.612715382529393,24600
1999-03-09,10.606971740722656,10.670141955471106,10.526572393372497,10.555285744970877,24200
1999-03-10,10.578258514404297,10.629944517618718,10.555287268987566,10.612715382529393,11200
1999-03-11,10.69311809539795,10.756289741134601,10.629947851715292,10.658661216465411,26200
1999-03-12,10.739062309265137,10.865404218785903,10.474892862085353,10.807976078094645,27400
1999-03-15,10.76203441619873,10.767777931748945,10.658663754783802,10.72757752906042,14200
1999-03-16,10.704601287841797,10.830943148535209,10.658658793044193,10.830943148535209,12400
1999-03-17,10.658660888671875,10.693117766544736,10.55529025505329,10.693117766544736,13400
1999-03-18,10.842432022094727,10.842432022094727,10.589748224969638,10.589748224969638,14000
1999-03-19,10.693230628967285,10.842705895823817,10.693230628967285,10.842705895823817,26200
1999-03-22,10.578248023986816,10.67023278941279,10.532255641273832,10.67023278941279,37200
1999-03-23,10.256300926208496,10.49776092559233,10.23330473579099,10.49776092559233,19600
1999-03-24,10.175814628601074,10.302293680481991,10.152818437349998,10.302293680481991,25800
1999-03-25,10.486260414123535,10.486260414123535,10.279294748055307,10.336785210852037,20400
1999-03-26,10.417279243469238,10.509264049151087,10.371286840628315,10.463271646310162,12600
1999-03-29,10.670235633850098,10.670235633850098,10.57250249631968,10.595498693806427,10200
1999-03-30,10.681735038757324,10.704731239056049,10.589750237562429,10.624244538010515,72600
1999-03-31,10.520760536193848,10.750722515127046,10.520760536193848,10.739224416180386,48800
1999-04-01,10.509263038635254,10.578251636263056,10.446024192598074,10.578251636263056,8200
1999-04-05,10.647237777709961,10.681732068566474,10.543754905140426,10.578249195996937,19200
1999-04-06,10.704730987548828,10.773719586824116,10.647240488152756,10.687484539518328,21800
1999-04-07,10.796716690063477,10.819712891746253,10.762222387539312,10.790968341431164,27200
1999-04-08,11.03817081451416,11.03817081451416,10.831205111742019,10.831205111742019,41600
1999-04-09,11.141655921936035,11.15890376911417,10.992180661889421,10.992180661889421,145800
1999-04-12,11.233641624450684,11.27963401595304,10.969185373312131,10.969185373312131,42200
1999-04-13,11.176149368286133,11.279632232807302,11.118658887996595,11.268134136749394,65400
1999-04-14,10.92319393157959,11.199148304587917,10.92319393157959,11.176152106837224,99400
1999-04-15,10.900196075439453,11.015177046699362,10.739222715675579,10.99218085244738,71600
1999-04-16,10.934688568115234,10.946186663349845,10.819707615769122,10.900194282411402,23200
1999-04-19,10.693230628967285,11.245139306591403,10.658736336615778,11.107162137185373,74800
1999-04-20,10.831205368041992,10.877197747524123,10.727722514207196,10.762216798818795,31200
1999-04-21,11.015179634094238,11.015179634094238,10.842708136691929,10.900198635826031,90200
1999-04-22,11.043924331665039,11.153155565830813,10.992182186530162,11.072668876180487,71400
1999-04-23,11.164650917053223,11.187647108437472,11.08416424720835,11.08416424720835,4000
1999-04-26,11.095660209655762,11.222139237952355,11.095660209655762,11.210641144470847,188800
1999-04-27,11.124407768249512,11.176148494677577,11.084163733404509,11.164650399518443,8200
1999-04-28,11.0841703414917,11.256641871701632,11.0841703414917,11.18765325961766,12000
1999-04-29,10.831205368041992,11.072665360323182,10.78521298855986,10.992178696229452,35800
1999-04-30,10.796716690063477,10.95769010184291,10.474769866504609,10.934693900160134,74600
1999-05-03,11.061172485351562,11.072670585648186,10.819712379122475,10.819712379122475,181200
1999-05-04,10.934688568115234,11.199144758511292,10.865699996707567,11.18764666327668,382800
1999-05-05,10.842703819274902,10.95768477175926,10.670232390548366,10.95768477175926,99400
1999-05-06,10.601248741149902,10.785218350540791,10.601248741149902,10.739225948193068,24000
1999-05-07,10.842703819274902,10.842703819274902,10.716224771542109,10.727722866790545,51200
1999-05-10,10.831205368041992,11.003676791099984,10.762216798818795,10.877197747524123,38400
1999-05-11,11.04967212677002,11.118660714450165,10.93469114730311,10.93469114730311,62200
1999-05-12,11.11865520477295,11.11865520477295,10.923187636540126,11.061164743528002,25000
1999-05-13,11.061172485351562,11.187651588614418,10.992183883571823,11.187651588614418,27200
1999-05-14,10.842703819274902,10.90019429551708,10.796711438281159,10.808209533529595,20400
1999-05-17,10.624245643615723,10.727728555728863,10.509264630156677,10.670238048999341,20800
1999-05-18,10.693230628967285,10.865702090724822,10.693230628967285,10.704728726417787,10200
1999-05-19,10.566752433776855,10.796714401867755,10.566752433776855,10.796714401867755,1400
1999-05-20,10.65873908996582,10.739225792910545,10.65873908996582,10.716229592069196,15000
1999-05-21,10.589746475219727,10.647236955541224,10.578248379155427,10.647236955541224,10200
1999-05-24,10.359785079956055,10.624241302862812,10.359785079956055,10.566750819622213,7200
1999-05-25,10.256300926208496,10.520757116009838,10.256300926208496,10.509259020801084,14000
1999-05-26,10.371283531188965,10.371283531188965,10.233306366694212,10.359785434147735,10200
1999-05-27,10.164313316345215,10.31378851217382,10.164313316345215,10.302290420187004,23800
1999-05-28,10.308045387268066,10.3712842234276,10.24480514753214,10.24480514753214,2200
1999-06-01,10.371283531188965,10.371283531188965,10.216059922920516,10.325291143024048,59200
1999-06-02,10.348289489746094,10.49776478237576,10.348289489746094,10.48626668294271,12800
1999-06-03,10.589746475219727,10.624240763412624,10.54375409096253,10.612742667348325,8400
1999-06-04,10.670235633850098,10.727726127566962,10.624243238876605,10.727726127566962,9800
1999-06-07,10.698979377746582,10.716225820519396,10.624241049527813,10.624241049527813,5800
1999-06-08,10.538009643554688,10.670237095427344,10.538009643554688,10.658738995108996,8400
1999-06-09,10.434523582458496,10.52075860695689,10.434523582458496,10.497762413280482,9800
1999-06-10,10.285046577453613,10.382779682197912,10.262050387681303,10.382779682197912,15600
1999-06-11,10.233304977416992,10.394278314140406,10.216058535984681,10.336787836739187,5200
1999-06-14,10.244805335998535,10.348288218180338,10.244805335998535,10.325292022139937,2600
1999-06-15,10.175814628601074,10.25630129797984,10.164316532975537,10.25630129797984,9800
1999-06-16,10.45177173614502,10.469019586012719,10.359786946387967,10.3712850451076,39600
1999-06-17,10.400030136108398,10.451770874291947,10.394280385434454,10.42877467874895,6400
1999-06-18,10.477354049682617,10.48886762556139,10.373731866773669,10.38524544265244,10200
1999-06-21,10.66157054901123,10.66157054901123,10.534921222835072,10.534921222835072,9400
1999-06-22,10.592489242553711,10.638543543608293,10.557948516762774,10.615516393081002,5600
1999-06-23,10.442814826965332,10.523409869731328,10.373733361737337,10.523409869731328,10400
1999-06-24,10.419781684875488,10.419781684875488,10.270105262882803,10.408268113952975,11800
1999-06-25,10.38524341583252,10.45432485762298,10.373729842200778,10.45432485762298,2400
1999-06-28,10.586729049682617,10.615512273940102,10.419781570407583,10.419781570407583,4600
1999-06-29,10.765196800231934,10.765196800231934,10.632791339111936,10.632791339111936,16400
1999-06-30,10.972440719604492,10.972440719604492,10.673087667443193,10.673087667443193,22600
1999-07-01,11.030001640319824,11.030001640319824,10.891838780524585,10.891838780524585,5800
1999-07-02,11.087574005126953,11.14514188677351,10.98395181816315,10.98395181816315,21800
1999-07-06,11.179682731628418,11.266035257726148,11.110601272936584,11.122114849385223,34000
1999-07-07,11.076065063476562,11.145146550358954,11.076065063476562,11.133632969211888,40000
1999-07-08,10.983949661254883,11.099085401938895,10.949408939049679,10.949408939049679,8400
1999-07-09,10.983949661254883,11.05303110566529,10.983949661254883,10.995463235323284,33600
1999-07-12,10.914873123168945,10.995468177875889,10.90911703628013,10.995468177875889,9200
1999-07-13,10.834273338317871,10.91486835783777,10.811246189883613,10.90335478362064,62400
1999-07-14,10.857297897338867,10.914865754694853,10.834270754396472,10.868811468810065,41800
1999-07-15,11.00122356414795,11.041520381053859,10.949411764736412,10.995466072895136,216800
1999-07-16,11.064546585083008,11.064546585083008,10.983951552725483,11.030005856929783,5600
1999-07-19,11.041520118713379,11.076060849011752,10.983952234882757,11.076060849011752,12200
1999-07-20,10.753679275512695,10.98395078034166,10.753679275512695,10.960923629858764,45400
1999-07-21,10.65005874633789,10.828519892928416,10.65005874633789,10.82276240168391,17600
1999-07-22,10.511895179748535,10.684598824541776,10.477354450789887,10.63854451926358,21400
1999-07-23,10.43130111694336,10.511896158685747,10.43130111694336,10.511896158685747,3000
1999-07-26,10.488869667053223,10.557951135771464,10.37373388585615,10.37373388585615,60400
1999-07-27,10.546435356140137,10.592489659005377,10.465840326125965,10.592489659005377,52000
1999-07-28,10.511895179748535,10.557949485026732,10.43130014551169,10.477354450789887,4800
1999-07-29,10.350702285766602,10.431297298002827,10.201025834470755,10.431297298002827,14200
1999-07-30,10.154973983764648,10.25859616727245,10.108919679983403,10.25859616727245,30400
1999-08-02,10.080132484436035,10.258592138775253,10.080132484436035,10.18951071023131,315600
1999-08-03,9.9534912109375,10.154978170313703,9.94773371785832,10.154978170313703,21400
1999-08-04,9.752001762390137,9.982273350640199,9.752001762390137,9.982273350640199,7600
1999-08-05,9.665647506713867,9.68291716753782,9.510213531969368,9.68291716753782,98800
1999-08-06,9.59080696105957,9.67715946716323,9.521725518362864,9.602320534842356,26000
1999-08-09,9.464153289794922,9.625343248501892,9.418099015878644,9.625343248501892,3400
1999-08-10,9.464153289794922,9.48718042675306,9.268422625650745,9.412342934371562,13600
1999-08-11,9.671405792236328,9.68291937056042,9.619595392510972,9.625351478939965,6000
1999-08-12,9.786537170410156,9.867132182401768,9.786537170410156,9.786537170410156,10400
1999-08-13,9.982270240783691,9.982270240783691,9.901675210004584,9.901675210004584,16400
1999-08-16,10.120433807373047,10.120433807373047,9.936216582210397,9.970757311928395,23800
1999-08-17,10.097406387329102,10.20102857374411,10.039838505987431,10.20102857374411,48200
1999-08-18,10.062859535217285,10.166481658577647,10.062859535217285,10.08588667374181,7800
1999-08-19,9.976513862609863,10.005297098595614,9.895918834197701,10.005297098595614,10800
1999-08-20,10.085891723632812,10.085891723632812,10.04559491377124,10.074378148605835,4400
1999-08-23,10.247081756591797,10.258595331599203,10.195271371791316,10.21829852180613,18200
1999-08-24,10.235573768615723,10.30465525636791,10.166492280863535,10.270114512491816,17200
1999-08-25,10.339190483093262,10.339190483093262,10.131946130425469,10.178000431018312,6000
1999-08-26,10.13770580291748,10.316165553396122,10.120434733744633,10.316165553396122,40200
1999-08-27,10.097406387329102,10.143460692402439,10.016811353450763,10.143460692402439,7600
1999-08-30,9.878643035888672,10.022563363269942,9.878643035888672,10.016805875551452,12400
1999-08-31,9.763511657714844,9.763511657714844,9.613835181830064,9.740484507578724,8600
1999-09-01,9.775031089782715,9.832598999616534,9.775031089782715,9.815329329399663,2200
1999-09-02,9.659889221191406,9.671402795948488,9.579294197891835,9.579294197891835,44400
1999-09-03,9.924700736999512,9.924700736999512,9.821078571532,9.890160015177008,10000
1999-09-07,9.769268989562988,9.878647248203025,9.757755414681634,9.80956579891489,65400
1999-09-08,9.717455863952637,9.780781219827253,9.665645486842033,9.665645486842033,13000
1999-09-09,9.752001762390137,9.809569659452652,9.717461024152627,9.809569659452652,11200
1999-09-10,9.936212539672852,9.964997172126463,9.872888597019415,9.907429312684558,37400
1999-09-13,9.90743350982666,9.90743350982666,9.861379202762889,9.890162441944788,2400
1999-09-14,9.855623245239258,9.895921472923652,9.826840001578518,9.826840001578518,3200
1999-09-15,9.769268989562988,9.924701547728446,9.769268989562988,9.89016082308438,5600
1999-09-16,9.562023162841797,9.608077455244489,9.45840100493574,9.608077455244489,22800
1999-09-17,9.696738243103027,9.719798262706126,9.61602817449218,9.61602817449218,4000
1999-09-20,9.685208320617676,9.702504039211878,9.639088280995686,9.667914009495387,19600
1999-09-21,9.466141700744629,9.558381814759192,9.466141700744629,9.552617511369505,13800
1999-09-22,9.569910049438477,9.569910049438477,9.500729976791932,9.518025698689659,26600
1999-09-23,9.6160306930542,9.621796403201037,9.529556300629775,9.598736377558222,12000
1999-09-24,9.420021057128906,9.523791178933264,9.420021057128906,9.443081084196542,13800
1999-09-27,9.581442832946777,9.598738559847236,9.535322771175673,9.575678528961683,8200
1999-09-28,9.552618026733398,9.552618026733398,9.350842062704501,9.518027982111803,17000
1999-09-29,9.483439445495605,9.523793800234806,9.483439445495605,9.494969462202912,3400
1999-09-30,9.621801376342773,9.708275813462533,9.512265494188348,9.512265494188348,151800
1999-10-01,9.67368221282959,9.719802271055237,9.610267836505564,9.67368221282959,3200
1999-10-04,9.984991073608398,9.99075678373807,9.800510869015172,9.800510869015172,12200
1999-10-05,10.002285957336426,10.181000436805892,9.910045862778727,10.088760342248193,15800
1999-10-06,10.11181926727295,10.180999330675045,9.944634817787215,10.025344891756326,17200
1999-10-07,10.082995414733887,10.186765514675546,10.082995414733887,10.146409772073316,7800
1999-10-08,10.371247291564941,10.371247291564941,10.25018145256232,10.296301504092408,156800
1999-10-11,10.44619369506836,10.475019436594557,10.054173181125398,10.054173181125398,213400
1999-10-12,10.23288631439209,10.330890712279192,10.23288631439209,10.330890712279192,29600
1999-10-13,10.11181926727295,10.238649383510124,10.11181926727295,10.19252934124206,10400
1999-10-14,9.96770191192627,10.002291968172157,9.823575973831911,9.869696048826427,14800
1999-10-15,9.714035987854004,9.835100412287922,9.714035987854004,9.777450351254581,11000
1999-10-18,9.777454376220703,9.777454376220703,9.558384054111984,9.702509969762001,17400
1999-10-19,9.875458717346191,10.019583203534166,9.84086867176437,9.904283051594764,10400
1999-10-20,10.048407554626465,10.048407554626465,9.852397323455914,9.863927337054182,95200
1999-10-21,9.961932182312012,9.961932182312012,9.86392776619909,9.881222083612725,3000
1999-10-22,10.221354484558105,10.25594451427324,10.065698647104046,10.08299436569757,9200
1999-10-25,10.042645454406738,10.134885596353069,10.019585418920157,10.019585418920157,5000
1999-10-26,9.794748306274414,10.077232966001588,9.702508187592478,10.077232966001588,38200
1999-10-27,9.823569297790527,9.823569297790527,9.673679155922832,9.77744925413893,30400
1999-10-28,10.192529678344727,10.238649722138142,10.008049503171067,10.008049503171067,22400
1999-10-29,10.475018501281738,10.722913100404337,10.475018501281738,10.56149290319395,24600
1999-11-01,10.40007495880127,10.561495190977785,10.40007495880127,10.515375124641638,25400
1999-11-02,10.325126647949219,10.532666867933402,10.325126647949219,10.348186672391906,6600
1999-11-03,10.238654136657715,10.36548431177397,10.238654136657715,10.353954295854312,6200
1999-11-04,10.365480422973633,10.377010434567596,10.307830365003813,10.307830365003813,37200
1999-11-05,10.434659004211426,10.51536907385726,10.405834683073872,10.463484732820897,14000
1999-11-08,10.40007495880127,10.46925505830549,10.40007495880127,10.411604975385305,5000
1999-11-09,10.29053783416748,10.353952205184658,10.25018208286098,10.353952205184658,23800
1999-11-10,10.330892562866211,10.405838357739283,10.330892562866211,10.359718301655057,15000
1999-11-11,10.353955268859863,10.411605353875787,10.342425251856678,10.353955268859863,11400
1999-11-12,10.596083641052246,10.596083641052246,10.41160340355841,10.538433566835423,15800
1999-11-15,10.613380432128906,10.711384864396203,10.503844576388527,10.503844576388527,12400
1999-11-16,10.659500122070312,10.745974535302647,10.58455431696119,10.6537344105361,10200
1999-11-17,10.567258834838867,10.734443338850582,10.561493123938918,10.688323281540805,27000
1999-11-18,10.613380432128906,10.636440464129759,10.555730352126774,10.636440464129759,4400
1999-11-19,10.515374183654785,10.596084292520557,10.498079864062706,10.578789972928478,29400
1999-11-22,10.394303321838379,10.411597630778223,10.365477596976325,10.3770076054268,4200
1999-11-23,10.353955268859863,10.377015302866232,10.290540879078737,10.365485285863048,20200
1999-11-24,10.411601066589355,10.434661091100075,10.313596666154902,10.330890980801842,8400
1999-11-26,10.538430213928223,10.538430213928223,10.411600091003486,10.411600091003486,13400
1999-11-29,10.630674362182617,10.653734393337025,10.503844190833366,10.503844190833366,17800
1999-11-30,10.480780601501465,10.688320811432186,10.480780601501465,10.647966474348387,13800
1999-12-01,10.607609748840332,10.64796548966431,10.578785426084917,10.607609748840332,17600
1999-12-02,10.561490058898926,10.561490058898926,10.475015680274966,10.561490058898926,314200
1999-12-03,10.682558059692383,10.769032455977449,10.653732322615808,10.659498033020055,17600
1999-12-06,10.69985294342041,10.780563041053968,10.6076128318392,10.688322929472758,23800
1999-12-07,10.521136283874512,10.665260725071855,10.521136283874512,10.619140678693167,12800
1999-12-08,10.463489532470703,10.584553988736308,10.42313377540046,10.49231386683011,22000
1999-12-09,10.44619369506836,10.786329844725733,10.411603649720451,10.786329844725733,36400
1999-12-10,10.73444652557373,10.73444652557373,10.665266419071644,10.676796436821991,32200
1999-12-13,11.057287216186523,11.057287216186523,10.838216875094194,10.838216875094194,8800
1999-12-14,10.91315746307373,11.068811927061928,10.907391753125609,11.03422188978986,41800
1999-12-15,10.96504020690918,10.970805916011596,10.838210088848191,10.838210088848191,1600
1999-12-16,11.207170486450195,11.207170486450195,11.016926012175476,11.045750335410789,17800
1999-12-17,11.151947021484375,11.232758231784988,11.123086579566278,11.20966931455624,1715600
1999-12-20,10.82869815826416,11.134626902534185,10.799837727065464,11.094220607773835,1760000
1999-12-21,10.874876022338867,10.89796493109118,10.817153750458088,10.828698204834243,1297000
1999-12-22,10.897968292236328,10.903741225822468,10.817157086679492,10.886423834299638,1107000
1999-12-23,11.111538887023926,11.151943775796864,10.932599125962351,10.932599125962351,355200
1999-12-27,11.221208572387695,11.290475291970335,11.198119665860148,11.278930838706561,2777600
1999-12-28,11.336658477783203,11.39438077145827,11.163491596758002,11.163491596758002,21200
1999-12-29,11.382834434509277,11.382834434509277,11.307796169731152,11.307796169731152,2800
1999-12-30,11.348200798034668,11.440556450511043,11.278934058677386,11.278934058677386,4000
1999-12-31,11.475187301635742,11.486731755661532,11.382831669429418,11.44055393955837,38200
2000-01-03,11.12885856628418,11.45210342090654,11.03073136860597,11.45210342090654,425800
2000-01-04,10.794072151184082,11.013416932865898,10.724805378021403,10.967239084090778,354400
2000-01-05,10.66130256652832,10.840240875294313,10.609351825767277,10.840240875294313,249200
2000-01-06,10.782519340515137,10.863330513302724,10.713252620982919,10.730570005483482,271600
2000-01-07,11.290481567382812,11.290481567382812,10.897969938250895,10.897969938250895,140000
2000-01-10,11.232757568359375,11.302024315954602,11.140401904899072,11.278935400089527,83800
2000-01-11,11.169260025024414,11.313564996381103,11.117309277056126,11.267387180069344,59200
2000-01-12,11.105772018432617,11.198127710893596,11.059594172202129,11.198127710893596,106200
2000-01-13,11.163482666015625,11.198116014514122,11.065355549887162,11.163482666015625,141200
2000-01-14,11.134627342224121,11.203894070918407,11.134627342224121,11.175032229344852,205200
2000-01-18,11.071137428283691,11.128859729786734,10.955692825277604,11.082681888584299,107600
2000-01-19,11.04804801940918,11.180810011616643,11.04804801940918,11.065365413712682,227600
2000-01-20,10.897968292236328,11.105768535096766,10.840246002552874,11.105768535096766,322800
2000-01-21,10.672852516174316,10.909513209216751,10.672852516174316,10.909513209216751,340400
2000-01-24,10.274566650390625,10.759433840633779,10.274566650390625,10.747889383723226,10200
2000-01-25,10.33806037902832,10.366920812530207,10.205298439060916,10.309198536291175,126000
2000-01-26,10.413102149963379,10.418875084154397,10.239935262768865,10.239935262768865,76200
2000-01-27,10.384238243103027,10.49390986379458,10.216842936697693,10.49390986379458,238200
2000-01-28,9.974410057067871,10.2572499357575,9.939776688814163,10.216843634843826,24800
2000-01-31,10.049446105957031,10.049446105957031,9.92822865611954,9.92822865611954,21600
2000-02-01,10.413102149963379,10.413102149963379,10.136035130452159,10.136035130452159,259800
2000-02-02,10.343833923339844,10.44773404087339,10.343833923339844,10.436189583369663,10600
2000-02-03,10.384238243103027,10.447732042611765,10.355376400246136,10.447732042611765,52400
2000-02-04,10.366924285888672,10.476597352105584,10.343835367657295,10.476597352105584,46200
2000-02-07,10.147578239440918,10.29765618837463,10.147578239440918,10.29765618837463,41600
2000-02-08,10.378463745117188,10.441958944282149,10.228385848914158,10.228385848914158,411400
2000-02-09,10.205296516418457,10.413096671730145,10.187980541426647,10.413096671730145,57200
2000-02-10,10.112942695617676,10.222615723989144,10.078309330221725,10.222615723989144,20200
2000-02-11,9.968637466430664,10.176437653706444,9.887826282490083,10.176437653706444,66000
2000-02-14,10.020588874816895,10.089855618191205,9.962866588671636,9.962866588671636,5600
2000-02-15,10.04367733001709,10.04367733001709,9.882054936200722,10.032132873315922,15800
2000-02-16,9.651168823242188,9.974413712058912,9.651168823242188,9.974413712058912,36000
2000-02-17,9.37409496307373,9.72042852082276,9.32791715537386,9.72042852082276,134000
2000-02-18,9.235563278198242,9.356780750842153,9.172069485278188,9.32214738854891,15000
2000-02-22,9.258655548095703,9.374100130989664,9.154755423491137,9.362555672700267,141400
2000-02-23,9.229793548583984,9.351009635538079,9.177842790435522,9.351009635538079,686000
2000-02-24,8.935407638549805,9.15475227050387,8.825736027190345,9.15475227050387,217800
2000-02-25,8.970041275024414,9.108574731009348,8.93540791102818,8.93540791102818,62600
2000-02-28,9.293283462524414,9.316372365536896,9.056622911263865,9.120116689930791,519400
2000-02-29,9.489540100097656,9.547262363480245,9.397184478685514,9.397184478685514,35200
2000-03-01,9.37986946105957,9.495313999600397,9.30482980639049,9.495313999600397,691400
2000-03-02,9.368321418762207,9.489537433181928,9.356776969330113,9.477992983749832,417200
2000-03-03,9.541487693786621,9.604981457941832,9.47222100058031,9.512625867000084,416000
2000-03-06,9.316373825073242,9.46645171816612,9.235562651869385,9.449135742811377,1200400
2000-03-07,9.05663013458252,9.28174641388337,8.987363370299809,9.28174641388337,12600
2000-03-08,9.16629695892334,9.200930322747986,8.877685593717946,8.900774502934377,344400
2000-03-09,9.351009368896484,9.362553824907469,8.970042320534036,9.056626445234087,612800
2000-03-10,9.224020957946777,9.345238458632638,9.189387587641596,9.270198785020353,880600
2000-03-13,9.148982048034668,9.212475851163106,8.952726296819414,8.952726296819414,885800
2000-03-14,9.16629695892334,9.247108141180851,9.091258708587528,9.16629695892334,458600
2000-03-15,9.720431327819824,9.789698059371984,9.073941833332995,9.166297475402542,1443600
2000-03-16,10.436190605163574,10.459279522431634,9.87051213209608,9.916689966632202,302800
2000-03-17,10.462331771850586,10.549083396420984,10.387145712703996,10.456547577154133,48600
2000-03-20,10.364006996154785,10.46810974500009,10.248337275215558,10.46810974500009,162200
2000-03-21,10.479681968688965,10.502815924469735,10.271476366662032,10.340878234004343,314400
2000-03-22,10.433412551879883,10.479680456766268,10.271474884777534,10.387144646993498,266600
2000-03-23,10.462331771850586,10.50859968148401,10.283042916028789,10.283042916028789,18000
2000-03-24,10.49703311920166,10.676320570129187,10.49703311920166,10.549083813605439,39200
2000-03-27,10.468113899230957,10.572216689389055,10.44497994586249,10.49703204693377,28000
2000-03-28,10.502817153930664,10.618486946374835,10.41028131997533,10.41028131997533,41600
2000-03-29,10.711016654968262,10.745717572856927,10.595346928672708,10.595346928672708,24600
2000-03-30,10.948141098022461,11.063810832750727,10.872955064457054,10.930789931821188,45000
2000-03-31,10.832474708557129,10.99441238718597,10.797773777422378,10.855608662646963,749200
2000-04-03,11.15634536743164,11.214180228299654,10.977056592748847,10.977056592748847,82000
2000-04-04,11.017547607421875,11.381906720216977,10.583785212396883,11.341423001899594,142000
2000-04-05,11.034896850585938,11.08116476190915,10.91922707227791,10.959712200678018,24000
2000-04-06,11.150566101074219,11.225752159407753,10.977061441825139,10.977061441825139,27200
2000-04-07,11.150566101074219,11.289369828473482,11.150566101074219,11.21996796477385,111400
2000-04-10,11.41081714630127,11.422384116843904,11.196827485270667,11.231528396898572,31600
2000-04-11,11.491788864135742,11.503355837621545,11.295150314877118,11.295150314877118,92200
2000-04-12,11.468658447265625,11.821450541181429,11.468658447265625,11.584328217727283,214000
2000-04-13,11.254672050476074,11.451310719394979,11.243105069951433,11.451310719394979,74800
2000-04-14,10.364006996154785,10.896087712475232,10.364006996154785,10.872953768287386,235200
2000-04-17,10.37557601928711,10.502812737472347,10.13266955729711,10.502812737472347,281200
2000-04-18,10.595352172851562,10.630053107915487,10.25990980056696,10.317744692340167,104200
2000-04-19,10.67631721496582,10.72258511188875,10.51437957573557,10.51437957573557,16800
2000-04-20,10.815122604370117,10.815122604370117,10.664751915753206,10.664751915753206,28600
2000-04-24,10.930794715881348,11.127433350981859,10.815124930528107,10.815124930528107,24600
2000-04-25,11.12743091583252,11.150564867840489,11.000194179788696,11.000194179788696,51200
2000-04-26,11.115867614746094,11.162135534058253,11.081166675261976,11.081166675261976,23800
2000-04-27,10.88452434539795,10.88452434539795,10.757287610223266,10.849823417623035,6600
2000-04-28,10.606915473937988,10.872955883862277,10.606915473937988,10.803554037795072,8600
2000-05-01,10.930794715881348,10.930794715881348,10.653187231033568,10.653187231033568,13400
2000-05-02,10.855606079101562,10.89608978313173,10.76885306591894,10.76885306591894,130600
2000-05-03,10.340874671936035,10.514379280525565,10.283039802406192,10.421843489277816,334600
2000-05-04,10.1731538772583,10.294606392753812,10.121101790628748,10.294606392753812,45600
2000-05-05,10.300390243530273,10.317739997174769,10.190503293173734,10.190503293173734,30200
2000-05-08,10.271472930908203,10.306173852972082,10.132669242652687,10.202071086780446,109200
2000-05-09,10.37557601928711,10.502812737472347,10.37557601928711,10.43341089118949,35800
2000-05-10,10.37557601928711,10.398709968048061,10.2830402242433,10.329308121765205,126000
2000-05-11,10.468113899230957,10.549082736020589,10.468113899230957,10.525948782652122,36200
2000-05-12,10.618485450744629,10.618485450744629,10.525949629823108,10.583784517899058,6000
2000-05-15,10.653185844421387,10.722587706600027,10.479681188974784,10.525949097093877,53400
2000-05-16,10.734153747558594,10.826689555727203,10.641617939389985,10.826689555727203,15400
2000-05-17,10.479681968688965,10.543301053078386,10.456548012908195,10.525949880250506,19000
2000-05-18,10.687885284423828,10.687885284423828,10.479679726935053,10.479679726935053,3200
2000-05-19,10.416060447692871,10.595347832757312,10.410276254892555,10.479678096591838,3800
2000-05-22,10.259908676147461,10.329310538669315,10.190506813625607,10.329310538669315,17000
2000-05-23,10.213640213012695,10.387144859892866,10.213640213012695,10.24834114238873,40000
2000-05-24,10.028569221496582,10.121105038995973,9.855064563685222,10.121105038995973,7800
2000-05-25,9.936031341552734,10.097968988562906,9.936031341552734,10.063268064203584,42000
2000-05-26,9.727823257446289,9.918678997621171,9.727823257446289,9.918678997621171,80600
2000-05-30,9.803014755249023,9.808797538371305,9.675777994727698,9.739395668996037,184000
2000-05-31,10.034348487854004,10.040131267615324,9.80879183748594,9.80879183748594,56000
2000-06-01,10.109533309936523,10.109533309936523,9.993863592431529,9.993863592431529,3000
2000-06-02,10.387140274047852,10.387140274047852,10.271470560528387,10.283037531880334,47400
2000-06-05,10.329312324523926,10.410281178131617,10.271477429089861,10.271477429089861,2400
2000-06-06,9.999656677246094,10.23677910301837,9.970738516160266,10.23677910301837,11200
2000-06-07,9.999656677246094,10.132676264682589,9.959171534122955,9.970738516160266,42200
2000-06-08,9.901334762573242,10.011221777262447,9.843499863259145,10.011221777262447,31600
2000-06-09,9.739392280578613,9.993865713087793,9.72782530637365,9.924463867858016,135400
2000-06-12,9.49648666381836,9.565888515198274,9.473352713358388,9.519620614278331,24800
2000-06-13,9.68155574798584,9.785658497964182,9.473350248029154,9.473350248029154,230800
2000-06-14,9.716256141662598,9.831925857634772,9.693122198468163,9.693122198468163,89200
2000-06-15,9.693126678466797,9.797229470956298,9.693126678466797,9.774095517069743,271600
2000-06-16,9.584190368652344,9.653725002524064,9.549423051716483,9.653725002524064,37200
2000-06-19,9.572598457336426,9.595776661833609,9.456707434850513,9.491474741596287,44600
2000-06-20,9.363991737365723,9.526239118953743,9.340813539996006,9.526239118953743,28200
2000-06-21,9.300256729125977,9.369791353587907,9.277078520972001,9.369791353587907,324600
2000-06-22,9.259689331054688,9.595773174109238,9.178565644800141,9.248100233018324,513800
2000-06-23,9.31764030456543,9.31764030456543,9.201749256001182,9.236516570570457,81800
2000-06-26,9.31764030456543,9.42194224827325,8.94678894915984,9.375585828847553,26400
2000-06-27,9.584190368652344,9.642135896878777,9.340819150101316,9.340819150101316,264600
2000-06-28,9.549423217773438,9.595779641160687,9.503066794386188,9.549423217773438,65800
2000-06-29,9.387174606323242,9.491476546393502,9.329229084061987,9.456709233036747,309800
2000-06-30,9.491473197937012,9.5610078001197,9.398760395026759,9.445116796481885,65400
2000-07-03,9.6189546585083,9.6189546585083,9.49147453652807,9.526241842522678,86600
2000-07-05,9.734841346740723,9.781197734106154,9.665306765692574,9.700074056216648,112000
2000-07-06,9.804381370544434,9.86232688691881,9.723257647620306,9.734846750895182,15400
2000-07-07,10.27953815460205,10.291127261878941,9.850741185357094,9.850741185357094,355000
2000-07-10,10.430195808410645,10.488141340679592,10.186824572881063,10.186824572881063,247800
2000-07-11,10.505522727966309,10.592440294373919,10.441781953206675,10.441781953206675,128200
2000-07-12,10.534493446350098,10.55767164975241,10.418602429338545,10.55767164975241,17200
2000-07-13,10.337479591369629,10.499727028902337,10.337479591369629,10.499727028902337,53200
2000-07-14,10.464958190917969,10.47654729190459,10.291121676118667,10.383834484011627,15000
2000-07-17,10.407010078430176,10.464955568844598,10.337475489932869,10.430188274595944,199000
2000-07-18,10.430195808410645,10.441784914864433,10.349072063234118,10.372250276141697,461400
2000-07-19,10.296920776367188,10.401222724168221,10.279536411057494,10.372249253547302,137200
2000-07-20,10.267942428588867,10.407011626267272,10.267942428588867,10.337477027428069,98600
2000-07-21,10.244771003723145,10.314305648544796,10.198414573842046,10.267949218663695,220000
2000-07-24,10.082525253295898,10.23897893870739,10.012990596376616,10.23897893870739,27800
2000-07-25,10.105701446533203,10.105701446533203,9.95504305340828,10.036166803552469,34800
2000-07-26,10.070937156677246,10.152060931241964,9.978224271460425,10.036169824720938,166800
2000-07-27,10.152055740356445,10.152055740356445,10.036164693092102,10.047753797818537,7000
2000-07-28,9.83914852142334,10.059341480088879,9.83914852142334,10.059341480088879,16600
2000-07-31,9.642132759094238,9.931860305942022,9.642132759094238,9.931860305942022,31400
2000-08-01,9.781206130981445,9.781206130981445,9.60736952912751,9.688493276659347,172000
2000-08-02,9.781206130981445,9.827562558142494,9.676904169869085,9.688493276659347,226600
2000-08-03,9.734841346740723,9.850732315154302,9.700074056216648,9.769608637264795,31400
2000-08-04,9.694291114807129,9.734852292014056,9.647934675321348,9.734852292014056,16800
2000-08-07,9.95504093170166,9.989808245782108,9.665313314364592,9.665313314364592,11200
2000-08-08,10.250566482543945,10.325894975357876,10.047756390163052,10.047756390163052,9000
2000-08-09,10.070937156677246,10.12888270993776,10.012991603416733,10.12888270993776,168200
2000-08-10,9.781206130981445,9.908686305674332,9.781206130981445,9.908686305674332,9000
2000-08-11,9.920272827148438,9.989807449768637,9.792792685678071,9.792792685678071,45000
2000-08-14,10.047752380371094,10.09410879273728,10.012985071096454,10.012985071096454,800
2000-08-15,9.758024215698242,10.012984468364941,9.758024215698242,10.012984468364941,7800
2000-08-16,9.566808700561523,9.618958975616476,9.503067903621096,9.561013439618785,20800
2000-08-17,9.572598457336426,9.6073657640822,9.491474741596287,9.6073657640822,53000
2000-08-18,9.70007610321045,9.705871360196431,9.60736330891453,9.613158565900513,6400
2000-08-21,9.468297004699707,9.653722649834585,9.456707901878776,9.653722649834585,22400
2000-08-22,9.653722763061523,9.758024689673231,9.56100993940667,9.56100993940667,28200
2000-08-23,9.595780372619629,9.700082333191581,9.595780372619629,9.647932060248545,64200
2000-08-24,9.595780372619629,9.66531501300093,9.572602159159194,9.66531501300093,8400
2000-08-25,9.682696342468262,9.682696342468262,9.59577736191975,9.665311980484384,2000
2000-08-28,9.526244163513184,9.671108681128409,9.526244163513184,9.630546106909314,52600
2000-08-29,9.485679626464844,9.572597174337197,9.456706167383963,9.572597174337197,17000
2000-08-30,9.375592231750488,9.456716021147589,9.375592231750488,9.456716021147589,9200
2000-08-31,9.242310523986816,9.317638987563447,9.166980645724735,9.317638987563447,30200
2000-09-01,9.427741050720215,9.427741050720215,9.201752713757143,9.201752713757143,325000
2000-09-05,9.526244163513184,9.595778792443937,9.45670953458243,9.479887744226016,2447000
2000-09-06,9.665312767028809,9.72905354657621,9.6421345589544,9.665312767028809,61000
2000-09-07,9.584190368652344,9.7116705307505,9.584190368652344,9.7116705307505,229600
2000-09-08,9.763819694519043,9.821765207796055,9.64213340929463,9.64213340929463,11740200
2000-09-11,9.943448066711426,9.96662626733313,9.815967963292048,9.815967963292048,5248400
2000-09-12,9.943448066711426,10.01298266857654,9.833352321100875,9.92026986608972,2242200
2000-09-13,9.943448066711426,10.001393568265687,9.90288692296599,10.001393568265687,175600
2000-09-14,9.885504722595215,9.955039339635743,9.839148311234862,9.920272031115479,34000
2000-09-15,9.799674034118652,9.834527644047592,9.741584684237086,9.834527644047592,87800
2000-09-18,9.60216999053955,9.712539043296704,9.596360346606552,9.671877208553642,32600
2000-09-19,9.439517974853516,9.549887006093224,9.410472597245148,9.52665127128521,6108600
2000-09-20,9.253634452819824,9.480182215789798,9.23620693817756,9.480182215789798,27600
2000-09-21,9.596360206604004,9.596360206604004,9.439519677458955,9.474373285957517,7600
2000-09-22,9.532462120056152,9.54988821426842,9.503416738773195,9.503416738773195,2800
2000-09-25,9.387239456176758,9.515036032931638,9.375621585562676,9.515036032931638,6019400
2000-09-26,9.178120613098145,9.387242348586456,9.090987265743447,9.387242348586456,15600
2000-09-27,9.265249252319336,9.28267534298885,9.20135027740572,9.236203876941348,6600
2000-09-28,9.410476684570312,9.445330301920574,9.247826470269098,9.253636115592801,8600
2000-09-29,9.253634452819824,9.387239252889898,9.253634452819824,9.340767771439948,20200
2000-10-02,9.10840892791748,9.294294824405593,9.10840892791748,9.247823350283564,2016000
2000-10-03,9.178120613098145,9.224592109873324,9.108413367935373,9.12003124212917,20800
2000-10-04,9.340766906738281,9.468563468895148,9.178116736720451,9.178116736720451,4025200
2000-10-05,9.218777656555176,9.329146677766705,9.218777656555176,9.329146677766705,10800
2000-10-06,8.92833423614502,9.131646261884878,8.92833423614502,9.131646261884878,24000
2000-10-09,8.986421585083008,9.061937017799618,8.980611941998852,8.980611941998852,8800
2000-10-10,8.992234230041504,9.0387057247704,8.945762735312607,9.0387057247704,9200
2000-10-11,8.736641883850098,8.922527881378823,8.67855250962237,8.922527881378823,236800
2000-10-12,8.126697540283203,8.266111924806749,8.016327110103834,8.266111924806749,91200
2000-10-13,8.295159339904785,8.318395080352698,8.086037675873571,8.155744897217309,175200
2000-10-16,8.440384864807129,8.498474225823704,8.388103730793565,8.388103730793565,8800
2000-10-17,8.208023071289062,8.56236727662366,8.208023071289062,8.56236727662366,12800
2000-10-18,8.364864349365234,8.37648221651713,8.115080914697804,8.115080914697804,8800
2000-10-19,8.707592010498047,8.7250181018695,8.376482092473914,8.376482092473914,59200
2000-10-20,8.550748825073242,8.608838151330534,8.469423768313035,8.533322736294275,4200
2000-10-23,8.603034019470215,8.620460116537163,8.550752891875138,8.573988633429147,8600
2000-10-24,8.608841896057129,8.736638469412902,8.608841896057129,8.608841896057129,33600
2000-10-25,8.481042861938477,8.64369299901675,8.481042861938477,8.64369299901675,283600
2000-10-26,8.452000617980957,8.49266245139945,8.37648375849385,8.48104458210889,6800
2000-10-27,8.533324241638184,8.550750333491248,8.36486445667622,8.36486445667622,11400
2000-10-30,8.748254776000977,8.864433458285186,8.492661674975716,8.492661674975716,97400
2000-10-31,9.137452125549316,9.160687857059681,8.922520899980189,8.945756631490553,300400
2000-11-01,9.212971687316895,9.27106104221801,9.131646590455333,9.201353816336672,322600
2000-11-02,9.294296264648438,9.294296264648438,9.085174598693847,9.1432639503479,15000
2000-11-03,9.160689353942871,9.3059119905142,9.038701034481958,9.3059119905142,27800
2000-11-06,9.282671928405762,9.305907652882372,9.131639719307795,9.131639719307795,4400
2000-11-07,9.18973445892334,9.271059542630626,9.166498720721258,9.212970197125422,33400
2000-11-08,9.294296264648438,9.410474967956542,9.294296264648438,9.32914987564087,46200
2000-11-09,8.934141159057617,9.027084109997098,8.794726732648396,8.992230503394792,29600
2000-11-10,8.521706581115723,8.655311349220087,8.521706581115723,8.608839878888704,61000
2000-11-13,8.759872436523438,8.759872436523438,8.481043605652665,8.504279341558563,44600
2000-11-14,9.021273612976074,9.027081836848756,8.957374641197415,8.992228239023085,121200
2000-11-15,9.10840892791748,9.10840892791748,8.92252303142937,8.92252303142937,29000
2000-11-16,9.009658813476562,9.07355638880627,8.968995559741924,9.07355638880627,20400
2000-11-17,9.00385570526123,9.02709146191997,8.887676921967538,8.945766313614385,8400
2000-11-20,8.783113479614258,8.922527979290674,8.771495604641224,8.916719750902972,129200
2000-11-21,8.71340274810791,8.81215535501833,8.71340274810791,8.81215535501833,179400
2000-11-22,8.620458602905273,8.725019421538896,8.573987127956997,8.655312209116481,129600
2000-11-24,8.678544998168945,8.678544998168945,8.573984215058475,8.573984215058475,1400
2000-11-27,8.992234230041504,9.015469977405951,8.899291240583711,8.922526987948158,5600
2000-11-28,8.957377433776855,9.003848912032508,8.8179629990099,8.922523825085117,74200
2000-11-29,9.085175514221191,9.085175514221191,8.992232542208699,9.00385041371026,57400
2000-11-30,8.910906791687012,8.99223188626564,8.736638731875662,8.99223188626564,87400
2000-12-01,8.922520637512207,9.061935022473335,8.86443131044507,8.980609964579344,103200
2000-12-04,9.259443283081055,9.259443283081055,9.073557345152201,9.096793087393307,8200
2000-12-05,9.480179786682129,9.561504858381609,9.224586704198051,9.224586704198051,361800
2000-12-06,9.42209529876709,9.573127652508116,9.387241678673007,9.573127652508116,53400
2000-12-07,9.294296264648438,9.468564319610595,9.282678394317626,9.468564319610595,34400
2000-12-08,9.393050193786621,9.480183524434633,9.364004804772444,9.433712036569757,13000
2000-12-11,9.27686882019043,9.294294914055856,9.166498358987589,9.294294914055856,27000
2000-12-12,9.294296264648438,9.35238561630249,9.108410339355467,9.166499691009522,31000
2000-12-13,9.10840892791748,9.317530561466606,9.10840892791748,9.282676955875086,107400
2000-12-14,9.079366683959961,9.131646393142757,8.992231944392486,9.07355703949681,230600
2000-12-15,8.840041160583496,8.956510741091844,8.781806370329324,8.909922908888504,17800
2000-12-18,9.032217979431152,9.049687708148165,8.921571151147354,8.921571151147354,145600
2000-12-19,8.816742897033691,9.055506130217934,8.805095944725853,9.055506130217934,194400
2000-12-20,8.711926460266113,8.758514302299622,8.502281171115325,8.537222052640455,63000
2000-12-21,8.979806900024414,9.038041704823534,8.700279836988635,8.700279836988635,194200
2000-12-22,9.131218910217285,9.177806761800026,9.014749281260432,9.014749281260432,54400
2000-12-26,8.956511497497559,9.102099196302238,8.9448645384631,9.049687169773216,146800
2000-12-27,9.387453079223633,9.434040935696206,9.014750227443042,9.014750227443042,158800
2000-12-28,9.503922462463379,9.503922462463379,9.387452824442994,9.445687643453187,60400
2000-12-29,9.538858413696289,9.713562780247504,9.492270582615966,9.538858413696289,27800
2001-01-02,9.521390914916992,9.666977210220965,9.48062584231309,9.608742407749753,334200
2001-01-03,10.272621154785156,10.272621154785156,9.434039836027184,9.434039836027184,2068800
2001-01-04,10.418204307556152,10.55214360938417,10.214381838222867,10.214381838222867,519800
2001-01-05,10.074623107910156,10.319209333651328,9.969800439735367,10.319209333651328,182600
2001-01-08,9.940680503845215,10.039678947324196,9.830033679282625,9.981444150645983,55200
2001-01-09,9.859151840209961,10.028032040588629,9.853327649637606,10.028032040588629,193000
2001-01-10,9.923209190368652,9.923209190368652,9.6669760892089,9.771798721501526,261800
2001-01-11,10.010560989379883,10.062971588864661,9.771797642427604,9.911561136717392,87600
2001-01-12,10.004740715026855,10.062975527105008,9.899918053286179,9.899918053286179,143400
2001-01-16,10.237674713134766,10.249321669577467,9.99308862783803,9.99308862783803,39800
2001-01-17,10.097916603088379,10.249327117321538,10.02803482728846,10.237680154688219,341600
2001-01-18,9.946504592895508,10.109562045238057,9.946504592895508,10.097915084356446,14400
2001-01-19,9.550504684448242,9.725209038432052,9.550504684448242,9.701915124567543,446200
2001-01-22,9.911567687988281,9.94650858465569,9.736863204651238,9.806744997986055,181600
2001-01-23,10.028030395507812,10.028030395507812,9.87661994818888,9.94650169310531,114800
2001-01-24,10.039679527282715,10.051326487291163,9.946503847215126,10.016385607265818,785600
2001-01-25,10.196913719177246,10.295912163723676,9.993091217731802,10.086266893421609,11587400
2001-01-26,10.086267471313477,10.20273707259885,10.062973551056402,10.179443152341776,864000
2001-01-29,10.286598205566406,10.294052432743896,10.130062989210261,10.189695384881723,717400
2001-01-30,10.316411972045898,10.364863015532258,10.156149679871382,10.286595781237203,1441200
2001-01-31,10.648116111755371,10.670478074892303,10.417040833967766,10.417040833967766,235000
2001-02-01,10.63320541381836,10.63320541381836,10.502759361890137,10.622024079924927,87600
2001-02-02,10.431952476501465,10.663028551641263,10.405863391265767,10.636939466405565,277600
2001-02-05,10.372315406799316,10.495307260995595,10.342499221263065,10.495307260995595,44400
2001-02-06,10.38349723815918,10.525123948492299,10.38349723815918,10.428221163159545,38800
2001-02-07,10.405860900878906,10.465493284538745,10.342501404381068,10.443131318384827,192800
2001-02-08,10.100242614746094,10.305228801242063,10.059245093097324,10.305228801242063,423400
2001-02-09,9.969799995422363,10.249327098097757,9.898986263699825,10.249327098097757,3275600
2001-02-12,10.249326705932617,10.249326705932617,9.995888695464236,9.995888695464236,6844000
2001-02-13,10.387227058410645,10.454312963400957,10.223237631950186,10.301504876542626,57000
2001-02-14,10.286598205566406,10.428224967567571,10.279143978388916,10.428224967567571,187600
2001-02-15,10.282866477966309,10.349953070712925,10.23441473392757,10.338771734963851,29000
2001-02-16,10.152420997619629,10.331318114814717,10.152420997619629,10.174782959550527,18600
2001-02-20,10.286598205566406,10.435679194745061,10.23814643978695,10.323868630579627,149800
2001-02-21,9.843080520629883,10.20460196710727,9.824445665680983,10.20460196710727,263600
2001-02-22,9.690269470214844,9.869166582132143,9.630637099575743,9.809534211493045,71200
2001-02-23,9.850532531738281,9.861713157843624,9.58218613122619,9.734994893114457,189200
2001-02-26,10.152420997619629,10.152420997619629,9.951161918493643,10.025702028554619,181000
2001-02-27,10.100242614746094,10.18969117126473,9.995885610037382,10.100242614746094,187600
2001-02-28,9.887804985046387,10.122607423085475,9.839353225675788,10.122607423085475,159800
2001-03-01,9.727544784545898,9.884080014122473,9.634369069580659,9.884080014122473,255200
2001-03-02,9.802080154418945,9.82071571485732,9.559823555711622,9.563550667799296,487800
2001-03-05,9.697725296020508,9.876622437485953,9.697725296020508,9.746176338589631,8600
2001-03-06,9.943706512451172,9.988430430997688,9.850530852793081,9.951160735833547,229600
2001-03-07,10.18969440460205,10.18969440460205,10.036886316535256,10.036886316535256,152600
2001-03-08,10.353680610656738,10.361134123923675,10.197145458068013,10.197145458068013,542600
2001-03-09,10.249326705932617,10.275415787444217,10.171059461397817,10.193421429711453,119200
2001-03-12,9.86916732788086,10.130059502296293,9.839351140308294,10.062972902539524,529600
2001-03-13,9.824443817138672,9.835624443654634,9.612003382847194,9.81698959221202,484200
2001-03-14,9.612006187438965,9.69027343938359,9.515103367740222,9.559827308601658,362000
2001-03-15,9.720091819763184,9.723818934151009,9.559829455458667,9.649278068143294,84000
2001-03-16,9.523271560668945,9.680125473690472,9.478455851667855,9.680125473690472,134400
2001-03-19,9.635311126708984,9.695064938942712,9.485926596124665,9.56061921757764,242400
2001-03-20,9.65771770477295,9.941548620970433,9.65771770477295,9.710002103541443,269200
2001-03-21,9.597965240478516,9.732410957811805,9.523272621265438,9.597965240478516,381600
2001-03-22,9.299193382263184,9.38135538736337,9.034035997167177,9.38135538736337,494400
2001-03-23,9.403764724731445,9.403764724731445,9.097526277113417,9.231971990505729,240200
2001-03-26,9.568084716796875,9.635307193880502,9.523269019753117,9.601695599178019,193200
2001-03-27,9.777225494384766,9.777225494384766,9.545678972565424,9.568087183023811,154400
2001-03-28,9.616639137268066,9.65398545113927,9.508334898273743,9.579292823396862,372400
2001-03-29,9.710007667541504,9.717477075166103,9.523276750858013,9.523276750858013,331200
2001-03-30,9.743612289428711,9.743612289428711,9.616635300322239,9.680123794875476,45000
2001-04-02,9.747350692749023,9.799635103773133,9.646515860926808,9.650250563474483,123000
2001-04-03,9.418705940246582,9.803371834374069,9.40750254260755,9.803371834374069,428200
2001-04-04,9.519539833068848,9.594232467299609,9.429909099384988,9.523274536012561,178400
2001-04-05,9.732413291931152,9.747352104285179,9.635313148595321,9.710005785721892,87400
2001-04-06,9.702533721923828,9.739880030257586,9.519537594642152,9.635310509387379,277000
2001-04-09,9.612902641296387,9.739879657377042,9.579291036314945,9.653983650122939,128000
2001-04-10,9.710007667541504,9.82578063643513,9.702538259916905,9.706272963729203,204400
2001-04-11,9.601701736450195,9.739882904364002,9.485928787541953,9.739882904364002,386600
2001-04-12,9.437379837036133,9.541948684929414,9.336544980291738,9.493398964453513,412400
2001-04-16,9.48219108581543,9.668921911214372,9.48219108581543,9.635310305656837,50200
2001-04-17,9.612902641296387,9.635310140510162,9.508333124429509,9.508333124429509,252600
2001-04-18,10.202969551086426,10.311273743764481,9.676388816427496,9.687592919493932,315400
2001-04-19,10.232848167419434,10.244052272369647,10.113340563903181,10.139482763132174,39400
2001-04-20,10.12454605102539,10.202972659418927,10.072260933108097,10.180565158781002,21600
2001-04-23,10.057321548461914,10.188033258028765,10.005037149563778,10.128279455767608,193000
2001-04-24,9.881795883178711,9.904204097240976,9.807103973269403,9.807103973269403,12800
2001-04-25,9.88926887512207,9.963961524447198,9.836984447987618,9.874330772650183,255200
2001-04-26,10.135748863220215,10.180564574244487,9.963956847657224,9.963956847657224,26800
2001-04-27,10.378499984741211,10.385968676656992,10.232849451398783,10.255256951789312,189200
2001-04-30,10.195508003234863,10.419585250933615,10.120816062216567,10.393443035961116,196400
2001-05-01,10.307539939880371,10.337416838336544,10.16935883931966,10.23284733757921,225000
2001-05-02,10.389702796936035,10.393437498845573,10.270195185117032,10.288867982343168,78000
2001-05-03,10.270198822021484,10.318748539394901,10.199240885255595,10.266464118789406,212200
2001-05-04,10.363564491271973,10.363564491271973,10.064795349425294,10.064795349425294,38400
2001-05-07,10.285139083862305,10.32995410431693,10.221650544616663,10.2888730752986,587400
2001-05-08,10.277667045593262,10.277667045593262,10.169362801293499,10.270197639988783,49000
2001-05-09,10.120811462402344,10.251523190179517,10.120811462402344,10.236584381372248,42400
2001-05-10,10.412117958068848,10.524156960836814,10.397179851759699,10.453198996982643,68600
2001-05-11,10.456927299499512,10.54282331707392,10.397173486202387,10.54282331707392,85400
2001-05-14,10.430788040161133,10.471869065521984,10.39717642165168,10.460664955244885,9000
2001-05-15,10.393445014953613,10.531626236247233,10.371037499613754,10.516687417805946,96400
2001-05-16,10.520414352416992,10.565230062319511,10.285133834313012,10.318744726337972,665200
2001-05-17,10.681000709533691,10.695938801458132,10.583900618899948,10.606308112947305,422200
2001-05-18,10.673538208007812,10.673538208007812,10.539091732159282,10.651130699473676,180400
2001-05-21,10.79304027557373,10.811713783274644,10.554025075573895,10.643655775573832,102400
2001-05-22,10.830394744873047,10.867741076112875,10.76317149110576,10.867741076112875,596600
2001-05-23,10.636186599731445,10.774367710384464,10.550290599436556,10.774367710384464,255200
2001-05-24,10.59883975982666,10.681001766667809,10.55029006586536,10.63618606181614,119800
2001-05-25,10.546558380126953,10.606312195467597,10.531620282452625,10.576435287797274,736600
2001-05-29,10.464402198791504,10.550298261467406,10.400913649787137,10.550298261467406,44200
2001-05-30,10.273935317993164,10.434524023385292,10.273935317993164,10.412115800082718,762800
2001-05-31,10.438251495361328,10.438251495361328,10.285132303821912,10.404639896016437,8000
2001-06-01,10.400908470153809,10.415846567721681,10.300073640364431,10.344889357711375,427000
2001-06-04,10.367295265197754,10.367295265197754,10.244052951856778,10.363560563299961,23000
2001-06-05,10.4905424118042,10.494277115422667,10.363565338063793,10.363565338063793,16800
2001-06-06,10.382233619689941,10.490537840465423,10.382233619689941,10.490537840465423,20200
2001-06-07,10.46065902709961,10.509208719476488,10.30753983502911,10.30753983502911,23200
2001-06-08,10.498005867004395,10.498005867004395,10.438252067631172,10.494271165503383,21000
2001-06-11,10.341154098510742,10.48680392548417,10.341154098510742,10.449457615092577,28000
2001-06-12,10.41958236694336,10.41958236694336,10.232851497599135,10.270197813932327,88800
2001-06-13,10.307539939880371,10.41584342966346,10.307539939880371,10.382231829860082,45800
2001-06-14,10.19924259185791,10.344893192992958,10.184304488751861,10.344893192992958,83200
2001-06-15,10.097810745239258,10.198863879779063,10.045413140898832,10.161436713594266,40800
2001-06-18,10.206354141235352,10.307407322165796,10.202611351512282,10.202611351512282,70000
2001-06-19,10.240034103393555,10.36728604345169,10.221320162876864,10.36728604345169,83400
2001-06-20,10.389744758605957,10.408457990122564,10.284948806066499,10.322375982963736,42000
2001-06-21,10.576871871948242,10.66295381353132,10.329853692010333,10.329853692010333,145600
2001-06-22,10.472082138061523,10.565649706944555,10.419684527923474,10.565649706944555,52400
2001-06-25,10.3373441696167,10.464595392328881,10.22506267118056,10.464595392328881,56800
2001-06-26,10.198867797851562,10.266236580092324,10.131499015610801,10.172668985616621,375600
2001-06-27,10.150211334228516,10.292433740911875,10.12401181233318,10.19886616144904,65400
2001-06-28,10.311141967773438,10.434651084176977,10.262487164162676,10.262487164162676,32000
2001-06-29,10.356056213378906,10.464594197558236,10.296173039928847,10.367284576099694,110800
2001-07-02,10.457112312316895,10.46085510095567,10.344830794745471,10.344830794745471,66000
2001-07-03,10.438395500183105,10.442138287793195,10.34857073913221,10.34857073913221,67200
2001-07-05,10.225058555603027,10.3485676544658,10.225058555603027,10.29242728477609,69000
2001-07-06,9.981789588928223,10.217579579403822,9.955590780415822,10.20260913762416,180000
2001-07-09,10.052896499633789,10.09406573087931,9.966813822236073,9.966813822236073,145200
2001-07-10,10.007988929748535,10.16518250304779,10.007988929748535,10.142726482251906,101000
2001-07-11,10.116523742675781,10.191377354207214,9.985529030166083,10.049154992592864,334200
2001-07-12,10.554422378540039,10.606819990281572,10.292432892104538,10.292432892104538,25800
2001-07-13,10.726588249206543,10.749044270482283,10.44962827392558,10.509511473236921,59200
2001-07-16,10.75653076171875,10.823899545127293,10.700390346832998,10.737817528044868,94600
2001-07-17,10.816407203674316,10.816407203674316,10.689155295430552,10.715354091740092,18000
2001-07-18,10.823895454406738,10.823895454406738,10.704129090883848,10.760269484552223,587600
2001-07-19,10.898750305175781,10.984832293805436,10.816410390952743,10.8912647286348,297200
2001-07-20,10.909979820251465,10.98109138181347,10.87629543392546,10.87629543392546,70600
2001-07-23,10.707871437072754,10.924948140465391,10.707871437072754,10.89874933875894,40800
2001-07-24,10.554422378540039,10.704130350561503,10.4870536126644,10.704130350561503,96400
2001-07-25,10.760269165039062,10.760269165039062,10.423426099167125,10.46459533924075,90600
2001-07-26,10.77149772644043,10.801439316980941,10.606818621535703,10.722842195647207,59600
2001-07-27,10.741554260253906,10.816407866602642,10.685413163162726,10.760267483375165,113200
2001-07-30,10.81266975402832,10.816412543043496,10.69290336099877,10.816412543043496,59200
2001-07-31,10.816407203674316,10.94740189908568,10.782722833029576,10.782722833029576,78600
2001-08-01,10.805179595947266,10.921203143116797,10.752781289270976,10.77898008567729,52800
2001-08-02,10.872553825378418,10.898753350592727,10.797700180644027,10.891267771960068,175200
2001-08-03,10.801438331604004,10.801438331604004,10.760268380667656,10.797695543894903,21200
2001-08-06,10.606819152832031,10.77898312859772,10.606819152832031,10.77898312859772,20600
2001-08-07,10.726588249206543,10.752787059672249,10.606821850583861,10.666705049895201,108600
2001-08-08,10.59184455871582,10.827635144058414,10.546932542178698,10.737810397120542,12400
2001-08-09,10.554422378540039,10.606819990281572,10.449626441193054,10.591848836147465,543200
2001-08-10,10.546934127807617,10.561904564282774,10.36354181933859,10.371026680644299,86200
2001-08-13,10.427173614501953,10.479571242276812,10.32612043476689,10.479571242276812,32600
2001-08-14,10.457112312316895,10.516995502809412,10.438398369123021,10.442141157761796,321600
2001-08-15,10.36728572845459,10.539449692794117,10.36728572845459,10.479566512687862,31200
2001-08-16,10.445884704589844,10.445884704589844,10.29617671749236,10.363545490152225,824600
2001-08-17,10.172664642333984,10.367285327076313,10.16517906664456,10.367285327076313,1094400
2001-08-20,10.299914360046387,10.311142007303804,10.202604038588165,10.311142007303804,70400
2001-08-21,10.04541015625,10.292428380267328,10.011725788078218,10.292428380267328,625600
2001-08-22,10.071609497070312,10.13897823706896,9.974299174168227,10.05289627545453,339600
2001-08-23,10.01921272277832,10.079095893470202,9.98178556262997,10.049154308124262,143200
2001-08-24,10.210090637207031,10.266231020718468,10.030440410561239,10.030440410561239,46800
2001-08-27,10.198867797851562,10.255008211764165,10.14272738393896,10.198867797851562,46600
2001-08-28,10.112785339355469,10.112785339355469,10.011732170420114,10.105299760797873,130400
2001-08-29,9.925649642944336,10.101556446724778,9.925649642944336,10.030444881850121,58800
2001-08-30,9.72354507446289,10.000505092028014,9.708574629281504,9.974306277562471,178600
2001-08-31,9.869505882263184,9.940616709121267,9.768452752900076,9.787165978101934,116400
2001-09-04,9.921899795532227,10.168917988461368,9.895701004443305,9.895701004443305,162000
2001-09-05,9.925649642944336,9.93687729633337,9.738514471910833,9.903192908438218,356200
2001-09-06,9.566347122192383,9.880734180496418,9.566347122192383,9.880734180496418,348200
2001-09-07,9.21827220916748,9.469033203641194,9.13593304451326,9.356752459670572,1081800
2001-09-10,9.139680862426758,9.244476804654644,9.02365726793928,9.05734165244596,439600
2001-09-17,8.290085792541504,8.552075249857694,8.233945398506274,8.327512959852937,1586800
2001-09-18,8.33874225616455,8.552076205659471,8.25265954756828,8.29008671906267,168800
2001-09-19,8.147863388061523,8.462250450317931,7.953242689738254,8.432308859334647,170400
2001-09-20,7.867160320281982,8.076751446918415,7.867160320281982,8.009382692033611,166000
2001-09-21,7.902070999145508,8.01469002189457,7.507906209548124,7.549199922823753,285800
2001-09-24,8.337532043457031,8.416365455012272,8.127310805992973,8.127310805992973,624200
2001-09-25,8.360057830810547,8.536493455387062,8.322518138174457,8.40510488916579,564200
2001-09-26,8.386331558227539,8.54775166139282,8.318760285645817,8.54775166139282,102600
2001-09-27,8.408854484558105,8.420116601198064,8.194879280466836,8.408854484558105,208200
2001-09-28,8.622830390930176,8.694155703439543,8.495195922654364,8.55150579443057,361600
2001-10-01,8.615326881408691,8.649112533179713,8.435136499959885,8.634096369721444,193400
2001-10-02,8.855572700500488,8.855572700500488,8.65661298954052,8.72793827701817,148200
2001-10-03,9.167158126831055,9.215959226723747,8.866842013621966,8.878103420360999,159800
2001-10-04,8.971949577331543,9.215956434897215,8.971949577331543,9.215956434897215,45000
2001-10-05,9.047026634216309,9.047026634216309,8.855574950352517,9.047026634216309,230800
2001-10-08,8.863088607788086,8.979461020493984,8.863088607788086,8.885612138890162,223000
2001-10-09,8.87059211730957,8.878100196415877,8.791759434722842,8.821791035138238,56600
2001-10-10,9.238479614257812,9.238479614257812,8.91563939036768,8.91563939036768,139200
2001-10-11,9.535038948059082,9.54630106301694,9.384880995335632,9.384880995335632,274000
2001-10-12,9.328574180603027,9.422423013977284,9.140876513854515,9.422423013977284,91200
2001-10-15,9.30229377746582,9.347340802746,9.197182858462805,9.204690934679354,37800
2001-10-16,9.396142959594727,9.46371350022936,9.276015883333011,9.46371350022936,38600
2001-10-17,9.159646987915039,9.516272879833782,9.159646987915039,9.516272879833782,36600
2001-10-18,9.159646987915039,9.19718666853962,9.08456834267573,9.159646987915039,33600
2001-10-19,9.032011985778809,9.110845382173526,9.032011985778809,9.110845382173526,51800
2001-10-22,9.234725952148438,9.25349543364887,9.110845512620037,9.25349543364887,9000
2001-10-23,9.25349235534668,9.456206124962973,9.25349235534668,9.29103202186928,42600
2001-10-24,9.215954780578613,9.347343285224305,9.215954780578613,9.29103413066465,20800
2001-10-25,9.30229377746582,9.30229377746582,9.084564579252797,9.137119680749526,43000
2001-10-26,9.399897575378418,9.422421090307129,9.253492938317725,9.272263130766342,21200
2001-10-29,9.07330322265625,9.298540515895803,9.07330322265625,9.298540515895803,24800
2001-10-30,8.900623321533203,9.009488315699274,8.82179064245554,8.971948637848566,682000
2001-10-31,9.077062606811523,9.155895312066841,8.97195161712773,8.97195161712773,730000
2001-11-01,9.24598503112793,9.283524700704898,9.039517922469072,9.039517922469072,338600
2001-11-02,9.384886741638184,9.444949959503864,9.309807361301063,9.309807361301063,70200
2001-11-05,9.606362342834473,9.647656040164255,9.497497401150303,9.516267589031775,201200
2001-11-06,9.722742080688477,9.760281769156464,9.535044354358543,9.553814556597539,84600
2001-11-07,9.655165672302246,9.782800115905813,9.628888119091446,9.722736932564091,54600
2001-11-08,9.737752914428711,9.917942461271604,9.703967284894468,9.816585572668872,284200
2001-11-09,9.685198783874512,9.75652409378952,9.666429304638333,9.666429304638333,24800
2001-11-12,9.718981742858887,9.741505970951183,9.497498512018087,9.628886978518322,240200
2001-11-13,9.966741561889648,9.981757712501944,9.797814163558154,9.797814163558154,211800
2001-11-14,10.19198226928711,10.195736308214716,10.075609926570138,10.19198226928711,232800
2001-11-15,10.19198226928711,10.32337076771451,10.139427156320036,10.229521942553468,177000
2001-11-16,10.079366683959961,10.323373551986757,10.079366683959961,10.323373551986757,249400
2001-11-19,10.413467407226562,10.413467407226562,10.143183000423905,10.143183000423905,510800
2001-11-20,10.285831451416016,10.315863047869401,10.229522297567135,10.2670619721363,244200
2001-11-21,10.188232421875,10.214509989169326,10.101891639047926,10.139431327758395,48000
2001-11-23,10.304598808288574,10.36090794662702,10.158194189397166,10.210750005721318,205000
2001-11-26,10.387187957763672,10.398450074503447,10.270815615491486,10.398450074503447,1647000
2001-11-27,10.199492454528809,10.300849378487108,10.173214892615885,10.285833219674087,1774800
2001-11-28,10.135675430297852,10.2482937597861,10.064350106416693,10.098135748465143,43800
2001-11-29,10.207000732421875,10.207000732421875,10.079366244068657,10.13942944846901,33000
2001-11-30,10.285831451416016,10.398450475123514,10.229522297567135,10.304601646705468,77400
2001-12-03,10.135675430297852,10.3046036405401,10.135675430297852,10.191984595041975,45000
2001-12-04,10.360908508300781,10.360908508300781,10.154440701854295,10.191980368118164,212200
2001-12-05,10.668736457824707,10.717537540943427,10.345896210084438,10.398452048839037,1249200
2001-12-06,10.548608779907227,10.67624324773889,10.548608779907227,10.661227091048218,1002600
2001-12-07,10.552362442016602,10.619933712690603,10.511068728602547,10.511068728602547,912800
2001-12-10,10.413467407226562,10.567379450601527,10.383435806470711,10.496054130302692,36000
2001-12-11,10.342141151428223,10.36091134770892,10.229522837783144,10.36091134770892,957600
2001-12-12,10.360908508300781,10.375923945200581,10.263305662418556,10.360908508300781,59800
2001-12-13,10.244538307189941,10.304601499237153,10.191982477141336,10.191982477141336,2265400
2001-12-14,10.327126502990723,10.38343566413483,10.210754141158262,10.229523622869685,143200
2001-12-17,10.439741134643555,10.469772724371028,10.304599338874711,10.323368813950792,256200
2001-12-18,10.548608779907227,10.623687415331302,10.454759948619813,10.623687415331302,268400
2001-12-19,10.601165771484375,10.601165771484375,10.435991598719085,10.47353128107618,411000
2001-12-20,10.537346839904785,10.66122727065071,10.537346839904785,10.623687594301387,2120600
2001-12-21,10.689242362976074,10.696762227137576,10.583966416116212,10.62532495187075,26200
2001-12-24,10.726847648620605,10.771965427426954,10.681729152680091,10.715567845351936,32800
2001-12-26,10.828360557556152,10.884758843994655,10.73436436967065,10.73436436967065,237200
2001-12-27,10.839639663696289,10.903557096048136,10.790761964666737,10.809560914185653,35200
2001-12-28,10.918594360351562,10.941153238099817,10.84715707749266,10.884755685162283,35400
2001-12-31,10.753161430358887,10.959952706715589,10.753161430358887,10.865956541620028,61200
2002-01-02,10.786998748779297,10.847156229494242,10.621565318246333,10.847156229494242,2402600
2002-01-03,10.753161430358887,10.847157595454448,10.719322753553778,10.809558985989456,166800
2002-01-04,10.9298734664917,10.997550817030216,10.865956048442412,10.903554656200898,105600
2002-01-07,10.865957260131836,11.072749267296494,10.865957260131836,11.023870856619773,88800
2002-01-08,10.903559684753418,11.016354842914458,10.884760730771287,10.903559684753418,75200
2002-01-09,10.753161430358887,10.978752370014996,10.753161430358887,10.903555151085017,1712400
2002-01-10,10.828360557556152,10.865959176137153,10.753164037528153,10.790762656109154,709800
2002-01-11,10.625321388244629,10.805793764789726,10.606521734146092,10.734356513482238,55400
2002-01-14,10.546370506286621,10.640366680913539,10.546370506286621,10.565170171492346,1125000
2002-01-15,10.614049911499023,10.640368730723315,10.527573586295196,10.527573586295196,90800
2002-01-16,10.433574676513672,10.565169455500074,10.433574676513672,10.546369791568386,97000
2002-01-17,10.557650566101074,10.565170432369046,10.395977027009286,10.471174255421161,99800
2002-01-18,10.527571678161621,10.576449373985595,10.489973064455691,10.520051811993653,733400
2002-01-22,10.595248222351074,10.726843001606921,10.583968423968967,10.65916564558198,63800
2002-01-23,10.824601173400879,10.824601173400879,10.621569066489682,10.621569066489682,44000
2002-01-24,10.828360557556152,10.880998910423155,10.790762656109154,10.790762656109154,8100600
2002-01-25,10.715563774108887,10.828358895403845,10.696764826271025,10.79076099972812,61600
2002-01-28,10.899796485900879,10.903556418997983,10.809560242972138,10.809560242972138,75400
2002-01-29,10.670445442199707,10.99755244587226,10.670445442199707,10.959953832545063,52000
2002-01-30,10.941158294677734,10.97875691972398,10.640370011441908,10.640370011441908,333400
2002-01-31,11.106589317321777,11.106589317321777,10.941155834595937,10.974994517815631,413600
2002-02-01,10.993789672851562,11.091545755395842,10.941152058071456,11.072746812155438,1064000
2002-02-04,10.809560775756836,11.031391819482213,10.809560775756836,10.997553137074346,1677000
2002-02-05,10.7982816696167,10.903557656885903,10.768202918558925,10.828360420674473,3022000
2002-02-06,10.711807250976562,10.820843191120192,10.677968560389514,10.790764434724384,128400
2002-02-07,10.583970069885254,10.850919602704385,10.583970069885254,10.69676591984569,1919800
2002-02-08,10.677963256835938,10.73060159223467,10.583967100143484,10.625325638570969,31200
2002-02-11,10.997554779052734,10.997554779052734,10.753164816278373,10.753164816278373,1770200
2002-02-12,10.903559684753418,10.997555888932327,10.86596105965503,10.959957263833939,1445000
2002-02-13,11.065231323242188,11.129148759519975,11.016352904076468,11.084030273915772,86200
2002-02-14,11.106589317321777,11.166746817015907,11.016352350646619,11.091549583831263,550800
2002-02-15,10.978754997253418,11.129148753969082,10.95995532945521,11.129148753969082,1214400
2002-02-19,10.850915908813477,11.050187290112802,10.839636112517134,10.941152127783049,482800
2002-02-20,11.065231323242188,11.072751190365222,10.862199213724276,10.941156384248131,317000
2002-02-21,10.959955215454102,11.185546206748088,10.959955215454102,11.05395140206543,1492400
2002-02-22,10.974993705749512,10.974993705749512,10.75316267311598,10.869717730507425,34200
2002-02-25,11.15923023223877,11.166750101195646,11.05395421824502,11.05395421824502,56000
2002-02-26,11.27954387664795,11.350981188664264,11.110350431644596,11.241945253632306,412000
2002-02-27,11.260744094848633,11.373539238459076,11.166747902795251,11.373539238459076,796600
2002-02-28,11.16674518585205,11.298339249001849,11.114106843458273,11.238181758095124,752800
2002-03-01,11.272024154663086,11.279544022790462,11.166748869416196,11.166748869416196,433200
2002-03-04,11.441211700439453,11.448731564688055,11.24193960065383,11.2983371482509,318600
2002-03-05,11.106589317321777,11.354739182843556,11.03891195088239,11.354739182843556,502400
2002-03-06,11.260744094848633,11.272023178929256,11.072751710741871,11.072751710741871,227000
2002-03-07,11.347216606140137,11.414893956416725,11.245700580725254,11.414893956416725,1053200
2002-03-08,11.411134719848633,11.50137095334253,11.335937500036799,11.48633122252663,472600
2002-03-11,11.358502388000488,11.426179778207057,11.245707215745686,11.335943496976371,1034600
2002-03-12,11.381054878234863,11.444972293773233,11.241940250133554,11.283298788756548,609000
2002-03-13,11.354741096496582,11.396098936297747,11.27954385063869,11.373540049394013,1204600
2002-03-14,11.354741096496582,11.437457493232996,11.332181492458764,11.392339002291443,152200
2002-03-15,11.500802993774414,11.538448974635534,11.40292444878781,11.425511750089536,116600
2002-03-18,11.504568099975586,11.576095394520655,11.369043568988086,11.576095394520655,59600
2002-03-19,11.553508758544922,11.602448035716119,11.470687449126455,11.557273428794618,574000
2002-03-20,11.508332252502441,11.572330204104407,11.451863640627144,11.48198028149646,173600
2002-03-21,11.365280151367188,11.50080469728899,11.256106862502781,11.50080469728899,372400
2002-03-22,11.312572479248047,11.406687061331764,11.203399937410317,11.23728124440344,499400
2002-03-25,11.105523109436035,11.346456262377245,11.105523109436035,11.312574947990209,1123800
2002-03-26,11.256104469299316,11.338925765459903,11.143167252036918,11.143167252036918,766800
2002-03-27,11.331404685974121,11.353992002283725,11.210938041605779,11.237290030306625,330200
2002-03-28,11.308813095092773,11.369046394509606,11.274931774416109,11.293754411219782,493400
2002-04-01,11.097991943359375,11.143167261123562,10.954938086841196,11.049052673982379,108600
2002-04-02,10.89847469329834,11.03023460391585,10.879651336040368,11.03023460391585,583000
2002-04-03,10.81564712524414,11.037757586640065,10.510716093749,10.93611367012927,208800
2002-04-04,10.962468147277832,11.01517208977194,10.823178233209651,10.823178233209651,534800
2002-04-05,11.03022575378418,11.124340310447993,11.003873792804244,11.049049095939193,382800
2002-04-08,11.195877075195312,11.207171090072231,10.939885148953374,10.939885148953374,476400
2002-04-09,11.274931907653809,11.308813228730854,11.207169265499717,11.207169265499717,2571000
2002-04-10,11.406686782836914,11.455626766426452,11.327630880474638,11.342688839861008,2166800
2002-04-11,11.233522415161133,11.497043669212745,11.233522415161133,11.481984983592584,63600
2002-04-12,11.46316146850586,11.474454763820212,11.293754858414603,11.293754858414603,120800
2002-04-15,11.28998851776123,11.46315977336166,11.244813907108938,11.46315977336166,270800
2002-04-16,11.45562744140625,11.45562744140625,11.331396217490488,11.331396217490488,60600
2002-04-17,11.338930130004883,11.481984041470268,11.297519465984928,11.481984041470268,42400
2002-04-18,11.263632774353027,11.365276691378508,11.135636890255142,11.323866047100589,1417600
2002-04-19,11.312572479248047,11.346453786241167,11.28622051115057,11.327631157039335,114200
2002-04-22,11.203396797180176,11.331392650380716,11.16198616289851,11.331392650380716,90000
2002-04-23,11.222225189208984,11.301281830013966,11.150698607096674,11.150698607096674,88200
2002-04-24,11.124343872070312,11.323867054571231,11.097991902653408,11.263633776464786,106600
2002-04-25,11.154462814331055,11.158227484744712,11.041525574071175,11.060348208102,697200
2002-04-26,11.086698532104492,11.267398365125182,11.064110514448926,11.229752387069878,249200
2002-04-29,10.966236114501953,11.135642731744376,10.966236114501953,11.056586789056329,2029600
2002-04-30,10.992584228515625,11.026465537832483,10.936114900962643,10.936114900962643,349000
2002-05-01,11.052816390991211,11.094226317498839,10.804353959796428,11.011405746446329,199600
2002-05-02,11.154462814331055,11.177050836813,11.097994194201114,11.124346169059255,256200
2002-05-03,11.00388240814209,11.14317237699601,10.985059769287234,11.14317237699601,175400
2002-05-06,10.80435562133789,11.120580712950332,10.80435562133789,10.992584808343517,119600
2002-05-07,10.962468147277832,11.007642749976393,10.883411515499306,10.92858683623523,357400
2002-05-08,11.124343872070312,11.150696559524532,11.018935994402693,11.131873211342947,37000
2002-05-09,10.954937934875488,11.04152318151532,10.913527287335869,11.030229172721612,699800
2002-05-10,10.77424144744873,11.011409961451166,10.77424144744873,10.99258732565515,1064000
2002-05-13,10.89094352722168,10.936118141003142,10.853297537045435,10.853297537045435,20200
2002-05-14,11.278692245483398,11.278692245483398,11.16199035364521,11.210930343086522,518800
2002-05-15,11.210932731628418,11.365280636374314,11.210932731628418,11.252342672242866,811200
2002-05-16,11.29374885559082,11.353982125377662,11.256102882464742,11.29374885559082,264400
2002-05-17,11.387863159179688,11.414215124331507,11.331394559849045,11.369040532081872,415000
2002-05-20,11.350221633911133,11.44810091285025,11.331398999438697,11.433042948879798,941000
2002-05-21,11.067875862121582,11.350219637777935,11.067875862121582,11.350219637777935,325800
2002-05-22,11.018942832946777,11.056588834636385,10.932357531687112,10.992590847175379,653600
2002-05-23,11.124343872070312,11.128108541706629,11.007641985493741,11.08669861178177,110600
2002-05-24,11.03775691986084,11.214692775254957,11.033992250805943,11.161988126523608,43800
2002-05-28,10.864590644836426,11.011409204457195,10.78929867075335,10.992586569955167,1580800
2002-05-29,10.84200382232666,10.924825146596365,10.84200382232666,10.872120471687218,53000
2002-05-30,10.747888565063477,10.81941587231128,10.69141994062048,10.789299224739182,241800
2002-05-31,10.936114311218262,11.026464943215826,10.826941767780248,10.841999727754983,415800
2002-06-03,10.646239280700684,10.932347629130962,10.646239280700684,10.917288954880213,77200
2002-06-04,10.586010932922363,10.646244221806457,10.446721003604495,10.646244221806457,1436200
2002-06-05,10.80435562133789,10.815648913014314,10.653771697303497,10.653771697303497,290800
2002-06-06,10.634946823120117,10.76670736984586,10.5935361809396,10.76670736984586,979600
2002-06-07,10.646239280700684,10.72153049784311,10.544595383619445,10.544595383619445,2689400
2002-06-10,10.823179244995117,10.90223516612668,10.71024200965362,10.71024200965362,1219200
2002-06-11,10.76671028137207,11.060347371039892,10.76671028137207,10.95493947958474,1136400
2002-06-12,10.857057571411133,10.857057571411133,10.698945054622147,10.770472333607868,213000
2002-06-13,10.608597755432129,10.78929761388605,10.601068415153863,10.747886960392998,914000
2002-06-14,10.540834426879883,10.540834426879883,10.31495925983927,10.503188446033553,4805800
2002-06-17,10.819416999816895,10.826946342003941,10.574719123038612,10.574719123038612,1251800
2002-06-18,10.785533905029297,10.811885880314492,10.729065283984244,10.729065283984244,247400
2002-06-19,10.74035930633545,10.83070924370695,10.71400661298597,10.729065294899957,885200
2002-06-20,10.582245826721191,10.710241739836997,10.582245826721191,10.691418389062665,285600
2002-06-21,10.41667652130127,10.56753338257099,10.412905009851745,10.465704731460582,1067200
2002-06-24,10.52982234954834,10.605251163938448,10.224337018019126,10.484564917045779,999600
2002-06-25,10.352564811706543,10.673135451000325,10.352564811706543,10.55999295705457,73000
2002-06-26,10.258277893066406,10.329934461353616,10.073477406125605,10.152677717577712,2870000
2002-06-27,10.318623542785645,10.33748038829533,10.039538057055541,10.333708875324882,311000
2002-06-28,10.360106468200684,10.499649540046269,10.333706602556424,10.333706602556424,1016000
2002-07-01,10.047077178955078,10.420448212568427,10.047077178955078,10.360105462853683,62000
2002-07-02,9.907533645629883,10.031990641830916,9.798161975367824,9.994276247970129,212600
2002-07-03,10.035764694213867,10.069707585348715,9.737821698550734,9.824564322854274,177600
2002-07-05,10.431767463684082,10.431767463684082,10.163996480693989,10.163996480693989,54600
2002-07-08,10.288451194763184,10.465707971717265,10.269593631677125,10.465707971717265,26400
2002-07-09,10.054621696472168,10.34502167221244,10.035764854137833,10.29599273119529,63400
2002-07-10,9.726510047912598,10.114966547351381,9.700109456104387,10.058395289304649,146400
2002-07-11,9.718965530395508,9.737822373736817,9.43610856422108,9.692565661980689,221800
2002-07-12,9.594505310058594,9.703876259959221,9.47759061824543,9.635990495510862,1023800
2002-07-15,9.447421073913574,9.447421073913574,9.126850465459205,9.353135431581732,250800
2002-07-16,9.190963745117188,9.485134457258155,9.183420721897603,9.485134457258155,265000
2002-07-17,9.14194107055664,9.454969554992854,8.983541071242968,9.428569674997703,99600
2002-07-18,8.991085052490234,9.213599377949418,8.983542023308567,9.16457040761144,48000
2002-07-19,8.553593635559082,8.862850429052518,8.553593635559082,8.787421627025763,129400
2002-07-22,8.414048194885254,8.70821957662364,8.259419841743096,8.636562306839513,246200
2002-07-23,8.27828311920166,8.557368649977752,8.25188252414733,8.429140065655945,249200
2002-07-24,8.76479721069336,8.76479721069336,7.995426393447361,7.995426393447361,201000
2002-07-25,8.621484756469727,8.8213699828326,8.308456256948933,8.730855795911953,105600
2002-07-26,8.723307609558105,8.753478987359658,8.564907696264354,8.576222232693333,204000
2002-07-29,9.20228099822998,9.236223896055616,8.881709585067053,8.900567150160494,285000
2002-07-30,9.168339729309082,9.300339831044907,9.006168237405872,9.107996948974309,131800
2002-07-31,9.12308120727539,9.14570956560944,8.949595208467564,9.107995155490995,168000
2002-08-01,8.843995094299316,9.10799450766583,8.83268055626579,9.10799450766583,90200
2002-08-02,8.451769828796387,8.700684011542892,8.380112497598823,8.674284131455048,56600
2002-08-05,8.255654335021973,8.50456848547089,8.255654335021973,8.50456848547089,53800
2002-08-06,8.500795364379883,8.659194580999205,8.391423654608454,8.391423654608454,83000
2002-08-07,8.621484756469727,8.69314137152598,8.447998692031375,8.69314137152598,639600
2002-08-08,8.734622955322266,8.734622955322266,8.414051586888178,8.598851382963721,230000
2002-08-09,8.768567085266113,8.776110111315008,8.5799957500991,8.5799957500991,74200
2002-08-12,8.644110679626465,8.651653706239767,8.523425131184071,8.523425131184071,94200
2002-08-13,8.546050071716309,8.825135470640381,8.546050071716309,8.598849798194767,476600
2002-08-14,9.013710021972656,9.013710021972656,8.534738639681136,8.546053179187362,476800
2002-08-15,9.38331413269043,9.38331413269043,9.11177152977989,9.145714445061573,132000
2002-08-16,9.37199592590332,9.402167312122083,9.175881555810069,9.315424666660965,71800
2002-08-19,9.590736389160156,9.590736389160156,9.315422465063534,9.315422465063534,58800
2002-08-20,9.522851943969727,9.602051555447044,9.436109306825276,9.51908043113616,60800
2002-08-21,9.681249618530273,9.730277835197214,9.522849713336722,9.692564154380653,323800
2002-08-22,9.828335762023926,9.835878786518322,9.635992953471284,9.692564917836844,77400
2002-08-23,9.55679988861084,9.692571544971951,9.50400011973392,9.692571544971951,68200
2002-08-26,9.613368034362793,9.613368034362793,9.379539946224735,9.541710714746378,90800
2002-08-27,9.417256355285645,9.635999171376346,9.40594253058589,9.635999171376346,131200
2002-08-28,9.307883262634277,9.390854409362095,9.277711871156644,9.353139990179372,109400
2002-08-29,9.394627571105957,9.409713629162344,9.19097082274461,9.239999072742188,165600
2002-08-30,9.398394584655762,9.488908731617636,9.315423463109669,9.315423463109669,99400
2002-09-03,9.062737464904785,9.277708644332948,9.040108389660006,9.209822857283536,116600
2002-09-04,9.232458114624023,9.247544176064327,9.013715259140616,9.032572835940996,146800
2002-09-05,9.062737464904785,9.16456542613644,8.926965890805961,8.975994115151389,94800
2002-09-06,9.345593452453613,9.42856456163272,9.247536294691546,9.270164648223597,224400
2002-09-09,9.470051765441895,9.485137096736652,9.236223015962008,9.258851372575387,23800
2002-09-10,9.586962699890137,9.60959104923225,9.447419653705543,9.447419653705543,213600
2002-09-11,9.590736389160156,9.76799315138488,9.579421852248714,9.76799315138488,74800
2002-09-12,9.353137969970703,9.492681075003683,9.322966585009866,9.492681075003683,46400
2002-09-13,9.447421073913574,9.488906986729141,9.243764460534825,9.2965641900511,176200
2002-09-16,9.473827362060547,9.534170151937007,9.40594154361383,9.46628433349029,226600
2002-09-17,9.3682222366333,9.63599313720848,9.258850537406309,9.63599313720848,130000
2002-09-18,9.379538536071777,9.379538536071777,9.164566609542172,9.23999543141318,126400
2002-09-19,9.051423072814941,9.315423200175701,9.043880047612067,9.258851230496626,843600
2002-09-20,9.187365531921387,9.187365531921387,9.062752710955463,9.10051432463302,41000
2002-09-23,8.900374412536621,9.062748776691148,8.836179913225356,9.062748776691148,88800
2002-09-24,8.760662078857422,8.83240835943097,8.707795526561771,8.741780910093638,243200
2002-09-25,8.93436050415039,9.002331240738261,8.707791622271694,8.911703832035307,40800
2002-09-26,9.149601936340332,9.198692239560522,8.968347094241286,8.968347094241286,327800
2002-09-27,8.88149642944336,9.176035385160457,8.873943963849905,9.119393333695074,130800
2002-09-30,8.560523986816406,8.647375181860282,8.44346364913802,8.609613573506449,267200
2002-10-01,8.798419952392578,8.798419952392578,8.394372442853559,8.552970604753638,167000
2002-10-02,8.602062225341797,8.873944521610099,8.602062225341797,8.741779246388623,35400
2002-10-03,8.560523986816406,8.711569699988967,8.511434400126364,8.59073312945092,81600
2002-10-04,8.451016426086426,8.613390857656254,8.265985314836092,8.586957944655186,113200
2002-10-07,8.122491836547852,8.477449836686866,8.08850645779822,8.477449836686866,233400
2002-10-08,8.364165306091309,8.4094793861592,8.065850073140828,8.250881186285884,375600
2002-10-09,8.06207275390625,8.19801353531441,8.024311145642905,8.080953197916536,87600
2002-10-10,8.20556640625,8.26976092739512,7.80529506747368,7.911027431784115,184600
2002-10-11,8.602062225341797,8.722898801461042,8.420806640920121,8.458568251018088,117800
2002-10-14,8.670034408569336,8.768214331066192,8.590735655923597,8.590735655923597,229600
2002-10-15,9.100512504577637,9.138274110703067,8.994780151474979,9.024989292326776,1993400
2002-10-16,8.938135147094727,9.119389932275261,8.873940653979643,9.100509495576558,192400
2002-10-17,9.036316871643066,9.17603386069622,9.036316871643066,9.17603386069622,828600
2002-10-18,9.160931587219238,9.183588264778273,8.930586417933549,8.930586417933549,88000
2002-10-21,9.364847183227539,9.372399652433726,9.036322695432526,9.062755617411078,66200
2002-10-22,9.311979293823242,9.440368361154377,9.198695161586569,9.266665929025752,177400
2002-10-23,9.41771125793457,9.455472873740437,9.23268013275303,9.32708381214624,233600
2002-10-24,9.300649642944336,9.55365151800254,9.296874129799132,9.497009457667126,130600
2002-10-25,9.489455223083496,9.500783921137286,9.296872397868256,9.300647910310111,62800
2002-10-28,9.338410377502441,9.591412228744085,9.327082398647452,9.553650618660908,2043400
2002-10-29,9.3270845413208,9.361069926178706,9.100515549015762,9.2893229225628,532600
2002-10-30,9.16471004486084,9.308203331223854,9.123172192383903,9.251561263455374,105000
2002-10-31,9.138278007507324,9.240233451206942,9.09296391678513,9.176038909492274,51000
2002-11-01,9.274210929870605,9.289315853977097,9.047642109970203,9.062747034076695,282400
2002-11-04,9.232680320739746,9.440368131536374,9.232680320739746,9.379949833113976,156000
2002-11-05,9.357290267944336,9.368618245256142,9.232677475815514,9.266662848236347,52200
2002-11-06,9.463024139404297,9.485681539881178,9.289321723872145,9.402605845285038,2162600
2002-11-07,9.232680320739746,9.39505404759811,9.17981376943795,9.289322385480379,35800
2002-11-08,9.11184310913086,9.300650473947224,9.08541019329544,9.17603764197814,309000
2002-11-11,8.964573860168457,9.066530013042831,8.919260494608485,9.00611171213423,98600
2002-11-12,9.100512504577637,9.168483251554866,8.960794777986363,8.987227686201345,55200
2002-11-13,9.126949310302734,9.176038915058772,8.94569438779008,9.081635219553052,38200
2002-11-14,9.383722305297852,9.383722305297852,9.232676619789046,9.251557060386656,82200
2002-11-15,9.45924186706543,10.188037884877607,9.319524921203177,9.334629124968796,389000
2002-11-18,9.304426193237305,9.485681800824148,9.270440811829953,9.485681800824148,20400
2002-11-19,9.11184310913086,9.244008408550902,9.08163395956996,9.244008408550902,34000
2002-11-20,9.198695182800293,9.236456080137636,9.062753647608423,9.119395713857385,38400
2002-11-21,9.440366744995117,9.440366744995117,9.270439855488075,9.308201466516621,126000
2002-11-22,9.466801643371582,9.546101115197818,9.364845488270554,9.402607107223858,1692000
2002-11-25,9.527215957641602,9.546097119336354,9.402603171426934,9.436588542234814,71200
2002-11-26,9.266663551330566,9.470575081084347,9.259111085721193,9.421485495108936,553200
2002-11-27,9.651829719543457,9.66693465042619,9.379947445838976,9.379947445838976,98800
2002-11-29,9.561203956604004,9.682040543694912,9.561203956604004,9.666936330429985,53400
2002-12-02,9.629170417785645,9.923710007499347,9.55364722445109,9.836858119091843,1775400
2002-12-03,9.3270845413208,9.534772364125352,9.2893229225628,9.534772364125352,510200
2002-12-04,9.3270845413208,9.37995037543622,9.145828915330988,9.202471703589476,157600
2002-12-05,9.262887001037598,9.311976585330449,9.179811322667446,9.206244231151498,31600
2002-12-06,9.251558303833008,9.26288700185978,9.081631434645102,9.081631434645102,76600
2002-12-09,8.94946575164795,9.138273039908515,8.94568951945362,9.138273039908515,262400
2002-12-10,9.11184310913086,9.11184310913086,8.896602828479073,9.006111445789177,100600
2002-12-11,9.100512504577637,9.11561671488217,8.987227686201345,8.987227686201345,97000
2002-12-12,9.043874740600586,9.126949737244217,8.998560647731196,9.081635644374828,64200
2002-12-13,8.88149642944336,9.017437208911728,8.855063520109033,8.949467179298924,113400
2002-12-16,9.100512504577637,9.100512504577637,8.855063145126437,8.892824031009136,1255400
2002-12-17,8.96834945678711,9.051424434573057,8.941916542048075,9.006111072232688,88600
2002-12-18,8.855064392089844,8.892825283290003,8.771988702866697,8.892825283290003,71200
2002-12-19,8.77576732635498,8.945694264011266,8.734229470429439,8.77576732635498,1729400
2002-12-20,8.8866605758667,8.898015172308748,8.807180566440195,8.856382373910515,627000
2002-12-23,8.761762619018555,8.867736683380372,8.739054148758614,8.837458482404031,846600
2002-12-24,8.71634292602539,8.757974988040376,8.689848876884367,8.704988333536381,246800
2002-12-26,8.814752578735352,8.89423260873197,8.773119769562191,8.799613112894397,240000
2002-12-27,8.610373497009277,8.735271193584826,8.572525557040146,8.723916595027262,70000
2002-12-30,8.693634033203125,8.731481954216038,8.538458206750326,8.644432241208673,2021200
2002-12-31,8.746620178222656,8.780683230142948,8.614152834298075,8.693632807519455,119800
2003-01-02,9.075894355773926,9.075894355773926,8.799605829853363,8.829884014585906,162200
2003-01-03,8.867737770080566,9.015343927692516,8.826104967927721,9.015343927692516,454600
2003-01-06,9.03048324584961,9.053191718527415,8.920724304443105,8.932078901726674,546800
2003-01-07,8.98127269744873,9.083461816133518,8.98127269744873,9.02669032416042,62000
2003-01-08,8.898011207580566,9.049402149905521,8.890441479992079,8.932074259839801,106200
2003-01-09,9.144023895263672,9.189441550409867,8.969924447963058,8.969924447963058,98800
2003-01-10,9.166733741760254,9.253784200403402,9.083468870329034,9.102392475053186,55400
2003-01-13,9.212148666381836,9.318122698259282,9.144022554595551,9.23485712968092,94800
2003-01-14,9.223504066467285,9.231073073636937,9.144023355128633,9.215934337408537,92000
2003-01-15,9.113746643066406,9.189442502187058,9.07589871350608,9.15916430291664,22200
2003-01-16,9.07968521118164,9.174304691150464,9.015343935927266,9.102393684245142,195200
2003-01-17,8.988848686218262,9.064544542857881,8.939646884724942,9.007772289433571,364200
2003-01-21,8.735265731811523,8.977491241138067,8.723911140353481,8.977491241138067,54800
2003-01-22,8.610373497009277,8.780688865925665,8.602803764637569,8.742840925956534,161000
2003-01-23,8.810964584350586,8.814749449467183,8.59144746081237,8.667142597476703,26200
2003-01-24,8.564949035644531,8.780681905900671,8.523316984378685,8.780681905900671,391600
2003-01-27,8.428701400756836,8.58387725244784,8.394638338494014,8.477903200753598,76600
2003-01-28,8.553598403930664,8.553598403930664,8.432485623722439,8.44005463106862,128200
2003-01-29,8.62929630279541,8.640650900296036,8.36436219145157,8.36436219145157,113600
2003-01-30,8.383284568786621,8.587662962476697,8.34922150317161,8.580093231920198,258400
2003-01-31,8.455187797546387,8.504389557183694,8.326505383862875,8.326505383862875,1405000
2003-02-03,8.485477447509766,8.57631208793352,8.455199234035181,8.458984100955698,61200
2003-02-04,8.311372756958008,8.345435819231538,8.25081636222488,8.31894248677194,502800
2003-02-05,8.288662910461426,8.466547922049157,8.250814989577501,8.269739310963987,252800
2003-02-06,8.258382797241211,8.356787079895067,8.20539615346178,8.30758529951258,101400
2003-02-07,8.194046020507812,8.402209289238932,8.144844213361488,8.402209289238932,66600
2003-02-10,8.19782829284668,8.250814948688154,8.08428525264665,8.19404342858814,438400
2003-02-11,8.228107452392578,8.353005100052265,8.156196466803932,8.212968715467621,60000
2003-02-12,8.159980773925781,8.205398425375462,8.114563844365179,8.175120231705368,86200
2003-02-13,8.057794570922852,8.110781244165263,7.936681040542754,8.099426647660769,104800
2003-02-14,8.231893539428711,8.258386874398157,8.023731003049425,8.04265460748782,69000
2003-02-18,8.458978652954102,8.470332524513646,8.345434884135063,8.345434884135063,87000
2003-02-19,8.341652870178223,8.440056484287467,8.288665475785624,8.409778282587098,66000
2003-02-20,8.262171745300293,8.402208872663351,8.224323814508447,8.402208872663351,56400
2003-02-21,8.387067794799805,8.409776260141664,8.258385288047444,8.353004735842468,155200
2003-02-24,8.15241527557373,8.40221066133159,8.15241527557373,8.40221066133159,73600
2003-02-25,8.31894302368164,8.32651275398413,8.001021569869291,8.042654364643761,197200
2003-02-26,8.205400466918945,8.303804801302498,8.178907131102077,8.28866533975614,168200
2003-02-27,8.31894302368164,8.349221223002377,8.197830226398692,8.231893290870673,153000
2003-02-28,8.41734504699707,8.44383837391181,8.349218936708304,8.353003800823126,98000
2003-03-03,8.288662910461426,8.481686657269298,8.277309039518581,8.477901792992002,96400
2003-03-04,8.057794570922852,8.326513524525689,8.057794570922852,8.326513524525689,102800
2003-03-05,8.159980773925781,8.159980773925781,8.012374670020206,8.072931057360394,177200
2003-03-06,8.065360069274902,8.201612280462637,8.046436471893925,8.054006199601902,125200
2003-03-07,8.186473846435547,8.205398168066592,7.948033168996827,7.948033168996827,127600
2003-03-10,7.99345064163208,8.163765201197538,7.99345064163208,8.125917280664423,202400
2003-03-11,7.925321578979492,8.103205800814901,7.925321578979493,8.042649439258645,2966000
2003-03-12,7.910186767578125,7.9404649661167435,7.815567306908796,7.872338838932555,2699800
2003-03-13,8.33029556274414,8.356788890373572,8.0729305711056,8.10699362716888,553200
2003-03-14,8.345436096191406,8.458979881501072,8.318942762852576,8.394638619725686,575200
2003-03-17,8.746620178222656,8.780683230142948,8.326509685798365,8.330294549554948,2078400
2003-03-18,8.689849853515625,8.810963354676307,8.648217786821714,8.799608760911182,115200
2003-03-19,8.85638427734375,8.85638427734375,8.655791416980659,8.780689117129361,275600
2003-03-20,8.924509048461914,8.932078779881031,8.659574223907363,8.78825677047508,1154800
2003-03-21,9.20270824432373,9.20270824432373,8.91844008171865,9.001825149160863,434800
2003-03-24,8.781994819641113,8.937394755945416,8.755463228993786,8.92602376441158,111000
2003-03-25,8.910859107971191,8.971502922675825,8.755459242424157,8.789571478561925,68000
2003-03-26,8.922231674194336,8.94876325745917,8.827475606573401,8.827475606573401,410600
2003-03-27,8.888121604919434,8.926023462888638,8.766833201450536,8.793365514133221,65600
2003-03-28,8.797155380249023,8.869170213784857,8.744092199186632,8.812316702227777,126400
2003-03-31,8.615221977233887,8.755461283259184,8.546997489055713,8.656914880660874,1762200
2003-04-01,8.717558860778809,8.728929849982983,8.569739615781938,8.615222126735677,2010200
2003-04-02,8.944974899291992,9.013199398683378,8.846428480496835,8.850218810788755,1336600
2003-04-03,8.99045467376709,9.066259810612674,8.96771342188596,9.058679152341842,2709600
2003-04-04,9.054892539978027,9.054892539978027,8.94876617235004,9.03973194014474,260600
2003-04-07,9.13448429107666,9.339157003911888,9.13448429107666,9.274722854459224,130600
2003-04-08,9.142065048217773,9.176176564949749,9.043518658404928,9.096581821022856,133600
2003-04-09,9.02077865600586,9.1837592316088,9.02077865600586,9.130696057387016,555200
2003-04-10,9.123114585876465,9.126904915545376,8.95255408836424,8.96392435443951,89200
2003-04-11,9.028358459472656,9.248192518447176,9.028358459472656,9.248192518447176,666600
2003-04-14,9.259562492370605,9.263352821601577,9.02077681133902,9.02077681133902,294200
2003-04-15,9.327788352966309,9.342948949202242,9.229241947172541,9.24819287320033,850600
2003-04-16,9.198915481567383,9.41874944023469,8.850213265447055,9.41874944023469,322200
2003-04-17,9.373269081115723,9.384640068327684,9.176176307029829,9.202708610524406,162200
2003-04-21,9.377058982849121,9.403590562203233,9.286093258093029,9.38084931174704,82000
2003-04-22,9.566574096679688,9.596896014461098,9.301257496825222,9.323998754428395,137800
2003-04-23,9.665121078491211,9.672701739115176,9.540043069922117,9.638589489238916,951200
2003-04-24,9.513510704040527,9.581735198223587,9.475608126946437,9.551413281134618,362800
2003-04-25,9.369478225708008,9.509717501718756,9.365687896850279,9.509717501718756,671200
2003-04-28,9.58552074432373,9.6196322514595,9.452862152166881,9.452862152166881,41800
2003-04-29,9.665121078491211,9.721974587307782,9.585526310734327,9.627218498302966,70800
2003-04-30,9.623429298400879,9.672702875312961,9.570366113663257,9.585527436692104,148000
2003-05-01,9.53625202178955,9.623427443608461,9.414964352662105,9.623427443608461,74800
2003-05-02,9.627220153808594,9.646171808627454,9.502142123730968,9.502142123730968,252400
2003-05-05,9.593104362487793,9.62721660565782,9.521090269512356,9.62721660565782,252800
2003-05-06,9.718180656433105,9.782614802000946,9.577942101505716,9.596893023112774,1781600
2003-05-07,9.710601806640625,9.778825565808349,9.60826508349194,9.60826508349194,211400
2003-05-08,9.619635581970215,9.718181978178865,9.585524063024353,9.589313669516125,84000
2003-05-09,9.729557037353516,9.729557037353516,9.577947411648683,9.665122856062496,92400
2003-05-12,9.87736988067627,9.934223362815443,9.661326214788657,9.687857791591522,216200
2003-05-13,9.86600399017334,9.94559875585473,9.824311080760287,9.835682071399729,638200
2003-05-14,9.790201187133789,9.892537958714597,9.740928328371776,9.892537958714597,113400
2003-05-15,9.812938690185547,9.8546315936506,9.687860702721856,9.8546315936506,357800
2003-05-16,9.828100204467773,9.831890534215617,9.706812544262704,9.805358948912193,1839800
2003-05-19,9.532464981079102,9.835684981459735,9.505933384668799,9.835684981459735,426400
2003-05-20,9.53625202178955,9.703022928305556,9.460446867119131,9.608266846433297,524200
2003-05-21,9.577945709228516,9.589315977303057,9.4718186286327,9.55141411981246,66200
2003-05-22,9.74092960357666,9.786412137167845,9.593109562075714,9.608270888560668,175600
2003-05-23,9.706809043884277,9.729550291239123,9.657535497862357,9.684067073598213,131000
2003-05-27,9.930440902709961,9.930440902709961,9.627220908232205,9.627220908232205,247800
2003-05-28,9.934229850769043,10.021406018109722,9.919069249665263,9.968342106917197,377000
2003-05-29,9.922859191894531,10.085839804231934,9.922859191894531,9.968341716355575,379000
2003-05-30,10.135111808776855,10.146482800403442,10.040355714016863,10.05172670564345,615400
2003-06-02,10.229866027832031,10.373895670300266,10.20712477168023,10.252607283983831,2050600
2003-06-03,10.214709281921387,10.256401480094103,10.112372506264064,10.25261114881808,1612000
2003-06-04,10.37389850616455,10.396639768533024,10.214708223721841,10.233659155206954,813800
2003-06-05,10.430750846862793,10.476233366468875,10.282930850813987,10.396638595692423,350800
2003-06-06,10.377689361572266,10.616475175405562,10.354948096470165,10.555831319845439,272200
2003-06-09,10.229866027832031,10.358734350911401,10.176802855833996,10.347363361369752,917000
2003-06-10,10.343576431274414,10.343576431274414,10.252609937262939,10.252609937262939,791000
2003-06-11,10.457283973693848,10.480025236838445,10.286722692780069,10.290513023792789,314000
2003-06-12,10.521712303161621,10.555824540372095,10.426956249339487,10.555824540372095,147800
2003-06-13,10.408003807067871,10.555823731293657,10.381472229700265,10.555823731293657,39800
2003-06-16,10.65058422088623,10.65058422088623,10.495184297536309,10.517925555776609,342800
2003-06-17,10.65058422088623,10.711228058148075,10.601310651278755,10.688486799907775,342400
2003-06-18,10.552035331726074,10.650581724915048,10.495181837983196,10.650581724915048,1842200
2003-06-19,10.377689361572266,10.574782253608559,10.347367433792204,10.517928729387416,195200
2003-06-20,10.392112731933594,10.445250398318013,10.342771388794361,10.445250398318013,195400
2003-06-23,10.263060569763184,10.350357136074827,10.179558876824947,10.304810692296138,165800
2003-06-24,10.263060569763184,10.3541527333844,10.225105320603637,10.285833429684446,577600
2003-06-25,10.202332496643066,10.342766711812457,10.168173566185008,10.247878943814177,73000
2003-06-26,10.278244018554688,10.289630812459247,10.171969447254336,10.247879958745486,1409400
2003-06-27,10.217513084411621,10.350356080959944,10.183353436043879,10.266854396533866,71400
2003-06-30,10.282044410705566,10.35036375811543,10.244089137262682,10.297226085720743,128400
2003-07-01,10.259269714355469,10.289633782930345,10.084675777097551,10.19095037907787,1054800
2003-07-02,10.354153633117676,10.376926495017806,10.266856335284091,10.266856335284091,94400
2003-07-03,10.342766761779785,10.43765453023648,10.26685625743994,10.26685625743994,99200
2003-07-07,10.55152416229248,10.600866228802795,10.456636352473533,10.456636352473533,524000
2003-07-08,10.699546813964844,10.699546813964844,10.566703770492156,10.600863430926172,534600
2003-07-09,10.566699981689453,10.688156186822605,10.54772272111343,10.62742808425603,214400
2003-07-10,10.430063247680664,10.513564946542548,10.342766675176161,10.494586958648386,92000
2003-07-11,10.585679054260254,10.585679054260254,10.471814023441194,10.494586884817764,147200
2003-07-14,10.64261245727539,10.794432742014337,10.64261245727539,10.665385319002176,144800
2003-07-15,10.578088760375977,10.722317850093077,10.551519577065779,10.627430081508184,1633600
2003-07-16,10.547731399536133,10.65400530449924,10.50598052319395,10.64261922835987,66200
2003-07-17,10.426268577575684,10.593271266219043,10.41867810567902,10.551520413074133,50200
2003-07-18,10.494589805603027,10.547727462185561,10.449044070173898,10.521158271926089,42400
2003-07-21,10.376927375793457,10.47181515302351,10.338972120114178,10.456632761177282,45800
2003-07-22,10.452838897705078,10.46802056708274,10.28583619093264,10.437656504391057,101800
2003-07-23,10.407289505004883,10.475608807767147,10.301014953604014,10.475608807767147,151800
2003-07-24,10.395910263061523,10.547731367873098,10.395910263061523,10.437661139278374,95800
2003-07-25,10.532546997070312,10.54772939428536,10.342771375501478,10.361748648083744,603400
2003-07-28,10.585679054260254,10.604657042020904,10.513564872578414,10.570497387987944,163000
2003-07-29,10.51736068725586,10.635022050091242,10.475610558319175,10.608453588785277,372600
2003-07-30,10.449043273925781,10.517361871863397,10.42626968401022,10.517361871863397,41200
2003-07-31,10.471814155578613,10.627430037498517,10.456631765178516,10.513565005242663,433200
2003-08-01,10.460426330566406,10.494585981659606,10.399698222830972,10.494585981659606,367600
2003-08-04,10.380721092224121,10.422471214361357,10.247878083392909,10.36553870312974,101800
2003-08-05,10.209928512573242,10.361748868267128,10.179564441434465,10.361748868267128,873600
2003-08-06,10.244081497192383,10.327582457342128,10.171966603828096,10.171966603828096,236000
2003-08-07,10.331376075744629,10.350354056646172,10.240283939225069,10.304807626418418,144400
2003-08-08,10.430063247680664,10.45283683315366,10.384517524607105,10.399699190986219,150800
2003-08-11,10.475610733032227,10.494587998871198,10.411087015668919,10.418678211579023,90000
2003-08-12,10.616045951843262,10.616045951843262,10.4566344316726,10.51356768625501,152200
2003-08-13,10.578088760375977,10.665385333729386,10.53633791053903,10.665385333729386,272200
2003-08-14,10.627429008483887,10.653997465175314,10.49838159832312,10.578087692333547,117200
2003-08-15,10.703337669372559,10.703337669372559,10.627427185615183,10.66538242749387,56800
2003-08-18,10.764070510864258,10.78304777819946,10.703342386667996,10.722319654003199,725400
2003-08-19,10.775452613830566,10.832385842744259,10.748884159770085,10.779248210687218,277000
2003-08-20,10.83997631072998,10.86654476478607,10.760270948561708,10.809612259817865,2352200
2003-08-21,10.923481941223145,10.94625480665288,10.855162620997602,10.874139888199657,546600
2003-08-22,10.775452613830566,10.99938776082045,10.771657016973915,10.988001694186574,1186000
2003-08-25,10.741294860839844,10.794432502270457,10.699544735924041,10.767864043523254,169200
2003-08-26,10.813410758972168,10.821001954721678,10.65779486578857,10.741295847224366,278000
2003-08-27,10.82858943939209,10.843771101751912,10.752678955784907,10.798225390736421,172400
2003-08-28,10.90450382232666,10.90450382232666,10.779251978026071,10.855162493817598,401400
2003-08-29,11.006983757019043,11.044939018209835,10.874140704819464,10.877936303332183,261000
2003-09-02,11.158799171447754,11.16639036513543,10.976614866560004,11.10186666666234,772000
2003-09-03,11.15500259399414,11.177776173055195,11.101865690723704,11.158798190504315,225000
2003-09-04,11.189169883728027,11.204352280142208,11.101873276156008,11.166397013043262,168400
2003-09-05,11.079094886779785,11.155004659229181,11.022162376458702,11.10186774612099,328800
2003-09-08,11.082891464233398,11.090481935394385,11.010776558682451,11.075300269136202,208000
2003-09-09,10.866546630859375,11.014572037919876,10.851364964764263,11.00698084290422,170600
2003-09-10,10.729910850524902,10.855162697171886,10.70713726099902,10.855162697171886,194200
2003-09-11,10.817209243774414,10.851368909827567,10.74888991166811,10.760276708331315,129200
2003-09-12,10.779248237609863,10.809612288602834,10.657792033637978,10.779248237609863,183400
2003-09-15,10.817209243774414,10.870346180329777,10.802026848223473,10.836186514276624,85400
2003-09-16,10.976616859436035,10.995594123164594,10.855160634126369,10.870342300321974,60200
2003-09-17,10.972821235656738,11.025958153118566,10.92727551324266,10.991798499339904,223400
2003-09-18,11.044936180114746,11.044936180114746,10.91209316205037,10.931070425801192,49200
2003-09-19,10.979569435119629,11.021374882152392,10.937764712969772,11.021374882152392,62800
2003-09-22,10.812347412109375,10.857952688236828,10.755339729625865,10.850351567254656,171600
2003-09-23,10.911158561706543,10.945362879602023,10.831348969872261,10.831348969872261,121200
2003-09-24,10.698336601257324,10.945367322534782,10.698336601257324,10.945367322534782,405200
2003-09-25,10.656529426574707,10.812348802330105,10.656529426574707,10.698334147586205,513400
2003-09-26,10.538712501525879,10.629923775597264,10.512109303865403,10.626123215233944,913600
2003-09-29,10.52351188659668,10.584319407854183,10.40569667988779,10.584319407854183,239400
2003-09-30,10.481706619262695,10.572917902674938,10.413297975482802,10.527312623410237,231200
2003-10-01,10.77054500579834,10.793347650285881,10.572920153884995,10.572920153884995,3804600
2003-10-02,10.827548027038574,10.831348587212998,10.713534121336794,10.736336757500602,376800
2003-10-03,10.949165344238281,11.07078039573726,10.926362703302944,10.990970790022137,943400
2003-10-06,11.028975486755371,11.063179810016521,10.926362516971919,10.994771163494221,312400
2003-10-07,11.074578285217285,11.082179405323096,10.922559507514627,10.937761747726249,694600
2003-10-08,10.994771003723145,11.089782850316144,10.975768199474828,11.089782850316144,46400
2003-10-09,11.135385513305664,11.260801092333407,11.104981758537809,11.161989432999894,488800
2003-10-10,11.158190727233887,11.21139712569843,11.116385285650138,11.17339224470255,230800
2003-10-13,11.27220344543457,11.314008882568212,11.173391055316795,11.173391055316795,804200
2003-10-14,11.333014488220215,11.333014488220215,11.219000546742802,11.279808078848482,102200
2003-10-15,11.28740406036377,11.363413078433588,11.215194877047203,11.363413078433588,380800
2003-10-16,11.336812019348145,11.367215777274303,11.245600745569664,11.24940130592078,121400
2003-10-17,11.177192687988281,11.344413727685515,11.15819061013117,11.336812606589548,747000
2003-10-20,11.165790557861328,11.199994876536527,11.116384722487583,11.173391678651988,58600
2003-10-21,11.199996948242188,11.23420127324429,11.14679054263132,11.192396550928427,210800
2003-10-22,11.044174194335938,11.097381308578342,11.002369484788742,11.078378508890808,528600
2003-10-23,11.044174194335938,11.078378508890808,10.979566125163702,11.009969879781066,197800
2003-10-24,11.055578231811523,11.055578231811523,10.899758865557855,10.983369027365262,378000
2003-10-27,11.177192687988281,11.207596447489342,11.104983487342212,11.104983487342212,696400
2003-10-28,11.428025245666504,11.428025245666504,11.222800025821778,11.287408113063854,163400
2003-10-29,11.405217170715332,11.44322203773026,11.35961118532091,11.401416611525585,141400
2003-10-30,11.44322681427002,11.515435294368265,11.348214969514892,11.496433215370379,190800
2003-10-31,11.435627937316895,11.469832266133036,11.382421525773115,11.469832266133036,341600
2003-11-03,11.52303695678711,11.568642963358672,11.481231511170085,11.515435834878035,129800
2003-11-04,11.454631805419922,11.523040473714717,11.439430281845025,11.473634615992422,117600
2003-11-05,11.44322681427002,11.462228893267906,11.344414408738745,11.458428332491758,301000
2003-11-06,11.526837348937988,11.526837348937988,11.382419659194904,11.439426622912363,53200
2003-11-07,11.557239532470703,11.637049850678961,11.53823745545495,11.583842730245864,130600
2003-11-10,11.420424461364746,11.523037436762797,11.420424461364746,11.496434233855801,204000
2003-11-11,11.401421546936035,11.458428509694143,11.382419467644285,11.458428509694143,239200
2003-11-12,11.515436172485352,11.523037294617275,11.428025442616956,11.458429206261743,593200
2003-11-13,11.4736328125,11.481233210651222,11.412825277992289,11.481233210651222,157600
2003-11-14,11.34821605682373,11.53063864226018,11.344415495683439,11.496434316880482,907800
2003-11-17,11.245599746704102,11.306407257155328,11.1581890410408,11.276003501929715,510400
2003-11-18,11.101187705993652,11.314014839008607,11.101187705993652,11.298812590271917,347800
2003-11-19,11.17339038848877,11.196193023345014,11.055575929368365,11.078378564224609,355800
2003-11-20,11.161993026733398,11.279807523780251,11.116387017456882,11.146790782013584,245200
2003-11-21,11.211402893066406,11.226605143238222,11.123992129228021,11.188600242691868,69800
2003-11-24,11.435627937316895,11.439428498839021,11.295010060530203,11.30641174509658,323600
2003-11-25,11.545838356018066,11.5610405982014,11.382418601844059,11.382418601844059,175800
2003-11-26,11.542040824890137,11.59144667208495,11.420425037789535,11.59144667208495,490400
2003-11-28,11.538237571716309,11.57244189059553,11.534437011298309,11.57244189059553,63600
2003-12-01,11.648452758789062,11.652253319805602,11.538239388840989,11.629450678589258,122600
2003-12-02,11.561039924621582,11.625648000370886,11.549638243648378,11.61044575907328,501400
2003-12-03,11.515436172485352,11.644652349196416,11.515436172485352,11.61044802448567,201000
2003-12-04,11.48883056640625,11.553438641245567,11.340612340256014,11.553438641245567,131600
2003-12-05,11.371018409729004,11.44322761979312,11.321612565926966,11.439427058749441,90200
2003-12-08,11.420424461364746,11.420424461364746,11.314011649736765,11.382420300002131,141800
2003-12-09,11.363415718078613,11.477430358992125,11.363415718078613,11.458427556398473,404800
2003-12-10,11.310208320617676,11.40902071072001,11.264602323307853,11.325409836465793,268600
2003-12-11,11.485031127929688,11.542038812678207,11.29880800576424,11.29880800576424,259400
2003-12-12,11.545838356018066,11.5610405982014,11.473629880295645,11.553439477109732,171200
2003-12-15,11.496432304382324,11.724460858702002,11.488831183432351,11.724460858702002,427200
2003-12-16,11.469830513000488,11.496433714706152,11.38241978600106,11.496433714706152,508600
2003-12-17,11.57624626159668,11.57624626159668,11.4394296573591,11.496436636198347,96400
2003-12-18,11.724462509155273,11.732063631175258,11.557241449130085,11.6028474563671,129800
2003-12-19,11.760283470153809,11.775526492363888,11.668823156307447,11.775526492363888,158400
2003-12-22,11.798392295837402,11.825068858763617,11.72979760032748,11.756473436391675,584000
2003-12-23,11.83649730682373,11.878416880248158,11.790767523871443,11.813632415347588,314000
2003-12-24,11.790771484375,11.817447321201175,11.756473772209333,11.806014508191941,70800
2003-12-26,11.844122886657715,11.878420598037561,11.813636112860298,11.813636112860298,23600
2003-12-29,11.950822830200195,11.950822830200195,11.840307859071045,11.90890325813579,244000
2003-12-30,11.91271686553955,11.96606853150305,11.889851969678329,11.96606853150305,78400
2003-12-31,12.000367164611816,12.030853937066293,11.920339659492063,11.9736913295719,289000
2004-01-02,11.897475242614746,12.107072460517918,11.870799404867194,12.04990984722144,127600
2004-01-05,12.000367164611816,12.01561091427005,11.893663097590155,11.966069454742783,356400
2004-01-06,12.046096801757812,12.061339823434228,11.966068575655344,12.000366283004697,169600
2004-01-07,12.099447250366211,12.107069123868406,11.950824351382705,12.00417601217435,142400
2004-01-08,12.06134033203125,12.141368561508314,12.023231685940361,12.088016166236281,338400
2004-01-09,12.011802673339844,12.114695826045043,11.96607214096126,11.96607214096126,374400
2004-01-12,11.985124588012695,12.015611361602172,11.91652916572087,12.004178548932861,118800
2004-01-13,11.966069221496582,12.038475577237843,11.931771512296088,12.023231827876746,194200
2004-01-14,12.06134033203125,12.095638040826854,12.011799600916472,12.080395018507678,563200
2004-01-15,12.095634460449219,12.148986113066885,11.988930428352134,12.061336761805933,184600
2004-01-16,12.095634460449219,12.156607985401337,12.065147697973158,12.156607985401337,97200
2004-01-20,12.007989883422852,12.14899094336182,11.985124984190431,12.14899094336182,367400
2004-01-21,12.156612396240234,12.187099169777948,12.000367591001698,12.080395825826956,284200
2004-01-22,12.25188159942627,12.274745765810634,12.194718276017955,12.194718276017955,281200
2004-01-23,12.213777542114258,12.324292573427105,12.15661492071824,12.28999485521706,123600
2004-01-26,12.236639976501465,12.263315811062265,12.126124974050176,12.232828312293377,120200
2004-01-27,12.152800559997559,12.286181183796907,12.129935663250622,12.27093743472431,128800
2004-01-28,11.863177299499512,12.175667651401296,11.851745213178871,12.175667651401296,259600
2004-01-29,11.939390182495117,11.966066009855382,11.798388446197135,11.832686146192271,523800
2004-01-30,11.93177318572998,11.966070899740737,11.859367546695788,11.947016937229018,388600
2004-02-02,11.897475242614746,11.985125358322215,11.813636791570717,11.927962018163672,480600
2004-02-03,11.832690238952637,11.931772436891743,11.832690238952637,11.908907537940268,116000
2004-02-04,11.817448616027832,11.889854985962408,11.764096936529784,11.832691641514938,111200
2004-02-05,11.908909797668457,11.927963762599859,11.851747176012083,11.870801140943485,323000
2004-02-06,12.034662246704102,12.053716202754458,11.908904246930984,11.94701288589353,178000
2004-02-09,12.049907684326172,12.141367994556303,12.04228581009151,12.04228581009151,234000
2004-02-10,12.152800559997559,12.171855246338307,12.042286286669068,12.042286286669068,101000
2004-02-11,12.27474594116211,12.324287391908797,12.114690959290279,12.152798872957746,450000
2004-02-12,12.213777542114258,12.301426943378964,12.187101700586927,12.28999485521706,148200
2004-02-13,12.091828346252441,12.221397320160552,12.053719696244988,12.175667521641243,676000
2004-02-17,12.248067855834961,12.263311599984881,12.137553618194941,12.137553618194941,596800
2004-02-18,12.175663948059082,12.240447689136937,12.152798328648492,12.240447689136937,124200
2004-02-19,12.18709945678711,12.31666842908928,12.18709945678711,12.225208833184258,209600
2004-02-20,12.095634460449219,12.187094747877397,12.027039063162645,12.187094747877397,440800
2004-02-23,12.007989883422852,12.156612818726641,11.9889351950108,12.156612818726641,580200
2004-02-24,12.030856132507324,12.068964786745143,11.950828612783813,11.966071638361667,169000
2004-02-25,12.095634460449219,12.099445396616444,12.00417417302104,12.057525825638706,128600
2004-02-26,12.171856880187988,12.187099904444722,12.034666027567082,12.04228790312648,295800
2004-02-27,12.190909385681152,12.255693866471598,12.126124904890707,12.194720323005528,144000
2004-03-01,12.267126083374023,12.305235457027209,12.202342328749548,12.22520795294146,247600
2004-03-02,12.232826232910156,12.309043513152714,12.202340193047357,12.309043513152714,298400
2004-03-03,12.24426555633545,12.270941398968418,12.145183335939993,12.24426555633545,232800
2004-03-04,12.293802261352539,12.32809997173613,12.240450590472287,12.309046011239468,275800
2004-03-05,12.381451606750488,12.415749313007785,12.240449117846143,12.240449117846143,251400
2004-03-08,12.209969520568848,12.389078566701768,12.209969520568848,12.30905102776634,459400
2004-03-09,12.129936218261719,12.251884035836401,12.103260383026067,12.251884035836401,327000
2004-03-10,11.981315612792969,12.14899253156672,11.927963205126652,12.14899253156672,262600
2004-03-11,11.760283470153809,11.98512368093268,11.760283470153809,11.96606899459263,136000
2004-03-12,11.947014808654785,11.954636683046331,11.82125678864208,11.82125678864208,145200
2004-03-15,11.710744857788086,11.927963246806575,11.710744857788086,11.927963246806575,181200
2004-03-16,11.813634872436523,11.84412164303285,11.714552686282977,11.84412164303285,833200
2004-03-17,11.981315612792969,11.985126550973574,11.847935683920381,11.851746622100986,1561400
2004-03-18,11.950822830200195,12.004174484200878,11.844118795337062,11.927957212604099,502200
2004-03-19,11.882902145385742,12.001197458679066,11.871454728370562,11.924877948672844,585000
2004-03-22,11.699736595153809,11.791319573593281,11.673024984088565,11.772240059357195,1265400
2004-03-23,11.676836967468262,11.779868055283456,11.657756732037729,11.69973252214834,1097400
2004-03-24,11.73408031463623,11.76842402256455,11.657760801942896,11.676841044034637,212800
2004-03-25,11.940142631530762,11.963038194336969,11.768424090892164,11.810399895900892,808400
2004-03-26,11.928689956665039,12.005008712985024,11.886714167595294,11.9477694637859,233400
2004-03-29,12.039358139038086,12.096598143321097,12.008830476411028,12.020278622835008,276600
2004-03-30,12.130941390991211,12.134756711816456,12.043173727436493,12.058437922084918,274200
2004-03-31,12.11567211151123,12.191991597049073,12.088960509923952,12.134751618977413,155800
2004-04-01,12.169097900390625,12.207257651267778,12.100410494379094,12.16528185251924,949000
2004-04-02,12.279765129089355,12.344635780650162,12.214893021854651,12.344635780650162,930400
2004-04-05,12.405686378479004,12.405686378479004,12.237784648188923,12.237784648188923,185200
2004-04-06,12.37897777557373,12.417138261492179,12.314107133022913,12.3255545509616,154800
2004-04-07,12.287394523620605,12.363714033590636,12.241603399908017,12.363714033590636,671200
2004-04-08,12.211073875427246,12.401871904730797,12.169098076072714,12.401871904730797,242200
2004-04-12,12.314105033874512,12.35226405761441,12.260681818369275,12.268313914251944,245000
2004-04-13,12.085148811340332,12.363714524301352,12.054621151708046,12.363714524301352,227800
2004-04-14,12.06606674194336,12.108041810151256,11.982115149854241,11.982115149854241,835600
2004-04-15,12.054619789123535,12.127123245493648,12.008827940932745,12.077515349300564,328800
2004-04-16,12.169097900390625,12.188178139747556,12.05461937559588,12.05461937559588,265800
2004-04-19,12.176729202270508,12.195808712546837,12.096594385705924,12.12330599122745,210400
2004-04-20,12.10041332244873,12.28357929606397,12.09659800152235,12.249235585031503,351000
2004-04-21,12.11567211151123,12.146199760159057,12.008824977325562,12.020273118507205,293800
2004-04-22,12.359899520874023,12.371346939980082,12.157654019739843,12.19199773273186,124200
2004-04-23,12.310286521911621,12.344630220703236,12.230151709955603,12.344630220703236,115400
2004-04-26,12.211073875427246,12.359896105376265,12.17673017192567,12.325552401874688,185000
2004-04-27,12.295021057128906,12.378971170005306,12.268309459076471,12.325547973900438,737000
2004-04-28,12.150017738342285,12.287392543010117,12.142385643008145,12.287392543010117,2324400
2004-04-29,12.069880485534668,12.264494522004023,11.989745679372529,12.150016019533377,270600
2004-04-30,11.978296279907227,12.13475055650841,11.932505174863048,12.10803895725989,230200
2004-05-03,12.039358139038086,12.058438383078052,11.943959102348918,11.963039346388886,2623800
2004-05-04,12.016462326049805,12.096597893690173,11.943958855867924,12.005014179862075,945000
2004-05-05,12.043172836303711,12.050804933063189,11.96685405221937,11.982117517901516,434200
2004-05-06,11.863822937011719,11.940142448981339,11.760791814203774,11.894350596232206,1364600
2004-05-07,11.57762336730957,11.856188288727335,11.57762336730957,11.749341868368,823800
2004-05-10,11.432616233825684,11.539463379801893,11.371560929792603,11.421168819217378,812000
2004-05-11,11.600517272949219,11.627228874235376,11.524198516108276,11.524198516108276,1137400
2004-05-12,11.638679504394531,11.638679504394531,11.37537802656641,11.60051975389475,1909600
2004-05-13,11.600517272949219,11.623412827217848,11.516566422073216,11.58143776569812,989000
2004-05-14,11.604338645935059,11.661577921795644,11.505123561452834,11.638682357018787,765800
2004-05-17,11.421171188354492,11.562361335279865,11.344851678563575,11.562361335279865,903000
2004-05-18,11.600517272949219,11.623412827217848,11.447879031430785,11.562357530610473,2336400
2004-05-19,11.550914764404297,11.768424437053222,11.550914764404297,11.68065750385047,455200
2004-05-20,11.57762336730957,11.604334972399403,11.501303871764346,11.543279667097885,161000
2004-05-21,11.634865760803223,11.699737131149378,11.562362293278264,11.577626487635875,228400
2004-05-24,11.756978034973145,11.783689650966936,11.66539503963574,11.753161985854467,316600
2004-05-25,11.993563652038574,11.993563652038574,11.676838967994698,11.714998717556895,221200
2004-05-26,12.00119686126709,12.012644277712425,11.932509451248064,11.966853156257576,684800
2004-05-27,12.054619789123535,12.123307197491354,11.982116332753423,11.982116332753423,129000
2004-05-28,12.054619789123535,12.066067933130418,12.020276084939626,12.054619789123535,631800
2004-06-01,12.043172836303711,12.054620981442927,11.951589858700418,12.001197759800206,484400
2004-06-02,12.08896541595459,12.096597513172997,11.99738243284425,12.096597513172997,408800
2004-06-03,12.012642860412598,12.123306058572709,12.005010765125004,12.073698167040016,578400
2004-06-04,12.062252044677734,12.123307357848555,12.024092291986786,12.111859213690247,921600
2004-06-07,12.230154991149902,12.230154991149902,12.100412255981404,12.134755963986995,488600
2004-06-08,12.272128105163574,12.275943424917127,12.169097003737894,12.19199328927915,929000
2004-06-09,12.180547714233398,12.279762788983941,12.176731665838746,12.211075373553811,238000
2004-06-10,12.230154991149902,12.256866602301624,12.176731768846455,12.176731768846455,290200
2004-06-14,12.073697090148926,12.230151390406613,12.043169439558074,12.230151390406613,2766600
2004-06-15,12.14620304107666,12.2187064991385,12.123307480365408,12.153835137259327,523600
2004-06-16,12.1576509475708,12.191994651884357,12.123307243257242,12.191994651884357,142400
2004-06-17,12.188177108764648,12.19199315631324,12.104225518368935,12.1423852660182,86400
2004-06-18,12.185121536254883,12.23861509569413,12.143091194750511,12.143091194750511,100000
2004-06-21,12.143092155456543,12.227153573910929,12.135450009562014,12.227153573910929,209800
2004-06-22,12.089592933654785,12.127802918752785,12.001710478085778,12.127802918752785,175400
2004-06-23,12.185121536254883,12.185121536254883,12.055207981506635,12.055207981506635,135600
2004-06-24,12.188945770263672,12.250082219644469,12.150735762698902,12.150735762698902,181800
2004-06-25,12.17747974395752,12.261541153167176,12.154553308795288,12.169837598903442,593000
2004-06-28,12.154553413391113,12.280645892688218,12.139269851946501,12.265361602448534,1451200
2004-06-29,12.062849044799805,12.116342599440861,12.051386556688163,12.112522255933662,346800
2004-06-30,12.085771560668945,12.120160473519496,12.00553124988088,12.055203719112326,880000
2004-07-01,12.013178825378418,12.116344881791656,11.95204311461681,12.11252453756482,1212200
2004-07-02,11.948221206665039,12.036103693644314,11.93675798840009,12.036103693644314,372800
2004-07-06,11.871794700622559,11.917646819749507,11.833584722815887,11.883257912602973,1114200
2004-07-07,11.837410926818848,11.89090521046409,11.818306294028062,11.84505307145317,318000
2004-07-08,11.676931381225586,11.787740309572566,11.676931381225586,11.768634944963532,309200
2004-07-09,11.741888046264648,11.749530192032086,11.684573410599128,11.749530192032086,1161800
2004-07-12,11.77245807647705,11.791563444426947,11.673112349523393,11.692217717473289,422600
2004-07-13,11.818306922912598,11.845053701760976,11.749529075133871,11.749529075133871,117400
2004-07-14,11.768634796142578,11.887085868835294,11.73806694194981,11.768634796142578,210400
2004-07-15,11.711320877075195,11.8030244452635,11.711320877075195,11.78391980852246,302200
2004-07-16,11.581404685974121,11.757170365159235,11.581404685974121,11.757170365159235,434400
2004-07-19,11.535554885864258,11.631079518870234,11.48970274135154,11.581406301581863,328400
2004-07-20,11.665471076965332,11.67693356908329,11.539378562100842,11.539378562100842,1975400
2004-07-21,11.56230354309082,11.757173913506394,11.56230354309082,11.66547033839234,425400
2004-07-22,11.581404685974121,11.600510047187182,11.413281880069242,11.482058994051231,184600
2004-07-23,11.512627601623535,11.566121887749183,11.447670826809938,11.539375109083888,262600
2004-07-26,11.413284301757812,11.504987868653282,11.363611080859119,11.501166795599909,445000
2004-07-27,11.608150482177734,11.627255841776705,11.405638771993297,11.405638771993297,366400
2004-07-28,11.558477401733398,11.608149876509104,11.424742806698163,11.577582031540613,181600
2004-07-29,11.615792274475098,11.684570109359989,11.5775822852285,11.63489763349586,529600
2004-07-30,11.627259254455566,11.634901400538176,11.558481397302408,11.615796035331652,263000
2004-08-02,11.69603157043457,11.722778340256848,11.56611806375938,11.62725374586596,437000
2004-08-03,11.577585220336914,11.669289509295265,11.573764876359169,11.646363072658122,145200
2004-08-04,11.516451835632324,11.566125062900007,11.447673969443382,11.482062902537853,397000
2004-08-05,11.313940048217773,11.550840777725055,11.302476827578934,11.550840777725055,1309000
2004-08-06,11.149633407592773,11.248979096681355,11.130528046924784,11.17638018373297,725200
2004-08-09,11.134349822998047,11.22987444599232,11.126708407042733,11.138170895373221,238800
2004-08-10,11.298652648925781,11.298652648925781,11.157276610542823,11.157276610542823,92800
2004-08-11,11.218413352966309,11.229875842722459,11.126709790941463,11.176382280406749,377600
2004-08-12,11.065567970275879,11.218407894749506,11.054105486096697,11.218407894749506,487800
2004-08-13,11.09231948852539,11.149634116583947,11.042646276424948,11.042646276424948,417400
2004-08-16,11.355969429016113,11.37125372189485,11.099963353658847,11.099963353658847,703800
2004-08-17,11.5011625289917,11.527909301647849,11.355964722008471,11.355964722008471,1072600
2004-08-18,11.600510597229004,11.600510597229004,11.420923837286116,11.443850271828854,1257600
2004-08-19,11.547019004821777,11.608154720268992,11.508809729263682,11.520272220413025,1175600
2004-08-20,11.650182723999023,11.665467013225625,11.520269180752997,11.577583807762709,320600
2004-08-23,11.589048385620117,11.654005164871203,11.585227312864745,11.650184092115833,2054200
2004-08-24,11.61961555480957,11.684572330236586,11.581405558300432,11.596689848422113,537600
2004-08-25,11.707499504089355,11.707499504089355,11.550839154681006,11.577585936951433,161200
2004-08-26,11.703679084777832,11.718963377668999,11.634901953153177,11.634901953153177,1054400
2004-08-27,11.703679084777832,11.726605524114582,11.673111227790697,11.692216593904655,440600
2004-08-30,11.611970901489258,11.69221194970538,11.600508415169033,11.69221194970538,1266600
2004-08-31,11.604333877563477,11.64636422463202,11.512629579534401,11.596691731261856,991400
2004-09-01,11.642541885375977,11.646362958111252,11.577585106466504,11.577585106466504,708200
2004-09-02,11.825946807861328,11.829767150856638,11.577582243060503,11.577582243060503,1361800
2004-09-03,11.814483642578125,11.875619333891226,11.791557940534444,11.82594685799743,171600
2004-09-07,11.894726753234863,11.936757824166273,11.841233192991323,11.883264263922731,1193200
2004-09-08,11.856522560119629,11.978794023766344,11.856522560119629,11.917658291942987,534600
2004-09-09,11.795379638671875,11.871798892473626,11.76099071938285,11.845052117203265,1653600
2004-09-10,11.902373313903809,11.925299029827615,11.760997215445741,11.776280783129822,187400
2004-09-13,11.940582275390625,11.98643443199806,11.902372266350314,11.902372266350314,617800
2004-09-14,11.994071006774902,11.997892079015264,11.92147282059307,11.92147282059307,397800
2004-09-15,11.925292015075684,11.974965220619518,11.917650600126196,11.948218446308964,150400
2004-09-16,11.997892379760742,12.051386663671703,11.925293462964097,11.925293462964097,4354400
2004-09-17,12.02314567565918,12.072891023966468,11.992532985193744,12.015492320576792,471600
2004-09-20,11.93130874633789,12.000187488944277,11.900696052942182,11.99636081103679,261800
2004-09-21,12.02314567565918,12.046105011042227,11.938960959345263,11.977226275028972,527000
2004-09-22,11.862433433532715,11.946618182245313,11.858606754518815,11.938965554081909,1146800
2004-09-23,11.904522895812988,11.935135589632903,11.850950134229995,11.900696217852476,2774200
2004-09-24,11.938963890075684,11.992535929074823,11.90069783513446,11.919830497672926,667000
2004-09-27,11.854777336120605,11.935136117114512,11.854777336120605,11.935136117114512,341600
2004-09-28,11.847124099731445,11.881563473382405,11.774419404125405,11.881563473382405,592400
2004-09-29,11.8892183303833,11.90069836633738,11.797380232343627,11.90069836633738,2223600
2004-09-30,11.938963890075684,11.977229215152617,11.862431780193237,11.862431780193237,2451800
2004-10-01,12.088200569152832,12.114986588359146,11.942789707941015,11.942789707941015,1160200
2004-10-04,12.202996253967285,12.248914928921705,12.168556882819383,12.168556882819383,2138200
2004-10-05,12.18769359588623,12.206826260690736,12.12646819267456,12.206826260690736,490200
2004-10-06,12.252744674682617,12.264223980679555,12.134119827042591,12.187692597864135,748800
2004-10-07,12.164732933044434,12.287183726189614,12.164732933044434,12.245090992346846,140000
2004-10-08,12.069069862365723,12.21830669633264,12.038456429896199,12.111161872282514,566400
2004-10-11,12.114988327026367,12.137947671089005,12.088202303975892,12.11116164803853,254800
2004-10-12,12.084372520446777,12.107331858611037,12.015493776089803,12.015493776089803,986200
2004-10-13,12.046112060546875,12.176216253629269,12.01549935216658,12.09203148804959,358000
2004-10-14,11.942790031433105,12.08054753949902,11.927484047128171,12.08054753949902,270600
2004-10-15,12.0269775390625,12.065243601110105,11.958098773349697,12.007844143106484,2989000
2004-10-18,12.11115837097168,12.126465082781301,11.958094902196404,11.958094902196404,1781600
2004-10-19,12.03463077545166,12.206826958123713,12.03463077545166,12.149428230566363,1927800
2004-10-20,11.969574928283691,12.01166692600445,11.931308878648665,12.01166692600445,831200
2004-10-21,12.076717376708984,12.107330066351102,11.969573327893617,11.969573327893617,431000
2004-10-22,11.973403930664062,12.134120056575904,11.973403930664062,12.092028050683707,410000
2004-10-25,11.961923599243164,11.977229583772147,11.885391487005311,11.973403635038135,281800
2004-10-26,12.160907745361328,12.160907745361328,11.938965473111162,11.938965473111162,898000
2004-10-27,12.367541313171387,12.37136872140834,12.114986379488537,12.130293092979265,808400
2004-10-28,12.436419486999512,12.470858860891111,12.3407547217149,12.398154164777056,892400
2004-10-29,12.421113014221191,12.467033153449579,12.386673639664151,12.43641972729732,2578000
2004-11-01,12.470860481262207,12.505299859628604,12.390502418316837,12.428767745511205,806400
2004-11-02,12.516780853271484,12.608619694539206,12.45555544566929,12.45555544566929,1362600
2004-11-03,12.547394752502441,12.685152289651025,12.497648650814583,12.685152289651025,663600
2004-11-04,12.822905540466309,12.838212254492902,12.566524649299554,12.570350597941905,615400
2004-11-05,12.86882209777832,12.953006082016914,12.830555323371518,12.83820867825288,714000
2004-11-08,12.876480102539062,12.922398788680928,12.842040723000485,12.861173387248868,193800
2004-11-09,12.887954711914062,12.922394078900643,12.842036042508015,12.84968939736372,412200
2004-11-10,12.887954711914062,12.960659393450985,12.868822054638892,12.914740724044938,715400
2004-11-11,13.006579399108887,13.014231294163768,12.861168577687298,12.91474060144047,2411800
2004-11-12,13.090764999389648,13.113725066575089,12.975967582919145,13.029539613290156,240600
2004-11-15,13.129035949707031,13.16730128077967,13.067810544153522,13.09076915890558,713800
2004-11-16,13.006579399108887,13.144335406019257,12.979791927504133,13.144335406019257,1051800
2004-11-17,13.01806354522705,13.132860990230688,13.002756829965575,13.0295428518088,1458800
2004-11-18,13.079282760620117,13.090762061772663,12.991271379085209,13.029536689412378,886400
2004-11-19,12.914741516113281,13.102245072257292,12.899434805463104,13.102245072257292,1323600
2004-11-22,12.995102882385254,13.010409596951837,12.861172779249266,12.876479493815848,3088000
2004-11-23,13.067809104919434,13.106074431777689,12.987449582951255,13.029542318332528,229200
2004-11-24,13.155820846557617,13.16347420406237,13.098421395136327,13.144340080436148,4434400
2004-11-26,13.171124458312988,13.205563832922595,13.086940455722788,13.086940455722788,208200
2004-11-29,13.083112716674805,13.20173755060276,12.987447951815364,13.182604889576565,1806400
2004-11-30,12.941532135009766,13.083115609584391,12.9338787769613,13.083115609584391,1373200
2004-12-01,13.144340515136719,13.151993872894577,12.99127773916577,12.99127773916577,1664000
2004-12-02,13.159646034240723,13.236178145132634,13.037195240705108,13.125206657325794,934400
2004-12-03,13.117552757263184,13.163472897734628,13.048674006284557,13.125206114008424,961600
2004-12-06,13.094593048095703,13.11372570848927,13.037193607186586,13.075458927973719,512600
2004-12-07,13.002756118774414,13.12520691471129,12.998930170032663,13.098420894333138,433200
2004-12-08,13.079282760620117,13.086936114631156,12.98361802507417,13.014229981390303,170600
2004-12-09,13.178779602050781,13.194086317226034,13.010410114309115,13.079288872869048,761800
2004-12-10,13.163472175598145,13.220870158445836,13.136686158323531,13.220870158445836,387000
2004-12-13,13.209391593933105,13.220870899200127,13.129033537606867,13.20173823717891,502000
2004-12-14,13.278271675109863,13.305057696568499,13.16347423175447,13.16347423175447,1159400
2004-12-15,13.335667610168457,13.37776034017685,13.274442219173103,13.316534949181497,1128600
2004-12-16,13.31270980834961,13.362454437987246,13.266789667521488,13.335668419035118,320400
2004-12-17,13.254368782043457,13.358008682565721,13.227499340901542,13.358008682565721,1465600
2004-12-20,13.239013671875,13.331137036474583,13.215982098587865,13.281236026489696,378200
2004-12-21,13.311944007873535,13.33497557980597,13.223658511877458,13.242850756350624,2356400
2004-12-22,13.404060363769531,13.423254062488866,13.26203607174296,13.26203607174296,2401000
2004-12-23,13.381035804748535,13.415582426754439,13.369520752171312,13.415582426754439,210200
2004-12-27,13.388711929321289,13.453965841099448,13.3733575509238,13.41558135937984,57200
2004-12-28,13.546089172363281,13.546089172363281,13.415579898742203,13.419417760786665,515600
2004-12-29,13.557609558105469,13.561448885934784,13.515385737630229,13.542255175337285,235200
2004-12-30,13.595988273620605,13.611342649864495,13.54992660916285,13.569118847330754,923400
2004-12-31,13.546089172363281,13.611343077036842,13.546089172363281,13.592150838266617,211000
2005-01-03,13.457802772521973,13.645888749454963,13.450125584689667,13.607504274567292,858400
2005-01-04,13.300427436828613,13.515382893246546,13.277395867523452,13.457806166394983,1690200
2005-01-05,13.250529289245605,13.35800704060212,13.250529289245605,13.35800704060212,260600
2005-01-06,13.181437492370605,13.262045814826386,13.177599628371395,13.235176374007793,258400
2005-01-07,13.177594184875488,13.246685958243297,13.123853861163038,13.246685958243297,430000
2005-01-10,13.227493286132812,13.285071470380847,13.127692759613476,13.127692759613476,244400
2005-01-11,13.143051147460938,13.192950693808692,13.127696765073399,13.146889010920574,368000
2005-01-12,13.219815254211426,13.231331768891017,13.058598691436705,13.12769192241843,498600
2005-01-13,13.123857498168945,13.223659519876035,13.108504579984743,13.219820192124105,775200
2005-01-14,13.246686935424805,13.254364125092913,13.131532018951578,13.146886398287796,228200
2005-01-18,13.358006477355957,13.358006477355957,13.177597611510906,13.204467048217072,386800
2005-01-19,13.223655700683594,13.377195088102644,13.223655700683594,13.377195088102644,350800
2005-01-20,12.985668182373047,13.131530374983665,12.981828855882542,13.131530374983665,771400
2005-01-21,12.939608573913574,13.031733399211273,12.916578465794966,12.985671718699635,669000
2005-01-24,12.812933921813965,12.974150477050074,12.812933921813965,12.943443189312957,681800
2005-01-25,12.847487449645996,12.920418578509647,12.835970929307237,12.897387002106806,539800
2005-01-26,12.916571617126465,12.931924526306924,12.83212402740253,12.905055104899063,539800
2005-01-27,12.889708518981934,12.954962441762822,12.862837620118455,12.916577953571048,95800
2005-01-28,12.828291893005371,12.878192902567195,12.75536077462614,12.859000657127869,512600
2005-01-31,12.966475486755371,12.993344917182197,12.828289007832186,12.828289007832186,769400
2005-02-01,12.977989196777344,13.01253580903855,12.93576539687211,12.981827058462446,729200
2005-02-02,13.016373634338379,13.047082384828641,12.96647264692861,12.977989160499368,599600
2005-02-03,12.98950481414795,12.993342676000884,12.935765962563543,12.993342676000884,955000
2005-02-04,13.108506202697754,13.108506202697754,12.993349784276647,13.01254349686329,313000
2005-02-07,13.143051147460938,13.169920584501881,13.085472945644918,13.120019573879631,405600
2005-02-08,13.112334251403809,13.150718719295002,13.081626969945573,13.146880858215319,111400
2005-02-09,12.966475486755371,13.146885774713322,12.958798297451402,13.146885774713322,276600
2005-02-10,13.020210266113281,13.039403965493552,12.943441325686914,13.031726778596179,1518400
2005-02-11,13.085466384887695,13.13536737049072,12.947279941232404,12.954957128577005,926200
2005-02-14,13.066275596618652,13.127691637907592,13.04708335826722,13.127691637907592,324600
2005-02-15,13.169919967651367,13.181435021765433,13.096987386863812,13.127696150200558,204200
2005-02-16,13.14688491821289,13.169916484624327,13.100823249664058,13.108500438467871,312800
2005-02-17,13.081634521484375,13.189112265041471,13.081634521484375,13.189112265041471,621200
2005-02-18,13.05476188659668,13.073955593345206,13.035569644122393,13.070116266285805,389400
2005-02-22,12.797587394714355,12.981835626960255,12.793749530496118,12.947288991896974,1011600
2005-02-23,12.878192901611328,12.905062338079286,12.809099646615305,12.832131219705468,723200
2005-02-24,12.889708518981934,12.901223572584593,12.797583697337567,12.897384245200797,739000
2005-02-25,12.951123237609863,12.966476152732213,12.862836288216732,12.882029994599542,543800
2005-02-28,12.897382736206055,12.966475978286825,12.835966683720281,12.951123063371027,922200
2005-03-01,13.043245315551758,13.0624375557918,12.897381654034106,12.897381654034106,719600
2005-03-02,13.050925254821777,13.120018505665726,12.98567133139937,12.989509194546534,662200
2005-03-03,13.035571098327637,13.127695922465291,12.993347281609314,13.127695922465291,207600
2005-03-04,13.14688491821289,13.158399969281588,13.0509222545763,13.0509222545763,372600
2005-03-07,13.158401489257812,13.204464627401611,13.139209247168335,13.146886436858969,304800
2005-03-08,13.089310646057129,13.169920420450339,13.073957728135332,13.16608109276403,1412400
2005-03-09,12.943442344665527,13.070112277760128,12.924248643774224,13.070112277760128,1033000
2005-03-10,12.966475486755371,13.008699295790137,12.90505943659775,12.93576819381363,957800
2005-03-11,12.951123237609863,13.035569395742533,12.912737289118455,13.012539290921902,346000
2005-03-14,12.970314025878906,12.985668403554401,12.908897979450979,12.947282459365665,757400
2005-03-15,12.985668182373047,13.104660946646234,12.985668182373047,13.050922089971372,2135600
2005-03-16,12.908897399902344,12.954959066586826,12.851319218341253,12.954959066586826,539600
2005-03-17,12.920415878295898,12.96647755720056,12.905061497236222,12.920415878295898,1960600
2005-03-18,12.84660816192627,12.935021183001751,12.788949217392666,12.935021183001751,1790800
2005-03-21,12.78510570526123,12.858142428659496,12.70053895142447,12.858142428659496,1261600
2005-03-22,12.67747688293457,12.85814485422378,12.669788728159968,12.85814485422378,535000
2005-03-23,12.635190963745117,12.692851383152513,12.615971312731112,12.646723927445825,653000
2005-03-24,12.654407501220703,12.735132361802282,12.627499703148516,12.627499703148516,642600
2005-03-28,12.742825508117676,12.78126481575416,12.66594542647912,12.673633581279535,1010600
2005-03-29,12.58137035369873,12.735130433427203,12.573682203075828,12.68515818756073,539200
2005-03-30,12.78510570526123,12.78510570526123,12.589062927769977,12.589062927769977,1405600
2005-03-31,12.746665954589844,12.81970120904203,12.723601495431925,12.723601495431925,2103600
2005-04-01,12.646723747253418,12.865830991695045,12.615971132976872,12.800482419540065,858800
2005-04-04,12.681319236755371,12.715915193356025,12.56599840384299,12.627502163759118,700600
2005-04-05,12.758195877075195,12.78510367625733,12.704380278710921,12.704380278710921,536600
2005-04-06,12.70438289642334,12.838923386420896,12.689006589046697,12.838923386420896,1143000
2005-04-07,12.76204776763916,12.777424080379465,12.654415044822931,12.685167670303537,413800
2005-04-08,12.662096977233887,12.788949295439242,12.646722138416862,12.754353341961888,929400
2005-04-11,12.592907905578613,12.700540599722363,12.589064561600319,12.700540599722363,431800
2005-04-12,12.71207046508789,12.738978268576,12.500651380667625,12.627502244773659,2762800
2005-04-13,12.519869804382324,12.689004762077117,12.492962003530089,12.646722122427295,589600
2005-04-14,12.346893310546875,12.519873123574287,12.33920515592726,12.492965315588417,589400
2005-04-15,12.097030639648438,12.300762278837405,12.081655068054825,12.300762278837405,3507800
2005-04-18,12.120097160339355,12.139316811399286,12.039373012885731,12.070124894491233,3322400
2005-04-19,12.135468482971191,12.2392563219719,12.089341043314722,12.127780331967635,1231800
2005-04-20,11.93558406829834,12.123940151089066,11.920208495464324,12.097031615559944,365200
2005-04-21,12.231574058532715,12.239262213236898,12.050906822081103,12.123942825405281,567600
2005-04-22,12.047063827514648,12.262327046300081,11.962496317716084,12.262327046300081,697200
2005-04-25,12.154691696166992,12.170067268578787,12.073967558161595,12.131627237775389,1005800
2005-04-26,12.070124626159668,12.196976226610156,12.070124626159668,12.089345009975,933000
2005-04-27,12.085498809814453,12.13931440867674,11.974022802819663,12.089342885902122,2197000
2005-04-28,11.90868091583252,12.07012852613319,11.904836837827396,11.993249165579435,639000
2005-04-29,11.93558406829834,11.997087825999653,11.770293177715201,11.954804450819141,1585400
2005-05-02,11.997089385986328,12.270012987809077,11.931742276466368,12.270012987809077,521200
2005-05-03,12.043218612670898,12.10472238365942,11.954807033522746,11.977870764347747,1134200
2005-05-04,12.300763130187988,12.30460647346547,12.100875553358605,12.147003737697162,2406000
2005-05-05,12.227726936340332,12.358423334218246,12.196975058363941,12.281543272685969,778400
2005-05-06,12.227726936340332,12.358423334218246,12.20466321115369,12.358423334218246,555200
2005-05-09,12.296919822692871,12.296919822692871,12.2123523348303,12.254635712170254,394800
2005-05-10,12.147005081176758,12.239260726874887,12.127784696750462,12.204664768090252,425600
2005-05-11,12.143159866333008,12.18928731826803,12.031683846655211,12.147003942858031,1267200
2005-05-12,12.081653594970703,12.227724806621492,12.077809519245356,12.147001415936643,819400
2005-05-13,12.073966026306152,12.173909800441821,12.004774126275112,12.07012195039526,1206200
2005-05-16,12.223882675170898,12.223882675170898,12.07396736394992,12.07396736394992,510800
2005-05-17,12.327670097351074,12.346889745167323,12.231570391904706,12.243102620503993,843800
2005-05-18,12.569843292236328,12.596751095719991,12.38917535481861,12.42761612148478,367200
2005-05-19,12.669780731201172,12.685157031045108,12.565992906801588,12.585214014788841,431800
2005-05-20,12.635190963745117,12.658255424781151,12.350736609460922,12.350736609460922,357600
2005-05-23,12.71591567993164,12.754354981463115,12.608282996185864,12.608282996185864,612200
2005-05-24,12.692848205566406,12.712067851768877,12.646720761407474,12.712067851768877,1025400
2005-05-25,12.654407501220703,12.689003451079946,12.59674856236531,12.650564158509685,575000
2005-05-26,12.719758033752441,12.738977683022604,12.662097619576706,12.68516207852005,674800
2005-05-27,12.719758033752441,12.742822492695783,12.696693574809098,12.742822492695783,987800
2005-05-31,12.673627853393555,12.708223801176878,12.63903190561023,12.700535649851147,2169600
2005-06-01,12.727446556091309,12.781262162155624,12.64287833721008,12.723601746306551,1338600
2005-06-02,12.792793273925781,12.819701076148453,12.677473912062148,12.677473912062148,356200
2005-06-03,12.700540542602539,12.827391422432756,12.677476079740002,12.75819950021064,473200
2005-06-06,12.719758033752441,12.742822492695783,12.681318735212114,12.719758033752441,742800
2005-06-07,12.73897933959961,12.865831680736008,12.696695225887478,12.696695225887478,403000
2005-06-08,12.685158729553223,12.788946567849715,12.677470578601833,12.781258416898323,798800
2005-06-09,12.735140800476074,12.765891961635893,12.619821379986275,12.665948854908997,852000
2005-06-10,12.735140800476074,12.762048616378161,12.669792200166729,12.731295988852354,902200
2005-06-13,12.754350662231445,12.82354255464871,12.681315427508714,12.742819168950188,710600
2005-06-14,12.888894081115723,12.919646695619123,12.73129059769922,12.73129059769922,628200
2005-06-15,12.888894081115723,12.958085997383003,12.812015477587959,12.919646695619123,528400
2005-06-16,12.915794372558594,12.950390310567917,12.881198434549269,12.881198434549269,237000
2005-06-17,12.96931266784668,13.023208346257908,12.938516605833058,12.95391537109341,307600
2005-06-20,12.977012634277344,12.996260357465145,12.884622975573041,12.896171315784294,406800
2005-06-21,12.984708786010742,13.03090360386732,12.926965630816717,13.03090360386732,772000
2005-06-22,12.98085880279541,13.04245237790033,12.91926522769049,12.99240713921925,955200
2005-06-23,12.75373649597168,12.984712112941704,12.75373649597168,12.953916049315708,428800
2005-06-24,12.642095565795898,12.742184591755,12.634396184028748,12.742184591755,1249200
2005-06-27,12.584345817565918,12.657489180346131,12.580496862501532,12.607443953471194,533000
2005-06-28,12.761435508728027,12.772983848689304,12.611299746695872,12.611299746695872,344400
2005-06-29,12.684442520141602,12.761434875915485,12.67674313771351,12.761434875915485,913000
2005-06-30,12.618996620178223,12.76143297107657,12.618996620178223,12.722936064682358,616400
2005-07-01,12.649795532226562,12.688290974334619,12.611298621611521,12.684442017526607,1095800
2005-07-05,12.76913070678711,12.78068051279863,12.615147488865922,12.684440450907838,515400
2005-07-06,12.653640747070312,12.761430596409577,12.638243455884604,12.722933697178929,434200
2005-07-07,12.692137718200684,12.703686053782024,12.491958246586968,12.54585243730863,821600
2005-07-08,12.888470649719238,12.892321075077765,12.692141543137424,12.72293760347063,2035800
2005-07-11,12.957762718200684,12.980860863221352,12.888469751645582,12.888469751645582,638400
2005-07-12,13.042460441589355,13.073256513928598,12.934670517133071,12.988566213615,1113800
2005-07-13,13.007802963256836,13.100192570801418,12.98085587201414,13.100192570801418,350400
2005-07-14,13.077104568481445,13.15794589577762,13.046307033221584,13.107900635234,488000
2005-07-15,13.130989074707031,13.161785118682145,13.053996762009914,13.080943851177972,391200
2005-07-18,13.14254379272461,13.177190276845428,13.050154147407046,13.088649588204875,653600
2005-07-19,13.223381996154785,13.231081376208799,13.150240088401556,13.184886564391316,2206400
2005-07-20,13.273430824279785,13.284979163232695,13.11559716172641,13.192589514595443,1537600
2005-07-21,13.242631912231445,13.319622780012322,13.196435629354912,13.281127346121883,471800
2005-07-22,13.308080673217773,13.327328399173082,13.22338891680558,13.24263811126825,297200
2005-07-25,13.20413875579834,13.369671811800332,13.20413875579834,13.300378836334053,595800
2005-07-26,13.31192684173584,13.319624754849924,13.234934494033002,13.277280358694908,463200
2005-07-27,13.346571922302246,13.346571922302246,13.238783516089121,13.338874009150077,504200
2005-07-28,13.481307983398438,13.485156939713235,13.373519584502516,13.373519584502516,875000
2005-07-29,13.335022926330566,13.481308233623643,13.335022926330565,13.473608852344341,932200
2005-08-01,13.338871955871582,13.392766150682107,13.319622770433535,13.35811967280296,529600
2005-08-02,13.404318809509277,13.404318809509277,13.338876257138592,13.361972937501355,422800
2005-08-03,13.346571922302246,13.396617168832725,13.323475245831945,13.396617168832725,1343200
2005-08-04,13.231084823608398,13.358122424839747,13.177190617694604,13.292678411582303,1392600
2005-08-05,13.130989074707031,13.211830342211204,13.092492184105362,13.188732207850203,3844200
2005-08-08,13.10019588470459,13.18873655954356,13.08094816730598,13.111745689949121,1964000
2005-08-09,13.24648666381836,13.27728419921058,13.127148416934478,13.165645336174753,987800
2005-08-10,13.238774299621582,13.39660784248585,13.207978262931563,13.304218263909918,894400
2005-08-11,13.29652214050293,13.319618806544398,13.192582737797625,13.261875672934496,622800
2005-08-12,13.261878967285156,13.296525443460036,13.10789430239533,13.242631251300578,3755200
2005-08-15,13.358121871948242,13.365821253689674,13.207987599257581,13.242634082840574,1009200
2005-08-16,13.080947875976562,13.350420319075724,13.077098919985243,13.350420319075724,2064400
2005-08-17,13.157939910888672,13.204134724259445,13.069399240050256,13.084798000676061,1123200
2005-08-18,13.104046821594238,13.15024163885824,13.057850535823471,13.107895777821753,3631800
2005-08-19,13.038599967956543,13.165637523300683,13.038599967956543,13.165637523300683,1311200
2005-08-22,13.030906677246094,13.123297803256756,12.93851701974256,13.08865131456615,1322200
2005-08-23,12.988558769226074,13.038602541658214,12.942362484433236,12.99240772537211,867000
2005-08-24,12.89616870880127,13.050153400189696,12.884620370924535,12.984709392372217,735400
2005-08-25,12.930817604064941,12.953915752635798,12.876923392573403,12.876923392573403,1162400
2005-08-26,12.87691593170166,12.911562400230254,12.842269463173068,12.896163643438374,369000
2005-08-29,12.91541862487793,12.926968433226017,12.749885567457298,12.749885567457298,1277200
2005-08-30,12.784527778625488,12.861520111658741,12.707535445592237,12.857671155835053,3321600
2005-08-31,12.89616870880127,12.89616870880127,12.730635679536109,12.788380305933481,2887400
2005-09-01,12.76913070678711,12.915416012043018,12.726786313100876,12.915416012043018,4040800
2005-09-02,12.722938537597656,12.819178619528815,12.688292049362156,12.780683174159195,3259200
2005-09-06,12.942360877990723,12.942360877990723,12.684438261525099,12.684438261525099,2708200
2005-09-07,13.034759521484375,13.050158290094519,12.915421267516862,12.973165915551201,4411000
2005-09-08,12.911568641662598,12.953914509057057,12.892320920621566,12.91541759846801,7672800
2005-09-09,13.019357681274414,13.034756446251595,12.915418220439024,12.915418220439024,3657400
2005-09-12,13.053997039794922,13.06939579636327,12.977004725459432,12.99240348202778,2633600
2005-09-13,12.865370750427246,13.011656055475637,12.865370750427246,13.011656055475637,1865400
2005-09-14,12.7460355758667,12.896169855642917,12.73063681165709,12.876922134634398,3661000
2005-09-15,12.76913070678711,12.811476568980146,12.722935888261434,12.761432794121832,1929000
2005-09-16,12.780316352844238,12.83045077672233,12.74560813187074,12.784173639132227,1943200
2005-09-19,12.626052856445312,12.807305507220988,12.572061171426457,12.764884204553384,2626200
2005-09-20,12.406233787536621,12.649191231810907,12.386951777605692,12.610627211949046,7039000
2005-09-21,12.20955753326416,12.356103487977235,12.205700983344165,12.340677288297254,8556800
2005-09-22,12.406233787536621,12.437086180324558,12.186416373414817,12.194129471611802,7693800
2005-09-23,12.452515602111816,12.506505832351946,12.35995987089771,12.417807386796957,888000
2005-09-26,12.437091827392578,12.602919836114376,12.383101586622452,12.548929595344251,1394600
2005-09-27,12.43323802947998,12.471802073109133,12.367677389961662,12.437093845393308,1507400
2005-09-28,12.321399688720703,12.464088409074039,12.305973483513883,12.425524367180888,4200400
2005-09-29,12.444805145263672,12.452518247096773,12.248125461890833,12.340680477202426,3989800
2005-09-30,12.529642105102539,12.545066830641249,12.433230582650951,12.456368406520559,3487800
2005-10-03,12.494937896728516,12.591349450033137,12.483367509967943,12.572065962473369,937800
2005-10-04,12.410094261169434,12.55278293667213,12.39081224628368,12.518074721428402,1184800
2005-10-05,12.201847076416016,12.417809505344364,12.197990525660668,12.417809505344364,2793400
2005-10-06,12.213415145874023,12.352247277265212,12.113147045914873,12.224984796640685,2597800
2005-10-07,12.224984169006348,12.298256413414803,12.190275954050044,12.263548198458498,3912600
2005-10-10,12.132424354553223,12.263544070123878,12.113142346318142,12.263544070123878,2495400
2005-10-11,12.086151123046875,12.209557780741322,12.059156008621427,12.109289687474158,3681400
2005-10-12,11.95117473602295,12.117002707034693,11.897184507530454,12.070724842925628,4074600
2005-10-13,11.985883712768555,12.012878828732259,11.85862049782413,11.85862049782413,3636000
2005-10-14,12.105437278747559,12.11315038138254,11.970461660445142,12.012882253813636,5346800
2005-10-17,12.12857723236084,12.167141276464939,12.039878018460236,12.151715805935698,3444000
2005-10-18,12.001307487487793,12.14785268833489,11.970455827543057,12.14785268833489,3990400
2005-10-19,12.228839874267578,12.228839874267578,11.889471563412782,11.93574942812838,4007600
2005-10-20,12.0784330368042,12.286682237364946,12.020586281835568,12.263542946928375,3083800
2005-10-21,12.063010215759277,12.201842310920915,12.016732360331027,12.201842310920915,3304600
2005-10-24,12.271258354187012,12.275114903319222,12.078435310945704,12.10928696844185,2881000
2005-10-25,12.182562828063965,12.298256387298151,12.117002948348137,12.298256387298151,2121400
2005-10-26,12.10929012298584,12.224984420406617,12.10929012298584,12.128572873670167,2617800
2005-10-27,11.866339683532715,12.14400482155903,11.854770026945824,12.14400482155903,4210000
2005-10-28,12.074584007263184,12.093866761301063,11.928038754384568,11.955033874475745,1877200
2005-10-31,12.27511978149414,12.33296657034274,12.213416441980725,12.221129543310358,3836400
2005-11-01,12.282835960388184,12.321400741137245,12.248127731270229,12.294404879719492,2513000
2005-11-02,12.498795509338379,12.51422171315561,12.298259273085684,12.298259273085684,2417400
2005-11-03,12.502650260925293,12.622201123651026,12.44480420821824,12.591350189765327,6520800
2005-11-04,12.548931121826172,12.57206895861435,12.471801566576458,12.57206895861435,1793600
2005-11-07,12.649195671081543,12.664621872889379,12.548928301577757,12.591349620987518,6092200
2005-11-08,12.506508827209473,12.64534172171438,12.47951370562505,12.64534172171438,2753400
2005-11-09,12.502650260925293,12.548928868439305,12.467943511975246,12.4949386307966,2485000
2005-11-10,12.691612243652344,12.714751537709681,12.475649912486265,12.475649912486265,1672000
2005-11-11,12.730180740356445,12.753320042552833,12.687760893015046,12.691616707819339,1682400
2005-11-14,12.737894058227539,12.803454680006459,12.714756226760269,12.803454680006459,2326800
2005-11-15,12.548931121826172,12.784175603332038,12.537360732308175,12.761036295419952,2862400
2005-11-16,12.541213035583496,12.587490161894237,12.49107862392492,12.548926135155838,2085000
2005-11-17,12.70704460144043,12.726326620276707,12.568211712021249,12.572067527339009,1882000
2005-11-18,12.791884422302246,13.061837070759976,12.707043254193048,13.061837070759976,1674000
2005-11-21,12.83816146850586,12.865156582960191,12.471797309466988,12.764887754024043,1563800
2005-11-22,12.896012306213379,12.91143851195755,12.780318705379992,12.822740035614489,1177000
2005-11-23,12.988566398620605,13.030987723397745,12.919149952825968,12.919149952825968,1616000
2005-11-25,12.988566398620605,13.027130436895954,12.946145073843464,13.027130436895954,163600
2005-11-28,12.869011878967285,13.216094009574059,12.85358715070292,13.216094009574059,982600
2005-11-29,12.84973430633545,12.957714797122248,12.822739183638749,12.861303224312934,1621200
2005-11-30,12.76488971710205,12.884440578873354,12.757178087034923,12.822737240470921,3407600
2005-12-01,12.9114351272583,12.923004042971693,12.815023573317193,12.82273667416731,2295400
2005-12-02,12.953856468200684,12.976995770790024,12.888295846426,12.888295846426,2030400
2005-12-05,12.876729965209961,12.91915129439227,12.826595533346879,12.899869273252289,8981200
2005-12-06,12.915294647216797,13.003993115650053,12.907581545032537,12.930719380461497,1379400
2005-12-07,12.903726577758789,12.95386101540598,12.849736323888314,12.934578992041395,2025200
2005-12-08,12.84973430633545,12.92300657206594,12.79188677420032,12.880586715773878,1047600
2005-12-09,12.869011878967285,12.888293892640252,12.776457624887708,12.84972986529432,1424800
2005-12-12,12.884434700012207,12.946138010260887,12.872865789066504,12.896003610957909,1043400
2005-12-13,12.942285537719727,12.98470537917793,12.818878885367969,12.85744291255664,1619800
2005-12-14,13.007843971252441,13.050265281528592,12.942284834369849,12.942284834369849,2103200
2005-12-15,12.980852127075195,13.061837482830338,12.934574991089917,13.000134144475425,938600
2005-12-16,12.950228691101074,13.019999571889477,12.919220232214675,13.019999571889477,1284600
2005-12-19,12.810689926147461,12.965736692752962,12.78355696378683,12.919223254225532,791000
2005-12-20,12.783550262451172,12.810683210588289,12.702151418039822,12.810683210588289,1893800
2005-12-21,12.795181274414062,13.136283175678548,12.74479234659719,13.136283175678548,4973400
2005-12-22,12.799059867858887,12.799059867858887,12.740916970118773,12.760297443153707,1469400
2005-12-23,12.822319030761719,12.841699506378355,12.791309086866695,12.830070038099965,2263400
2005-12-27,12.713786125183105,12.884337864961097,12.713786125183105,12.884337864961097,1263800
2005-12-28,12.737041473388672,12.775802419478087,12.729288988443727,12.752546443278563,1280600
2005-12-29,12.733170509338379,12.79518893957275,12.733170509338379,12.756427975164772,1050400
2005-12-30,12.655641555786133,12.744792907348268,12.647889071480487,12.663392561456588,1643800
2006-01-03,12.791304588317871,12.806809554812471,12.500593120401556,12.597496943040326,3390600
2006-01-04,12.802937507629395,12.810689993864203,12.721538620117233,12.79130951759496,6706800
2006-01-05,12.814565658569336,12.857202110523117,12.77192772798015,12.830069150809162,1272600
2006-01-06,12.919219970703125,12.934723460514899,12.814563651638979,12.872705065362277,644200
2006-01-09,13.051007270812988,13.051007270812988,12.926970485219673,12.930847466501719,1304400
2006-01-10,13.054887771606445,13.082020733355154,12.99674486578177,13.012249837819752,1055000
2006-01-11,13.120780944824219,13.229314264333478,13.047134549750616,13.175048343896565,1810800
2006-01-12,13.004497528076172,13.093648900549736,12.992869538207827,13.093648900549736,637400
2006-01-13,13.008370399475098,13.03937885553639,12.965732478585133,13.027750869342789,841600
2006-01-17,12.938600540161133,12.98511396721989,12.907590603031839,12.961856514372919,487800
2006-01-18,12.895962715148926,12.97736158278684,12.841696803390318,12.853324790585678,2426200
2006-01-19,12.99286937713623,13.047135300696493,12.930850967548,12.946355939603938,1305400
2006-01-20,12.771927833557129,12.99286849513164,12.756422862553727,12.99286849513164,1931600
2006-01-23,12.764174461364746,12.818440377471537,12.737041503311351,12.79130741941814,1580800
2006-01-24,12.89208984375,12.895966826474595,12.80681544607262,12.83007142787751,1427000
2006-01-25,12.84557819366455,12.923101593979816,12.795187761664248,12.89209164239936,2520200
2006-01-26,12.899839401245117,12.926972359613202,12.84945046635315,12.899839401245117,684000
2006-01-27,12.957982063293457,13.023875967088756,12.895963662636284,12.903716147547843,582600
2006-01-30,12.926974296569824,13.004497680081188,12.802937474405866,12.802937474405866,1155000
2006-01-31,12.88045883178711,12.92697226312302,12.841697885446404,12.888211316782314,1842800
2006-02-01,12.92309856414795,12.942479040024027,12.853327668085647,12.85720317180665,1677800
2006-02-02,12.907593727111816,12.957984147825536,12.84945229887495,12.899841240953126,1506000
2006-02-03,12.84557819366455,12.880463649874626,12.802940249559363,12.837825705769438,1234200
2006-02-06,12.841696739196777,12.857200229168026,12.795181833377464,12.837819757727573,1594200
2006-02-07,12.764174461364746,12.861078305451247,12.733164521512114,12.806812389344458,3758200
2006-02-08,12.85332202911377,12.868826994466549,12.744790228914066,12.744790228914066,1179600
2006-02-09,12.849452018737793,12.92309841768644,12.845575036425199,12.853327522414874,958000
2006-02-10,12.895962715148926,12.919220168174844,12.79905887882707,12.837819821901734,907400
2006-02-13,12.864952087402344,12.892085041825597,12.810686178555835,12.892085041825597,598800
2006-02-14,13.008370399475098,13.012245901994607,12.833943213395733,12.872704153131115,869800
2006-02-15,13.066513061523438,13.074265545940616,12.946353249645206,12.992866677513062,1203000
2006-02-16,13.10915470123291,13.113031683857724,13.04713628695658,13.054888773570575,1427000
2006-02-17,13.031623840332031,13.082014235107222,13.02774833856538,13.078138733340568,1476600
2006-02-21,12.961862564086914,13.097528884394592,12.930854091120164,13.070395916060232,620400
2006-02-22,13.058762550354004,13.074267521531244,12.977363669626651,12.977363669626651,583600
2006-02-23,12.988994598388672,13.089775455214228,12.988994598388672,13.000624068721326,1051400
2006-02-24,12.965730667114258,12.981235632296206,12.88820731983938,12.977358651683288,793800
2006-02-27,13.082015037536621,13.116900470115446,13.016121153018213,13.016121153018213,1466000
2006-02-28,12.97348690032959,13.066513761045542,12.954104948931416,13.062638257947082,1397000
2006-03-01,13.070390701293945,13.074266204380105,12.930848932027631,12.992867331853184,3806600
2006-03-02,12.98511791229248,13.008375372205414,12.930851984464601,12.99674590293113,1945600
2006-03-03,12.977360725402832,13.054884085065568,12.91146683080232,12.950227771316138,1759400
2006-03-06,12.895962715148926,12.98511406712881,12.880457746464982,12.950228626907535,814000
2006-03-07,12.837821006774902,12.884335917119854,12.80681254518027,12.849450473678807,5432400
2006-03-08,12.861078262329102,12.895963705228686,12.802935364618023,12.802935364618023,1037000
2006-03-09,12.810689926147461,12.911470768031702,12.7951849537598,12.864955850868721,1013800
2006-03-10,12.930849075317383,12.938601560210895,12.822317244078821,12.833945232101437,1587800
2006-03-13,12.926974296569824,12.985117203862236,12.89984133413618,12.942479268999207,881000
2006-03-14,13.066513061523438,13.070390043049633,12.888210355833975,12.91146780908551,743600
2006-03-15,13.140162467956543,13.144037971302843,13.027753648653794,13.074267081986337,3434600
2006-03-16,13.16729736328125,13.206058316984848,13.140164399961611,13.147915407793848,1574400
2006-03-17,13.189393997192383,13.216532549288114,13.150623580669787,13.150623580669787,3307400
2006-03-20,13.158373832702637,13.216528701083721,13.135113068501994,13.17775977478949,642200
2006-03-21,13.084711074829102,13.181634860568577,13.06144883383337,13.092465155161012,1032400
2006-03-22,13.127363204956055,13.135117288494046,13.057577932054345,13.069208317891226,755800
2006-03-23,13.119609832763672,13.131240219231152,13.06533272399504,13.07696311046252,609000
2006-03-24,13.100218772888184,13.131233614181003,13.045941691421087,13.107972852946276,530200
2006-03-27,13.096345901489258,13.131238535357564,13.053699184656873,13.053699184656873,1775600
2006-03-28,13.026556968688965,13.150619303328693,13.018804366846208,13.057573291818741,3976400
2006-03-29,13.142870903015137,13.150623507336254,13.026561133036113,13.100224184548182,1277200
2006-03-30,13.088591575622559,13.185515392464652,13.045946338521702,13.135116072543617,1177000
2006-03-31,13.049821853637695,13.107976731812599,13.026559606579736,13.092468567107293,734400
2006-04-03,13.003296852111816,13.11185103058653,12.991664990889698,13.10797472947233,1430000
2006-04-04,13.076960563659668,13.080838344353806,12.964528586569731,12.991667135668681,2144200
2006-04-05,13.162253379821777,13.173883763483559,13.076959955795536,13.076959955795536,1163400
2006-04-06,13.189393997192383,13.208778465983595,13.115732424209705,13.115732424209705,660400
2006-04-07,13.131234169006348,13.290189119564586,13.1079734067888,13.220403875032714,948400
2006-04-10,13.111852645874023,13.158375659674528,13.080837796320337,13.104098563750616,756600
2006-04-11,13.007177352905273,13.173886454497337,12.99166918556177,13.173886454497337,1756000
2006-04-12,12.9955472946167,13.01880954621863,12.960654656683941,13.007177680947526,1208000
2006-04-13,13.026556968688965,13.325082423584464,12.964525801369101,13.325082423584464,644400
2006-04-17,12.960657119750977,13.04595057956044,12.906380001305156,13.04595057956044,1054200
2006-04-18,13.150622367858887,13.158376450448289,12.980036987712143,12.983914768476861,747400
2006-04-19,13.10409927368164,13.154500070744346,13.06145255916243,13.142869686399115,2808800
2006-04-20,13.154501914978027,13.193270854190803,13.07308625526706,13.115732975765253,1189600
2006-04-21,13.053695678710938,13.181635794846091,13.014926753243156,13.181635794846091,2525200
2006-04-24,13.049821853637695,13.065330018343001,12.980036591403804,13.053698155344028,465800
2006-04-25,13.030438423156738,13.073085140016786,12.98779170629669,13.026560642202131,1138800
2006-04-26,13.119609832763672,13.15062468965705,13.049824556078203,13.053700858587266,1635800
2006-04-27,13.224285125732422,13.274685921998719,13.061452352772076,13.10022276487692,4334000
2006-04-28,13.216530799865723,13.27468567748179,13.181638169084078,13.216530799865723,1483600
2006-05-01,13.142870903015137,13.297948131420233,13.142870903015137,13.212656173426486,1233000
2006-05-02,13.154501914978027,13.216533105082606,13.127363361741038,13.158378217323213,3660000
2006-05-03,13.189393997192383,13.189393997192383,13.127362809696399,13.166131747278826,1262200
2006-05-04,13.263051986694336,13.26692976676896,13.201020815958259,13.201020815958259,2259800
2006-05-05,13.418133735656738,13.4375182036639,13.313455833689932,13.352224769704257,3301200
2006-05-08,13.437517166137695,13.476286099158626,13.41813269962723,13.41813269962723,1950400
2006-05-09,13.476285934448242,13.476285934448244,13.433640700222439,13.441393303579874,1222400
2006-05-10,13.484040260314941,13.4995484251899,13.445271327067552,13.464655793691247,614600
2006-05-11,13.348344802856445,13.453022676083673,13.325082560270495,13.44526859522169,1554000
2006-05-12,13.216530799865723,13.317330911601601,13.181638169084078,13.278561979150872,1811600
2006-05-15,13.251425743103027,13.259179826734304,13.138993748859875,13.201024938969852,2416600
2006-05-16,13.158373832702637,13.216528701083721,13.135113068501994,13.216528701083721,1280000
2006-05-17,12.976166725158691,13.111859536276283,12.964534856390953,13.111859536276283,1375800
2006-05-18,12.968404769897461,13.084713034415412,12.964526989680962,13.007173698423504,1421800
2006-05-19,13.057576179504395,13.092468811272061,12.949021982422773,12.999421300244945,1997000
2006-05-22,12.964531898498535,13.061455735452162,12.85210137162702,12.97616376461243,3256800
2006-05-23,12.86760425567627,13.014928858374693,12.86760425567627,12.995544392505414,1224400
2006-05-24,12.886994361877441,12.937393693624232,12.778438655863411,12.79782312799221,2467200
2006-05-25,13.011056900024414,13.011056900024414,12.910255277551453,12.933517531723776,2237800
2006-05-26,13.053695678710938,13.076957921355431,13.03818899588765,13.05757345862154,1078400
2006-05-30,12.855973243713379,12.976159292533724,12.855973243713379,12.956773348671826,1625800
2006-05-31,12.9955472946167,13.003301378484009,12.883115296951113,12.883115296951113,1071000
2006-06-01,13.19714641571045,13.212654580363173,12.972282465065922,13.026559562410467,2394600
2006-06-02,13.170011520385742,13.239796801741376,13.05370173216609,13.239796801741376,902400
2006-06-05,12.960657119750977,13.127366257229168,12.952903034410065,13.104104001206435,1536800
2006-06-06,12.894742965698242,12.956774144623298,12.813327320660349,12.956774144623298,5799400
2006-06-07,12.898618698120117,13.007172874266715,12.883110536116394,12.883110536116394,1816400
2006-06-08,12.879239082336426,12.910253939076943,12.681513639722024,12.821084192405065,3948200
2006-06-09,12.848223686218262,12.925763052150268,12.84434738344484,12.921886749376844,1102000
2006-06-12,12.677632331848145,12.840463593062449,12.669878250989411,12.824956910284683,1666800
2006-06-13,12.576834678649902,12.735789688436132,12.565204293207547,12.662128115734275,7052600
2006-06-14,12.634986877441406,12.650495040694162,12.56520162174386,12.584586086339879,2324800
2006-06-15,12.91025161743164,12.945144249327674,12.689265441736778,12.689265441736778,2283800
2006-06-16,12.879563331604004,12.941727074377365,12.844596133662707,12.895103155721943,670200
2006-06-19,12.809621810913086,12.953375108225963,12.786309864551654,12.953375108225963,1101000
2006-06-20,12.763002395629883,12.840707428661618,12.755233226216918,12.817396956222261,705200
2006-06-21,12.887333869934082,12.941728447469902,12.751351131346267,12.801859640864896,597600
2006-06-22,12.7863130569458,12.875673317159208,12.766887171177684,12.844592196350236,1137600
2006-06-23,12.77466106414795,12.852366109042249,12.724152562651586,12.763004344048507,382600
2006-06-26,12.840703964233398,12.840703964233398,12.770769601583185,12.770769601583185,595200
2006-06-27,12.677528381347656,12.848478270874562,12.661987078090595,12.840707619246032,784200
2006-06-28,12.689179420471191,12.716375951124975,12.627015710105432,12.658098306338193,757800
2006-06-29,12.965030670166016,12.968916735708298,12.689179300653914,12.689179300653914,1267000
2006-06-30,12.972803115844727,13.015540950130402,12.953377231742136,13.007770300069375,1168600
2006-07-03,12.992232322692871,13.019428863811967,12.933954655480662,13.019428863811967,574400
2006-07-05,12.87179183959961,12.895102315307568,12.813512686128837,12.840709229188413,1193000
2006-07-06,12.879563331604004,12.930070353663242,12.84071006605782,12.86790661088988,612000
2006-07-07,12.782432556152344,12.937841174044742,12.75523601096866,12.79408779491662,635600
2006-07-10,12.79796314239502,12.871783553550427,12.759111386491792,12.80573378999556,557000
2006-07-11,12.7863130569458,12.797968291986656,12.658101025196158,12.797968291986656,861000
2006-07-12,12.584280967712402,12.805739332835767,12.568739665784417,12.805739332835767,1369200
2006-07-13,12.35505199432373,12.533772520812846,12.347282084382947,12.529887936367489,1182400
2006-07-14,12.195760726928711,12.320088212964068,12.149138290190587,12.320088212964068,3050800
2006-07-17,12.281230926513672,12.300656809608688,12.195755262375748,12.195755262375748,1093400
2006-07-18,12.207413673400879,12.26569207536794,12.09474145402115,12.261806749763458,2986400
2006-07-19,12.452181816101074,12.467723116719297,12.230723469641399,12.230723469641399,2757400
2006-07-20,12.289000511169434,12.448295860759098,12.277345278039645,12.409443354543324,1637600
2006-07-21,12.176332473754883,12.277348721830943,12.1530212599066,12.277348721830943,3437800
2006-07-24,12.440526962280273,12.459952847597348,12.23460916908918,12.23460916908918,2732800
2006-07-25,12.553197860717773,12.584278977558263,12.393902505348098,12.428869688106081,3181200
2006-07-26,12.409441947937012,12.510458156227902,12.401671299364674,12.494916859083224,4408000
2006-07-27,12.382244110107422,12.545424007628268,12.358932166854618,12.494915538296949,1529400
2006-07-28,12.533770561218262,12.553197926708073,12.43275507833078,12.43275507833078,5324800
2006-07-31,12.54154109954834,12.564853048669022,12.479377383993077,12.479377383993077,845000
2006-08-01,12.424983024597168,12.533769144968334,12.362819315513681,12.522113912671347,2523600
2006-08-02,12.52600383758545,12.549314309361666,12.448298806764287,12.459954042652393,1246800
2006-08-03,12.60370922088623,12.642562483002338,12.397792119022279,12.448300618723016,1043800
2006-08-04,12.607592582702637,12.821280291134867,12.553199509512623,12.751345916433397,4625600
2006-08-07,12.580398559570312,12.623136406215455,12.522119408308685,12.6114796867029,1541000
2006-08-08,12.452181816101074,12.623133158701526,12.421099955914627,12.623133158701526,3060600
2006-08-09,12.281230926513672,12.510459904074569,12.2695749520267,12.510459904074569,4976000
2006-08-10,12.448295593261719,12.459950826141052,12.26180371564345,12.296770896381256,5159600
2006-08-11,12.444409370422363,12.463836734442333,12.393901632799949,12.428868813096194,2764800
2006-08-14,12.47938060760498,12.59982348602421,12.46384078627691,12.564856294360581,3873800
2006-08-15,12.65421199798584,12.669753295804057,12.553196526366891,12.59981893772181,4862800
2006-08-16,12.782432556152344,12.797972380471196,12.64644834813337,12.658105068998204,5026200
2006-08-17,12.860133171081543,12.902871012871094,12.778543554265246,12.79408485711603,4186200
2006-08-18,12.85625171661377,12.902874154417376,12.76689142661495,12.902874154417376,7009600
2006-08-21,12.716373443603516,12.735799321368553,12.677521688073444,12.685292335599353,1106000
2006-08-22,12.704723358154297,12.747461195803789,12.661985520504807,12.677526821850089,831400
2006-08-23,12.59205150604248,12.708608305259544,12.553199733670164,12.66198588199274,2821600
2006-08-24,12.52600383758545,12.59982280171045,12.494921232416909,12.560971027349963,561200
2006-08-25,12.52600383758545,12.54154365806953,12.463840109348556,12.475495345236665,1276400
2006-08-28,12.65032958984375,12.696952009215536,12.5182314998737,12.5182314998737,5019400
2006-08-29,12.743577003479004,12.743577003479004,12.619249538633378,12.677528686198642,2389600
2006-08-30,12.751349449157715,12.766890754974847,12.693070293393724,12.712497666715386,1550200
2006-08-31,12.790197372436523,12.805738673564406,12.724149065793103,12.766886902844751,894000
2006-09-01,12.895101547241211,12.918413503661087,12.817397990042329,12.817397990042329,2298800
2006-09-05,12.933953285217285,12.941723936442399,12.8873293778666,12.895100029091715,1703600
2006-09-06,12.77466106414795,12.89121789043917,12.774661064147951,12.879562652440185,2578800
2006-09-07,12.81739616394043,12.887329059035975,12.712494598146902,12.712494598146902,2309600
2006-09-08,12.933953285217285,12.933953285217285,12.782429291578,12.790198460702937,706000
2006-09-11,13.0349702835083,13.0660528919774,12.883446272472312,12.933954770184423,1651200
2006-09-12,13.338018417358398,13.357444304605634,13.034968944320793,13.034968944320793,4548200
2006-09-13,13.392411231994629,13.41572170339434,13.310820135795145,13.353557976161502,4447200
2006-09-14,13.357438087463379,13.392405261073211,13.252536566633882,13.392405261073211,2214600
2006-09-15,13.414278030395508,13.453206020573251,13.34420913302656,13.418171571888777,5961000
2006-09-18,13.344208717346191,13.398706416946405,13.29360455911796,13.37924316493932,3872400
2006-09-19,13.371452331542969,13.371452331542969,13.278028164508896,13.351989087156733,3437400
2006-09-20,13.468772888183594,13.503807329471641,13.410383142670629,13.410383142670629,3207800
2006-09-21,13.394817352294922,13.53495517396761,13.351997297344791,13.519383974903695,5654200
2006-09-22,13.383130073547363,13.394807721973908,13.285812376792263,13.394807721973908,5794200
2006-09-25,13.58945083618164,13.636162941377002,13.379244135375943,13.414278585510226,4442000
2006-09-26,13.706233024597168,13.710126566587602,13.538846357836752,13.55831109788657,3895000
2006-09-27,13.682876586914062,13.784086396072233,13.655627735027206,13.663411848465403,6056000
2006-09-28,13.678979873657227,13.741263161379285,13.573876547197992,13.690657526058015,2887200
2006-09-29,13.605022430419922,13.717911382478988,13.597236831834701,13.710125783893767,2456400
2006-10-02,13.63615608215332,13.729581730500366,13.589444000454948,13.597229594896394,3643200
2006-10-03,13.752945899963379,13.791872408126123,13.61280809465574,13.651734602818484,4671200
2006-10-04,13.951471328735352,13.963148982403753,13.729586999330465,13.760727904096496,5966400
2006-10-05,13.990402221679688,14.017651078758325,13.823015536795857,13.924226850189092,3200600
2006-10-06,13.963143348693848,14.017641023759378,13.91253921324744,13.974822482600942,3194600
2006-10-09,14.060470581054688,14.09550503662427,13.92033275877636,13.978724013042756,2211000
2006-10-10,14.14610767364502,14.14610767364502,14.06436112307145,14.107181169072167,5808000
2006-10-11,14.111072540283203,14.146106986677804,14.033218049967324,14.091609288941955,914200
2006-10-12,14.297922134399414,14.31738538534362,14.181141143783323,14.204497935886886,3796800
2006-10-13,14.258997917175293,14.258997917175293,14.200606670036011,14.22785552271405,2385000
2006-10-16,14.247314453125,14.274563297533795,14.200602360560017,14.212280012463602,1262800
2006-10-17,14.196711540222168,14.200603596211808,14.099393806022565,14.165569152501922,4380200
2006-10-18,14.208394050598145,14.309603875388223,14.165573995319205,14.301819760747767,5154400
2006-10-19,14.200608253479004,14.270677163878755,14.138324942562697,14.212285910228541,3883400
2006-10-20,14.181136131286621,14.243419403263808,14.134424048541318,14.243419403263808,5857600
2006-10-23,14.367992401123047,14.367992401123047,14.150000108808586,14.153893650340649,3074000
2006-10-24,14.422484397888184,14.422484397888185,14.305703442288161,14.329060227388332,2467400
2006-10-25,14.371886253356934,14.449740759264472,14.321282086725546,14.44584870219713,1450600
2006-10-26,14.57041072845459,14.578196325088248,14.418595306475055,14.43805855558384,2906400
2006-10-27,14.42638111114502,14.531484439788972,14.403024320907226,14.531484439788972,4738400
2006-10-30,14.515912055969238,14.535375303762676,14.387451947621425,14.422486387629863,2921200
2006-10-31,14.484776496887207,14.5859878090257,14.434172325769284,14.56263100969728,1755000
2006-11-01,14.371886253356934,14.512024067000263,14.356316540136378,14.508132009932922,4317600
2006-11-02,14.356311798095703,14.371881506173422,14.24342287606573,14.286242914418528,3902800
2006-11-03,14.247314453125,14.403023408275809,14.181139112403828,14.375774563867015,8386200
2006-11-06,14.422484397888184,14.453626778021746,14.258991357038234,14.332952282429819,3559600
2006-11-07,14.46141529083252,14.508127385507215,14.387452865567644,14.422487307811343,4232800
2006-11-08,14.531484603881836,14.550947853491076,14.391346830774097,14.441950982767967,1692200
2006-11-09,14.484776496887207,14.554845409921143,14.457527640146381,14.554845409921143,2199600
2006-11-10,14.531484603881836,14.531484603881836,14.430273329992577,14.476985426044902,1572200
2006-11-13,14.550949096679688,14.628803586719053,14.500343455411466,14.500343455411466,3735000
2006-11-14,14.71054458618164,14.718330180744982,14.484766798695766,14.593763637632197,3204600
2006-11-15,14.765049934387207,14.811762041086292,14.71055222907976,14.745586680341846,1675600
2006-11-16,14.86236572265625,14.881828974125813,14.768940036671085,14.803974483296658,1965400
2006-11-17,14.835116386413574,14.835116386413574,14.749476300818891,14.815653135583197,9265800
2006-11-20,14.776726722717285,14.850689162681034,14.772834666117042,14.823440311626289,10451800
2006-11-21,14.819551467895508,14.827337068515055,14.765053748510155,14.772839349129702,1922600
2006-11-22,14.850687026977539,14.874042333122262,14.776724597650459,14.81175904181834,3699400
2006-11-24,14.772831916809082,14.831221664652155,14.733903933296299,14.827329608776244,789600
2006-11-27,14.558733940124512,14.772832662930588,14.547054802005439,14.75726146873903,2921200
2006-11-28,14.550949096679688,14.562626750452782,14.45752341164227,14.500343455411466,3602200
2006-11-29,14.652156829833984,14.691084811844311,14.597659139970203,14.64826477410829,1983200
2006-11-30,14.667720794677734,14.718326403878386,14.543154283529937,14.644364016981292,2804800
2006-12-01,14.648271560668945,14.765052590903354,14.539274645492313,14.652163618197834,2886800
2006-12-04,14.803962707519531,14.850676255829384,14.64046974328421,14.687181806644341,3589000
2006-12-05,14.928533554077148,14.944104741388845,14.788397323122355,14.788397323122355,3834000
2006-12-06,14.916863441467285,14.95578994446047,14.901292246289648,14.909077843878466,1986600
2006-12-07,14.846789360046387,14.96746385307813,14.835111710219257,14.924643823778144,1197000
2006-12-08,14.877933502197266,14.932431187781049,14.807864625032243,14.870147906406647,667800
2006-12-11,14.93243408203125,14.948005276630548,14.842901940511561,14.874042844759309,1249000
2006-12-12,14.850687026977539,14.905184721249622,14.815652582809658,14.901291180258303,2017200
2006-12-13,14.928533554077148,14.95578238939754,14.870143829083524,14.909070312412608,3448400
2006-12-14,15.084243774414062,15.09202936874973,14.909071614237263,14.947999585915598,1317800
2006-12-15,15.020960807800293,15.149878549594836,15.009239929267757,15.087372661700348,1936400
2006-12-18,15.009242057800293,15.067841987999554,14.981895821109473,15.020962937995023,3305600
2006-12-19,15.017054557800293,15.036588860170996,14.892042771969587,14.938923309349631,2136600
2006-12-20,15.013151168823242,15.079563039458991,14.993618353357332,14.993618353357332,3561200
2006-12-21,14.946735382080078,15.071748659340539,14.938923449368223,15.044400933816837,5625000
2006-12-22,14.935019493103027,14.981898551651552,14.895953859355659,14.931113525831652,1196000
2006-12-26,14.98189926147461,14.989712686645953,14.884233682220515,14.923300808077236,990000
2006-12-27,15.079561233520508,15.083468690300705,15.001429981013924,15.02096279414057,612600
2006-12-28,15.063939094543457,15.103004729140421,15.040498819630217,15.08347191184194,391000
2006-12-29,14.985800743103027,15.110812515474988,14.977987321047546,15.044399173132328,1328600
2007-01-03,15.048307418823242,15.169413231650417,14.938922484823186,15.067840229857831,4006400
2007-01-04,15.044403076171875,15.091283620667207,14.962364358692442,15.02487026109462,2673200
2007-01-05,14.942831993103027,15.0404975616854,14.923299177438215,15.001431930355775,2029800
2007-01-08,14.966277122497559,14.985809944500621,14.856890636814578,14.942836841938608,6240200
2007-01-09,15.048307418823242,15.063934263754096,14.958455295857775,15.04439996246155,2286600
2007-01-10,15.126446723937988,15.134260149797457,14.966275219465361,15.00924682630454,2033000
2007-01-11,15.29442024230957,15.30223217208155,15.106901142117227,15.11862201729018,1412800
2007-01-12,15.33740234375,15.341309801575324,15.24364421956142,15.298336707047843,1654800
2007-01-16,15.39209270477295,15.403812094978157,15.310052502562009,15.310052502562009,1778600
2007-01-17,15.39209270477295,15.442877722500956,15.380371824309579,15.384279281216758,1676400
2007-01-18,15.478035926818848,15.501476195281587,15.415530034509567,15.42725091386995,2024600
2007-01-19,15.474130630493164,15.517103712739702,15.431157548246626,15.44678439456502,1963000
2007-01-22,15.376466751098633,15.505384521621073,15.356933936202294,15.501478554745105,4308000
2007-01-23,15.43116569519043,15.501485050490489,15.38428662174335,15.415538840621778,3004400
2007-01-24,15.489753723144531,15.489753723144531,15.415526966248743,15.46240749384326,1950600
2007-01-25,15.243639945983887,15.458503868125351,15.224107133108863,15.458503868125351,1849800
2007-01-26,15.169410705566406,15.28270158680445,15.126437634291625,15.259262813569265,2090800
2007-01-29,15.208479881286621,15.274891741342955,15.161600833584618,15.177226189313247,3368000
2007-01-30,15.251453399658203,15.267080246092684,15.19676092739562,15.228013130006481,2538400
2007-01-31,15.415536880493164,15.442883127381716,15.216299725982475,15.216299725982475,2298200
2007-02-01,15.470223426818848,15.481944306878397,15.399904107494008,15.41943841084055,2376600
2007-02-02,15.513191223144531,15.52491209920981,15.462406224472872,15.48584499608822,1215400
2007-02-05,15.462417602539062,15.493669817775766,15.415537044295956,15.48976384971819,1529600
2007-02-06,15.517106056213379,15.51710605621338,15.431159878740267,15.46241357609715,2747800
2007-02-07,15.591328620910645,15.610861433207969,15.501476492136502,15.532728693760614,1846000
2007-02-08,15.560075759887695,15.567887692269133,15.505381801411708,15.567887692269133,1925000
2007-02-09,15.415536880493164,15.622588951553364,15.341311566118335,15.575708393808403,2254400
2007-02-12,15.341301918029785,15.446780871232594,15.310048232521805,15.431154028478604,1739400
2007-02-13,15.474130630493164,15.478036596943719,15.35693226362139,15.376465076390337,1874000
2007-02-14,15.55616283416748,15.575695638769664,15.462404775974013,15.489751000468564,1983200
2007-02-15,15.60696029663086,15.60696029663086,15.497573831450259,15.552267809169816,2834400
2007-02-16,15.587417602539062,15.587417602539062,15.497564012629185,15.524911729291476,1662200
2007-02-20,15.700709342956543,15.708522763827496,15.528818554568538,15.56007223805235,1840200
2007-02-21,15.638211250305176,15.673370916596673,15.614772466283107,15.626491858294141,4133200
2007-02-22,15.603053092956543,15.673372432339994,15.53664121146025,15.657747071566979,2336800
2007-02-23,15.567893028259277,15.634306398328995,15.509294573765583,15.622587005481957,1592400
2007-02-26,15.43506908416748,15.579615229382394,15.384284050694957,15.567894345285282,1819200
2007-02-27,14.903765678405762,15.270987662944625,14.72015394100721,15.267081696094083,7062400
2007-02-28,14.95455265045166,15.34912241547203,14.798288621646071,15.34912241547203,10877600
2007-03-01,14.868606567382812,14.950645286612225,14.587329255443912,14.938925895367538,5320800
2007-03-02,14.759220123291016,14.895952812312611,14.747500732042248,14.813912602796336,3838600
2007-03-05,14.563888549804688,14.747500288558118,14.54435573489136,14.57951539783865,6012400
2007-03-06,14.813912391662598,14.849072055166094,14.626394683063381,14.692808043129217,2622400
2007-03-07,14.798286437988281,14.868605762164822,14.727967113811742,14.727967113811742,2607800
2007-03-08,14.915483474731445,15.017054994828072,14.813910464376736,14.821723887500797,1670200
2007-03-09,14.946735382080078,15.028775578135075,14.864696676283133,15.009241275581282,2513600
2007-03-12,14.927202224731445,14.970175304943554,14.888136601042993,14.91938880194215,818400
2007-03-13,14.653738021850586,14.87250938370832,14.618578365306629,14.841257183590347,1717800
2007-03-14,14.626394271850586,14.677180782207417,14.399810939176982,14.5990480332565,5315600
2007-03-15,14.657645225524902,14.727964537400254,14.634204958147134,14.645925836964995,1924400
2007-03-16,14.605989456176758,14.735142813741556,14.605989456176758,14.707746918433445,1925200
2007-03-19,14.821235656738281,14.821235656738281,14.715565191335301,14.742961072036422,2368000
2007-03-20,14.930821418762207,14.930821418762207,14.786012907288876,14.79775506600733,2645600
2007-03-21,15.165654182434082,15.185222469883005,14.879953005378821,14.926917193849166,3908400
2007-03-22,15.122594833374023,15.189128766088974,15.056062393622895,15.189128766088974,4584400
2007-03-23,15.130420684814453,15.173471784575824,15.06388825279317,15.06388825279317,2148400
2007-03-26,15.056060791015625,15.13042083216895,14.966045532894128,15.095197340472394,2417800
2007-03-27,14.962136268615723,15.009100443150034,14.926912764473943,14.997359772757504,3325800
2007-03-28,14.793842315673828,14.887772132033552,14.758618821159404,14.848634086482091,3322200
2007-03-29,14.844725608825684,14.919085678871971,14.74688270420277,14.919085678871971,6632600
2007-03-30,14.8838529586792,14.946472319150738,14.754701180878104,14.864284688462465,2737800
2007-04-02,14.934733390808105,14.946474055709574,14.83689053539323,14.90733751072902,2684800
2007-04-03,15.126503944396973,15.16955354071385,15.013005889560782,15.028661102565074,2689200
2007-04-04,15.083457946777344,15.130422108680433,15.067802728488383,15.106939281246994,3012800
2007-04-05,15.204777717590332,15.204777717590332,15.071711386905935,15.071711386905935,1554400
2007-04-09,15.193055152893066,15.236106295424271,15.157831626546185,15.236106295424271,1425400
2007-04-10,15.224347114562988,15.23608777808777,15.177381474537233,15.185209081208193,2728600
2007-04-11,15.106937408447266,15.236090703874428,15.09128368506268,15.204780271178048,1813600
2007-04-12,15.212608337402344,15.220435945812127,15.001268882192784,15.099111747869605,2247800
2007-04-13,15.224347114562988,15.240000834941592,15.130417327474795,15.22826017141681,2622000
2007-04-16,15.37699031829834,15.388730988394036,15.263492197492766,15.263492197492766,3262800
2007-04-17,15.43960952758789,15.43960952758789,15.357421851980678,15.357421851980678,1303000
2007-04-18,15.427868843078613,15.435696454786179,15.318285265101245,15.37307705408993,1650600
2007-04-19,15.306534767150879,15.361326520962985,15.271311283562621,15.294794103609233,3858400
2007-04-20,15.486568450927734,15.513964333510497,15.380897978266956,15.443517351736643,1360200
2007-04-23,15.455262184143066,15.498311797817298,15.412211077504947,15.4826580714648,1581000
2007-04-24,15.400465965270996,15.431776397903601,15.290882436984079,15.431776397903601,3504800
2007-04-25,15.557014465332031,15.568755130576404,15.423948118362851,15.478739880121303,6752400
2007-04-26,15.533534049987793,15.592240371237754,15.47874227973517,15.58832731320418,3765200
2007-04-27,15.431780815124512,15.510055426147892,15.404384925210934,15.510055426147892,5667200
2007-04-30,15.236091613769531,15.455260176842065,15.236091613769531,15.455260176842065,3276600
2007-05-01,15.279144287109375,15.30262562248669,14.805585112791455,15.216524904496788,5701400
2007-05-02,15.455262184143066,15.486571129811951,15.341764083545096,15.34567714189225,6979200
2007-05-03,15.423955917358398,15.478747706821864,15.38090479907588,15.439611140909186,4579800
2007-05-04,15.459183692932129,15.52571617194954,15.380909046526876,15.463096753418277,2310000
2007-05-07,15.459183692932129,15.486579595229264,15.427873237184146,15.439615404571992,1999000
2007-05-08,15.392647743225098,15.427869758552765,15.353509682364855,15.38090557848484,2136000
2007-05-09,15.486568450927734,15.498309116902167,15.341761429709763,15.341761429709763,4621400
2007-05-10,15.31828498840332,15.467006622232123,15.267406259705316,15.388731999534635,3558400
2007-05-11,15.380903244018555,15.380903244018555,15.298715568132788,15.357421904030701,2690800
2007-05-14,15.380903244018555,15.455264801884462,15.318283849110713,15.392645406976621,1813800
2007-05-15,15.326103210449219,15.466997146393332,15.27913906278896,15.341758423990417,6546200
2007-05-16,15.380903244018555,15.40047152499648,15.275232735180795,15.369162574024628,1969400
2007-05-17,15.404385566711426,15.439609068490594,15.34959378460252,15.34959378460252,2336200
2007-05-18,15.545273780822754,15.674425577241399,15.388724610595302,15.470912253131125,3790800
2007-05-21,15.603988647460938,15.65486738449059,15.549196850489539,15.584420361823222,6525200
2007-05-22,15.588326454162598,15.639203670614137,15.557016019764403,15.631376062014589,2270200
2007-05-23,15.596158027648926,15.744879657157878,15.588331909274324,15.686174811563124,5535000
2007-05-24,15.470911979675293,15.70182118054941,15.459171314652993,15.615720482113364,5078600
2007-05-25,15.52570915222168,15.54919198341524,15.478744982798586,15.48657259319644,3348600
2007-05-29,15.513962745666504,15.580496662960385,15.455257928839112,15.517877295899748,2917400
2007-05-30,15.654862403869629,15.654862403869629,15.412212454639576,15.443521403106024,3148000
2007-05-31,15.693985939025879,15.713555695161952,15.631366601093672,15.693985939025879,2658600
2007-06-01,15.78400707244873,15.8074883976701,15.721386223956545,15.7566097047518,3511000
2007-06-04,15.81533145904541,15.82315907275636,15.705747853021423,15.74097136823837,2728200
2007-06-05,15.721391677856445,15.76052972174142,15.639204025143576,15.740961446280792,3901400
2007-06-06,15.521793365478516,15.631376905860598,15.521793365478516,15.619636238809308,5718800
2007-06-07,15.23217487335205,15.525703436879308,15.23217487335205,15.517877322326441,7069600
2007-06-08,15.427868843078613,15.427868843078613,15.216529298831443,15.232183029282298,3879600
2007-06-11,15.37699031829834,15.431782102697126,15.326111592943402,15.349594426098946,2024400
2007-06-12,15.25174617767334,15.392640141258143,15.21260813614221,15.271314451957089,3262400
2007-06-13,15.427868843078613,15.427868843078613,15.255665864404996,15.31045765339368,2794200
2007-06-14,15.537444114685059,15.54527172145582,15.40829084241252,15.40829084241252,1898800
2007-06-15,15.615862846374512,15.682512807919707,15.588417073007761,15.655068530153924,5280400
2007-06-18,15.549213409423828,15.62762628277123,15.541371972528971,15.615864875229526,1575200
2007-06-19,15.600179672241211,15.608021107965294,15.470798226195233,15.529608246325393,6225200
2007-06-20,15.572733879089355,15.733479556783044,15.537448169566312,15.68251097733847,5319000
2007-06-21,15.545287132263184,15.588412774287658,15.388461449190448,15.521762831122107,5831400
2007-06-22,15.443354606628418,15.513926035549574,15.38454607959479,15.49040172737552,4572400
2007-06-25,15.38062572479248,15.517848622318647,15.321817193510789,15.439435751675282,3643400
2007-06-26,15.274767875671387,15.443355016389406,15.274767875671385,15.427672143857254,19500200
2007-06-27,15.431593894958496,15.459038174596396,15.208118191849277,15.259085285119049,3743400
2007-06-28,15.400224685668945,15.525684648825457,15.400224685668945,15.439431858905813,6325600
2007-06-29,15.419836044311523,15.55313600723703,15.32966025258916,15.447280330278705,3892400
2007-07-02,15.502161026000977,15.608018144777692,15.29436675776491,15.447272481953936,2482800
2007-07-03,15.525686264038086,15.560971975821845,15.466877741465748,15.52960772957011,3641600
2007-07-05,15.608022689819336,15.635466969834605,15.44727698018658,15.564895536766459,6692600
2007-07-06,15.749165534973145,15.956959883174829,15.298294109934305,15.584499839463628,4295400
2007-07-09,15.690360069274902,15.757010055565743,15.655074342532245,15.745248645185365,2917200
2007-07-10,15.411983489990234,15.596251920635018,15.361014926126627,15.584490519589698,9010800
2007-07-11,15.502161026000977,15.50608099531834,14.714114084752312,15.3374938982592,5010000
2007-07-12,15.623697280883789,15.662904446447627,15.502158806636993,15.533523043487623,3846000
2007-07-13,15.702113151550293,15.733478890064204,15.619780331352377,15.635463200609331,3988600
2007-07-16,15.639375686645508,15.717788499808837,15.60408999550201,15.698185670418008,2074800
2007-07-17,15.655071258544922,15.674674103851043,15.623705509574144,15.662912695787616,3545600
2007-07-18,15.635468482971191,15.666832736480622,15.506087011291553,15.611944171138193,3318200
2007-07-19,15.670756340026855,15.71388350313489,15.635470615265868,15.655073463332764,2653400
2007-07-20,15.470806121826172,15.674679067897483,15.45512324237414,15.627631925143088,7011000
2007-07-23,15.494321823120117,15.635464668481875,15.470797517026199,15.635464668481875,3347000
2007-07-24,15.251238822937012,15.525681501965352,15.184587389744108,15.411984461625224,9405200
2007-07-25,15.200272560119629,15.38846249523901,15.117939743930025,15.38846249523901,9219200
2007-07-26,14.75331974029541,15.019922494507325,14.59257409398533,14.98855676078804,13686800
2007-07-27,14.522006034851074,14.816053126020895,14.522006034851074,14.725878864200919,11721200
2007-07-30,14.729799270629883,14.761165012506126,14.482799287957585,14.561212147047303,7006800
2007-07-31,14.506321907043457,14.933670368993901,14.498480472486483,14.843496114989772,6688400
2007-08-01,14.525922775268555,14.549447075748526,14.278922854830643,14.510239908281905,10044400
2007-08-02,14.71019172668457,14.71019172668457,14.514160389434936,14.604334625097719,10718400
2007-08-03,14.259325981140137,14.670991690265822,14.239723137010559,14.647468875550786,9537400
2007-08-06,14.486722946166992,14.490642916694394,14.173072957935728,14.306374389884155,9800800
2007-08-07,14.569056510925293,14.655310822821358,14.341660819019113,14.416152227546773,9487800
2007-08-08,14.733726501464844,14.784693608555807,14.52201214775915,14.643550706085346,12134600
2007-08-09,14.318135261535645,14.596499522204345,14.318135261535645,14.471039531604339,7957600
2007-08-10,14.255406379699707,14.39262778776125,14.028009194224946,14.165232097887667,11018400
2007-08-13,14.333820343017578,14.58474036288288,14.333820343017578,14.388708910412952,9877800
2007-08-14,13.969197273254395,14.310291473161522,13.95743437284324,14.310291473161522,9503200
2007-08-15,13.820213317871094,14.106418974485399,13.749641896174321,13.906467610078447,9235000
2007-08-16,13.839813232421875,13.859416068615568,13.42422772095368,13.62809901208872,14444600
2007-08-17,13.937833786010742,14.43183380631147,13.820215232091874,14.16130948713691,11844400
2007-08-20,14.012330055236816,14.122107199229932,13.941758606783695,14.063297160318525,11854400
2007-08-21,14.10641860961914,14.173070059764735,13.977038670255407,14.012324380191117,5679200
2007-08-22,14.294608116149902,14.341656724990441,14.192672454863594,14.26324387252364,8271000
2007-08-23,14.239720344543457,14.427910303364637,14.224037474074814,14.392624592610613,3795200
2007-08-24,14.525922775268555,14.525922775268553,14.282844319377562,14.294605721817291,5526400
2007-08-27,14.32597541809082,14.478879674499849,14.3181339824287,14.451435397482891,3659600
2007-08-28,13.980961799621582,14.306374697637443,13.98096179962158,14.282850387163633,5259800
2007-08-29,14.420066833496094,14.42790826762401,14.043686968959966,14.075052705471627,3746000
2007-08-30,14.361263275146484,14.420071807992093,14.231881810804074,14.259326091918922,3459000
2007-08-31,14.596495628356934,14.639622769046033,14.416147126930387,14.482797074831243,6452600
2007-09-04,14.616104125976562,14.62394556328378,14.47104127479613,14.518088403038197,6038600
2007-09-05,14.384785652160645,14.463198522502328,14.32205565500752,14.420071369034348,8725800
2007-09-06,14.420066833496094,14.478876841655143,14.32597261516238,14.435749701751925,3451200
2007-09-07,14.075055122375488,14.208356534238687,14.063292221363428,14.200515098764276,17765200
2007-09-10,14.000560760498047,14.176989301112144,13.933910809377572,14.149545027638922,11944000
2007-09-11,14.157395362854004,14.208363972319303,14.055458143923408,14.059379611513947,6486000
2007-09-12,14.1652250289917,14.23579643094918,14.133859296743738,14.141700729805729,2349800
2007-09-13,14.361263275146484,14.443596118491026,14.220120403355184,14.290691839250833,5622200
2007-09-14,14.45535945892334,14.45535945892334,14.208360895860848,14.286772283473566,7986600
2007-09-17,14.278929710388184,14.36126405379795,14.26324833147315,14.31421543024916,3090600
2007-09-18,14.83565616607666,14.83565616607666,14.345577674194637,14.388704820776393,8894800
2007-09-19,14.8630952835083,15.32572933892874,14.776841020280655,14.906222415122123,10952800
2007-09-20,14.569056510925293,14.823897980290287,14.569056510925293,14.823897980290287,5940400
2007-09-21,14.574153900146484,14.73128824079933,14.558441664916506,14.73128824079933,4722000
2007-09-24,14.452385902404785,14.637017153171051,14.452385902404785,14.605591163090786,5671600
2007-09-25,14.263818740844727,14.338456743320261,14.177394686419262,14.338456743320261,16770200
2007-09-26,14.468094825744629,14.805931224625052,14.263820713381927,14.365957020290958,13297600
2007-09-27,14.397387504577637,14.479882404137859,14.397387504577637,14.479882404137859,6220600
2007-09-28,14.468094825744629,14.468094825744629,14.365957020290958,14.42095360851464,4967000
2007-10-01,14.65665340423584,14.65665340423584,14.475948424071898,14.475948424071898,6250400
2007-10-02,14.652726173400879,14.707722762219133,14.629157063075715,14.644869303777606,9103600
2007-10-03,14.73521900177002,14.802001634982528,14.613441285953098,14.625225839472296,15047200
2007-10-04,14.660588264465332,14.758796921916758,14.64487451962226,14.758796921916758,8029200
2007-10-05,14.986639976501465,14.986639976501465,14.750938327014035,14.758795198518118,11743000
2007-10-08,14.88843059539795,14.911999710201453,14.817720253897564,14.911999710201453,5501800
2007-10-09,14.912002563476562,14.91593174905892,14.77451103899859,14.87664738596148,7098600
2007-10-10,14.849146842956543,14.919857187329027,14.821648542205578,14.888431200132922,4303600
2007-10-11,14.78235912322998,15.025916035454078,14.747003966734198,14.892352277419379,10834200
2007-10-12,14.857000350952148,14.919853809660117,14.790219206688223,14.829502056426454,6294400
2007-10-15,14.621301651000977,14.888429250642684,14.534877575074306,14.534877575074306,5893000
2007-10-16,14.574153900146484,14.664507120075557,14.542727931142394,14.613438234581762,6700200
2007-10-17,14.589877128601074,14.695942652784575,14.413101254961903,14.664516663329339,9819600
2007-10-18,14.456305503845215,14.534872682921216,14.342383169112226,14.448448636083183,9970200
2007-10-19,14.134181022644043,14.570227430691864,14.134181022644043,14.440591364063913,15145400
2007-10-22,14.259892463684082,14.314889055511276,13.835631970628048,14.067404392288898,6265000
2007-10-23,14.326671600341797,14.405237284537877,14.193107839246347,14.405237284537877,10475400
2007-10-24,14.279537200927734,14.334535304053567,14.071335341144877,14.259895770512479,12349600
2007-10-25,14.193110466003418,14.36988628524971,14.063474365707922,14.287389903905009,9025400
2007-10-26,14.358095169067383,14.358095169067383,14.149893443445512,14.267743448541966,7117600
2007-10-29,14.397387504577637,14.409172062073397,14.314891106472464,14.338461720008935,4356800
2007-10-30,14.354169845581055,14.413094108547746,14.334528424592158,14.346312977476622,3921400
2007-10-31,14.397387504577637,14.479882404137859,14.267751377944473,14.39345831971575,7409800
2007-11-01,14.032052040100098,14.342390227433386,14.032052040100098,14.318821111092525,7494000
2007-11-02,14.02419376373291,14.287392193476073,13.91027138434637,14.287392193476073,8737600
2007-11-05,13.835638046264648,13.992771020694823,13.792425991269097,13.937774404716993,7736400
2007-11-06,13.957409858703613,13.969195913181176,13.780635525532462,13.78456321132848,4781200
2007-11-07,13.670638084411621,13.925981067440846,13.650996662304244,13.78063274559293,10409000
2007-11-08,13.631364822387695,13.827782178622257,13.419233718003447,13.749214936419332,11425600
2007-11-09,13.32102108001709,13.521366064460834,13.285665906462892,13.285665906462892,9484800
2007-11-12,13.34066390991211,13.564579533068859,13.218886131538039,13.321022477775506,7027400
2007-11-13,13.709929466247559,13.729570898439416,13.4231588617746,13.596007061571475,6772000
2007-11-14,13.493868827819824,13.776710238580227,13.42708766058205,13.729570502968553,7855800
2007-11-15,13.36423110961914,13.517436339064771,13.309234514284281,13.376015666178086,5805800
2007-11-16,13.360300064086914,13.552789619491499,13.234593149818679,13.552789619491499,11178600
2007-11-19,13.065675735473633,13.328875648347065,13.030320568029284,13.23459470231387,10551600
2007-11-20,13.077460289001465,13.230665497490461,12.857472439208896,13.191382648637509,7092200
2007-11-21,12.951757431030273,13.081392071683506,12.84569190765303,12.900688512690468,7003400
2007-11-23,13.179596900939941,13.179596900939941,13.010677949572642,13.148170920837357,3247200
2007-11-26,12.837830543518066,13.297446152113011,12.837830543518066,13.297446152113011,16893600
2007-11-27,13.042106628417969,13.093175536647024,12.81819106735685,12.81819106735685,7271200
2007-11-28,13.548864364624023,13.548864364624023,13.159957498589534,13.159957498589534,7939000
2007-11-29,13.415298461914062,13.592072783960424,13.324945210299475,13.3878001674382,6007000
2007-11-30,13.611716270446777,13.80420433974093,13.592073346255981,13.686354287319755,6983200
2007-12-03,13.541007995605469,13.713854665501822,13.541007995605469,13.698140923180805,4839800
2007-12-04,13.49779224395752,13.584216304426635,13.446723344721722,13.572430251652506,5976000
2007-12-05,13.478154182434082,13.588147378796773,13.407443842330949,13.572433636874987,7529600
2007-12-06,13.59599781036377,13.674564984216481,13.39565144211215,13.556713474165315,5234800
2007-12-07,13.709929466247559,13.749212330631275,13.651003671126766,13.65493135814705,8197800
2007-12-10,13.717780113220215,13.75313527840046,13.62350067176936,13.647071281404425,3517400
2007-12-11,13.277803421020508,13.792417063282166,13.277803421020508,13.717777562588333,8841600
2007-12-12,13.32102108001709,13.643145328601967,13.167815827463922,13.497796947788073,7165000
2007-12-13,13.23459243774414,13.344587105719157,13.128526953559952,13.148169875425001,6926200
2007-12-14,13.061748504638672,13.431012434165844,13.061748504638672,13.431012434165844,3812200
2007-12-17,12.939971923828125,13.104963244498077,12.939971923828125,13.07746494081061,5943400
2007-12-18,13.061748504638672,13.1167451006805,12.900686402568379,12.971396739920689,7779400
2007-12-19,12.943900108337402,13.077463929582198,12.900688063442756,12.991039839792906,6263400
2007-12-20,13.006753921508789,13.034252223785312,12.86140553825501,12.94390044508458,4704800
2007-12-21,13.032464981079102,13.170940778361748,13.032464981079102,13.091811966951171,10097600
2007-12-24,13.273811340332031,13.293593172075536,13.186770978809207,13.186770978809207,2404600
2007-12-26,13.230284690856934,13.234241961050722,13.131374065601332,13.147200127863757,3658800
2007-12-27,13.044334411621094,13.182808690388356,13.040377141224061,13.11159291580621,5326800
2007-12-28,12.984991073608398,13.170943593784003,12.984991073608398,13.170943593784003,1319400
2007-12-31,12.93751335144043,13.064118862989448,12.850471496279201,12.850471496279201,6411000
2008-01-02,12.739693641662598,13.052251697624973,12.704085742764898,13.052251697624973,7802000
2008-01-03,12.597262382507324,12.74760701623031,12.53395961713822,12.70012881026075,19174000
2008-01-04,12.201616287231445,12.494391683312799,12.158095365304394,12.494391683312799,11970200
2008-01-07,12.245136260986328,12.336133859216464,12.13831259977971,12.320307796239979,12243800
2008-01-08,12.007749557495117,12.387565980456692,11.984011219717058,12.27678656774031,8600400
2008-01-09,12.094796180725098,12.118534529392742,11.73871793219646,11.956321096678266,13422200
2008-01-10,12.264915466308594,12.37569561960587,11.984009700108155,12.023573339845415,12248800
2008-01-11,11.972143173217773,12.138313067735957,11.912796944024475,12.102705179294329,7922200
2008-01-14,12.08687973022461,12.098749278518035,11.924666343355883,11.980056814096917,6008600
2008-01-15,11.86532211303711,11.952363217989431,11.766411457788754,11.889060459000758,13000400
2008-01-16,11.932580947875977,12.102707389357429,11.726846611450574,11.726846611450574,13234200
2008-01-17,11.734758377075195,12.027533783610481,11.71893306693647,11.904884800179229,13784400
2008-01-18,11.679367065429688,12.007750318238621,11.643759179192605,11.896970143875677,12769600
2008-01-22,11.908842086791992,12.035447594605516,11.042384605079201,11.22042407208469,56795800
2008-01-23,12.344048500061035,12.383612153403925,11.631891420464255,11.631891420464255,24829800
2008-01-24,12.466699600219727,12.466699600219727,12.272834798368427,12.458786566357606,14407600
2008-01-25,12.20953369140625,12.577481514947541,12.130404851318117,12.577481514947541,13314000
2008-01-28,12.411308288574219,12.431090116076621,12.007752668647077,12.142271208622791,14947600
2008-01-29,12.4508695602417,12.494390477970256,12.272830882915077,12.462739107248089,9528800
2008-01-30,12.371744155883789,12.684302168891163,12.3361362618797,12.411308566402596,25846800
2008-01-31,12.89003849029541,12.917733355546556,12.130403803995112,12.213489154377028,15836000
2008-02-01,13.004770278930664,13.016640581800901,12.755516557504146,12.890035085733174,16413800
2008-02-04,12.818819999694824,13.012684015746787,12.700126020104396,13.012684015746787,12954600
2008-02-05,12.45878791809082,12.68034760786952,12.391528632222292,12.569568140294432,14008400
2008-02-06,12.32426643371582,12.640780956082336,12.272833229443998,12.537913792910345,9878200
2008-02-07,12.561654090881348,12.644738684851342,12.284703935057776,12.296573486179973,12868400
2008-02-08,12.490436553955078,12.577478407472599,12.344049216976565,12.5300009642241,10974000
2008-02-11,12.620997428894043,12.68430093232985,12.348003853018948,12.462740556875254,10401800
2008-02-12,12.644737243652344,12.826732479012136,12.573522208921366,12.66056331001148,8849800
2008-02-13,12.806952476501465,12.858386444872908,12.656608597797947,12.775301848527711,14072600
2008-02-14,12.684305191040039,12.893995333882042,12.56561193120389,12.893995333882042,9939000
2008-02-15,12.751561164855957,12.7594741981827,12.494393618764,12.545826826131034,8393800
2008-02-19,12.605171203613281,12.814861260824784,12.565606799824696,12.814861260824784,8150600
2008-02-20,12.779256820678711,12.779256820678711,12.47461256495954,12.510220462513335,21552400
2008-02-21,12.474610328674316,12.8188196917795,12.466697296274587,12.787167562180583,12025800
2008-02-22,12.747602462768555,12.747602462768555,12.37569828309841,12.549780448366802,8798000
2008-02-25,12.91772747039795,12.91772747039795,12.561648637598168,12.688254109425586,13377800
2008-02-26,13.044334411621094,13.11159291580621,12.787166169045953,12.787166169045953,13546400
2008-02-27,13.016641616821289,13.075987098865085,12.92168673259186,12.925642494358774,8892000
2008-02-28,12.708041191101074,12.913775545285388,12.66847753075124,12.886080681189124,13229000
2008-02-29,12.391526222229004,12.581434490818875,12.264920709835756,12.569565695674745,18260200
2008-03-03,12.363829612731934,12.399437502386863,12.197659712551687,12.340091271171405,9788400
2008-03-04,12.344048500061035,12.399438218443736,12.18183510654457,12.280745749158429,14968600
2008-03-05,12.348010063171387,12.541875677851559,12.25305589220506,12.336141263443515,10044000
2008-03-06,12.04731559753418,12.387567667450588,12.007751192763921,12.221397771118108,12937200
2008-03-07,11.932580947875977,12.130402251063083,11.84158332952072,11.881147741083819,15683000
2008-03-10,11.794105529785156,12.035447753891509,11.7308027750406,12.00775289301931,13975600
2008-03-11,12.11457633972168,12.118532101516692,11.805974850354806,12.118532101516692,14955000
2008-03-12,12.04731559753418,12.280744755587621,12.027533017834923,12.217441255178256,8217200
2008-03-13,12.059182167053223,12.146223992423224,11.742668496511714,11.857404419097467,18028600
2008-03-14,11.885104179382324,12.166010065835271,11.695195156056595,12.166010065835271,17843200
2008-03-17,11.72685432434082,11.80598319951101,11.517164088008915,11.596292208550224,17814200
2008-03-18,12.189748764038086,12.237226209902563,11.841583594669391,11.944450765185424,11204200
2008-03-19,12.027535438537598,12.37570136503502,12.027535438537598,12.37570136503502,15525600
2008-03-20,12.38011646270752,12.443502598546795,11.987914463843627,11.987914463843627,12701400
2008-03-24,12.792129516601562,12.827784319196027,12.471236293251385,12.53858416974954,20680800
2008-03-25,12.689130783081055,12.899098703370544,12.617821907095395,12.899098703370544,14962200
2008-03-26,12.451430320739746,12.653473981313233,12.4236989712611,12.633665334812342,15503800
2008-03-27,12.332581520080566,12.613858273920302,12.3246588165815,12.613858273920302,9488400
2008-03-28,12.094887733459473,12.32070110266849,12.015654627663407,12.32070110266849,8459600
2008-03-31,12.170153617858887,12.285041501002596,12.019611682163706,12.051304761027039,10381800
2008-04-01,12.716858863830566,12.75647615521419,12.336541934018637,12.336541934018637,19913000
2008-04-02,12.716858863830566,12.914940787013254,12.716858863830566,12.75647615521419,15010400
2008-04-03,12.75648021697998,12.776288113356214,12.57820612710263,12.72082539900451,12730000
2008-04-04,12.69705581665039,12.780249893420027,12.598014817283,12.760441995795693,6474800
2008-04-07,12.649514198303223,12.780247507211097,12.625744574467491,12.748555179178602,6306800
2008-04-08,12.621779441833496,12.641587330419448,12.554431562769743,12.598009068783337,9169600
2008-04-09,12.344464302062988,12.625741001064485,12.312771227377715,12.613855814699068,13431800
2008-04-10,12.475198745727539,12.550470083974329,12.32465682485649,12.340502984916455,12851200
2008-04-11,12.245428085327148,12.395970815023803,12.18600364176175,12.37616216342014,7766400
2008-04-14,12.1582670211792,12.237499326421585,12.14242010675724,12.237499326421585,6600200
2008-04-15,12.14242172241211,12.217693064686982,12.079035567535133,12.205807877289084,5755200
2008-04-16,12.411812782287598,12.411812782287598,12.213730866990558,12.269193561474516,12742200
2008-04-17,12.467275619506836,12.475199077558841,12.324657152683486,12.368234660724417,8461400
2008-04-18,12.704976081848145,12.764401271017691,12.578203755448762,12.728746459765032,9719400
2008-04-21,12.704976081848145,12.708938567123628,12.570280296143132,12.645551648301268,6852200
2008-04-22,12.522743225097656,12.657439034181502,12.411817042433666,12.657439034181502,8309600
2008-04-23,12.518780708312988,12.625745153916908,12.423701452983757,12.526704168496114,5179000
2008-04-24,12.693089485168457,12.80005390069598,12.487084112068603,12.55047026446509,10415400
2008-04-25,12.819862365722656,12.83967025587771,12.605933525059708,12.768360642323394,11359400
2008-04-28,12.8040189743042,12.910983424085133,12.740632801609447,12.843634765521331,7565400
2008-04-29,12.907021522521973,12.922866931123524,12.784210160575865,12.823825948947924,6172800
2008-04-30,12.45935344696045,13.025867876188752,12.45935344696045,12.950595777116009,12424600
2008-05-01,13.176409721374512,13.291297606984779,12.724783148970275,12.768361416701428,13716600
2008-05-02,13.148677825927734,13.326951863232184,13.06548377893405,13.326951863232184,9153400
2008-05-05,13.002098083496094,13.101139050927506,12.954558842277681,13.069446727196974,12188800
2008-05-06,13.0575590133667,13.061521497824128,12.827784785921697,12.926825739927049,7715600
2008-05-07,12.81193733215332,13.168485356086467,12.81193733215332,13.089252293962995,9101200
2008-05-08,12.831746101379395,12.934749542589458,12.74062860261361,12.926826084708294,7423200
2008-05-09,12.75648021697998,12.855521210106772,12.64951576305357,12.75648021697998,6825200
2008-05-12,13.017950057983398,13.033796981627233,12.772328786487245,12.811944584351012,3754400
2008-05-13,13.06548023223877,13.10509751379942,12.966439295204292,13.04963331961451,4984800
2008-05-14,13.212064743041992,13.291297820988436,13.097178366827174,13.128870691258594,7376600
2008-05-15,13.338836669921875,13.358646072258292,13.081331063245848,13.140754736519446,10841200
2008-05-16,13.24771499633789,13.374487272953967,13.124905203441237,13.374487272953967,7138200
2008-05-19,13.251679420471191,13.350720370532642,13.15263847040974,13.21206213369963,7380200
2008-05-20,13.045677185058594,13.132833725569183,12.942673726046927,13.124910266318645,10777200
2008-05-21,12.768363952636719,13.037755560074078,12.68913086022946,13.037755560074078,11111800
2008-05-22,12.712900161743164,12.835711520107527,12.637628805910603,12.66536015921136,6266000
2008-05-23,12.558394432067871,12.736668468020957,12.518777895675786,12.728745009618024,7335200
2008-05-27,12.653475761413574,12.740631551410834,12.514818238891294,12.514818238891294,10312600
2008-05-28,12.653475761413574,12.930790050835423,12.649514031556055,12.712900198030919,6613200
2008-05-29,12.899096488952637,12.922865354577969,12.712898981579425,12.712898981579425,7481200
2008-05-30,12.800053596496582,12.958518218099272,12.744589392128344,12.934749356043643,5793800
2008-06-02,12.673284530639648,12.80798108823292,12.542550458800358,12.768363786920698,8423400
2008-06-03,12.689130783081055,12.748555979836587,12.554435735804075,12.736671544983693,8552200
2008-06-04,12.764399528503418,12.871363947659301,12.629703005563645,12.669319541060924,13189000
2008-06-05,12.930790901184082,12.930790901184082,12.760440284221854,12.792134125166228,7497200
2008-06-06,12.384079933166504,12.811936788094874,12.384079933166504,12.811936788094874,11326200
2008-06-09,12.3761568069458,12.55839254471281,12.289001044479605,12.419735065990134,11028800
2008-06-10,12.423699378967285,12.53462478052209,12.253348791582262,12.316734951220043,9938600
2008-06-11,12.16222858428955,12.411811438059498,12.16222858428955,12.399926252404754,12688800
2008-06-12,12.261271476745605,12.392005517201925,12.166191487665937,12.292964554564636,13871800
2008-06-13,12.566319465637207,12.752516238906244,12.336544418691762,12.340506148628048,5659000
2008-06-16,12.526700973510742,12.594048856644443,12.41577482610742,12.495007896484443,8566600
2008-06-17,12.399928092956543,12.641588281116002,12.3721967446017,12.641588281116002,12109200
2008-06-18,12.126570701599121,12.320690817566135,12.086954181772283,12.312767362476315,12854600
2008-06-19,12.281079292297363,12.316734099079644,12.090920826540241,12.114690445854237,7897800
2008-06-20,11.920059204101562,12.16657177325097,11.88029901445004,12.150667394045346,14874600
2008-06-23,11.713305473327637,12.031386195482696,11.697401854319233,12.031386195482696,9241400
2008-06-24,11.76102066040039,11.84054104955163,11.542340727778434,11.733188751706248,8440400
2008-06-25,11.848493576049805,12.035366280305144,11.717285452686315,11.84054214309043,13326800
2008-06-26,11.570171356201172,11.737163548250521,11.36341897397578,11.617882977722386,9166600
2008-06-27,11.375346183776855,11.502578173629082,11.244138099446438,11.244138099446438,19240400
2008-06-30,11.32365894317627,11.661619426885501,11.216306655698768,11.661619426885501,9689600
2008-07-01,11.180521011352539,11.43100887208752,11.00160056914012,11.128832546552326,16267400
2008-07-02,11.057267189025879,11.371371876919115,11.029435281665739,11.256067394012709,30600400
2008-07-03,11.152691841125488,11.371372534269948,10.9697960059789,11.116907741490262,6732200
2008-07-07,11.025459289550781,11.23221168667537,10.782923552887901,11.120883297832297,11353000
2008-07-08,11.311732292175293,11.311732292175293,10.949915969370295,10.949915969370295,9641200
2008-07-09,11.073172569274902,11.303780797547553,10.934012261546325,11.29980470208529,12791800
2008-07-10,10.878347396850586,11.085099032489559,10.699426910048729,10.985698930569106,9893400
2008-07-11,10.651717185974121,10.834613042120578,10.46086837988568,10.635812802815613,15693600
2008-07-14,10.596050262451172,10.806778742571845,10.548338640241342,10.699426455055885,8851600
2008-07-15,10.596050262451172,10.790874362926862,10.309778254104506,10.45291463745912,13447800
2008-07-16,11.02148151397705,11.108954077003549,10.548337639849588,10.584121732294522,14434200
2008-07-17,11.073172569274902,11.407157004478421,10.93003616608406,11.13281248448353,20705000
2008-07-18,11.415104866027832,11.466793332504782,11.200401086770492,11.367393252131725,14092600
2008-07-21,11.21233081817627,11.423058530443422,11.152690155556295,11.411131004609448,11701400
2008-07-22,11.510531425476074,11.510531425476074,11.09305056706519,11.15666656786565,13249800
2008-07-23,11.733187675476074,11.868371869615789,11.3992032850559,11.454867097338408,18260800
2008-07-24,11.482698440551758,11.729211005534019,11.339562821933455,11.729211005534019,17806600
2008-07-25,11.303773880004883,11.534381967152873,11.256061522018795,11.442934102571922,18753600
2008-07-28,11.037384033203125,11.315703778457314,11.017503563880593,11.315703778457314,11773000
2008-07-29,11.431008338928223,11.431008338928223,11.045336330590487,11.073168229555986,22055800
2008-07-30,11.419081687927246,11.598002147345426,11.264017795339809,11.486673777222729,14055800
2008-07-31,11.343538284301758,11.534386270728683,11.291849814001246,11.291849814001246,14305000
2008-08-01,11.23221492767334,11.446919577030632,11.120886506707023,11.375351360578202,17110800
2008-08-04,11.315701484680176,11.403174015243257,11.184493447197763,11.30775005692534,12967600
2008-08-05,11.820658683776855,11.832586967751825,11.46679460117376,11.578122976519262,17261400
2008-08-06,11.76102066040039,11.928012870927887,11.574148731766403,11.928012870927887,10079600
2008-08-07,11.530410766601562,11.681498574001658,11.518482482453189,11.681498574001658,16179000
2008-08-08,12.079094886779785,12.170543517799548,11.546311265993307,11.586070683070638,28418400
2008-08-11,12.448867797851562,12.699356464196093,12.039339888106216,12.158619699838104,21508600
2008-08-12,12.285848617553711,12.436937150078247,12.210304351291443,12.417056680871147,15590600
2008-08-13,12.087052345275879,12.23018873594209,11.908132615305716,12.186452448046836,19453600
2008-08-14,12.269944190979004,12.436936329488715,11.931983820380502,11.943912101117734,12991200
2008-08-15,12.41308307647705,12.500555641806228,12.309706890955075,12.309706890955075,13711600
2008-08-18,12.20235824584961,12.520438308317713,12.146693666145676,12.520438308317713,15741600
2008-08-19,11.975722312927246,12.14668981836881,11.88427366036903,12.14668981836881,15302800
2008-08-20,11.82861328125,12.035365695399898,11.784876989466804,11.979701117213285,10908800
2008-08-21,11.924033164978027,11.95584115933438,11.693425016303879,11.768969287286115,10650400
2008-08-22,12.20235824584961,12.20235824584961,11.94789343751244,11.983677539335437,7246800
2008-08-25,11.860418319702148,12.1387388659243,11.848490036282636,12.102954774028237,18006600
2008-08-26,11.951868057250977,11.971748532677038,11.776924423677212,11.872348430634519,8112400
2008-08-27,11.987651824951172,12.05524392281556,11.768971909817163,11.928011917038495,6467800
2008-08-28,12.265971183776855,12.269947278356401,11.991626724688127,12.055242721235876,7193200
2008-08-29,12.126809120178223,12.261993282514775,12.106929408572066,12.182472919365372,5950000
2008-09-02,12.365373611450195,12.639718122417028,12.277901030884243,12.385253329744652,18295400
2008-09-03,12.428985595703125,12.484649395594591,12.27789705548001,12.373321795811659,14276000
2008-09-04,12.015480995178223,12.349465313467284,12.011504901107829,12.349465313467284,15055200
2008-09-05,12.03934097290039,12.087052598547139,11.76897256636009,11.935964772848944,18273000
2008-09-08,12.584049224853516,12.584049224853516,12.269945385159126,12.39320126465725,23433800
2008-09-09,12.345490455627441,12.703331374171697,12.226210655021008,12.623811001525757,20146800
2008-09-10,12.218257904052734,12.365370359171912,12.10693029750438,12.313681891820941,15866600
2008-09-11,12.405131340026855,12.421034959827953,12.027410700629046,12.126810789063997,21935000
2008-09-12,12.405131340026855,12.428987148909746,12.18645069045247,12.313682682311208,17377800
2008-09-15,11.987651824951172,12.337540599200675,11.848491534246541,11.848491534246541,22456600
2008-09-16,12.067169189453125,12.230185250876064,11.613904334291583,11.693424697193574,20741800
2008-09-17,11.59005069732666,11.939939449526632,11.482698414831496,11.91608288117491,19182800
2008-09-18,11.888248443603516,12.10295296284986,11.275944395252113,11.701376581504277,34417400
2008-09-19,12.049847602844238,13.765554032974899,12.049847602844238,13.131141481876726,19103600
2008-09-22,11.555087089538574,12.564561509254826,11.555087089538574,11.918179280847763,16214200
2008-09-23,11.391496658325195,11.73064820872238,11.339626779339858,11.515187716198737,13318800
2008-09-24,11.351595878601074,11.646856972686289,11.247855370781648,11.479276269444933,9308000
2008-09-25,11.555087089538574,11.638877829389996,11.29174606892307,11.487257541564645,12706600
2008-09-26,11.670795440673828,11.670795440673828,11.291743660408857,11.395484155650164,9166400
2008-09-29,10.892744064331055,11.630897223211301,10.689253905175368,11.630897223211301,21526800
2008-09-30,11.132140159606934,11.339621093586599,10.852839604820332,11.132140159606934,10450600
2008-10-01,11.132140159606934,11.511191836645365,10.964559522321029,11.511191836645365,18247200
2008-10-02,10.72914981842041,11.132141414488787,10.617429888325972,11.132141414488787,14759400
2008-10-03,10.354092597961426,10.90870461986487,10.338132167472157,10.876784519921546,15739000
2008-10-06,10.06281852722168,10.266309403185419,9.472296432876925,10.122669366826045,28086000
2008-10-07,9.416438102722168,10.234391094857083,9.284767602499592,10.234391094857083,18860400
2008-10-08,9.23289680480957,9.695738601146955,8.977536023667609,9.14511672655081,17973600
2008-10-09,8.646367073059082,9.41245038554138,8.586516968856712,9.372550062394676,17940000
2008-10-10,8.829907417297363,9.057339028945156,7.800483046448469,8.219435294292484,34014600
2008-10-13,9.177038192749023,9.340628812693467,8.730155998072682,9.296738386501206,13147200
2008-10-14,9.23289680480957,9.915189938346591,8.84586552576189,9.915189938346591,22481200
2008-10-15,8.159578323364258,9.073291065200598,8.159578323364258,9.073291065200598,16346000
2008-10-16,8.698235511779785,8.734145720527625,7.832401916148435,7.984022966647144,25807000
2008-10-17,8.873788833618164,8.881769042278103,8.179526661929742,8.658328527041903,19424200
2008-10-20,8.921677589416504,8.997487358810906,8.614446120706692,8.997487358810906,14062400
2008-10-21,8.821925163269043,9.005465524479622,8.578533956325773,8.869804926613057,10745800
2008-10-22,8.219432830810547,8.63040397767824,7.904221212305103,8.279282916554518,14148800
2008-10-23,8.219432830810547,8.566563784746654,7.624920558488197,8.566563784746654,19721000
2008-10-24,7.748610019683838,7.936140471506479,7.40546844810172,7.40546844810172,15734400
2008-10-27,7.632899761199951,7.916191273937648,7.389509319028246,7.525169914812196,12921400
2008-10-28,8.37903118133545,8.526662065576256,7.517188034995169,7.600977981511754,14785000
2008-10-29,8.550604820251465,8.981526538497164,8.303223481520048,8.574544704310894,22760800
2008-10-30,8.809952735900879,9.009453477892325,8.558582135847027,9.009453477892325,12635200
2008-10-31,9.169055938720703,9.228906022292854,8.406962997348723,8.690254509108389,11914400
2008-11-03,8.905713081359863,9.384515170888111,8.813942921861347,9.04536375422518,6656400
2008-11-04,9.256837844848633,9.336637711851955,8.953596523751553,9.137136902790864,13283200
2008-11-05,8.746111869812012,9.408454220122435,8.71020167820188,9.408454220122435,11916600
2008-11-06,8.283271789550781,9.137134813563163,8.20347117975887,9.137134813563163,16488000
2008-11-07,8.426913261413574,8.766063977754754,8.191502280707411,8.766063977754754,9203200
2008-11-10,8.231405258178711,8.706217524381119,8.07978493741853,8.706217524381119,9576800
2008-11-11,7.944122314453125,8.187513549895739,7.804471593116623,8.183523442310673,18536600
2008-11-12,7.461331367492676,7.908212801775383,7.457341259557172,7.908212801775383,12548000
2008-11-13,8.043869018554688,8.043869018554688,7.106215476631542,7.612947491169074,26487000
2008-11-14,7.652849197387695,8.075790591188378,7.616939000070798,7.972050105721229,20816600
2008-11-17,7.433399200439453,7.716690721784772,7.405469211229731,7.473299511182684,17826400
2008-11-18,7.397490978240967,7.569061048980304,7.162079943159819,7.337640121735222,16555400
2008-11-19,6.922680377960205,7.493252990955093,6.898740486523025,7.265821358677884,15549400
2008-11-20,6.515696048736572,7.134148219688456,6.499736380594439,6.886767655721763,32947200
2008-11-21,6.962577819824219,6.990507808435605,6.431905753102556,6.603475791863226,40260000
2008-11-24,7.509210109710693,7.676790814818416,6.986518218484176,7.158089030979602,27572000
2008-11-25,7.6049675941467285,7.736638045152764,7.381526990234795,7.696738508087513,20835000
2008-11-26,8.051848411560059,8.13962844599957,7.497236706487899,7.604966506607143,14159000
2008-11-28,8.17553997039795,8.231399932266541,8.007959323757271,8.055839834669566,2973000
2008-12-01,7.461331367492676,8.035893211570443,7.461331367492676,7.972053006672913,13911800
2008-12-02,7.808454990386963,7.848355270913507,7.4732938516192675,7.612944452944899,15381600
2008-12-03,8.087759971618652,8.155590251893544,7.581027922567105,7.67279807792875,20796000
2008-12-04,8.17553997039795,8.430900665837116,7.924169380954384,7.928159486949983,23791000
2008-12-05,8.414941787719727,8.462821542062684,7.808459318452455,8.05983069237539,21869200
2008-12-08,8.730156898498535,8.865817537961819,8.574546478364029,8.714197226168627,24899000
2008-12-09,8.554591178894043,8.841871944817907,8.251349989901424,8.630400905366054,21340600
2008-12-10,8.754095077514648,8.75808518472967,8.490754089604371,8.586514379659459,14823600
2008-12-11,8.38302230834961,8.68227345841001,8.315192017227849,8.55858319614152,17193800
2008-12-12,8.355093002319336,8.454843393785781,8.075791601799251,8.207462088093555,15333200
2008-12-15,8.32716178894043,8.49075234598647,8.16357047085941,8.466811707612674,12555600
2008-12-16,8.770052909851074,8.809953212615392,8.339131314273391,8.770052909851074,24669800
2008-12-17,8.817936897277832,8.897736773191244,8.574545639516083,8.702226049805763,15252400
2008-12-18,8.570554733276367,8.8618257372492,8.510704641657117,8.853846283125783,23598800
2008-12-19,8.535175323486328,8.836700600483129,8.498992228901237,8.836700600483129,23152600
2008-12-22,8.306015014648438,8.575377586507807,8.161282657584202,8.551255782603208,10919200
2008-12-23,8.21756649017334,8.406521994425455,8.177362979297646,8.338176255982232,7868000
2008-12-24,8.277872085571289,8.326115689319996,8.229627715004327,8.229627715004327,2093400
2008-12-26,8.370338439941406,8.3984806659241,8.281891334450354,8.358277924130622,2293800
2008-12-29,8.209526062011719,8.32611540612071,8.12509860809576,8.26581052007687,3640000
2008-12-30,8.519091606140137,8.519091606140137,8.2537495099422,8.28189173729377,5029400
2008-12-31,8.671866416931152,8.695988223194526,8.494971381756832,8.53517490340805,8379400
2009-01-02,9.106058120727539,9.106058120727539,8.63567892092958,8.691964129269698,17581000
2009-01-05,9.065857887268066,9.130183205569578,8.905044591514287,8.973390338061929,12900000
2009-01-06,9.21863079071045,9.286976535014375,9.077918873988454,9.138223762064094,14270600
2009-01-07,8.852778434753418,9.061836052503335,8.820615783316361,9.033693061530075,9687600
2009-01-08,8.905047416687012,8.921129134773539,8.708050971038197,8.824641126709947,10786000
2009-01-09,8.631665229797363,8.957313153110304,8.631665229797363,8.941231433373003,8215400
2009-01-12,8.426621437072754,8.675882533976027,8.374357421673592,8.675882533976027,10140800
2009-01-13,8.318077087402344,8.519093928211749,8.24973133085441,8.410544650138256,15952800
2009-01-14,7.992426872253418,8.24570844563948,7.956244557159288,8.117057828537172,13930600
2009-01-15,8.189425468444824,8.330136627001261,7.839655869188662,8.036652257985976,24993800
2009-01-16,8.285909652709961,8.362295456127109,8.064790795043717,8.362295456127109,18043800
2009-01-20,7.799449920654297,8.310032661082527,7.771307697717288,8.285910865253385,22445600
2009-01-21,8.036651611328125,8.060773412737115,7.723065125738285,7.827593954268231,22873600
2009-01-22,7.936142921447754,8.104997058789971,7.783370495670613,7.940163349339023,17469000
2009-01-23,7.9120192527771,8.020568479756683,7.674819430926023,7.711002506585884,16159800
2009-01-26,7.9683051109313965,8.137159238381185,7.85171577618792,7.863776292336939,12225200
2009-01-27,7.9441819190979,8.096954309141806,7.895937562505173,8.000466362774386,10045200
2009-01-28,8.28189468383789,8.37838268343685,8.137162301030221,8.310036921201947,15402200
2009-01-29,7.948207855224609,8.213550083357333,7.944187425487015,8.137163451980165,14344800
2009-01-30,7.751213550567627,8.056759394070827,7.694928285436262,8.012535421500207,17530600
2009-02-02,7.678840637207031,7.767287738453326,7.5662709718605665,7.586373108610709,10403000
2009-02-03,7.895941734313965,7.9562474036217905,7.61049817134893,7.698945310545468,12760000
2009-02-04,7.7230658531188965,7.9562461003676095,7.6828631025902485,7.815534173062401,13659800
2009-02-05,7.867794990539551,7.928099858483288,7.6346156054905725,7.690900046662326,12784000
2009-02-06,8.092938423156738,8.177365902861949,7.835637088471265,7.976349043434307,13637000
2009-02-09,8.06881332397461,8.121078115528624,7.96026408011764,8.117057687961534,7987200
2009-02-10,7.686886310577393,8.060777086693228,7.650703208563184,8.008513032016367,15233400
2009-02-11,7.747189044952393,7.811514371139178,7.6386397694553025,7.755229902430335,10095000
2009-02-12,7.759247303009033,7.779349440845355,7.497925645682063,7.558230525554725,19116800
2009-02-13,7.634618282318115,7.815533716399363,7.622556997773276,7.71502531231384,14544800
2009-02-17,7.345153331756592,7.445661721845812,7.248665369289119,7.317011105222516,9550600
2009-02-18,7.296907424926758,7.385355280275616,7.204439909623861,7.345151779373226,19696000
2009-02-19,7.220523834228516,7.445663225607678,7.212483744179366,7.34917524365303,18207200
2009-02-20,7.172277927398682,7.268765878421588,7.023525190310407,7.023525190310407,26896600
2009-02-23,7.011466979980469,7.3170126420448955,6.967243033670862,7.212483802379303,13649600
2009-02-24,7.317014217376709,7.377319123716164,7.027549440037738,7.027549440037738,19100400
2009-02-25,7.248667240142822,7.393398837789629,7.115996161655872,7.2888699931001595,24086000
2009-02-26,7.09589147567749,7.39339618850297,7.079810533620535,7.353193449951539,13208000
2009-02-27,7.047650337219238,7.200422790648745,6.939101064961816,7.007446817847784,13977400
2009-03-02,6.7823076248168945,7.023527187559662,6.758185055087987,6.999405384649043,20303400
2009-03-03,6.730042934417725,6.95920198287784,6.677778899449995,6.838592199525664,21032600
2009-03-04,6.8787970542907715,6.999406861103582,6.75014638920552,6.894878004017202,17242400
2009-03-05,6.557169437408447,6.842613763376807,6.5250067720560825,6.726023622212968,21704600
2009-03-06,6.561190128326416,6.705922511598412,6.372234557691223,6.705922511598412,22140800
2009-03-09,6.476760387420654,6.669736297001855,6.4164551281197415,6.452637823609429,10268200
2009-03-10,6.87477445602417,6.923018056800082,6.512944382931995,6.512944382931995,15933400
2009-03-11,6.983323097229004,7.0838314846761685,6.886834370479761,6.995383612959053,12135200
2009-03-12,7.24062442779541,7.284848364289684,6.878794381147963,6.927037978397942,14046600
2009-03-13,7.325052261352539,7.501947268402991,7.168259395340931,7.465764181351347,8764600
2009-03-16,7.152179718017578,7.433602841117163,7.152179718017578,7.401440176568113,9447400
2009-03-17,7.4979248046875,7.501945231803818,7.1762983035626675,7.1762983035626675,13877400
2009-03-18,7.735127925872803,7.863778581026201,7.4496843806034985,7.514009708180198,16071000
2009-03-19,7.650700569152832,7.835635678474948,7.598435765688181,7.835635678474948,19638800
2009-03-20,7.497912406921387,7.708096668065802,7.392821047299776,7.667676499237938,13131800
2009-03-23,8.027414321899414,8.035497738066846,7.574709865651042,7.695970359568713,18763000
2009-03-24,7.92232084274292,8.059748916363235,7.8819006850398186,7.9546568147153245,20254200
2009-03-25,7.978907585144043,8.181007576979354,7.756597902505315,7.9425295249376635,13475800
2009-03-26,8.346731185913086,8.358857465402126,8.100169670572804,8.128463551763454,21169600
2009-03-27,8.124420166015625,8.24972195033192,8.084000011766728,8.217385981122867,18545600
2009-03-30,7.881905555725098,7.974871436225956,7.772771293771466,7.914241547679781,13073000
2009-03-31,7.942532539367676,8.067834365995301,7.817230712740051,7.942532539367676,9363800
2009-04-01,8.088044166564941,8.209303889279951,7.724264227469398,8.09208626011551,18910600
2009-04-02,8.532666206359863,8.64988385986154,8.205263499341646,8.245683672289031,21994400
2009-04-03,8.645842552185059,8.662010931215496,8.451826629524277,8.597338956995236,9907200
2009-04-06,8.524580955505371,8.653924876061547,8.451824807454877,8.6175468020363,9282600
2009-04-07,8.273974418640137,8.443738463762303,8.257806818173941,8.423528770441962,8640200
2009-04-08,8.508411407470703,8.540747383153732,8.354815715713931,8.403320064713713,6695600
2009-04-09,8.856024742126465,8.90857119049476,8.68626065754143,8.791352783327458,17708400
2009-04-13,8.860066413879395,8.908570766143473,8.678176056577259,8.771142667504197,6964800
2009-04-14,8.662010192871094,8.79539622469948,8.60542241298956,8.79539622469948,8881800
2009-04-15,8.690301895141602,8.718595777959752,8.548831710100362,8.617545755923222,12670000
2009-04-16,8.993452072143555,9.062166118813682,8.714553792017684,8.714553792017684,15867200
2009-04-17,9.102584838867188,9.167256781836551,8.97324095292846,9.151088410619023,17246200
2009-04-20,8.754973411560059,9.045997182989735,8.690301462353464,9.045997182989735,11581000
2009-04-21,8.900482177734375,8.948985735063365,8.690298040108372,8.722634001977745,5932400
2009-04-22,8.989408493041992,9.203634784538473,8.799434758209514,8.864106700746119,13732800
2009-04-23,8.989408493041992,9.1187523781152,8.84389623685945,9.05812252835593,19810800
2009-04-24,9.21171760559082,9.349144884911665,9.033869404484062,9.094499245262428,11557400
2009-04-27,9.090461730957031,9.248099550555793,9.001537971097589,9.126839807933768,24423200
2009-04-28,9.090461730957031,9.231931944649823,8.957075705692548,8.997495876883436,18090800
2009-04-29,9.256184577941895,9.450200492102518,9.16726081002262,9.195554701135539,20318400
2009-04-30,9.413819313049316,9.648255305695027,9.39360884845462,9.531036923896975,19703400
2009-05-01,9.36935806274414,9.474450177011517,9.284475644279905,9.462323896959347,11795000
2009-05-04,9.672510147094727,9.69271984712179,9.413822286185255,9.478494251412622,14346800
2009-05-05,9.668462753295898,9.797806612853,9.5633706746682,9.797806612853,18849600
2009-05-06,9.769518852233887,9.842275011492132,9.587628454088273,9.834190822474394,15520000
2009-05-07,9.555290222167969,9.943322723321003,9.510828734926335,9.91502883936255,22189000
2009-05-08,9.696762084960938,9.797812128494442,9.498704092149348,9.729098068053633,16368400
2009-05-11,9.526996612548828,9.611879037818975,9.417862396180297,9.539122893573289,13104000
2009-05-12,9.324896812438965,9.595710928538365,9.16321691572676,9.595710928538365,25952800
2009-05-13,8.997495651245117,9.155133466890653,8.961117575180667,9.155133466890653,17772600
2009-05-14,9.009624481201172,9.191514142005058,8.940910403755035,9.025792091273347,18903600
2009-05-15,8.944951057434082,9.21576525165924,8.944951057434082,8.9974975208685,15597200
2009-05-18,9.385527610778809,9.385527610778809,9.009622102643554,9.094503767752943,12567600
2009-05-19,9.349146842956543,9.490617015035133,9.276391481355088,9.421902975508413,31602600
2009-05-20,9.248096466064453,9.579541142523428,9.215760494086794,9.397650818305111,26767200
2009-05-21,9.029829978942871,9.203636139198473,8.961115933515085,9.130880000398408,23486600
2009-05-22,9.126842498779297,9.191514483371552,8.953036251081036,9.110674888106669,14725000
2009-05-26,9.434030532836914,9.462324416896196,8.936864587636766,9.050040123873895,22097200
2009-05-27,9.227889060974121,9.490618994811946,9.187468893241245,9.397653148691736,15550200
2009-05-28,9.191506385803223,9.353186204846557,9.033868658604744,9.332976516572462,10764200
2009-05-29,9.345107078552246,9.369358869795091,9.134922831912796,9.25618255907757,8702000
2009-06-01,9.793766021728516,9.80589229952663,9.409776476192288,9.514868570924929,23066000
2009-06-02,9.87460994720459,9.915030117046994,9.708887944706282,9.745266020469385,14580200
2009-06-03,9.745264053344727,9.80993600365801,9.65229745018773,9.801851817131235,17432800
2009-06-04,9.765477180480957,9.781645559216376,9.583586774461152,9.781645559216376,9926800
2009-06-05,9.704845428466797,9.898861310129924,9.611879581538705,9.898861310129924,13933600
2009-06-08,9.793766021728516,9.854395868818411,9.53103617037208,9.603792295260087,11066200
2009-06-09,9.850356101989746,9.89481758570014,9.737179804194154,9.838229822277572,9908800
2009-06-10,9.704845428466797,9.991827157058015,9.607837487635233,9.910987591840337,25089000
2009-06-11,9.656340599060059,9.830146773633519,9.636130901484302,9.74122302496943,19056000
2009-06-12,9.644211769104004,9.66846355203692,9.47040565435917,9.55932937241338,19330800
2009-06-15,9.450201988220215,9.571462531981116,9.373404491884227,9.571462531981116,14769800
2009-06-16,9.21171760559082,9.51890890166124,9.195549236876454,9.48253084300417,18397400
2009-06-17,9.341068267822266,9.446160428077198,9.13896813755143,9.219807727089275,33056200
2009-06-18,9.312773704528809,9.389571193435136,9.215764970524718,9.357235205750694,10902200
2009-06-19,9.389084815979004,9.470270470740472,9.324136601867343,9.356610708923174,17844800
2009-06-22,9.108996391296387,9.291662962335147,9.108996391296387,9.279485655478858,20710200
2009-06-23,9.015632629394531,9.178003946692003,9.015632629394531,9.113055729470544,20881800
2009-06-24,9.068401336669922,9.251068637129627,9.048105314060459,9.133349538112565,17863600
2009-06-25,9.385025978088379,9.40532200411194,9.023750675767637,9.023750675767637,18089200
2009-06-26,9.320075035095215,9.401260670635269,9.287600935727912,9.32819375349794,9934600
2009-06-29,9.437798500061035,9.482450697711863,9.28760523702713,9.344435517921992,10516600
2009-06-30,9.368785858154297,9.518979040198227,9.303837664363284,9.421555975268166,13065800
2009-07-01,9.429678916931152,9.555516776231453,9.413442248332206,9.437797638352569,17795600
2009-07-02,9.04810905456543,9.42967970222206,9.04810905456543,9.332257359783519,18747400
2009-07-06,9.092757225036621,9.161764789692999,8.970979534110628,8.979098253304008,10067400
2009-07-07,8.849202156066895,9.113055142560391,8.845143570215283,9.113055142560391,12929800
2009-07-08,8.922271728515625,8.962864567233098,8.808612709199503,8.889797612390447,21558000
2009-07-09,8.987214088439941,9.03592561792116,8.91008859693963,9.03592561792116,11360200
2009-07-10,8.970980644226074,9.064343603772128,8.853261524085921,8.853261524085921,11221600
2009-07-13,9.117114067077637,9.1374108683085,8.85732120527299,8.95068416820356,14854800
2009-07-14,9.259191513061523,9.279488320724676,9.064346804959536,9.064346804959536,14317800
2009-07-15,9.514923095703125,9.535219123204648,9.320077670166938,9.356611139064734,15877800
2009-07-16,9.63264274597168,9.67323558068473,9.441857429337444,9.523042324519622,10016200
2009-07-17,9.648879051208496,9.661056358215022,9.57581211219401,9.636700969958136,9454400
2009-07-20,9.851839065551758,9.884313163563418,9.69352716028179,9.69352716028179,12344400
2009-07-21,9.851839065551758,9.945202000554836,9.689468575493454,9.904609184479368,14720000
2009-07-22,9.920843124389648,9.981731939923158,9.770649990113245,9.782828062917266,10830000
2009-07-23,10.152227401733398,10.233412281519993,9.855901080736967,9.920849294263752,14239400
2009-07-24,10.14410400390625,10.156282078668474,9.985792903214444,10.079155820327896,9072600
2009-07-27,10.184700965881348,10.188760325790971,10.01015236098621,10.14816750093847,7059000
2009-07-28,10.152227401733398,10.19687958887448,10.058864441569117,10.11569393484411,9009600
2009-07-29,10.099457740783691,10.221236236858765,10.022332211604404,10.12381390454503,18623000
2009-07-30,10.257767677307129,10.359249350155256,10.20499677384962,10.257767677307129,25589600
2009-07-31,10.257767677307129,10.34707127068574,10.196878828446996,10.2334115183681,10219400
2009-08-03,10.468851089477539,10.497265837651604,10.302420412290921,10.383606070711524,11297800
2009-08-04,10.513497352600098,10.550030803561596,10.395779057246836,10.440430450677102,10036800
2009-08-05,10.424196243286133,10.550033284948706,10.306477146001683,10.550033284948706,11530800
2009-08-06,10.416083335876465,10.623106130768845,10.375490494364303,10.56627661719825,9553600
2009-08-07,10.757060050964355,10.813889554418944,10.513503819489964,10.554096653776348,29883000
2009-08-10,10.659632682800293,10.752995615629022,10.562210391034201,10.748936256691657,17104200
2009-08-11,10.545976638793945,10.623102937055517,10.424198925112577,10.55409535950439,9612400
2009-08-12,10.623102188110352,10.724583867104817,10.49726512294547,10.570332055700487,11095000
2009-08-13,10.651515007019043,10.708344489214968,10.481025786187642,10.708344489214968,10583200
2009-08-14,10.505388259887695,10.675877595812375,10.412025254897648,10.63122616147687,10754400
2009-08-17,10.172521591186523,10.28618133145585,10.12381082695941,10.28618133145585,17594000
2009-08-18,10.286182403564453,10.322715867664419,10.184700730896488,10.257767659096418,11511800
2009-08-19,10.391725540161133,10.42419965102048,10.156288042869905,10.241532293534236,12505200
2009-08-20,10.468851089477539,10.50944314444402,10.363310043228283,10.436376206714243,10610800
2009-08-21,10.683989524841309,10.712404267049346,10.521619016335627,10.521619016335627,7617600
2009-08-24,10.6068696975708,10.744884907348103,10.570336988388929,10.712410785885451,9309800
2009-08-25,10.71646499633789,10.834184113953837,10.62310203879378,10.627161398805754,11805800
2009-08-26,10.77735424041748,10.858539895125276,10.663695252919107,10.708346666188989,16410400
2009-08-27,10.797651290893555,10.846362065449558,10.602806644181936,10.769236543361918,7793800
2009-08-28,10.801708221435547,10.927545264017494,10.732700661133777,10.927545264017494,10268800
2009-08-31,10.61904239654541,10.769235616021499,10.578449571748326,10.696168686235495,6726400
2009-09-01,10.428254127502441,10.777350462177392,10.403897975082424,10.56220986883849,17803600
2009-09-02,10.37548828125,10.436377143408489,10.31054005838176,10.363310973364635,8633000
2009-09-03,10.485090255737305,10.513505010684028,10.343015706759683,10.44855677816466,9973400
2009-09-04,10.675872802734375,10.675872802734375,10.476968795830262,10.517561624110321,8185200
2009-09-08,10.769233703613281,10.797648443652209,10.692107427619336,10.7732930627965,8408400
2009-09-09,10.882895469665527,10.915369577260352,10.70022890478606,10.757058399516055,9239000
2009-09-10,11.02902603149414,11.049322052309273,10.842299388171947,10.903188999104474,6876800
2009-09-11,10.992494583129883,11.057442790697623,10.935665095069037,11.057442790697623,14143400
2009-09-14,11.02902603149414,11.061500129344491,10.866655542242384,10.94378104073474,7237000
2009-09-15,11.081798553466797,11.126450738036077,10.976258293247337,11.00873239814034,11094600
2009-09-16,11.29288101196289,11.3091184520914,11.085858295786949,11.106155095947585,8731600
2009-09-17,11.28070068359375,11.402478354953798,11.1913963353024,11.288818627239149,12094400
2009-09-18,11.321425437927246,11.382512888913555,11.26441131221651,11.317353666170083,17290000
2009-09-21,11.276629447937012,11.337716124819424,11.174818060879911,11.296991414644737,11242000
2009-09-22,11.321425437927246,11.386584660670716,11.301063472104612,11.362150146331716,13856600
2009-09-23,11.158529281616211,11.378442278400941,11.158529281616211,11.374369729190926,14984000
2009-09-24,11.052644729614258,11.23997809926091,10.987485499326542,11.21554358209284,17241800
2009-09-25,10.987485885620117,11.089297283619027,10.934544300434785,11.020065501909395,14831200
2009-09-28,11.195184707641602,11.231836884445036,10.987489298008668,11.040431676395656,13848800
2009-09-29,11.248125076293945,11.32142864004389,11.166675636448105,11.21147290603926,12521000
2009-09-30,11.187033653259277,11.301062673380738,11.040425800827858,11.301062673380738,14544800
2009-10-01,10.942689895629883,11.158529572063387,10.893820080597013,11.158529572063387,11569400
2009-10-02,10.804224967956543,10.88160106495755,10.775717126327516,10.816441837609723,11790400
2009-10-05,10.971195220947266,11.020064251456326,10.812368929894738,10.840876770577463,10168400
2009-10-06,11.138163566589355,11.227757288801508,11.01191769057244,11.044497296536775,9306000
2009-10-07,11.146309852600098,11.203323974936533,11.081149856953823,11.117802014672721,8206000
2009-10-08,11.3255033493042,11.41102535512595,11.195184842108745,11.207402493443158,8780800
2009-10-09,11.321425437927246,11.337715631992715,11.244049346393878,11.32957053495998,6095800
2009-10-12,11.378445625305176,11.45582175277717,11.309213821889477,11.394735050177335,5555400
2009-10-13,11.398805618286133,11.439530338523683,11.313284404870766,11.337718926309524,7823400
2009-10-14,11.541341781616211,11.594283374335067,11.468037440344384,11.533196682195022,12479000
2009-10-15,11.557632446289062,11.590212070717099,11.468038673301843,11.492473197432991,7381200
2009-10-16,11.53726863861084,11.561703158858444,11.390659963606419,11.480254499113295,8433800
2009-10-19,11.66758918762207,11.716459013555317,11.512836162892595,11.56577776229071,8006000
2009-10-20,11.549485206604004,11.675731122291673,11.48025342507993,11.667586024051353,9744200
2009-10-21,11.398805618286133,11.70423985492861,11.370298547147678,11.533196651338447,13986800
2009-10-22,11.549485206604004,11.622789537248238,11.341789862031781,11.402876545315536,15245600
2009-10-23,11.504690170288086,11.692022805526106,11.447676025086857,11.663515732925491,10802200
2009-10-26,11.435455322265625,11.700164781574328,11.38251374110759,11.480252582540375,16880000
2009-10-27,11.239981651306152,11.447677054768626,11.182966724217144,11.427314303394144,22433600
2009-10-28,10.922323226928711,11.231829872970513,10.901961264419795,11.187032623340004,15974400
2009-10-29,11.215544700622559,11.248124319015592,11.00784934208221,11.068936029474225,18201600
2009-10-30,10.922323226928711,11.276627122601022,10.889743620858999,11.191105171193604,26614200
2009-11-02,11.028209686279297,11.134093624634827,10.840877102329765,10.922325747923765,22309000
2009-11-03,11.036355972290039,11.07708068785201,10.889747306970675,10.918254374836254,20694200
2009-11-04,11.040428161621094,11.22368821053696,11.00784854558543,11.125949362429967,19444400
2009-11-05,11.341796875,11.362158856431893,11.081159007464924,11.09337666237994,16824800
2009-11-06,11.443605422973633,11.455822298019324,11.256271979090453,11.33772143760655,7352000
2009-11-09,11.692021369934082,11.696093919342623,11.484326787414165,11.529123277389356,16747200
2009-11-10,11.732744216918945,11.757179509474906,11.606498312416827,11.639077925732188,12973800
2009-11-11,11.744958877563477,11.846770240387876,11.683872215220648,11.810118087630368,16492600
2009-11-12,11.614645004272461,11.82641290827122,11.598354806999007,11.749036024741027,12840400
2009-11-13,11.818270683288574,11.82641578390581,11.643154903815713,11.643154903815713,21015800
2009-11-16,12.009674072265625,12.034108593665104,11.850848518029865,11.907862660215127,19988000
2009-11-17,11.911931991577148,11.973018666951342,11.793830412662386,11.973018666951342,13646000
2009-11-18,11.879351615905762,11.916003774125864,11.797902202803495,11.903786129132772,9624200
2009-11-19,11.744958877563477,11.871204749973197,11.622785552877819,11.826408278526618,13654000
2009-11-20,11.683874130249023,11.761250219411263,11.614642361110738,11.663511388291186,10892600
2009-11-23,11.785689353942871,11.907862738502923,11.73681953406319,11.769399155063166,19581800
2009-11-24,11.773468971252441,11.810121133462548,11.696092098057854,11.773468971252441,12832800
2009-11-25,11.88749885559082,11.88749885559082,11.773469812042858,11.814194525935653,11759600
2009-11-27,11.655366897583008,11.797902205404641,11.52097590966606,11.635004155923367,12747800
2009-11-30,11.655366897583008,11.720526117375517,11.553555519562314,11.696090827383948,17821800
2009-12-01,11.838628768920898,11.891571128781104,11.753107570813432,11.757180119784163,14076800
2009-12-02,11.87528133392334,11.944513115245115,11.789760132927846,11.826412298142863,10860000
2009-12-03,11.793835639953613,11.956734548830854,11.769401114325852,11.928227472805206,14958000
2009-12-04,11.871209144592285,12.00967271143221,11.700165960658222,11.907861310918108,20408800
2009-12-07,11.90786075592041,11.981165085155514,11.8508466228528,11.883426238428479,15958600
2009-12-08,11.818270683288574,11.87121228378152,11.72867613001806,11.846777758689356,12372600
2009-12-09,11.818270683288574,11.854922859306594,11.73274868032668,11.810125582671336,10619600
2009-12-10,12.001529693603516,12.02596499322983,11.86713865269669,11.879356302509848,12564000
2009-12-11,12.119630813598633,12.12777591313944,12.021891949387285,12.07483354288364,10038000
2009-12-14,12.213293075561523,12.229583269237908,12.103336598523493,12.201075430304236,12050800
2009-12-15,12.197006225585938,12.237730164829149,12.119629342857005,12.176643479204982,9295800
2009-12-16,12.209223747253418,12.278455535119154,12.176644128067155,12.209223747253418,10743400
2009-12-17,12.062615394592285,12.148136600447717,12.042252647893829,12.148136600447717,7644400
2009-12-18,12.1244478225708,12.149015886711474,11.964753453144722,12.149015886711474,12803200
2009-12-21,12.280046463012695,12.312804141827149,12.14492094027749,12.15311055523227,11875000
2009-12-22,12.271854400634766,12.341464551858444,12.247286341674796,12.28004401395626,4932000
2009-12-23,12.349653244018555,12.349653244018555,12.210432951955651,12.312800767825172,6044200
2009-12-24,12.357840538024902,12.406976643060359,12.320988068746155,12.386503396129637,2310000
2009-12-28,12.349653244018555,12.41516858369469,12.296422323408365,12.394695332922568,5048000
2009-12-29,12.39060115814209,12.402885577834198,12.349653873506222,12.36193829319833,4091400
2009-12-30,12.304612159729004,12.378317118133438,12.275949293906061,12.361938672379408,4557000
2009-12-31,12.189960479736328,12.361938452621251,12.189960479736328,12.341464419537031,3240800
2010-01-04,12.28414249420166,12.329184599935253,12.243195196353373,12.243195196353373,10887800
2010-01-05,12.329178810119629,12.341462447002364,12.210431780223994,12.288231531500294,12324400
2010-01-06,12.345562934875488,12.374225808799485,12.292331994874457,12.320994868798454,8493800
2010-01-07,12.447927474975586,12.452022281732702,12.341464842304191,12.423359415437428,11473400
2010-01-08,12.44383430480957,12.452023919400885,12.333277631845373,12.40288779386227,12876000
2010-01-11,12.41926383972168,12.50525321428786,12.35374849767339,12.468400736760138,8347000
2010-01-12,12.259571075439453,12.374222540856815,12.210434175257346,12.345559674502475,10946800
2010-01-13,12.39879035949707,12.419263610632825,12.267758896813048,12.308706180089025,9231600
2010-01-14,12.39879035949707,12.41516880420478,12.33736904408087,12.361937882649137,11280600
2010-01-15,12.275951385498047,12.423361327422807,12.235004092629541,12.37422441977967,11779000
2010-01-19,12.439741134643555,12.439741134643555,12.22681659427995,12.337373281793937,8837000
2010-01-20,12.271854400634766,12.357843778501431,12.206339056071837,12.341464551858444,10056200
2010-01-21,12.116257667541504,12.386508704058778,12.095784411837478,12.2759512488459,13573200
2010-01-22,11.882855415344238,12.161295979828518,11.874665803211313,12.06711700230867,20184200
2010-01-25,11.944275856018066,11.997506772479703,11.866476103339311,11.960654299158419,10623200
2010-01-26,11.960655212402344,12.042549777370263,11.85828739669467,11.882856234787718,11013800
2010-01-27,11.981131553649902,12.02207884402693,11.858289682518814,11.964752325097248,14083600
2010-01-28,11.911519050598145,12.091686624204513,11.841908904955078,12.034360116554403,12583200
2010-01-29,11.837811470031738,12.075304717548294,11.829621859185307,11.940179262599292,14724400
2010-02-01,11.989316940307617,11.989316940307617,11.8500966707197,11.862380306798187,17754200
2010-02-02,12.15719985961914,12.161294665242972,11.948369458829632,12.017979592426135,10987400
2010-02-03,12.16539192199707,12.194055568979326,12.091687744199124,12.124445416888609,9726800
2010-02-04,11.813246726989746,12.09578213228606,11.809151920419714,12.06711848629583,20252400
2010-02-05,11.780491828918457,11.862385636585913,11.551187293038351,11.8091547006523,16607800
2010-02-08,11.706785202026367,11.899236442920918,11.706785202026367,11.805058225951536,12753800
2010-02-09,11.886954307556152,11.960658499075132,11.768207233822572,11.80915452755845,13809800
2010-02-10,11.837811470031738,11.90332679479463,11.735443677464183,11.899231989371415,11132600
2010-02-11,11.977034568786621,11.977034568786621,11.731351652200361,11.805056605276686,11655200
2010-02-12,11.977034568786621,11.977034568786621,11.813246218063934,11.837814275421222,12668800
2010-02-16,12.169486045837402,12.169486045837402,11.989319246657276,12.103970704134724,9041800
2010-02-17,12.267759323120117,12.267759323120117,12.15310786316858,12.222718012855369,9261600
2010-02-18,12.345562934875488,12.34965774272245,12.202247784250767,12.239100273868688,11835200
2010-02-19,12.374222755432129,12.415170042793177,12.28823415487802,12.353749502253878,11500000
2010-02-22,12.37012767791748,12.427454191370371,12.345559618440259,12.411074964382536,7114400
2010-02-23,12.29642105102539,12.415167299024345,12.255473772713747,12.345557160195863,11450600
2010-02-24,12.456117630004883,12.468402050810278,12.300518871492697,12.353749799640282,12672000
2010-02-25,12.47658920288086,12.480684009264357,12.243190706052792,12.243190706052792,11438000
2010-02-26,12.497062683105469,12.529820351722865,12.406978508654309,12.480683458294557,12622400
2010-03-01,12.693609237670898,12.701798850426595,12.521631274823566,12.558483751219741,16310200
2010-03-02,12.628097534179688,12.746843829315125,12.628097534179688,12.714086149863485,23871000
2010-03-03,12.664947509765625,12.75093610839813,12.611715803084477,12.669042316510676,10509800
2010-03-04,12.779601097106934,12.800075134232621,12.689517676767887,12.709991713893574,9202200
2010-03-05,13.017094612121582,13.04985228893359,12.824642577472003,12.873779483192322,9603200
2010-03-08,13.049848556518555,13.066226999737815,12.963859191353153,13.021184914127156,8996600
2010-03-09,13.029379844665527,13.09080039856653,12.984337740669257,13.00481177930607,11104800
2010-03-10,13.058037757873535,13.103079844761316,13.000712033474118,13.041659314189882,10431800
2010-03-11,13.152215003967285,13.152215003967285,12.992521479850119,13.008900703351554,10104200
2010-03-12,13.189069747924805,13.201354948671618,13.103081152742094,13.193165335510074,7273800
2010-03-15,13.172693252563477,13.225924968145005,13.07851580569886,13.148125969994556,9852200
2010-03-16,13.27096176147461,13.279151373058792,13.17268798447313,13.17268798447313,10171000
2010-03-17,13.336479187011719,13.365142051054322,13.275057871486746,13.340574774451484,10701000
2010-03-18,13.33238697052002,13.389712706383184,13.320101768542804,13.336480996506323,12632400
2010-03-19,13.292181015014648,13.427563519997406,13.218335443209867,13.292181015014648,9850800
2010-03-22,13.431669235229492,13.46038678865785,13.160902613626908,13.169106287472763,10154800
2010-03-23,13.484997749328613,13.509613460009428,13.353717089008768,13.46858884053032,12510400
2010-03-24,13.431669235229492,13.472693864415922,13.370130726460559,13.41115535564699,11658400
2010-03-25,13.50961685180664,13.657308022993837,13.493206373899328,13.530129166696126,11089800
2010-03-26,13.562945365905762,13.644994596688555,13.489099806210236,13.530124421601634,12225600
2010-03-29,13.583462715148926,13.64089782400962,13.521924204232846,13.632692584888186,10956800
2010-03-30,13.571154594421387,13.636794937351329,13.513717924992116,13.591666908151515,8300400
2010-03-31,13.472692489624023,13.542434665122123,13.448076775630451,13.538332828617758,16472400
2010-04-01,13.567049980163574,13.620383243086769,13.472692093446588,13.54243426689385,11818000
2010-04-05,13.731154441833496,13.743461518516154,13.567052782780825,13.620386056721353,11257600
2010-04-06,13.751665115356445,13.776280830770865,13.65730722041833,13.702435249516824,6830600
2010-04-07,13.702436447143555,13.75987155647462,13.599873304769693,13.718845360531462,9535400
2010-04-08,13.83371353149414,13.85422584161423,13.624483899297964,13.636792537361176,17121800
2010-04-09,13.936279296875,13.948586372289286,13.776281056532314,13.858330312613209,8731200
2010-04-12,13.936279296875,13.977303924915448,13.919868819663124,13.936279296875,7615000
2010-04-13,14.01012134552002,14.051145963212692,13.895249599000607,13.91986530860952,11748400
2010-04-14,14.227559089660645,14.243969567869922,14.022432807012699,14.063457437546553,10157400
2010-04-15,14.28909683227539,14.313710983276723,14.182430294638774,14.202942608802969,13446600
2010-04-16,14.100379943847656,14.284993907468738,14.010125445513477,14.243969277770413,24210800
2010-04-19,14.124994277954102,14.16191706706392,13.919868019563818,14.071661012575666,18600600
2010-04-20,14.297304153442383,14.309612797072454,14.186537315699324,14.223458551620574,18688600
2010-04-21,14.362943649291992,14.387559370079643,14.239868175332857,14.297303292181148,22586400
2010-04-22,14.6214017868042,14.633708863479981,14.23576492273208,14.301405273318599,6724400
2010-04-23,14.633706092834473,14.682937520195274,14.547553442436733,14.617297182036648,12308200
2010-04-26,14.748576164245605,14.822421731815362,14.650114885822953,14.699346307528742,15200200
2010-04-27,14.321916580200195,14.732169133703481,14.280891950845584,14.732169133703481,34413600
2010-04-28,14.272686004638672,14.403966690054459,14.174224708082223,14.367043899469442,21214200
2010-04-29,14.588578224182129,14.617295771543615,14.338323970041502,14.338323970041502,16949000
2010-04-30,14.28498649597168,14.654214231646966,14.276781261291285,14.576265284677463,21522600
2010-05-03,14.572165489196777,14.64190764625776,14.317809438461556,14.354732217196403,15865200
2010-05-04,14.145505905151367,14.44088820371249,14.083968969610519,14.408067252766108,31579600
2010-05-05,13.94448184967041,14.153709916360606,13.858327643396619,14.026531089948014,52681800
2010-05-06,13.448081016540527,13.977307296877663,12.73013968020251,13.841924739692363,61745800
2010-05-07,13.201922416687012,13.591662511440925,12.976283126173668,13.390638145940075,59363800
2010-05-10,13.891152381896973,13.932177013229927,13.739359367977796,13.854229587701566,32851600
2010-05-11,13.887048721313477,14.092175004139314,13.710639992884108,13.75166618844288,25128600
2010-05-12,14.088072776794434,14.108585091510895,13.882946499651235,13.973202562390817,20669200
2010-05-13,13.772180557250977,14.083973430030664,13.759873479242948,14.055254306362642,20900600
2010-05-14,13.542430877685547,13.727044768533217,13.435765943522831,13.661404447897233,28417600
2010-05-17,13.644994735717773,13.657303372451615,13.28397373462649,13.587559647589105,26881800
2010-05-18,13.390643119812012,13.78448519627959,13.329106175670432,13.739358729904817,31547000
2010-05-19,13.308589935302734,13.427563530524719,13.070644309847786,13.304488099083262,30801800
2010-05-20,12.791672706604004,13.099362072737861,12.767057776411763,13.00090156947437,37065000
2010-05-21,13.017309188842773,13.087052132024965,12.447058571496525,12.553724295333664,39212800
2010-05-24,12.9270601272583,13.11167333643524,12.90244518920033,13.00500834401911,28109600
2010-05-25,13.058334350585938,13.058334350585938,12.504493433309626,12.623467009370232,28373400
2010-05-26,13.017309188842773,13.292179125938231,12.963976718171402,13.140384602696335,26672800
2010-05-27,13.484997749328613,13.484997749328613,13.18961704610342,13.31269246952966,21461000
2010-05-28,13.27987289428711,13.505511454717352,13.201925483226212,13.44397451913951,22551200
2010-06-01,13.078853607177734,13.38654386469156,13.07475176943957,13.189622788478136,21865800
2010-06-02,13.407048225402832,13.407048225402832,13.095256315219704,13.128076475107699,15747800
2010-06-03,13.452179908752441,13.526025484270809,13.3167958319724,13.497307934345788,15779400
2010-06-04,12.931159019470215,13.242950231638666,12.88603099396143,13.201925607533823,30449800
2010-06-07,12.685005187988281,13.05012960089708,12.685005187988281,12.939362039308683,23859800
2010-06-08,12.791672706604004,12.824492874358501,12.5250087457869,12.72603237109501,27551800
2010-06-09,12.80808162689209,13.1034639013652,12.750646532408753,12.890132432577838,24687800
2010-06-10,13.242949485778809,13.242949485778809,12.951670602067978,12.951670602067978,20529800
2010-06-11,13.230645179748535,13.255260896967483,13.033724136964953,13.058339071689234,15432000
2010-06-14,13.267565727233887,13.468590138020506,13.24705341551829,13.3947445638531,13794600
2010-06-15,13.583462715148926,13.587564552214973,13.316797921165032,13.349618877650766,13892200
2010-06-16,13.489106178283691,13.567053610344175,13.39885010380034,13.546541292958732,14940800
2010-06-17,13.407048225402832,13.526021794055776,13.283972821446431,13.505507922572484,20803000
2010-06-18,13.363838195800781,13.503773731831345,13.347374822142191,13.42145843357212,15347200
2010-06-21,13.25682544708252,13.553159839378388,13.182741849008552,13.54492815403312,17667800
2010-06-22,12.960492134094238,13.363836089987059,12.944029548046611,13.256825748102163,19324400
2010-06-23,12.952258110046387,13.059267647594092,12.828785989423356,12.964605636115328,24974600
2010-06-24,12.64357852935791,12.894639427545608,12.602421674259402,12.894639427545608,22128800
2010-06-25,12.680621147155762,12.738242161050705,12.540685632722921,12.668274403834285,24836400
2010-06-28,12.585959434509277,12.72589495245808,12.57361190586082,12.676505622881013,14020600
2010-06-29,12.137340545654297,12.433674113868813,12.055026058103017,12.433674113868813,37547600
2010-06-30,11.989179611206055,12.281398274450803,11.964485330585253,12.120884272890056,22985200
2010-07-01,12.087950706481934,12.129107553310636,11.787500543523285,12.034445549578168,31249400
2010-07-02,11.95213508605957,12.145575000194164,11.886282381974961,12.116764883729095,13910200
2010-07-06,11.95213508605957,12.215542762330811,11.836893835182503,12.06737555191984,23608600
2010-07-07,12.28962516784668,12.306087753498186,11.948018076648141,11.968596504966706,25911200
2010-07-08,12.396636009216309,12.421330282765805,12.22788958241381,12.413098596577038,15888200
2010-07-09,12.5159912109375,12.5159912109375,12.363708955009765,12.380171540913183,10611400
2010-07-12,12.532456398010254,12.56949820293181,12.40898345326612,12.450141101514165,13791400
2010-07-13,12.845254898071289,12.898760085701767,12.651814937832375,12.67650921711422,21130800
2010-07-14,12.762937545776367,12.824673622818029,12.672391351783054,12.746474173222959,16298800
2010-07-15,12.804097175598145,12.837023140788641,12.598309696903309,12.750591991528005,19851000
2010-07-16,12.355478286743164,12.758821487292243,12.334899071398745,12.730011370826851,20785000
2010-07-19,12.474835395812988,12.524224730790646,12.306089744249332,12.384289197540271,10422600
2010-07-20,12.651811599731445,12.680621715461726,12.306088640934524,12.31020448389839,21192400
2010-07-21,12.425445556640625,12.717663337803875,12.384287912599062,12.717663337803875,19769200
2010-07-22,12.799978256225586,12.865830170783589,12.561264869698638,12.561264869698638,20877200
2010-07-23,12.985186576843262,12.9975341053043,12.709431388014082,12.820556789113173,16531400
2010-07-26,13.17862606048584,13.182741117913537,12.944028536273185,13.026343030110661,18001600
2010-07-27,13.009882926940918,13.244480495902263,12.96872527966316,13.244480495902263,21536200
2010-07-28,12.919333457946777,13.063384803169395,12.861713233864402,12.989301209339667,10320200
2010-07-29,12.853483200073242,13.10865996881895,12.697085092466812,12.97695613398895,14975000
2010-07-30,12.939915657043457,12.989304207652484,12.63946536993496,12.697086392334638,15494000
2010-08-02,13.215667724609375,13.2280144668017,13.0428062687668,13.121004919373755,18389600
2010-08-03,13.013998985290527,13.19509216529602,12.960493807439958,13.19509216529602,13878800
2010-08-04,13.232133865356445,13.248595668382604,13.10866092245823,13.116892608988143,14175200
2010-08-05,13.273292541503906,13.273292541503906,13.125125303788673,13.162167113217482,12509800
2010-08-06,13.182744979858398,13.215671729059443,12.98107413612036,13.100430461906512,12817200
2010-08-09,13.310332298278809,13.33914241561005,13.244480377231163,13.302100611893648,12502600
2010-08-10,13.195091247558594,13.265058223699151,13.092196742311408,13.190974619530579,16105000
2010-08-11,12.849367141723633,12.981071759362747,12.824672869361134,12.976955916466203,15123000
2010-08-12,12.799978256225586,12.82878837071762,12.639463527600803,12.639463527600803,16404400
2010-08-13,12.655926704406738,12.783514688776561,12.647695018959206,12.730010303401064,11725800
2010-08-16,12.651811599731445,12.738242731939065,12.532455293846459,12.585959682343153,10934000
2010-08-17,12.8576021194458,12.972843395003938,12.721782409153017,12.779402654423603,11798800
2010-08-18,12.97695255279541,13.055151192510097,12.779396070052442,12.83290122882203,12524000
2010-08-19,12.725893020629883,12.939912107947176,12.651809430018771,12.894638628125575,15809000
2010-08-20,12.717662811279297,12.742357082675161,12.573611455606082,12.676505168941702,12997600
2010-08-23,12.602425575256348,12.861717453715809,12.602425575256348,12.783517991792474,12799800
2010-08-24,12.388401985168457,12.52833748390255,12.289624124594388,12.462485576853172,24562000
2010-08-25,12.5159912109375,12.581843124584639,12.264930299522323,12.293741198632587,14923200
2010-08-26,12.429561614990234,12.623001524816718,12.417214086058713,12.544802078283979,12548800
2010-08-27,12.631231307983398,12.651809734752522,12.310202669275107,12.532453446461615,21005800
2010-08-30,12.408984184265137,12.643581772576963,12.408984184265137,12.606539965473317,14036000
2010-08-31,12.425445556640625,12.52422343133032,12.306088467421766,12.35959364018083,14879800
2010-09-01,12.853483200073242,12.874062414900916,12.598307216344311,12.598307216344311,16659600
2010-09-02,13.092193603515625,13.0963094455401,12.878175313359094,12.88229037036697,19466000
2010-09-03,13.285634994506836,13.335025104473312,13.12923690469644,13.23213139709322,15829600
2010-09-07,13.071619033813477,13.232133780044583,13.046924759399781,13.207438720614057,10168400
2010-09-08,13.166278839111328,13.223899849654908,13.083964343361027,13.088079400884348,8764000
2010-09-09,13.17862606048584,13.29386650886164,13.121005051281262,13.27740313908414,10095800
2010-09-10,13.289753913879395,13.322679089501715,13.186860188754965,13.190975246945138,10800000
2010-09-13,13.450263977050781,13.46672734510899,13.351485338734722,13.429685551994616,8309400
2010-09-14,13.462615966796875,13.528467894670449,13.363838860003419,13.429690787876991,12989000
2010-09-15,13.48730754852295,13.507885976292465,13.363835411872452,13.392645524756455,11513600
2010-09-16,13.48730754852295,13.503770918751922,13.384413839641969,13.45026575052446,13505000
2010-09-17,13.522401809692383,13.576078960188365,13.460466514883176,13.547176242632062,12389000
2010-09-20,13.782529830932617,13.811432552658188,13.559564627552328,13.563692912764466,10259800
2010-09-21,13.724722862243652,13.832075591711273,13.662787565383082,13.782528299270835,26858400
2010-09-22,13.63388729095459,13.794917201563138,13.584339989632031,13.724725322612873,15219400
2010-09-23,13.563693046569824,13.737110953714211,13.485243026123683,13.510017462881516,20614400
2010-09-24,13.914657592773438,13.92704402400985,13.732981534211287,13.732981534211287,12136200
2010-09-27,13.823820114135742,13.931174439395118,13.819691828585919,13.931174439395118,20005000
2010-09-28,13.93117618560791,13.964207199387785,13.675178347181378,13.840338141322333,14090600
2010-09-29,13.83208179473877,13.918789989164024,13.794920914973556,13.910531840873896,9857600
2010-09-30,13.794919967651367,13.993110787762141,13.708211779180521,13.910530885612497,17187000
2010-10-01,13.811430931091309,13.935299948954903,13.745367349892057,13.865108083028206,15241800
2010-10-04,13.782529830932617,13.881624426825942,13.671047229242474,13.76601353992366,13933600
2010-10-05,14.071561813354492,14.104592827780479,13.902272154754282,13.931176458112791,17481800
2010-10-06,13.976593971252441,14.063303731571272,13.91878851442693,14.042657575493104,11143400
2010-10-07,14.042652130126953,14.067426562765549,13.90226682866815,14.05504013398623,9913000
2010-10-08,14.187177658081055,14.236724984483494,14.013759653050853,14.042662391375702,12956200
2010-10-11,14.19129753112793,14.24910297350268,14.154136664589851,14.207813821829337,8669200
2010-10-12,14.224333763122559,14.261494639197759,14.05504567768678,14.162398444637034,9951000
2010-10-13,14.244977951049805,14.356460576198119,14.220203509323335,14.2903969733414,11864200
2010-10-14,14.228460311889648,14.306911915735718,14.137623850971588,14.244976604813072,9326800
2010-10-15,14.331684112548828,14.339942258625921,14.158267770170823,14.311039534896254,15719000
2010-10-18,14.352330207824707,14.352330207824707,14.228461153730963,14.32342748103885,13282400
2010-10-19,14.092203140258789,14.240846608554218,14.013751545836092,14.187169450540825,21151200
2010-10-20,14.273882865905762,14.331688330377295,14.121111056219453,14.145883926661096,14070200
2010-10-21,14.356454849243164,14.525742862475106,14.244972268566531,14.344068420861284,21472000
2010-10-22,14.434911727905273,14.447299737266118,14.315170946261254,14.3275589556221,8842600
2010-10-25,14.52574634552002,14.653745244784544,14.509230053663897,14.52574634552002,12575800
2010-10-26,14.58768367767334,14.63723098504016,14.406007592194156,14.443168466489398,12431600
2010-10-27,14.496842384338379,14.525745105078272,14.36058535078161,14.476197808821334,12865800
2010-10-28,14.562910079956055,14.60832910395659,14.46794374571884,14.57942637506181,15479000
2010-10-29,14.55877685546875,14.600067583694722,14.496843125750138,14.562906715831462,13511000
2010-11-01,14.529875755310059,14.690907250747937,14.4596838721103,14.58768278127977,13170400
2010-11-02,14.695032119750977,14.75283755719995,14.608323963577519,14.653742971596008,14582600
2010-11-03,14.769357681274414,14.773485967129782,14.538134296362639,14.748713101836682,16252200
2010-11-04,15.000574111938477,15.017088822784194,14.926252400353734,14.930380684295233,18210200
2010-11-05,15.074906349182129,15.112067234803819,14.996456290683446,15.017100877121942,13729200
2010-11-08,15.050127029418945,15.0666433215281,14.92625798876091,14.951030851844333,6390000
2010-11-09,14.913871765136719,15.099676135877393,14.847808163882311,15.09141798883553,9539800
2010-11-10,15.045997619628906,15.045997619628906,14.8478068336222,14.93864486786374,13875400
2010-11-11,15.025350570678711,15.116188589983048,14.897353261746341,14.922126121498364,30785400
2010-11-12,14.868452072143555,15.062514581157743,14.798260188079954,14.95516182462505,19690600
2010-11-15,14.83955192565918,14.988195441371808,14.823037204531653,14.922131831619605,11610800
2010-11-16,14.637228965759277,14.89735504994024,14.583551804719967,14.719808850031995,34991200
2010-11-17,14.765228271484375,14.794132573676897,14.657875510079771,14.662003796061278,18684200
2010-11-18,14.89322566986084,15.012966427164885,14.86845123125576,14.90561210162321,20116400
2010-11-19,14.963419914245605,14.971676485802435,14.794131845883033,14.835421003988863,13373000
2010-11-22,15.033610343933105,15.041868489771595,14.860194006565612,14.917999452354776,13599800
2010-11-23,14.810647010803223,14.893226904586117,14.752841557679336,14.864324178024173,19872600
2010-11-24,15.116185188293457,15.116185188293455,14.92625262256255,14.92625262256255,18699800
2010-11-26,14.99232006072998,15.083156507951829,14.975803770296862,15.00883477608295,5781400
2010-11-29,14.9592924118042,15.000583151500168,14.785876030323134,14.951034263865004,16357400
2010-11-30,14.926259994506836,15.025354610317178,14.769358348546522,14.81064750928741,22782400
2010-12-01,15.244189262390137,15.301996289752942,15.120320211059296,15.128578357825411,17291000
2010-12-02,15.4423828125,15.45476924605374,15.24832028639508,15.264836581187108,14392400
2010-12-03,15.450638771057129,15.483671359329005,15.326769715198598,15.38457516959388,13418200
2010-12-06,15.46715259552002,15.500185178517512,15.396960719270721,15.438249872937337,20307200
2010-12-07,15.475409507751465,15.640569259413835,15.446506787472568,15.628181254237077,14517400
2010-12-08,15.434123992919922,15.500187594130281,15.355672383614781,15.479543014079637,11641200
2010-12-09,15.45475959777832,15.57037043898652,15.421727028816216,15.537339445103997,8637600
2010-12-10,15.508445739746094,15.533218605772399,15.434123991506185,15.491929445674891,8656400
2010-12-13,15.434123992919922,15.599282208405572,15.425865845883566,15.599282208405572,9095200
2010-12-14,15.4299898147583,15.508441402113746,15.38870066620916,15.454764248935819,8645600
2010-12-15,15.380440711975098,15.496051574375123,15.339151568283622,15.409343427575104,7886800
2010-12-16,15.49193000793457,15.50018815526989,15.343286506059929,15.405221823534548,8970800
2010-12-17,15.51685619354248,15.52931568863688,15.446248691141426,15.450402912420357,9792400
2010-12-20,15.608217239379883,15.63729042698691,15.483616053212737,15.566682982534202,8601200
2010-12-21,15.674671173095703,15.699590143957385,15.604063725457674,15.66636432135182,8971400
2010-12-22,15.695446014404297,15.724519219075399,15.666372809733193,15.691291794096523,6604200
2010-12-23,15.628994941711426,15.703755074032614,15.583308018140581,15.695448216622365,4577800
2010-12-27,15.583304405212402,15.608224971665411,15.500237434739715,15.574997549728064,6736600
2010-12-28,15.550068855285645,15.616522080054692,15.487769848272706,15.616522080054692,6113800
2010-12-29,15.599915504455566,15.658061898740419,15.574994942174737,15.595761285223553,3734800
2010-12-30,15.570844650268555,15.61237734261564,15.541769864380809,15.579149921241447,5904400
2010-12-31,15.537611961364746,15.566685153025501,15.48777243057061,15.562532518946872,4425200
2011-01-03,15.720365524291992,15.807586725591891,15.645605399961152,15.662219113005978,8508400
2011-01-04,15.633149147033691,15.778516789744264,15.550082148966395,15.757748851949033,7314800
2011-01-05,15.761893272399902,15.770200125478492,15.562533551624398,15.562533551624398,12311200
2011-01-06,15.666366577148438,15.732819816298125,15.6289865311036,15.732819816298125,7382200
2011-01-07,15.658071517944336,15.7369843037564,15.525164939539076,15.691297370359957,10834800
2011-01-10,15.645600318908691,15.682980368934597,15.508541191727282,15.583301291779094,9125000
2011-01-11,15.641443252563477,15.757736004419662,15.595756361657141,15.757736004419662,6302800
2011-01-12,15.678823471069336,15.741124065629506,15.641443431207222,15.72451036249747,41989200
2011-01-13,15.653902053833008,15.707895793852076,15.612369382661322,15.678822607157928,9280400
2011-01-14,15.749430656433105,15.76189172701435,15.604064702735833,15.624831041211149,9176400
2011-01-18,15.795123100280762,15.820043665827386,15.74943618896393,15.79097046487497,8026800
2011-01-19,15.637292861938477,15.807579380597087,15.599912817141702,15.766045117283923,12632000
2011-01-20,15.670522689819336,15.728669088935796,15.583303091144648,15.599916800712364,13397600
2011-01-21,15.707903861999512,15.81589139750395,15.674678024870142,15.795123466881101,8574000
2011-01-24,15.770198822021484,15.790965160816446,15.633138134108576,15.703745587255554,9685000
2011-01-25,15.778508186340332,15.790967674726831,15.637294841935407,15.720360210339198,11426600
2011-01-26,15.803424835205078,15.89479862823393,15.749431086199836,15.828345392677523,9719000
2011-01-27,15.928033828735352,15.952954400875527,15.824200488041194,15.874041632321541,8722000
2011-01-28,15.408859252929688,15.840806109786222,15.379786059138404,15.824192403513994,22204600
2011-01-31,15.442084312438965,15.52099702865213,15.388090567466802,15.467004868049962,9879400
2011-02-01,15.624833106994629,15.649753667081834,15.487773987440697,15.54176615774089,9688600
2011-02-02,15.579147338867188,15.624834243498386,15.53346201860638,15.591608412002309,8011200
2011-02-03,15.761893272399902,15.78681224726545,15.608220451371533,15.628986791882898,11030800
2011-02-04,15.869878768920898,15.882339840390372,15.736972291961163,15.774352337629225,9752000
2011-02-07,15.952943801879883,16.027703884259417,15.86157001577823,15.898950056967998,8280400
2011-02-08,16.144001007080078,16.156462080426266,15.965407604698784,15.965407604698784,11486000
2011-02-09,16.25198745727539,16.297674359675785,16.143999945352586,16.143999945352586,11511600
2011-02-10,16.27276039123535,16.293526741365355,16.148160706084383,16.193847626992962,9016800
2011-02-11,16.43889045715332,16.455502582689743,16.181382706706493,16.23537647171897,10310600
2011-02-14,16.3724308013916,16.413965063941344,16.31013178412216,16.413965063941344,7055200
2011-02-15,16.39320182800293,16.409813951797304,16.27690745521982,16.310134871549398,6031600
2011-02-16,16.526111602783203,16.538571094193117,16.42227828271199,16.48457732413228,9252800
2011-02-17,16.530263900756836,16.57179817855923,16.418123727246414,16.46796486060929,6606800
2011-02-18,16.617488861083984,16.621643082387898,16.501196014513713,16.530269226156282,7377800
2011-02-22,16.21877098083496,16.476277277405078,16.173084047623682,16.430591928565182,15399400
2011-02-23,15.982008934020996,16.285201744432715,15.824181996967914,16.231209611110472,17915800
2011-02-24,16.077550888061523,16.110778310958462,15.865731612391093,16.00694499096162,18894400
2011-02-25,16.24368667602539,16.28521937498612,16.13154648758633,16.18138604321339,8581200
2011-02-28,16.36827850341797,16.36827850341797,16.239524663425183,16.27275207414725,9762800
2011-03-01,16.056787490844727,16.438895002505603,16.036021139904367,16.3932080798142,20081600
2011-03-02,16.11908721923828,16.18138626854692,16.011099665443155,16.023560742801624,14813400
2011-03-03,16.405656814575195,16.426423151896866,16.25198401715087,16.29767090988053,15178200
2011-03-04,16.28521156311035,16.418118037275683,16.148152454789294,16.38073799239355,16378400
2011-03-07,16.123239517211914,16.38489995505771,16.031865678897628,16.293526116743422,16608200
2011-03-08,16.25198745727539,16.297674359675785,16.048473505956455,16.13154045719623,10753600
2011-03-09,16.289369583129883,16.33090227186034,16.13569514921206,16.21876211104349,13902400
2011-03-10,16.102466583251953,16.231220431465573,16.031859123144407,16.102466583251953,19229000
2011-03-11,16.202144622802734,16.26029259158162,15.99447805884573,16.040164956415495,21319000
2011-03-14,16.00278663635254,16.12738785565272,15.865727513240785,16.073394099580664,13307000
2011-03-15,15.869878768920898,15.97371205306883,15.57083998794658,15.641445860669487,14972600
2011-03-16,15.599915504455566,15.869881132831011,15.525155401983495,15.774354687310124,19049600
2011-03-17,15.670522689819336,15.857422961529775,15.65390898025162,15.803429197619971,12396200
2011-03-18,15.66051959991455,15.843877949615784,15.63968208703658,15.835543262400405,35608200
2011-03-21,15.9022216796875,15.931392294704699,15.810541695530997,15.860549826714157,26727400
2011-03-22,15.777209281921387,15.914727709886398,15.768874590881117,15.893891777125612,13460600
2011-03-23,15.914725303649902,15.956398752550406,15.635520349574419,15.739701587306381,14919800
2011-03-24,16.148090362548828,16.19393035728154,15.981399761644312,15.989734450657476,10029200
2011-03-25,16.177265167236328,16.285614562777642,16.143927992232705,16.20226924074889,7081400
2011-03-28,16.01056671142578,16.223097258386808,16.006400162713163,16.223097258386808,19556000
2011-03-29,16.15642738342285,16.1605939336911,15.97723551797548,16.006406138892064,12230000
2011-03-30,16.33144187927246,16.356445935789854,16.210592913635185,16.260599436991257,14049400
2011-03-31,16.273109436035156,16.306448196016504,16.181431025445598,16.27727757587261,11099600
2011-04-01,16.37727928161621,16.493963270685978,16.310603397724257,16.373112734357292,12049200
2011-04-04,16.414793014526367,16.464799555764607,16.36061833420536,16.418961153609136,5774400
2011-04-05,16.46896743774414,16.55231273162626,16.356451529455168,16.356451529455168,8023200
2011-04-06,16.43979835510254,16.58565144072655,16.36061960318144,16.535644895609664,14635000
2011-04-07,16.37312126159668,16.481469033219977,16.264771900294086,16.389790638670817,19789400
2011-04-08,16.27727508544922,16.452298779533944,16.198096337447655,16.443964090813814,17011600
2011-04-11,16.281436920166016,16.37728342817313,16.218927567706267,16.289771606472573,9573400
2011-04-12,16.26059913635254,16.31060565878405,16.16475263932603,16.193923243217633,17972600
2011-04-13,16.31477165222168,16.356443483825004,16.18975297805476,16.33560756802334,16133200
2011-04-14,16.27727508544922,16.30227756193028,16.127253867845553,16.210599165367515,8229400
2011-04-15,16.356449127197266,16.406455660310417,16.256434471291936,16.302274455678585,12910200
2011-04-18,16.210601806640625,16.23560428719546,16.027241804280695,16.181431186206925,17991600
2011-04-19,16.24810028076172,16.264768064225443,16.14391908313859,16.206426847905117,8930200
2011-04-20,16.539813995361328,16.602323378654376,16.460636820912498,16.477306201747933,17215000
2011-04-21,16.631488800048828,16.648158175672187,16.523141037855307,16.60648473661379,8625200
2011-04-25,16.614818572998047,16.648157322536317,16.560645489516965,16.63982263515175,8422400
2011-04-26,16.64398765563965,16.714831697063556,16.602315812222475,16.64815579378872,14000000
2011-04-27,16.844018936157227,16.869023001315394,16.685664625859964,16.69399931424602,12916000
2011-04-28,16.91069793701172,16.9398685541,16.810683257223758,16.810683257223758,12118200
2011-04-29,16.8981876373291,16.969031668706666,16.877351718575245,16.923191693640955,20800000
2011-05-02,16.956525802612305,17.094045703129456,16.931523340466217,16.964860486553807,18676800
2011-05-03,16.86068344116211,16.977367455172658,16.785672857040613,16.944028711261414,13279600
2011-05-04,16.823179244995117,16.944029815027605,16.68982744002096,16.881520460961447,21531400
2011-05-05,16.77733612060547,16.935691955472667,16.67732308045253,16.698158998011177,16200000
2011-05-06,16.789838790893555,17.006535828834753,16.743998818872335,17.006535828834753,11709800
2011-05-09,16.810680389404297,16.877356301328554,16.74400447748004,16.79401101400345,8551200
2011-05-10,17.027379989624023,17.056550606000073,16.848188152068655,16.856522840987438,10063200
2011-05-11,16.864849090576172,17.01487023668349,16.77733569556119,17.01487023668349,9847400
2011-05-12,17.031551361083984,17.03571950156311,16.781516981450245,16.82735698864172,15400000
2011-05-13,16.902360916137695,17.064883357402998,16.860687476275316,17.0440474323114,10376800
2011-05-16,16.67733383178711,16.86069225005844,16.63982852013165,16.831521628735267,17553600
2011-05-17,16.69400405883789,16.735675922932437,16.5731534274121,16.627328122478787,32679000
2011-05-18,16.88985252380371,16.898187209029746,16.648153010963373,16.70649421786695,12817400
2011-05-19,16.94403076171875,16.956531997358884,16.83984955890698,16.93986421306504,8554200
2011-05-20,16.781509399414062,16.92736245668939,16.70649880147844,16.873189372375183,12816400
2011-05-23,16.62315559387207,16.698166201183785,16.548144986560356,16.577315601661656,10800000
2011-05-24,16.539813995361328,16.68566869315189,16.51897806415686,16.68566869315189,9649200
2011-05-25,16.543981552124023,16.614824033657463,16.431465619971267,16.485640310936578,11294800
2011-05-26,16.69400405883789,16.727341232177583,16.514812181807848,16.53564811385512,13351200
2011-05-27,16.73567771911621,16.794018970982034,16.685671158899776,16.714841784832686,8530400
2011-05-31,16.85235023498535,16.894023668533745,16.769006547246462,16.894023668533745,11977400
2011-06-01,16.46896743774414,16.819016400305635,16.45646620004956,16.789845785898784,25268600
2011-06-02,16.43145751953125,16.539805258368613,16.339777563045075,16.477297497774337,15816400
2011-06-03,16.218929290771484,16.35228269616473,16.18559213168245,16.218929290771484,14524400
2011-06-06,16.04806900024414,16.248098273891546,16.043902452312565,16.18558892716689,10386200
2011-06-07,16.064739227294922,16.23976445364248,16.064739227294922,16.15641918346168,10020200
2011-06-08,15.93972396850586,16.073075780414463,15.914719907643374,16.060574544822718,20040200
2011-06-09,16.073076248168945,16.131417468866918,15.927223196424016,15.98139627868411,11329800
2011-06-10,15.777209281921387,16.014742412689856,15.756373349160599,15.98973833956905,19248600
2011-06-13,15.756362915039062,15.889714704016088,15.668849511908931,15.798034752964863,19118400
2011-06-14,16.035573959350586,16.06891271439274,15.902222118540632,15.902222118540632,18593800
2011-06-15,15.789706230163574,15.973066203831388,15.760535614294483,15.86055028990232,39760200
2011-06-16,15.752202987670898,15.86888705610193,15.635520508919413,15.793876436996104,17067800
2011-06-17,15.870550155639648,15.983463349864632,15.820367045525982,15.887278390774974,20661800
2011-06-20,16.000192642211914,16.05874147489175,15.786913192402231,15.8078226921416,10205000
2011-06-21,16.326387405395508,16.347296905781818,16.03364961410933,16.079651472134778,25307200
2011-06-22,16.200925827026367,16.359839276958407,16.19256170935221,16.30129204853162,15139200
2011-06-23,16.25947380065918,16.276200441481787,15.954190670376072,15.991828403988642,25104600
2011-06-24,16.100555419921875,16.3054722817403,16.06709895460782,16.25947043957951,19934200
2011-06-27,16.2971134185791,16.368206037349168,16.037830514694818,16.142379609563214,10825600
2011-06-28,16.60657501220703,16.60657501220703,16.364021983054812,16.40584097574896,29755200
2011-06-29,16.681848526000977,16.74875986366835,16.58148231714598,16.702758019904756,25746600
2011-06-30,16.815675735473633,16.853313472765837,16.702762523597023,16.723673618431345,18451400
2011-07-01,17.154409408569336,17.179501756473385,16.80730577471066,16.849126354550744,19309400
2011-07-05,17.229686737060547,17.29659807681392,17.100045318348066,17.125137668990146,23675600
2011-07-06,17.166967391967773,17.200423880409645,17.11260139589632,17.192059758299177,11121000
2011-07-07,17.405319213867188,17.47223051828446,17.33004379698634,17.355136134377066,15744000
2011-07-08,17.3007755279541,17.3007755279541,17.133498013051497,17.16695287791529,12362600
2011-07-11,16.966222763061523,17.17532090073326,16.899311422818254,17.041498220246726,19935600
2011-07-12,16.88258171081543,17.066589076843183,16.8742175946058,16.936947668531996,18989800
2011-07-13,16.97040367126465,17.154409436989855,16.941128467682088,16.99131316357333,12232000
2011-07-14,16.84076499938965,17.095864994712205,16.77803491699181,17.016406677635974,12107800
2011-07-15,16.849124908447266,16.924400350406774,16.72784763025785,16.924400350406774,31336000
2011-07-18,16.68603515625,16.807310886440707,16.57312194927866,16.773856007685765,12047800
2011-07-19,17.008041381835938,17.045679109608326,16.811490221506478,16.811490221506478,16963000
2011-07-20,16.92021942138672,17.045677973837876,16.857490942807164,17.041496713382724,9973800
2011-07-21,17.116769790649414,17.212954720702204,16.991311255593246,16.999675370635902,13880200
2011-07-22,17.183685302734375,17.208777653976426,17.058226737108544,17.125138078461802,8209200
2011-07-25,17.07077980041504,17.141874029961645,16.99550430809178,16.99550430809178,7947800
2011-07-26,17.041507720947266,17.095873713732963,16.970415080244727,17.074964207367103,9939600
2011-07-27,16.744579315185547,17.028952911189904,16.715305703416764,17.024770055055967,19216800
2011-07-28,16.660934448242188,16.88676074897345,16.627477990967176,16.765483484289067,13346200
2011-07-29,16.58148765563965,16.7445839940078,16.430936698594387,16.568940679024116,18268000
2011-08-01,16.49366569519043,16.76967525962079,16.288750349404918,16.76967525962079,16283400
2011-08-02,15.870550155639648,16.426750413904593,15.870550155639648,16.35565780751792,24332400
2011-08-03,15.987640380859375,16.004368611568605,15.57780830023454,15.908183677928358,27995000
2011-08-04,15.209797859191895,15.778545040366279,15.2056165984298,15.736726051576701,46110800
2011-08-05,15.197253227233887,15.49417220996721,14.787421054878264,15.397987254798341,49672800
2011-08-08,14.243762016296387,14.97142245320501,14.181031953156227,14.812507463130574,52621400
2011-08-09,14.904515266418457,14.917060644411198,13.976119007942435,14.440317137180445,50522000
2011-08-10,14.26885986328125,14.7330580946142,14.22704086391304,14.544869406872117,46480800
2011-08-11,14.90034008026123,15.09271006594122,14.32322852792839,14.394321159260743,38716800
2011-08-12,15.084339141845703,15.176342830583804,14.871059748752645,15.042520153487738,21431200
2011-08-15,15.305984497070312,15.305984497070312,15.042521967124294,15.15961642487808,42941800
2011-08-16,15.222350120544434,15.368718227450687,15.055070916686386,15.222350120544434,18259200
2011-08-17,15.201433181762695,15.423078280991483,15.009063287957572,15.364531060728368,19399200
2011-08-18,14.448681831359863,14.774876029829418,14.302313764624492,14.758147794976152,34377200
2011-08-19,14.239585876464844,14.716329476222347,14.21449511560973,14.235404614753168,30236400
2011-08-22,14.281408309936523,14.59505562337326,14.247951830762759,14.557417881949142,21931400
2011-08-23,14.833420753479004,14.837602013840618,14.27303774279389,14.331584959608572,19785200
2011-08-24,15.096883773803711,15.105247890120708,14.749781720754642,14.774874069705639,20670400
2011-08-25,14.795782089233398,15.230704927355745,14.745597396329662,15.16797645416394,23207800
2011-08-26,15.105250358581543,15.188889940127623,14.532321857223227,14.695418163827306,21998800
2011-08-29,15.544354438781738,15.556901411558224,15.27252782310421,15.297620173365031,19820400
2011-08-30,15.61545181274414,15.724182162093502,15.372897163383483,15.50672146339478,27446000
2011-08-31,15.711633682250977,15.887276944598941,15.57781100393451,15.724179059814345,16813800
2011-09-01,15.519262313842773,15.8496377176315,15.498352821450629,15.703268080302463,19644400
2011-09-02,15.080156326293945,15.280890321241454,15.02997163108808,15.20561487372464,24527600
2011-09-06,15.034154891967773,15.055064384554584,14.632686891249739,14.64104941205084,17562000
2011-09-07,15.423074722290039,15.431438836868002,15.172156070826357,15.239067392158326,17093000
2011-09-08,15.213982582092285,15.473263854045786,15.155435352485917,15.322712923462348,14868000
2011-09-09,14.812507629394531,15.101064008728056,14.707958586515264,15.02578857023164,22248000
2011-09-12,14.988153457641602,14.992334718155567,14.569957213394115,14.569957213394115,17743200
2011-09-13,15.163803100585938,15.213987824935987,14.917067122723374,15.021616238846613,16629200
2011-09-14,15.414716720581055,15.607086646285325,15.034158130473754,15.239073435374102,20164600
2011-09-15,15.673998832702637,15.699091187729593,15.418898806785514,15.615451599598861,15697200
2011-09-16,15.849403381347656,15.866188942325476,15.681550973087855,15.736103245886172,23261600
2011-09-19,15.820029258728027,15.908151051657256,15.52628834820475,15.580840620343444,13108200
2011-09-20,15.736100196838379,16.042429421912434,15.723511828923755,15.887167014849451,27629400
2011-09-21,15.228355407714844,15.794854609840588,15.228355407714844,15.769677863552054,28418800
2011-09-22,14.770954132080078,15.068890600354425,14.548549477645714,14.762561352595856,56392200
2011-09-23,14.993358612060547,15.081480403889314,14.661850994313282,14.670243774595901,33179200
2011-09-26,15.345853805541992,15.345853805541992,14.85488795913189,15.13603901290318,28385600
2011-09-27,15.4507474899292,15.7570766232356,15.366821327202885,15.631188179525333,25105200
2011-09-28,15.186391830444336,15.63119970019999,15.169607866135504,15.48852559863758,19486200
2011-09-29,15.060500144958496,15.471736798592055,14.749975259918113,15.454952837792574,26736800
2011-09-30,14.628281593322754,15.018537075474056,14.628281593322754,14.800329588622638,26451400
2011-10-03,14.200257301330566,14.77514906396621,14.200257301330566,14.523372093679358,44002600
2011-10-04,14.649260520935059,14.682831637245414,13.877142454145138,14.015620907786955,35315400
2011-10-05,14.917825698852539,14.959789601696267,14.548551357623817,14.716403767480296,28178600
2011-10-06,15.266118049621582,15.282902009076981,14.87166538837586,14.905236508804911,17806200
2011-10-07,15.253530502319336,15.42557851995266,15.13183917332946,15.354242278846849,23840000
2011-10-10,15.76966381072998,15.782252172656378,15.421370857023772,15.421370857023772,13154600
2011-10-11,15.83681869506836,15.861995441632684,15.677359030202819,15.719321341649742,15960000
2011-10-12,15.979491233825684,16.19350156251111,15.899760608802955,15.912348980855212,19556800
2011-10-13,15.966897964477539,16.038235793150502,15.841009467667758,15.924935665793974,17656800
2011-10-14,16.227069854736328,16.248052607574305,16.02984510428556,16.1683219886123,12333800
2011-10-17,15.89556884765625,16.214486622297045,15.89137165545477,16.147345953911625,11855600
2011-10-18,16.21868133544922,16.34876546013503,15.73191116386851,15.89976200879591,22580000
2011-10-19,15.975295066833496,16.256447666514475,15.91654719247734,16.24385769289564,14810800
2011-10-20,16.055023193359375,16.126361037322702,15.799050555310599,16.008865295217728,17991000
2011-10-21,16.49982452392578,16.50821730230981,16.256440353824118,16.281617088217406,20837200
2011-10-24,16.743215560913086,16.801963427320054,16.5208108656819,16.59634429413637,26215200
2011-10-25,16.378135681152344,16.65509103315172,16.327780599177693,16.65509103315172,22184200
2011-10-26,16.31519317626953,16.445277278987746,16.038237808187827,16.3991193849402,32416200
2011-10-27,16.759994506835938,16.85650905858852,16.457862484189228,16.751601728323692,25967200
2011-10-28,16.62990951538086,16.72642406175685,16.51660941291546,16.68865736093505,18144400
2011-10-31,16.373937606811523,16.579555094118266,16.361349238417752,16.46205938708584,12987000
2011-11-01,16.021459579467773,16.180919288852255,15.870392654867738,15.966907278748867,21417200
2011-11-02,16.18510627746582,16.290013630366563,16.04662940403161,16.290013630366563,10861400
2011-11-03,16.394926071166992,16.432692793961916,15.996277686278269,16.33617819143259,13476800
2011-11-04,16.331968307495117,16.373932189522264,16.147332028850933,16.294203214808316,9393400
2011-11-07,16.436878204345703,16.441075393589735,16.193494053228044,16.365541994783886,9088200
2011-11-08,16.596342086791992,16.621520426514483,16.26903167419505,16.516613078809403,16891400
2011-11-09,16.00466537475586,16.28162072017434,15.945917513721508,16.26483515966191,13776400
2011-11-10,16.155733108520508,16.197695411355824,15.941722802845604,16.172518669958333,13508800
2011-11-11,16.562772750854492,16.60053946047581,16.31519134350564,16.31519134350564,13413000
2011-11-14,16.441078186035156,16.58375223015003,16.373937553555155,16.48723767100746,6967600
2011-11-15,16.49982452392578,16.587946295819894,16.29420705617285,16.369738860111518,7796200
2011-11-16,16.18930435180664,16.491436456138413,16.159928818692343,16.35295957514453,9803600
2011-11-17,15.903950691223145,16.20608269074581,15.815827323968614,16.16831599071064,13999400
2011-11-18,15.89556884765625,16.000476242055957,15.799054236899696,15.975297891126496,7739800
2011-11-21,15.647976875305176,15.71511749882054,15.450750593396844,15.681546386683491,11704600
2011-11-22,15.639589309692383,15.719318326452163,15.488522456244995,15.622803748029503,7865600
2011-11-23,15.32905387878418,15.5430656632303,15.312269927672556,15.488513420032106,9337800
2011-11-25,15.24514389038086,15.433975926726102,15.245143890380861,15.270320641488299,5977400
2011-11-28,15.710922241210938,15.807436799334111,15.614407683087762,15.668959946638749,11134400
2011-11-29,15.765477180480957,15.853598974493952,15.689943756824334,15.75708439999031,9683200
2011-11-30,16.25644302368164,16.273226982447394,16.076002260687527,16.210283535367928,17420400
2011-12-01,16.269033432006836,16.592148289941,16.201892786251637,16.235462308749607,8752000
2011-12-02,16.394926071166992,16.54599296234669,16.38233769715524,16.453673950901393,11458800
2011-12-05,16.54599380493164,16.680275137094007,16.44528200542999,16.64670400367354,9183400
2011-12-06,16.491437911987305,16.58795249835399,16.445278413994675,16.529204628457695,12284200
2011-12-07,16.596342086791992,16.67187550520038,16.344565092603435,16.428491290919318,9435800
2011-12-08,16.24385643005371,16.554382942771586,16.214482495159245,16.50822344486331,12827400
2011-12-09,16.51241683959961,16.57116630233609,16.32358488346092,16.327780473276793,13206200
2011-12-12,16.462060928344727,16.478846488280606,16.231265081883247,16.390724699755893,28487800
2011-12-13,16.138944625854492,16.566966760489443,16.071803993015223,16.541788422890107,15795600
2011-12-14,15.97109603881836,16.10537732294928,15.86618868554363,16.10537732294928,15993000
2011-12-15,15.996265411376953,16.126351045794603,15.971088682673074,16.096977128467785,14978800
2011-12-16,15.996267318725586,16.190416870845503,15.970942834081479,16.101783589666912,24864000
2011-12-19,15.819003105163574,16.122890556741293,15.77257567672243,16.038477196852934,10322800
2011-12-20,16.253732681274414,16.287498675370763,16.04270004832587,16.059583045374044,11583400
2011-12-21,16.308597564697266,16.350805046831027,16.156653849117344,16.279053132229038,6711000
2011-12-22,16.35502815246582,16.39301408870585,16.300159220107748,16.37613109258781,6843400
2011-12-23,16.536516189575195,16.54917763152635,16.40145544192582,16.435219823812606,3983200
2011-12-27,16.587167739868164,16.625153685327962,16.46054845835268,16.473209903488772,4226200
2011-12-28,16.40567398071289,16.63358957661894,16.355026607195203,16.63358957661894,5336000
2011-12-29,16.574504852294922,16.574504852294922,16.409899639644813,16.409899639644813,4639400
2011-12-30,16.46898078918457,16.570275513979464,16.46898078918457,16.549172580484743,3975200
2012-01-03,16.60826873779297,16.802419997407434,16.60826873779297,16.743329503580483,24111000
2012-01-04,16.739112854003906,16.777098802487075,16.578727559291455,16.578727559291455,6236600
2012-01-05,16.878387451171875,16.878387451171875,16.557617009046,16.646250311455425,9152600
2012-01-06,16.903711318969727,16.967021744417018,16.798195016591574,16.88682832417698,6185200
2012-01-09,16.878387451171875,16.95013775977448,16.81085708599552,16.95013775977448,6142800
2012-01-10,16.988122940063477,17.03032881266442,16.929034074401823,17.0218889261849,7713000
2012-01-11,17.013452529907227,17.04721691609962,16.950142091975927,16.958583591036852,5221000
2012-01-12,17.064104080200195,17.089428583565628,16.916381835697788,17.047221077956575,4188200
2012-01-13,17.042993545532227,17.042993545532227,16.86994687469815,16.967021679307415,6846400
2012-01-17,17.08942413330078,17.199160399204427,17.064099636530113,17.140071516790826,4717400
2012-01-18,17.36376190185547,17.38064489610383,17.05565450205214,17.123184868994638,8930000
2012-01-19,17.515705108642578,17.545249542672362,17.367982938493665,17.389085875650522,7903400
2012-01-20,17.372207641601562,17.511489963089502,17.321560256538376,17.511489963089502,12068000
2012-01-23,17.359540939331055,17.48193861531968,17.241361596580482,17.376422322537547,5862400
2012-01-24,17.41019058227539,17.418632080006258,17.241363847760173,17.296232777985278,5635000
2012-01-25,17.53680419921875,17.574790121789498,17.325771653836934,17.397523556493038,8151000
2012-01-26,17.507265090942383,17.68453332014921,17.439734720304315,17.621222893278695,7479800
2012-01-27,17.494604110717773,17.52836849190126,17.3679848636903,17.40597079880365,6762800
2012-01-30,17.44396209716797,17.473506543556294,17.232929417221886,17.342665702371157,9903200
2012-01-31,17.439733505249023,17.56635274011725,17.372203139315907,17.553691299645703,6828400
2012-02-01,17.49882698059082,17.56213741971629,17.435518151516696,17.47350409298171,11254400
2012-02-02,17.477720260620117,17.519926137548815,17.393306896711717,17.490381701688527,7214200
2012-02-03,17.83647918701172,17.83647918701172,17.60434358989069,17.60434358989069,11123600
2012-02-06,17.798490524291992,17.828036572548708,17.71829870774127,17.722520261799854,5171600
2012-02-07,17.882905960083008,17.9082304572057,17.743625251036477,17.79849257972534,18817200
2012-02-08,17.925111770629883,18.009523533002955,17.81537390346303,17.925111770629883,8521800
2012-02-09,17.95465660095215,17.971539597815344,17.794271350854192,17.916670663035557,8258800
2012-02-10,17.857587814331055,17.87869076251063,17.75207146338144,17.773174411561016,6367000
2012-02-13,18.001081466674805,18.02640434830219,17.933551098916826,17.98419847222257,9679200
2012-02-14,17.979982376098633,17.992645430806945,17.8449215995873,17.9082320429745,7708200
2012-02-15,17.89978790283203,18.0939375391721,17.85758202016722,18.060173155050496,9940800
2012-02-16,17.975751876831055,18.001076361327044,17.857574169284128,17.870235606506867,9935000
2012-02-17,18.131919860839844,18.161464294822263,18.02218362176956,18.02218362176956,6741400
2012-02-21,18.0686092376709,18.237434327777365,18.030623310638063,18.191006904731598,8236600
2012-02-22,18.022184371948242,18.098156236794214,17.958873947892943,18.068611801581998,9264400
2012-02-23,18.110815048217773,18.11925654420299,17.954651397618104,18.022181755449104,7072600
2012-02-24,18.0897159576416,18.165687827603083,18.064391464304084,18.110818897063997,5540200
2012-02-27,18.19523811340332,18.220561004829445,17.975763930751214,18.026411323655058,8870800
2012-02-28,18.29652976989746,18.304971268946257,18.15302750617056,18.19523500141454,12252000
2012-02-29,18.229000091552734,18.364060861446813,18.224780146891025,18.309193530587667,19011800
2012-03-01,18.38094139099121,18.40626588571365,18.27120513396297,18.279646632203782,9467200
2012-03-02,18.36827850341797,18.43580887397994,18.304968076618792,18.32607101553484,11599800
2012-03-05,18.35139274597168,18.38937867432325,18.26275944983494,18.3176283707985,6652200
2012-03-06,18.064388275146484,18.191007499378077,18.00951935429417,18.18256761313999,10974000
2012-03-07,18.271203994750977,18.29652687784337,18.123480199824094,18.131921697538576,9631800
2012-03-08,18.456911087036133,18.49489701961155,18.292305915892985,18.292305915892985,8756200
2012-03-09,18.56243133544922,18.600417276103634,18.486459454140384,18.52866694934047,9470800
2012-03-12,18.511783599853516,18.617299920773746,18.47379765992018,18.570872481960638,10772000
2012-03-13,18.798784255981445,18.798784255981445,18.549765725413135,18.583530103938,13602600
2012-03-14,18.773452758789062,18.81988017072984,18.714363910882746,18.8072187347643,13957200
2012-03-15,18.83677864074707,18.849440087119106,18.697496290447972,18.76924824334342,10541200
2012-03-16,18.776229858398438,18.865137701496682,18.73812695850167,18.86090314872555,15447600
2012-03-19,18.873605728149414,18.899006585463,18.704259142684773,18.712726633458878,14249800
2012-03-20,18.903240203857422,18.94134310295288,18.729660689091137,18.78469695388896,9535400
2012-03-21,18.92864227294922,18.98791309422747,18.903241415263544,18.941344316800812,6158800
2012-03-22,18.882070541381836,18.928640930514437,18.801631806067384,18.835501767257874,9118600
2012-03-23,18.903240203857422,18.924408122241868,18.666155318929153,18.852435261724374,7054400
2012-03-26,19.203824996948242,19.216525422432976,19.034478453779595,19.05988091975739,11443800
2012-03-27,19.174190521240234,19.288499201154785,19.161488480133013,19.25886379691861,9001400
2012-03-28,19.009084701538086,19.186897184759736,18.924411398333472,19.186897184759736,13392000
2012-03-29,19.004846572875977,19.02178155333283,18.79316416219122,18.882070387076748,7817600
2012-03-30,19.08951759338379,19.14032091371312,18.979443463502164,19.085284656276524,8367400
2012-04-02,19.14032554626465,19.203830923302906,19.009083469065196,19.059886801690507,21711200
2012-04-03,19.10222053527832,19.220763785002255,19.030249289917936,19.114922578289704,10632600
2012-04-04,18.924402236938477,19.00060801143015,18.805859023835794,18.987905972342773,14964000
2012-04-05,19.055646896362305,19.08528391499577,18.86089949682358,18.86089949682358,11427200
2012-04-09,18.882070541381836,18.924407992869945,18.74659392663716,18.78046388782765,13188000
2012-04-10,18.42060661315918,18.877841493389095,18.382503706473354,18.814336110576395,34536400
2012-04-11,18.67462730407715,18.72543064342939,18.585721056458464,18.60265442623652,9042400
2012-04-12,18.91170310974121,18.928638087793143,18.636516983935092,18.716955707169177,14096400
2012-04-13,18.86090660095215,18.9625148909444,18.772000356589537,18.873608646581793,12947600
2012-04-16,18.79315948486328,18.954038529145794,18.708486218661527,18.907468151984418,19842600
2012-04-17,18.992145538330078,19.047183415552336,18.83126645914656,18.886304336368816,9396400
2012-04-18,19.02178382873535,19.102222573014608,18.924410101973468,18.94981096068859,8628400
2012-04-19,18.86937141418457,19.114923804716646,18.784698120380103,19.02178302003086,11413600
2012-04-20,18.899005889892578,19.0429499977371,18.890538399430117,18.94557627993179,9196200
2012-04-23,18.6957950592041,18.763533382733467,18.573018843116806,18.733897967127433,12324200
2012-04-24,18.632286071777344,18.79316516468201,18.55608188567378,18.716959363569732,17761400
2012-04-25,18.945585250854492,18.958285685057632,18.76353815723212,18.772005651704024,15792800
2012-04-26,19.18265724182129,19.22076013359968,18.915936999372573,18.915936999372573,11561400
2012-04-27,19.419742584228516,19.50865041808039,19.23346265688884,19.322368875732195,17906200
2012-04-30,19.309673309326172,19.407047042333097,19.26310291201657,19.407047042333097,13903200
2012-05-01,19.43668556213379,19.589097208590676,19.292741408814415,19.356246799841177,15511600
2012-05-02,19.542516708374023,19.563684622778087,19.330834334316673,19.368937226247333,19296800
2012-05-03,19.39011001586914,19.550989112804583,19.330839194632073,19.53405413102006,10054600
2012-05-04,19.0133113861084,19.305432490320804,18.99637640803592,19.305432490320804,19999800
2012-05-07,19.004846572875977,19.085286922541705,18.9371082660572,18.95827618412395,15508600
2012-05-08,18.776229858398438,18.865137701496682,18.46717372146186,18.86090314872555,24420200
2012-05-09,18.70425796508789,18.805864617962662,18.4968084917049,18.61111718744549,22291600
2012-05-10,18.767763137817383,18.88207021735209,18.695790279027023,18.81009897357034,15600000
2012-05-11,18.729656219482422,18.9413385828287,18.649215887805546,18.6534504394771,16199200
2012-05-14,18.46717071533203,18.653452246730065,18.46293777825863,18.581479396414892,23373600
2012-05-15,18.437538146972656,18.67462303476351,18.3952023096926,18.45024019016361,19657800
2012-05-16,18.407899856567383,18.628049728983655,18.403666919505408,18.488338580812236,16355800
2012-05-17,17.92103385925293,18.43330491109567,17.908331816267427,18.42483742077488,31044600
2012-05-18,17.785558700561523,18.077681514545812,17.76015784022127,17.976073228158032,18975800
2012-05-21,18.098848342895508,18.103081281026807,17.667015978106065,17.760156767082854,16673400
2012-05-22,18.17081642150879,18.310527580564596,18.05227479443735,18.16658348411704,18412000
2012-05-23,18.26819610595703,18.297831519796798,17.950672430523312,18.043811610444465,13270200
2012-05-24,18.352867126464844,18.3825025392266,18.19198963290357,18.297830854198086,15790000
2012-05-25,18.323225021362305,18.420598715587605,18.268188769196883,18.37402995183416,12193400
2012-05-29,18.577253341674805,18.611121695834512,18.38673880262326,18.47141211053606,24655000
2012-05-30,18.28512954711914,18.42060618664098,18.234326211050686,18.39520532611122,14576800
2012-05-31,18.247020721435547,18.36556395381488,18.07767578447828,18.263955699633797,19736200
2012-06-01,17.67124366760254,17.98029971142995,17.637373715672204,17.937962271517033,30107600
2012-06-04,17.734752655029297,17.789790535705013,17.544238156543106,17.671248898873017,21881000
2012-06-05,17.83212661743164,17.86176202704563,17.658547097546,17.671249140958203,13564200
2012-06-06,18.21738624572754,18.234321224789053,17.96336801983881,17.980302998900324,18108200
2012-06-07,18.21738624572754,18.501041492478162,18.170815860812624,18.501041492478162,16325000
2012-06-08,18.378265380859375,18.382498318135262,18.06920927944764,18.145415070481604,12487200
2012-06-11,18.098848342895508,18.53491364581625,18.069212930949952,18.522213216413533,22115200
2012-06-12,18.293588638305664,18.318991102179208,18.056505435518677,18.162346612479496,24132600
2012-06-13,18.026878356933594,18.30206457506125,17.967605913866663,18.225858763269855,22783200
2012-06-14,18.26819610595703,18.35286779406555,18.052279102257103,18.103082438123998,24209200
2012-06-15,18.44748306274414,18.46447790942317,18.290284782757585,18.354014647445048,20657200
2012-06-18,18.579187393188477,18.617424981065213,18.34126444409794,18.379502031974678,10990600
2012-06-19,18.74913215637207,18.83410475199787,18.638667295843295,18.668407461204705,21073800
2012-06-20,18.72789764404297,18.812868656298278,18.574947228834336,18.778880575539787,14074400
2012-06-21,18.320024490356445,18.753383345395463,18.303031264825346,18.753383345395463,15924800
2012-06-22,18.400745391845703,18.434733456592184,18.307275377537415,18.37950102807207,7776000
2012-06-25,18.1160888671875,18.27328712297397,18.043863210997173,18.222304211503296,15135400
2012-06-26,18.341270446777344,18.40500032100174,18.13733711826451,18.192569567877786,15523600
2012-06-27,18.315776824951172,18.430489607531058,18.256296483032216,18.332771671418808,8129600
2012-06-28,18.213809967041016,18.26054498600813,18.03536893540419,18.209562065643013,13537000
2012-06-29,18.60043716430664,18.62168153726639,18.358266223172087,18.506968730299796,20060400
2012-07-02,18.65566635131836,18.685406523394715,18.51546291448952,18.613180854271516,16784400
2012-07-03,18.638675689697266,18.681162817002807,18.54095772797181,18.638675689697266,5544000
2012-07-05,18.685405731201172,18.778875765602823,18.53670487712378,18.54945020155391,11049600
2012-07-06,18.59618377685547,18.659912014782567,18.489968426259345,18.528206017302654,10615400
2012-07-09,18.494218826293945,18.604683713442924,18.43473848123735,18.583440964596686,11543400
2012-07-10,18.383752822875977,18.655663857348298,18.315775064257895,18.587686098730217,12337600
2012-07-11,18.277542114257812,18.413497666011967,18.162829313580612,18.37950796771442,17611800
2012-07-12,18.235048294067383,18.311523466431254,18.035364562421645,18.17556796461046,12639600
2012-07-13,18.53245735168457,18.57069494981209,18.23505399077253,18.260546263096856,12118800
2012-07-16,18.413497924804688,18.515465400412417,18.345520147972216,18.430492774192317,8102800
2012-07-17,18.59618377685547,18.647166691340672,18.358260808061804,18.464476158657927,12678400
2012-07-18,18.693899154663086,18.744882062193113,18.498463325200152,18.52395396860646,14100800
2012-07-19,18.81711196899414,18.940322165105826,18.685404350317757,18.736387264988316,8381800
2012-07-20,18.587684631347656,18.71514271610483,18.579187209601514,18.689652071583883,11541400
2012-07-23,18.315776824951172,18.379505068128157,18.179821294645624,18.29878197848354,7985400
2012-07-24,18.192567825317383,18.354015636028485,18.07360713359229,18.32852336463688,9807400
2012-07-25,18.154325485229492,18.27328614587256,18.082099832901186,18.222303237128024,6431400
2012-07-26,18.44748306274414,18.506965026120742,18.264794133456824,18.417742891414733,10344000
2012-07-27,18.812864303588867,18.85959932194717,18.54520275962046,18.54520275962046,19862200
2012-07-30,18.740642547607422,18.86385278159462,18.689659617264425,18.80862032830413,15601400
2012-07-31,18.49846649169922,18.659912663299625,18.49846649169922,18.659912663299625,11804600
2012-08-01,18.421993255615234,18.638671888166193,18.400750506654216,18.621678661428096,15779400
2012-08-02,18.468721389770508,18.562189774493245,18.273283958330783,18.30727364056978,14415400
2012-08-03,18.8341064453125,18.8680945141881,18.659911717223714,18.67265866117997,15292400
2012-08-06,18.902090072631836,18.95732090429284,18.825614868020175,18.863852470326005,10836800
2012-08-07,19.080530166625977,19.144260040803147,18.995557541295753,18.995557541295753,12502800
2012-08-08,18.987064361572266,19.004059214581403,18.838363449538278,18.897843814351873,8037000
2012-08-09,18.974321365356445,19.029553834068622,18.92333842077829,18.961576034391552,3436600
2012-08-10,18.957313537597656,18.97006048055829,18.868093040460625,18.906330627907565,8928600
2012-08-13,18.9658203125,18.97856564102863,18.851107493587506,18.931832229517564,4789600
2012-08-14,19.01254653930664,19.10176703912224,18.957314106732326,19.097519138486152,7095400
2012-08-15,19.07202911376953,19.08902395974609,18.982808603469167,18.982808603469167,4618400
2012-08-16,19.229230880737305,19.28871285246168,19.042292403186167,19.042292403186167,14047600
2012-08-17,19.301462173461914,19.331202355120016,19.23773228664121,19.23773228664121,9154800
2012-08-20,19.220739364624023,19.280219728899073,19.14851205034834,19.26747277889844,7038200
2012-08-21,19.19524574279785,19.348196166360903,19.157008136907088,19.25472610291276,6603600
2012-08-22,19.250469207763672,19.284457274501595,19.152751287405582,19.15699918797876,7563200
2012-08-23,19.118762969970703,19.207983474858338,19.080525379202058,19.18674072903523,7060600
2012-08-24,19.275964736938477,19.297207486622025,19.07203142268416,19.084776748350706,5896800
2012-08-27,19.2462215423584,19.335442049456038,19.19948652795935,19.33119414847324,5579600
2012-08-28,19.28447151184082,19.33970398437416,19.19949885118615,19.22923903930748,7244400
2012-08-29,19.3779296875,19.411917758435518,19.275962233258046,19.30145450199796,8028600
2012-08-30,19.271717071533203,19.38218034367253,19.250474321589248,19.297207723178776,11250600
2012-08-31,19.352434158325195,19.437406752424636,19.24621882088025,19.382174323152384,7261600
2012-09-04,19.305706024169922,19.390678648523153,19.18249742061164,19.314203448677045,12437600
2012-09-05,19.335439682006836,19.411914856074738,19.27595935122457,19.331191781544156,12406800
2012-09-06,19.768800735473633,19.78154767976286,19.445906779491644,19.45440420211191,10768800
2012-09-07,19.87501335144043,19.89625771542573,19.798538179102135,19.828278343820646,9532000
2012-09-10,19.845277786254883,19.96424009341821,19.832532461483662,19.875017957866266,5881800
2012-09-11,19.836776733398438,19.900506587029806,19.807036567228465,19.84952367655521,6184400
2012-09-12,19.934499740600586,19.96848943673537,19.841031317665752,19.9132569908753,9850200
2012-09-13,20.18941307067871,20.236148082021742,19.87076703412264,19.925999467593275,11712200
2012-09-14,20.27013397216797,20.3975920489539,20.214903165348403,20.240393808275165,10467000
2012-09-17,20.193666458129883,20.253146808466727,20.134186107793038,20.253146808466727,5422400
2012-09-18,20.095947265625,20.155427612284083,20.05770966838446,20.129936961268985,6535600
2012-09-19,20.30413055419922,20.36361090218989,20.125687889509276,20.15967758591419,11949600
2012-09-20,20.27863311767578,20.282882639003166,20.125682764240338,20.20215794095806,7068200
2012-09-21,20.26413345336914,20.39630070269449,20.23855384963581,20.366456747423214,9417800
2012-09-24,20.208715438842773,20.25561193401163,20.144763159216282,20.195924007093055,5377000
2012-09-25,19.969968795776367,20.345152267451486,19.965706068014246,20.27267288449882,5911200
2012-09-26,19.83353042602539,19.99980438743144,19.761051073448407,19.957170622179493,7033800
2012-09-27,20.033918380737305,20.11065885467345,19.87616982655775,19.910278149528796,5793600
2012-09-28,19.948644638061523,20.03391379961643,19.79942319874694,19.906009244097078,7286200
2012-10-01,19.93585968017578,20.16608600321998,19.897488626335083,19.999811978701786,5375200
2012-10-02,19.89748191833496,20.042439003266885,19.820741462899434,20.004067962362143,8313800
2012-10-03,20.05523109436035,20.123446099727264,19.901746925691295,19.974224657355006,7900600
2012-10-04,20.238561630249023,20.281195403777303,20.12771121687676,20.157555183621398,10827000
2012-10-05,20.298250198364258,20.451734390063493,20.24282498994525,20.374992294213875,10052400
2012-10-08,20.25987434387207,20.315299539141684,20.19592207037837,20.208713500901432,5473400
2012-10-09,19.93585968017578,20.24282811090138,19.927334224988524,20.24282811090138,11578000
2012-10-10,19.812217712402344,19.99980859590834,19.7781093919244,19.957174821685143,10855000
2012-10-11,19.722684860229492,19.95717550561576,19.67152400413353,19.95717550561576,11621800
2012-10-12,19.718414306640625,19.833527406946935,19.671516196178022,19.731204108994557,11437000
2012-10-15,19.914539337158203,19.94012057740885,19.684313054025058,19.799426195591632,6924200
2012-10-16,20.093603134155273,20.114920019445666,19.991279807837646,19.991279807837646,7666400
2012-10-17,20.208715438842773,20.268403365761348,20.10212939038131,20.149025885550166,9962400
2012-10-18,20.221508026123047,20.32382973595315,20.127711770133573,20.200191138772965,8949200
2012-10-19,19.859119415283203,20.157559141324764,19.78664003440559,20.14476933202999,14896400
2012-10-22,19.795169830322266,19.88043903218654,19.65873975788932,19.84633070089093,6554200
2012-10-23,19.63741683959961,19.69710477468096,19.471141215106094,19.59051871164305,9354400
2012-10-24,19.56067657470703,19.7482674777149,19.526568250683198,19.7482674777149,5481600
2012-10-25,19.513776779174805,19.744003067589954,19.42850760275724,19.667260971451572,5990800
2012-10-26,19.577720642089844,19.620356028677893,19.368812940116367,19.57345791661789,7577200
2012-10-31,19.64167022705078,19.790889993801287,19.488186109036846,19.75252059067128,18315800
2012-11-01,19.867637634277344,19.906008674560507,19.684309511410444,19.718417825606117,10258800
2012-11-02,19.85485076904297,20.144764977130656,19.8420609625131,20.08507704482569,12173800
2012-11-05,19.9060115814209,19.935855547513235,19.748264671165085,19.833533842732127,12630200
2012-11-06,20.012601852416992,20.059499987970753,19.901753044505437,19.961440989255852,9504000
2012-11-07,19.77811050415039,19.93585742929623,19.624626306116888,19.86764241087849,13969200
2012-11-08,19.458349227905273,19.846322388840534,19.454086501466016,19.782371734007246,12935200
2012-11-09,19.364553451538086,19.53509178797234,19.266494477319327,19.300602795155825,14761200
2012-11-12,19.38160514831543,19.47540138407628,19.3389713828099,19.441293070572733,7039400
2012-11-13,19.437034606933594,19.60757295910101,19.309131655995163,19.330448543422523,6605200
2012-11-14,19.14712142944336,19.530831929582245,19.095960571549625,19.522304848870895,22211400
2012-11-15,19.13433265686035,19.25370854052956,19.053326198906728,19.130068303086773,13401000
2012-11-16,19.262229919433594,19.292073881516078,19.0405307536966,19.13432699245524,21996600
2012-11-19,19.6757869720459,19.6757869720459,19.47966738913504,19.48819446894631,14625400
2012-11-20,19.773839950561523,19.842054941979804,19.61609146147813,19.667253924822106,10274200
2012-11-21,19.84206199645996,19.876168691108266,19.74400301308147,19.769582627474133,11909600
2012-11-23,20.106393814086914,20.106393814086914,19.927330018214718,19.927330018214718,3779400
2012-11-26,20.012601852416992,20.055237260363374,19.914542853702095,20.029656015595545,14932600
2012-11-27,19.93159294128418,20.08933985249353,19.918803134702774,20.008335033520986,8545200
2012-11-28,20.191661834716797,20.20445164044337,19.795161593452264,19.897483292013003,23569200
2012-11-29,20.247085571289062,20.306773495524816,20.14049952761837,20.23429414011429,7811400
2012-11-30,20.26413345336914,20.29824176017836,20.131967830417377,20.187391389421983,10946600
2012-12-03,20.157556533813477,20.39204718304828,20.14050399908448,20.39204718304828,19672800
2012-12-04,20.072282791137695,20.15328759183664,19.97422220822079,20.127706358070427,11359600
2012-12-05,20.012601852416992,20.140506449881613,19.867644718148334,20.140506449881613,13097200
2012-12-06,20.1404972076416,20.170341166321766,19.98701306221576,20.021119746547186,7606400
2012-12-07,20.217243194580078,20.27266840147859,20.110657133976748,20.27266840147859,14323000
2012-12-10,20.10213851928711,20.225777155605673,20.089347081728466,20.16608920158124,15681600
2012-12-11,20.166080474853516,20.2470869142958,20.093602741009434,20.217241323824283,10897000
2012-12-12,20.191661834716797,20.31956477110476,20.153290791163002,20.255612489723738,9788600
2012-12-13,20.059492111206055,20.293981070523508,20.01259399406779,20.183132306138962,7271200
2012-12-14,19.974233627319336,20.06376718349974,19.94865400530329,19.99981487571013,10130800
2012-12-17,20.332353591918945,20.34514502339997,19.995542921899926,20.004068374388613,10929400
2012-12-18,20.571109771728516,20.63079770566495,20.362200376576773,20.39630869675429,23669200
2012-12-19,20.4261531829834,20.635062583445908,20.41762610272225,20.622271149867053,9162400
2012-12-20,20.468786239624023,20.47731331958594,20.319566406225984,20.409098306264806,8380800
2012-12-21,20.286855697631836,20.312601028279932,20.145260471083752,20.17100416492527,17475600
2012-12-24,20.304019927978516,20.325473552496863,20.12809758803746,20.23107727725481,5127200
2012-12-26,20.09377670288086,20.342641750352872,20.02083239869987,20.342641750352872,8918200
2012-12-27,20.1195068359375,20.183869317588286,19.840606567997852,20.128088609278,10183200
2012-12-28,19.956466674804688,20.136680733983322,19.930722978355412,20.02082918954136,30771400
2012-12-31,20.355510711669922,20.368384196937726,19.866360828469436,19.89639623274969,24944000
2013-01-02,20.78029441833496,20.806039745500662,20.62582572895347,20.737387176531815,19876600
2013-01-03,20.8317928314209,20.95622618030088,20.78030379067325,20.836084539620675,11225000
2013-01-04,20.909021377563477,20.934766709158186,20.814623465189506,20.87040419857473,9975200
2013-01-07,20.857526779174805,20.883270467085556,20.75025704806348,20.857526779174805,7127800
2013-01-08,20.797460556030273,20.840367803169116,20.65586369422029,20.793168849232455,7750800
2013-01-09,20.8317928314209,20.939062621115966,20.80604912945062,20.82321105182844,7330400
2013-01-10,20.95193099975586,20.973384625101964,20.818915903719304,20.947639292602624,10270800
2013-01-11,20.969093322753906,21.003420433415705,20.896150667807667,20.947639696993644,6741000
2013-01-14,21.020580291748047,21.084941157709356,20.939054236668042,21.029160431097736,10753800
2013-01-15,21.175058364868164,21.19222192610685,20.926193274136367,20.956228687900424,17256600
2013-01-16,21.127851486206055,21.16217695637617,21.067779048996886,21.13643162614367,7482400
2013-01-17,21.350969314575195,21.406750040254785,21.230827724009686,21.23511943041926,9271600
2013-01-18,21.37671661376953,21.402461944181734,21.256575012125715,21.393880167377667,10528000
2013-01-22,21.4324951171875,21.449658669011885,21.320933667135385,21.359550840337057,9113200
2013-01-23,21.44966697692871,21.47112060661545,21.333815412451894,21.39388623029757,5234400
2013-01-24,21.612716674804688,21.73285995176583,21.518320373315255,21.518320373315255,8509800
2013-01-25,21.840118408203125,21.848698546498696,21.647032560428002,21.651322629575787,11365400
2013-01-28,21.737136840820312,21.87444195681648,21.707101448996532,21.870151888044266,10488200
2013-01-29,21.651329040527344,21.715691554445517,21.53118742714059,21.707109776802646,12552400
2013-01-30,21.612716674804688,21.741440094513614,21.586972972947155,21.73285995176583,8183800
2013-01-31,21.509729385375977,21.629870974097027,21.471112212314726,21.565508473392818,11650400
2013-02-01,21.634166717529297,21.71569279137696,21.591259463677655,21.655621981261934,10308600
2013-02-04,21.368139266967773,21.586970528822768,21.359557488384546,21.50973615838064,8217200
2013-02-05,21.595550537109375,21.672783264413443,21.445371879424187,21.466825505720138,11727600
2013-02-06,21.642742156982422,21.707104655716353,21.539764123175733,21.616998466933918,10132800
2013-02-07,21.595550537109375,21.672783264413443,21.381011000536336,21.651329638117492,10330800
2013-02-08,21.762895584106445,21.775767435166696,21.61271689557276,21.647044014142892,5852200
2013-02-11,21.689945220947266,21.780051426830678,21.651328041739138,21.780051426830678,4773200
2013-02-12,21.7757625579834,21.818669809778896,21.689946417585663,21.694238124849257,9130200
2013-02-13,21.822961807250977,21.964557049504492,21.754309221381174,21.908777948789922,11664800
2013-02-14,21.831539154052734,21.87444639771017,21.737141253838665,21.74572302993144,9375200
2013-02-15,21.857290267944336,21.955978271314596,21.741438706560032,21.848708488937316,24578200
2013-02-19,21.938814163208008,21.955976082704336,21.835834462195944,21.87016157480224,14120400
2013-02-20,21.6041316986084,21.98172175911752,21.59984162786928,21.934522796953026,13975000
2013-02-21,21.423917770385742,21.574094787880245,21.350973478455035,21.552641162067705,17507000
2013-02-22,21.544055938720703,21.552637715034532,21.376715392617182,21.51402054002553,10679400
2013-02-25,21.20937156677246,21.689939508388374,21.196499722695407,21.668485889324543,10648400
2013-02-26,21.419618606567383,21.458235774309284,21.230824473610408,21.29947703439532,15745000
2013-02-27,21.745725631713867,21.818668282020067,21.411044508084725,21.462533533995373,10202800
2013-02-28,21.852989196777344,21.917351688528573,21.698520526019326,21.71997414433435,11651000
2013-03-01,21.904483795166016,21.904483795166016,21.59983808169216,21.64274532926635,9063600
2013-03-04,22.097570419311523,22.097570419311523,21.81008825000902,21.81008825000902,14118200
2013-03-05,22.32069206237793,22.35072746450947,22.170513414913575,22.196258746800602,12488800
2013-03-06,22.303529739379883,22.445126617367492,22.277784406071206,22.367892254248204,7052800
2013-03-07,22.342144012451172,22.355015859026487,22.277781505961528,22.316398682494007,6686400
2013-03-08,22.578140258789062,22.612467370137942,22.376474208438058,22.466580420518724,8086000
2013-03-11,22.6339111328125,22.651074681007323,22.530931480449592,22.55667680274183,6414600
2013-03-12,22.569557189941406,22.65108325632821,22.4966145377076,22.61246607667306,7450000
2013-03-13,22.69399070739746,22.70686255512771,22.543813694522285,22.578139167405176,7673000
2013-03-14,22.719730377197266,22.745474066241634,22.63820433040671,22.73260222171945,7418400
2013-03-15,22.632797241210938,22.71456564550712,22.585457033884968,22.68013744853691,12098000
2013-03-18,22.460649490356445,22.555329897248324,22.348755807242803,22.430524204837198,10426400
2013-03-19,22.30141830444336,22.542422259487246,22.150791858606635,22.542422259487246,12501000
2013-03-20,22.55963706970215,22.61128183324321,22.44344045599787,22.44344045599787,8235400
2013-03-21,22.370283126831055,22.507999245275816,22.29712215715349,22.439141186053437,10378800
2013-03-22,22.64571762084961,22.654325084323528,22.477876187372676,22.49078656173066,13824000
2013-03-25,22.606977462768555,22.78773085319635,22.49938666708935,22.69735497883508,9097800
2013-03-26,22.718875885009766,22.727483346833896,22.606980523001543,22.641410370298065,6604200
2013-03-27,22.727481842041016,22.7489996743239,22.542425529338527,22.619891038921214,6747200
2013-03-28,22.809240341186523,22.83075816411086,22.697346676957167,22.73607941490284,7601200
2013-04-01,22.637096405029297,22.865189944253707,22.61127567199978,22.804939378245116,11949600
2013-04-02,22.82646369934082,22.878106821802106,22.71026544252398,22.71026544252398,9197800
2013-04-03,22.615577697753906,22.88240232611043,22.542416768085477,22.873796509906278,13689600
2013-04-04,22.74469757080078,22.783430329760836,22.5897681766661,22.594071086903643,8872800
2013-04-05,22.632797241210938,22.66722543818115,22.357365098629,22.47786625058233,8173200
2013-04-08,22.891016006469727,22.891016006469727,22.611280936062034,22.615583845333767,8943600
2013-04-09,22.830764770507812,22.925445188817577,22.72317398304858,22.916837728816223,10632800
2013-04-10,23.09758758544922,23.127714513856624,22.860888200628168,22.90822840593338,10017200
2013-04-11,23.291257858276367,23.398848667210007,23.119113549005824,23.119113549005824,12533000
2013-04-12,23.416057586669922,23.416057586669922,23.222393851904506,23.243911679832877,15579600
2013-04-15,22.800643920898438,23.35150833460358,22.800643920898438,23.291257744567762,18148000
2013-04-16,23.127716064453125,23.127716064453125,22.899622481935957,22.972785070050552,13402600
2013-04-17,22.891016006469727,23.01582171751733,22.766211937127306,23.00291134799695,17940800
2013-04-18,22.64140510559082,22.94265963256409,22.520903951483554,22.929747621977526,17506000
2013-04-19,22.912540435791016,22.92975371830776,22.624196201037172,22.632803663148312,12820200
2013-04-22,23.011518478393555,23.050251228104667,22.75329959975107,22.92544551884606,9122800
2013-04-23,23.243911743164062,23.28264449022268,23.0029094429816,23.183661168118448,10678400
2013-04-24,23.26112937927246,23.420363295021765,23.200878797189223,23.33859488243812,5838200
2013-04-25,23.45909881591797,23.536564328228323,23.30416943300269,23.30416943300269,13610400
2013-04-26,23.35581398010254,23.45049442128176,23.291258835352064,23.433279497120896,4946200
2013-04-29,23.437578201293945,23.527954074361695,23.36011269817724,23.45909603178076,6315600
2013-04-30,23.502134323120117,23.510741784017977,23.394543524454818,23.450491199438257,7696400
2013-05-01,23.377323150634766,23.562379412516954,23.35150077396344,23.46339609783426,8542800
2013-05-02,23.605430603027344,23.61834262071452,23.390248914242388,23.390248914242388,6057400
2013-05-03,23.902374267578125,23.971232318938554,23.777568536454396,23.799086369684762,13017400
2013-05-06,23.979843139648438,24.022878812137566,23.863644853880984,23.91098507864243,6391000
2013-05-07,24.182111740112305,24.182111740112305,23.932501895239806,24.04870017605662,9237000
2013-05-08,24.19931983947754,24.207927299521987,24.08312159143522,24.169194550174545,6793600
2013-05-09,24.242359161376953,24.3499499583473,24.160589104988112,24.238054610143184,13298600
2013-05-10,24.431716918945312,24.431716918945312,24.263875548333715,24.263875548333715,5932800
2013-05-13,24.436023712158203,24.448935725438037,24.311219622959726,24.405898417347665,4514400
2013-05-14,24.68562889099121,24.70714671870697,24.44462495214166,24.448929502707824,7018800
2013-05-15,24.81904411315918,24.83625903458386,24.65550728474051,24.65550728474051,9512800
2013-05-16,24.530698776245117,24.83195330008388,24.491966028298634,24.754487804190912,11949400
2013-05-17,24.767406463623047,24.784621388851832,24.586654673837664,24.59526213645206,11421400
2013-05-20,24.694242477416992,24.7932258228327,24.642597708039332,24.71145575883745,9667400
2013-05-21,24.80613136291504,24.90081177996139,24.689933117004998,24.776006074164854,7679600
2013-05-22,24.56943130493164,24.999794437516393,24.457537612809833,24.827648527800466,19137200
2013-05-23,24.517793655395508,24.560829321567557,24.263879284887384,24.29830748948394,10958200
2013-05-24,24.444623947143555,24.457535956606172,24.220834936349313,24.37576591626109,10341800
2013-05-28,24.68132972717285,24.849172760079885,24.573738923407134,24.732974495008268,13002000
2013-05-29,24.427410125732422,24.565127835385518,24.328426804501312,24.565127835385518,9013800
2013-05-30,24.427410125732422,24.629681318777095,24.405892297935228,24.51348307862622,7425200
2013-05-31,24.151973724365234,24.57803386300545,24.134760450190527,24.38006725550604,16537600
2013-06-03,24.25957489013672,24.27678981339904,23.94110701831095,24.216539223686354,15799200
2013-06-04,24.173503875732422,24.43172282048962,24.00135955426653,24.285399244305548,16123400
2013-06-05,23.77326774597168,24.134772958269913,23.725927523621046,24.065913259064928,24211400
2013-06-06,24.02286720275879,24.02286720275879,23.635539770715216,23.790470743532644,14849600
2013-06-07,24.461841583251953,24.470449043281757,24.113246839718,24.164891599896823,9511800
2013-06-10,24.3886775970459,24.560823504372447,24.349946491687717,24.560823504372447,11948800
2013-06-11,24.147674560546875,24.367159026076127,24.070209068782436,24.126156733213417,11578600
2013-06-12,23.8808536529541,24.337037574445837,23.846423810431197,24.31121683425891,10609000
2013-06-13,24.328432083129883,24.367164838250826,23.84212283091793,23.876551034522446,12633200
2013-06-14,24.250967025756836,24.40589804913384,24.18210897555655,24.2940043331979,13476400
2013-06-17,24.384380340576172,24.535006813124244,24.24236132956019,24.384380340576172,9353600
2013-06-18,24.633987426757812,24.672720175923516,24.401590931763604,24.401590931763604,9319600
2013-06-19,24.35425567626953,24.694243027910495,24.349952766244854,24.651205719136374,17527800
2013-06-20,23.717313766479492,24.13906946193959,23.648455727255502,24.10463962147502,25885000
2013-06-21,23.76307487487793,23.92713561315949,23.516982120490923,23.896913811530535,23885400
2013-06-24,23.547212600708008,23.719908438384632,23.29680141267379,23.521307483922143,14009600
2013-06-25,23.758764266967773,23.840796309774536,23.624925286750763,23.763082609728762,8804000
2013-06-26,24.056669235229492,24.112794519839184,23.94441537207944,23.94873371518193,12385600
2013-06-27,24.263904571533203,24.363205049621428,24.17755582846705,24.18187252448598,7897000
2013-06-28,24.35024642944336,24.492720415296773,24.199135760063577,24.220722527985025,15998200
2013-07-01,24.518627166748047,24.691322968648162,24.45818355373476,24.505673787555963,19371200
2013-07-02,24.561803817749023,24.730182945897333,24.46250334850682,24.488408463208536,6061800
2013-07-03,24.674057006835938,24.8251660544684,24.39342403612982,24.432280883658898,5241000
2013-07-05,24.941741943359375,24.95901202306641,24.674062295762106,24.881298311350196,12732600
2013-07-08,25.17487335205078,25.21804688767258,25.066937866031473,25.105794706877017,26434600
2013-07-09,25.274169921875,25.351883591636753,25.196456252113244,25.313026756755875,12694200
2013-07-10,25.300085067749023,25.343260263652677,25.1403409603188,25.243959783522254,19610400
2013-07-11,25.662738800048828,25.684327213341447,25.515946483268404,25.572073393292754,14324000
2013-07-12,25.783634185791016,25.800902615047804,25.619571755613162,25.636841831835063,8951200
2013-07-15,25.7188663482666,25.861341974102743,25.710231312128222,25.861341974102743,7216800
2013-07-16,25.58070945739746,25.757723583544745,25.485725705379245,25.727501780077997,9588800
2013-07-17,25.593671798706055,25.654115430697704,25.55049824641643,25.641163694403907,10845000
2013-07-18,25.74045181274414,25.822483828425806,25.636834678255777,25.636834678255777,6296200
2013-07-19,25.7188663482666,25.80089672113409,25.64978770612431,25.72750138440498,11149600
2013-07-22,25.701601028442383,25.779314721092998,25.602300564936606,25.740457874767692,8323400
2013-07-23,25.667062759399414,25.792268337256424,25.63252260814297,25.740458110371762,7686000
2013-07-24,25.58070945739746,25.813850495825033,25.524582545117173,25.787945387011494,7704600
2013-07-25,25.615251541137695,25.619568236117605,25.45550582847787,25.559124624609517,7441800
2013-07-26,25.697280883789062,25.7145509569411,25.446869763978995,25.53321848277436,6053000
2013-07-29,25.56344223022461,25.71023456924404,25.511633653795677,25.654107650716476,8570600
2013-07-30,25.498682022094727,25.667061131377203,25.46846021514479,25.667061131377203,6596000
2013-07-31,25.632516860961914,25.818166014927414,25.58934332853655,25.58934332853655,10498200
2013-08-01,26.029727935791016,26.077219823612246,25.809538573522616,25.84407872719812,8260600
2013-08-02,26.215375900268555,26.228327633799626,25.969283081387644,25.9865515104407,7475000
2013-08-05,26.159250259399414,26.19810710886305,26.09880663733713,26.16788529783191,3654600
2013-08-06,26.051311492919922,26.167882026739033,25.89588411449444,26.10743841223245,6338600
2013-08-07,25.82248306274414,25.977908759868043,25.753404426145316,25.913148464474236,7118600
2013-08-08,25.99518585205078,26.068582849679135,25.822490037390935,25.947693967755683,6040000
2013-08-09,25.93906593322754,26.094491704426513,25.857033880882238,26.01677799534433,6246200
2013-08-12,25.90452766418457,25.986558075546903,25.775005355256752,25.800908828863008,6998000
2013-08-13,25.90452766418457,25.95201956175006,25.701608337119495,25.90452766418457,7543800
2013-08-14,25.61956787109375,25.852708923844524,25.606616139373664,25.796582008116033,12760000
2013-08-15,25.17055892944336,25.45982693343673,25.084210197790185,25.433921819851257,30791600
2013-08-16,25.079893112182617,25.28281238136607,25.079893112182617,25.08852814991011,12909000
2013-08-19,24.971956253051758,25.19646228086269,24.971956253051758,25.06694001592387,6670000
2013-08-20,25.2266788482666,25.30007417926743,25.062616468371456,25.062616468371456,6948400
2013-08-21,25.01081085205078,25.22668182322542,24.92878047591175,25.157603178328127,10499200
2013-08-22,25.26122283935547,25.351889907976624,24.980591537043715,25.045351846670286,11581400
2013-08-23,25.26553726196289,25.338932597546545,25.144650051841708,25.3043941004968,5604000
2013-08-26,25.21373176574707,25.43823614134294,25.20077838668064,25.300078842377058,8351600
2013-08-27,24.80357551574707,25.07989010200235,24.786305442364903,24.950367845565793,13951000
2013-08-28,24.93742561340332,25.01513933139416,24.743142965391804,24.786316521179792,7105200
2013-08-29,25.058300018310547,25.187822257610105,24.85969914158692,24.88992094252466,10192000
2013-08-30,24.902877807617188,25.09716203011242,24.816529081289865,25.09716203011242,11733800
2013-09-03,25.079893112182617,25.304399152202276,24.980592648764027,25.183511917947477,16041200
2013-09-04,25.343257904052734,25.38643144897137,25.045354844432588,25.045354844432588,10841600
2013-09-05,25.351892471313477,25.485731446253205,25.32598735666459,25.377795938997224,10060600
2013-09-06,25.321670532226562,25.51163643112327,25.071259366123275,25.48141462100255,11900600
2013-09-09,25.54617691040039,25.589352104597705,25.364846035667455,25.412337925801868,8730400
2013-09-10,25.792261123657227,25.80089451209168,25.64978551001968,25.64978551001968,8859200
2013-09-11,25.982240676879883,25.982240676879883,25.766369618844635,25.766369618844635,10198400
2013-09-12,25.921796798706055,26.025413983281222,25.813861270710408,25.94770027136712,8517400
2013-09-13,25.99518585205078,26.012455927606283,25.835441770575034,25.947693967755683,11258400
2013-09-16,26.11175537109375,26.340578098883515,26.068581830857376,26.306039596087412,12945600
2013-09-17,26.26286506652832,26.288768530908364,26.077215885968336,26.077215885968336,8481000
2013-09-18,26.565080642700195,26.65574770043345,26.13765705081175,26.224005766909496,19324400
2013-09-19,26.556453704833984,26.660072525142986,26.504645118162124,26.651437486203463,12677400
2013-09-20,26.3962345123291,26.634389188528075,26.370255023310193,26.560778433909643,15376600
2013-09-23,26.192726135253906,26.370259833729303,26.075813457945873,26.33994932314562,14314400
2013-09-24,26.26199722290039,26.409220352964763,26.12343447128666,26.21436596732099,7725200
2013-09-25,26.101791381835938,26.287985450965195,26.062820491743793,26.27499570486743,11441400
2013-09-26,26.348602294921875,26.357262674881547,26.101787247366243,26.101787247366243,7033600
2013-09-27,26.352933883666992,26.38324438828545,26.236021229367815,26.25767135383834,9906600
2013-09-30,26.25334358215332,26.318293959504693,26.05415813026578,26.080139272285557,10763200
2013-10-01,26.465518951416016,26.48283971395632,26.240353993788535,26.240353993788535,12384600
2013-10-02,26.456857681274414,26.461188697663395,26.218702985642405,26.365926158691085,11036600
2013-10-03,26.158079147338867,26.478506601789977,26.045497510357915,26.378913057177837,10398400
2013-10-04,26.404903411865234,26.44387430976579,26.14509852706098,26.227369688495855,7938400
2013-10-07,26.032516479492188,26.28799201122912,26.032516479492188,26.223041612732835,10618400
2013-10-08,25.621150970458984,26.06715152441098,25.599500843016386,26.06715152441098,15799000
2013-10-09,25.504241943359375,25.64713411707707,25.30938747756345,25.62981335305099,23215800
2013-10-10,26.09745979309082,26.127770299268498,25.785692698921906,25.785692698921906,12208800
2013-10-11,26.3226261138916,26.3226261138916,26.045500527559664,26.067150654279573,17655600
2013-10-14,26.430870056152344,26.43519941941021,26.11910304404153,26.16673429886938,12097600
2013-10-15,26.17973518371582,26.39191041322441,26.136434925513566,26.378919014324556,26736200
2013-10-16,26.50447654724121,26.521797301093855,26.28797207947718,26.35292408052559,11075600
2013-10-17,26.6993465423584,26.716667306359682,26.391910414430996,26.391910414430996,9871600
2013-10-18,26.8638916015625,26.911522878625398,26.70367700566019,26.790279177429188,10486600
2013-10-21,26.933168411254883,26.933168411254883,26.803266001674626,26.907187268619328,6316000
2013-10-22,27.11503791809082,27.205971113092875,26.950495597571038,27.03709612340286,13549400
2013-10-23,26.941829681396484,27.10204260344029,26.85089650507001,27.006780062431037,10492800
2013-10-24,27.210289001464844,27.231939123790855,26.993784474607804,27.067395220875937,10248400
2013-10-25,27.41381072998047,27.44845060411766,27.266587548349943,27.353188059592355,7765000
2013-10-28,27.361848831176758,27.409480104118494,27.253596538781505,27.39649035760671,9797400
2013-10-29,27.52206039428711,27.52206039428711,27.292564436359626,27.44844798459755,15431800
2013-10-30,27.38783073425293,27.62598545375621,27.227617799576024,27.608664690061698,11442200
2013-10-31,27.457109451293945,27.630313767697835,27.327207039890418,27.392157419692793,15281000
2013-11-01,27.52206039428711,27.60000216840607,27.370506210478588,27.587010771520433,8825600
2013-11-04,27.617319107055664,27.638970882896874,27.47875633102454,27.561029114904546,9981200
2013-11-05,27.617319107055664,27.673610751005363,27.366174694923725,27.539377339063332,8033000
2013-11-06,27.54804039001465,27.803515842804387,27.50040912142353,27.734236099870255,9047400
2013-11-07,26.97646713256836,27.66495168124152,26.95481700750038,27.630311811492486,19335400
2013-11-08,27.4051456451416,27.41813538923885,26.98945731604377,27.041417944231352,16574400
2013-11-11,27.448453903198242,27.509074929073634,27.331541216810383,27.42680377278547,10458400
2013-11-12,27.40081214904785,27.474424546465908,27.27090976443777,27.34019114634971,8892800
2013-11-13,27.83382797241211,27.83382797241211,27.279576782237513,27.301226909641425,13309200
2013-11-14,28.028684616088867,28.05899512539985,27.833828510291603,27.87712876593619,11876200
2013-11-15,28.12394142150879,28.136934470314927,27.98105092061587,28.089303202151466,10275600
2013-11-18,27.903112411499023,28.184565733554425,27.833829357480692,28.167248273647687,9786000
2013-11-19,27.7818660736084,28.002698341041068,27.747224551957157,27.920428856616038,12721800
2013-11-20,27.63896942138672,27.929084702173927,27.565357021376002,27.864132681682033,9103400
2013-11-21,27.924755096435547,27.955065600382543,27.68660042893833,27.72557131284141,6650800
2013-11-22,28.080644607543945,28.08930664114187,27.86414001796597,27.890122815161874,8830400
2013-11-25,28.106630325317383,28.206220596856937,28.0633267600238,28.154258300663557,6658400
2013-11-26,28.271154403686523,28.34909614589785,28.080629410815266,28.080629410815266,7063000
2013-11-27,28.37941551208496,28.44436753483288,28.24085273856804,28.43137779100272,6217600
2013-11-29,28.4054012298584,28.517984540407717,28.357769956302835,28.444373773493783,6998000
2013-12-02,28.271154403686523,28.470338121871894,28.214864430154595,28.37074461098117,8315800
2013-12-03,28.002700805664062,28.167246396191075,27.89012080578494,28.167246396191075,8232200
2013-12-04,27.9377498626709,28.110954189331267,27.734238330212552,27.881459860535326,10835600
2013-12-05,27.968059539794922,28.04167360636346,27.851148522346914,27.859807251803275,8178400
2013-12-06,28.201881408691406,28.249512673835603,28.020018380102968,28.249512673835603,7846200
2013-12-09,28.180233001708984,28.31879578147091,28.1412604648649,28.21487452254878,10567800
2013-12-10,28.197555541992188,28.26683528444754,28.136934528494702,28.158583002688108,6534600
2013-12-11,27.9377498626709,28.258179023251795,27.89012189384711,28.21487876748614,11420200
2013-12-12,27.851144790649414,27.95939706413664,27.807844541973967,27.929086559704107,7136000
2013-12-13,27.92043113708496,28.02002139046989,27.890120629063773,27.907438087706506,6624800
2013-12-16,28.102291107177734,28.18889160529649,28.020018321446845,28.024349337431957,6972400
2013-12-17,28.028684616088867,28.14992665333281,27.92476003822456,28.136936906999207,7383600
2013-12-18,28.44437599182129,28.466024470108977,27.76455166594372,28.024356530582633,19499600
2013-12-19,28.427053451538086,28.47468472583338,28.305811409185658,28.42272243471182,12015400
2013-12-20,28.545307159423828,28.61921288099606,28.45835632507251,28.4974850297394,14787000
2013-12-23,28.67137336730957,28.680070107130785,28.536603751590388,28.680070107130785,7378800
2013-12-24,28.732234954833984,28.75397348579439,28.649635834219563,28.649635834219563,3984000
2013-12-26,28.945268630981445,28.94961368470996,28.78006371792057,28.832234214176882,10062800
2013-12-27,28.810495376586914,29.006132247873854,28.79745358186809,28.993090453155034,6285000
2013-12-30,28.94091796875,28.953959762572648,28.81919013729245,28.875705682802128,4232200
2013-12-31,29.053953170776367,29.062646594617547,28.932225335991458,29.010479417901006,7351600
2014-01-02,28.9191837310791,29.053956693217476,28.8148460481616,28.997437822476012,8663800
2014-01-03,28.840923309326172,29.01047656749982,28.827881516428448,28.936567546355366,7545600
2014-01-06,28.662681579589844,28.940917566723382,28.597469294547853,28.875705281681388,8157600
2014-01-07,28.836584091186523,28.9191832351971,28.693117706613037,28.9191832351971,6171400
2014-01-08,28.758319854736328,28.85396407737384,28.680065792290538,28.819183756990395,11579000
2014-01-09,28.753969192504883,28.84961340751528,28.584419290198685,28.83222324871033,10163800
2014-01-10,28.840923309326172,28.867010211956032,28.667028314910635,28.793104507645985,9261000
2014-01-13,28.26272201538086,28.823542444193265,28.219248257756238,28.823542444193265,13961400
2014-01-14,28.50617027282715,28.523560434706035,28.254017900834665,28.40183261838807,12181200
2014-01-15,28.575733184814453,28.6583323142419,28.527911065066434,28.545301228323396,11710000
2014-01-16,28.423572540283203,28.562690541519114,28.362708622044668,28.562690541519114,12664000
2014-01-17,28.29749870300293,28.467051994391056,28.24533152119279,28.406184754220796,11174000
2014-01-21,28.271413803100586,28.46705067633558,28.09317041211038,28.393141644134857,20878800
2014-01-22,28.345317840576172,28.367056375260447,28.21489658297465,28.31923425242281,9272000
2014-01-23,28.14533805847168,28.293152808490657,28.010568420352726,28.267065901525566,15946200
2014-01-24,27.60625457763672,28.01926020915092,27.597559495295094,27.975786455860177,17244600
2014-01-27,27.497568130493164,27.723635292789517,27.26715425629879,27.658423005397687,14436000
2014-01-28,27.68885040283203,27.775799552225802,27.588859461475174,27.606249623037346,9463600
2014-01-29,27.245410919189453,27.549732109348383,27.201937174202634,27.44974116914505,34830200
2014-01-30,27.70189666748047,27.784497455666667,27.436702481175768,27.436702481175768,25474200
2014-01-31,27.310626983642578,27.523652343830026,27.14107703288996,27.262804862472905,13651400
2014-02-03,26.593299865722656,27.371492321688812,26.532435947766402,27.28454315671528,64955400
2014-02-04,26.91935920715332,26.97152970354566,26.701987114104274,26.79328465358214,18990400
2014-02-05,26.954139709472656,27.01935200116901,26.56721764673186,26.84980037444198,15495600
2014-02-06,27.523649215698242,27.545386088736564,27.04108300552886,27.04108300552886,16587600
2014-02-07,27.86275291442871,27.89753324488195,27.584518562889986,27.714941485254755,12541000
2014-02-10,27.845369338989258,27.901884894992467,27.71929145548576,27.901884894992467,9341200
2014-02-11,28.04969024658203,28.1409894341233,27.867098505168578,27.927962418973063,11294800
2014-02-12,28.075773239135742,28.18445925819387,27.997519172740528,28.106205191798654,8446600
2014-02-13,28.1627254486084,28.223589364136934,27.910573046084682,27.91492141628947,13169000
2014-02-14,28.332275390625,28.436616374492438,28.11925168635625,28.14968364410893,9657000
2014-02-18,28.367055892944336,28.475741930848336,28.2453280611854,28.475741930848336,7156400
2014-02-19,28.136642456054688,28.41922682231849,28.088820333294596,28.332276000557094,12608800
2014-02-20,28.288799285888672,28.33227303379975,28.10620755456153,28.223587005604877,9397400
2014-02-21,28.345317840576172,28.436617032782358,28.293150664269447,28.39313996341381,8750400
2014-02-24,28.462696075439453,28.649636166631847,28.367051845038574,28.371400214647934,6431000
2014-02-25,28.662681579589844,28.697461907190185,28.462699671139774,28.510521792381596,9076600
2014-02-26,28.82354164123535,28.993091613032675,28.68007525991915,28.7322424408814,10977000
2014-02-27,28.94091796875,28.958308132791743,28.719197523261087,28.810493396854255,8773600
2014-02-28,29.058303833007812,29.158296469072628,28.83223828432073,28.940924345904698,13988200
2014-03-03,28.784420013427734,28.875715919385748,28.56704786109842,28.762684788296294,17337600
2014-03-04,29.14525032043457,29.18872407520962,29.04960606982853,29.080038029854553,8782200
2014-03-05,29.2669734954834,29.266973495483395,29.149594044617157,29.20610958513285,15136200
2014-03-06,29.34088897705078,29.401752907685676,29.227857858349097,29.314805383017386,10510600
2014-03-07,29.297405242919922,29.49738713505862,29.232192963196923,29.49738713505862,8679800
2014-03-10,29.219152450561523,29.288713103135645,29.066992669098727,29.284364733141146,6549200
2014-03-11,29.049602508544922,29.332186855192152,28.967000062814407,29.332186855192152,8780400
2014-03-12,29.006128311157227,29.0322118970548,28.758324294627002,28.893093910877035,9573000
2014-03-13,28.653993606567383,29.162643556346215,28.5235690116745,29.162643556346215,22536600
2014-03-14,28.62790870666504,28.793113647368546,28.554002978895294,28.623560335374037,9572200
2014-03-17,28.81919288635254,28.901795344221597,28.745287169751258,28.75398059418407,6463000
2014-03-18,28.945268630981445,28.997435810402852,28.827885843613462,28.8844047104332,6445800
2014-03-19,28.753969192504883,28.975689571225928,28.588767659108335,28.958299412420978,12116200
2014-03-20,28.827877044677734,28.88439589424661,28.593114858431534,28.732232822484775,7523600
2014-03-21,28.643840789794922,29.018897434855493,28.617675130413822,29.010173330214442,12462200
2014-03-24,28.35601043701172,28.75287408931466,28.220816735677225,28.674373769478454,24711000
2014-03-25,28.18592071533203,28.530449635591513,28.042006266936777,28.425783674775627,11722400
2014-03-26,27.959144592285156,28.33856328446724,27.950420487763644,28.312394298173693,13913400
2014-03-27,27.823959350585938,27.985320406442217,27.706208851349377,27.911182127461473,12697600
2014-03-28,28.033281326293945,28.199006030518415,27.889365218556772,27.915532539797805,11367400
2014-03-31,28.225175857543945,28.312396947294207,28.18592403806642,28.19901019607313,11358000
2014-04-01,28.61767578125,28.639479388806443,28.246977852808342,28.30803660487125,10149600
2014-04-02,28.8095645904541,28.85753718818394,28.630760357592127,28.639481135692414,10086800
2014-04-03,28.67000961303711,28.892427724134365,28.53045386881894,28.883706945801965,10739400
2014-04-04,28.19464874267578,28.848816911520828,28.142314091350485,28.848816911520828,14800200
2014-04-07,27.64514923095703,28.120513209945397,27.4750657567399,28.085623439010682,15177400
2014-04-08,27.92425537109375,27.950421030624508,27.56664360599882,27.623338641041343,9501000
2014-04-09,28.225175857543945,28.233896635610453,27.88064689666922,27.98531286982379,7682800
2014-04-10,27.523035049438477,28.225175800504402,27.501229777044976,28.185923981106203,20151000
2014-04-11,27.143613815307617,27.51430837994363,27.091279173242114,27.2744470932006,16892400
2014-04-14,27.357315063476562,27.479425933530944,27.134898598215248,27.352954673961406,9402200
2014-04-15,27.39220428466797,27.540482479746405,26.969174973842705,27.448897665406932,19377800
2014-04-16,27.775976181030273,27.78033823321566,27.5099492249629,27.741088081724495,9508600
2014-04-17,27.810869216918945,27.902452359964553,27.693118748587885,27.693118748587885,9907000
2014-04-21,27.885009765625,27.91117709305863,27.723648738873777,27.80214905753887,21173200
2014-04-22,28.12486457824707,28.23825464048562,27.959143200568278,27.959143200568278,9351600
2014-04-23,27.994037628173828,28.20336957936602,27.963509913321992,28.094341550999268,5654000
2014-04-24,28.14667320251465,28.246977114649535,27.911172287069974,28.107421386305028,7367400
2014-04-25,27.666950225830078,27.95914618947946,27.627700071418538,27.95914618947946,9471000
2014-04-28,27.59717559814453,27.845759384054766,27.252648273014973,27.784703950832714,18693400
2014-04-29,27.72364044189453,27.758530201364422,27.483779168262586,27.684390294308557,8820400
2014-04-30,27.841398239135742,27.880648397089896,27.59717484923924,27.632064617925487,15589200
2014-05-01,27.950429916381836,28.076902856439432,27.858848415273858,27.87629163929459,8350600
2014-05-02,28.02021026611328,28.185931712670744,27.950430713496115,27.9853204898047,8223000
2014-05-05,28.046369552612305,28.06817648966094,27.77598050229362,27.885008532993897,6695800
2014-05-06,27.64514923095703,28.011485171228177,27.64514923095703,27.95478846164134,8395400
2014-05-07,27.61025619506836,27.780339638924616,27.400922597734848,27.76725514534183,8789800
2014-05-08,27.688756942749023,27.954783916511982,27.53611671518097,27.557921986651955,11520800
2014-05-09,27.841398239135742,27.858843123478863,27.52739697550249,27.675675165147553,10121600
2014-05-12,28.190290451049805,28.203373283808794,27.92426176071102,27.954789479572593,11423200
2014-05-13,28.111785888671875,28.31675911038269,28.05509251284026,28.23389674570692,9919800
2014-05-14,27.797792434692383,28.09870925459198,27.74545777273383,28.059457426305052,8571000
2014-05-15,27.59717559814453,27.745453791813425,27.31370370623703,27.693120800999633,11412400
2014-05-16,27.80214500427246,27.81958988668493,27.50122826901737,27.59717179501484,6022800
2014-05-19,27.928621292114258,27.946066176641583,27.645147741270403,27.7236480580076,5477200
2014-05-20,27.675674438476562,27.893730496132953,27.592813735475982,27.780342078151335,9698000
2014-05-21,28.01148223876953,28.033285847867393,27.75417436415259,27.75417436415259,7778000
2014-05-22,28.15975570678711,28.20772829978289,27.95914455756429,28.00711715056007,10515000
2014-05-23,28.382184982299805,28.39526781695395,28.142321922732854,28.19029453464624,3970200
2014-05-27,28.53045082092285,28.565340585067982,28.456312567567725,28.491202331712856,6805200
2014-05-28,28.499929428100586,28.574067697893604,28.360373667848876,28.543539979315785,20212400
2014-05-29,28.61767578125,28.622034506398624,28.478120049258578,28.5871480688541,5896000
2014-05-30,28.643840789794922,28.652561567164945,28.521729942988415,28.574061261750614,6104000
2014-06-02,28.739784240722656,28.761587846465826,28.569700810480125,28.69617370196549,6097400
2014-06-03,28.687458038330078,28.739792696599178,28.617681821243085,28.635126707332784,4486600
2014-06-04,28.827022552490234,28.857550280598353,28.56099378157397,28.600245619011737,4322200
2014-06-05,29.01454734802246,29.053799180552446,28.735435775282756,28.870629507533188,5406800
2014-06-06,29.184629440307617,29.188991494215042,29.04507366072019,29.066880602985073,6407800
2014-06-09,29.193344116210938,29.332899850710096,29.154092298270243,29.206426946434114,5137400
2014-06-10,29.136646270751953,29.188980916859563,29.093035729297796,29.127925493369535,10923200
2014-06-11,29.049427032470703,29.114844512441444,28.94476106088027,29.05378908507442,6055800
2014-06-12,28.678741455078125,29.049436188725334,28.61332395448808,29.049436188725334,9099200
2014-06-13,28.691816329956055,28.76159253789486,28.521732871970467,28.687454277187577,9925600
2014-06-16,28.757225036621094,28.787752742141635,28.591500354706437,28.591500354706437,7106000
2014-06-17,28.870628356933594,28.901156080008096,28.691824072432162,28.770324407091206,8035400
2014-06-18,29.08868408203125,29.110491024194218,28.800851743658978,28.84446230071269,11680600
2014-06-19,29.01889991760254,29.180262594557302,28.94039960547202,29.101762282426783,5960400
2014-06-20,28.91039276123047,29.13351838305465,28.875391485605178,29.098520445334717,10022200
2014-06-23,28.94540023803711,28.967273536559972,28.822895747103566,28.875397671789372,8578400
2014-06-24,28.875396728515625,29.124775021291114,28.83602278971706,28.875396728515625,7817400
2014-06-25,29.12040138244629,29.15540266725842,28.80102383777774,28.80102383777774,7891400
2014-06-26,29.14228057861328,29.14228057861328,28.90602689224775,29.120403939208376,6159000
2014-06-27,29.2122802734375,29.24290556633951,29.07227845761308,29.089779101829457,10409800
2014-06-30,29.19915199279785,29.264778565969614,29.14227740959895,29.190403340731162,5026600
2014-07-01,29.509777069091797,29.575403633791375,29.238525497261957,29.273526776822496,7661200
2014-07-02,29.55352783203125,29.61040240306616,29.509774567336983,29.531651199684116,3497800
2014-07-03,29.781044006347656,29.807293307666367,29.614792868150687,29.641042169469397,3494800
2014-07-07,29.597286224365234,29.737288032876634,29.56666093306294,29.684786102969955,6180800
2014-07-08,29.308523178100586,29.557901440527743,29.24289661685016,29.549152790050282,10200600
2014-07-09,29.662918090820312,29.689167391500387,29.356661785289084,29.391663078133853,37130200
2014-07-10,29.387285232543945,29.514162407690886,29.229782762562003,29.234158758368945,9684600
2014-07-11,29.48353385925293,29.501034502642646,29.37415734149701,29.435407924407812,14082200
2014-07-14,29.566648483276367,29.658524318496596,29.53164721141009,29.63664768910392,6845600
2014-07-15,29.466026306152344,29.58852744324773,29.3260245297711,29.48790293973608,8314000
2014-07-16,29.540409088134766,29.763538123814563,29.501035143082945,29.693538886642497,46941200
2014-07-17,29.260398864746094,29.601656334433,29.2122729397097,29.47040320471452,11274800
2014-07-18,29.531652450561523,29.540401101127674,29.317275463682126,29.35664939808819,6909800
2014-07-21,29.39603042602539,29.492282284078108,29.30852721965655,29.435404365461853,7413800
2014-07-22,29.518535614013672,29.579786197895526,29.42665973819089,29.46165768761875,8820200
2014-07-23,29.49664878845215,29.52727406981681,29.404772944358168,29.522901413839946,10778600
2014-07-24,29.562284469604492,29.6541603420564,29.52728318355433,29.54915982181227,7953600
2014-07-25,29.234149932861328,29.400401006360763,29.18602400723411,29.34352642966759,7705400
2014-07-28,29.291025161743164,29.321650448014584,29.102897449531348,29.23852657836694,5607600
2014-07-29,29.20790672302246,29.492286341509477,29.203530727625484,29.33915654377352,7169400
2014-07-30,29.369779586791992,29.396032219257133,29.190403844129037,29.317280997674164,47735000
2014-07-31,28.827274322509766,29.207905800266275,28.805397684122493,29.15977986613937,12899200
2014-08-01,28.72227668762207,28.923529096962355,28.591023519923024,28.74414999030077,12177600
2014-08-04,29.002283096313477,29.094158987303487,28.77477802898933,28.796654671661393,33885200
2014-08-05,28.801027297973633,29.015404351867588,28.70039942652574,28.87540253370528,19794200
2014-08-06,28.73977279663086,28.923524532083388,28.58227035541264,28.599770997537572,21923400
2014-08-07,28.591018676757812,28.976026123239908,28.50789480000875,28.923524197472492,12729000
2014-08-08,29.032907485961914,29.05478412795028,28.59102535347096,28.59102535347096,11141800
2014-08-11,29.16415023803711,29.247274104486987,29.102896329944848,29.151022254792228,10065000
2014-08-12,29.089773178100586,29.247275606068193,29.01539795875641,29.12477445940581,6254200
2014-08-13,29.19477653503418,29.26915175313774,29.10727333323071,29.177275894673485,6769200
2014-08-14,29.42227554321289,29.42227554321289,29.194773914754222,29.247272493218617,11199200
2014-08-15,29.365402221679688,29.54915392994487,29.159773879518593,29.518528645234003,12865200
2014-08-18,29.636659622192383,29.68478555590999,29.531659102220488,29.5666603881799,9493800
2014-08-19,29.859783172607422,29.90353310308138,29.750406677469666,29.798532602362737,7493800
2014-08-20,29.999792098999023,30.047918035355984,29.77229040359874,29.776663061153712,10008000
2014-08-21,29.97354507446289,30.04792031341452,29.951668433403338,30.039171659734766,3998600
2014-08-22,30.03040885925293,30.074158787718268,29.907907724387755,29.999783575536636,6581400
2014-08-25,30.1179141998291,30.183540773428696,30.069791606289336,30.17479212130497,7935200
2014-08-26,30.122295379638672,30.201046613931986,30.07854543567722,30.139796024804603,4041600
2014-08-27,30.152915954589844,30.201041886786673,30.09604137013279,30.131042654986164,3597000
2014-08-28,30.11353874206543,30.148540023117473,29.956036315237107,30.026035539435316,4626200
2014-08-29,30.109161376953125,30.1879125867827,30.00416087648227,30.14853865082078,4618400
2014-09-02,30.16604232788086,30.26229419778156,30.026040518363413,30.122292388264114,19040400
2014-09-03,30.087299346923828,30.29730378770557,30.061050043541368,30.29292779117271,5213200
2014-09-04,30.2010440826416,30.332297241431778,30.131044845751596,30.131044845751596,7466800
2014-09-05,30.30167007446289,30.314794721948502,30.034791115901253,30.131042981337423,5337200
2014-09-08,30.174785614013672,30.26228546800604,30.04790848919091,30.227284191246905,5001600
2014-09-09,29.872915267944336,30.1660435469192,29.85104196620526,30.135418254159237,5116800
2014-09-10,29.97791290283203,29.99104088809688,29.781036516640473,29.9429149558445,5738200
2014-09-11,29.99103355407715,30.017282842375344,29.846655792626205,29.846655792626205,4877200
2014-09-12,29.90353775024414,30.0085382672804,29.794161238108714,29.960415672814566,5826800
2014-09-15,29.781044006347656,29.93417049388527,29.715417415143797,29.894796541907205,5822200
2014-09-16,29.934165954589844,30.01291718451101,29.65416232329381,29.70228826035156,5693600
2014-09-17,29.921037673950195,30.065415467598115,29.802912512360376,29.94728696810212,12802800
2014-09-18,30.052288055419922,30.08728599843361,29.951660207252672,30.01291077990896,5625200
2014-09-19,30.065013885498047,30.240602318917045,29.994780521572935,30.17475623775107,11847200
2014-09-22,29.643611907958984,30.016735339688232,29.568987891427486,29.968448423327438,10849000
2014-09-23,29.389001846313477,29.647995550185943,29.389001846313477,29.542643825272695,10973400
2014-09-24,29.72262191772461,29.735790465754302,29.34071727950745,29.441681729520454,12686200
2014-09-25,29.288040161132812,29.67872267597843,29.27048098249054,29.647994950622177,9279200
2014-09-26,29.590930938720703,29.65677367408601,29.3846147703868,29.424120411605987,5186800
2014-09-29,29.437294006347656,29.56459556500085,29.309992447694462,29.34072017915754,13681200
2014-09-30,29.274877548217773,29.511921484329154,29.230977918178525,29.511921484329154,8856600
2014-10-01,28.88418960571289,29.26170358045973,28.840289983802514,29.209026043609846,13114000
2014-10-02,29.01588249206543,29.064169403679596,28.55057590640682,28.8973622038761,14969200
2014-10-03,29.389001846313477,29.481188373317387,29.143180038492243,29.200244858430473,9919600
2014-10-06,29.230972290039062,29.533862263819234,29.169516838702638,29.47240681248281,7781400
2014-10-07,28.796398162841797,29.156353014287138,28.796398162841797,29.099288185680834,12900200
2014-10-08,29.24853515625,29.30121269935272,28.65153639737119,28.818346942660803,14306200
2014-10-09,28.585693359375,29.23097567308927,28.581302726893988,29.23097567308927,45401600
2014-10-10,28.33547592163086,28.783223233069062,28.33547592163086,28.537401442402654,22018200
2014-10-13,27.76042938232422,28.388154169441314,27.738479569699592,28.322308080638628,42621400
2014-10-14,27.962360382080078,28.177456196161828,27.821890261488864,27.927242014664312,22490000
2014-10-15,27.729703903198242,27.870175690822535,27.075640253105583,27.567285648915185,30186400
2014-10-16,27.76042938232422,27.94479575171478,27.110753108046897,27.110753108046897,25364400
2014-10-17,28.067707061767578,28.304752649904042,27.953575737368443,27.984303466034962,17024200
2014-10-20,28.458389282226562,28.484726376630686,27.997470035728313,27.997470035728313,12384400
2014-10-21,29.011486053466797,29.042217126590618,28.55934810708402,28.58568854846576,11069000
2014-10-22,28.761280059814453,29.165134543612044,28.739333594338692,29.09489781631803,15529200
2014-10-23,29.151960372924805,29.349495269471998,29.01587757730238,29.081723659175058,10367600
2014-10-24,29.12562370300293,29.147573516160318,28.914920232605645,29.06416824504778,9014200
2014-10-27,29.182689666748047,29.248532403089506,28.99831995777889,29.086115854685875,7441600
2014-10-28,29.498754501342773,29.507535768442498,29.2046456858723,29.305610163086406,15389000
2014-10-29,29.41095542907715,29.599712441166915,29.257316779485798,29.538256981330374,9770600
2014-10-30,29.604108810424805,29.691901384611892,28.533021990167764,29.349505656581403,10203800
2014-10-31,29.89381980895996,30.029902620079053,29.81041788822315,29.99917154251085,9478800
2014-11-03,29.89381980895996,29.96405653070804,29.836754984343067,29.96405653070804,31852200
2014-11-04,29.533870697021484,29.784083205786576,29.380232024809914,29.735796287509814,9889200
2014-11-05,29.652387619018555,29.79285770873306,29.485577084996194,29.7840764442734,21506800
2014-11-06,29.902599334716797,29.920158514132655,29.647996256793395,29.691892530797528,22500000
2014-11-07,29.854324340820312,29.885052079791038,29.727022751063767,29.806037415427404,7542000
2014-11-10,29.83675193786621,29.91576656722941,29.656772868566918,29.906985303371897,5300800
2014-11-11,29.964067459106445,29.968454744012394,29.788478939767394,29.871884239994742,6460800
2014-11-12,30.104524612426758,30.152811518132424,29.86748071598194,29.86748071598194,10533200
2014-11-13,30.293285369873047,30.372300011846104,30.003563899614697,30.003563899614697,21600200
2014-11-14,30.41179656982422,30.424965114705778,30.258157964421983,30.324004037900202,19116000
2014-11-17,30.37668800354004,30.46887454555049,30.2932860760647,30.310845257920427,8062200
2014-11-18,30.433759689331055,30.5083837090147,30.297676851533474,30.310848751246954,8964200
2014-11-19,30.561050415039062,30.582996875295994,30.39863053359843,30.486423072767547,10035200
2014-11-20,30.6927490234375,30.771763673545948,30.411808789512307,30.420590055675333,10706200
2014-11-21,30.767364501953125,31.01758028208351,30.68835322284353,30.986849208113114,15564400
2014-11-24,31.052698135375977,31.065866683100978,30.86833176908366,30.92978722451443,6685200
2014-11-25,31.14926528930664,31.245839084065224,31.035132318312826,31.158046551959472,8501800
2014-11-26,31.144880294799805,31.171220738455148,31.087815473510116,31.140493011749772,4674800
2014-11-28,31.52240562438965,31.583861099918163,31.27658372227558,31.27658372227558,6714400
2014-12-01,31.175622940063477,31.434616774006713,31.13172664506013,31.43022613978459,23771000
2014-12-02,31.29412269592285,31.35557813175885,31.20193954216885,31.219498716560576,10333800
2014-12-03,31.346817016601562,31.377544750985326,31.20634354619366,31.34242638338335,11326400
2014-12-04,31.329267501831055,31.390722989565347,31.17562543342242,31.320486232684498,12190200
2014-12-05,31.399486541748047,31.4521640853043,31.32925316607774,31.338031082134766,8961000
2014-12-08,31.144880294799805,31.399483372684934,31.03952856739152,31.33363728715312,8405800
2014-12-09,31.087820053100586,31.114157151564655,30.714696645549687,30.969299760940757,8876000
2014-12-10,30.675195693969727,31.083437572590054,30.644467954678838,31.035150646694028,10930400
2014-12-11,30.925397872924805,31.201950782886968,30.789318408702965,30.81126822186771,35139600
2014-12-12,30.727855682373047,31.05708270754133,30.666400238933942,30.789311125812155,24352200
2014-12-15,30.543489456176758,30.969290279363882,30.385460215631632,30.89905357286805,17765000
2014-12-16,30.073808670043945,30.666416968826912,30.047468216292664,30.442541531838746,18229600
2014-12-17,30.648849487304688,30.701527031477298,30.130865358023932,30.209879999747145,19427800
2014-12-18,31.153656005859375,31.153656005859375,30.758582912161852,31.08341930072629,37697000
2014-12-19,31.238733291625977,31.326889790612114,31.058008096863055,31.243138762506874,19660200
2014-12-22,31.542875289916992,31.542875289916992,31.296034404561773,31.296034404561773,9902400
2014-12-23,31.719200134277344,31.820583160999846,31.609002800557803,31.64867558943382,14674600
2014-12-24,31.666305541992188,31.802952528390517,31.65749123462256,31.802952528390517,3375600
2014-12-26,31.838211059570312,31.90432676096822,31.710381765275507,31.754460020525883,28204600
2014-12-29,32.08065414428711,32.13795892242023,31.750062072127587,31.820589995074055,46027200
2014-12-30,31.930763244628906,32.07181562107037,31.864644207525803,31.992473449137428,12102400
2014-12-31,31.802946090698242,32.164393152893105,31.78972295084255,32.032155028425755,13328000
2015-01-02,31.5737361907959,32.02334315780761,31.357750376501116,31.97044723140757,12371000
2015-01-05,30.9698486328125,31.52964940998419,30.90372958342572,31.45471605672463,17165800
2015-01-06,30.661298751831055,31.106496830121152,30.45412726897462,31.097682524936964,14346000
2015-01-07,31.14617156982422,31.17702668434213,30.859657870469174,31.17702668434213,14822000
2015-01-08,31.6134033203125,31.657481569615335,31.260770599980084,31.40623184933882,12798200
2015-01-09,31.24755096435547,31.635444309840334,31.212287015778145,31.608998029884958,11258400
2015-01-12,31.080060958862305,31.348942756909054,30.952231631679737,31.309269962908033,12056600
2015-01-13,31.080060958862305,31.600192575728258,30.837625448178784,31.423876146408986,15103200
2015-01-14,30.70538330078125,30.824394928393144,30.352750526525742,30.661301681782785,20350000
2015-01-15,30.30866813659668,30.899324085514724,30.299850468817507,30.775903640245577,16102400
2015-01-16,30.70978355407715,30.745047498101687,30.19406098379879,30.326299092413404,19104200
2015-01-20,30.533475875854492,30.81117531028851,30.26018863937118,30.74505623718728,27874600
2015-01-21,30.731826782226562,30.8288009544605,30.42768112621195,30.51584099322238,18744000
2015-01-22,31.309268951416016,31.362164887389767,30.723018272125504,30.833215616520437,30350200
2015-01-23,31.265186309814453,31.419461897780977,31.185844098438015,31.344528521190895,9963400
2015-01-26,31.428274154663086,31.44590276486126,31.154983615221184,31.251957786086212,6906800
2015-01-27,31.177026748657227,31.37978941061539,30.96985525234305,31.071234901844498,11772400
2015-01-28,30.771499633789062,31.35775020374342,30.73623904600542,31.340118228373882,10395000
2015-01-29,31.19024658203125,31.25195680465196,30.696561438110667,30.872877801150512,17070000
2015-01-30,30.8508243560791,31.260758302954248,30.811154956197733,31.088850844227917,16055400
2015-02-02,31.12855339050293,31.15059084609325,30.440919534723943,30.930196112449536,41698800
2015-02-03,31.789737701416016,31.79414317477527,31.234342029084477,31.309275431672962,11228800
2015-02-04,32.00130081176758,32.16439405478979,31.7544598929926,31.785315007839472,18332000
2015-02-05,32.19968032836914,32.21730895225633,31.983691011738333,32.02336382287858,10155000
2015-02-06,32.15116882324219,32.30985322154861,32.04978581650833,32.24373416176175,9296600
2015-02-09,32.02775955200195,32.146771210798335,31.939599653859958,31.970454777470593,8735000
2015-02-10,32.42005920410156,32.48176944628533,32.11591346551304,32.287821049161515,11124000
2015-02-11,32.428863525390625,32.512614555258956,32.28340227234193,32.46412747090939,10627400
2015-02-12,32.81234359741211,32.825566733112126,32.47734292021049,32.56990823306472,8261600
2015-02-13,33.01072311401367,33.01072311401367,32.8123691978481,32.85203863589851,10664800
2015-02-17,32.9357795715332,33.09005516582791,32.799135954151566,32.96222585542494,8244000
2015-02-18,32.91813278198242,32.95780218996943,32.80793549807956,32.865236875045525,8287800
2015-02-19,33.01953125,33.09446463109089,32.95341217605566,32.95341217605566,6545000
2015-02-20,33.253143310546875,33.26195761616853,32.821168350070955,32.909328221063596,7861600
2015-02-23,33.222286224365234,33.328074700321594,33.12090321948058,33.231100529463674,6242400
2015-02-24,33.38097381591797,33.41182893114933,33.2751819668773,33.33689219734002,7037200
2015-02-25,33.636634826660156,33.72920018826846,33.367753049293036,33.40742584024283,13684200
2015-02-26,33.530845642089844,33.6586749568476,33.455912259873315,33.605779024306365,7009400
2015-02-27,33.48676300048828,33.59696032332103,33.455907884613325,33.513209281822405,7738200
2015-03-02,33.887874603271484,33.90110110498007,33.4999812936925,33.50879559854331,48008800
2015-03-03,33.795310974121094,33.83057492121334,33.56169320980638,33.821760615917825,12051000
2015-03-04,33.61899948120117,33.77327843138359,33.4779470353144,33.77327843138359,9332600
2015-03-05,33.641029357910156,33.72918584682802,33.57931914307675,33.72478037645026,15569400
2015-03-06,33.23991012573242,33.57490744540461,33.173791083207526,33.52642037174997,15705000
2015-03-09,33.4294548034668,33.46912758434467,33.23991865611773,33.266364934732934,8450000
2015-03-10,32.909332275390625,33.19584264328706,32.900514605727444,33.164987525377185,14292600
2015-03-11,32.72861099243164,32.997492779385745,32.719796684659585,32.9666376577495,9184800
2015-03-12,33.39420700073242,33.41624445369456,32.85644337670234,32.85644337670234,13843000
2015-03-13,33.129722595214844,33.38537781170761,32.95781168886141,33.345708392287335,11165600
2015-03-16,33.51762390136719,33.53525587961828,33.25315095351273,33.25315095351273,10901400
2015-03-17,33.33248519897461,33.42945601172024,33.217879049241354,33.297221250909736,9854600
2015-03-18,33.62781524658203,33.73360373426802,33.023932710253554,33.27077699879471,15437000
2015-03-19,33.57932662963867,33.901104275543204,33.455906172455094,33.641036858230464,9111000
2015-03-20,33.95304489135742,34.023809666138376,33.73191003154221,33.80267480632317,12486600
2015-03-23,33.89555740356445,34.11226866206255,33.891133760747934,33.93093979759499,7461400
2015-03-24,33.71863555908203,33.944194014587715,33.70979165117471,33.882276536488035,10551200
2015-03-25,33.17021942138672,33.74959150752053,33.17021942138672,33.66556257947581,11851600
2015-03-26,32.96237564086914,33.1613991236428,32.82969669327165,32.980066842065796,10108200
2015-03-27,33.13042068481445,33.19675843208112,32.913706129577996,32.913706129577996,6723800
2015-03-30,33.470977783203125,33.56827767671182,33.240998977478604,33.240998977478604,9186000
2015-03-31,33.325016021728516,33.67883307623605,33.227716163026464,33.42231588043056,16259600
2015-04-01,33.17906951904297,33.338286871912,32.96235832317951,33.24983428665136,14701400
2015-04-02,33.475399017333984,33.52846922870163,33.11273795123635,33.14811696739796,8929600
2015-04-06,33.63460922241211,33.77171173818856,33.24098949226381,33.28079214229577,9978600
2015-04-07,33.4488525390625,33.69652583847259,33.4488525390625,33.63460835718248,6297600
2015-04-08,33.76286697387695,33.76729061562707,33.50635311462029,33.53288821662098,8497000
2015-04-09,33.793827056884766,33.89554719126203,33.55057738902643,33.7584446735145,10503200
2015-04-10,33.9088134765625,33.94419585861289,33.789402154954495,33.83805208671137,7944200
2015-04-13,33.72306823730469,33.979585500601985,33.714224327027374,33.87786197403568,6293600
2015-04-14,33.70537567138672,33.81151946164862,33.49750835869656,33.61249943312627,5840600
2015-04-15,33.70537567138672,33.89555178999152,33.68768447730136,33.78940799972962,11518600
2015-04-16,33.77172088623047,33.84690593949006,33.692112190352475,33.78056479721662,13719800
2015-04-17,33.271942138671875,33.60364432517329,33.16579500953205,33.59037340334397,17183000
2015-04-20,33.639034271240234,33.696531495125754,33.41347914049779,33.41347914049779,8199800
2015-04-21,33.67441940307617,33.79825439653526,33.56385196259477,33.77171929057989,7835000
2015-04-22,33.70537567138672,33.76729316356035,33.51077591069801,33.762869521476446,6926600
2015-04-23,33.873435974121094,34.05034453560782,33.639033564207494,33.656724757781184,8271600
2015-04-24,34.33340072631836,34.359939206773724,34.10784557507625,34.165339429936886,9655600
2015-04-27,34.032657623291016,34.44839228894609,33.997278605943166,34.41743353986011,13850600
2015-04-28,33.91324234008789,34.00169493458478,33.66999264384615,33.979583473085654,11132400
2015-04-29,33.68326187133789,33.88670552782207,33.546155970256144,33.75402326851716,14487000
2015-04-30,33.30733871459961,33.740764618317584,33.156968597019464,33.52405335358405,21405400
2015-05-01,33.767295837402344,33.78056339045438,33.43116987166509,33.475399547505916,12220400
2015-05-04,33.83805847167969,34.0326548611763,33.78940853074296,34.0326548611763,7841800
2015-05-05,33.4842529296875,33.94421401968527,33.475409016568,33.94421401968527,15713600
2015-05-06,33.347137451171875,33.6169222494084,33.183496440589835,33.57269595240654,16596400
2015-05-07,33.519622802734375,33.58154029418366,33.263105552872915,33.34713788023276,11784800
2015-05-08,33.87786865234375,34.019394864432485,33.84690989889469,33.860177454051275,11347200
2015-05-11,33.72748565673828,34.02380552298712,33.7230620152906,33.85132062327512,13894400
2015-05-12,33.66558074951172,33.7894157623081,33.40906343771863,33.541742362464305,15020800
2015-05-13,33.45328903198242,33.79825895291004,33.42675392244983,33.68327122876814,15843200
2015-05-14,33.6036491394043,33.647875429090746,33.40020213319733,33.581534307436264,13660600
2015-05-15,33.873435974121094,33.873435974121094,33.60807481901608,33.64345720616346,14379800
2015-05-18,34.00168228149414,34.063599749450574,33.807085971166316,33.81592987762483,7923000
2015-05-19,33.99285888671875,34.165343847855226,33.957476491036665,34.09457905649104,9290800
2015-05-20,33.95304489135742,34.10341835064186,33.83363355172729,33.997274562720605,14815600
2015-05-21,34.08572006225586,34.16090508912378,33.87785279741557,33.87785279741557,5860800
2015-05-22,34.02824020385742,34.156498853451545,33.97074296913369,34.0813104214475,5927600
2015-05-26,33.78498840332031,34.103423186488115,33.731914814708794,34.0016996518787,10672000
2015-05-27,34.037071228027344,34.081297517357434,33.78055402596337,33.851318788291195,7255400
2015-05-28,33.97957229614258,34.050333673614425,33.891116356491416,33.97957229614258,6508400
2015-05-29,33.74517822265625,34.00611571645069,33.696528287499675,33.88228074487028,12333000
2015-06-01,33.842464447021484,33.9618791149798,33.67440323292146,33.77612671398784,11095000
2015-06-02,33.917667388916016,34.081305032947604,33.723067623851065,33.767293922933916,14261600
2015-06-03,34.18302917480469,34.23167911694925,33.92208826927926,34.01054424329228,8796000
2015-06-04,33.939781188964844,34.174183627073944,33.88228733362223,34.103422218517686,11321000
2015-06-05,33.842464447021484,33.92207310091073,33.68325051349186,33.842464447021484,7026000
2015-06-08,33.6036491394043,33.81593667959909,33.594801856917236,33.80266913011812,7392800
2015-06-09,33.568267822265625,33.66998795434462,33.36482418385792,33.6124941133543,9372200
2015-06-10,33.91324234008789,33.99285102483517,33.66999264384615,33.709798673344885,9327400
2015-06-11,34.02824020385742,34.13880765617123,33.97074296913369,34.00170172081152,8786600
2015-06-12,33.873435974121094,33.957468300033575,33.81151848373826,33.83363331926791,8135400
2015-06-15,33.714210510253906,33.77612797957126,33.5328783685038,33.661136947589455,9342800
2015-06-16,33.917667388916016,33.926511299032455,33.652302845918236,33.67884132476821,8213600
2015-06-17,34.07244873046875,34.15205738956385,33.82919911260897,33.979572523899314,8577200
2015-06-18,34.48377227783203,34.58107216082289,34.076884925552385,34.076884925552385,11583400
2015-06-19,34.362648010253906,34.575613627400045,34.362648010253906,34.54455649416766,11966600
2015-06-22,34.55343246459961,34.67766439672065,34.531250729737096,34.54012274668729,7812000
2015-06-23,34.69096755981445,34.71758699060938,34.60223048220905,34.63772531325121,7023200
2015-06-24,34.45138931274414,34.74421326407848,34.44695161174654,34.58448987790555,11973400
2015-06-25,34.42474365234375,34.61996174703025,34.40256193202053,34.51348068855208,8859400
2015-06-26,34.56229019165039,34.66877126546941,34.44693372044594,34.5667278903431,16617200
2015-06-29,33.78143310546875,34.411451145114754,33.75481367378536,34.25616548533912,17959600
2015-06-30,33.932273864746094,34.12748861114942,33.79029796510165,34.123054297234475,14474600
2015-07-01,34.31827163696289,34.32714703540836,34.14523860197605,34.22066256389899,12045200
2015-07-02,34.25172805786133,34.52680793235009,34.14968464561328,34.42032681979495,12517800
2015-07-06,34.185176849365234,34.415886472989264,33.94115412584372,34.01657810039645,8099400
2015-07-07,34.48243713378906,34.48687483358774,33.80804893326156,34.220667005237175,13923400
2015-07-08,33.82577896118164,34.29163903637197,33.78141214091861,34.207339708392226,13650600
2015-07-09,33.967777252197266,34.31828111822897,33.93672011900325,34.16299545225888,11855200
2015-07-10,34.460243225097656,34.53123286386656,34.22065827171101,34.30495762150602,9316600
2015-07-13,34.95716857910156,34.97935030758777,34.70427385654191,34.70427385654191,12129400
2015-07-14,35.00153350830078,35.06364776062469,34.92610954261788,35.03702833390669,7502000
2015-07-15,34.966033935546875,35.05477098751431,34.8861722812624,35.01927616672733,5428600
2015-07-16,35.179019927978516,35.218949085848905,35.005986807258054,35.21007706798028,6554800
2015-07-17,35.11688995361328,35.236680758662196,35.00153346302971,35.23224644419685,6489600
2015-07-20,35.1346435546875,35.29880122811321,35.081401306969894,35.29880122811321,5109400
2015-07-21,35.023719787597656,35.303233932369125,34.926110706415336,35.303233932369125,5353800
2015-07-22,35.192317962646484,35.24999452207863,34.974918054815674,35.0192848993768,6419400
2015-07-23,34.98379135131836,35.32985749053535,34.90392967419341,35.263308913742385,7522000
2015-07-24,34.98379135131836,35.67148931461507,34.921677089662666,35.67148931461507,10339200
2015-07-27,34.722023010253906,35.00597487490168,34.628851622007595,34.850689227824496,11104600
2015-07-28,34.99266052246094,35.063646786728235,34.61997163389609,34.61997163389609,10897000
2015-07-29,35.352046966552734,35.40972353521179,35.050347636309596,35.08584247162616,11624400
2015-07-30,35.480709075927734,35.520638222280795,35.139077249475605,35.20119151156264,6606400
2015-07-31,35.59162521362305,35.729163442926385,35.467396698771886,35.56056808491026,7330400
2015-08-03,35.471832275390625,35.71585499893789,35.28105179651911,35.52063682010008,11514200
2015-08-04,35.622684478759766,35.70254615523557,35.46296112580817,35.516203371783156,11407400
2015-08-05,35.2366828918457,35.7646574528518,35.174568635841815,35.67148606884597,11882600
2015-08-06,34.75752258300781,35.36092128273861,34.38039924191957,35.36092128273861,15489400
2015-08-07,34.73088836669922,34.82849743614134,34.48686907806649,34.79744031267999,12905800
2015-08-10,35.01041030883789,35.121329104567366,34.93942065478398,34.992662895324415,7674200
2015-08-11,34.695396423339844,34.86842946626526,34.531238779267085,34.78413348700215,11349400
2015-08-12,34.5445556640625,34.59779791331304,33.9766518786177,34.58892251261783,14273800
2015-08-13,34.74420928955078,34.95717490841074,34.51349963867836,34.52237165468459,8848600
2015-08-14,34.766387939453125,34.8151924808425,34.6377217289696,34.70427368404357,9479200
2015-08-17,35.099151611328125,35.121336729279534,34.61110948116091,34.642166615308625,8841000
2015-08-18,35.130210876464844,35.272186839034326,35.06365890354735,35.13908289319933,11699400
2015-08-19,35.06808853149414,35.3298552770755,34.89949317255901,35.028156002946794,11481800
2015-08-20,34.0831298828125,34.806319264712684,34.074257867900236,34.730895290552034,18824600
2015-08-21,32.991695404052734,33.847988863916214,32.96063826861619,33.7415077402729,37202600
2015-08-24,31.673973083496094,32.7698513976805,29.282563963908125,31.083884239708613,47634200
2015-08-25,31.54530143737793,32.725478921858624,31.527554025772282,32.46814653103571,24187600
2015-08-26,32.743221282958984,32.783150414183304,31.651777639884507,32.26848909689448,37790200
2015-08-27,33.51079177856445,33.5995288613695,32.83640687411405,33.2534593158902,32231200
2015-08-28,33.52410125732422,33.7193194531392,33.320011045778365,33.39987272725053,15289000
2015-08-31,33.266761779785156,33.56402329594025,33.16915271239751,33.37324286012963,20217800
2015-09-01,32.42377853393555,32.92513020020234,32.24187011021835,32.53913162778434,27879800
2015-09-02,33.10704803466797,33.11592005018879,32.57463570913425,32.747668784065,15389200
2015-09-03,33.1203498840332,33.546277612314135,33.00943109901298,33.17358873446039,13201600
2015-09-04,32.765419006347656,32.956199513633365,32.490342496987175,32.64119046857534,14311200
2015-09-08,33.52410125732422,33.555158389842646,33.142540266398704,33.38212531081521,10510400
2015-09-09,33.16470718383789,33.883461922666065,33.08928324410732,33.839091713439416,15364200
2015-09-10,33.257896423339844,33.46642433299701,33.02718678210708,33.04936851368268,12412200
2015-09-11,33.50635528564453,33.5107929861881,33.098174844952545,33.16916451375483,9219200
2015-09-14,33.32889938354492,33.51967995306173,33.209105122350124,33.48418510641328,7184600
2015-09-15,33.67938995361328,33.76812364989083,33.17359705291594,33.33775811450029,11140800
2015-09-16,34.060943603515625,34.105313831479684,33.64389121743323,33.7370626032061,13231800
2015-09-17,34.149681091308594,34.66434256923696,34.021014875583205,34.07425711880608,21990400
2015-09-18,33.605926513671875,34.06463395743256,33.55248358321862,33.74398317017749,19723000
2015-09-21,33.89984893798828,34.06017429095931,33.619277871423286,33.76624334460196,14036200
2015-09-22,33.450042724609375,33.5435652687534,33.20955472635434,33.4767624807274,15290400
2015-09-23,33.36098098754883,33.539117259386984,33.24964411878418,33.445594697352476,10771200
2015-09-24,33.27189254760742,33.32088101679011,32.813185425014844,33.16501015926786,13957400
2015-09-25,33.2674446105957,33.71279194620063,33.107119297959485,33.637083714603115,11708000
2015-09-28,32.309959411621094,33.16057128891279,32.22979673333478,33.04032897034905,24030800
2015-09-29,32.20306396484375,32.55488875911784,32.00265902780188,32.323309645253225,12354200
2015-09-30,33.07149887084961,33.10712408056917,32.52817449928682,32.679590984355265,21597200
2015-10-01,33.31642150878906,33.32087593196133,32.808725994489095,33.089296892943366,16725400
2015-10-02,33.7929573059082,33.7929573059082,32.75530051321283,32.799834570789876,16403600
2015-10-05,34.29175567626953,34.35410405113513,33.92211645547234,34.03790775067914,14036000
2015-10-06,34.037899017333984,34.407538143290246,33.877573695177794,34.18041003728052,18172000
2015-10-07,34.153690338134766,34.23830402660424,33.82413084331855,34.11360730866545,15588600
2015-10-08,34.57231521606445,34.62130369873333,33.993365671925375,34.00672554942947,12683200
2015-10-09,34.612396240234375,34.64357041851405,34.416442320916026,34.58122206195469,16705400
2015-10-12,34.77717971801758,34.870705669773905,34.63021764611042,34.63466867411306,10978000
2015-10-13,34.590118408203125,34.95975742316432,34.54558436491701,34.66137559564467,15163000
2015-10-14,34.23831558227539,34.71038625659606,34.16260732050773,34.590140525335066,14031800
2015-10-15,34.68365478515625,34.688109210584685,34.167053560583575,34.42980689943281,11406400
2015-10-16,34.86624526977539,34.879605146956735,34.648026014441776,34.670291343833775,10638400
2015-10-19,35.03102493286133,35.05329026220024,34.73709404464971,34.768268223908755,9857400
2015-10-20,34.986488342285156,35.14236264015851,34.87515149965036,34.982037314945934,10027600
2015-10-21,34.83060836791992,35.15571335871731,34.786074322014365,35.075550716995345,10024800
2015-10-22,35.28932571411133,35.356128501176705,34.982038329980014,35.048837719314506,16455000
2015-10-23,35.463008880615234,35.81038267381441,35.27596380578308,35.77920509694503,15790200
2015-10-26,35.7124137878418,35.77476216021931,35.449657020481034,35.47638017845101,12050000
2015-10-27,35.54317092895508,35.67232206822901,35.39175446081156,35.62778801275919,8942400
2015-10-28,35.88163375854492,35.88163375854492,35.41401770925569,35.68122882183836,22715800
2015-10-29,35.98406219482422,36.046410543265736,35.48972643380206,35.832642350230415,9449600
2015-10-30,36.05978012084961,36.30026812857357,35.96180314758454,36.0553256954109,15542200
2015-11-02,36.22454833984375,36.27799123989524,35.96179505948376,36.18892313753973,15470000
2015-11-03,36.36261749267578,36.456140043071215,36.1577580873718,36.18447784527588,14567000
2015-11-04,36.126590728759766,36.460601356584995,35.943996621304045,36.424972740828,12531800
2015-11-05,36.2557258605957,36.36260826281339,35.988514758456034,36.180014236199966,13929400
2015-11-06,36.26018142700195,36.3447985131221,36.02860229358198,36.16220446364825,13186400
2015-11-09,35.76139450073242,36.20674186239668,35.51199766774354,36.09095059699937,14019200
2015-11-10,36.099853515625,36.099853515625,35.663415034553914,35.712403512717266,14662800
2015-11-11,35.886085510253906,36.18446737965241,35.81037728626865,36.17556192883716,14173400
2015-11-12,35.552085876464844,35.89054747427182,35.525362720414975,35.66342273310085,12151400
2015-11-13,34.61685562133789,35.37394485808711,34.576772587679045,35.32495637124357,22754400
2015-11-16,35.03546905517578,35.03546905517578,34.407531168791,34.478784965455574,14766400
2015-11-17,35.102291107177734,35.40958198077179,34.98649980154735,35.20917355975014,14904600
2015-11-18,35.703495025634766,35.74802907958135,35.120091104154284,35.20025376035035,14275200
2015-11-19,35.74803161621094,35.88163718526168,35.650058049668594,35.73022071155288,11370400
2015-11-20,36.17557144165039,36.18002246936338,35.93062900819311,36.019697130687895,11129800
2015-11-23,36.30918502807617,36.45169610746124,36.16667394869111,36.23347676040677,8344000
2015-11-24,36.233463287353516,36.34034570771611,35.859369719488114,36.02414947408406,9090800
2015-11-25,36.416053771972656,36.47395110592736,36.2869060217603,36.30026589952497,7406400
2015-11-27,36.2824592590332,36.42497031483778,36.13103935101682,36.42497031483778,4565200
2015-11-30,35.97514343261719,36.40713072615441,35.935063818691084,36.40713072615441,17294000
2015-12-01,36.344791412353516,36.35815128697692,36.0686748784596,36.171106246789144,16374800
2015-12-02,36.028621673583984,36.40716645565591,35.95736442636771,36.39826099862016,12527000
2015-12-03,35.48529052734375,36.18003157122713,35.329419574899646,36.18003157122713,19657800
2015-12-04,36.17112350463867,36.21565757387466,35.5298220348991,35.61443914485965,14064400
2015-12-07,36.01969528198242,36.18447503764467,35.77030183361224,36.11767225033668,13070800
2015-12-08,35.91280746459961,36.090947071409666,35.62333102824957,35.716853557335504,12167000
2015-12-09,35.454097747802734,36.10430437832329,35.284867002126475,35.84155111021566,19471600
2015-12-10,35.5743293762207,35.79700295283189,35.42291297503508,35.552064057197065,9460200
2015-12-11,34.763832092285156,35.240353881845095,34.69257824408262,35.10675164231565,20208400
2015-12-14,34.941951751708984,35.01765998375689,34.40753630489598,34.78608086286607,29916000
2015-12-15,35.13344955444336,35.46746004208053,35.106729802706106,35.29822928486063,15957600
2015-12-16,35.72130584716797,35.78810862044589,35.09336793290797,35.37838992767892,24149400
2015-12-17,35.13344955444336,35.850459006389585,35.13344955444336,35.72576230130856,18449200
2015-12-18,34.581172943115234,35.08202311673248,34.5588120981705,35.07308082582614,30106000
2015-12-21,34.75557327270508,34.92997692878256,34.51856335094777,34.81370668746904,14178000
2015-12-22,35.010475158691406,35.07755428289803,34.73768922222753,34.93445374342403,13465800
2015-12-23,35.1893424987793,35.229587915724444,35.04176914641024,35.104375402848305,12049600
2015-12-24,35.09544372558594,35.21171057310533,35.06861002772397,35.13121630309168,3823600
2015-12-28,35.184871673583984,35.20723251436388,34.907612942125596,35.00599518270068,8111800
2015-12-29,35.591819763183594,35.6454837451406,35.32797952841348,35.399531504356155,11480400
2015-12-30,35.30562973022461,35.578415753236136,35.29668743632671,35.56500060649575,6437800
2015-12-31,34.95233917236328,35.33244963259186,34.94786632126815,35.140157976930006,13160400
2016-01-04,34.35309982299805,34.40229094462015,33.97746225255877,34.33521183224588,26800800
2016-01-05,34.308387756347656,34.50067942697575,34.06243210375846,34.38440917195304,14849800
2016-01-06,33.972999572753906,34.151876122042175,33.700213602741236,33.80753816759964,20230800
2016-01-07,33.27537536621094,33.856719722138195,33.19935055132343,33.29773279617808,25290400
2016-01-08,32.917625427246094,33.69126149405328,32.841604017080904,33.54369152484607,21595400
2016-01-11,33.1769905090332,33.311145313629154,32.69402502420338,33.11438425119806,26465400
2016-01-12,33.54369354248047,33.74492750191261,33.1546373542209,33.40953529500173,17474200
2016-01-13,32.41230392456055,33.68232075934239,32.34522480175764,33.68232075934239,29861000
2016-01-14,32.64484405517578,32.93551800651747,31.862262177140746,32.479382658433906,31838800
2016-01-15,31.97406578063965,32.188718352800805,31.602897484916657,31.79518920580317,29103000
2016-01-19,32.09479522705078,32.470436255069856,31.768348738436494,32.327335723392544,23245200
2016-01-20,31.81307029724121,32.09032909862893,30.829254466926077,31.634193761242237,42886400
2016-01-21,32.22000503540039,32.604588280678946,31.750454692834552,31.91144318675512,31888400
2016-01-22,32.78348159790039,32.90869419010075,32.58224756211941,32.743236155459094,14370200
2016-01-25,32.40782928466797,32.86843400442246,32.37205329957608,32.77899745347846,14296800
2016-01-26,32.881858825683594,32.94893796453129,32.367589976900234,32.52857854542001,15900200
2016-01-27,32.367584228515625,33.03836867428984,32.21554139179747,32.823719562242324,21285400
2016-01-28,32.78348159790039,32.87292160074868,32.202136932429106,32.77453930350919,20804400
2016-01-29,33.14121627807617,33.172519408645094,32.49726226433222,32.61800534780189,23052600
2016-02-01,33.34245681762695,33.47661506770643,32.79241549823034,32.948931182132384,16598800
2016-02-02,32.69402313232422,33.21723400472105,32.57775291230771,33.11438233499431,18097800
2016-02-03,32.609066009521484,33.02047963778667,31.98299986419541,33.00259505550211,26703600
2016-02-04,32.42124557495117,32.586706953024866,32.1395173588876,32.506212689608724,19875600
2016-02-05,31.374826431274414,32.30497827917674,31.28538645719697,32.27814799284658,25646800
2016-02-08,30.76664161682129,31.03048180690765,30.234484974177754,31.03048180690765,26352000
2016-02-09,30.717449188232422,31.07519875678462,30.31945078879425,30.373111347595177,28947400
2016-02-10,30.663799285888672,31.195956150047927,30.650384140033708,30.744293572805308,26574400
2016-02-11,30.64590835571289,30.838200055407572,30.225548962941602,30.225548962941602,27130600
2016-02-12,31.2093563079834,31.222771447395903,30.690614838798485,30.98128870261519,21854400
2016-02-16,31.965103149414062,31.974045437162257,31.482137728178245,31.669956476952823,20940800
2016-02-17,32.65379333496094,32.73876047738831,32.26026759174698,32.300516442502506,19549400
2016-02-18,32.43912887573242,32.68061163104978,32.32733149336987,32.67166592986098,13948400
2016-02-19,32.5285758972168,32.53752160128779,32.04114079072742,32.23343248681645,15183200
2016-02-22,33.15910720825195,33.208298333761874,32.79241189831429,32.81924218067038,11290000
2016-02-23,32.97575759887695,33.29773463186609,32.886321050506915,33.06519755903262,12913400
2016-02-24,33.16804885864258,33.22171283410524,32.336276003792,32.702971306656245,21643200
2016-02-25,33.49898147583008,33.50792376848677,33.0160157894906,33.20383464136042,11096400
2016-02-26,33.463191986083984,33.71361702091519,33.39611287695842,33.71361702091519,13932600
2016-02-29,33.28879165649414,33.73150836184807,33.28879165649414,33.47213760041423,17485600
2016-03-01,34.169761657714844,34.196591944050894,33.46767065525067,33.57946806403243,18691600
2016-03-02,34.138450622558594,34.1742266074969,33.896971253689294,34.11162033974772,15275600
2016-03-03,34.33969497680664,34.34416782878184,33.990887582041786,34.080324150827394,19038800
2016-03-04,34.308387756347656,34.45596114790117,34.15634151335088,34.35757888686549,15493400
2016-03-07,34.16082000732422,34.3352237127725,33.95958601235668,34.129516865622904,14871000
2016-03-08,33.89250946044922,34.210013753848294,33.86120631636162,33.959588601147466,12680000
2016-03-09,33.95958709716797,34.04902367294684,33.73599224593412,34.02219338257051,13489400
2016-03-10,34.04454803466797,34.26367342743194,33.601831220753894,34.120572870824034,16120800
2016-03-11,34.56776428222656,34.56776428222656,34.24578716065367,34.330750881445105,11387200
2016-03-14,34.697444915771484,34.79582718922213,34.46938064017563,34.46938064017563,11000600
2016-03-15,34.6884880065918,34.701903145175606,34.478308404018826,34.478308404018826,8999200
2016-03-16,34.97023010253906,35.046254937816805,34.5498741414896,34.648256412730866,14508600
2016-03-17,35.01942825317383,35.14911369017139,34.78689108421108,34.8942156689795,12321600
2016-03-18,35.06477355957031,35.23540726160938,35.001909593291465,35.08273518219702,19413000
2016-03-21,35.082725524902344,35.12314002114475,34.86270170349279,35.05578481129293,8098800
2016-03-22,35.024356842041016,35.123144037676795,34.8178033538156,34.831273712160716,8984600
2016-03-23,34.77739715576172,34.9480308710804,34.741477333542065,34.858222750957545,17044000
2016-03-24,34.82229995727539,34.82678779352646,34.395719131209255,34.49450634199992,13916200
2016-03-28,34.97945022583008,35.13211883616712,34.84473980720354,34.8716839464258,10265200
2016-03-29,35.33418655395508,35.365618530049886,34.930058700001474,34.930058700001474,10979200
2016-03-30,35.55870056152344,35.6395261298452,35.410519781962144,35.477874993201674,10548400
2016-03-31,35.51829528808594,35.64851448341102,35.45992258362817,35.504824927505624,10140800
2016-04-01,35.66646194458008,35.74279624144576,35.26682541883872,35.2937661293024,16283600
2016-04-04,35.388092041015625,35.74282654142445,35.34318967690214,35.706903279801345,18943600
2016-04-05,35.08723831176758,35.27134243658838,35.00641269552461,35.20847844904722,17096000
2016-04-06,35.419490814208984,35.45092278218762,35.04230719846543,35.13211184245363,13554200
2016-04-07,35.019866943359375,35.38807159771134,34.8671983084024,35.27581403936222,10346800
2016-04-08,34.96597671508789,35.199470870373275,34.83575756904929,35.16354763853616,10318600
2016-04-11,34.83576202392578,35.230907347182345,34.81780040571025,35.07374747008191,11742000
2016-04-12,35.1007080078125,35.15459289289089,34.687600833035816,34.84476079889322,11502600
2016-04-13,35.594627380371094,35.60810116593466,35.24887558581135,35.30724828660405,10081000
2016-04-14,35.594627380371094,35.702397109905505,35.47339071693116,35.617080263814685,6924600
2016-04-15,35.69340515136719,35.715858028875815,35.495834217769364,35.59910923232157,8599400
2016-04-18,36.03018569946289,36.03018569946289,35.59462581609929,35.69341301758326,8926000
2016-04-19,35.832618713378906,36.12897692501049,35.69790825529139,36.075092056609634,8545600
2016-04-20,35.87751388549805,35.99875053287803,35.70688021591987,35.92241622060809,9571000
2016-04-21,35.751792907714844,36.03917201912485,35.73831912132408,35.971816790487985,8285400
2016-04-22,35.67993927001953,35.88200491545504,35.45991543131863,35.76974736548927,9460000
2016-04-25,35.72035598754883,35.724843823229584,35.46889673044735,35.61258626629301,7794400
2016-04-26,35.8056640625,35.92241286353841,35.61258095632535,35.78321460995724,7797000
2016-04-27,35.769744873046875,35.85954953643046,35.59461995554075,35.78770306506094,11423200
2016-04-28,35.38359069824219,35.908955352104726,35.307252939970354,35.594632071612914,14600800
2016-04-29,35.563194274902344,35.73382796169029,35.2937768112406,35.675451836913815,16799000
2016-05-02,36.06162643432617,36.08857058498159,35.617087345553436,35.661989695539525,13296000
2016-05-03,35.72932815551758,35.94037286976166,35.65748511444212,35.792192101144146,11558600
2016-05-04,35.56768798828125,35.72036006457151,35.40603681377587,35.43746879627252,12876400
2016-05-05,35.33867645263672,35.594623537447184,35.31173573607625,35.55421246260647,12589600
2016-05-06,35.59910583496094,35.59910583496094,35.15007573426602,35.26682451967848,10783400
2016-05-09,35.69791030883789,35.80118878942339,35.57218236783256,35.58565272925035,10433000
2016-05-10,36.15591049194336,36.16489301448071,35.796688384506496,35.80117964577517,9664600
2016-05-11,35.428489685058594,35.80567347487999,35.4060368007853,35.80567347487999,12233600
2016-05-12,35.495845794677734,35.6305528261796,35.24438650271494,35.56319759751405,11206600
2016-05-13,35.07375717163086,35.47788512869287,35.055795548447065,35.320725208121345,15204000
2016-05-16,35.29378128051758,35.4060388567443,34.997423060710275,35.04681666831639,9211400
2016-05-17,34.89414596557617,35.31623556517548,34.79535874645042,35.2399012325163,13086400
2016-05-18,34.69208526611328,34.91660043765665,34.45409973241006,34.65616201646723,22648200
2016-05-19,34.66064453125,34.71452596629049,34.41816779608147,34.53940445075135,15667200
2016-05-20,34.88965606689453,35.00191365195639,34.674123422040346,34.701064146189715,7816200
2016-05-23,34.76841354370117,34.99741993800241,34.732490300314886,34.840256604644686,8505000
2016-05-24,35.18600082397461,35.284787999480486,34.889639297456974,34.90311307888521,7983000
2016-05-25,35.379085540771484,35.455419843233784,35.2129431537993,35.2129431537993,8707800
2016-05-26,35.45093536376953,35.603607423726075,35.397053928585045,35.47787950719056,7008000
2016-05-27,35.61708450317383,35.67096937435473,35.50482692425235,35.50482692425235,6424200
2016-05-31,35.581146240234375,35.693403771782414,35.44194799737976,35.6709543209696,8326000
2016-06-01,35.55870056152344,35.581150014717714,35.33418547461058,35.41501104293234,7535600
2016-06-02,35.75627899169922,35.76526151551952,35.450938272561345,35.459920796381645,8115800
2016-06-03,35.52278137207031,35.66197964554827,35.28030463948278,35.626056405351136,11311000
2016-06-06,35.612586975097656,35.67994219576594,35.432977621087346,35.563193374996175,8200000
2016-06-07,35.65747833251953,35.81014690691044,35.608084752374836,35.612572586331666,8651400
2016-06-08,35.69791030883789,35.75628301692481,35.558712006414765,35.67096958600231,7903200
2016-06-09,35.61708450317383,35.65749901301687,35.47788620157662,35.51380602320112,13162200
2016-06-10,35.24437713623047,35.38806665381,35.14558995055173,35.33418522586038,9627000
2016-06-13,35.05130386352539,35.437470192747,35.024363141989234,35.18152306066563,12032600
2016-06-14,34.961490631103516,35.096201057524176,34.73697553762139,34.96598189220513,16195400
2016-06-15,35.06028366088867,35.34766275435259,34.98843717460818,34.98843717460818,11271800
2016-06-16,35.17252731323242,35.217429636481334,34.6830827400846,34.89412742776491,12764600
2016-06-17,35.11712646484375,35.24330062760603,35.05403938346261,35.216264289296426,17119400
2016-06-20,35.43255615234375,35.75700591163979,35.387494449772085,35.387494449772085,7944400
2016-06-21,35.3514289855957,35.536186358555916,35.28383817888938,35.536186358555916,5798600
2016-06-22,35.30187225341797,35.57675308859516,35.27483592142916,35.37848092403174,8207200
2016-06-23,35.64885711669922,35.653364318349965,35.48663223714754,35.626324546433004,8882400
2016-06-24,34.32400894165039,34.932350294031295,34.23839277015078,34.396110389214535,30696400
2016-06-27,33.69315719604492,34.05816499802176,33.427290668692564,34.00408887676891,21702000
2016-06-28,34.364566802978516,34.364566802978516,33.986041079926856,34.085178851154346,15721200
2016-06-29,34.9188346862793,34.97741797620685,34.58086686157048,34.77463521858966,14107600
2016-06-30,35.17570114135742,35.18921930851289,34.801685910768384,35.026997864659705,13423600
2016-07-01,35.54069900512695,35.62181142359154,35.1441478757505,35.21174213080209,14260200
2016-07-05,35.25230026245117,35.39199253584036,35.0314921321427,35.319891079906164,14635200
2016-07-06,35.55421829223633,35.55421829223633,35.031493037168964,35.10810169557486,15561200
2016-07-07,35.70742416381836,35.70742416381836,35.46859413190448,35.50013765615752,18485600
2016-07-08,36.32929229736328,36.35632862543353,35.93724835041083,35.93724835041083,14822800
2016-07-11,36.54108810424805,36.63121494137631,36.42392837296226,36.52756993817563,8862000
2016-07-12,36.68527603149414,36.77990659326411,36.62669275183709,36.65823627242708,9772000
2016-07-13,36.50502395629883,36.76638306835654,36.423911559319336,36.73483954941928,7310800
2016-07-14,36.653743743896484,36.86553751176694,36.608682044729576,36.77541411343313,6812000
2016-07-15,36.49152374267578,36.838502621626795,36.46448397172755,36.82949165663566,6967400
2016-07-18,36.63121032714844,36.73485187930667,36.47799644232354,36.57713423168315,5550000
2016-07-19,36.56361389160156,36.57713205516677,36.35632736163279,36.43293258049343,5273600
2016-07-20,36.716827392578125,36.734849318490035,36.49151550082638,36.66275130088252,4902000
2016-07-21,36.61769485473633,36.77991971507133,36.50503889272519,36.71232545026723,4869400
2016-07-22,36.77090072631836,36.81596241790474,36.572628595740944,36.653737577804414,5059200
2016-07-25,36.82948684692383,36.87454854196954,36.71683089031606,36.87454854196954,6260400
2016-07-26,36.7844123840332,36.964662556485045,36.65373109495527,36.79793398330561,9975400
2016-07-27,36.671756744384766,36.90608300181073,36.53206449267944,36.892564840418096,8590200
2016-07-28,36.739356994628906,36.78441868596535,36.437439880889414,36.57262839288541,6317800
2016-07-29,36.77992248535156,36.83399515087793,36.62670857772297,36.68979564616199,7992600
2016-08-01,36.838497161865234,36.9331277511905,36.64022158157217,36.77991730313633,5500400
2016-08-02,36.28872299194336,36.86552072987989,36.21662499369415,36.86552072987989,8493400
2016-08-03,36.392372131347656,36.392372131347656,36.090451629881926,36.16706027418624,7744000
2016-08-04,36.37434768676758,36.45095289501607,36.23014823207022,36.32477880190415,4480600
2016-08-05,36.75740051269531,36.811476631798435,36.446468844331996,36.590668390618625,7037200
2016-08-08,36.63571548461914,36.84750577790873,36.60417195685374,36.78441872237793,6296800
2016-08-09,36.527557373046875,36.707807547311766,36.455459366132594,36.56360809549708,14728200
2016-08-10,36.60417556762695,36.712324325207,36.52756690293687,36.541085067885994,6778800
2016-08-11,36.96918487548828,37.014246577533555,36.784427427718924,36.80245279613453,7389600
2016-08-12,36.95115661621094,37.041280013250706,36.68979395161349,36.89257675193381,4913200
2016-08-15,37.02323532104492,37.12236962164253,37.000702766645176,37.05027163593653,6141000
2016-08-16,36.81145095825195,36.97817952605815,36.78441119856464,36.93311784389393,4615800
2016-08-17,36.725833892822266,36.75287021639146,36.50502922837273,36.680772207544884,6848600
2016-08-18,36.703311920166016,36.78893155348483,36.63572109174296,36.748377056430996,9466000
2016-08-19,36.725833892822266,36.80243910159244,36.586141637066504,36.658239645913085,7447800
2016-08-22,36.68978500366211,36.74386109149016,36.581636265992394,36.68978500366211,5777200
2016-08-23,36.874542236328125,36.91960392366817,36.81145518645478,36.861024073924746,10701600
2016-08-24,36.69879913330078,36.92861476940571,36.626697683395136,36.83849139501002,6466200
2016-08-25,36.57713317871094,36.69880353050852,36.509538920821925,36.56361501473049,6061400
2016-08-26,36.47349166870117,36.7754087912113,36.31126682478805,36.63120931195372,12578400
2016-08-29,36.599666595458984,36.649235489864985,36.47349247805712,36.47349247805712,7992600
2016-08-30,36.39688491821289,36.60867866653936,36.338305058500296,36.56361697153067,4905800
2016-08-31,36.30224609375,36.42842018635212,36.167061039384656,36.36984033992576,7001800
2016-09-01,36.37434768676758,36.45546009490898,36.17607214731389,36.342804163489596,10833600
2016-09-02,36.44645309448242,36.58614881563409,36.3608369070525,36.550098085144185,6704800
2016-09-06,36.514041900634766,36.514041900634766,36.2662009010066,36.446447650559314,12356000
2016-09-07,36.53205871582031,36.5365659149005,36.37434112786952,36.441935362130025,10728600
2016-09-08,36.21663284301758,36.41490495966421,36.17156771661082,36.342806945789015,8918200
2016-09-09,35.34243392944336,36.03188797201666,35.34243392944336,35.95978993308774,19125000
2016-09-12,35.83811950683594,35.928246352872364,35.1531726668973,35.20274157272042,21753200
2016-09-13,35.32890701293945,35.6803930308943,35.21625106164691,35.57674804299097,18474400
2016-09-14,35.33342361450195,35.54071020747287,35.229778599022644,35.337927378401446,14711400
2016-09-15,35.590274810791016,35.61280394152743,35.17119447363603,35.22526713779326,11544200
2016-09-16,35.51337432861328,35.545038133192826,35.359576241301305,35.46814081508477,10703000
2016-09-19,35.4862174987793,35.73048251705056,35.40479582602221,35.572163556438035,6254800
2016-09-20,35.51337432861328,35.68073867377836,35.42290385046039,35.63098077356823,6684400
2016-09-21,35.857147216796875,35.875241310118575,35.46361190311,35.567648625840505,12031800
2016-09-22,36.11951446533203,36.18736646767817,36.00642894512054,36.06523562433208,9642800
2016-09-23,36.0380744934082,36.155684341145985,36.01998040521051,36.01998040521051,7782400
2016-09-26,35.6400260925293,35.938570013757854,35.594792583385036,35.938570013757854,11856600
2016-09-27,36.00189208984375,36.00189208984375,35.62645091559734,35.68525412334798,10275000
2016-09-28,36.101409912109375,36.119504004234265,35.888808643510934,36.0245126089,8260600
2016-09-29,35.915950775146484,36.26877693665191,35.8119106103229,36.06070005809987,12722200
2016-09-30,36.205448150634766,36.314009246506586,36.00641659895726,36.074268578037774,9578800
2016-10-03,36.18284225463867,36.26426396762651,36.029047602937304,36.06523579784218,15452200
2016-10-04,36.05617904663086,36.3321079323166,35.98380612392886,36.21449805044347,17878200
2016-10-05,36.205448150634766,36.350197428828864,36.14664494268233,36.191878445037666,14270600
2016-10-06,36.23258972167969,36.30496609063865,36.0109431311595,36.15569241798221,14525000
2016-10-07,36.06974411010742,36.372815822495646,35.97927710560332,36.33662764025601,17384200
2016-10-10,36.12856674194336,36.286885795368,36.105948255269894,36.24165227311761,5941000
2016-10-11,35.689781188964844,36.15569285369338,35.617404819133675,36.15569285369338,16851800
2016-10-12,35.857147216796875,35.98832680505764,35.68073412077957,35.725971079631535,7596400
2016-10-13,35.72597885131836,35.82097027359978,35.368628195442824,35.60384455760212,8056000
2016-10-14,35.685264587402344,35.956669131282446,35.667170490997535,35.83906268129521,6949200
2016-10-17,35.391239166259766,35.67621685148863,35.38219384421723,35.671692464919474,7257200
2016-10-18,35.626461029052734,35.825489185451296,35.576703127179094,35.75764063843814,7900400
2016-10-19,35.7847785949707,35.8254877215151,35.594795768905165,35.685262795289944,6512200
2016-10-20,35.71691131591797,35.8028573699732,35.572162064984845,35.70334161287648,9819000
2016-10-21,36.00189208984375,36.05617436314088,35.545029231199145,35.545029231199145,9595400
2016-10-24,36.25973129272461,36.282346318896515,36.10593323971818,36.18283054067385,7136600
2016-10-25,35.83453369140625,36.09689287893142,35.81643959732566,36.09689287893142,9267600
2016-10-26,35.680721282958984,35.829994910833236,35.608348386807165,35.676200349576746,8653000
2016-10-27,35.38218307495117,35.82547619312207,35.31885548664104,35.77119737519609,10670400
2016-10-28,35.30076599121094,35.54050667117118,35.16958641232615,35.192204890135486,10012200
2016-10-31,35.327903747558594,35.41837420345959,35.25553083393281,35.350522224307596,11798000
2016-11-01,35.079124450683594,35.481708565730926,34.798671160532194,35.41838096006701,23891800
2016-11-02,34.86652374267578,35.14245265106484,34.7760532679851,34.98865456963854,19390400
2016-11-03,34.77605056762695,35.09721296287525,34.694628872275594,34.929848637110844,17801600
2016-11-04,34.70820617675781,35.006750127977895,34.65392388967422,34.744390917051,17824400
2016-11-07,35.50885009765625,35.5133744843577,35.09721718522109,35.205781759480665,14287400
2016-11-08,35.65359115600586,35.80286482272385,35.41837486843713,35.50884187494162,10650400
2016-11-09,35.72597885131836,35.78930646617264,34.821294695004454,34.907237343108875,22851200
2016-11-10,35.857147216796875,36.25521036768346,35.585742719162205,35.86619598900544,33370400
2016-11-11,36.06070327758789,36.110461171585655,35.69882831234879,35.721446791837025,12078600
2016-11-14,36.065216064453125,36.33662047554598,36.01997912002571,36.228055950233376,12659400
2016-11-15,36.205448150634766,36.25520603855414,36.01546537008534,36.191878445037666,12020400
2016-11-16,36.40447998046875,36.40447998046875,36.07879323926981,36.12855112756937,7986400
2016-11-17,36.843257904052734,36.843257904052734,36.363776444357256,36.436152827531764,11402200
2016-11-18,36.730159759521484,36.90205188488693,36.68492626114442,36.82063020737033,8587200
2016-11-21,36.969913482666016,36.969913482666016,36.74826341605349,36.79802131255054,9526800
2016-11-22,37.4086799621582,37.44034376237293,37.04680845271777,37.08299663899043,11500200
2016-11-23,37.44485855102539,37.467477024422365,37.318203382629164,37.34534278982993,8874400
2016-11-25,37.53534698486328,37.57605611517702,37.44487649900582,37.50368317758721,8542600
2016-11-28,37.23678970336914,37.449390974998515,37.15989239906349,37.44486658912899,10293600
2016-11-29,37.33631134033203,37.3951145614753,37.23679554216974,37.27750811918877,8735200
2016-11-30,37.024192810058594,37.33630990115559,37.015147488345136,37.31821580663301,10133200
2016-12-01,37.04228973388672,37.23227256424122,36.92467983605472,36.99253183292303,18732200
2016-12-02,36.83872604370117,37.14631867878277,36.79348909208442,37.04680290697771,15315000
2016-12-05,37.24131393432617,37.30464153185508,36.83420548514372,36.992524478966,16210400
2016-12-06,37.3272590637207,37.33178344987501,37.15989473806147,37.26845584809658,14066600
2016-12-07,38.05101776123047,38.06911185891829,37.300128237119054,37.34536175579048,15944200
2016-12-08,38.05101776123047,38.150530121869096,37.96507165998738,38.06458747172227,11211800
2016-12-09,38.1369514465332,38.14147583266568,37.94244425598221,38.14147583266568,9603200
2016-12-12,37.820316314697266,38.123384637802175,37.73889461359938,38.060057031514454,11884400
2016-12-13,38.159576416015625,38.30432573701371,37.83841396789787,37.96054480548224,9648400
2016-12-14,37.901729583740234,38.22741631567576,37.83387760607118,38.150515567066854,16914600
2016-12-15,37.81125259399414,38.07361168838074,37.78863757274351,37.96505061353242,12218800
2016-12-16,37.62562561035156,37.93958722243682,37.57102193056199,37.921385995840296,19737400
2016-12-19,37.725730895996094,37.925937446959914,37.62562588474967,37.712077372302375,7572200
2016-12-20,38.02602767944336,38.07608016561374,37.77576524859144,37.780316421387205,8068400
2016-12-21,38.00783157348633,38.048785191102894,37.921376636373246,38.02148162218246,5405600
2016-12-22,37.59830856323242,37.95322714740392,37.53915720163439,37.93957362870182,8922000
2016-12-23,37.51640701293945,37.66201331056707,37.47090569584232,37.589211897517245,5674000
2016-12-27,37.662017822265625,37.81217531104937,37.543715077946665,37.543715077946665,12202200
2016-12-28,37.40266036987305,37.78032798235311,37.3935614930249,37.74392553190302,7715400
2016-12-29,37.352596282958984,37.530057305979014,37.26614482936506,37.42995233405457,5132600
2016-12-30,37.03864669799805,37.47091451950333,36.924891642704154,37.47091451950333,9618200
2017-01-03,37.257049560546875,37.46635841817863,37.02953947987823,37.334405626335744,28101000
2017-01-04,37.75303649902344,37.79398666148186,37.38447115077948,37.42087013801046,10987600
2017-01-05,37.725730895996094,37.739380948160786,37.511870821338555,37.520969698938664,8793400
2017-01-06,37.91227340698242,38.02602842842339,37.57555951554495,37.71661463124286,13076200
2017-01-09,37.88044357299805,37.98054860395103,37.812189827209224,37.89864480331038,7711200
2017-01-10,38.016937255859375,38.157992400133004,37.812176092867354,37.87133093777833,10349600
2017-01-11,38.098846435546875,38.098846435546875,37.86678513982215,37.98963907783586,10777400
2017-01-12,38.06244659423828,38.10794792730833,37.75758384398682,38.012394086402466,8564600
2017-01-13,38.203487396240234,38.239889837613525,38.08518119754098,38.08518119754098,5616800
2017-01-17,38.26719665527344,38.394601750933305,38.089739061814555,38.094290235667685,8651800
2017-01-18,38.198936462402344,38.28084022024122,38.06698368677163,38.28084022024122,5820200
2017-01-19,38.08063888549805,38.38550156420826,37.99418394288265,38.253545299200475,8326000
2017-01-20,38.18984603881836,38.28995103961015,38.06699211063759,38.217146140296606,10983800
2017-01-23,38.21714401245117,38.23079406243029,37.980535045913356,38.016937493543324,17105800
2017-01-24,38.53112030029297,38.57207046218896,38.20805629417201,38.276310035528155,9594400
2017-01-25,38.76771926879883,38.80867289158955,38.653964219921455,38.681267792291465,7338200
2017-01-26,38.826873779296875,38.96792892779248,38.70856755746232,38.79957020716363,7809800
2017-01-27,38.70401382446289,38.90422380640245,38.56295868529365,38.85417131091756,9021600
2017-01-30,38.658512115478516,38.6903633876019,38.30814812212131,38.644862066215396,7579200
2017-01-31,38.599365234375,38.599365234375,38.32180262864684,38.48561018191358,9490000
2017-02-01,38.52656173706055,38.73132292186284,38.385506577762335,38.663069193595405,10413600
2017-02-02,38.494712829589844,38.66307157347554,38.42191139407781,38.46741272521396,8162000
2017-02-03,38.44465255737305,38.50835510240041,38.303597417887936,38.37639883869277,7304200
2017-02-06,38.330902099609375,38.426455928574875,38.267199546965706,38.33545327380642,7878400
2017-02-07,38.294498443603516,38.40825348393523,38.253544823889364,38.34909864118461,11451200
2017-02-08,38.53112030029297,38.5766216373539,38.294511264658425,38.294511264658425,8259800
2017-02-09,38.772281646728516,38.86783549881408,38.531121428865475,38.531121428865475,7058400
2017-02-10,39.008872985839844,39.0225230327954,38.808663039751146,38.82686425953445,7652000
2017-02-13,39.05437469482422,39.154479668881784,38.999771034921615,39.09987600897918,8817600
2017-02-14,39.27734375,39.27734375,39.022533547430385,39.03618359806395,6336200
2017-02-15,39.482093811035156,39.49574733055481,39.14537989830448,39.213633609790854,9509800
2017-02-16,39.28189468383789,39.4821012111203,39.20908978553256,39.44115105947002,6165000
2017-02-17,39.4093017578125,39.4093017578125,39.18179164650843,39.186342820762576,7757200
2017-02-21,39.636817932128906,39.72327289853818,39.48666040253259,39.58221424731315,7182800
2017-02-22,39.636817932128906,39.68231926704403,39.55491414066994,39.59586430063476,4491200
2017-02-23,39.368343353271484,39.732360875777836,39.33649208041681,39.686859553346636,6937400
2017-02-24,39.55035400390625,39.55035400390625,39.21364003599598,39.3000949828152,9692600
2017-02-27,39.59585189819336,39.62315546781372,39.432047838112425,39.56400062657648,6904800
2017-02-28,39.30010223388672,39.50030879339299,39.26825095363373,39.491209915404646,8179000
2017-03-01,39.741458892822266,39.850666230131175,39.59585258127202,39.72326114146575,17269600
2017-03-02,39.645912170410156,39.78241963070826,39.61406089254445,39.72326824939451,7870800
2017-03-03,39.58674621582031,39.6868511869829,39.44113993181863,39.60494743526148,6563000
2017-03-06,39.459354400634766,39.5003045544816,39.309196893472084,39.459354400634766,5205400
2017-03-07,39.33194351196289,39.46389977417691,39.28643871900555,39.45934860057552,6147800
2017-03-08,39.49575424194336,39.56855566781454,39.377448019433025,39.39109806981334,5219000
2017-03-09,39.459354400634766,39.57310945669216,39.345599344577366,39.459354400634766,5493800
2017-03-10,39.51850891113281,39.66866643019265,39.436605125420996,39.632263976203156,7013200
2017-03-13,39.623172760009766,39.63682281501293,39.49576761794056,39.541268958461025,4982200
2017-03-14,39.61404800415039,39.677750539156236,39.48209176120177,39.58219673664747,7785600
2017-03-15,39.8233642578125,39.900720326058696,39.564002896472395,39.691411461777946,7473800
2017-03-16,39.818817138671875,39.92802101043311,39.773315814732065,39.85066841258259,12529400
2017-03-17,39.869468688964844,39.947052670496355,39.75080858185541,39.864903901253335,9428600
2017-03-20,39.77363204956055,39.910544354055304,39.69604806215554,39.90141825985422,5278000
2017-03-21,39.2716178894043,39.92880468794554,39.24423263977636,39.8694763639264,9291400
2017-03-22,39.3172607421875,39.37202428515543,39.0890700280505,39.23967673504028,12202200
2017-03-23,39.40852737426758,39.61390106308886,39.294432041115726,39.38571039678515,7274000
2017-03-24,39.504364013671875,39.63215021991847,39.33550516195157,39.449600486373605,6622200
2017-03-27,39.490684509277344,39.55914242003617,39.11645187663163,39.267058583918235,9808200
2017-03-28,39.79188919067383,39.878599275484916,39.41765664016141,39.48611105398248,8310000
2017-03-29,40.02921676635742,40.05659853928491,39.75082380188074,39.79189994318614,9123400
2017-03-30,40.13418197631836,40.13874328340252,39.919682158293455,39.95619350644957,9365200
2017-03-31,40.13874816894531,40.23915264763858,40.056599366552106,40.070293735212836,4758600
2017-04-03,39.97901153564453,40.16612958841447,39.75082082655762,40.14330912474022,12312000
2017-04-04,39.91511535644531,39.97444368277181,39.82840177942581,39.86491312574072,8648800
2017-04-05,39.81926345825195,40.28020948869273,39.76449645559449,40.0657097473417,8701800
2017-04-06,39.94248962402344,40.07027931212671,39.82839429965168,39.84208866338319,5827800
2017-04-07,39.823848724365234,39.96076107854494,39.76908169354474,39.8421044013054,7816600
2017-04-10,39.96988296508789,40.10679529291649,39.82384105958918,39.83753194418067,4796200
2017-04-11,39.93793487548828,40.020083661800584,39.65041238243845,39.95619054821474,10938200
2017-04-12,39.77821350097656,39.95620200871948,39.74626345310597,39.905999764800754,4923200
2017-04-13,39.49980545043945,39.85578233024825,39.49980545043945,39.71886653866954,9377600
2017-04-17,39.90598678588867,39.90598678588867,39.600208631857456,39.600208631857456,6955200
2017-04-18,39.910545349121094,39.97443845586094,39.70973993447294,39.810144382753606,5108400
2017-04-19,39.94706726074219,40.20263975532661,39.91512069891913,40.042906946211346,7473000
2017-04-20,40.3669319152832,40.444519396612385,40.10223335951757,40.11592424389518,8772400
2017-04-21,40.275657653808594,40.35324165442294,40.17525319093654,40.312169000655466,7704800
2017-04-24,40.535797119140625,40.71378559234143,40.49015967404804,40.700094707005036,8486000
2017-04-25,40.85525894165039,40.91459074851094,40.67270917814775,40.67270917814775,10809200
2017-04-26,41.046939849853516,41.22036350985751,40.905459263250386,40.96022627889483,8164400
2017-04-27,41.26601791381836,41.32534974230392,41.15192252908744,41.256891815082405,7328000
2017-04-28,41.10170364379883,41.430298775919056,41.05150141628527,41.352714781366615,10119600
2017-05-01,41.156463623046875,41.311631585621846,41.10626140411666,41.192974960798445,11827800
2017-05-02,41.20209884643555,41.20209884643555,40.96021734014018,41.17928187299808,7921200
2017-05-03,40.96023941040039,41.27970506596083,40.84157924608601,41.17017448147075,5633400
2017-05-04,40.89633560180664,40.992175273452325,40.74116412253725,40.992175273452325,10679200
2017-05-05,41.15190124511719,41.15190124511719,40.85981748982641,41.0606263773062,6438600
2017-05-08,41.229496002197266,41.307083490210736,41.08345408639828,41.29795391189671,5012400
2017-05-09,41.46680450439453,41.49875105558476,41.2431786460629,41.32076263010876,20515600
2017-05-10,41.32533264160156,41.33902352499752,41.17472596041926,41.29794739289627,7037000
2017-05-11,41.078880310058594,41.24773915655932,40.827869211323915,41.24773915655932,8703200
2017-05-12,41.01955795288086,41.11996241547661,40.969355721582986,41.11996241547661,6461600
2017-05-15,41.028682708740234,41.20210636253395,40.98304527162749,41.028682708740234,7904400
2017-05-16,40.88719940185547,41.08344350208148,40.859817637795615,41.051496950040644,8396600
2017-05-17,40.22544860839844,40.74115823807577,40.22088382033741,40.63619248606375,16578800
2017-05-18,40.45820999145508,40.64532454646609,40.225454512960475,40.225454512960475,13043600
2017-05-19,40.73203659057617,40.86438760349001,40.481025448513115,40.52666637027983,7390000
2017-05-22,40.937408447265625,40.98304937085675,40.78680523792119,40.809622217803145,5893400
2017-05-23,40.782230377197266,41.05605844154867,40.71833727824569,40.969344886437504,4178000
2017-05-24,40.92828369140625,40.94197457616629,40.62250899205298,40.7685508993496,7648000
2017-05-25,41.288822174072266,41.4166083976973,41.06063149419514,41.06063149419514,6603800
2017-05-26,41.41204833984375,41.43486880320372,41.29795298687158,41.343590431677676,4648000
2017-05-30,41.44398880004883,41.54439325299394,41.40748093872515,41.412042245194776,5277800
2017-05-31,41.55351638793945,41.57176857481508,41.22492131357338,41.517005050362606,10207200
2017-06-01,41.946006774902344,41.946006774902344,41.53526291027662,41.65848432870785,10295000
2017-06-02,42.096622467041016,42.146824703298144,41.909507889830465,41.968836222718885,6268800
2017-06-05,41.98251724243164,42.178761352068726,41.90493325259942,42.14225001029597,10998600
2017-06-06,41.621978759765625,41.92319212955635,41.59003220374965,41.83647855669294,7127400
2017-06-07,41.69499969482422,41.768018898968826,41.599160030808186,41.68587011811032,9343000
2017-06-08,41.42573165893555,41.74520067805686,41.370968127935996,41.69956324158616,10397600
2017-06-09,41.243194580078125,41.52614886224815,40.87352322272789,41.466820524806046,21978000
2017-06-12,41.22037124633789,41.329901816270734,41.051508861176146,41.11084067640505,12873200
2017-06-13,41.475929260253906,41.53526105477392,41.302505628231714,41.316196509455466,8329600
2017-06-14,41.45311737060547,41.69043413205887,41.238617586686345,41.62654102390167,9618800
2017-06-15,41.279685974121094,41.31163252490187,40.94652958482341,41.14733846510994,7170200
2017-06-16,41.26823806762695,41.428457924630386,41.034772851689986,41.428457924630386,15423200
2017-06-19,41.58412170410156,41.648213174313156,41.33692721450229,41.4422131096033,6839600
2017-06-20,41.0622444152832,41.520017501261975,41.053090490277484,41.51086357625625,6705000
2017-06-21,41.126338958740234,41.190430414177385,40.97985168745254,41.167540359197545,6252400
2017-06-22,41.030216217041016,41.18586094224299,41.02106228851517,41.12177296496359,7317800
2017-06-23,40.97984313964844,41.03019845607507,40.84709202455784,41.03019845607507,7845200
2017-06-26,41.126338958740234,41.24993966758012,40.99816303293,41.181272995172634,9417400
2017-06-27,40.80131149291992,41.194996603077485,40.80131149291992,41.039355439426544,8029800
2017-06-28,41.213321685791016,41.259098308449246,40.89288183465096,40.92034710973941,10061600
2017-06-29,40.81505584716797,41.17669356327431,40.49461254573215,41.13549565607181,9803400
2017-06-30,41.030216217041016,41.208747509824015,40.94324167218059,41.01648357798583,9313600
2017-07-03,40.989013671875,41.34607621712567,40.97070232435799,41.14465488697096,5614600
2017-07-05,40.88829040527344,40.99357974791361,40.69602655439801,40.98442233071115,7970200
2017-07-06,40.47173309326172,40.760128971937014,40.444264324436034,40.636528243552895,7244800
2017-07-07,40.83335876464844,40.86540274166597,40.5586956055651,40.5586956055651,5159400
2017-07-10,40.920326232910156,40.98441417044163,40.74637375854339,40.865392218227186,5400200
2017-07-11,40.83794021606445,40.90202817440346,40.61363236187793,40.87456290441011,6424600
2017-07-12,41.14923858642578,41.20874785367239,41.0393739805348,41.06683925887433,6067800
2017-07-13,41.15381622314453,41.314036163499196,41.1217722350736,41.26825953661683,6623400
2017-07-14,41.286563873291016,41.336919202068515,41.103453904330294,41.281985163620654,8280000
2017-07-17,41.387271881103516,41.45593505910211,41.28656122999632,41.28656122999632,6354400
2017-07-18,41.5749626159668,41.579541325956434,41.318610737065676,41.350654721928315,6980000
2017-07-19,41.77638626098633,41.82216288582308,41.62074154550222,41.652785532141216,5311600
2017-07-20,41.68940353393555,41.84962344908643,41.54749496516365,41.81757946605625,9199000
2017-07-21,41.71686935424805,41.71686935424805,41.49256147009558,41.49256147009558,6633800
2017-07-24,41.5749626159668,41.73060732282278,41.52918599366765,41.73060732282278,4081800
2017-07-25,41.86792755126953,41.977792118001936,41.66193105207981,41.73059771598692,10096800
2017-07-26,41.84963607788086,41.94576805598074,41.803859444385665,41.93661412629501,5728800
2017-07-27,42.156333923339844,42.366912676819325,41.803850082577625,42.02815798124449,13275200
2017-07-28,41.83588409423828,41.886239415561164,41.675664204816236,41.74433086957758,7833400
2017-07-31,41.822147369384766,42.04645519263724,41.68481405329393,41.98694595168124,6261200
2017-08-01,41.89541244506836,41.97781178184925,41.762661256536106,41.94576778935297,8750800
2017-08-02,41.78095626831055,41.89539956239684,41.53376182651245,41.877091708771346,5776000
2017-08-03,41.666507720947266,41.88624035460341,41.65277508619346,41.73975309634322,7191400
2017-08-04,41.67109680175781,41.75807483355595,41.50172294092893,41.75807483355595,4898800
2017-08-07,41.76721954345703,41.82673228577711,41.68939894930351,41.74433298239932,6939400
2017-08-08,41.79011535644531,42.00984453404735,41.6665146380784,41.767225299701124,6050200
2017-08-09,41.5474967956543,41.574962070166734,41.2178995313756,41.295720137515744,9796200
2017-08-10,40.92491149902344,41.44219378986191,40.915754082176754,41.37352713363668,9809800
2017-08-11,41.135498046875,41.22247606828921,40.824212146191286,40.824212146191286,9839200
2017-08-14,41.42847442626953,41.565807782706564,41.355229038161156,41.36438645794087,7508200
2017-08-15,41.04853057861328,41.44679460310077,41.04395536028106,41.4101719012445,6191400
2017-08-16,41.259098052978516,41.336922152801314,41.08514549094136,41.199588793144535,4905400
2017-08-17,40.59989929199219,41.19958096396868,40.59989929199219,41.153804350292845,9791400
2017-08-18,40.39848709106445,40.62279499332103,40.352710467088166,40.51293039727143,13575600
2017-08-21,40.47173309326172,40.52666364584791,40.23368905694624,40.38475506162346,21101400
2017-08-22,40.90660095214844,40.95237755967703,40.567849865399275,40.59073642289793,8771200
2017-08-23,40.55869674682617,40.70518400196132,40.49003008199028,40.63194212065957,9681600
2017-08-24,40.47173309326172,40.85626093149544,40.407641627690175,40.760128971937014,5531800
2017-08-25,40.57243728637695,40.746393336858866,40.49919539080483,40.59074863340307,6489200
2017-08-28,40.59531784057617,40.73265116485832,40.540383812357014,40.705182404482976,4368400
2017-08-29,40.55869674682617,40.604473359206224,40.27030094555337,40.334388901391776,5511200
2017-08-30,40.8516845703125,40.90203990810043,40.54039861513841,40.5816000244798,4512800
2017-08-31,41.04393768310547,41.08055687665718,40.906604356558965,40.96611360204561,7988200
2017-09-01,41.23162078857422,41.304866157101245,41.12633144444946,41.149221495247005,4863800
2017-09-05,41.0622444152832,41.29113095827259,40.8242039472881,41.11717844291199,9911000
2017-09-06,41.318603515625,41.36895883911295,41.03936162811248,41.12633614752019,6009400
2017-09-07,40.96153259277344,41.46050352309863,40.86539718226772,41.40556950174266,10708000
2017-09-08,40.81962966918945,40.91576160857563,40.75096300033308,40.879142412046505,5180000
2017-09-11,41.034786224365234,41.075987625325055,40.93407556927687,40.96611955112025,6703200
2017-09-12,41.217891693115234,41.27740094075297,41.08055836160452,41.13549239271514,5440200
2017-09-13,41.51544952392578,41.51544952392578,41.195006212347195,41.195006212347195,6583200
2017-09-14,41.29113006591797,41.52001660396082,41.277397432440424,41.41473075227869,7033800
2017-09-15,41.17538070678711,41.33157610145171,41.1524131667616,41.21213297669517,7822200
2017-09-18,41.032955169677734,41.33615602919057,40.941078033097654,41.30399868089873,13139200
2017-09-19,40.996219635009766,41.10647644974415,40.844622648306654,41.03756681675754,12801000
2017-09-20,41.134033203125,41.166190560079066,40.91352310909066,41.055937265506415,7419800
2017-09-21,41.06510543823242,41.16617237397915,40.996195845233515,41.12023381360905,8415200
2017-09-22,41.134033203125,41.15700074101274,40.95027537557789,40.95946519464422,6232600
2017-09-25,41.0467414855957,41.212123155882324,40.91351716759323,41.12024600789577,14335200
2017-09-26,41.051326751708984,41.24886572787883,40.96404102820277,41.16617491215918,6145800
2017-09-27,41.27643585205078,41.35453177452827,40.97782987829105,41.156992761569214,10458200
2017-09-28,41.22589111328125,41.262643362606354,41.152390119518444,41.216704803393675,7199600
2017-09-29,41.382102966308594,41.42804154388893,41.212126373883656,41.230502505893554,6944000
2017-10-02,41.460201263427734,41.55207842382876,41.372915507624455,41.43263881628523,5859400
2017-10-03,41.634761810302734,41.64395162762967,41.49694609439411,41.529103445261626,9831200
2017-10-04,41.85068893432617,41.878254889309765,41.62099250383603,41.66693108895618,9863400
2017-10-05,42.08497619628906,42.09875742000061,41.85987469759261,41.91499959243882,14441000
2017-10-06,42.135501861572266,42.195221654861534,42.01605877010533,42.01605877010533,6266400
2017-10-09,42.00226974487305,42.21358994135041,41.96092258421022,42.208995033523934,8540200
2017-10-10,41.960941314697266,42.158480380760246,41.85987783161631,42.029850943303295,5513400
2017-10-11,41.98390197753906,42.02984055028709,41.87824361070744,41.98390197753906,7685600
2017-10-12,41.703670501708984,41.836894810906756,41.61179335979453,41.82770849867063,9168000
2017-10-13,41.90581512451172,41.942567392621086,41.731243603436816,41.7817770958649,5460200
2017-10-16,41.960941314697266,41.97931744931816,41.832311877240315,41.924192550344785,8655600
2017-10-17,41.98390197753906,42.052811589105325,41.87824361070744,41.951744626126604,5546400
2017-10-18,41.869041442871094,42.03901796727711,41.8598551329866,42.020641842620726,9051200
2017-10-19,41.869041442871094,41.873636350257044,41.59340658280011,41.69447351596653,9002000
2017-10-20,41.97011184692383,42.07577019132663,41.91957837616155,42.03442653609624,9602800
2017-10-23,41.685298919677734,42.052814537203375,41.65314156601089,42.01606227447307,5821200
2017-10-24,41.78636169433594,41.85527130381447,41.731233305775454,41.731233305775454,7404000
2017-10-25,41.625572204589844,41.76798281789489,41.40047076632649,41.703668121248214,9367200
2017-10-26,41.772579193115234,41.92417962834387,41.588821408433994,41.62557366634788,7133000
2017-10-27,42.44789123535156,42.47085877015347,41.88743151383415,42.084970538551126,11891200
2017-10-30,42.25494384765625,42.35141589808679,42.08496727981865,42.08496727981865,8670800
2017-10-31,42.25953674316406,42.34682248444421,42.222787988051536,42.30088391188724,6375200
2017-11-01,42.27332305908203,42.53517680959179,42.25495043175577,42.39736107531178,8834400
2017-11-02,41.956336975097656,42.20900086224091,41.80473653987877,42.15846738383462,9183600
2017-11-03,42.126312255859375,42.14468838578418,41.83230118683931,41.93336814898153,7388000
2017-11-06,42.43410873413086,42.452484864351504,42.04362210049707,42.04362210049707,7695800
2017-11-07,42.18143081665039,42.516788976079276,42.1217110369768,42.383564693834245,4865600
2017-11-08,42.22739028930664,42.25036133395737,42.075789806346236,42.11713698573968,5451600
2017-11-09,42.291690826416016,42.35141412052464,41.887426512309766,41.98849346705837,6882600
2017-11-10,42.43410873413086,42.48923361990432,42.24116111925837,42.277913379699655,5021200
2017-11-13,42.57651901245117,42.66380475406002,42.2181932383136,42.30088407118292,11429400
2017-11-14,42.613277435302734,42.62246374922187,42.32385772596016,42.443300836242635,8378200
2017-11-15,42.42952346801758,42.571934128481644,42.18604582081543,42.40655242379919,6730600
2017-11-16,42.78325271606445,42.820004983397254,42.466274048764134,42.49843140645805,8186600
2017-11-17,42.97160339355469,43.045104419800914,42.847565373486304,42.87972272963571,9372800
2017-11-20,43.054290771484375,43.146167923115556,42.957818710805036,43.04050954922857,4895200
2017-11-21,43.32073211669922,43.348294556565406,43.10481699137917,43.16453677938527,10030000
2017-11-22,43.362083435058594,43.449369183235284,43.31154994978669,43.339112394520924,6394600
2017-11-24,43.47234344482422,43.49071957911973,43.403437322327626,43.46315713012109,3472400
2017-11-27,43.504486083984375,43.68364895163469,43.42639016831897,43.58717690789129,7848200
2017-11-28,43.98685836791992,43.98685836791992,43.51827927784874,43.57340416792256,11609400
2017-11-29,44.17521286010742,44.294652463315984,43.9547027763036,44.02361239654785,12693400
2017-11-30,44.40030288696289,44.58406065854984,44.14304060478597,44.24870246253706,14963400
2017-12-01,44.38193130493164,44.52434192767549,43.75715692047914,44.35436886308143,23560200
2017-12-04,44.896461486816406,45.190472608907484,44.813770639672725,44.832143268025504,13545800
2017-12-05,44.639190673828125,44.98833012953464,44.62540945272851,44.882668259623635,14968400
2017-12-06,44.34977722167969,44.66675934586217,44.32221477779898,44.579473600388475,11436000
2017-12-07,44.46462631225586,44.54731715046257,44.2533060601473,44.46462631225586,7902800
2017-12-08,44.67593765258789,44.763223382419305,44.478398662103295,44.588651922756476,11586800
2017-12-11,44.77241897583008,44.78620019815781,44.620818520447706,44.712699177447035,6692800
2017-12-12,44.79078674316406,44.93319735380893,44.77700552340979,44.89644860276021,5518000
2017-12-13,44.827545166015625,44.93320353525914,44.76323046172257,44.882670052616234,6905800
2017-12-14,44.965362548828125,45.09858687118295,44.841328044505296,44.878080306856006,8494600
2017-12-15,45.15988540649414,45.2797350189399,45.05386391917344,45.1737135316192,13464200
2017-12-18,45.565521240234375,45.6392759228535,45.3903591442392,45.44567163938671,12016600
2017-12-19,45.50559997558594,45.671544501143636,45.427238259855066,45.616228487018745,11969400
2017-12-20,45.41802215576172,45.69459522313885,45.399583482360924,45.66232842389181,4929000
2017-12-21,45.71303176879883,45.814442709374255,45.441069261634894,45.477946606719996,4719800
2017-12-22,45.62544631958008,45.65310256625703,45.5378635160141,45.65310256625703,6443800
2017-12-26,45.72686004638672,45.77756551684341,45.57013660447855,45.57013660447855,2996000
2017-12-27,45.63467025756836,45.814442919661886,45.593185881770104,45.80983237230079,3733800
2017-12-28,45.75912094116211,45.79599828161281,45.662320560091594,45.79599828161281,8391600
2017-12-29,45.49176788330078,45.83287448194261,45.45950109041326,45.772951442813415,5261200
2018-01-02,46.18320846557617,46.18320846557617,45.685374864504325,45.685374864504325,9791200
2018-01-03,46.39524841308594,46.43212575803391,46.220082782991646,46.229303877637236,10638000
2018-01-04,46.547359466552734,46.60728250758416,46.30766026879349,46.57501571367235,6914800
2018-01-05,46.9161262512207,46.93917547029471,46.64877078395736,46.754792268153885,8588800
2018-01-08,46.971439361572266,47.04980107466964,46.87924600779578,46.93917256695471,5340000
2018-01-09,47.06362533569336,47.17425383432824,46.90690192236198,47.10972025038985,6321800
2018-01-10,47.0313606262207,47.09589421301658,46.78244385565803,46.89307587600815,5677800
2018-01-11,47.79655075073242,47.80115778074462,47.10050588585899,47.1466008036986,7245400
2018-01-12,48.41423797607422,48.43267664946382,47.82882504242814,47.88874809333133,8075600
2018-01-16,48.06850814819336,48.87057088765947,47.94405153149652,48.65853147455079,18503200
2018-01-17,48.29900360107422,48.39580400816843,47.99477425260922,48.2943930530742,13312200
2018-01-18,48.257503509521484,48.363521461284385,48.13304337176227,48.28054920838376,6584600
2018-01-19,48.676971435546875,48.68158198201108,48.34047539680689,48.48798123231275,7520800
2018-01-22,49.2162971496582,49.2162971496582,48.63088426093088,48.672368635261364,15504600
2018-01-23,49.63115692138672,49.69108348263073,49.382240132754696,49.47904051997543,8309800
2018-01-24,49.84319305419922,50.1335977133755,49.396068490609146,49.85241414769322,12927600
2018-01-25,49.755611419677734,50.092107463182785,49.53896145140695,50.05523012457997,10141600
2018-01-26,50.244232177734375,50.244232177734375,49.74179154402927,49.866248186427775,7832600
2018-01-29,50.1059455871582,50.4009573212322,49.99531706608477,50.19352840461736,12710400
2018-01-30,49.857032775878906,50.05063356883313,49.5712386171246,49.73257261125311,10568200
2018-01-31,49.6956901550293,50.26266786674473,49.58967219128201,50.08750576496138,18902200
2018-02-01,49.142547607421875,49.76944840807561,49.10105971489917,49.3868538647557,18706800
2018-02-02,48.672367095947266,49.778662761728,48.566349131466445,49.35458387017076,21381400
2018-02-05,47.0313606262207,48.967378780547016,46.60267121861,48.26672338559652,46093000
2018-02-06,48.23445129394531,48.33125166350621,45.97576545374218,46.09561503754838,44665000
2018-02-07,48.08695602416992,48.94894548067899,48.073127899313256,48.27133922816541,26274000
2018-02-08,46.16938781738281,48.27595811012612,46.1325104668535,48.151497931294124,31484000
2018-02-09,46.478214263916016,46.86541578196023,44.75884609888151,46.62110955983947,42795200
2018-02-12,47.10972213745117,47.372467030244074,46.44133705553736,46.92073192458027,25119000
2018-02-13,47.354042053222656,47.46467058006247,46.84238028096454,46.92074200760868,10301600
2018-02-14,48.11001968383789,48.202209555098136,47.091306484094055,47.12818032250726,13462600
2018-02-15,48.5386962890625,48.5386962890625,47.87952868702476,48.40040800232896,11181600
2018-02-16,48.3036003112793,48.690801828732425,48.1975788385576,48.38657256742164,9497200
2018-02-20,48.15610122680664,48.67698053652015,47.96710747142045,48.17453989929435,11751400
2018-02-21,48.08695602416992,48.86597321472187,48.08695602416992,48.37275016620378,9906200
2018-02-22,48.14688491821289,48.515651370990184,48.003989588250015,48.32205056584999,8887600
2018-02-23,48.81988525390625,48.81988525390625,48.19759141208963,48.42346253967804,5986000
2018-02-26,49.230125427246094,49.230125427246094,48.88440826418065,49.004254348601876,7796800
2018-02-27,48.18836212158203,49.27621904737898,48.17914102805913,49.27621904737898,12569200
2018-02-28,47.971717834472656,48.64932409932025,47.9625002566728,48.446502219551675,12098800
2018-03-01,47.455448150634766,48.25290407136355,46.98066373960935,48.02242592878287,19060600
2018-03-02,47.50153732299805,47.5845095788083,46.69025343472181,46.929949108831075,14530800
2018-03-05,48.06850814819336,48.169919066814124,47.21112940307509,47.326368443904784,9988000
2018-03-06,48.40040588378906,48.4234551028415,47.97171643385996,48.28977736933489,15151800
2018-03-07,48.07312774658203,48.18836680911095,47.681315637347126,47.92101134000776,10527400
2018-03-08,48.225250244140625,48.30822252031376,48.077744366145886,48.25751704505143,8073000
2018-03-09,48.97199249267578,48.98582061790221,48.41884638271533,48.55252412126617,7249400
2018-03-12,49.13331985473633,49.33614170888056,49.01808080430287,49.13331985473633,8513200
2018-03-13,48.78761672973633,49.50671100261401,48.709254996948815,49.405300046386536,11325800
2018-03-14,48.727691650390625,49.10567568812465,48.603234992705225,49.04114208535184,10245400
2018-03-15,48.676971435546875,48.93049873883031,48.5939991832738,48.82447727105273,7679600
2018-03-16,48.62612533569336,48.94512272208245,48.62150121391587,48.69084893189238,6693600
2018-03-19,48.02050018310547,48.46432067981011,47.669140967191545,48.44582771821761,11454800
2018-03-20,48.307125091552734,48.37647280542678,48.08521663976129,48.108330192938475,7413400
2018-03-21,48.270137786865234,48.63536222355556,48.122194131170765,48.36722316553656,10539400
2018-03-22,47.243804931640625,48.01586742156069,47.220687852016454,47.89566495642301,13813600
2018-03-23,46.31455993652344,47.50270532023466,46.30069109785769,47.37788224507129,17889200
2018-03-26,47.6829948425293,47.72922546841638,46.60580397622399,47.06349669586691,14560600
2018-03-27,46.74912643432617,47.978878090483,46.448622056453765,47.87716859084887,12512600
2018-03-28,46.180484771728516,46.79073831240311,45.85224268434465,46.48098918409076,25948800
2018-03-29,46.82773208618164,47.058888822596494,45.898481018185805,46.23134728297069,15285000
2018-04-02,45.50551223754883,46.61044108176486,45.066315878513606,46.545717482058016,23776600
2018-04-03,46.08341979980469,46.333069567123495,45.42693533417349,45.77367053425414,14615800
2018-04-04,46.9294319152832,47.02189317987071,45.33907276874583,45.38530340103958,14885600
2018-04-05,47.55818557739258,47.71074633429932,47.06351033003633,47.32702885382103,8463000
2018-04-06,46.54571533203125,47.521196931774426,46.245210903175085,47.1004900259415,17529800
2018-04-09,46.434757232666016,47.14672026445021,46.38852307271324,46.87395353484785,8520200
2018-04-10,46.99878692626953,47.12361000556493,46.578079994566515,47.03114872661809,12824400
2018-04-11,46.855472564697266,47.28080013858565,46.69366354497583,46.80461779747451,9580200
2018-04-12,47.05887985229492,47.33164305622819,46.89244675162774,47.14209640262852,6114800
2018-04-13,46.79536056518555,47.39174524453264,46.62430334598376,47.30852869561976,8868400
2018-04-16,47.1467170715332,47.327018996190624,46.87395036040342,47.08661407853343,8481000
2018-04-17,48.02510452270508,48.11756929937032,47.60440125218262,47.60440125218262,8151000
2018-04-18,48.25165939331055,48.48281613434498,48.14994986290788,48.191556383251545,6596600
2018-04-19,48.09908676147461,48.3718499755791,47.8679300605028,48.26089574672061,16129000
2018-04-20,47.60904312133789,48.20542439909785,47.41486878153848,48.14070079488868,12510200
2018-04-23,47.710750579833984,48.02050329763365,47.42411847448923,47.692261144214065,14082000
2018-04-24,46.95717239379883,48.075969987116466,46.70752273189656,47.9788845953497,13404000
2018-04-25,47.151336669921875,47.26691500519379,46.47173549417569,46.869325249684735,18794600
2018-04-26,47.91416549682617,48.00662677561207,47.33627368648509,47.43335908736179,12969400
2018-04-27,48.13145065307617,48.65848767205343,48.015872297560605,48.54753343836651,8851200
2018-04-30,47.941898345947266,48.60300665147237,47.93727775149358,48.35335699129107,10006200
2018-05-01,48.006614685058594,48.029731762518836,47.410233590897356,47.78470626099181,11210800
2018-05-02,47.678382873535156,48.11758274932758,47.62752811394686,47.872557195223,9553400
2018-05-03,47.46571350097656,47.590540087800704,46.8600841066829,47.47496174371894,14015400
2018-05-04,48.089839935302734,48.205418289194434,47.18833018581606,47.24842966005802,7979200
2018-05-07,48.25165939331055,48.39035132162804,48.075978012734325,48.3394965564267,6900000
2018-05-08,48.04823303222656,48.23777969694633,47.78933865029851,48.126825465715946,12194800
2018-05-09,48.21466827392578,48.2470300730973,47.821702561936895,48.122203471170316,8049600
2018-05-10,48.390342712402344,48.43657334694986,48.140693053240206,48.205416647040984,5861600
2018-05-11,48.4920539855957,48.552153459972715,48.330244995218,48.394968591369086,8848200
2018-05-14,48.584510803222656,48.74169918458478,48.515166618827294,48.56602137216465,6649800
2018-05-15,48.30250930786133,48.39034646215668,48.07597318483306,48.325622863340485,9116000
2018-05-16,48.70471954345703,48.806429063236436,48.36260859006669,48.36260859006669,6478400
2018-05-17,48.54290771484375,48.88964276994978,48.42270524146568,48.59838659344241,12729000
2018-05-18,48.482810974121094,48.62150288767704,48.37647733260712,48.46893860831108,8217800
2018-05-21,48.750953674316406,48.875780285597116,48.589144666333844,48.71397127761456,17494600
2018-05-22,48.53366470336914,49.037584641447424,48.50130290484275,48.92663040752431,5990200
2018-05-23,48.8850212097168,48.88964533163515,48.29788470426163,48.35798418051402,9254400
2018-05-24,48.99134826660156,49.07456481409027,48.59375848717451,48.83415988704685,10967000
2018-05-25,49.06533432006836,49.25488456292584,48.91739412959253,48.968248900741,7681800
2018-05-29,48.68622589111328,49.03758508340324,48.49667922008512,48.82492133014582,11808200
2018-05-30,49.130043029785156,49.1901460286411,48.8018009419604,48.91275869653848,9843200
2018-05-31,48.894264221191406,49.162403301844996,48.7278311216568,49.148534464745644,12867000
2018-06-01,49.2548713684082,49.30572612593358,49.05607646003757,49.10693121756295,10437400
2018-06-04,49.805023193359375,49.823512625099426,49.37969219274178,49.40280927317373,9414800
2018-06-05,50.09628677368164,50.142517414215824,49.73568283947453,49.832768242747846,9162000
2018-06-06,50.56322479248047,50.6002071889243,50.00844651976119,50.239603251601274,10920800
2018-06-07,50.71116256713867,50.89146452729325,50.54472944589265,50.68804548417664,10699800
2018-06-08,50.81748962402344,50.98392273524916,50.48462340157201,50.530857564712484,7687000
2018-06-11,51.02092361450195,51.13187787879434,50.82212864709301,50.82212864709301,6369200
2018-06-12,51.26593780517578,51.358399083616064,51.08101172112354,51.113373521294804,6976400
2018-06-13,51.344520568847656,51.61266316383416,51.252059307831416,51.30753818074377,10105000
2018-06-14,51.88081359863281,51.89005831526302,51.487847889175455,51.51096144433674,8383200
2018-06-15,51.96609878540039,52.01245085529848,51.61381668858965,51.64626349116194,18213400
2018-06-18,51.878028869628906,51.98464181625442,51.525750299119295,51.623090709636664,8047400
2018-06-19,51.81312561035156,51.81776187754194,51.33105637918711,51.41912777362587,12339200
2018-06-20,52.05881118774414,52.19323468728909,51.873402878724576,52.08198899458999,7886000
2018-06-21,51.68798828125,52.20250444518962,51.59991686364912,52.13297456479085,13700800
2018-06-22,51.59991455078125,51.98927974169983,51.5628314780392,51.91511359621573,11135800
2018-06-25,50.47818374633789,51.386697911098054,50.1861589365114,51.386697911098054,24133600
2018-06-26,50.83974075317383,51.001974812608665,50.524541636370174,50.66823415523571,9260000
2018-06-27,50.181522369384766,51.22909268770753,50.17224983265676,51.04368439038652,13700800
2018-06-28,50.57551574707031,50.69139769066887,49.96829549427346,50.232506184220725,11947800
2018-06-29,50.66358947753906,51.15029154109452,50.65431694122195,50.9417054476331,11481400
2018-07-02,50.73311996459961,50.74702877021217,50.16298270976996,50.297406205864256,13797400
2018-07-03,50.47818374633789,50.96952213737225,50.39474859159273,50.96952213737225,5818600
2018-07-05,50.72848892211914,50.816556808644975,50.320582151712536,50.77020473103609,7576600
2018-07-06,51.12712097167969,51.20128358539931,50.62651006743467,50.74702829322033,10370000
2018-07-09,51.73897933959961,51.74824834046877,51.33570884127326,51.44695453388726,7461400
2018-07-10,51.85022735595703,51.90121570411457,51.609190885314696,51.8409548182355,6359200
2018-07-11,51.72969436645508,51.84094003232557,51.48402523345791,51.525744568431826,8864400
2018-07-12,52.07271194458008,52.11443128599979,51.69725555398521,51.92438318835673,5828400
2018-07-13,52.18859100341797,52.27202614519662,52.021724256296984,52.10515939807563,11044000
2018-07-16,52.31838607788086,52.40182122655776,52.11906897473253,52.31838607788086,6192600
2018-07-17,52.3693733215332,52.485255273572285,51.669445341014935,51.77605475648643,8143800
2018-07-18,52.3369255065918,52.52233379712769,52.17005521596032,52.3369255065918,12812200
2018-07-19,52.216400146484375,52.51769388204923,52.1793170788748,52.22103641404457,7219400
2018-07-20,51.984642028808594,52.29984106548348,51.96610049295285,52.221042190423844,6661000
2018-07-23,51.92902374267578,52.03100043407803,51.6462714752193,51.9753758197395,6738400
2018-07-24,51.77605056762695,52.327649746366404,51.65553589349066,52.244214606190994,9651200
2018-07-25,52.15614700317383,52.17468853972509,51.47939683301687,51.63236185723744,12540000
2018-07-26,51.882667541503906,52.28130173815098,51.771421858106464,52.10052617646644,11604000
2018-07-27,51.74824142456055,52.64285018743889,51.51647753300073,52.56868758108664,13097600
2018-07-30,51.33570098876953,51.83631183361239,51.192008510437994,51.752876692805245,13132400
2018-07-31,51.57673645019531,51.7899623490201,51.21055260238772,51.48403230530871,12309400
2018-08-01,51.32179641723633,51.67407852058037,51.09930152658843,51.62772291338634,10437200
2018-08-02,51.674076080322266,51.71115561331561,51.001958708548294,51.080757578758856,8723000
2018-08-03,51.85022735595703,51.91975724312067,51.678720772478336,51.776061199932634,6571800
2018-08-06,52.197872161865234,52.253496777718276,51.7343443057339,51.88267307823845,7250600
2018-08-07,52.438899993896484,52.51770240947116,51.88266803518005,51.88266803518005,6441000
2018-08-08,52.49451446533203,52.57794959666814,52.31373893684311,52.415715601413446,5458000
2018-08-09,52.68920135498047,52.874613172336254,52.37863859436038,52.47597900277401,11075000
2018-08-10,52.24884796142578,52.4945171003482,52.11442449105698,52.39717669830928,9892400
2018-08-13,51.984642028808594,52.44353354782002,51.970736761025876,52.39718147639885,11969400
2018-08-14,52.48988723754883,52.5640533832584,52.114430850094415,52.29057014149994,8380600
2018-08-15,51.85022735595703,52.21641479434434,51.54429726701183,52.21641479434434,12503600
2018-08-16,52.105167388916016,52.36010558491072,52.0495427737209,52.19787154447103,7680200
2018-08-17,52.15151596069336,52.24422011001613,51.79923382768093,52.04953927457635,6022400
2018-08-20,52.522335052490234,52.55014912588458,52.18396173138177,52.3276542209125,13138600
2018-08-21,52.939510345458984,53.115649638776794,52.65212183236902,52.67529963726401,8342600
2018-08-22,52.99514389038086,53.25471837407405,52.93488300206844,52.944155540164395,5514800
2018-08-23,52.94414520263672,53.231530171630666,52.84680479025782,53.03684934687288,7989000
2018-08-24,53.25471115112305,53.31960476324481,52.96268989657513,53.04612504593691,10518600
2018-08-27,53.59771728515625,53.68115242912594,53.46793006930038,53.5189184093061,6032000
2018-08-28,53.7043342590332,53.77386414029272,53.51428615268629,53.736781065429426,7619400
2018-08-29,54.30691909790039,54.34399863444929,53.74141461240086,53.84802402668825,16623600
2018-08-30,53.9963493347168,54.306915630595284,53.810937518064215,54.21884422198715,8843600
2018-08-31,54.20956802368164,54.31618096039582,53.959266155012905,53.959266155012905,8208600
2018-09-04,54.31154251098633,54.436696976729046,53.936086186629915,54.15394478249357,8907000
2018-09-05,53.727508544921875,54.27910421751931,53.69042547248811,54.26983521762909,14229800
2018-09-06,53.57917404174805,54.03806908717627,53.34277742173067,53.871198804554425,11185000
2018-09-07,53.574546813964844,53.90828741349395,53.21299567662053,53.3288776327661,8921600
2018-09-10,53.773860931396484,53.97781075810082,53.630164908985265,53.940731221886864,8109800
2018-09-11,54.20494079589844,54.242020331339496,53.56527018353991,53.65797786323351,9776000
2018-09-12,54.30691909790039,54.33936590265348,53.85266029492055,54.21421141543691,9145600
2018-09-13,54.399627685546875,54.57576699195418,54.28374572533336,54.51087337714956,9428800
2018-09-14,54.1956672668457,54.50159729957538,53.97317591252986,54.39962062199882,6206400
2018-09-17,53.523563385009766,54.126147490435486,53.477211305582706,54.11687848912486,10358400
2018-09-18,54.20494079589844,54.265198135371996,53.56063745188251,53.56527018353991,7336400
2018-09-19,54.22811508178711,54.357902296965555,54.00098745522483,54.27446715343135,6347400
2018-09-20,54.59893798828125,54.68237313068533,54.37181036479537,54.478419774489495,9669600
2018-09-21,54.35765075683594,54.89695177401932,54.339053803104825,54.85975786655711,16075000
2018-09-24,54.00431823730469,54.17633384874496,53.804405422301684,54.17633384874496,9682800
2018-09-25,54.23211669921875,54.26931060047169,54.01360696311478,54.13448536868401,8213600
2018-09-26,54.35765075683594,54.75747639453914,54.157737937984336,54.21817892436199,13460200
2018-09-27,54.543617248535156,54.68309262929748,54.27861686269178,54.36695150697499,10619200
2018-09-28,54.49711608886719,54.73422277146645,54.43667511363282,54.44132523795984,7007800
2018-10-01,54.32975387573242,54.920192046881056,54.32975387573242,54.81791412793866,15697800
2018-10-02,53.59519577026367,54.34835646831029,53.58124894109721,54.33905621752838,18354000
2018-10-03,53.41386413574219,53.906670871574114,53.390617062653554,53.860180272402204,18323200
2018-10-04,52.577030181884766,53.37203484646709,52.400364449203195,53.31159386257137,25919800
2018-10-05,52.181854248046875,52.80948633065948,51.76343167730311,52.60492694374503,14858600
2018-10-08,52.31667709350586,52.52124001803368,51.73088552136177,51.98658917702154,14513000
2018-10-09,52.16324996948242,52.83737611295326,52.12140949178711,52.251584596179946,11788200
2018-10-10,50.4058723449707,52.139999592998635,50.33148810094813,52.139999592998635,27433200
2018-10-11,49.517906188964844,50.78247066722272,49.08088664359466,50.08510086350753,57205800
2018-10-12,50.43378829956055,50.77782309351867,49.810802732494636,50.65229453621889,30356400
2018-10-15,50.31755447387695,50.74062361854041,50.080447761545635,50.42448251776733,15614600
2018-10-16,51.32642364501953,51.43335170647836,50.368699935524475,50.63370389385103,14863200
2018-10-17,50.903350830078125,51.326423590812354,50.39194696366829,51.326423590812354,20077400
2018-10-18,49.92702102661133,50.84755058985028,49.773598841570546,50.796409861503356,24972600
2018-10-19,49.438873291015625,50.205980862739736,49.27150778430037,50.0153682747272,17171800
2018-10-22,49.63877868652344,49.89448235442171,49.36913173774698,49.67132246725539,13837600
2018-10-23,49.6480712890625,49.83403724188873,48.57876972056584,48.876313826285596,21024000
2018-10-24,48.16500473022461,49.91772940484328,48.090620465880704,49.6341320813321,23591000
2018-10-25,49.62018585205078,49.88983280393218,48.536937278489845,48.64386532483778,20865600
2018-10-26,48.07668685913086,48.81589731592288,47.56527938297746,48.36958096610386,36563600
2018-10-29,47.65359878540039,49.06228508929177,46.95157892232699,48.5834251031643,28612600
2018-10-30,48.369564056396484,48.420704786133335,47.37000008472961,47.51877214932614,28886600
2018-10-31,48.992549896240234,49.503957234608805,48.87167502263138,49.03904405209635,18208600
2018-11-01,49.99211502075195,50.047905880772774,48.95536058782637,49.187817184070546,13811600
2018-11-02,50.19667053222656,50.81035571361587,49.66666985498151,50.44307392026085,15825200
2018-11-05,50.26642608642578,50.35940732542824,49.703881432345014,50.23388229807423,9395600
2018-11-06,50.48957824707031,50.60580655958521,50.14554343518807,50.19668417645515,9558800
2018-11-07,51.85642623901367,51.879669774165095,50.78712430585955,51.00098398308903,12817600
2018-11-08,51.87035369873047,52.14000414423561,51.4937752280458,51.64254727608219,8754000
2018-11-09,51.149749755859375,51.72624468956677,50.903346322309964,51.65185687347306,10515800
2018-11-12,50.122283935546875,51.196235689065915,50.020002478354044,51.038163378766335,12046800
2018-11-13,50.09904479980469,50.591851630937974,49.88518516465239,50.2013262659658,15826000
2018-11-14,49.72246170043945,50.894044865449,49.58298987879944,50.57790377058994,16583000
2018-11-15,49.6480712890625,49.76894969045038,48.43929791620032,49.308683159129224,21697000
2018-11-16,49.452823638916016,49.59229548559781,48.91817269245262,49.173872851539215,11461800
2018-11-19,48.244049072265625,49.480720088538476,48.104577217720504,49.33659810807314,13359400
2018-11-20,47.151493072509766,48.25798869241242,46.6354391676153,46.7516674606635,23986000
2018-11-21,47.64430618286133,48.04412827066043,47.52342775798836,47.61176240081932,17474600
2018-11-23,47.430442810058594,47.723340394331615,47.39325245001327,47.39325245001327,5456000
2018-11-26,48.495079040527344,48.57411695463723,47.95113162409295,48.03016599119776,11708000
2018-11-27,48.63920974731445,48.690350472020626,48.17894322495888,48.32306869776967,12052400
2018-11-28,50.075801849365234,50.08510209996786,48.662465253303736,48.91351881447976,12683000
2018-11-29,49.84333801269531,50.15482896958186,49.55044400731023,50.015357153829555,9949800
2018-11-30,50.20597457885742,50.257115313705256,49.68992065230647,49.824745903541114,11343000
2018-12-03,51.14510726928711,51.41940438231266,50.81501928972793,51.238088499836586,11989000
2018-12-04,49.30404281616211,51.163695485558044,49.17386414981937,50.99167633671677,19417400
2018-12-06,49.5411491394043,49.5411491394043,48.1278125948229,48.411409928765565,22323800
2018-12-07,48.05808639526367,49.82475470770676,47.9372079508996,49.318000941768595,18691400
2018-12-10,48.09526824951172,48.33702509545357,47.11895125660788,48.006937155076876,19796400
2018-12-11,48.113868713378906,48.941413687240065,47.7651837942572,48.811238551622324,15930000
2018-12-12,48.62062072753906,49.20176219670451,48.532286089183984,48.62991743036306,14373400
2018-12-13,48.37886047363281,48.946055075005205,48.12316037346063,48.81587996262579,12216600
2018-12-14,47.57456588745117,48.40211076861957,47.4211436889408,47.87676015957602,12277200
2018-12-17,46.36579895019531,47.44439752428486,46.021760599015415,47.23518443824197,23857400
2018-12-18,46.72842025756836,47.20263009525112,46.398332356895956,46.64473575127073,17377800
2018-12-19,45.80324935913086,47.574571158067315,45.547549213624826,46.747026185218175,28061600
2018-12-20,44.775779724121094,45.74279982768212,44.180691521008306,45.5289402263763,35375200
2018-12-21,43.76110076904297,45.63737502437881,43.65841843788737,44.965275082929516,26736200
2018-12-24,42.93030548095703,43.94312001548615,42.81362168036408,43.359701012521406,16878000
2018-12-26,45.474029541015625,45.48803103307831,43.2150283843127,43.29904089759728,23489800
2018-12-27,45.71672058105469,45.71672058105469,43.90112057393062,44.862597700107024,21520000
2018-12-28,45.72139358520508,46.43083329776011,45.320000907000846,45.92675827477228,16656400
2018-12-31,46.21147155761719,46.39816642416939,45.763406014436946,46.10412085205444,12430600
2019-01-02,46.561519622802734,46.8228902799282,45.17531506029006,45.42268422662783,13681600
2019-01-03,45.55337905883789,46.31882490946182,45.47403488721552,46.20680939888265,12692000
2019-01-04,47.06092071533203,47.40630383706126,46.076108956631124,46.16945459139868,14538200
2019-01-07,48.12508010864258,48.4331235744342,47.261620461266666,47.284955091196416,12526200
2019-01-08,48.65716552734375,48.91853621226849,47.96639556744598,48.624494191728154,18782000
2019-01-09,48.904541015625,49.119238900295976,48.47047689462026,48.773855656339094,10325200
2019-01-10,48.76450729370117,48.825181602743875,48.101740439897796,48.297771978550884,9520000
2019-01-11,48.81118392944336,48.969872239766076,48.51713837892706,48.60581923522983,6065200
2019-01-14,48.51247024536133,48.871854874554934,48.18575338518652,48.42378939517121,5896200
2019-01-15,48.95120620727539,49.044555421412355,48.44713469456942,48.52181050497058,7533600
2019-01-16,48.83919143676758,49.23591581024523,48.811188452564686,48.96987677759236,8987800
2019-01-17,49.17057418823242,49.315264585152164,48.512479119073504,48.5918232832791,8792000
2019-01-18,49.85199737548828,50.062030401759976,49.49261275319931,49.660637749853535,11596200
2019-01-22,49.10521697998047,49.74464557725729,48.69915601604311,49.62796176058756,18487400
2019-01-23,49.2032356262207,49.49728115110314,48.64315467743826,49.319919453959365,12208600
2019-01-24,49.40859603881836,49.459937203465515,49.10054905093544,49.23590270674089,7930400
2019-01-25,49.95469284057617,50.13671937463298,49.83334063090204,49.912688360828646,8785600
2019-01-28,49.66531753540039,49.66998232572586,49.17991227340278,49.46462116323704,11802000
2019-01-29,49.34326171875,49.618633865718344,49.039883029394204,49.52995657073111,5764600
2019-01-30,50.3140754699707,50.458762298514706,49.697984909807765,49.73532103397797,11800400
2019-01-31,50.7714729309082,50.9441662995721,50.160050736276254,50.38875007030597,11198000
2019-02-01,50.02936935424805,50.52410774556842,49.922018643970404,50.33741287081648,11272800
2019-02-04,50.3560676574707,50.379405845177075,49.88933239060312,49.95934339281476,7209600
2019-02-05,50.82748031616211,50.911492821580225,50.510100135794595,50.510100135794595,8324600
2019-02-06,50.61744689941406,50.97216675977926,50.41675055799918,50.841481432515266,5831800
2019-02-07,50.20206069946289,50.37942243826967,49.78666646000806,50.25807023186113,9042400
2019-02-08,50.0013542175293,50.00602256784586,49.64196958312856,49.88933873628734,6646600
2019-02-11,50.090030670166016,50.29072698525811,50.01535487619862,50.169374814040005,6115800
2019-02-12,50.86016082763672,50.916166800751526,50.323414366197596,50.4120952381744,7753400
2019-02-13,51.20553970336914,51.31755520099495,50.948837372938804,51.070186011654904,6961200
2019-02-14,51.01885223388672,51.29422800825898,50.55211677168401,50.79948599690601,8334600
2019-02-15,51.36888122558594,51.476231901452685,51.196191459545076,51.336209900045176,7221000
2019-02-19,51.578914642333984,51.732934572031496,51.21019335917701,51.21019335917701,9838800
2019-02-20,51.68160629272461,51.80295491850992,51.158861424659925,51.61159527882811,13203400
2019-02-21,51.578914642333984,51.732934572031496,51.3828831266061,51.5602448046024,5986800
2019-02-22,51.85895538330078,51.88229357082569,51.625587751681536,51.70493189181429,14216600
2019-02-25,51.686275482177734,52.232358588329966,51.658272498598585,52.167012358464625,7982800
2019-02-26,51.75628662109375,51.830965992021135,51.443574767379204,51.480914452842896,14350400
2019-02-27,51.718929290771484,51.86828442076263,51.373546220337055,51.70025945440919,6204400
2019-02-28,51.43889617919922,51.58358298044025,51.205528532858104,51.53224537428028,8106800
2019-03-01,51.85429763793945,52.0643306858935,51.513582820206565,51.85896598858062,9712000
2019-03-04,51.69094467163086,52.16701320474142,51.31289014354576,52.07833590166608,11317600
2019-03-05,51.821624755859375,52.040990937628756,51.74228060187286,51.87296592865255,10298600
2019-03-06,51.578914642333984,52.0923227167764,51.555576454942646,51.87295657456463,7539200
2019-03-07,50.9535026550293,51.532257113652705,50.790145977558375,51.46691088175584,14152600
2019-03-08,50.598777770996094,50.62678075071695,50.24872628085385,50.62678075071695,11613600
2019-03-11,51.294219970703125,51.3408927974282,50.75280521014875,50.77147505302046,9124400
2019-03-12,51.43889617919922,51.51357553526407,51.1635240657524,51.37355352309632,17268000
2019-03-13,51.62092208862305,51.924300737699,51.52757645548013,51.58825076093226,9703800
2019-03-14,51.46689987182617,51.578918907478695,51.3502160470356,51.550912368111696,9803400
2019-03-15,51.79706954956055,51.83922092223255,51.43645860720895,51.72213893700612,10856000
2019-03-18,52.298187255859375,52.34033863413492,51.820494264777466,51.820494264777466,10971000
2019-03-19,52.560455322265625,53.00068123193411,52.34970556916737,52.480836843241356,14033400
2019-03-20,52.6353874206543,52.892969268407924,52.13427656752761,52.532354681552846,19898800
2019-03-21,53.356605529785156,53.39875333183109,52.56513012059576,52.56513012059576,11463000
2019-03-22,52.298187255859375,53.22079399378314,52.28413798745389,53.02409708998818,17517800
2019-03-25,52.607295989990234,52.84614074684102,52.13428361159544,52.185799988106744,14923200
2019-03-26,52.83207702636719,53.18800728317511,52.551080959648864,52.9116954966021,10881400
2019-03-27,52.724369049072266,53.117762868564974,52.41059013499224,52.874233871696994,8855400
2019-03-28,53.04283142089844,53.26294615732044,52.76651603696683,52.91638085726662,13856600
2019-03-29,53.31913375854492,53.41748219441877,53.17863752432165,53.30976877215345,9199800
2019-04-01,53.9045524597168,53.92328600861398,53.58140856715297,53.750003361109385,9955400
2019-04-02,53.89519119262695,53.94202328157356,53.71722425234677,53.89519119262695,7263600
2019-04-03,54.274539947509766,54.475921161278144,54.04506019281637,54.208974303311656,8422600
2019-04-04,54.71476364135742,54.72412862964683,54.316685537461616,54.316685537461616,6147800
2019-04-05,55.037906646728516,55.08474230658744,54.71007846607122,54.850578299529595,5893400
2019-04-08,55.23461151123047,55.253345062048766,54.86463192195288,54.93019756328719,6462800
2019-04-09,54.7381706237793,55.04726879213852,54.64450646109644,55.04726879213852,8912800
2019-04-10,55.000431060791016,55.000431060791016,54.61171803677665,54.86929981728217,6813600
2019-04-11,55.07068634033203,55.09410416893287,54.92082152724004,55.06132135272709,4330800
2019-04-12,55.412574768066406,55.51092322986137,55.16436147309919,55.262709934894154,9077600
2019-04-15,55.52497482299805,55.553076936872095,55.18777804098638,55.435994919399135,4865400
2019-04-16,55.76850509643555,55.848120007465376,55.65142308384128,55.69357089330667,6029000
2019-04-17,55.87620162963867,56.08695133233598,55.83873811247642,55.927717985427456,5562200
2019-04-18,55.857479095458984,56.00734391282533,55.688884302348555,55.99329464448771,6142600
2019-04-22,55.646732330322266,55.834064243295444,55.46876897818022,55.66078159850992,5529600
2019-04-23,56.3117561340332,56.42415742347098,55.777862514910204,55.82001389171411,8199400
2019-04-24,56.36327362060547,56.62085544770503,56.32580652338025,56.32580652338025,4362800
2019-04-25,56.06822204589844,56.3445338178816,55.834058073821055,56.31643528461108,5640200
2019-04-26,56.51314926147461,56.51314926147461,55.9277391541674,56.28366949986691,8473800
2019-04-29,56.31644058227539,56.54123958876224,56.22277641385695,56.536555308423615,7400000
2019-04-30,56.23215103149414,56.27898312372358,55.801290066087965,56.26024957221988,8679600
2019-05-01,55.54838943481445,56.330496408650056,55.54838943481445,56.325812127766056,9123000
2019-05-02,55.59053421020508,55.81533323059819,55.19245611021276,55.576484941379114,20816600
2019-05-03,56.24618911743164,56.35390612389371,55.94645949909228,56.11505785604053,7005800
2019-05-06,55.90431594848633,55.99798012144442,55.239287457470844,55.272070275312096,7628000
2019-05-07,55.05663299560547,55.67951003045199,54.653870670295596,55.56242804223537,13157000
2019-05-08,55.07537078857422,55.40320252469049,54.799058990148666,54.967657352023544,14305400
2019-05-09,54.85057830810547,55.03790665533368,54.22301691110156,54.64919711908187,12766000
2019-05-10,54.93019104003906,55.169039318283545,53.909235866572125,54.71476059080133,13641600
2019-05-13,53.29573440551758,53.94202583896383,53.12245173783453,53.82025954348224,15284200
2019-05-14,53.83430480957031,54.096570932105976,53.28636188024599,53.543943722095506,9191800
2019-05-15,54.19960021972656,54.307313657238666,53.39875620714322,53.501788937326296,8313600
2019-05-16,54.70071029663086,55.02385417789691,54.33073075822978,54.42439492638188,7231800
2019-05-17,54.283897399902344,54.97233652308387,54.23706174386672,54.23706174386672,7349000
2019-05-20,53.899864196777344,54.08719609884883,53.72658513513477,54.08719609884883,7076800
2019-05-21,54.274539947509766,54.41503979825408,53.871777519973,54.05910946327888,7320600
2019-05-22,53.71722412109375,54.265170636914156,53.66102704371888,53.8436746913059,7890800
2019-05-23,53.052207946777344,53.32383910922619,52.79462962905648,53.29105628431409,9913000
2019-05-24,53.1224479675293,53.431542605740894,52.90233322430173,53.342562710756866,5265000
2019-05-28,52.771202087402344,53.5720425827128,52.73841926852037,53.27231293206067,8236000
2019-05-29,52.302879333496094,52.52767838067345,51.96099826807336,52.48084271492759,9537400
2019-05-30,52.64475631713867,52.82271968477188,52.466789376446094,52.47615793809273,7795200
2019-05-31,51.95630645751953,52.209203991655585,51.80644164911211,51.99376997982723,8504400
2019-06-03,51.5207633972168,52.012505644951226,51.24913230433929,51.829858013927144,16131200
2019-06-04,52.916385650634766,52.93511920150159,51.53481932500662,51.98441382663198,11479000
2019-06-05,53.17864990234375,53.28636334968078,52.65412121586718,53.220797710503625,10517200
2019-06-06,53.45027160644531,53.58140644352823,52.958529366355485,53.17864409084954,7319600
2019-06-07,54.223018646240234,54.386932741839765,53.6001415099027,53.68444069807664,8089800
2019-06-10,54.68198776245117,55.16904939567598,54.532122919386595,54.56958645035796,7459800
2019-06-11,54.89271545410156,55.36572765702955,54.66323577217072,55.11751442940212,10059000
2019-06-12,54.87868118286133,55.08942737667878,54.75691488909196,54.873996901892646,5585800
2019-06-13,55.37042236328125,55.450037267689815,55.04727489201698,55.080057709894575,7692400
2019-06-14,55.492183685302734,55.60458497783591,55.248654697598994,55.3610524170731,5094400
2019-06-17,55.51560592651367,55.70293785589776,55.450040287188145,55.595220835257614,5364800
2019-06-18,55.93709945678711,56.30239473811554,55.759132523687164,55.90899734610547,8797600
2019-06-19,56.04013442993164,56.14784787715829,55.613954202657524,55.99329876794508,6130600
2019-06-20,56.428829193115234,56.56932899612955,55.988603384916644,56.49907909462239,8377200
2019-06-21,56.16755676269531,56.51531698449423,56.162859916596,56.364935445606136,10442400
2019-06-24,55.86679458618164,56.26154837299289,55.84799644534503,56.1910562412003,5780400
2019-06-25,55.3310546875,56.059467335526676,55.246464854731606,55.97957793385053,6394200
2019-06-26,55.5096321105957,55.73050216428043,55.44853726594873,55.53312709398606,4876200
2019-06-27,55.85739517211914,55.91848643846754,55.60832608997286,55.70231320518249,3909000
2019-06-28,56.01716995239258,56.13465563063617,55.92318284394906,55.94198098271343,13327400
2019-07-01,56.51060485839844,56.98524794884882,56.27093309792061,56.726778051727834,8289400
2019-07-02,56.63278579711914,56.660981206827536,56.21923399938205,56.44010760310479,18017000
2019-07-03,57.1262321472168,57.1262321472168,56.69388573367848,56.80197412975215,3619200
2019-07-05,57.19202423095703,57.24371821395132,56.698586555163715,56.85366850414656,6755000
2019-07-08,57.26252365112305,57.30951720927768,56.957060145049944,57.013454566062705,10149200
2019-07-09,57.3236083984375,57.398797361154706,56.980548672164524,57.04163992845838,3866600
2019-07-10,57.53038787841797,57.61497771283951,57.22492438826361,57.572684588317976,4770000
2019-07-11,57.64787673950195,57.831154126626146,57.520993773561614,57.72306930108043,3952400
2019-07-12,58.31050109863281,58.324598808395336,57.80766246662234,57.80766246662234,4975200
2019-07-15,58.49846649169922,58.52666190523015,58.20240030811198,58.43737164854471,3993200
2019-07-16,58.42327117919922,58.554854549959046,58.239993829158315,58.41387390359264,4103400
2019-07-17,57.86403274536133,58.43736330784688,57.86403274536133,58.35277349394938,4599200
2019-07-18,57.788856506347656,57.90164175456698,57.40350362166811,57.74655979740392,4634400
2019-07-19,57.408203125,58.047321911499935,57.375303693365204,57.96743251135974,4128200
2019-07-22,57.44110107421875,57.60087988034877,57.22022741896262,57.50689276914034,4034000
2019-07-23,57.83115768432617,57.83115768432617,57.35181762360035,57.7747668450519,4858200
2019-07-24,58.122520446777344,58.1272208782629,57.57738512657257,57.586785989543664,4233400
2019-07-25,57.798255920410156,58.10371941495399,57.7042688076483,57.93453974367982,4799000
2019-07-26,58.061424255371094,58.10841781010539,57.69016907782691,57.882843727851025,4280400
2019-07-29,57.779449462890625,58.01442079634749,57.57267712750564,57.91573326654097,4410800
2019-07-30,57.389408111572266,57.55858778306928,57.29541741330807,57.38470768031442,4329000
2019-07-31,56.73148727416992,57.39880509421854,56.20985055396021,57.370609677573206,8603400
2019-08-01,55.96078109741211,57.39880470256814,55.758705580282864,56.83957170706147,13263600
2019-08-02,55.500221252441406,55.84797777823461,55.28404808314414,55.768088395416015,11100400
2019-08-05,54.01051330566406,54.5650458212314,53.615759583125154,54.56034539044287,13781600
2019-08-06,54.832916259765625,54.90340838425862,54.076308199989484,54.3817716825402,8895600
2019-08-07,55.05378723144531,55.12427935250862,53.97291760281643,54.259582932529874,11689800
2019-08-08,56.11586380004883,56.1252610771978,55.35925570861844,55.41094969638414,9338400
2019-08-09,55.589515686035156,56.0735560347981,55.27465497562906,55.94667309871938,7952800
2019-08-12,54.781219482421875,55.24176489831135,54.55094856716624,55.20886905327483,6402600
2019-08-13,55.68350601196289,56.158149112974215,54.51805019717898,54.701327551805306,9262600
2019-08-14,53.94002914428711,54.81882339174554,53.911833726151976,54.72953312047933,12812400
2019-08-15,53.85073471069336,54.348876433309336,53.399590128508294,54.26898703118226,10104000
2019-08-16,54.4616584777832,54.56974687488418,54.0810060432651,54.240784838117264,7960600
2019-08-19,55.14778518676758,55.34986072804087,54.978605497079286,55.20888004355324,6224400
2019-08-20,55.161861419677734,55.50962152718215,55.0396789244354,55.13836644076691,6534200
2019-08-21,56.22394561767578,56.22394561767578,55.95137798499663,56.082961370323574,9338000
2019-08-22,56.238033294677734,56.51530130891578,55.85268048407564,56.364919811738815,5904200
2019-08-23,54.74362564086914,56.08766208706121,54.513354715373936,55.80569717629874,15269800
2019-08-26,55.2840690612793,55.288769493045656,54.76243228196002,55.15718608661898,6904800
2019-08-27,55.01148986816406,55.58012008996667,54.93160047175552,55.50023069355812,6696200
2019-08-28,55.6976203918457,55.7399171092402,54.79533105505967,54.93631533253585,7782400
2019-08-29,56.53410339355469,56.646888627971855,56.16284826216279,56.33672475160219,5874600
2019-08-30,56.19575500488281,56.773782580593114,56.073568885760686,56.65629689288532,6814800
2019-09-03,55.965476989746094,56.31323718517388,55.725808783222334,55.9278842969088,8645000
2019-09-04,56.520015716552734,56.571709708399695,56.007779815096804,56.252148479427035,8345000
2019-09-05,57.60087966918945,57.657274086934855,57.051047541340985,57.051047541340985,7343200
2019-09-06,57.74187088012695,57.887551995137535,57.54919261864171,57.671378745793845,6986800
2019-09-09,57.96273422241211,58.11311933700303,57.746560998255376,57.93923923729113,6518600
2019-09-10,57.732460021972656,57.77945357493286,57.15443250834347,57.704264607272194,7301200
2019-09-11,57.840545654296875,57.95803132376756,57.46459007783945,57.7183595541415,6817800
2019-09-12,58.11781692504883,58.45617626644278,57.976836256387024,58.11781692504883,6686400
2019-09-13,58.000328063964844,58.34338781779814,57.953334510319024,58.26349841806241,4029400
2019-09-16,57.257816314697266,57.66666775063238,57.1967250550014,57.61967419814493,6802600
2019-09-17,57.60557174682617,57.62436988334868,57.00874256471492,57.15912407151703,4488400
2019-09-18,57.57738494873047,57.65257751075213,57.01815550655379,57.51159324965086,5939200
2019-09-19,57.42230224609375,57.7700588558476,57.39880367588429,57.69956673059763,4519200
2019-09-20,56.76408767700195,57.67880209876356,56.759371652906744,57.53263412999119,7540600
2019-09-23,56.96211242675781,57.12714087987767,56.53776382522693,56.613202217640755,4475000
2019-09-24,56.353878021240234,57.41947280278312,56.221858129190586,57.254447937721054,10708800
2019-09-25,56.86781311035156,56.95268354947553,56.13698412915784,56.58019682205767,6508800
2019-09-26,56.62262725830078,56.9998299894736,56.363303528232336,56.86309408935525,6040800
2019-09-27,56.42459487915039,56.839518584039816,56.12283414683355,56.80651361635741,7114000
2019-09-30,56.91025924682617,56.98570125280228,56.51891553196181,56.542488460874715,4988400
2019-10-01,56.43402862548828,57.25444041635886,56.41516812949138,57.0422661316193,7271600
2019-10-02,55.420310974121094,56.108703033446986,55.14212309690296,56.108703033446986,11009000
2019-10-03,55.68906021118164,55.69377623492138,54.675330943464495,55.34957844736268,14463200
2019-10-04,56.21242141723633,56.250142408641715,55.75506428894325,55.82107422526681,6374000
2019-10-07,55.967247009277344,56.32558928711697,55.81636661817734,56.05683347805532,5521200
2019-10-08,55.377864837646484,55.98610237018549,55.36843638787457,55.54289328546655,5886200
2019-10-09,55.8493766784668,56.047410132607546,55.60419736957375,55.769222250297204,6094600
2019-10-10,56.221858978271484,56.41517639260106,55.8635202936599,55.90123769390638,6548600
2019-10-11,56.85839080810547,57.35346905405936,56.79238085494797,56.801812903840556,10630800
2019-10-14,56.830101013183594,56.94326041730792,56.679220608593624,56.797096037094306,3151000
2019-10-15,57.32988357543945,57.46190705840795,56.97625733992175,57.01397833505561,5111000
2019-10-16,57.56563186645508,57.6222133566665,57.32045260341612,57.34402912365553,6145600
2019-10-17,57.716514587402344,57.95226539559086,57.60806763283601,57.87210738688015,4612000
2019-10-18,57.603363037109375,57.79196444053034,57.367612182151305,57.570358061306145,4069600
2019-10-21,57.806095123291016,58.06542244077645,57.64578630686126,57.8956815779263,4506200
2019-10-22,57.43832015991211,57.75894136607998,57.41474364289493,57.744796894778254,5203600
2019-10-23,57.174293518066406,57.37232335614402,56.74994129556274,57.37232335614402,3773800
2019-10-24,57.145992279052734,57.32987761462088,56.985683462309936,57.27801574829422,4405200
2019-10-25,57.079986572265625,57.259159495161434,56.31615622862596,56.4481761103774,5472600
2019-10-28,57.259159088134766,57.40532344228172,57.14128368065575,57.22615411793152,3823400
2019-10-29,56.93381881713867,57.30158949356168,56.91495832126163,57.26858452509479,4341400
2019-10-30,57.287452697753906,57.29216872167308,56.665070639496356,56.90082147364349,5615400
2019-10-31,56.98097229003906,57.35817503972648,56.71693252362109,57.28273305088019,6074000
2019-11-01,57.35818862915039,57.377049130830436,57.146010683204565,57.27331817022664,6429600
2019-11-04,57.3864631652832,57.603353484202955,57.28744825429409,57.52791509370876,9531800
2019-11-05,57.471336364746094,57.598643825901426,57.24030156133549,57.43833139283029,4309000
2019-11-06,57.532630920410156,57.5467789919065,57.26859114216668,57.537346944242266,7188600
2019-11-07,57.18842697143555,57.725938483928616,57.12241703813089,57.65992855062396,7665400
2019-11-08,57.21200180053711,57.30630427788352,56.9856830494491,57.287443782414236,4146000
2019-11-11,57.09413528442383,57.1129957828274,56.88667699652906,56.957402966224386,3725400
2019-11-12,57.05641555786133,57.3487442780135,56.938540145600726,57.13656997485324,4389000
2019-11-13,56.87724685668945,57.01398277674807,56.731082485748885,56.910251830684814,4692600
2019-11-14,57.1224250793457,57.21200794585756,56.839524811462645,56.919679227862964,3960200
2019-11-15,57.22615051269531,57.447753243086495,57.09884306616602,57.395891376553216,4240000
2019-11-18,57.424190521240234,57.4289065453161,57.07528028234562,57.24030515227737,4687400
2019-11-19,56.79237747192383,57.25445071377407,56.65092912241473,57.22144573916137,6033800
2019-11-20,56.660343170166016,57.03754586751524,56.39158741741793,56.947959417508706,8562600
2019-11-21,56.33973693847656,56.811238636909174,56.31616401191842,56.7075076876904,4877400
2019-11-22,56.72636795043945,56.7452284499707,56.44818367621656,56.56134307613159,4476000
2019-11-25,57.22615051269531,57.23557896189998,56.94324667475099,56.98568368935133,7334000
2019-11-26,57.61750030517578,57.65522130059578,57.160146725478775,57.20729617111771,7252200
2019-11-27,58.11257553100586,58.13615205126596,57.725944340735076,57.79667030424343,8426000
2019-11-29,57.735374450683594,58.178587143960236,57.67408053242552,58.15029819665221,3510200
2019-12-02,57.259159088134766,57.83439165219588,57.14128368065575,57.77781016158805,7083400
2019-12-03,56.683921813964844,56.77822069320358,56.36801661151625,56.74993174888629,8946200
2019-12-04,56.99983596801758,57.202581827765805,56.87724452793738,56.90553707396956,5658200
2019-12-05,56.94325637817383,57.212012192200916,56.82066853126487,57.212012192200916,4704600
2019-12-06,57.40061569213867,57.542067640410345,57.358182266020656,57.362898290235705,5031000
2019-12-09,57.471336364746094,57.67879824380092,57.287451007319184,57.3581769749308,3577600
2019-12-10,57.372314453125,57.598636802430406,57.292160044999385,57.4901898523468,4360000
2019-12-11,57.51848220825195,57.5514871781006,57.22143747961415,57.32988083885745,4099400
2019-12-12,58.02299499511719,58.16444693657668,57.55149331994862,57.622219290678366,9226200
2019-12-13,58.074851989746094,58.17386689540521,57.77780727276875,58.01827409923904,7124800
2019-12-16,58.3294677734375,58.466203681461955,58.23516888382783,58.37661721824233,7293600
2019-12-17,58.58879470825195,58.664233099960555,58.4049093567017,58.428482280304124,6819000
2019-12-18,58.645362854003906,58.80095923245741,58.53691950946099,58.749093772972905,5278200
2019-12-19,58.829246520996094,58.87639955358096,58.522773392822394,58.60292779258255,6493000
2019-12-20,58.91914367675781,59.051598818487946,58.84818453393612,59.051598818487946,6673600
2019-12-23,58.78196334838867,59.05633319643428,58.78196334838867,59.046873660625394,6328400
2019-12-24,58.91441345214844,58.98537259659294,58.78195830738911,58.86237698683127,3296200
2019-12-26,59.63345718383789,59.63345718383789,59.02794588859068,59.0894454980071,5035800
2019-12-27,59.62873077392578,59.95040910904541,59.553040055482526,59.827413496141176,5917400
2019-12-30,59.245548248291016,59.74699019638742,59.117824682205786,59.68076262743481,6677400
2019-12-31,59.330692291259766,59.359078110079636,59.06105047182541,59.14620071002213,3567400
2020-01-02,60.035560607910156,60.035560607910156,59.47262260749202,59.70441912155094,12591000
2020-01-03,59.52465057373047,59.69967902278145,59.23608606087534,59.27393141547672,11192800
2020-01-06,59.69022750854492,59.70441861614421,59.01375704296568,59.08944776233809,12823200
2020-01-07,59.59561538696289,59.73279849447724,59.34489259569968,59.652379815139305,18301600
2020-01-08,59.77537536621094,60.10178526443376,59.48681082615668,59.543578863409515,9451800
2020-01-09,60.09232711791992,60.30993253178835,59.940949281788306,60.09232711791992,7643000
2020-01-10,59.76591110229492,60.16801170932088,59.70441510327224,60.16801170932088,7407000
2020-01-13,59.955142974853516,60.04975638222254,59.71861487012963,59.888915394261424,6449200
2020-01-14,59.936214447021484,60.130169206359724,59.76591393950132,59.860527337641464,8681200
2020-01-15,59.79901885986328,60.007161074082816,59.652369025624544,59.7706330417773,6523800
2020-01-16,60.333580017089844,60.343039551791584,60.092320377178694,60.144356840868,8699000
2020-01-17,60.546451568603516,60.631601814259895,60.42345957642456,60.494415106861744,13473200
2020-01-21,60.36196517944336,60.45184700459479,60.040286846889494,60.23896956752016,8003800
2020-01-22,60.333580017089844,60.80190458116169,60.28154355340054,60.58430280083463,7930200
2020-01-23,60.42345428466797,60.499141380216365,59.71859813157983,60.026085303361675,7991800
2020-01-24,59.581417083740234,60.57483782660362,59.321238382287454,60.5417240424503,11381800
2020-01-27,58.692073822021484,58.994829456064274,58.18117233614984,58.29470840576477,15754200
2020-01-28,59.26447677612305,59.48681375489474,58.74884727993524,58.97591222186177,11815400
2020-01-29,59.231361389160156,59.69022644204328,59.18878806712296,59.45842993408812,5860000
2020-01-30,59.132015228271484,59.19351122482144,58.64949957202677,58.76776360248331,10461000
2020-01-31,59.28340148925781,60.42346863767253,59.16040586950238,60.3430463425638,16844000
2020-02-03,59.70441818237305,60.4423846452317,59.60980839297706,59.61453635605437,16019000
2020-02-04,60.79245376586914,60.99587169909403,60.44239316480314,60.57957990515677,16697200
2020-02-05,61.09994125366211,61.27024177642537,60.67418633762151,61.1945510511384,13354000
2020-02-06,60.96274185180664,61.25130638309641,60.96274185180664,61.23711527649723,11039800
2020-02-07,60.69784164428711,60.986406223466766,60.45185400110294,60.6883784988959,7267600
2020-02-10,61.383766174316406,61.38850135571742,60.650534883592,60.650534883592,5867200
2020-02-11,61.86627960205078,62.13118987777951,61.48310529478146,61.634479501656315,11015800
2020-02-12,62.50016784667969,62.53328523750526,62.164302067448226,62.17375799203007,7810600
2020-02-13,62.391361236572266,62.62316129626886,62.07914251573908,62.25417816010686,7106800
2020-02-14,62.29676818847656,62.58533274093611,62.1264676785289,62.50964202134507,4959600
2020-02-18,62.29203796386719,62.49545588667168,61.94670895336757,62.20689131125011,6740200
2020-02-19,62.57114028930664,62.78874208062652,62.48125846400593,62.51436864170063,4636200
2020-02-20,62.59477233886719,62.7650655664905,61.8236887619075,62.51908164774909,10832800
2020-02-21,61.63922882080078,62.386658537766934,61.478391433397576,62.32043095364413,12322600
2020-02-24,59.519920349121094,60.097049387892405,59.22662425802027,59.54830256114862,17507200
2020-02-25,57.930458068847656,60.1680153380204,57.79327134663238,60.04028815117453,29219600
2020-02-26,57.471580505371094,58.8150616109056,57.32493427968619,58.27577798385574,24720800
2020-02-27,55.148887634277344,57.46686352477436,55.12050181065525,56.293682667714805,35433800
2020-02-28,54.794097900390625,54.87451658436564,53.23301107114803,53.36073826017395,41232200
2020-03-02,56.67686080932617,56.68159238176989,54.188587855510576,54.95966814375091,19022400
2020-03-03,55.30499267578125,57.58985099054885,54.77990009428557,56.84242506450799,29548600
2020-03-04,57.21614074707031,57.263449250077265,55.560444197524795,56.170687073167414,14684400
2020-03-05,55.0826530456543,56.213256827851716,54.65690183686766,55.84900161233864,14599600
2020-03-06,54.23588180541992,54.52917427335005,53.06270110630467,53.4033020708585,16655000
2020-03-09,50.82042694091797,52.36731910347898,48.96131595870057,50.18180180241356,16829800
2020-03-10,53.630374908447266,53.630374908447266,50.79203812045257,52.60857193238588,21939200
2020-03-11,50.697425842285156,52.424081481401274,50.21017859377136,52.163899159800735,15254600
2020-03-12,45.5742301940918,48.56867664980593,45.058600695420054,46.86567514062437,19961600
2020-03-13,48.39365005493164,48.426763844122455,45.3992034828807,48.06250855389119,16073800
2020-03-16,42.26283264160156,45.34242903803984,41.93169479644985,43.07176179457415,16817800
2020-03-17,43.89015197753906,44.812613697688064,40.80109568731159,43.20894992070684,27134000
2020-03-18,41.368751525878906,42.15875789899733,38.667601822256266,41.07072750360182,27657600
2020-03-19,42.81158447265625,44.02260714370078,39.82660111904309,41.1937331963454,14884200
2020-03-20,41.539066314697266,44.6896225323066,41.46811076765142,43.313027173495506,25783200
2020-03-23,41.60750961303711,42.45363456852273,40.24325334555053,41.289025028964396,15308400
2020-03-24,45.51014709472656,45.58620506799552,43.70856465266062,43.893951429198985,20747400
2020-03-25,46.30874252319336,48.04377623339794,45.1726527218583,46.3182515841682,19997800
2020-03-26,48.224395751953125,48.533374872369954,46.589189480988395,46.812605208468916,12991000
2020-03-27,46.60820770263672,47.83936612699447,46.056798320314996,46.75556548079631,10262200
2020-03-30,47.58267593383789,47.76806269562524,46.075812818122856,46.88866330287743,13320600
2020-03-31,46.622474670410156,47.86314234041566,46.49888226844897,47.169129605261986,10304400
2020-04-01,44.540428161621094,45.60996889403973,44.145889225466945,44.84940732075965,13516400
2020-04-02,44.70680618286133,45.3865589144986,43.72282880750537,44.27898914430573,11997600
2020-04-03,43.92722702026367,44.659265024904236,43.366312192481985,44.43585290105052,10359400
2020-04-06,47.58267593383789,47.83461160361847,45.533912494953135,45.533912494953135,10607800
2020-04-07,48.29094314575195,50.15432324184949,48.18636889244675,49.78354975959145,14018200
2020-04-08,49.812076568603516,50.01172329794215,48.52862553719035,48.880388205046316,8331000
2020-04-09,50.71049499511719,51.54711459827987,50.2208835609862,50.529862742000525,10645800
2020-04-13,50.69624328613281,50.88638463053646,49.74554019075909,50.5108564726665,6823400
2020-04-14,52.678443908691406,52.77826727110553,51.51383438721648,51.75626099880356,11489200
2020-04-15,51.52333450317383,51.87984802928305,50.900625371428845,51.37122221043295,7617600
2020-04-16,52.14130401611328,52.764013282616304,51.242890026027275,51.737252364435776,9218400
2020-04-17,53.68144226074219,53.80978556337387,52.74975380417708,53.410492064836234,8767000
2020-04-20,52.744991302490234,53.805026528125396,52.65467337529022,53.096750325655606,6826200
2020-04-21,51.37599182128906,52.20785695974267,50.97669466897636,51.8656032939444,8655800
2020-04-22,52.48355484008789,52.84957385741112,52.03672332077791,52.331438895945155,6771200
2020-04-23,52.46928405761719,53.24886003126234,52.27914640679113,52.74498872861548,8259200
2020-04-24,53.35819625854492,53.59587196570993,52.526331283467385,53.01118813036088,5829000
2020-04-27,54.3564338684082,54.70819290191493,53.85256252635991,53.904851472418905,8239400
2020-04-28,54.570343017578125,55.56858024774189,54.29463833090483,55.37368442992833,9458800
2020-04-29,55.77298355102539,56.19129149932406,55.32139752140762,55.63037667290534,9997600
2020-04-30,55.425968170166016,55.758716300069935,54.855547985535146,55.368928327688785,10106400
2020-05-01,53.35343933105469,54.161538875083046,52.939885940225906,53.724212837305316,12553200
2020-05-04,53.643409729003906,53.66717875186092,52.3457023178302,52.649926951852656,9213600
2020-05-05,53.83830642700195,54.51805914789769,53.72421946742739,54.35643776848895,9093600
2020-05-06,53.82879638671875,54.41823478718782,53.752742041697914,54.190064498837906,7810000
2020-05-07,54.6749153137207,54.94586546111179,54.47526860019955,54.49903762037062,10667200
2020-05-08,55.73971176147461,55.792000710842515,55.069464479564346,55.37368911589924,7872400
2020-05-11,55.616127014160156,56.07246403138673,55.17880449264856,55.2548588488642,8086600
2020-05-12,54.39921569824219,55.982133113354585,54.37069214795601,55.85378983031865,11944800
2020-05-13,53.462772369384766,54.62738184504865,52.930377497474886,54.318402710695985,13362200
2020-05-14,54.2613639831543,54.2851293775834,52.317174837339074,52.806786207628555,11436400
2020-05-15,54.893585205078125,54.903090638036836,53.638654082553714,53.819289948561945,12556600
2020-05-18,56.97086715698242,57.232311889536135,56.33864889582057,56.395692372007794,10233600
2020-05-19,56.76647186279297,57.71242390237253,56.62861950084453,56.84728074256291,10513600
2020-05-20,57.508026123046875,57.71717831713734,57.151512497691506,57.70291835238619,7708200
2020-05-21,57.71242904663086,58.026159159967484,57.01366174089552,57.650631028768075,9117200
2020-05-22,57.626853942871094,57.783717154406894,57.184776979502566,57.68864832155832,7642000
2020-05-26,58.539527893066406,59.30008943707087,58.453964492700685,59.1527316579135,9128400
2020-05-27,59.54251480102539,59.552020232890676,58.04040270128417,59.23829020833103,11531200
2020-05-28,58.81998062133789,59.93230477186114,58.66311741718483,59.718394468054235,7293200
2020-05-29,59.03389358520508,59.24780027200726,58.34938638480849,58.8009687798991,13016000
2020-06-01,59.59480667114258,59.80871335173271,59.05765726495822,59.10519167990676,6662600
2020-06-02,60.10343933105469,60.10343933105469,59.55202990062779,59.86100907273639,8453400
2020-06-03,61.23952865600586,61.42966633618773,60.398154551961596,60.398154551961596,11061600
2020-06-04,60.93053436279297,61.467683725224944,60.607298916814,61.09691024152615,9971400
2020-06-05,62.389869689941406,62.74163232832881,62.071385130299525,62.380360631258895,11689200
2020-06-08,63.340576171875,63.3643451933286,62.75113780494591,62.75113780494591,7005000
2020-06-09,62.846214294433594,63.197969702373086,62.38512283776266,62.78441628891469,8689600
2020-06-10,62.256778717041016,63.10290370052137,62.190229805529775,63.0933946407948,7783800
2020-06-11,58.99586868286133,61.158719228570966,58.85326179736523,60.26030165257552,13735200
2020-06-12,59.58055114746094,60.78794430913144,58.37316161243432,60.57879212971848,11989400
2020-06-15,60.146217346191406,60.33635864822592,57.95484690952585,58.27333150511354,9993000
2020-06-16,61.4106559753418,62.05237609120731,60.17473928411638,61.976325370480644,10166800
2020-06-17,61.24903106689453,61.87649114600858,61.096915136632475,61.66733536854164,6349800
2020-06-18,61.02561569213867,61.353609322099445,60.74991100685696,61.011355730252276,5533600
2020-06-19,60.55027389526367,61.90978312742995,60.35538166247875,61.7909452502105,13384000
2020-06-22,61.17251968383789,61.22493042091986,60.17672294946178,60.448304207481684,5675800
2020-06-23,61.65373992919922,62.03967750213441,61.46792136601469,61.83003455491468,7347200
2020-06-24,60.29584503173828,61.506046832363154,59.54780507902267,61.28687991950286,11962600
2020-06-25,60.37683868408203,60.443542602036956,59.44774216669691,60.043315459216515,9769200
2020-06-26,58.96175765991211,60.48642387869768,58.86170178009409,60.357781643243364,11496400
2020-06-29,60.0814323425293,60.129077478373574,58.571059362211486,59.22380899205974,7822600
2020-06-30,60.84852981567383,61.12487305211291,59.84796744247306,60.03378601313503,6729800
2020-07-01,61.46316146850586,61.71568395338985,60.886646979314484,60.93429211389982,11172600
2020-07-02,61.70616149902344,62.72578279117389,61.54892926100524,62.38750119710228,7328600
2020-07-06,63.16887664794922,63.197462998270865,62.46848198434634,62.62571418129603,7115800
2020-07-07,62.1778564453125,63.07360107151941,62.07303495628053,62.873489302508105,6893200
2020-07-08,62.84013748168945,62.85443066103605,61.99680354932647,62.287443646345196,5479800
2020-07-09,62.76865005493164,63.10216957559094,61.75855301641739,63.059290052259094,6224800
2020-07-10,63.51669692993164,63.5643456995999,62.39225430546705,62.80677824507263,12912400
2020-07-13,62.71147918701172,65.03659950302857,62.53519182983517,64.08844426297189,13282600
2020-07-14,63.33563995361328,63.373757515085416,61.66803480766014,62.40178514318115,11473800
2020-07-15,64.24091339111328,64.43149392150016,63.33087572762631,64.22662021484332,7505800
2020-07-16,64.06940460205078,64.25046124194557,63.50241756253444,63.72159177241672,6049400
2020-07-17,63.76921081542969,64.3171425119994,63.54051274626156,64.3171425119994,6189200
2020-07-20,64.7888412475586,64.95560467298027,63.65963664225316,63.81686885960405,5471600
2020-07-21,64.8888931274414,65.38440683613793,64.65066384495293,65.29387854556339,5315800
2020-07-22,65.44636535644531,65.484482923722,64.71738414896247,64.7793261045599,5321000
2020-07-23,64.46485900878906,65.51782859008124,64.02174866860528,65.51782859008124,6867600
2020-07-24,64.57917785644531,64.8602938792188,63.78349308357841,64.10271938621273,6287200
2020-07-27,64.97942352294922,65.12712451964777,64.51248887961586,64.85553963912646,4899400
2020-07-28,64.33619689941406,65.11282665602864,64.24090664422846,64.85077300163289,5119600
2020-07-29,64.98894500732422,65.12712206172999,64.66019470619959,64.76024693300862,4495000
2020-07-30,64.93655395507812,65.2510184464303,64.14563802707814,64.52203720659392,7940800
2020-07-31,65.27482604980469,65.85134413569357,64.55537620476909,65.73699145819516,7671000
2020-08-03,65.13665008544922,65.50351792606133,65.05564573603579,65.48446278337487,5588800
2020-08-04,65.66077423095703,65.6798366508247,64.99849690912434,65.00802811905818,5340200
2020-08-05,66.46121215820312,66.49456047942132,65.81322817698312,65.9180496496938,6536800
2020-08-06,66.78520965576172,66.928148708132,66.12769437696772,66.22299192533605,4312200
2020-08-07,66.88526153564453,67.08537327803867,66.39927172115509,66.78996399815851,5953000
2020-08-10,67.68569946289062,67.76193457462242,67.01866041068848,67.12348187177459,4560400
2020-08-11,67.55229187011719,68.45279822858188,67.3950596779814,68.07162993887515,7093600
2020-08-12,68.44802856445312,68.59096756579437,67.95727690031921,68.21932325423529,7630800
2020-08-13,68.41946411132812,68.82921883552537,68.27652506424873,68.38610851659743,4742800
2020-08-14,68.41468811035156,68.56715835088235,68.11928610704967,68.41945734923141,3374000
2020-08-17,69.296142578125,69.38190163969391,68.6767449205727,68.97691617642701,3218000
2020-08-18,69.72493743896484,69.87740765366708,69.04360525123668,69.5629432884787,5175400
2020-08-19,69.39620971679688,70.01560750734109,69.29615745681743,69.99655235740605,5310400
2020-08-20,69.29136657714844,69.49148557497682,68.80061483002166,68.9769094452342,3326600
2020-08-21,69.64871215820312,69.6868297172566,69.20560916579575,69.21990234166819,3647600
2020-08-24,70.70647430419922,70.73506793563266,70.12043208802379,70.12519405817098,5284400
2020-08-25,70.93992614746094,70.94468811656382,70.36340799801135,70.8732222291114,5197800
2020-08-26,71.64030456542969,71.75465722942181,70.87796801250929,70.9446719156263,5583800
2020-08-27,71.25438690185547,71.95478164333822,70.98757124227755,71.9071328740501,6170800
2020-08-28,71.72132110595703,71.84996697908657,71.34492196554812,71.62126885922017,4275600
2020-08-31,71.51166534423828,71.92618924570328,71.416375083851,71.71177707210583,7025000
2020-09-01,72.25969696044922,72.30257648007533,71.47830532092807,71.57835753338902,9904400
2020-09-02,73.26028442382812,73.4413410496857,72.34548462560161,72.7600086232133,8154200
2020-09-03,70.9351577758789,73.10303856166078,70.2538182062077,73.0506350957134,15142000
2020-09-04,70.11566162109375,71.56886206006205,68.42899380990347,71.16386927094246,13339800
2020-09-08,69.19609069824219,70.16807045760561,68.63387295660014,68.96263060255593,15212600
2020-09-09,70.50157928466797,71.02568665022076,69.43907864742685,69.84406409337106,7425800
2020-09-10,69.49146270751953,71.60216999542425,69.26275743388419,70.8541340646717,12553800
2020-09-11,69.59629821777344,70.28239236692175,68.93878314588723,69.96316603685263,7596400
2020-09-14,70.33483123779297,70.87799386707268,70.05848431830921,70.36818683660887,5556600
2020-09-15,70.91133880615234,71.15433009029256,70.54446362524195,70.77793097130888,5412000
2020-09-16,70.51587677001953,71.48308720085863,70.48252117645461,71.20674032487865,5215800
2020-09-17,69.52484893798828,69.97748322490499,68.94356877325485,69.48673137159139,8849200
2020-09-18,68.55763244628906,69.77260341509084,67.98588354043581,69.74401706032545,10847200
2020-09-21,67.56734466552734,67.64374225584008,66.3832111583808,67.46229980026614,8435800
2020-09-22,68.9949951171875,69.05706907050832,67.75833916780135,67.98275253754173,7638000
2020-09-23,67.86338806152344,69.84013030807321,67.72491650907807,69.71121027647683,7930600
2020-09-24,67.83473205566406,68.78490061611295,67.03734409508492,67.55301686943785,8997000
2020-09-25,68.71806335449219,68.95202825826998,67.34293578003214,67.81563770517171,5028000
2020-09-28,70.15523529052734,70.31758195053983,69.33875901709204,69.62046686415226,5324800
2020-09-29,69.6109390258789,70.16959007964245,69.56319599195376,70.12183976004144,6055400
2020-09-30,70.17912292480469,71.0099302655598,69.73507562442371,69.82101744294596,8948800
2020-10-01,71.09588623046875,71.1579601910914,70.4226533277298,70.87147283433039,7758800
2020-10-02,70.79505920410156,71.0337961608835,69.739838649429,69.76848591853503,8181600
2020-10-05,71.73091125488281,71.81208095412333,71.11019364728973,71.17226759375139,4640800
2020-10-06,70.40353393554688,72.12244310558914,70.28894484799368,71.79775702428141,7954400
2020-10-07,72.01264953613281,72.18453322331818,71.25823955999752,71.25823955999752,5005800
2020-10-08,72.48533630371094,72.53308662425854,71.95533980260696,72.48056418592658,5065800
2020-10-09,73.23975372314453,73.41164469483267,72.77183113353443,72.86255238049162,7362600
2020-10-12,74.21377563476562,74.55278535904728,73.6455877306253,73.75063258684358,6394400
2020-10-13,74.19944763183594,74.53368521959196,73.81269490473592,74.0609833944285,6826200
2020-10-14,73.37818908691406,74.4334096638412,73.04873819957282,74.35701208749806,7610800
2020-10-15,73.6503677368164,73.78883199720467,72.21794567386374,72.43280752617156,4758000
2020-10-16,72.98192596435547,74.33317138306573,72.75751253339178,73.97984517866291,4211000
2020-10-19,72.08426666259766,73.7506539222453,71.9076035740665,73.4593944249585,5154000
2020-10-20,72.66197967529297,73.55963300134754,72.30865362746863,72.504419688691,8514200
2020-10-21,72.26570892333984,73.08696496926368,72.05083974690235,72.58083629647324,5539800
2020-10-22,72.41370391845703,72.49487361894123,71.47785173311499,72.25613663433785,4135600
2020-10-23,73.04875946044922,73.05830369601455,72.15110589133958,72.70974967030376,3915000
2020-10-26,71.64498138427734,72.59992946727824,70.62795934446517,72.30389060728851,6300000
2020-10-27,71.61156463623047,72.05083994105397,71.41102638526822,71.83597804971417,6241000
2020-10-28,69.34833526611328,70.68048469105977,69.27193766776502,70.32715126295602,9172600
2020-10-29,69.78760528564453,70.58975815101552,69.05229120671235,69.54886827299715,6067800
2020-10-30,68.26444244384766,69.49632595085815,67.67715160079064,69.24803748876906,9983200
2020-11-02,68.75147247314453,69.40083729680575,67.99706280406211,69.15732093438663,7981800
2020-11-03,70.26508331298828,70.66138765083606,69.12869273664585,69.48202615833173,5675400
2020-11-04,71.75955200195312,72.61423439600121,70.95262719969591,71.09586354669945,8541200
2020-11-05,73.1585693359375,73.60261667382424,72.70019107474526,73.02009779127852,6480000
2020-11-06,72.9389419555664,73.06786200443366,72.31823144506656,72.94372135946902,4847000
2020-11-09,72.7001953125,75.45999470381042,72.60948136411272,75.45999470381042,9782200
2020-11-10,72.44234466552734,72.80045011017542,71.67361135292253,72.62855920531739,17765200
2020-11-11,73.07738494873047,73.42116675415183,72.62855829800404,72.90549404601978,7406800
2020-11-12,72.09857940673828,73.08695415798142,71.6879514445179,73.07740263727614,5929800
2020-11-13,73.26837921142578,73.39252710641018,72.4089246086186,72.51396946483251,4463000
2020-11-16,74.22811889648438,74.25198677040443,73.44983386484952,74.00847762814864,7864600
2020-11-17,73.91297912597656,74.2519815973219,73.35433540159775,73.96550155915791,5839600
2020-11-18,73.40686798095703,74.46686102572744,73.38776493770052,73.87479054127306,5415000
2020-11-19,73.76973724365234,73.8413554335022,73.23496866430544,73.39253596765062,4214400
2020-11-20,73.38298797607422,73.89388142148135,73.35911281641762,73.84135898450718,4132800
2020-11-23,74.1899185180664,74.38567733696094,73.59307596926146,73.788834788156,4611200
2020-11-24,75.2928695678711,75.54115806590498,74.67692408235858,74.89179319189863,5465600
2020-11-25,75.38361358642578,75.50775423015367,75.02550800977734,75.23559778045268,4624400
2020-11-27,75.54595184326172,75.81810828867805,75.31676631780432,75.72739433065694,2216600
2020-11-30,75.0875473022461,75.46952790182061,74.10873157828347,75.43132911329576,6576000
2020-12-01,75.64620208740234,75.99476335200337,75.19738264876648,75.6748566472802,8737400
2020-12-02,75.17353820800781,75.35020132822736,74.85363137256903,75.35020132822736,4308800
2020-12-03,75.38361358642578,75.79901372392148,75.19261957414065,75.19261957414065,6011400
2020-12-04,75.45520782470703,75.64619449066274,75.30719206574021,75.53637752202192,4178200
2020-12-07,75.28334045410156,75.3215392563733,74.90135971706071,75.28811257225681,8430600
2020-12-08,75.12574768066406,75.17349798874915,74.54322889326167,74.9204373843812,4956800
2020-12-09,75.05416107177734,75.65577586404679,74.73425427294285,75.61757705864723,12060800
2020-12-10,74.9873046875,75.30721144240921,74.45252877101156,74.76289129013924,5806000
2020-12-11,74.62921142578125,74.97776551680317,74.11831058594049,74.71038115735197,4134200
2020-12-14,74.739013671875,75.73693270394514,74.71513851185388,75.30720896626856,6815000
2020-12-15,75.74647521972656,75.76079885690115,75.05413937548,75.39792123902004,4651800
2020-12-16,76.2430419921875,76.43403595650146,75.85628923225454,75.88493650548294,4443000
2020-12-17,76.76351165771484,76.77783529759216,76.41495032556304,76.63459161314259,3977400
2020-12-18,76.39106750488281,76.93538757076267,76.05205776086311,76.89240937386228,9892800
2020-12-21,75.52812194824219,75.96821146730527,74.75318250154208,75.29372334930578,7904400
2020-12-22,75.20282745361328,75.43721871037803,74.54268964650677,75.40373737334578,7453200
2020-12-23,75.36546325683594,75.60464276111077,74.89667347222745,75.21717313205421,4346000
2020-12-24,75.52333068847656,75.63813219134047,75.20283099434816,75.43722226214864,2097600
2020-12-28,76.38438415527344,76.69054101282362,75.86776270611058,76.2600134062796,5824800
2020-12-29,76.40827941894531,76.79096807073108,76.04951017649219,76.65224717528794,4862400
2020-12-30,76.86751556396484,76.98231706247591,76.59963566853276,76.68095582970466,4881400
2020-12-31,76.91055297851562,77.00622331064716,76.50394494298355,76.8770716468999,5859200
2021-01-04,76.25999450683594,77.4415418765899,75.3128456858601,77.38892209213682,18120400
2021-01-05,76.82925415039062,77.04451428221314,75.79599675862595,75.81991617309077,6262400
2021-01-06,77.61376190185547,78.45567126766217,76.60920489901599,76.91535442287119,8832000
2021-01-07,79.11101531982422,79.42194575629992,78.28823723962292,78.3169376123217,6725600
2021-01-08,80.74221801757812,80.82354547651566,79.54632043435019,80.04859887914184,9283800
2021-01-11,79.23538970947266,80.12513780029687,79.02012960506896,79.79985716238542,7421000
2021-01-12,80.44564056396484,80.74700910120751,79.55589243898254,79.65156278914819,11395200
2021-01-13,80.44085693359375,80.75178738611604,80.03903709671522,80.53174631795,5654400
2021-01-14,79.92900085449219,80.9239884167369,79.83333051756418,80.53173784557842,6029800
2021-01-15,79.31193542480469,80.04860518244197,78.99621668616865,79.79986372095311,7271400
2021-01-19,79.76158905029297,80.11557006883065,79.45065129442266,79.98641838328946,6348600
2021-01-20,81.26844024658203,81.49805060765253,80.26388305572824,80.51263187141065,6868600
2021-01-21,81.64632415771484,82.17730302774666,81.55544206395216,81.69894394840918,6688000
2021-01-22,81.3688735961914,81.5171637270277,80.89529553068694,81.21579520359944,4456400
2021-01-25,81.67023468017578,82.2586215391137,80.04859786973462,81.57934529712783,11760600
2021-01-26,81.61761474609375,82.02900380075215,81.31146526117445,81.95247190390693,7458000
2021-01-27,79.10145568847656,80.74222378628538,78.7044167865765,80.69439225904664,11241400
2021-01-28,79.3501968383789,80.1347053418321,78.26431981558169,78.7283286504659,7843200
2021-01-29,77.49893951416016,79.0679564613987,77.0588501069278,78.89096596587567,10833000
2021-02-01,79.51283264160156,79.59893375699686,77.91989631417782,78.39825530862895,6502600
2021-02-02,81.20144653320312,81.73720631892182,80.12035773725513,80.12991966258608,5401200
2021-02-03,80.74700164794922,81.54586031182349,80.68959360380494,81.46454015672985,4062800
2021-02-04,81.60806274414062,81.60806274414062,80.87138566639047,81.12013443412769,5142400
2021-02-05,82.38777160644531,82.66522071271973,81.73242208768119,81.89506240195881,4464200
2021-02-08,82.85657501220703,82.97616477578963,82.3495082833057,82.92354498784609,4720400
2021-02-09,82.39735412597656,82.79439305078715,82.29689550437223,82.593483106759,3615400
2021-02-10,81.58414459228516,82.66523351239218,80.9622763129112,82.66523351239218,4883200
2021-02-11,81.35931396484375,82.0816335547088,80.96705601196076,81.79940344666686,3911600
2021-02-12,81.47410583496094,81.51236813048644,80.77569850516949,81.00530877421674,3994400
2021-02-16,81.12012481689453,81.73720475116829,80.89529548987569,81.63196518110928,4516200
2021-02-17,81.58893585205078,81.67025603204364,80.22082838444463,80.6274365835903,6441200
2021-02-18,81.61284637451172,81.87594533944953,80.67525932650986,80.73266738197486,5160000
2021-02-19,81.1392593383789,81.98117593383962,81.02923880117385,81.98117593383962,5022800
2021-02-22,79.42672729492188,80.64654423772406,79.35497636265438,80.36431417189958,5694000
2021-02-23,78.90532684326172,79.30714670876435,76.08779222340567,78.02036694656046,10768600
2021-02-24,79.73287963867188,79.83811920923512,77.96295268702212,78.80486925152805,7973600
2021-02-25,76.76705169677734,79.60850537722611,76.38436302986001,79.1684159649839,14641800
2021-02-26,77.08755493164062,78.10646200348292,76.06386689719261,77.75247369281229,12255200
2021-03-01,78.89574432373047,79.03447251767899,77.89597579141812,78.04426590971015,8697600
2021-03-02,77.98688507080078,79.17800188166412,77.94861546612293,79.00579231020413,6622400
2021-03-03,76.15477752685547,78.14475340293441,76.15477752685547,77.83382286568903,11125600
2021-03-04,74.5427017211914,76.68096754788044,73.11240534050283,76.18346998104059,18469600
2021-03-05,75.01625061035156,75.23629162974407,71.58641067250174,75.10713267538361,20626800
2021-03-08,75.10714721679688,76.64268288497264,74.97799553660948,75.31762635378588,12536200
2021-03-09,77.9438247680664,78.45088419315337,76.2073790809804,76.5996370055525,18614400
2021-03-10,78.34086608886719,79.40282379669556,77.78596782187613,78.96751529590878,14245800
2021-03-11,79.54154205322266,79.84769155249784,78.93881227941898,79.40760210348851,8458400
2021-03-12,79.77593231201172,79.78071327429755,78.4795762130015,78.69962456419411,8343400
2021-03-15,80.84746551513672,80.87138492898227,79.60851724924898,79.88596639166056,8857000
2021-03-16,80.01033782958984,81.00054463791123,79.64200659000917,80.84746622729561,6873600
2021-03-17,81.13446807861328,81.41669812914583,79.32627169165247,79.41237280570827,8711400
2021-03-18,79.1492691040039,80.72784768050121,79.01532189287096,80.37386675569583,10151400
2021-03-19,79.62286376953125,79.79029235955636,78.23083715850632,79.0584035845185,12121000
2021-03-22,80.14702606201172,80.83217003640942,79.84997462024846,80.18535645946113,7224200
2021-03-23,79.3947982788086,80.49676592993413,79.18877334464486,80.15179972776066,7990200
2021-03-24,78.22095489501953,80.19013401530519,78.22095489501953,79.76371845450244,9352000
2021-03-25,78.90611267089844,79.16962959437885,77.3058568967099,77.46875560912467,11319800
2021-03-26,79.56249237060547,79.6199843056657,78.17783888529618,79.21752613869398,8542600
2021-03-29,79.12648010253906,79.75892053326938,78.5467503518102,79.35646242868133,9358200
2021-03-30,79.90267181396484,80.0224515551757,78.46531491943439,78.78152788004192,7321800
2021-03-31,80.52554321289062,80.96153599745357,80.02725530085212,80.24285741379451,7937800
2021-04-01,81.17233276367188,81.30648548668067,80.89923875996652,81.25378210901471,8140000
2021-04-05,83.0169448852539,83.32358072958328,82.31263942377039,82.46595369054748,8628400
2021-04-06,83.37626647949219,83.70206379674356,82.88277463609612,82.94026656013492,6301400
2021-04-07,83.12715148925781,83.62543206242307,82.98341431847561,83.32838060404241,5049400
2021-04-08,83.52001190185547,83.71165654154912,82.98339375131935,83.591876814047,6424800
2021-04-09,84.31536102294922,84.33452987731329,83.35233444826738,83.44336822955701,6093800
2021-04-12,84.85677337646484,84.93822273588493,84.23871303226463,84.31057796387755,6285600
2021-04-13,85.75271606445312,85.92041063776897,84.88551184931993,85.00050304051729,5351200
2021-04-14,84.90946960449219,86.31808063155584,84.73219791427525,85.94436839712374,6676400
2021-04-15,85.51795196533203,85.57065534716124,85.03883297080318,85.50357898035821,5031200
2021-04-16,86.17913055419922,86.29412174389506,85.49399390638082,85.7239689749969,5276000
2021-04-19,85.21131896972656,85.78626032036024,84.94300618270665,85.7048109658416,7030800
2021-04-20,84.13807678222656,85.1058990815605,83.51043214475486,84.9094585628904,8462000
2021-04-21,85.25921630859375,85.35025007947787,83.65417220091993,83.8218594481709,5540000
2021-04-22,84.31536102294922,85.48920113098053,84.00393659190398,85.3646328207176,5960000
2021-04-23,85.19694519042969,85.54670001793342,84.31536066284474,84.58846200554721,3823800
2021-04-26,85.57064819335938,85.8437421958065,85.01486845158357,85.48440297995103,4460600
2021-04-27,85.47004699707031,85.815013297771,85.2784023014706,85.61378417415835,4438600
2021-04-28,85.36942291259766,85.82938038551207,85.17298967188022,85.36463435430855,4761400
2021-04-29,85.39337921142578,85.96353200375862,84.63637029739172,85.91082862016208,6444600
2021-04-30,85.72396850585938,85.99706983835155,85.22568797478887,85.29276434071713,5651000
2021-05-03,85.31670379638672,86.23181531521715,85.20171263152142,86.18869636993293,7371400
2021-05-04,84.42554473876953,84.81362987874908,83.37147730823955,84.67947717136786,9207200
2021-05-05,84.16204071044922,85.01966045699507,84.01830355612314,85.01966045699507,6325000
2021-05-06,84.3440933227539,84.46866892360079,83.53917702854953,84.3440933227539,7850600
2021-05-07,85.10111999511719,85.33110239388672,84.23391571823873,84.674704349716,6750200
2021-05-10,83.58708953857422,85.12984572654626,83.57750511321025,85.12984572654626,6976000
2021-05-11,82.64323425292969,82.95944721879906,81.35919160417934,82.18327682228507,14220800
2021-05-12,79.84516906738281,82.0874495261782,79.6678973976083,81.69936435138811,14124000
2021-05-13,80.41053771972656,81.18670811271451,79.54333355259305,80.40095329329668,14082400
2021-05-14,81.80477905273438,81.98205073973409,80.94236340785969,81.1723384762344,8211800
2021-05-17,81.65625,81.84790199195564,80.92799436289651,81.56042765941017,10445000
2021-05-18,81.01901245117188,82.20722532802618,81.00942802573668,81.83830171190415,7756800
2021-05-19,80.33865356445312,80.38177982159947,79.2893893155271,79.69663599366527,14120400
2021-05-20,81.1627426147461,81.34002158754537,80.63092031789745,80.73632706579716,9068000
2021-05-21,80.7555160522461,81.70416970910517,80.7219742101081,81.70416970910517,7770600
2021-05-24,81.55562591552734,81.9389225266926,80.91360829552104,81.19149815584649,6726800
2021-05-25,81.81436920166016,82.18808148884159,81.30171560187097,81.92457185076562,7133800
2021-05-26,82.59530639648438,82.94506114442618,82.12097605637418,82.20243270238007,7473600
2021-05-27,82.92591094970703,83.11276705274771,82.6480210740202,82.90195353941459,7783600
2021-05-28,82.8109359741211,83.27089348512084,82.614495406362,83.27089348512084,6451200
2021-06-01,82.65283203125,83.36193355204644,82.50430628227068,83.30443428960687,9361200
2021-06-02,82.2695083618164,82.7390428300997,81.96287256262283,82.72945840521969,7063200
2021-06-03,81.29210662841797,81.962877505765,81.15316535776174,81.74247958487715,8702800
2021-06-04,81.94371032714844,82.01557524261405,81.5125062128054,81.74248125307004,6433200
2021-06-07,81.94371032714844,81.99162514464199,81.32085425360594,81.88142252656178,6389800
2021-06-08,82.60491180419922,82.86842872675282,82.04434342937212,82.48992060778237,6124800
2021-06-09,82.14974212646484,82.88758212633967,82.11620028926468,82.83487874700752,7131600
2021-06-10,82.53783416748047,82.68635989133816,82.0491307286778,82.2982746617033,5225000
2021-06-11,82.98818969726562,82.99776681171724,82.5426053089365,82.67675801900293,5468400
2021-06-14,83.01215362548828,83.17026376957652,82.52824607717622,82.99299208261802,5770000
2021-06-15,82.57136535644531,83.02173837881169,82.2838983476071,83.02173837881169,5659600
2021-06-16,82.60968780517578,82.80612832765303,81.89579794364317,82.6432296405731,9414200
2021-06-17,82.9211196899414,83.21817109771753,82.21681425278997,82.40845890733426,9267000
2021-06-18,82.48512268066406,82.80613150957731,82.11141047322623,82.31263956101773,13991200
2021-06-21,83.12089538574219,83.33202162140361,82.52591125428185,82.75143179495474,9607400
2021-06-22,83.90300750732422,84.23888677644503,83.12568586712766,83.18326307851439,6740400
2021-06-23,84.55078125,84.71871722539571,84.02296573505572,84.06614864401871,5317800
2021-06-24,84.83865356445312,85.38086324774493,84.67071763075883,85.19373003375478,7959000
2021-06-25,85.3760757446289,85.76953952423585,85.1937454784668,85.72155363641404,9949200
2021-06-28,85.39529418945312,85.47206870034542,84.94425308998635,85.38569554518651,5584200
2021-06-29,85.60641479492188,85.78394943324875,85.35690131176692,85.44807012224392,4629200
2021-06-30,85.67357635498047,86.06223715866253,85.5104360485295,85.5104360485295,5798600
2021-07-01,86.1582260131836,86.17742330268408,85.81274801838208,85.88472687157781,6210600
2021-07-02,86.91635131835938,86.93074562358889,86.28777558460328,86.36934575477726,5803400
2021-07-06,87.0171127319336,87.27142186881633,86.23019237369616,87.04590134039283,7792000
2021-07-07,86.96914672851562,87.46816647305828,86.35496520217636,87.2522445386083,6694200
2021-07-08,86.75321197509766,87.04110540461703,85.23694835278687,85.61601059755445,11283400
2021-07-09,87.5641098022461,87.62168701360484,87.02669565029495,87.12746309179171,5632800
2021-07-12,88.1639175415039,88.18790317079323,87.59771465083486,87.66489052041044,10814600
2021-07-13,87.10828399658203,88.13511930274069,87.03631246735473,87.99117624428611,12392400
2021-07-14,86.94993591308594,87.6888703679986,86.90195001843647,87.58810291788254,7484000
2021-07-15,86.47972106933594,87.1898744306593,85.87513816924647,86.796410488173,6667600
2021-07-16,85.41447448730469,86.83956915233075,85.34729862828344,86.73880902460863,8424200
2021-07-19,84.43561553955078,84.45480550209354,83.37999188085124,84.03735609181594,16088400
2021-07-20,85.99507904052734,86.22059958426252,84.26768919949635,84.68514601535725,9838000
2021-07-21,86.78678894042969,86.83477483545303,86.28776931163723,86.3117622591489,8185400
2021-07-22,87.16106414794922,87.2618316088571,86.27817923615413,86.71482603072096,8061600
2021-07-23,87.93840026855469,88.08235065777411,87.25223991931117,87.4585705189039,7008600
2021-07-26,88.59095001220703,88.60054133357498,87.76083945185881,87.986359971535,6895000
2021-07-27,87.69367218017578,88.53337414410622,86.75321008068093,88.53337414410622,7359800
2021-07-28,87.41057586669922,87.90479987364486,86.99312636920266,87.59291349623574,5973800
2021-07-29,88.39423370361328,88.61975426309934,87.74646063757959,87.80404518404923,7307400
2021-07-30,86.57567596435547,87.37699806846626,86.41253561090447,86.57567596435547,9327000
2021-08-02,86.82518768310547,87.51134800032787,86.73401886346706,87.28102445967694,7303000
2021-08-03,87.46815490722656,87.49214785713096,86.41253100601645,87.1802614732349,8445800
2021-08-04,86.61885833740234,87.41537006433492,86.61885833740234,87.28101833585858,7913000
2021-08-05,87.44896697998047,87.5113471868628,86.81558823150894,86.8827714214564,5401200
2021-08-06,86.85395812988281,87.62168846157482,86.75799366882607,87.56890690975077,5822200
2021-08-09,86.73400115966797,86.94512736802677,86.52288227292827,86.87315585227677,5560600
2021-08-10,87.07470703125,87.40098775329088,86.63806019297083,86.82999648971935,5201000
2021-08-11,87.32901000976562,87.45856608565803,86.9451447651788,87.26662980255435,5500600
2021-08-12,87.36738586425781,87.41056877671272,86.66683133519318,87.27142139604037,5229400
2021-08-13,87.11786651611328,87.47294307836016,86.9403318957994,87.42495718667683,4936400
2021-08-16,86.71480560302734,86.78198145393429,85.79832931295353,86.60924250565661,6657600
2021-08-17,84.65635681152344,85.62081926675968,83.94621085226854,85.62081926675968,11065200
2021-08-18,84.95865631103516,85.8319499904316,84.53160811661084,84.63237558793392,9998200
2021-08-19,84.41641998291016,85.02580563917928,83.90780176650397,84.2292867274094,11334600
2021-08-20,85.22735595703125,85.32332776219405,84.47402707352458,84.55080158900651,6618400
2021-08-23,86.32617950439453,86.522911476004,85.59683617161161,85.68320934128324,6890200
2021-08-24,86.9355239868164,87.18503743051475,86.53727185921501,86.69081352498567,5791600
2021-08-25,87.27141571044922,87.3817744756286,86.7723887936379,86.93552911114121,7266600
2021-08-26,86.46531677246094,87.01712536061818,86.28778211345055,86.97393512004153,7394200
2021-08-27,87.25221252441406,87.40576151047003,86.51327816347099,86.6572285074938,7964800
2021-08-30,87.90959930419922,88.20709136426794,87.4489595877387,87.50174114564959,7366600
2021-08-31,88.12069702148438,88.16388724692975,87.62647315336882,87.99114831000269,9555800
2021-09-01,88.1159439086914,88.5861750611941,88.05356369196392,88.42303468688402,8198400
2021-09-02,88.11112976074219,88.6245437302087,87.97677803107132,88.35104460967162,6715000
2021-09-03,88.05833435058594,88.0823272960291,87.50173023142801,87.88079241160169,6889600
2021-09-07,88.31743621826172,88.52856241662215,88.05833145221312,88.0967186993349,8750600
2021-09-08,88.418212890625,88.62933911103323,87.69366542316772,88.29345249404585,7385600
2021-09-09,88.30303955078125,89.03717824347844,88.2694552864609,88.4853771393215,8714800
2021-09-10,87.7608413696289,88.85485240227042,87.72246144007967,88.77328223914412,9627200
2021-09-13,87.97677612304688,88.22628228895573,87.11308122130853,88.15431076448587,11534600
2021-09-14,87.68408966064453,88.25988388653506,87.31941437100457,88.14472211270864,8461800
2021-09-15,88.25027465820312,88.39422502781767,86.83957421489649,87.48255155629212,10294600
2021-09-16,88.6533432006836,88.8740681102504,87.90480995178743,88.06795031185536,12171400
2021-09-17,88.34144592285156,89.05639480809808,88.13991832844292,88.54776917845322,14925000
2021-09-20,86.32554626464844,87.11364381344663,85.23951163416201,86.6667381909143,16192000
2021-09-21,86.45529174804688,87.15688690467583,86.18137618742908,86.84453400149572,12503600
2021-09-22,87.63261413574219,88.0362721457632,86.79645911563817,86.99348528692363,12367400
2021-09-23,88.52165985107422,88.90128915681713,88.00747049685647,88.00747049685647,8275000
2021-09-24,88.85321807861328,88.93010742827296,87.84887569611399,87.95459671875307,8033000
2021-09-27,89.32896423339844,89.56923795583295,88.46397736611979,88.49761920689524,9488000
2021-09-28,87.60861206054688,88.9349278308175,87.13767757168337,88.80036778714083,14941800
2021-09-29,87.69511413574219,88.57451692281136,87.48367206681984,87.90654887209175,12192200
2021-09-30,86.23426055908203,87.77682149565237,86.23426055908203,87.70954512869574,16489600
2021-10-01,86.88297271728516,87.29143361399863,85.7777122138418,86.67153068483512,15519600
2021-10-04,86.19581604003906,87.40199514415937,85.9026817264666,87.14730551643278,18494000
2021-10-05,86.54180908203125,87.33951979846773,86.29192962808582,86.49375872515279,10968600
2021-10-06,86.81568908691406,86.91659992775001,85.65276533861724,86.00356286342709,10272600
2021-10-07,88.16603088378906,88.49760975855962,87.47404146384552,87.56534664183408,7537800
2021-10-08,87.76239776611328,88.28138997851546,87.68070556590739,88.19969044573618,7399600
2021-10-11,87.4067611694336,88.42071641730443,87.40195833544081,87.7287270286533,6637000
2021-10-12,88.0987777709961,88.45438557572221,87.69992244926325,87.94019620939822,10281800
2021-10-13,88.5312728881836,88.77154666265383,87.83448040873463,88.36788848136152,10832000
2021-10-14,89.45872497558594,89.60289069309286,88.94934579529142,89.04545382943836,7514600
2021-10-15,90.82826232910156,90.86670700138889,89.8815833551693,90.01614337446067,8717400
2021-10-18,91.93834686279297,92.00081304868317,90.61684130041745,90.63605997317461,7867000
2021-10-19,91.67884063720703,92.15458524575348,91.58273261507084,92.15458524575348,5808800
2021-10-20,91.611572265625,92.02004056098669,91.4529907156342,91.6788486202357,9606800
2021-10-21,92.95710754394531,93.00996806109427,91.45299155535703,91.4578017230987,7130200
2021-10-22,92.62551879882812,93.13489791058034,92.21705054295106,92.89943435849035,7376600
2021-10-25,94.92253875732422,95.32619686207885,93.05801227454484,93.4328387050416,11076800
2021-10-26,94.93694305419922,96.88316148832341,94.56211666926524,95.33579827561796,15031400
2021-10-27,95.14838409423828,96.04700537537215,95.11955242378477,95.3742419562192,9831000
2021-10-28,96.4122543334961,96.69577561944615,95.67701719124676,95.94612263774671,9001000
2021-10-29,96.66211700439453,96.71497751739972,95.04747727291246,95.31177983793837,8508400
2021-11-01,98.43535614013672,98.45458214794009,96.79188443647864,97.37335018506712,11234200
2021-11-02,97.7721939086914,98.36806809349224,97.27722325629169,97.58958351911816,13558800
2021-11-03,99.53099822998047,99.59347175289543,97.65686586826283,97.7481710686545,12816400
2021-11-04,100.87171173095703,101.2609539719546,99.88658804329629,100.01152773405731,11600000
2021-11-05,101.52047729492188,102.2124669709544,101.42436924715604,101.51087162294712,9631200
2021-11-08,100.08362579345703,101.30902333496007,100.0451811151173,100.43922623609741,11715400
2021-11-09,98.23351287841797,100.56897387451643,97.94999163110586,100.44403417211765,33102200
2021-11-10,97.86830139160156,99.24747031073474,96.6236851800632,97.59438580877257,22689600
2021-11-11,97.60400390625,98.92070670795489,97.56075639067407,98.91109370474702,12413400
2021-11-12,97.93075561523438,98.05570263743309,97.00330261313455,97.63281856089296,10335000
2021-11-15,97.84906005859375,98.19025194177404,97.28682047580774,98.00283874751204,10612000
2021-11-16,99.39163970947266,99.61749761972543,97.95480005335423,97.9740260594799,11301200
2021-11-17,100.02594757080078,100.63144204330017,99.6222894775159,99.81451285472687,16547400
2021-11-18,101.1600570678711,101.32825163501595,100.0163589420354,100.54495682114018,14804000
2021-11-19,101.59735107421875,101.87126666751685,100.95341918717914,101.1600510915356,14988800
2021-11-22,101.34265899658203,103.3465411326476,100.92458503032002,102.25089345152647,18430800
2021-11-23,100.607421875,101.99140097990286,99.22825293779951,101.4339641368089,22962800
2021-11-24,100.81404113769531,101.12159119661598,99.01679845973493,99.54539622807606,16341200
2021-11-26,98.06532287597656,99.48773923964725,97.90193116816427,99.14655465209147,15329200
2021-11-29,99.58866882324219,100.3815692833938,99.1033111442665,99.3531979031167,16767600
2021-11-30,98.24312591552734,99.9923184125885,97.71933093317527,99.362802400257,26435400
2021-12-01,96.46990203857422,100.31428169640034,96.40262568786515,99.3531867819438,25941000
2021-12-02,97.84427642822266,98.3056052529513,96.3834152596323,96.98890246780154,33287800
2021-12-03,95.94129943847656,98.49781549813845,94.95618299117824,98.20948408315151,28543200
2021-12-06,97.03694915771484,97.91154909131879,94.98501669670122,96.32574094013505,23326000
2021-12-07,99.30034637451172,99.61750952031838,98.41133046560408,98.65160424286843,13875600
2021-12-08,99.55021667480469,99.718403891501,98.77172477920237,99.37240912291608,11988000
2021-12-09,97.82505798339844,99.30033499378297,97.79141613880168,99.14656360689575,11757200
2021-12-10,98.5074462890625,98.5410808050936,97.11866414348268,98.29600419089968,14372800
2021-12-13,95.97014617919922,98.09896812289197,95.7154492536465,97.93558372976787,14995600
2021-12-14,95.41271209716797,95.68662037216475,94.35550901375849,94.90813573182588,15371800
2021-12-15,96.62368774414062,96.67173809380095,93.80286897971564,95.07632423316564,19042200
2021-12-16,94.49005126953125,97.26761505649797,94.36510423462106,97.09461767418364,18368600
2021-12-17,93.84611511230469,94.97540463499938,93.0580175302665,93.70195673287363,23480400
2021-12-20,92.33110809326172,92.53804944829847,91.39263125123631,92.34554552065711,22326800
2021-12-21,94.72300720214844,94.74706468562165,92.59579986463831,93.31770061413462,13530600
2021-12-22,96.45072937011719,96.551791336255,94.86254666740996,95.03099306904264,11491000
2021-12-23,97.7886734008789,98.04855443076144,96.42668648490995,96.57106809864644,10588600
2021-12-27,98.74156188964844,99.03994511712519,97.92821938269788,97.97153899922883,8428000
2021-12-28,98.78487396240234,99.30946063821449,98.61643489775471,98.9629477679846,8306200
2021-12-29,98.98220825195312,99.22765184086938,98.3565595236852,99.02552053054656,7584600
2021-12-30,98.62606048583984,99.4923427100247,98.53943593519783,98.64531528168447,7140200
2021-12-31,98.39024353027344,99.04957708342185,98.32286643245939,98.7030641965059,6885600
2022-01-03,101.21528625488281,101.22491365342286,99.6704229208849,100.2431246218332,14465400
2022-01-04,100.5992660522461,101.93718806562508,100.05062182620976,101.3837338120419,13169200
2022-01-05,97.8849105834961,100.77251304803923,97.83678093833258,100.46450241223008,17275600
2022-01-06,97.62984466552734,98.31805309690523,96.0897914068905,97.75016144110137,17245000
2022-01-07,96.0031509399414,98.0244711204377,95.6903302887947,97.77421753694135,15005200
2022-01-10,95.4159927368164,95.46412237421714,92.68239970285299,94.74222187451602,21271400
2022-01-11,96.3352279663086,96.5277391993324,94.54491388872681,95.27644188711196,16887400
2022-01-12,96.97050476074219,97.46620925629223,96.14272481129782,97.01381703467116,13156800
2022-01-13,95.02136993408203,97.75978069292077,94.79036380042479,97.28813368461512,16493800
2022-01-14,94.57862091064453,95.01656842926656,93.21663401599403,94.26579286185301,20715200
2022-01-18,92.78827667236328,93.68824358918424,92.44657388002537,93.24066881564808,18186600
2022-01-19,91.11349487304688,93.49576565329718,91.04130039876445,93.19256501712867,17404400
2022-01-20,89.45310974121094,92.81716927151568,89.29429072370613,91.67175127205527,18093800
2022-01-21,86.83020782470703,89.53011650355216,86.79170557613517,89.15472875941781,37394400
2022-01-24,87.87456512451172,87.96119702815696,82.80201271194566,85.03027457131475,53233800
2022-01-25,86.38743591308594,87.71573033414309,85.17464088474097,86.37780851584245,35890200
2022-01-26,85.96874237060547,89.00071915338056,84.86663662552627,88.21144142196512,43384000
2022-01-27,83.88485717773438,86.91202401203144,83.70197332940705,86.76764241301268,33723000
2022-01-28,85.71366119384766,85.71366119384766,82.52766845369912,84.17841818935656,31685800
2022-01-31,89.0103530883789,89.07773019197656,85.8099296521607,86.14681517014891,22194800
2022-02-01,89.54936218261719,89.7129912147238,87.75904819583872,89.18359453019973,22366000
2022-02-02,89.01517486572266,90.25202761660759,88.16813998593454,90.13652085748544,19294200
2022-02-03,86.29119110107422,88.31732144686774,86.10830725609934,86.9408972694192,19166600
2022-02-04,88.74565124511719,89.80444475120481,86.95052699924665,88.20182440995752,20021600
2022-02-07,88.56278228759766,90.04026860757808,88.23551680957918,89.05366948929458,18764600
2022-02-08,89.80926513671875,90.00176906354443,87.84569424016969,88.30289657404624,18318200
2022-02-09,90.99797058105469,91.522549879385,90.62258288651078,90.93540351744669,16918800
2022-02-10,89.42904663085938,91.18566842348218,88.8563376671918,89.39054438568692,25946400
2022-02-11,86.85906982421875,89.85255127992194,86.46924471248973,89.52047586072997,25319200
2022-02-14,87.35477447509766,88.49538231027269,86.52699461019465,86.74838067136488,30854800
2022-02-15,89.30874633789062,89.3905608701373,88.55315340620363,88.73603726861016,20722400
2022-02-16,89.5638198852539,89.81407351682506,88.37027206145969,88.76972467867058,17397600
2022-02-17,87.16709899902344,89.4146155830115,87.04197219067792,88.99110550823629,18136400
2022-02-18,86.62808227539062,87.67724108026466,85.7666173550378,87.3981126108155,18990400
2022-02-22,84.10142517089844,86.2526896812091,83.09076133013592,85.41528228904721,27345600
2022-02-23,81.29082489013672,84.98214254179378,81.14163326912164,84.76075645207426,27134400
2022-02-24,83.14852142333984,83.27845825688857,77.71982895959188,77.95083511834298,41736000
2022-02-25,84.79446411132812,84.80890153898704,82.27743886088184,83.39878490801388,27338000
2022-02-28,85.3912124633789,85.76179016242423,83.81265706573336,83.96185602559513,32321800
2022-03-01,84.09661865234375,85.52598257704751,83.51428220972045,85.26609422152677,26997600
2022-03-02,85.86285400390625,86.23824170602654,84.19285679472013,84.39979809613547,20262800
2022-03-03,83.91853332519531,86.45000271309544,83.51427076484518,86.30081110226759,22404000
2022-03-04,82.58544158935547,83.64422779566955,81.72878669431968,83.44209648439124,21659200
2022-03-07,78.5379867553711,82.9752704303688,78.50429453023466,82.78757653711202,32146200
2022-03-08,78.70162200927734,81.19939986911851,77.82571955307635,78.44655098925064,50888400
2022-03-09,81.23306274414062,81.69508234674923,80.42934764587312,80.7951153064744,31938200
2022-03-10,81.81058502197266,82.07527601346466,80.52560293390634,81.21381126146889,25854800
2022-03-11,80.23685455322266,82.69131979405853,80.1742874779044,82.4603062899081,24156400
2022-03-14,78.89893341064453,80.79030968131165,78.40803888842301,80.14541349820023,30349200
2022-03-15,81.54108428955078,81.77209779358245,79.27913030333646,79.47645158419763,27120400
2022-03-16,84.32280731201172,84.32280731201172,81.69508585539657,82.48436356343855,33778800
2022-03-17,85.72811126708984,85.75216874735793,83.35546063453344,83.58165676005768,26085600
2022-03-18,87.53287506103516,87.63875442571567,85.07840956133835,85.48748959247256,30129200
2022-03-21,86.79971313476562,88.154149937938,85.99958074800047,87.62393995759146,25648000
2022-03-22,88.95429229736328,89.24349175601937,87.31064852885419,87.36848694961844,16421600
2022-03-23,87.85049438476562,89.33989992961648,87.66251216034452,88.2216414167685,15758000
2022-03-24,88.53494262695312,88.6361672192054,87.2624458727188,88.25056058204821,15134000
2022-03-25,88.38070678710938,88.83379404647101,87.57093209158674,88.65062923400522,16407800
2022-03-28,90.73770141601562,90.76180320608357,89.1904576935918,89.3109592890978,23065600
2022-03-29,92.31869506835938,92.636821091513,91.12332112798079,91.93791320779775,19373400
2022-03-30,90.91606140136719,92.06323919620755,90.46297412593157,91.58123270826928,16296000
2022-03-31,89.17119598388672,90.89678001037132,89.08925576745469,90.89678001037132,16778000
2022-04-01,89.28205871582031,89.87974940200627,88.7904173990322,89.65802318387487,9978800
2022-04-04,91.2872085571289,91.31612776966345,88.72293786298319,89.32062120159131,15424200
2022-04-05,89.14710235595703,91.29202984973611,88.88682207726157,90.82448294768548,16219800
2022-04-06,86.87203979492188,87.93727752307646,86.06708972651383,87.93727752307646,27844800
2022-04-07,87.31547546386719,87.78784713438434,85.51277584174476,86.68404811890971,22538400
2022-04-08,86.51050567626953,87.55164125416059,86.2261236685078,86.7804280805745,18595000
2022-04-11,84.90544128417969,86.53944301057399,84.81386622804924,85.20910773004864,18593800
2022-04-12,85.09343719482422,86.98772685197574,84.75603406455858,86.09119433164898,23297400
2022-04-13,87.20942687988281,87.35885506328975,84.83313851874117,84.91989615281452,16820200
2022-04-14,85.98995208740234,87.52755391744716,85.92729624702086,87.04554744306748,17839400
2022-04-18,86.250244140625,86.74671024639692,85.36817136453939,85.70557444300057,15385600
2022-04-19,88.75186157226562,88.87718061787658,86.22614479697313,86.29844283197258,17470000
2022-04-20,87.6094970703125,89.16155855819389,87.46971842418745,88.92538008493065,13876600
2022-04-21,86.76116180419922,90.55937501895242,86.48641459483188,90.00506318341358,23446600
2022-04-22,84.74638366699219,86.89612846996316,84.65961867523521,86.5731850078069,22307400
2022-04-25,85.3585205078125,85.43082588824933,83.50280008728998,84.00408355941212,25809600
2022-04-26,81.03975677490234,84.85724744657848,81.00601278892493,84.72710362969303,29196600
2022-04-27,81.04937744140625,82.77496132590345,80.54327657890141,81.55548565874545,25103000
2022-04-28,82.71231079101562,83.54617990053664,80.10947151573103,82.15799895371819,13985600
2022-04-29,78.50920867919922,81.63260824675024,78.35496309322912,80.90959861089269,18836600
2022-05-02,79.65637969970703,79.71422547239521,77.1885091401539,78.2682061873756,33548200
2022-05-03,79.45879364013672,79.96971947664814,78.77433777272404,79.61784935126121,24068800
2022-05-04,81.79168701171875,81.87362723699361,78.02721729232346,79.3334508341299,18696600
2022-05-05,77.2077865600586,80.75053676859424,76.29197728341502,80.69751576700955,22776800
2022-05-06,76.22932434082031,77.53556518008584,74.88934687137561,76.77881145163694,25545400
2022-05-09,72.98062133789062,75.60755584652414,72.57573755757174,74.56641982155811,22095400
2022-05-10,72.7636947631836,74.95681816156363,71.7418361182994,74.51819789478834,25447000
2022-05-11,70.15606689453125,73.33730625899403,69.95844240986725,72.59983669899181,25713600
2022-05-12,70.63805389404297,72.2961574272505,68.45938245937478,68.9317467690049,23601200
2022-05-13,73.41922760009766,73.76144806837502,71.68400140021203,72.23830588790152,12573400
2022-05-16,71.83343505859375,73.1782374424505,71.6550949898815,73.12521642812575,11730200
2022-05-17,73.64575958251953,73.6795035631137,71.7948566469559,73.26497773698736,11210000
2022-05-18,68.83051300048828,71.64061109747387,68.30512780789502,71.64061109747387,14761600
2022-05-19,68.87873840332031,70.02109901684348,67.9870306294574,68.40155658884974,15413800
2022-05-20,67.67852020263672,69.53906519570238,65.7119332134766,69.44266538693485,15624600
2022-05-23,68.18465423583984,68.36299431739666,66.43496799194179,67.94846836323039,13607000
2022-05-24,66.43013000488281,67.244714697102,65.55287476810672,67.06637467076521,14872000
2022-05-25,68.30513763427734,68.88836132321761,65.96740339722645,66.00114002439446,12955000
2022-05-26,71.65508270263672,72.15636618906399,69.2161311715963,69.26432740509482,16046000
2022-05-27,74.1133041381836,74.13258851359888,72.45520823934804,72.45520823934804,15248800
2022-05-31,74.4892807006836,75.23639224090174,73.05772817314794,74.19043902653051,14145400
2022-06-01,73.7132339477539,75.40508108960884,73.2408697432709,74.88933072020183,12232800
2022-06-02,75.96905517578125,76.01243400156866,73.4818995295914,73.78556601977637,11625600
2022-06-03,73.74698638916016,74.9520025066301,73.4963409773727,74.41697505628005,10714200
2022-06-06,74.48445892333984,75.43882967077577,74.03137166657515,75.05804779712344,10234800
2022-06-07,74.3012924194336,74.51820120899474,72.5467892097971,72.96613982875843,9637200
2022-06-08,73.86268615722656,74.94720089160624,73.66987912487953,73.92052458951255,8810200
2022-06-09,72.52751159667969,74.70135805272996,72.52269417988853,73.90605034693553,7728400
2022-06-10,69.6354751586914,71.47673604559522,69.4185737186275,71.02847355978547,13439000
2022-06-13,66.42049407958984,67.93881154198931,65.91920322421329,67.21580182564001,20171800
2022-06-14,66.36746978759766,67.2495424804604,65.77942132568916,66.75789383832621,13355400
2022-06-15,68.23284912109375,68.999237805026,66.71934877997141,66.83503300493417,18120800
2022-06-16,64.89253234863281,66.38193055142024,64.126136484189,66.30480775232081,24019400
2022-06-17,65.60108184814453,66.1698459380246,64.67080556008163,64.90216660047057,22390000
2022-06-21,67.47752380371094,68.23119154749091,66.77699967631767,66.8977799524835,12856600
2022-06-22,67.3470687866211,68.71430218925549,66.52093595167135,66.52093595167135,12021800
2022-06-23,68.4051284790039,68.58871689276023,66.897792704125,67.82538451726928,11777400
2022-06-24,71.01396942138672,71.03811957764677,68.56937059114748,68.89306819840596,13404600
2022-06-27,70.26996612548828,71.7289939864526,70.04289860709225,71.36182458548024,14574200
2022-06-28,67.4630126953125,71.2700083396258,67.43885517217954,70.43420374464,11367800
2022-06-29,67.40989685058594,67.87369642145829,66.6852150892407,67.42922582578784,11919200
2022-06-30,66.41947937011719,67.25528408780296,65.10538953465324,66.53060251847397,12569200
2022-07-01,67.64178466796875,67.72875030204094,66.26972247039443,66.52577607163741,11335400
2022-07-05,69.1539535522461,69.19743268174797,66.20208335374025,66.67071140773042,11515800
2022-07-06,68.92689514160156,69.6419123956237,68.14424121992657,69.03318238674802,15889800
2022-07-07,70.70478057861328,70.84005390575248,69.09598632530408,69.10564344021157,8559000
2022-07-08,70.71443176269531,71.23620342583267,69.79650463811686,70.12019488461226,6196600
2022-07-11,68.7771224975586,70.45838192027408,68.60802715790435,70.26513642224911,7615200
2022-07-12,68.36164093017578,69.85448347523894,67.92199892597603,68.77712540314106,14874400
2022-07-13,68.92205810546875,69.53078803946204,66.73834866269196,67.0088953000223,14236200
2022-07-14,68.86408233642578,68.98003406100084,67.33258924540003,68.16355817524617,10515200
2022-07-15,69.9752426147461,70.29410423826467,69.29887617562302,69.72885356303154,7519600
2022-07-18,70.17816162109375,71.77729850151853,69.90761501046063,70.9318366573689,8042600
2022-07-19,72.32807159423828,72.43918739613393,70.60332552678565,71.2072269725026,8840000
2022-07-20,73.51654052734375,73.65664978148433,72.28458018722947,72.46816857327161,9340400
2022-07-21,75.19778442382812,75.24609947495647,73.36193043041979,73.78224336223757,10763200
2022-07-22,74.76300048828125,76.2365215199312,74.30403685464444,75.67609919775549,7794600
2022-07-25,74.12044525146484,74.8644559437018,73.66631019523983,74.82580536744396,9123400
2022-07-26,71.73382568359375,72.75804752581938,71.60338828192003,72.42952131322816,8196400
2022-07-27,74.44896697998047,74.83545797559476,72.4729960114628,72.82084380499023,10402600
2022-07-28,75.72921752929688,75.85482633672655,73.70977526699954,74.8837557705966,11074600
2022-07-29,78.6666030883789,78.98062882865777,76.9370288088708,77.45880043831814,13605400
2022-08-01,79.05792999267578,80.19326743283133,78.29459783297325,78.68109615548423,17921800
2022-08-02,78.51685333251953,79.89858015106812,78.25596377673995,78.5651610256256,13815400
2022-08-03,80.43001556396484,80.7971923950961,79.0724461672051,79.37681488314928,12027600
2022-08-04,80.7585220336914,81.09670531754921,80.16427779365267,80.62807727711673,9827600
2022-08-05,79.38162231445312,80.55561035504327,78.97097382556392,79.8550789018135,8788200
2022-08-08,79.73914337158203,81.44456035770347,79.43477470301781,80.20777145384871,7294000
2022-08-09,78.46853637695312,79.51207983124057,78.00474420072119,79.25602621123167,6639400
2022-08-10,80.68121337890625,81.01939663127578,79.78260795298607,80.75851451425986,7246800
2022-08-11,80.27056121826172,81.76823945389421,80.01934357463799,81.39140561661627,7822000
2022-08-12,82.08710479736328,82.11126232582755,80.15462046970461,80.85031600715656,5897800
2022-08-15,82.6523666381836,82.91324881371501,81.77791854240415,81.8793698549494,7714800
2022-08-16,83.56544494628906,84.43022834428244,82.53639479589403,82.78279123857557,7224600
2022-08-17,82.66685485839844,83.52680985934161,82.12576156481889,82.64753325727484,7495400
2022-08-18,82.64268493652344,82.83110184956071,82.11125620911065,82.57021972837147,5669000
2022-08-19,80.9372787475586,82.02430124209054,80.6667321061922,81.9180140084333,7149600
2022-08-22,78.69076538085938,79.71015117411315,78.52167005087438,79.71015117411315,8369400
2022-08-23,78.91300201416016,79.49758181328679,78.49751755586212,78.7535711598529,8787000
2022-08-24,79.25117492675781,80.04349316516506,78.5603153539057,78.75356082792023,6664000
2022-08-25,80.1980972290039,80.29471996816433,79.14489684002305,79.74396224592319,6090000
2022-08-26,77.14476013183594,80.60874429638747,77.12543853484749,80.34302626378596,7893800
2022-08-29,76.73411560058594,77.37666746784397,76.07224213535534,76.07224213535534,7051400
2022-08-30,75.87899780273438,77.5554285877469,75.11566559000983,77.3815046991281,7334400
2022-08-31,75.13015747070312,76.50222695828701,75.11083587086345,76.2703235291546,8862800
2022-09-01,75.8161849975586,75.87899309483711,73.88370074251385,74.63737579432892,11943800
2022-09-02,75.12049102783203,76.90803735064473,74.69051360932971,76.57468266302709,16482600
2022-09-06,74.96590423583984,75.6277778194615,73.84506705689272,75.44902536183366,17922000
2022-09-07,77.26555633544922,77.37184357043063,74.88377277846409,74.88377277846409,12633200
2022-09-08,77.98541259765625,78.04338477477013,76.23168052152678,76.4732410886259,9391400
2022-09-09,79.46375274658203,79.59419750159587,78.35740872294754,78.35740872294754,8950800
2022-09-12,80.48797607421875,80.77301574641727,79.90339631511074,79.90339631511074,8791600
2022-09-13,76.33796691894531,78.3042734519326,76.12539981459079,77.9226036318927,13350800
2022-09-14,77.31868743896484,77.64238502064546,76.2171720654763,76.60367036905028,14924800
2022-09-15,76.92253112792969,78.47818143714035,76.54569731358345,77.21723525164579,11364000
2022-09-16,76.30415344238281,76.43459821329259,75.21713088576956,75.76306012874747,17364200
2022-09-19,77.38375854492188,77.39828193297829,75.60215399540881,75.65056282650428,10028600
2022-09-20,76.07176971435547,76.87542434187274,75.43271103638928,76.58494916875223,9142000
2022-09-21,74.27078247070312,76.99160526498704,74.25625908397241,76.28477581983545,10222400
2022-09-22,72.55695343017578,74.15943122117785,72.1841766314373,73.89316418987252,11338800
2022-09-23,70.88670349121094,71.70972753924406,69.98137777710232,71.59354042820956,11213000
2022-09-26,70.72693634033203,72.26648199293037,70.58654112367394,70.59622584501247,12839600
2022-09-27,70.94963073730469,72.49401484208659,70.18470037808795,71.76781597555794,14563400
2022-09-28,72.86678314208984,73.24925197089978,70.89152156815304,71.24978229343593,13861400
2022-09-29,70.34931945800781,71.81140223894127,69.67153665215974,71.71457717914562,12313600
2022-09-30,68.96469116210938,70.94479183139384,68.76135634546849,69.52628678175235,12232400
2022-10-03,69.03246307373047,69.67152162767175,67.87538649858857,68.90175259546908,17291600
2022-10-04,71.44344329833984,72.14058795867466,70.54295646805478,70.74629125072865,19663800
2022-10-05,71.02225494384766,71.49186418328702,69.56017234103817,70.31057939077058,12541200
2022-10-06,70.51875305175781,71.5693198590579,70.2137471638305,70.87216776509656,14429000
2022-10-07,68.09325408935547,69.62796108664301,67.69626915877913,69.4730350931551,11195400
2022-10-10,67.67205047607422,68.3885646158156,67.00394516127615,68.19491454148879,9728400
2022-10-11,67.12015533447266,68.49025172320226,66.67475414954124,67.33801356585627,12003400
2022-10-12,67.29443359375,67.81245903853032,66.58275805756772,67.12498422331518,19440000
2022-10-13,68.03030395507812,68.41276539646749,64.65589969095423,65.28042739297071,19564200
2022-10-14,65.4886245727539,69.06636450278874,65.38211480049756,68.70810368817396,13421400
2022-10-17,68.14651489257812,68.33048767899776,66.85872754947654,66.88777432895782,13131000
2022-10-18,69.08570098876953,70.47516618084867,68.41275716072829,70.27182404559797,10368000
2022-10-19,68.31111145019531,68.9695320685325,67.58975123118681,68.52412358462689,7144800
2022-10-20,66.98941802978516,68.64031178468252,66.76672119548766,67.38156421010255,10195200
2022-10-21,68.94047546386719,69.0034150623073,66.54402070415296,66.91196618761595,15575800
2022-10-24,69.22614288330078,69.52146414904558,67.4009603921475,68.62581562861054,9081200
2022-10-25,70.9593276977539,71.15297780732203,69.26001732908924,69.26001732908924,7455000
2022-10-26,70.38803100585938,71.80654321585827,69.9087371229146,70.10239457488663,6864600
2022-10-27,70.1169204711914,71.18201063970983,69.87001552177165,70.73177089889556,12722200
2022-10-28,70.17985534667969,70.2766803759798,67.7446619054885,68.2336404924598,14082600
2022-10-31,69.72962188720703,70.2573246792901,69.13897948949435,69.80708488070849,9367400
2022-11-01,69.0228042602539,71.11909240133089,68.88724030466697,70.91575754886888,12514600
2022-11-02,66.41329956054688,69.35682634647443,66.39393750897842,68.9549954441218,19853200
2022-11-03,66.01631927490234,66.77640358838542,65.58060290536703,65.93885628872101,11117400
2022-11-04,66.5682373046875,68.24333947199312,65.31433555313131,67.58007273877209,12628800
2022-11-07,66.10346984863281,67.02816499801985,65.45473386009789,66.97007144301018,7424600
2022-11-08,65.9388656616211,66.72800424755222,65.02870130008421,66.18093198738863,9535600
2022-11-09,63.92485809326172,65.89528110044422,63.85707983234477,65.59027523267976,10155400
2022-11-10,68.59674835205078,68.67421133995398,66.42299034790882,67.12982718479059,15516000
2022-11-11,70.24279022216797,70.6300977413635,68.49023274722185,68.69840619876452,11350400
2022-11-14,69.1292953491211,70.2476479355878,69.05667840915208,69.63279742383193,15841000
2022-11-15,70.07337188720703,71.14814710638947,69.29875658764671,70.77051679207655,8739400
2022-11-16,69.00342559814453,69.5747059630902,68.49993089557768,68.78556738441155,9573600
2022-11-17,68.16587829589844,68.45635345224663,67.52681965483212,68.00611363563186,7565000
2022-11-18,68.25788116455078,69.07122066347259,67.46874239404377,69.04701254777807,7414000
2022-11-21,67.27023315429688,68.06905649376995,66.90713365106683,67.87539899301362,6752800
2022-11-22,68.03030395507812,68.06418939018239,67.07171624415606,67.53648671496154,5520800
2022-11-23,69.01311492919922,69.1583562104818,68.13198990675578,68.27239252066437,6177000
2022-11-25,69.05184173583984,69.2454918395332,68.68874225095635,69.04699568151686,2728400
2022-11-28,68.62579345703125,69.39556248899963,68.47571353866626,68.67904833651015,6041000
2022-11-29,68.40794372558594,68.94048519890177,68.14650796228436,68.68874154414644,10423000
2022-11-30,70.76567077636719,70.7898788870796,68.00127739531989,68.44183250626165,16408600
2022-12-01,70.75599670410156,71.32243850836987,70.21860906942801,71.0271172426974,9654000
2022-12-02,70.66399383544922,70.87700596294992,69.74413751138957,69.75866089764469,11972400
2022-12-05,68.62579345703125,69.94263467025768,68.4418207120538,69.7247764859447,11580000
2022-12-06,67.55586242675781,68.72262381187265,66.97006609445332,68.42730261869582,7899800
2022-12-07,67.1491928100586,67.86570701808463,66.88776444607528,67.09593792645194,10852600
2022-12-08,67.79793548583984,68.05453259583341,66.94102598346376,67.26054792958587,6407000
2022-12-09,67.50260925292969,68.1755607023894,67.27991237935223,67.38642214924674,7218400
2022-12-12,67.67205047607422,67.67205047607422,66.9216435103234,67.36220592478524,6545600
2022-12-13,67.67205047607422,70.35414906788908,66.94101295012219,69.91842531973855,10744000
2022-12-14,67.16857147216797,68.08842062006916,66.41331827717629,67.5316709864361,10903800
2022-12-15,66.06472778320312,66.44718922854335,65.57574920382854,66.12765998826858,11947800
2022-12-16,64.83020782470703,65.94371444680498,64.49131643205418,65.68711733456962,13371800
2022-12-19,63.789363861083984,64.95447089599205,63.53693029991493,64.81854285304786,8675800
2022-12-20,63.0466194152832,63.925299876588234,62.95924026571691,63.39615082859579,7710200
2022-12-21,64.05152130126953,64.40590462722913,63.570913776937154,63.81364350300986,10670200
2022-12-22,62.40581130981445,63.371870836275754,61.47372638783508,63.32818126531001,12894200
2022-12-23,62.83301544189453,63.00778114682642,61.81840693070393,62.24076170534476,6550800
2022-12-27,61.81355667114258,62.65825883570003,61.77471902371793,62.54174589342609,8536000
2022-12-28,61.29411315917969,62.44465342592091,61.16789266107971,61.8426810219129,10073800
2022-12-29,62.871849060058594,63.012636445093136,61.93006027022385,62.17279369264332,7492200
2022-12-30,62.70195388793945,62.716517081055244,61.983472162875294,62.25047267877662,7531000
2023-01-03,62.3281364440918,63.255365740973204,61.57082091214452,63.07574071325117,9567000
2023-01-04,63.23109817504883,63.697142541829955,62.11939550548521,62.910693135857045,8079600
2023-01-05,62.643680572509766,63.06117597184358,62.22133324566289,62.789319880653736,7776200
2023-01-06,64.1146240234375,64.36220564111345,62.027143499248176,62.468909610134375,9239400
2023-01-09,64.50299072265625,65.5515848469735,64.45444922520184,64.89135973990592,9387800
2023-01-10,65.31370544433594,65.32341670659505,64.18744347052707,64.5369748366284,8830800
2023-01-11,67.07594299316406,67.0807949218002,65.81375264797505,65.87200542170734,12708000
2023-01-12,67.1875991821289,67.57111637726959,66.10987838170749,67.49344107097212,9572200
2023-01-13,67.81868743896484,67.88179954136716,66.05647457499794,66.14870565328563,7969400
2023-01-17,67.86724090576172,68.41095318596317,67.67305265745816,68.01773216849432,7499800
2023-01-18,66.98370361328125,68.94981618359557,66.95457722679912,68.55659515103761,9596800
2023-01-19,65.87199401855469,66.70212553063368,65.53217388473512,66.4933815225457,12957200
2023-01-20,67.46916198730469,67.50799963779139,65.69238577456558,66.01764276392676,7502600
2023-01-23,68.5226058959961,68.7798988400238,67.25555629666994,67.6487847164808,9168000
2023-01-24,68.44496154785156,68.77021863788563,67.84298889027298,68.28475896783,6373000
2023-01-25,68.7944564819336,68.88668754782489,66.89630840464004,67.40604226836007,7540400
2023-01-26,70.20228576660156,70.40617783045124,69.31874608239686,70.01295689248953,9641200
2023-01-27,71.79460144042969,72.34802494546672,70.24598453042928,70.26054772207313,10945200
2023-01-30,70.57124328613281,71.72663923611374,70.51299051807459,71.25574294091263,9578400
2023-01-31,72.18781280517578,72.18781280517578,70.64890736395897,70.64890736395897,6975600
2023-02-01,73.55683135986328,74.13452939597833,71.25575048028159,71.99850298170819,13913800
2023-02-02,75.80935668945312,76.71716357676047,74.80931131268211,75.1539834067027,14039600
2023-02-03,73.47428894042969,75.22193847357494,73.1490245981894,73.53739363028495,13593800
2023-02-06,73.36750030517578,73.81412217879509,72.75581656351443,73.19758650859775,8770000
2023-02-07,73.53739929199219,73.72187626313332,71.68294794705677,73.04708788833,9833200
2023-02-08,72.91116333007812,73.47429812664717,72.40628130297344,73.29467307492526,11128000
2023-02-09,72.77523040771484,74.3675368653838,72.41598773576231,73.88207739883781,8316200
2023-02-10,71.92081451416016,72.48394925364998,71.3382646559915,72.13927719255634,6433000
2023-02-13,72.9742660522461,73.00824436088998,71.4305011922227,71.9159606287357,6721400
2023-02-14,73.84808349609375,74.04712363312395,72.0081955811069,72.45966927934718,8722600
2023-02-15,74.71220397949219,74.72676716992007,73.35292348940278,73.63934277784854,6820200
2023-02-16,73.0810546875,74.61025623931027,73.06649149812755,73.56651408664182,11257600
2023-02-17,73.09563446044922,73.12961277074288,71.86741521151525,72.66356842975196,7480200
2023-02-21,70.65377044677734,72.19753546665295,70.63435532661663,72.00335463495016,8837200
2023-02-22,71.01301574707031,71.47906013084148,70.49842985734902,70.8139755723595,9928400
2023-02-23,70.95475769042969,71.35283060266869,69.75567221068917,71.26059211845424,10568600
2023-02-24,69.83818054199219,69.97410856379886,69.26533467221694,69.63914043594612,11914600
2023-02-27,70.70231628417969,71.23146532395658,70.41103764176701,70.6295003273383,11244400
2023-02-28,70.65377044677734,71.17321565324436,70.37706239122468,70.65862978246045,11185000
2023-03-01,69.765380859375,70.63435001606999,69.35758929142015,70.40133155404104,12688800
2023-03-02,69.53235626220703,69.63915793582538,68.46434693354703,68.64882389843754,10982800
2023-03-03,71.02758026123047,71.14894513965032,69.97898593387711,70.13918846229423,10035200
2023-03-06,70.50813293457031,71.45477737720728,70.48385848065176,71.2071883177707,9854400
2023-03-07,69.54692077636719,70.75086559141778,69.51294246549142,70.40133418156744,11941800
2023-03-08,69.42070007324219,69.56633938706831,68.70707410226504,69.42070007324219,10816600
2023-03-09,67.76529693603516,70.01782895603348,67.70704416033193,69.29935089476912,13337400
2023-03-10,67.09050750732422,68.6925254842209,66.86234092901493,67.9886106268416,29058600
2023-03-13,67.23127746582031,68.09053530226758,65.88170087637629,66.10015613297266,23628200
2023-03-14,68.37210845947266,68.56629668767684,67.51770247794475,68.14394192103494,15038200
2023-03-15,68.27017211914062,68.30900976819355,66.98855933049062,67.35750588520722,18002800
2023-03-16,69.50323486328125,69.79936545090604,67.78956344215676,67.84296428279481,21495600
2023-03-17,68.61482238769531,69.52748833126728,68.05654710116161,69.48379876780398,16880000
2023-03-20,68.91188049316406,69.33551671232243,68.04999299165306,68.53206717320235,11729600
2023-03-21,70.81580352783203,70.92293110815123,69.77375041664969,69.80297310865936,12776800
2023-03-22,69.23812103271484,71.36605018132629,69.20890577037393,70.84989406629606,10983600
2023-03-23,69.16506958007812,70.5869432878385,68.47848868291982,70.07565394985727,12255600
2023-03-24,68.94109344482422,69.06282866970275,68.06459833967311,69.00439813940217,9434600
2023-03-27,69.08231353759766,69.86142206730356,68.79502014644382,69.60334394574102,8414400
2023-03-28,68.99952697753906,69.24787160237985,68.53206785453665,69.06283167487162,5719600
2023-03-29,70.30939483642578,70.33374336696063,69.50594533967393,69.7494157847658,7725400
2023-03-30,70.92292785644531,71.2784000067192,70.64050871778241,70.98136580765772,6478400
2023-03-31,72.81713104248047,72.86096136563842,71.27352944801711,71.37579029521541,10453800
2023-04-03,72.1500244140625,72.50062241834036,71.64847593602317,72.15976531143902,11338400
2023-04-04,72.03317260742188,72.5542030008025,71.40502203861817,72.388644857723,9383000
2023-04-05,70.5577392578125,71.75561723987445,70.4067887551821,71.7312687068404,8861600
2023-04-06,70.57234191894531,70.69895130974962,69.57898574025991,70.2314847708733,7636200
2023-04-10,70.88397979736328,70.90832089462667,69.43289078230035,69.85166019098841,7276800
2023-04-11,70.99598693847656,71.39527462536525,70.67460415113993,70.92294134310258,8808000
2023-04-12,69.89549255371094,71.60952657853065,69.81758765768197,71.58517804784043,9062600
2023-04-13,71.4391098022461,71.50240707304422,70.17306036447447,70.4019232046111,13140000
2023-04-14,71.5316162109375,71.96986748497578,70.93754771044657,71.27841228918587,10801600
2023-04-17,72.03804016113281,72.19385739028148,71.35145168768318,71.7117906396656,9102400
2023-04-18,72.15489959716797,72.56393560347617,71.84325771577463,72.39837004919804,9058800
2023-04-19,72.08671569824219,72.50061836714781,71.41474241936457,71.48291383693557,7600400
2023-04-20,70.97648620605469,71.58516218781322,70.57719862568698,70.90344806029435,8287000
2023-04-21,71.76049041748047,72.04779124487119,71.00573783656263,71.55597609586437,8870200
2023-04-24,71.75072479248047,72.29122933957136,71.09335178678496,71.86758582095865,7750000
2023-04-25,70.328857421875,71.40499987817115,70.31912395539419,71.27839794277688,8494400
2023-04-26,69.96853637695312,70.9132028748764,69.8273193605969,70.68434006640517,7706000
2023-04-27,71.81403350830078,71.8968125600682,70.4116489317154,70.46033855798163,9630800
2023-04-28,71.99907684326172,72.09646353057043,70.81093993976265,71.47804654946172,8271000
2023-05-01,71.28813171386719,71.9795942035676,71.18587830449218,71.8237695776838,8547800
2023-05-02,71.3611831665039,71.51700037508418,70.49442904654188,71.18100999923182,9217200
2023-05-03,70.79632568359375,72.01367773636214,70.74276189606685,71.06414462122825,8512000
2023-05-04,70.25096893310547,71.11284901579107,70.13896717129576,70.80608128726264,10663000
2023-05-05,71.6728286743164,71.80917152508545,70.78659271418957,70.91320209713804,7371800
2023-05-08,71.91629028320312,71.94550554333438,71.4390903640958,71.89194175638468,6850000
2023-05-09,71.89682006835938,71.95038386393529,71.40501243998301,71.52188092945637,8465000
2023-05-10,72.26203155517578,72.92914568651997,71.43423345429937,72.5590658217988,9028000
2023-05-11,72.5980224609375,72.6905424277204,72.03316919120016,72.30586235702887,8288600
2023-05-12,71.98446655273438,73.03626056912485,71.55595622825062,72.84635393534276,7557800
2023-05-15,72.07698059082031,72.22306431946913,71.44882278666853,72.06723969420983,6412000
2023-05-16,71.78482818603516,72.4275937548202,71.48292719894872,71.58518062935538,6948800
2023-05-17,73.27973175048828,73.35763664018566,72.22307098954103,72.23767862074227,9331800
2023-05-18,74.41915893554688,74.44837419299134,73.43066976466758,73.44041066052458,8606600
2023-05-19,73.7958984375,74.27796519645021,73.42581858038237,74.2390164610862,7150200
2023-05-22,73.56703186035156,74.04910602486585,73.31382051261521,73.82997667636852,7120000
2023-05-23,72.89506530761719,73.93711873745539,72.74898152340755,73.00219292069559,8583200
2023-05-24,72.6272201538086,73.01190756154159,72.06237445088298,72.73922189182704,6952400
2023-05-25,72.30097961425781,72.94374514082841,72.05750917482256,72.8512251850225,7997800
2023-05-26,74.00041198730469,74.53604996976736,72.34968257060636,72.47141780024526,10410200
2023-05-30,74.4970932006836,75.06193901473075,74.0150190203756,74.8087350888274,10981400
2023-05-31,73.82511138916016,74.15622764027331,72.80253250989213,74.00527714755239,12489800
2023-06-01,74.69672393798828,75.06192957803086,73.2505090090095,73.76179839109464,10168800
2023-06-02,76.44972229003906,76.73701564152873,75.5440119071048,75.58783480544147,10824600
2023-06-05,76.67858123779297,76.93665931069073,76.23059651823218,76.43511079693636,7854800
2023-06-06,77.47715759277344,77.58428517231987,76.48866827888118,76.53735790495746,9799200
2023-06-07,76.95126342773438,78.28548405752994,76.8051796838676,78.0225318325442,9206400
2023-06-08,78.09069061279297,78.22703343696064,77.02428911438207,77.07298616449624,6720000
2023-06-09,78.494873046875,79.54180045933019,78.3098405539375,78.89416815872742,11579000
2023-06-12,79.84368896484375,79.95081654249171,78.74320535733811,78.97693487669389,9410800
2023-06-13,80.6714859008789,80.72504968904298,79.83394708420101,80.48157927559306,10836400
2023-06-14,80.61307525634766,81.04157823719042,79.5369324942946,80.81272282783497,13420200
2023-06-15,81.13896179199219,81.42138839602625,79.75117730202156,79.89239431910269,10713600
2023-06-16,81.01724243164062,81.74277973478087,80.96367862676661,81.71356446487316,13295000
2023-06-20,81.62419891357422,81.71690497905227,80.5946865910259,80.8435307552195,10973400
2023-06-21,80.64347839355469,81.79497076792117,80.50686128516155,81.59492162881907,10916000
2023-06-22,81.67298126220703,81.69249479898252,80.05308968720722,80.14578829323226,10753000
2023-06-23,80.72642517089844,81.46318970761938,80.3946428870016,80.71178815514264,11690400
2023-06-26,79.6920394897461,81.39000038997344,79.65788148825422,80.23363142926789,8673400
2023-06-27,81.40463256835938,81.5119756451337,80.0579750302913,80.16043413852881,10957000
2023-06-28,81.72666931152344,82.31705628805447,81.12164531818439,81.18995387831342,8715400
2023-06-29,81.8144760131836,82.0633201422318,81.32655569122022,81.8681475464025,7752600
2023-06-30,82.85374450683594,83.1172256366618,82.29263914287844,82.50244129711672,9479000
2023-07-03,83.85399627685547,84.31751914592338,83.6832211669006,83.6832211669006,9303200
2023-07-05,83.88814544677734,84.01988603099389,83.3904720309797,83.72225430817812,14528600
2023-07-06,82.53660583496094,82.98549165072859,82.15114460023129,82.82935356955367,11474400
2023-07-07,82.63907623291016,83.45878638098444,82.42927403335945,82.58052816700288,10563600
2023-07-10,82.8927993774414,82.95623141409914,82.18531626154079,82.70251071254297,10638800
2023-07-11,83.58563232421875,83.72713339217849,83.04892441681321,83.1221094898451,9633200
2023-07-12,84.3370361328125,84.83470953323807,84.1418635242472,84.72248993648412,10131800
2023-07-13,85.1274642944336,85.33726647187574,84.52732434690225,85.1225877711467,7390000
2023-07-14,85.34703063964844,85.72273141098569,84.97132986831119,85.1225914376047,7919800
2023-07-17,85.6934585571289,85.89838422292615,85.3079972884282,85.39582682809797,8363400
2023-07-18,86.04476165771484,86.24480335448358,85.13234548799888,85.3860661692368,9365200
2023-07-19,86.34725952148438,86.75223428000295,86.17648443166179,86.26431396059357,13090400
2023-07-20,83.40509796142578,85.47387528564954,83.28799440823325,85.35677917753,19470600
2023-07-21,83.42462158203125,84.17113914182349,83.0635652782546,84.1516256031358,10484000
2023-07-24,83.97109985351562,84.10283299484252,82.95622457602182,83.30752784304177,9651200
2023-07-25,83.77591705322266,84.10282277264614,83.5612309222405,83.93205512850902,6483600
2023-07-26,83.75641632080078,84.1223566149898,83.17091333911321,83.24897494361704,8834600
2023-07-27,82.8879165649414,84.76152903795918,82.72690194607789,84.60051441909566,9464000
2023-07-28,84.29310607910156,84.51755268689288,83.52707510015652,83.79054877923328,7943000
2023-07-31,84.77129364013672,84.78104668775948,84.22481772520621,84.50293592902011,6943600
2023-08-01,83.81007385253906,84.46388528205155,83.75151835260607,84.34678172725866,6900200
2023-08-02,82.30728912353516,83.13675227074626,82.13651401451784,82.83912054465047,9707000
2023-08-03,82.50244140625,82.70736703801181,81.64370436195205,81.83886950313293,8049600
2023-08-04,83.70274353027344,85.20065524068656,83.60516094229469,84.82496190471466,13507200
2023-08-07,84.56147003173828,84.57610704583,83.29288165832487,83.9954806699474,7369000
2023-08-08,83.88814544677734,84.01500950753179,83.07331932416756,83.70761729271784,7255400
2023-08-09,82.8927993774414,84.01013385695794,82.75130573229117,84.005257333013,9045000
2023-08-10,83.09284973144531,84.36632233642824,82.69275140995975,83.51733811808134,8723000
2023-08-11,82.8098373413086,83.05867402438831,82.19993694104859,82.53171918515487,6302200
2023-08-14,83.06356048583984,83.07331353208404,82.14139135076796,82.30239850960527,5639400
2023-08-15,81.93158721923828,83.12211410717985,81.80960712736024,82.75617383154572,6628600
2023-08-16,80.91670989990234,82.11699724923535,80.89231239313351,81.58028188061617,6715400
2023-08-17,79.545654296875,81.22410149698169,79.49685928370322,81.14603245393633,8709200
2023-08-18,79.3651351928711,79.57493739425438,78.52102752827089,78.68692612491473,8249000
2023-08-21,80.27753448486328,80.40439109547077,79.37487886051478,79.82864865685941,6645200
2023-08-22,80.39463806152344,81.0582100345621,80.09212238222175,80.8971954258387,8006600
2023-08-23,81.03868103027344,81.27288813527532,79.94574432055644,80.02380591048411,7728600
2023-08-24,79.45294189453125,81.28752703423602,79.42854438989352,81.18018396988847,7949000
2023-08-25,80.34095764160156,80.57515729881462,79.09188287636815,79.80912630633892,10093000
2023-08-28,80.6629867553711,80.94109745212575,80.179942983021,80.85815189537179,5962800
2023-08-29,82.67810821533203,82.71226621611024,80.64348109182076,80.64348109182076,8913800
2023-08-30,83.03427124023438,83.34654737258401,82.32191178726188,82.52683741531176,7289000
2023-08-31,83.29290008544922,83.74666251282633,82.9708708140413,83.08796695268059,7872600
2023-09-01,82.78544616699219,83.98084955390117,82.30240233282092,83.76616340538061,10618400
2023-09-05,82.84398651123047,83.03915910310398,82.16090105235597,82.63906087356811,9426200
2023-09-06,82.10723114013672,82.53660340565652,81.51196775205638,82.40973935716752,11155000
2023-09-07,82.33655548095703,82.43413805769757,81.02893257347246,81.23873474121095,10439400
2023-09-08,82.33655548095703,82.89766088102013,82.10723233082642,82.2243358899591,5709400
2023-09-11,84.5517349243164,84.68347553576564,83.52222243537531,83.56125696636308,10648600
2023-09-12,83.78567504882812,84.81518718623214,83.78567504882812,84.24919784778558,9908200
2023-09-13,84.44927215576172,84.68835585585563,83.77106302986083,84.0491738141852,7984800
2023-09-14,85.27873229980469,85.49829500465019,84.33216547283862,84.7273798305755,9777000
2023-09-15,83.8198471069336,85.00549761921381,83.62955843768799,84.8883940361877,11981600
2023-09-18,82.90824890136719,83.68053512259479,82.79582970802925,83.58277897802633,7442400
2023-09-19,82.49279022216797,82.65409123024389,81.73516698725975,82.47812717218983,8324000
2023-09-20,81.6716079711914,83.23572851696808,81.66672277481784,82.76161088601904,8857400
2023-09-21,79.4427261352539,80.68425203650887,79.42806308950253,80.64025544094049,12236000
2023-09-22,78.6606674194336,80.09282046837997,78.59223738196852,79.92663430000972,14209400
2023-09-25,79.14459228515625,79.3107784996146,78.1425748842827,78.33809465863085,9486800
2023-09-26,77.70265197753906,78.90995929189164,77.53157314352855,78.4260563435336,11667000
2023-09-27,77.40447998046875,78.1621029896064,76.61264568434916,77.90793110186753,12485000
2023-09-28,78.2696533203125,78.49449170550845,76.92548583097545,77.12099811882547,10291800
2023-09-29,78.68510437011719,79.71156233892394,78.25008326984114,79.40851611082347,13116600
2023-10-02,78.7486572265625,79.38896849413446,78.02525287051247,78.21587994603631,14663600
2023-10-03,76.83260345458984,78.2256450795094,76.56376850504988,78.1425519966179,14613800
2023-10-04,78.34785461425781,78.51893346172768,77.18942900657534,77.20898471056287,15340600
2023-10-05,77.95683288574219,78.4505062839057,77.34095497897617,78.24033093740469,13922000
2023-10-06,78.50426483154297,78.80731109696222,76.71041322148581,77.13565652403415,15265000
2023-10-09,78.58736419677734,78.74377999678327,77.06234743829884,77.55602082272532,10496000
2023-10-10,79.44762420654297,80.20036214923769,78.67534547743186,78.70955677029139,13458600
2023-10-11,79.73112487792969,80.15637566268019,79.02726871119917,79.77022882700534,7974400
2023-10-12,78.861083984375,79.88754215628555,78.32342145582037,79.74578940596706,9181200
2023-10-13,77.70265197753906,79.10058637003598,77.48758400049105,78.97838933383281,11327000
2023-10-16,78.9588394165039,79.21301135875731,77.92749605705252,78.12301580429197,11071400
2023-10-17,79.14459228515625,79.53562437553579,78.09370053443324,78.24033850061517,13419800
2023-10-18,77.28717803955078,78.6655641695162,77.1356549100117,78.54336713494402,10414600
2023-10-19,75.31249237060547,76.97436939128367,74.95567904630954,76.62244126435849,21134800
2023-10-20,74.144287109375,75.17563056337286,74.10518315634233,75.13652661034018,13357800
2023-10-23,74.23226165771484,75.17073410811234,73.059172959297,73.84612226079975,15707200
2023-10-24,75.02409362792969,75.50310391255135,74.47664584433272,74.79924780386602,9960400
2023-10-25,73.50885772705078,74.56464203805754,73.42576462733952,74.43755233165058,11201000
2023-10-26,72.36019134521484,73.83144838702391,72.25755001476745,73.43063854119893,16921600
2023-10-27,73.11782836914062,74.24204277186757,72.87832691358433,73.62127964134295,15226600
2023-10-30,73.78746032714844,74.25180756490523,73.14225640733177,73.95853169984038,13858000
2023-10-31,74.34469604492188,74.57442711981832,73.52841310150535,73.82168903576539,10168600
2023-11-01,75.26361083984375,75.31249264699699,74.19316340471092,74.77971525728321,21669800
2023-11-02,77.22853088378906,77.27252002910687,76.33404763741567,76.57355652578305,20069600
2023-11-03,78.31364440917969,78.73400255096983,77.83951926814954,77.86396016931607,13727200
2023-11-06,78.4113998413086,78.87086192911693,77.87373731212195,78.60691959054397,11280600
2023-11-07,79.28633117675781,79.38408731766373,78.39184794375348,78.5531489324902,8773600
2023-11-08,79.07615661621094,79.44763297363139,78.60692410771313,79.31077287045984,8334600
2023-11-09,77.60000610351562,79.0663705930944,77.32628592545807,78.96861445211891,11497200
2023-11-10,78.8904037475586,78.91973730129091,77.30184227373347,77.69776693681004,10312200
2023-11-13,79.22767639160156,79.49651138934087,78.19144780938743,78.54337590491599,9880000
2023-11-14,81.89645385742188,82.15062577702551,81.08994895627048,81.20726079416025,15258400
2023-11-15,81.99420928955078,82.67850969224784,81.73515217579296,82.29725554527163,12388800
2023-11-16,81.15349578857422,81.85246672002646,80.79668252810274,81.28547067714351,12287400
2023-11-17,81.69606018066406,81.91601338096895,80.91888872570597,81.42722517659539,8921000
2023-11-20,82.11640930175781,82.29237333430848,81.4272162194081,81.67650294953879,9285000
2023-11-21,81.9062271118164,81.9893201954569,81.24147498437789,81.50541728192326,7603600
2023-11-22,82.15550994873047,82.78604335602544,81.83290799229351,82.25815127957814,8963400
2023-11-24,82.23372650146484,82.37547179271827,81.95999885430399,82.1017516038732,3483000
2023-11-27,82.36567687988281,82.7958127780091,81.93065578593753,82.28258380107464,7299600
2023-11-28,82.83980560302734,82.8838022006137,81.81824025781553,82.26792441755019,11974000
2023-11-29,82.61498260498047,83.87605703999117,82.55632295006922,83.4556988949876,7659400
2023-11-30,82.4976577758789,82.64918089879151,81.85246133987768,82.6149696089313,13023000
2023-12-01,83.62676239013672,83.6512032891819,81.98443391572576,82.14573489944557,14955800
2023-12-04,83.30905151367188,83.6707499628159,82.82026337520472,83.02066830197188,18477600
2023-12-05,83.45570373535156,84.28174956580392,82.79095145489119,82.85938150765992,7822600
2023-12-06,83.5779037475586,84.49193536865793,83.51435888976953,84.0813550375208,12228000
2023-12-07,84.2670669555664,84.41859753424593,83.64631142751124,83.91513892064137,7380200
2023-12-08,84.65322875976562,84.81452975925528,83.77829371328988,83.84183856535682,8096400
2023-12-11,84.87806701660156,84.98560101608851,84.29641532996062,84.55547247645666,18892400
2023-12-12,85.14199829101562,85.20065047494877,84.44792010065417,84.78518507489844,7411400
2023-12-13,86.25645446777344,86.34932541933776,84.4479396148846,85.11269186689043,10898400
2023-12-14,87.41486358642578,87.76190642532679,86.67679622714263,87.00916856113038,15288800
2023-12-15,87.5957260131836,87.81078653019694,87.14603436023398,87.43442503168724,11258200
2023-12-18,88.1392593383789,88.41837057934609,87.69856603035005,87.87484484789312,7719400
2023-12-19,88.82968139648438,89.05982338341019,88.41836666431549,88.43794987799423,7194000
2023-12-20,87.20890808105469,89.21162623074213,87.18931739381732,88.43306452536113,8621600
2023-12-21,88.53587341308594,88.56525196695173,87.63489622680378,88.12945265074356,7855000
2023-12-22,87.8846206665039,88.56035728635547,87.52227520966709,88.18331508105284,8522800
2023-12-26,88.25678253173828,88.36940282850927,87.9091188265004,88.08050371121696,5480800
2023-12-27,88.56036376953125,88.7905057519327,88.32532785172066,88.36939568537443,7495800
2023-12-28,88.10009002685547,88.85417458015979,88.03153756488761,88.68768362538817,5608800
2023-12-29,87.55655670166016,88.28125516151012,87.25786225639688,88.13436237831289,8268600
2024-01-02,86.74370574951172,87.32151136387866,86.41073884794773,87.28233746869644,15369600
2024-01-03,84.99071502685547,86.20996974540897,84.956435068963,86.16590191810954,15522800
2024-01-04,84.39334106445312,85.44121859257952,84.36395503610228,84.64796020356833,11915000
2024-01-05,84.52554321289062,85.21596917073549,84.14360703869075,84.17788700205452,12084400
2024-01-08,85.96514892578125,86.0630799332968,84.65285698742754,84.67244020026789,8142600
2024-01-09,85.64688110351562,85.7692967448602,85.11804463630813,85.33839129639681,8330000
2024-01-10,86.33241271972656,86.54297152520634,85.75950836829213,85.77909158496871,7624400
2024-01-11,86.21977996826172,86.50867907040858,85.31880269801184,86.2344692465636,8592000
2024-01-12,85.18170166015625,86.25405638325131,85.02011211982908,85.86233231517562,7444400
2024-01-16,85.08374786376953,85.4167222277165,84.41780660753192,84.66753924840621,8976200
2024-01-17,84.3394775390625,84.36885609563492,83.71271009332632,84.18767587734276,7961800
2024-01-18,84.81934356689453,84.92216851348768,83.8889877537943,84.7409957693378,9926000
2024-01-19,85.6370849609375,85.80846984588358,84.44230711709945,84.95156036446865,9782800
2024-01-22,85.26004028320312,86.06798796865755,84.87810409431832,85.82315669518485,11184200
2024-01-23,85.05437469482422,85.62727892281558,84.62347677585909,85.34327377641992,7107200
2024-01-24,84.73119354248047,85.70562458232145,84.66754249983721,85.6174889209739,8622200
2024-01-25,83.68331909179688,84.00160420294957,83.10552092245817,83.93305175113554,11092800
2024-01-26,84.06525421142578,84.49126566612783,83.74697657585396,84.04077706381008,6977800
2024-01-29,85.29430389404297,85.3089931699023,84.08973097198589,84.2366312022352,7381200
2024-01-30,85.24534606933594,85.65176685637022,85.08375654160011,85.43631415272245,6274400
2024-01-31,83.693115234375,85.15720882770304,83.61966884660643,84.70181880856708,13663800
2024-02-01,85.30411529541016,85.32859244534663,83.79105235213012,84.0848528679427,14682200
2024-02-02,86.82695007324219,87.17950016678151,85.47547691610764,85.88679158495027,20763800
2024-02-05,85.60279846191406,85.93576536239317,84.59408747548596,85.93576536239317,13346200
2024-02-06,86.12186431884766,86.14144753619115,85.23557616879604,85.23557616879604,9373600
2024-02-07,87.08647918701172,87.40965076068021,86.39605326426855,86.60171061902372,7796400
2024-02-08,87.46842193603516,87.52228511431679,86.97875939589574,87.14524286634536,8100000
2024-02-09,88.09029388427734,88.23230021456004,87.19421795084558,87.39497392729332,9584800
2024-02-12,88.01683807373047,88.57015911291285,87.85035460993197,88.11967049058079,6040200
2024-02-13,86.26384735107422,86.7535098829904,85.80356337560785,86.24426413732678,14801400
2024-02-14,87.17462921142578,87.21380311473561,86.11695623703488,86.5919295411366,11561000
2024-02-15,88.1833267211914,88.18822812854584,87.12075988567734,87.35090188160953,10567600
2024-02-16,87.65937805175781,88.17352514299267,87.1207463425296,87.80137688146904,8512200
2024-02-20,86.83185577392578,87.16482270191925,86.2834361411567,86.85634039431521,8756400
2024-02-21,87.47330474853516,87.88461943675172,86.90040054602142,87.11585323175099,8886200
2024-02-22,89.17243957519531,89.31443841489781,88.10007748787824,88.25677307673595,8800000
2024-02-23,88.77091979980469,89.22141591780746,88.62892094879724,88.82478297880562,7575800
2024-02-26,89.04513549804688,89.47603345063445,88.90803058517938,89.03044621964375,7051600
2024-02-27,89.33892059326172,89.75513670209132,89.0059536835234,89.44664693974333,5852400
2024-02-28,89.69149017333984,90.1174942093944,89.14307049734705,89.19203227032773,7408800
2024-02-29,90.29867553710938,90.50922685397204,89.54949240929467,90.0097764165341,8270400
2024-03-01,90.59735107421875,90.72955455974993,89.76002497424008,90.22030888532083,11065800
2024-03-04,89.37322235107422,90.45537254330097,89.34873772605573,90.15178411371566,11336800
2024-03-05,88.26168060302734,88.96189451045854,87.95809219243849,88.800312433096,12941800
2024-03-06,87.94827270507812,88.84435588274899,87.6985475460509,88.60931999944948,9299600
2024-03-07,88.61911010742188,88.98146301838962,88.16862153986145,88.18821222243062,6713400
2024-03-08,88.29104614257812,89.18223549878789,87.99725311904008,88.82477648624733,12463600
2024-03-11,88.0511245727539,88.39878080404279,87.83077044481126,88.04622316532375,8306400
2024-03-12,88.81008911132812,89.15285885361816,87.75242374361189,88.34491121035082,7906400
2024-03-13,88.6240234375,89.18223841932536,88.48691852769429,88.58974347421997,5717000
2024-03-14,88.06090545654297,88.81498991849901,87.58593221628233,88.7268467799847,10810400
2024-03-15,87.18440246582031,88.0608949813748,86.94936657716899,87.46840758911641,9868800
2024-03-18,87.85032653808594,88.26744178488241,87.4479250774838,88.06133645918322,8512800
2024-03-19,88.61096954345703,88.65513337151475,87.7080221826573,87.83070447477289,7624200
2024-03-20,89.9310073852539,89.94572865843607,88.70909678354626,88.78270314945705,8497400
2024-03-21,90.45610809326172,90.8928567516096,90.41194426541294,90.55915702490887,7146400
2024-03-22,89.66603088378906,89.9064908629361,89.3274265722321,89.51390604536378,5718600
2024-03-25,89.37158966064453,89.832876255888,89.31760915507493,89.31760915507493,5664600
2024-03-26,89.4844741821289,90.31871233915052,89.42558158530296,89.94575334834232,5387800
2024-03-27,90.51990509033203,90.52971428232254,89.73964002698293,90.18130076833893,5812000
2024-03-28,90.24018096923828,90.67202500720876,90.21073841900073,90.407027079206,5958200
2024-04-01,89.56790161132812,90.43648696152918,89.23911392410956,90.33834261261725,9941800
2024-04-02,88.24781799316406,88.2919818165826,87.850328606533,88.1251357139356,12270400
2024-04-03,88.3116226196289,88.62077689755411,87.75219167870151,87.75219167870151,10165200
2024-04-04,87.27617645263672,89.31269929299087,87.26635977367584,88.97900708764205,9650600
2024-04-05,87.76199340820312,88.33124098051458,87.38413737976424,87.56570475675258,10081800
2024-04-08,88.59622955322266,88.88576541675651,88.21346144935829,88.2821632247203,8295800
2024-04-09,89.01335906982422,89.06243497936369,88.27236075854621,89.03298494088051,8559800
2024-04-10,87.63931274414062,87.99755039714121,87.23200667133918,87.56570637047322,10806000
2024-04-11,88.3459701538086,88.66494111291728,87.2025703114466,87.93866405209687,8433400
2024-04-12,86.91304779052734,87.71784336862989,86.62842395964637,87.65895826152804,10729000
2024-04-15,85.46537780761719,87.6098614769703,85.38685935823021,87.54606430085194,11136800
2024-04-16,84.97956848144531,85.45557636984067,84.57717446045307,85.0237323091275,12870800
2024-04-17,84.56734466552734,85.4801010690693,84.21892371822585,85.39176593947148,12416800
2024-04-18,84.04227447509766,85.07280872134274,83.81163116748978,84.72438771795653,9411800
2024-04-19,83.3061752319336,84.23365299723218,82.97738761015393,84.04226893416842,13580800
2024-04-22,83.67420959472656,84.09623688720451,82.88413550606197,83.48282556022676,8950200
2024-04-23,84.67039489746094,84.9157594453691,83.73310801527987,84.1502232539647,7889400
2024-04-24,85.48009490966797,86.18674594380505,84.86668359363664,85.93646933458835,8948600
2024-04-25,85.55371856689453,85.73529344493788,83.83126193894333,84.18458752743577,10701200
2024-04-26,86.32416534423828,86.90813422249104,85.72547519072978,85.84815747648264,6665800
2024-04-29,88.33124542236328,88.46864898287458,87.46756482944474,88.10060212694806,10308400
2024-04-30,86.18183898925781,87.87976490775745,86.11313721729144,87.46755427595923,7218400
2024-05-01,85.64205169677734,87.32034445873734,85.20530306124915,86.22602057204219,14336800
2024-05-02,86.72164916992188,86.88849527070242,85.59297071605978,86.44684206559343,8238600
2024-05-03,87.30561828613281,88.32633573966852,87.1534934591803,87.81106867346045,9013000
2024-05-06,88.23799896240234,88.23799896240234,87.59514503444832,87.85032626506316,6229000
2024-05-07,87.60497283935547,88.21838429705443,87.4724738678713,88.17912506520976,6300600
2024-05-08,87.27617645263672,87.40866792291412,86.7756306566814,86.83942783802894,5763200
2024-05-09,87.86996459960938,88.08588663399595,87.11914956326788,87.31543823747408,5046000
2024-05-10,87.39887237548828,88.01228386748937,87.21729748206135,87.94358207990258,5654400
2024-05-13,87.2859878540039,87.97791772359149,86.98173818990111,87.77671698342506,8142800
2024-05-14,87.68347930908203,87.82579495319702,87.10442251697954,87.14368174680669,6044600
2024-05-15,87.81598663330078,88.13986969425713,87.24673897851686,88.07607250372335,7182800
2024-05-16,87.24673461914062,87.89940530466255,87.21729206742175,87.76691382192762,6589200
2024-05-17,87.69328308105469,87.70800435408151,87.07005506717104,87.32523627952149,5577400
2024-05-20,87.0406265258789,87.73255642119574,86.8345211824099,87.48719184736133,4002000
2024-05-21,87.60005187988281,87.61968523778233,86.63331492146328,86.96211001885769,4375400
2024-05-22,86.68729400634766,87.47736817041319,86.33396844925426,87.38904052510581,6332200
2024-05-23,85.2838134765625,86.92285448597092,85.15622659652033,86.92285448597092,7354600
2024-05-24,86.14259338378906,86.41249591916281,85.62733375654152,85.86778625247499,5150200
2024-05-28,85.93158721923828,86.11315462014326,85.47030059084213,85.828530796496,5344200
2024-05-29,85.36724853515625,85.70094077196435,85.288730071931,85.288730071931,4344000
2024-05-30,85.87269592285156,86.11314841202697,85.4506685579283,85.6175146704036,4496600
2024-05-31,86.35360717773438,86.37323304860158,84.99919744992462,85.93157981873148,6840400
2024-06-03,86.31433868408203,86.69710677233618,85.50954328212052,86.41248300374922,7929000
2024-06-04,86.40267181396484,86.75598985900456,85.92175192924043,85.95119447566613,5779800
2024-06-05,86.90813446044922,86.90813446044922,85.8236197567343,86.603877299155,4581800
2024-06-06,87.54118347167969,87.57553811058749,86.94249323644982,86.98175247180151,4455600
2024-06-07,87.18294525146484,87.71293364821959,87.02100372846205,87.04554168429874,4548600
2024-06-10,87.46266174316406,87.55099689139846,86.9277687212961,86.9277687212961,3731000
2024-06-11,87.23201751708984,87.4234016003525,86.46157658782897,87.4234016003525,5566000
2024-06-12,88.13985443115234,88.70910198736014,87.73254837737944,87.99754628606632,7957600
2024-06-13,88.20856475830078,88.91030384895751,87.89449840165501,88.73855313912787,5227000
2024-06-14,87.51173400878906,88.0760695605613,86.98665020133642,88.0760695605613,6105600
2024-06-17,89.0477294921875,89.26855614840254,87.23693743294338,87.39887897761676,7353200
2024-06-18,88.74836730957031,89.08205952810145,88.44902223686097,88.97409851906316,4483800
2024-06-20,88.86123657226562,89.07715859923056,88.39504537110007,88.66003582096351,4722800
2024-06-21,89.61204528808594,89.729822973048,88.89067287954917,89.31270022408135,8623200
2024-06-24,89.22943878173828,90.21300841997783,89.1950102424603,89.81957906387385,5077800
2024-06-25,88.87042999267578,89.32287108519427,88.58519392268889,89.32287108519427,4712800
2024-06-26,90.15892028808594,90.34087828701854,88.53602873120889,88.65405980037792,5031800
2024-06-27,90.70970916748047,90.71954696507906,90.00153782119915,90.3654612919384,4228200
2024-06-28,89.70154571533203,90.83757492188488,89.24418944716867,90.25726494804033,7914600
2024-07-01,90.0064697265625,90.42448236697226,89.53927559714376,90.05072856424559,6393200
2024-07-02,91.7572021484375,91.76703994484663,90.41954699031372,90.50314949969146,5884600
2024-07-03,92.34243774414062,92.68668561730118,91.94409324062336,92.0768697391019,4379600
2024-07-05,93.0948715209961,93.15388330038134,92.3375186666935,92.7997976159876,3996400
2024-07-08,93.13912200927734,93.54730428954377,92.88339181478888,92.97683212646969,3676800
2024-07-09,93.44895935058594,94.03909967010894,92.97192744549487,93.03585437328267,3656000
2024-07-10,94.15220642089844,94.2407315944854,93.10962495802855,93.65550643235105,4557800
2024-07-11,92.9571762084961,95.23905765554728,92.67685523674773,94.59482069049373,8996000
2024-07-12,94.17188262939453,94.96857167665355,92.70144324203162,92.83422725125519,5453600
2024-07-15,94.06368255615234,95.35707150159156,93.76860866901815,94.69808165823797,5080200
2024-07-16,95.75050354003906,95.79476237314051,94.45711455825975,94.60956665274757,4123200
2024-07-17,94.15220642089844,95.28331305735529,93.98500137572896,95.04233578352314,5797200
2024-07-18,93.19322967529297,94.95382035011856,92.91783135816563,94.34892708185377,4375200
2024-07-19,92.36209869384766,93.22272206222722,91.98834496103446,92.84404567900894,3872200
2024-07-22,93.38011169433594,93.70468399912946,92.6719402947111,93.03094114167261,4808400
2024-07-23,92.96209716796875,93.88665516257745,92.91783832883328,93.73911819475067,4823600
2024-07-24,89.16058349609375,90.94084202598084,89.11632466617775,90.9014983424865,8200800
2024-07-25,88.8114242553711,90.37038132929558,88.54094108707855,89.14584185545314,10240800
2024-07-26,89.80482482910156,90.27694155045005,89.23927529685726,89.4654921081387,4529400
2024-07-29,91.30477905273438,91.6391891561225,90.36055302052847,90.40972700418125,7145600
2024-07-30,90.79823303222656,91.63426571910506,89.94743989714196,91.51131951503349,4281000
2024-07-31,92.2047348022461,92.97683303571621,91.68343661114156,91.8850701799993,4993600
2024-08-01,89.9425277709961,92.51948299633334,89.17042948559829,92.24408469061079,7295800
2024-08-02,86.63280487060547,87.0114737317954,85.59513872986184,87.0114737317954,12738400
2024-08-05,84.1837158203125,85.05417699012813,81.87232883365367,82.15756490918761,16391800
2024-08-06,85.11321258544922,86.32791433250374,83.85423699218427,84.63125800126086,9523400
2024-08-07,83.62800598144531,85.96398376023406,83.52472787260527,85.81153167426486,8404400
2024-08-08,85.45252990722656,85.6836693791318,83.91816362908204,84.38044257289252,5935200
2024-08-09,85.73776245117188,86.13610694884035,85.22630954770587,85.43777341524218,6379600
2024-08-12,85.39842987060547,85.90496762823435,84.87713916889348,85.90496762823435,4929800
2024-08-13,87.53770446777344,87.61639184579306,85.62957682302536,85.7967893773274,5847000
2024-08-14,87.07050323486328,87.79342751521513,86.7213327134797,87.52785951212547,4779800
2024-08-15,89.84909057617188,89.98187458677681,88.72782171872007,88.72782171872007,6288000
2024-08-16,90.060546875,90.43430059685153,89.4310629729132,89.4310629729132,4767800
2024-08-19,91.16708374023438,91.2162577259628,90.20318207064759,90.29170725142559,4570000
2024-08-20,91.0834732055664,91.61951687835676,90.81790519061484,91.17690602145117,4679000
2024-08-21,92.23424530029297,92.42111843078325,91.62442941669289,91.83097814241852,4532200
2024-08-22,90.64086151123047,92.48505463786245,90.47365646871903,92.39653696972381,5709800
2024-08-23,92.39161682128906,92.49489494095587,91.33428240166454,91.3490353467539,6304200
2024-08-26,91.67362213134766,92.49981713546431,91.38838599781924,92.30310618325801,3211000
2024-08-27,91.4326400756836,91.56542408873196,90.81299385486025,91.44739302112882,3328200
2024-08-28,90.54742431640625,91.60476624791562,89.82449998549953,91.37854191479842,5668600
2024-08-29,90.6556167602539,91.73262677422957,90.57201423687313,91.34412004745522,4616000
2024-08-30,92.02278137207031,92.10638389848503,90.62611415895117,90.99003765985186,4672200
2024-09-03,90.7588882446289,92.18506119292907,90.34086815424402,91.75721080924716,9876400
2024-09-04,90.99495697021484,91.40805447400216,90.38514100935608,90.50317208359895,10007600
2024-09-05,92.02770233154297,92.6571863457161,91.3342838849168,91.4228015568905,7264200
2024-09-06,89.70154571533203,92.5391461503274,89.6622095343628,92.20473608380459,7714000
2024-09-09,91.00970458984375,91.3637902878065,90.3998961687179,90.64086594646935,4297400
2024-09-10,92.05228424072266,92.11130352522687,90.81790697377767,91.36378845518387,9424600
2024-09-11,92.97191619873047,93.09977754288005,90.00153186012587,91.91457439611828,7511200
2024-09-12,94.01942443847656,94.06369077824446,92.85881939120348,92.9670051549658,4748600
2024-09-13,94.65874481201172,94.89480694039058,93.98500197602827,94.10303304021771,3926200
2024-09-16,94.49644470214844,94.81118666860357,93.98499182067398,94.60956060712292,3077200
2024-09-17,94.97840881347656,95.91771215740611,94.68333490704309,95.05708868502315,4307800
2024-09-18,94.7915267944336,96.41441824814261,94.67841838369624,95.1161065859836,6634600
2024-09-19,96.9504623413086,97.16684886995682,96.30622540631386,96.62096740142736,5865400
2024-09-20,96.72916412353516,96.87670108052761,96.01115493499394,96.77833810650507,5552400
2024-09-23,97.90449523925781,97.94392010944362,96.93367942956698,97.13572906944732,7271200
2024-09-24,98.76195526123047,98.78659674154777,97.80592297330199,98.38742280726522,4059200
2024-09-25,98.40713500976562,98.61903518895076,98.1114522969935,98.42191839345185,3389800
2024-09-26,98.82601165771484,99.49621930044341,98.23958654991073,99.27939382974276,4266400
2024-09-27,98.97386169433594,99.37302813428215,98.6880370475724,99.20055280022582,3441800
2024-09-30,98.74224090576172,99.01820744359071,97.79606669626622,98.70281604042555,4572400
2024-10-01,98.34307098388672,98.77180415993361,97.06179674391623,98.68310385572691,8229000
2024-10-02,97.51024627685547,97.78128753805407,96.78090503542289,97.18007147485879,7482400
2024-10-03,96.38175201416016,97.03717642084271,95.99243609764073,96.66264389158093,7101400
2024-10-04,97.65808868408203,97.88477979208626,96.6478480740956,97.44618848095868,7828200
2024-10-07,96.1402587890625,96.93859914331419,95.79530062094095,96.93859914331419,5202000
2024-10-08,97.07659149169922,97.23428344636734,96.41130905417558,96.56900852836851,4733200
2024-10-09,97.77143859863281,97.96856295229641,96.9780309340092,97.3969136059598,5537400
2024-10-10,97.28849029541016,97.8108566369606,97.00266564220762,97.59402362283973,3259000
2024-10-11,96.87452697753906,97.26383527541628,96.29301965519463,96.30780303868846,4991600
2024-10-14,97.29835510253906,97.46097987434526,96.67249749944104,97.07166397590841,3566600
2024-10-15,97.51024627685547,98.14596191853263,97.32791284637845,97.32791284637845,6855200
2024-10-16,98.02276611328125,98.0474075961487,97.47575827953287,97.60388346310891,4607000
2024-10-17,97.9340591430664,98.35294179693511,97.60881713273031,98.19524232081163,3488800
2024-10-18,98.31842803955078,98.57961117963434,97.7566368960377,98.14101991425592,3797000
2024-10-21,97.55461120605469,98.10161905768528,97.1850115095347,98.10161905768528,3304800
2024-10-22,97.16036987304688,97.51025337426813,96.54929566873257,96.80555356338374,3157600
2024-10-23,95.63267517089844,96.60349084231929,95.12509225877777,96.38173255869287,4339000
2024-10-24,98.64861297607422,98.78167096363757,97.4264721645069,97.72215491030889,6991400
2024-10-25,98.95907592773438,99.83133323225313,98.5944090750896,98.82601794444608,5440000
2024-10-28,99.19070434570312,100.07774514265805,99.1463541857367,99.73771221053156,4102400
2024-10-29,98.67325592041016,98.88023083772892,98.05725645713119,98.36772259287169,4247000
2024-10-30,98.5352783203125,99.35332745937313,98.45642857978314,98.90981082806442,4879800
2024-10-31,97.02731323242188,98.53527880979254,96.96817968649367,98.31352049303659,6197400
2024-11-01,98.60426330566406,99.61942920797928,98.51063018504817,98.81123822093492,7607600
2024-11-04,98.26423645019531,99.07736029543949,98.02276946061302,98.19031951859361,4769200
2024-11-05,100.00381469726562,100.03338898832963,98.40221606967694,98.4859986150711,4424200
2024-11-06,103.20209503173828,103.28587006440046,101.46743827204537,102.28056215292897,9398600
2024-11-07,104.5277099609375,104.94659257466454,103.3696280426504,103.40412761956814,8021000
2024-11-08,106.01103973388672,106.57776374384038,104.39959057469116,104.51293236887206,7785800
2024-11-11,108.1498031616211,108.60810317871088,107.18883792922614,107.6767122386178,9210000
2024-11-12,106.70588684082031,107.88860276277416,106.32150379020909,107.87381937771407,10535200
2024-11-13,107.61756896972656,108.18921073732061,107.05577777915136,107.42537744451727,5883400
2024-11-14,106.08988952636719,107.87382154163132,106.00118921422734,107.44016303862888,4620200
2024-11-15,105.18313598632812,106.00118503492381,104.7001945381614,105.49360210562602,7824800
2024-11-18,106.15396881103516,106.96708518282885,105.47390292366373,106.44964407372127,4752200
2024-11-19,106.23280334472656,106.55804533515929,104.68540552817723,105.17327979311297,3935800
2024-11-20,105.76463317871094,105.98639898378708,104.66076703924332,105.91739983054624,5979200
2024-11-21,105.95189666748047,106.2180050993571,105.1338476606179,106.08495464318075,5468400
2024-11-22,107.4795913696289,107.79004999164749,106.25744299758243,106.25744299758243,4550600
2024-11-25,108.57852935791016,109.53456171976782,108.52432110482984,108.76086279121458,7360400
2024-11-26,108.97277069091797,109.16002941315958,108.35183842380869,108.52432128012231,3979600
2024-11-27,108.43561553955078,109.32758908970519,108.17443236548327,109.17481490453993,3829000
2024-11-29,109.54935455322266,109.57399603757065,108.61303078467571,108.67709714007545,1771400
2024-12-02,110.50538635253906,110.76656954214775,110.11607045287877,110.32304538504839,8134800
2024-12-03,110.42160034179688,110.49059197899305,109.82530956926075,110.28854235594552,7051400
2024-12-04,111.44660949707031,111.55502599406037,110.5398601763571,110.65813476930734,5539400
2024-12-05,112.35830688476562,112.86588986255147,111.50576569676488,111.55504114420985,7321000
2024-12-06,114.7237319946289,114.74837347501368,113.26504207842429,113.27490017448302,4889200
2024-12-09,114.35906219482422,116.08879342517208,113.9500376666074,115.38408615959811,6513800
2024-12-10,114.54634857177734,115.61079759000805,114.16689074666697,114.37879850025743,7630800
2024-12-11,116.55695343017578,116.59637829711357,115.43337104078418,115.49742986997417,5734800
2024-12-12,115.59107208251953,116.62595424235826,115.44323069975327,116.49782153484914,4871800
2024-12-13,116.04937744140625,116.09865288838778,115.26582038329302,115.5565778544413,5382400
2024-12-16,117.62139892578125,117.70518147069463,116.42389956816628,116.65059068120736,6013600
2024-12-17,117.99099731445312,118.23739709919987,117.01525627232294,118.15362207472894,10221000
2024-12-18,112.6736831665039,118.40986934035203,112.21538321733547,117.05467064574465,14405000
2024-12-19,112.52092742919922,114.536475878509,111.85071970899666,114.21122635557437,13205200
2024-12-20,112.80674743652344,114.5808213148949,111.12629915678377,111.39240760670594,10915800
2024-12-23,113.1489028930664,113.2624594862028,111.6726370471927,113.01065811869816,5922400
2024-12-24,115.76569366455078,115.78050506676135,113.53401614826316,113.62782671811362,2552600
2024-12-26,115.33615112304688,115.75582008691303,114.82760620968375,115.51883011121359,4109600
2024-12-27,113.43033599853516,114.57085916803983,112.88229151703321,114.57085916803983,6097200
2024-12-30,111.60845184326172,112.32929848695034,110.90735122341361,111.70719703001394,5413000
2024-12-31,110.76910400390625,112.54653992743654,110.58148287958666,112.21573941556098,5250800
2025-01-02,109.31259155273438,111.14928073622424,108.61643305826618,110.81354557960414,9166400
2025-01-03,111.5245132446289,111.59363562574974,109.37183511772693,109.92481416669365,6501000
2025-01-06,111.96395111083984,112.81317335786159,111.35665346413005,112.72923956451096,6785400
2025-01-07,109.79645538330078,112.20093505710484,109.39653246374878,111.87013452446584,5554000
2025-01-08,110.10751342773438,110.54200135131387,109.20398015053206,109.75696683520847,5309200
2025-01-10,109.02622985839844,109.87544450660525,108.43374365978792,109.68783090856856,6869400
2025-01-13,109.64340209960938,109.65821350192604,107.78202469280276,108.19675902522017,5422000
2025-01-14,109.43109893798828,111.32209925589568,109.02129920534536,110.74443193169563,6762200
2025-01-15,112.21574401855469,112.30955458456252,111.17890070363393,111.95406587851969,6197400
2025-01-16,111.60845184326172,112.02318614788598,111.16408720221445,112.02318614788598,4851800
2025-01-17,113.17359161376953,113.88456904749543,112.89710206371507,113.07978104490637,3884600
2025-01-21,114.0030517578125,114.29929484435307,112.75390671923493,114.19560750393148,6036600
2025-01-22,113.57351684570312,114.24499470967567,113.38096108130237,113.76113798724373,4948800
2025-01-23,114.25980377197266,114.25980377197266,113.1044692092296,113.40564694058828,3888800
2025-01-24,113.56363677978516,114.40298973579229,113.34640037359493,114.28449098659978,3543400
2025-01-27,114.21043395996094,114.25980278845245,111.85532311481445,111.86025773753107,7069800
2025-01-28,114.34867095947266,114.66466006868046,113.33651587202161,113.87961815115476,5211000
2025-01-29,114.02281951904297,114.79304259946755,113.64757722484339,114.44248848785094,6538000
2025-01-30,115.1386489868164,115.81506899475866,114.27461537462194,115.53857191048525,5386400
2025-01-31,114.6301040649414,116.44704723514654,114.40792550004186,115.28183589134032,5092600
2025-02-03,113.11434936523438,113.60314071510744,111.19372632608689,112.14662837752562,7460000
2025-02-04,114.44742584228516,114.5609824368711,113.16865789616764,113.18346929834081,3987000
2025-02-05,113.1489028930664,113.99319047503519,112.88229012357768,113.71175876978721,5902800
2025-02-06,113.59819793701172,113.89937565573973,112.90203193464083,113.46982994668211,6045800
2025-02-07,111.37639617919922,113.68706518417574,111.28752023774445,112.82797377483693,5536400
2025-02-10,111.7565689086914,112.35892431763203,111.3072696631452,111.82074913393049,5963800
2025-02-11,110.48767852783203,111.35664674815015,110.21612360467789,111.04559977596915,5538200
2025-02-12,110.46793365478516,111.04065877694586,109.37184470537433,109.6631456560783,7903000
2025-02-13,112.12688446044922,112.24044105963493,110.98635371049065,111.18385163709142,6484400
2025-02-14,112.07750701904297,113.02547445629635,111.69239548308927,112.92672926083203,3425600
2025-02-18,111.7664566040039,112.19600989741313,111.05054449335624,112.04788833188498,7567200
2025-02-19,111.70227813720703,111.76152375084625,111.03080022545083,111.24804418716252,3996400
2025-02-20,110.73948669433594,111.39615317292301,109.89027198014742,111.39615317292301,4732400
2025-02-21,107.82645416259766,111.03572177565535,107.39690844673487,111.00116434969311,9043000
2025-02-24,107.42160034179688,108.46831294251722,106.9723010523272,108.31031460758382,5953400
2025-02-25,106.85873413085938,107.60921113462656,105.36766443621907,107.36234439307717,8006400
2025-02-26,106.41932678222656,108.1819591840316,106.19221356658306,107.57960364619706,6143600
2025-02-27,104.88379669189453,107.20928463440306,104.79986290662688,106.91304154093802,6799000
2025-02-28,106.6266860961914,106.69580848232599,104.50363061666495,104.92329955613381,7696400
2025-03-03,104.66162109375,107.8165777329995,103.54578613990634,107.24878724389752,10983600
2025-03-04,102.8150634765625,104.6023762788122,101.45729639481976,102.87924370655055,13842600
2025-03-05,104.38019561767578,104.56780921495685,102.4348845233843,102.88911841572127,10128200
2025-03-06,101.7337875366211,103.58034597514424,101.28448825078061,102.83481111435938,9755400
2025-03-07,101.54617309570312,101.83253944401088,98.88001507649749,101.1067505601806,9798800
2025-03-10,97.92216491699219,100.33652140494826,97.05813130118699,100.19827662912144,14412600
2025-03-11,96.96431732177734,98.7071958942352,95.97685036701256,97.86785048944012,14379600
2025-03-12,97.52718353271484,98.74177133080975,96.33728391786359,98.64301859783518,8548200
2025-03-13,95.09307861328125,97.37905967944644,94.64377930363932,97.37905967944644,9992800
2025-03-14,97.11737060546875,97.22105794749571,95.71023475705115,96.54958013687872,6295600
2025-03-17,97.27043914794922,97.8234258194844,96.43109366134269,97.12725974041355,6053200
2025-03-18,95.53743743896484,96.36690614780397,95.14244911075662,96.36197152469506,8246200
2025-03-19,97.36918640136719,97.922165508012,95.97191969875013,96.20397504538327,9831400
2025-03-20,97.13713836669922,98.381341450307,96.57428243827403,96.653274078187,8586400
2025-03-21,97.4876708984375,97.54198188079417,95.47817961879029,95.97684770495624,9794800
2025-03-24,101.14244079589844,101.2315613718611,98.89472423000028,98.89472423000028,8567600
2025-03-25,101.94944763183594,102.00885631493891,100.77608081347972,101.38504247882145,7421400
2025-03-26,100.61764526367188,101.95439348422215,100.03838795325048,101.73160337321576,6187000
2025-03-27,100.6820068359375,102.20193681818658,100.04828906715126,100.30078351182787,6736800
2025-03-28,97.55302429199219,100.2611809106619,97.26092152583522,100.10275523670862,9886600
2025-03-31,97.76097106933594,98.09268214694004,94.96369383450548,95.64692392078655,10221000
2025-04-01,98.7808609008789,99.57796015376529,97.10744577946856,97.63719839771849,11097400
2025-04-02,100.65725708007812,101.24147017069284,96.91930711567885,97.00347193590487,9356000
2025-04-03,94.57752990722656,96.50838784440793,94.13194963080404,95.19639559920941,13795600
2025-04-04,90.49795532226562,93.74576848855692,89.95335810153517,91.40397550952615,25286000
2025-04-07,89.4285659790039,93.68140899232738,85.70051983798182,87.062024293467,41234000
2025-04-08,87.30461883544922,93.30514570474098,86.12630369836853,92.8001491862705,17407400
2025-04-09,96.81038665771484,97.11239339279314,87.01250915047466,87.15608265524398,29318600
2025-04-10,93.02787780761719,94.53791144480877,90.00781808774605,94.4785027622019,16600400
2025-04-11,93.92894744873047,94.11708501165634,91.16633045853112,92.82489331550684,8266800
2025-04-14,94.20124816894531,95.8350548618372,92.9387608355965,95.33005841759532,7720600
2025-04-15,93.52296447753906,94.83496405457242,92.99321946345894,94.04776884105934,6676400
2025-04-16,91.2158432006836,93.34473486695552,90.04742462052168,92.62190406110383,8579600
2025-04-17,91.79014587402344,92.38426291372251,90.99800241194461,91.7455893623996,7623600
2025-04-21,89.33943176269531,90.57716289699287,88.1116045927353,90.46824195281378,9802000
2025-04-22,92.16641998291016,93.05263221825018,90.35437965187732,90.36428361696551,8564800
2025-04-23,94.22601318359375,96.51828644212688,94.00321550326228,95.49344884155427,8957400
2025-04-24,96.10240173339844,96.19647051345581,93.98340652030735,94.21610059060345,5341200
2025-04-25,97.83028411865234,97.8946410086214,95.85981046702774,96.09746031379927,5968800
2025-04-28,97.86494445800781,98.96899874059389,96.50343993151158,98.21150773566792,5562000
2025-04-29,98.55806732177734,98.69173685714976,97.00346962385271,97.11734633777856,5136600
2025-04-30,97.66194152832031,97.93424390780409,94.87457595609136,96.1469597227529,5881800
2025-05-01,98.20159912109375,99.483886866353,97.98870542051314,98.15208684993215,7359000
2025-05-02,99.72647857666016,100.29583948395532,98.59272007646598,99.24129004227467,7457000
2025-05-05,98.6669921875,99.24130136569586,98.34023684188287,98.92444243195209,4677000
2025-05-06,97.8055191040039,98.52340167566295,97.37478351739922,97.46390409047699,4811200
2025-05-07,98.56796264648438,99.00859466319996,97.65699427218664,98.01346147160957,5359400
2025-05-08,99.73143768310547,100.7612310234571,98.88482615632422,99.51854397276949,6464400
2025-05-09,100.21167755126953,100.9592645276318,99.72648144840024,99.98888743091769,5159600
2025-05-12,105.19231414794922,105.5537295922791,104.16252074284006,105.54382562606776,9569400
2025-05-13,106.5835189819336,107.02909923599104,105.48936872395393,105.83593198316666,11431000
2025-05-14,106.99444580078125,107.52419087379292,106.54886555041583,106.85582049824478,7117000
2025-05-15,106.75680541992188,107.04395999590379,105.65274363092779,105.98446227635586,8393000
2025-05-16,107.76679229736328,107.8410607110861,106.83106769875185,107.11822227855228,5973200
2025-05-19,107.51428985595703,107.67271552870542,105.79136250480374,106.01416017495279,6935000
2025-05-20,106.954833984375,108.01927985562102,106.44488930508834,107.71232491785955,7046800
2025-05-21,104.78632354736328,106.4745907684351,104.36549945931074,106.1082271570143,10325600
2025-05-22,105.23685455322266,106.01415335979024,104.32588621857313,104.60313679394372,8992400
2025-05-23,104.2912368774414,104.76158081758244,103.31590400343164,103.48424120256692,7497000
2025-05-27,107.3707046508789,107.45982522639753,105.46955132428194,105.46955132428194,7886800
2025-05-28,106.38548278808594,107.49448519458971,106.20724917925321,107.46478085220298,7542400
2025-05-29,106.43003845214844,107.51924047320455,105.88543366436426,107.45487602887216,8031600
2025-05-30,105.85077667236328,106.75679684244763,105.14774623779492,106.01910630715179,10233200
2025-06-02,106.09832763671875,106.11317980783035,104.24667890817902,105.54877464205269,8783800
2025-06-03,106.66273498535156,107.54894728269996,106.16764245946673,106.19239859666345,7855400
2025-06-04,106.38053131103516,106.81126695652173,105.60323995407566,106.75185071484378,7581000
2025-06-05,103.6971206665039,106.6577716456349,102.8356645675711,106.10822623328777,12096600
2025-06-06,105.04376983642578,105.53886231294446,104.68235444383042,105.1972472954247,9948800
2025-06-09,105.88542938232422,106.08347091283336,104.08824876433947,104.682358246843,10596400
2025-06-10,107.15287017822266,107.17267810949424,105.91513888167887,106.03891201133324,8594800
2025-06-11,106.30625915527344,107.81629274786489,105.91018365573132,107.7766844424595,6888600
2025-06-12,105.80622100830078,106.38052256420828,105.52401465844376,105.71710043036784,5413800
2025-06-13,104.83089447021484,105.94980086250278,104.33084618265806,104.45461931450679,10292200
2025-06-16,105.9596939086914,106.13792750236628,105.35072472350376,105.65768719592319,4764600
2025-06-17,104.1328125,105.62799405239677,103.93972671592817,105.3705438221302,8473200
2025-06-18,104.18231964111328,105.30123361720771,104.0882584042361,104.34075288019352,7405800
2025-06-20,104.30608367919922,105.33587697986995,103.78128684091294,105.09328649114062,9704800
2025-06-23,106.37351989746094,106.56701620816884,104.04660544274394,104.51794183338376,12557200
2025-06-24,106.96393585205078,107.50969856967197,106.63647822147806,107.47000604742911,8652000
2025-06-25,105.7037353515625,107.3261322596288,105.26216643065713,107.30132348575381,9302000
2025-06-26,106.67617797851562,106.89944937759584,105.56977628929218,105.79800641502361,7543000
2025-06-27,108.4523696899414,108.46229471299213,106.96393419645754,107.19712302941596,8902000
2025-06-30,107.82723236083984,108.65579389899794,107.52954222603739,108.41764633350076,7003400
2025-07-01,108.28864288330078,108.74509553462296,106.53229229950512,106.79028990958271,13085400
2025-07-02,109.15689849853516,109.39008733914886,108.2886444321659,108.97828593063049,12436200
2025-07-03,109.75227355957031,110.06483986062806,109.36031464584532,109.64807974550153,6904800
2025-07-07,108.35810852050781,108.80464374231187,107.67343329332817,108.25392226815599,10081600
2025-07-08,107.99095916748047,108.80959566708489,107.90661539732406,108.60617433110943,6855000
2025-07-09,108.6309814453125,108.94355531920681,108.06537626481166,108.47221893055185,4864800
2025-07-10,109.83164978027344,110.09957240164232,108.75005698372837,108.86416824882849,7566000
2025-07-11,109.86141967773438,110.09460850971125,109.08743443567256,109.53892835040008,6690400
2025-07-14,110.26826477050781,110.30299856651604,109.56869825918785,109.88623086729007,7292200
2025-07-15,108.69052124023438,110.60067551828737,108.64586242326405,110.33771919541105,10133200
2025-07-16,108.88897705078125,109.11719958104491,107.89668674736726,108.87905202798633,13982600
2025-07-17,109.26109313964844,109.43474698245875,108.77983170502242,108.96340300070925,7742400
2025-07-18,110.22857666015625,110.28315293422895,109.64808769260554,109.81181651482368,11246400
2025-07-21,110.74952697753906,111.16628710913798,110.5163381387832,110.60068191037527,9807800
2025-07-22,111.87081146240234,112.0791915265452,110.78921861938831,111.10178493031532,10980000
2025-07-23,112.40167999267578,112.57036751885309,111.99483735481702,112.12879865881611,10083200
2025-07-24,110.54114532470703,111.54336068727488,110.30795648929906,110.89837045254163,15148400
2025-07-25,111.56816101074219,111.73685612075057,110.81898453579178,111.09682461734758,12268000
2025-07-28,112.21810913085938,112.79363933583814,111.64754522266927,111.99981161881598,11332600
2025-07-29,111.44412994384766,112.25780775108142,111.19605734931815,112.23796527457196,11012600
2025-07-30,110.7396011352539,111.81127652621794,110.11941966880359,111.60785518828435,13746000
2025-07-31,109.86141967773438,111.46397400312003,109.71258218547202,111.27543641882187,13728200
2025-08-01,107.21200561523438,107.8123445888107,106.54717291896425,107.43031069653486,22660400
2025-08-04,108.47222137451172,108.64090891605005,107.69326982061341,108.03561120057766,12640200
2025-08-05,108.61114501953125,109.29582023159513,108.29361240174916,108.63098749601617,11021600
2025-08-06,110.86859893798828,110.91820891081736,108.78478324423753,108.93362830387319,11728800
2025-08-07,110.8338623046875,111.65249875585442,109.90110702073079,111.14643616485895,12127600
2025-08-08,111.0273666381836,111.57312935882656,110.83387032278738,110.90333034445334,10108600
2025-08-11,111.31513214111328,111.8807373396972,111.12659455139378,111.30520711781895,9686400
2025-08-12,112.49596405029297,112.62495907536882,111.36475361324362,112.15858138156209,9791400
2025-08-13,114.0389633178711,114.20268455176587,112.79860046938684,112.91767045767395,12555400
2025-08-14,113.90996551513672,114.09354437240411,113.26994158952157,113.38901158280382,11244600
2025-08-15,113.6370849609375,114.62441656209114,113.23520858963897,114.5053389973983,9346800
2025-08-18,114.09355163574219,114.2671979105248,113.40886884848408,113.40886884848408,9293000
2025-08-19,114.0389633178711,115.1354398364097,113.78096572562563,114.11338206055053,11843000
2025-08-20,112.91271209716797,114.54999257658162,112.21810435742404,114.277111234917,15303600
2025-08-21,112.242919921875,112.54061005272153,111.60785470860529,112.3520724651471,10117000
2025-08-22,115.65144348144531,115.70601975359413,112.62991360785975,112.79364242430623,14933800
2025-08-25,115.41825103759766,115.84989490437921,114.93202332979787,115.23467218033677,9851400
2025-08-26,115.9491195678711,115.98385336210501,115.17017562224737,115.25451938893438,10809600
2025-08-27,115.97393798828125,116.36093063025392,115.8250929173899,115.94417048821794,8764400
2025-08-28,116.1723861694336,116.35099872983145,115.44801847545709,116.20216123831186,8211400
2025-08-29,114.97667694091797,116.34603479562185,114.67402810408507,116.16742224321925,11766000
2025-09-02,114.11834716796875,114.25230848285682,113.2749018979493,113.52297448151823,14705400
2025-09-03,114.57976531982422,115.2197892499649,114.07369513307326,114.34657648723183,13839000
2025-09-04,116.67350006103516,116.72807633258942,115.31405956904888,115.46290463424911,24662400
2025-09-05,116.64868927001953,118.01308846469347,116.22696285434512,117.28871319755932,30997000
2025-09-08,117.10017395019531,117.43754899967172,116.71318136023177,117.25397772690212,18769200
2025-09-09,116.93645477294922,117.06049106379912,116.16246952933771,117.01583981603102,13340200
2025-09-10,115.53732299804688,117.12002729729264,115.23467414235499,117.12002729729264,16330400
2025-09-11,117.78485870361328,117.86424374665516,115.85485432178221,116.00369938484214,16448800
2025-09-12,118.3951187133789,118.56876497228228,117.55166590800138,117.60128345087328,9002800
2025-09-15,119.42213439941406,120.44915847924311,118.8317204679847,120.28542967359323,13760200
2025-09-16,120.15644073486328,120.29536835559884,119.49657428188779,119.85379943103652,8687400
2025-09-17,119.85379028320312,120.76172926653491,118.5786935844238,120.07705409173676,15324000
2025-09-18,119.31298828125,120.38962239095386,119.31298828125,120.3300873931779,10819800
2025-09-19,119.76448822021484,120.30032593884532,119.54618312330152,119.93814206655269,12576200
2025-09-22,119.37432861328125,120.28885170301585,119.32463113505366,119.68248634757423,12283600
2025-09-23,118.25105285644531,119.73714608246382,118.05224779693181,119.64767849693392,9696400
2025-09-24,119.08605194091797,119.29479953060084,118.40512905845921,118.7828692926799,9862000
2025-09-25,117.4061279296875,118.39022593360924,116.87431260438167,118.34549592977811,11590800
2025-09-26,119.1407241821289,119.21030671185484,117.53037588627986,117.93792853640976,9749400
2025-09-29,119.66259002685547,120.07511773534989,118.91209219608241,119.7669676139868,11244600
2025-09-30,119.10592651367188,119.65761926723302,118.17152606304626,119.54827421092887,12982000
2025-10-01,119.8514633178711,120.21926103473044,118.69340522011856,118.90215281598127,11258000
2025-10-02,118.98664855957031,120.62681695295298,118.91209855329593,120.43795440908211,13191400
2025-10-03,118.22123718261719,119.72720793613239,117.56516681114311,119.52840286934294,13934400
2025-10-06,119.23515319824219,119.4041458445562,117.89320005964662,119.01149560579744,10462800
2025-10-07,117.14767456054688,118.92700801349831,117.10791202940564,118.9220405410784,14624000
2025-10-08,117.49559020996094,117.8534454153864,116.47172965485434,117.65960781110824,7910200
2025-10-09,116.90910339355469,117.08306351400333,116.0890230175588,117.04330098407429,9757600
2025-10-10,113.6933822631836,117.50552667315,113.6585872053754,116.96377642043188,17978200
2025-10-13,116.23316192626953,116.41208952879815,114.54826349576162,114.73713362729947,10860200
2025-10-14,116.4767074584961,117.13773776729448,114.23017363454545,114.70234139108476,12533600
2025-10-15,116.64568328857422,117.78883137646551,115.6864302656998,117.00850594633866,10836000
2025-10-16,115.51744079589844,117.06317401253993,114.6476553945326,116.73513884102523,13036800
2025-10-17,116.51148986816406,116.78982000374947,115.1844466677589,115.4578093308972,11769800
2025-10-20,117.43594360351562,117.58008372245051,116.87928335255168,117.04826841674758,8356400
2025-10-21,118.87232971191406,119.31965247759739,117.59499164067756,117.65959911471,8674600
2025-10-22,117.94290161132812,118.71825195351504,117.28683127013808,118.63872689689924,12749600
2025-10-23,118.47471618652344,118.62382378034884,116.57610274919018,116.96377794277988,11286800
2025-10-24,118.12183380126953,119.20036682791059,118.00254621169589,118.91706164664585,6481600
2025-10-27,119.82164764404297,120.25405285223908,119.09599471265828,119.35444737664936,7407800
2025-10-28,119.8514633178711,120.7311912878067,119.225220530283,119.64271572200839,8999400
2025-10-29,118.86238861083984,119.8961916309691,118.18147330174483,119.8763141580882,11064000
2025-10-30,116.17848205566406,117.94787291119044,116.16357205505557,117.03335748221028,11853400
2025-10-31,119.25006103515625,119.91607391211993,118.4846532121617,119.46875115141953,13414400
2025-11-03,120.36836242675781,120.77095520618522,120.0403348203045,120.48268254651082,10730800
2025-11-04,118.37034606933594,119.727209245636,118.2063284746735,118.83754632372097,9312600
2025-11-05,119.81169891357422,119.99559397716388,117.93793046849993,118.85245348207162,11716200
2025-11-06,117.04329681396484,119.31965037979036,116.43195647000523,119.16060026574098,14726000
2025-11-07,117.2271957397461,117.60492839718457,115.73116752675824,116.7997580240457,11502000
2025-11-10,118.76795959472656,118.95682212839091,117.90810912121748,118.38525188736986,10434800
2025-11-11,119.06120300292969,119.17054806519366,118.26100009304916,118.56418275043066,12775400
2025-11-12,118.26100158691406,119.5383397083297,117.95781892570278,119.40911717126141,9314200
2025-11-13,115.30870056152344,118.14668958899586,115.09995296195747,117.7639818644946,15268400
2025-11-14,114.75700378417969,115.81565933029856,113.6138557066886,113.99159594567857,14662200
2025-11-17,113.678466796875,115.45282506160521,113.03233898572445,114.16057702323087,20233600
2025-11-18,111.58104705810547,112.94288528470773,111.40708693557985,112.35142996883329,27057400
2025-11-19,111.58601379394531,112.44088923216611,110.99953353819673,112.44088923216611,15912200
2025-11-20,109.92100524902344,114.0661525001273,109.80668512595935,112.83851182075378,24924400
2025-11-21,112.07807159423828,113.16654720585463,110.31862316423243,110.65659330968596,19013200
2025-11-24,113.5740966796875,114.2500445354382,112.82359881864076,112.947853883419,11181800
2025-11-25,116.00453186035156,116.19340199611885,113.41008535755219,113.61884055178324,10395400
2025-11-26,116.79975891113281,117.03832650796232,115.9548260017526,116.41208372231216,8122200
2025-11-28,117.5254135131836,117.6943985807173,117.06814820208596,117.06814820208596,4827200
2025-12-01,117.5949935913086,118.25105637436224,116.91407069516757,116.9588082812269,11579800
2025-12-02,117.51546478271484,117.95781248551859,116.78484443548787,117.87828742831353,11105800
2025-12-03,118.78286743164062,119.09598501929567,117.5303743292399,117.5303743292399,9369800
2025-12-04,118.36040496826172,119.08108283185689,117.68942458054327,118.95682776627402,11828800
2025-12-05,119.0164794921875,119.37432711629285,118.46975415104616,118.46975415104616,4556800
2025-12-08,117.28683471679688,118.64867291163648,117.04826712386564,118.5393278515582,6400100
2025-12-09,117.27690124511719,117.78385643847145,116.63077340488438,116.8097009978115,5153900
2025-12-10,118.99658966064453,119.56319245331373,117.40612634647898,117.41606887517207,9440800
2025-12-11,119.46378326416016,119.64271085103316,118.79777797343775,119.00652556080178,5863400
2025-12-12,119.9806900024414,120.63676039835019,118.94689451592099,119.79182745713558,7865600
2025-12-15,121.00454711914062,121.67055239941784,120.4975843669635,120.99460459115726,12137500
2025-12-16,121.20335388183594,121.49162652599851,120.3385359493482,120.93496629392008,12052000
2025-12-17,119.8017578125,121.91906893279389,119.8017578125,121.30276109212005,10597600
2025-12-18,121.61090850830078,122.89322163573082,121.35246344429932,121.49162850458534,11598200
2025-12-19,121.12383270263672,121.69043548097902,121.01448764155951,121.64073800662482,9728700
2025-12-22,121.85191345214844,122.33000180637947,121.60291084241399,121.87183791634288,8073400
2025-12-23,121.68260192871094,122.16069031605318,121.40372020232677,121.78220145971142,9766400
2025-12-24,122.10092163085938,122.14076296210882,121.4435586626358,121.79216081237232,2250000
2025-12-26,121.56307983398438,122.29016321527413,121.39375228036634,121.94156107363132,4197000
2025-12-29,120.36786651611328,121.07503305401497,120.22842565505982,121.07503305401497,6535400
2025-12-30,119.87981414794922,120.29813669846699,119.79016925914888,120.12881675167976,4180500
2025-12-31,118.9336166381836,119.97942309664892,118.88381307394177,119.9595062303264,4356100
2026-01-02,117.87783813476562,119.64078093000882,117.2403920390158,119.60093959915484,16200700
2026-01-05,119.82006072998047,120.66666809661339,118.11687616550388,118.47544053708246,17653800
2026-01-06,120.58698272705078,120.77622714084202,118.96348845812781,119.05312574953005,17759400
2026-01-07,120.41767120361328,121.64275986557614,120.41767120361328,120.77623559222609,11327700
2026-01-08,122.42960357666016,122.64872709307971,119.91966056802872,120.098942754285,12565400
2026-01-09,123.91366577148438,124.06306126227793,121.69255908788642,122.42960470530953,13817800
2026-01-12,124.02322387695312,124.51127449225972,122.8479311852645,123.37582313236899,8773100
2026-01-13,123.71446228027344,124.20250529356984,122.92761307984053,124.03318533370576,9033300
2026-01-14,121.76228332519531,122.91765914984992,121.15471631377471,122.89773468448303,10758100
2026-01-15,122.21048736572266,122.75829618951839,121.91168877007178,122.37981492877773,7447900
2026-01-16,121.81208801269531,122.54913365996772,121.3937578246612,122.27025193391638,7058700
2026-01-20,118.644775390625,120.0889875991092,118.42565186129202,119.80014363762093,9720000
2026-01-21,120.9156723022461,121.41367753611122,118.93361359917076,118.93361359917076,11017600
2026-01-22,122.13080596923828,122.58896987132091,121.23439503083452,121.64275537007819,6594200
2026-01-23,122.63876342773438,122.89772827129111,121.74236010588432,121.99136271727747,6470900
2026-01-26,121.83200073242188,122.90769386682628,121.81208386650631,122.56904635460704,4812700
2026-01-27,122.20052337646484,122.42960152236387,121.33399155760651,122.25031933911582,4269700
2026-01-28,121.28419494628906,123.19654087684235,121.10491275276709,122.5989284991311,8732200
2026-01-29,120.70651245117188,122.11088327591284,119.9296254929377,121.98140464919278,12410400
2026-01-30,120.68658447265625,121.51327497038471,120.0591006244172,120.77622936466565,11706400
2026-02-02,121.4833984375,121.92164547667241,119.64078058482204,120.25830221388479,8483000
2026-02-03,120.5073013305664,122.27024406950261,119.34197093639567,121.59295666453083,12467800
2026-02-04,119.62085723876953,121.05511476296137,118.8738493780791,120.6168677196901,13915400
2026-02-05,117.04119110107422,118.35592460228014,116.60294406768666,118.07704288974506,13290000
2026-02-06,117.51927185058594,117.68859940370908,114.93960841101185,115.2284523558022,20971100
2026-02-09,117.0810317993164,117.73839474689272,115.93561825848131,116.96150780932221,10975700
2026-02-10,117.85792541503906,118.7443741605937,117.23043393071002,117.29019972857196,9920700
2026-02-11,117.29019165039062,118.40571848088825,116.82206552732539,117.9774336873346,10214100
2026-02-12,115.66669464111328,118.72444651959351,115.36789605562375,117.93760492520121,16374300
2026-02-13,115.71649932861328,116.68263072222155,115.06909098866329,115.5372171359957,10836200
2026-02-17,115.57705688476562,115.85593860302774,113.97347940580154,115.51729868769714,9623000
2026-02-18,116.55313873291016,117.29019193221032,115.47745322933949,115.64677318095305,9719500
2026-02-19,115.77625274658203,116.08502115381606,115.11888980009533,115.86589763866826,9482400
2026-02-20,116.98143005371094,117.18063671286089,115.14877438327366,115.46749743895654,16652900
2026-02-23,114.53124237060547,116.3041397999328,113.40575326969551,116.17466117383208,14604800
2026-02-24,116.27426147460938,116.59298452470918,114.85992841472626,114.93961107699043,11320500
2026-02-25,116.62286376953125,117.12086901087137,116.04518346478396,116.51330960747678,8776100
2026-02-26,116.5830307006836,117.19059770649227,115.67665750878783,116.76231289254447,9560900
2026-02-27,116.39378356933594,116.4734662303003,115.18861181833793,115.54717619372077,9636200
2026-03-02,114.95952606201172,115.26829447349387,113.26631131086671,113.57507212339206,18205600
2026-03-03,113.90375518798828,114.31211551930302,111.36392551165166,112.64877989859022,20773100
2026-03-04,115.9256591796875,116.16469956722163,114.42168122691484,114.63084251587684,11496700
2026-03-05,116.08502960205078,116.61291396389336,115.0591323792927,115.45753810865075,14880400
2026-03-06,113.98344421386719,114.53124543027249,113.18663277315049,114.3220841368497,16348500
2026-03-09,114.13284301757812,114.47149054933199,110.5472066283524,112.48943172177775,16278500
2026-03-10,113.98344421386719,115.26829867257041,113.4953935969236,114.15276417535844,11784400
2026-03-11,113.68463897705078,115.23841294062323,113.11691329044108,114.37188866045727,10959300
2026-03-12,111.07508850097656,112.9774722186251,111.02529253495426,112.66871139283262,12088200
2026-03-13,110.417724609375,112.04121898833081,110.2782837473276,111.72249593237147,11708600
2026-03-16,111.75236511230469,112.41969786310659,111.17468484893672,111.34400479511429,9307600
2026-03-17,112.72846221923828,113.19658834318392,112.27029832742842,112.33005652232987,6767000
2026-03-18,110.12887573242188,112.53921921036387,109.99939710886451,112.05117621500196,10979200
2026-03-19,109.26234436035156,109.89979044647292,108.43566145422828,109.19262393214943,12496400
2026-03-20,107.31016540527344,108.99342552332108,106.72252287823717,108.99342552332108,12297000
2026-03-23,109.90100860595703,111.20840099035527,109.37205621374858,109.56168079990296,14779100
2026-03-24,109.46187591552734,110.10060251637331,108.73332434138213,108.82314931468136,9032200
2026-03-25,110.50979614257812,111.68744979759349,109.88104414169526,110.93894131214022,9412900
2026-03-26,108.61357116699219,110.67945424506532,108.52374619096018,109.83114616634172,7981000
2026-03-27,105.46983337402344,108.09460032416649,105.24028742719149,108.09460032416649,10454700
2026-03-30,105.44987487792969,106.95686641960528,104.98080836081965,106.39798254265125,10192000
2026-03-31,108.76327514648438,109.19242031132465,106.49778522480824,107.01675536631005,19487500
2026-04-01,109.5816421508789,110.28024700476789,108.52374501099037,109.47186030037895,14467600
2026-04-02,107.93492126464844,109.31217408750169,106.88700637680628,107.24629104611093,9684700
2026-04-06,108.82315063476562,109.01277521408073,107.71535750737426,107.71535750737426,6908800
2026-04-07,107.55567169189453,107.96485996922522,106.2382971142546,107.89499948458604,8956400
2026-04-08,110.599609375,112.38605047392974,110.06068237189646,112.02676580519406,14442400
2026-04-09,112.51579284667969,112.66549606587675,110.1804500384047,110.59961296077888,6660500
2026-04-10,112.66549682617188,113.23436297158197,112.01678794808828,112.77527868004242,5607400
2026-04-13,113.69344329833984,113.72338241849283,111.77726346633027,112.11658364702659,5992600
2026-04-14,116.20843505859375,116.59765884590566,114.35213348177308,114.42199396631057,8128600
2026-04-15,117.94497680664062,118.2044618789726,115.91901506756969,116.29825662388407,8034700
2026-04-16,117.39606475830078,118.31424092766032,116.8671199953241,118.16453771200874,5671900
2026-04-17,120.17053985595703,121.60767089728495,119.2224245873902,119.45197052818223,9839500
2026-04-20,119.6316146850586,120.16055944434453,118.61363891710826,119.9010743799738,5450100
2026-04-21,118.73340606689453,120.66955043339698,118.44398187499927,120.59968233245696,7208300
2026-04-22,118.6934814453125,119.52183263240636,118.42402175085469,119.29228668850233,5289900
2026-04-23,117.50584411621094,118.61363722862278,116.43797236807413,117.98489287328971,7530900
2026-04-24,118.45396423339844,118.66354569375312,117.43598843827915,117.90505496993,5546000
2026-04-27,117.60564422607422,118.21443170900142,117.04676035226107,117.85514704320104,6915900
2026-04-28,116.77730560302734,117.55575320713807,116.63758462865988,117.21642540208705,6740900
2026-04-29,116.60763549804688,116.89705968592617,115.89904839567562,115.97889112630891,8155400
2026-04-30,118.11463165283203,118.43399495296292,116.19845185204669,118.26433486537938,10280700
2026-05-01,118.39407348632812,119.53180571794981,117.58568679918157,118.37411661130918,13071300
2026-05-04,117.48589324951172,119.0627529550201,116.95694847070473,118.1146376369993,10737700
2026-05-05,117.83518981933594,119.05276478158672,117.81523294428241,118.35415232716623,6216900
2026-05-06,119.6316146850586,120.30028041418527,118.5337961874216,118.73340301163823,10430700
2026-05-07,119.64159393310547,120.85916895804229,119.08271003217267,120.350181054423,7928000
2026-05-08,119.96095275878906,120.8891035533593,119.7014753083402,120.01085636845636,6054100
2026-05-11,119.13261413574219,119.62163755107812,118.27432379049505,119.14258876671283,5829100
2026-05-12,118.05475616455078,119.11264569321996,117.21642272328282,118.79328238564689,6622100
2026-05-13,118.48390197753906,118.99288986918448,117.21642337088389,117.82521086903066,4611800
2026-05-14,118.43399810791016,119.44199164407765,118.32421625673241,118.77332590633823,5966700
2026-05-15,116.29825592041016,117.13658937432626,116.07869221547445,117.07670351847527,10453900
2026-05-18,116.08867645263672,117.54577206631589,115.31022884121298,116.2683187948285,9985100
2026-05-19,114.80123901367188,115.09066320536917,113.97288780442328,114.90103862116908,8578200
2026-05-20,117.70545196533203,117.71542659582163,114.55173268806242,115.0407560798136,12155100
2026-05-21,118.46393585205078,118.98290598144737,116.57769514259772,117.35614272247082,7082300
2026-05-22,118.94298553466797,119.63161575951203,118.74338632288045,118.92302865917796,5289800
2026-05-26,119.21244812011719,120.000877969956,118.46393963644742,119.49189768330042,5007100
2026-05-27,121.30827331542969,121.7074717333727,120.31026204212864,120.44998301125305,13116100
2026-05-28,121.81725311279297,121.94699945092367,120.33021845329117,120.85916320782539,7591900
2026-05-29,120.62963104248047,121.93702343570338,120.58970967595629,121.35817504243595,7258000
2026-06-01,117.9549560546875,119.59169395078492,117.73539235400241,119.45197298020746,11012100
2026-06-02,117.35614776611328,118.03479577002939,116.3281973221423,117.28628727810231,8219300
2026-06-03,116.49786376953125,117.38609322784104,115.89905089111032,116.39805654697973,6086400
2026-06-04,117.02680969238281,117.95496052595709,116.80724598337481,117.72541457175178,4969900
2026-06-05,114.63157653808594,117.86513096199616,114.34215235240131,117.16652610980691,7699300
2026-06-08,115.1605224609375,115.78926683424822,114.54175271831448,114.54175271831448,6307400
2026-06-09,115.63957214355469,117.35614518466863,114.02279109543603,115.92899633444011,8203500
2026-06-10,113.26429748535156,115.44994461449183,113.15451563594678,115.23038091568226,7515100
2026-06-11,116.06871795654297,116.22839580613925,113.21440501167828,113.89305300446195,8680300
2026-06-12,116.36811828613281,116.78728121274841,114.59165935638107,116.78728121274841,7655200
2026-06-15,118.33419799804688,119.27233104440185,118.07471293143811,118.37411936323451,6590300
2026-06-16,118.22441864013672,119.22242994820563,118.10465454204852,118.43400010112454,6050500
2026-06-17,115.26032257080078,117.93499315161398,114.9509415052489,117.57570847551804,9065700
2026-06-18,116.92700958251953,117.42601524113891,115.31022850747279,116.41802167874557,8728500
2026-06-22,114.94000244140625,116.91999816894531,114.87000274658203,115.98999786376953,7555600
2026-06-23,113.76000213623047,114.66000366210938,113.47000122070312,113.94999694824219,9196000
2026-06-24,115.06999969482422,116.95999908447266,113.93000030517578,114.1500015258789,8301400
2026-06-25,113.3499984741211,115.05999755859375,113.12999725341797,114.6500015258789,7151300
2026-06-26,114.37000274658203,115.45999908447266,113.16000366210938,113.19999694824219,8948900
2026-06-29,117.12000274658203,117.54000091552734,115.04000091552734,115.20999908447266,10586700
2026-06-30,117.27999877929688,117.56999969482422,116.2300033569336,116.2300033569336,5167900
2026-07-01,118.08999633789062,119.16000366210938,116.9000015258789,117.77999877929688,9864300
2026-07-02,117.12000274658203,119.20999908447266,116.58000183105469,118.62999725341797,10882400
2026-07-06,118.01000213623047,118.19000244140625,116.0999984741211,117.52999877929688,9063600
2026-07-07,117.38999938964844,119.12000274658203,117.11000061035156,118.91999816894531,9191400
2026-07-08,115.30000305175781,116.31999969482422,114.44000244140625,116.30999755859375,15042700
2026-07-09,116.8499984741211,116.87999725341797,114.55000305175781,114.72000122070312,8521800
2026-07-10,117.23999786376953,117.88999938964844,116.4800033569336,117.58999633789062,5971500
2026-07-13,116.04000091552734,117.5199966430664,115.62000274658203,117.19999694824219,5984800
2026-07-14,115.9000015258789,116.4000015258789,115.45999908447266,116.01000213623047,6669300
2026-07-15,117.0,117.80999755859375,116.45999908447266,116.45999908447266,9073000
2026-07-16,117.33999633789062,118.22000122070312,116.86000061035156,117.12000274658203,6057000
2026-07-17,115.44000244140625,116.87000274658203,115.31999969482422,115.91000366210938,10275100
2026-07-20,114.61000061035156,116.22000122070312,114.37999725341797,116.22000122070312,7804500
2026-07-21,114.87000274658203,115.16999816894531,114.27999877929688,114.63999938964844,6557800
2026-07-22,114.0199966430664,115.2300033569336,113.81999969482422,114.9000015258789,7106000
2026-07-23,108.76000213623047,110.58999633789062,108.29000091552734,110.4800033569336,12650300
2026-07-24,109.41000366210938,109.94000244140625,108.6500015258789,109.0999984741211,8210700
2026-07-27,110.83999633789062,111.36000061035156,110.30000305175781,110.87000274658203,6979100
2026-07-28,112.4800033569336,112.52999877929688,111.25,111.66000366210938,6017900
2026-07-29,111.61000061035156,113.58999633789062,111.44000244140625,111.94999694824219,7534100
2026-07-30,112.38999938964844,112.80000305175781,111.45999908447266,112.16999816894531,8074000
2026-07-31,116.08999633789062,116.38999938964844,114.97000122070312,115.44000244140625,13158000
2026-08-03,118.20999908447266,119.12000274658203,117.63999938964844,117.63999938964844,10041500
2026-08-04,118.29000091552734,118.56999969482422,117.12000274658203,117.52999877929688,10500800
2026-08-05,118.63999938964844,119.63999938964844,118.06999969482422,119.27999877929688,6117400
2026-08-06,118.0999984741211,118.80000305175781,117.70999908447266,118.61000061035156,4827900
2026-08-07,119.86000061035156,120.44000244140625,118.5,118.5199966430664,5077300
2026-08-10,119.66999816894531,119.86000061035156,118.86000061035156,119.2300033569336,4466100
2026-08-11,119.23999786376953,119.95999908447266,119.11000061035156,119.66999816894531,3788600
2026-08-12,117.88999938964844,119.31999969482422,117.55000305175781,119.31999969482422,4486900
2026-08-13,118.44999694824219,118.93000030517578,117.88999938964844,118.04000091552734,4521100
2026-08-14,118.19999694824219,119.18000030517578,118.08999633789062,118.47000122070312,3839300
2026-08-17,116.75,117.95999908447266,116.48999786376953,117.95999908447266,6884900
2026-08-18,116.36000061035156,117.58000183105469,116.06999969482422,116.69999694824219,5287000
2026-08-19,118.58999633789062,119.05999755859375,116.7300033569336,116.9000015258789,7526400
2026-08-20,116.68000030517578,117.4000015258789,116.37999725341797,117.05000305175781,5155600
2026-08-21,118.0199966430664,118.43000030517578,116.73999786376953,117.44000244140625,6561400
2026-08-24,118.30000305175781,118.79000091552734,118.06999969482422,118.37999725341797,4662300
2026-08-25,117.94999694824219,118.56999969482422,117.75,118.41000366210938,4156100
2026-08-26,117.16000366210938,117.83999633789062,116.75,117.69000244140625,3271600
2026-08-27,115.87999725341797,116.62000274658203,115.80999755859375,116.54000091552734,5231500
2026-08-28,117.20999908447266,117.56999969482422,116.37999725341797,116.70999908447266,4505600
