Price,Close,High,Low,Open,Volume
Ticker,XME,XME,XME,XME,XME
Date,,,,,
2006-06-22,35.119483947753906,35.31428916289454,34.65195262041306,34.65195262041306,14000
2006-06-23,35.83638381958008,36.03898002099037,35.820799039088065,35.992225679514334,17700
2006-06-26,36.08571243286133,36.21817852780322,35.883113382079316,36.21817852780322,4700
2006-06-27,35.82080078125,36.670152038169235,35.82080078125,36.241577985027305,11900
2006-06-28,36.10912322998047,36.10912322998047,35.69613679989084,35.914317861448524,20900
2006-06-29,38.40780258178711,38.40780258178711,35.984424873267095,35.984424873267095,125100
2006-06-30,38.555870056152344,38.84418110850971,38.18184418410926,38.72729969552378,42500
2006-07-03,39.607818603515625,39.62340041313046,39.24937456001606,39.24937456001606,9700
2006-07-05,38.96106719970703,39.226002575564785,38.44678123157064,39.02340633402346,16100
2006-07-06,39.00004196166992,39.57666727539303,38.937705777007615,39.11692639509185,18200
2006-07-07,38.46236801147461,39.101329308914536,38.337692708864225,38.844184825252924,23100
2006-07-10,38.244178771972656,38.47015066589548,37.9792434391903,38.446774980574205,11000
2006-07-11,38.228599548339844,38.228599548339844,37.667559239124515,38.21301476502903,82600
2006-07-12,37.99482727050781,38.89872381179983,37.99482727050781,38.649373246787775,23700
2006-07-13,36.335079193115234,37.32469030508429,36.296118734256645,37.270145068183766,67700
2006-07-14,35.867549896240234,36.42079919208654,35.53248455167569,36.42079919208654,94100
2006-07-17,35.213008880615234,36.0701540795966,35.0649579062199,36.0701540795966,111000
2006-07-18,35.18962478637695,35.78183151497291,34.69092375756086,35.76624970875343,84800
2006-07-19,36.77925491333008,37.005229858772324,35.5870440126313,35.5870440126313,6700
2006-07-20,34.87793731689453,36.693524020629496,34.87793731689453,36.693524020629496,143900
2006-07-21,33.49872589111328,34.83119363636337,33.45976244707617,34.83119363636337,12600
2006-07-24,33.958438873291016,34.184410612809216,33.25713906791449,33.75583983063068,15800
2006-07-25,35.329891204833984,35.329891204833984,34.30131940396045,34.48833083730483,20900
2006-07-26,34.91691589355469,34.91691589355469,33.93509515559144,34.27016063271448,28100
2006-07-27,34.34806442260742,35.368842069316514,34.28572531342306,35.33767251472433,8700
2006-07-28,34.34806442260742,34.34806442260742,34.34806442260742,34.34806442260742,0
2006-07-31,35.774051666259766,36.03898704124651,34.987039419310236,35.025999891883146,11300
2006-08-01,35.3454704284668,35.3454704284668,34.99482033046759,34.99482033046759,19800
2006-08-02,36.14027786254883,36.6545637039761,35.81300343300813,35.81300343300813,14200
2006-08-03,36.21821975708008,36.21821975708008,35.85198465240773,36.02341435629598,7100
2006-08-04,35.29869842529297,36.740258557278054,35.259737983345524,36.62337425894452,53900
2006-08-07,35.781837463378906,35.976642770925594,35.540280784416595,35.688331748054566,5500
2006-08-08,34.96364974975586,35.76624950003489,34.85455927190053,35.76624950003489,5900
2006-08-09,34.940277099609375,35.56365343607797,34.558457421495135,34.558457421495135,56000
2006-08-10,34.62079620361328,34.75326237335484,34.340276111816074,34.57404186414948,8600
2006-08-11,33.92729949951172,34.62859695596734,33.91950562113803,34.62859695596734,3600
2006-08-14,33.366268157958984,33.95847822939326,33.366268157958984,33.74029416347273,44000
2006-08-15,34.270145416259766,34.39482067989015,33.64676909810786,33.74027480270746,5400
2006-08-16,35.36104202270508,35.415587242890076,34.89350774220167,34.89350774220167,3500
2006-08-17,34.80002975463867,35.36886105507516,34.64418487051365,35.2987310058436,12200
2006-08-18,35.14287567138672,35.19742091873643,34.690928911561535,35.19742091873643,1700
2006-08-21,35.28314208984375,35.555871348259615,35.11171541261842,35.14288200779984,5300
2006-08-22,35.072750091552734,35.25976451511009,35.018204837284635,35.25976451511009,7900
2006-08-23,34.527286529541016,35.244168483983366,34.46494741741952,35.244168483983366,4700
2006-08-24,34.34025955200195,34.644155180737854,34.083118240183644,34.644155180737854,7500
2006-08-25,34.6441764831543,34.870151361802336,34.519501200536965,34.77664564296264,14300
2006-08-28,34.14548110961914,34.34808033583882,34.14548110961914,34.34808033583882,3000
2006-08-29,34.464969635009766,34.464969635009766,33.74808721843442,34.44938484693277,13900
2006-08-30,34.200016021728516,34.55845703967612,34.08313463195924,34.55845703967612,5400
2006-08-31,34.527286529541016,34.527286529541016,34.379232624498705,34.418193083328404,1200
2006-09-01,35.127296447753906,35.22080216830661,34.4415808945498,34.542880492436296,6000
2006-09-05,36.01560592651367,36.06235729756075,35.30651473153331,35.30651473153331,9900
2006-09-06,34.987030029296875,35.875341644520795,34.97923615337794,35.875341644520795,7500
2006-09-07,34.309112548828125,34.44937261924182,34.106516320726854,34.44937261924182,4500
2006-09-08,33.810401916503906,34.08313107582877,33.75585667913743,34.075337200494985,5100
2006-09-11,31.79222869873047,32.59482866541877,31.753268227918817,32.52469862896044,17600
2006-09-12,32.072731018066406,32.5480562262586,31.83896535063351,31.97143147226518,13500
2006-09-13,33.0078010559082,33.0078010559082,32.28312530961762,32.28312530961762,8400
2006-09-14,32.181819915771484,33.07792506570784,32.025975154153215,33.05454641934556,16000
2006-09-15,32.41611862182617,32.509831544626515,32.1271778906553,32.19746109326285,3900
2006-09-18,32.94715118408203,33.17361964386892,32.65040249089834,32.67382923536394,3500
2006-09-19,32.35365295410156,32.82220574825347,32.01785569266449,32.82220574825347,14400
2006-09-20,31.963178634643555,32.681626364873,31.83823107377822,32.322402499758276,10200
2006-09-21,32.04907989501953,32.626961233446124,32.04907989501953,32.42392256888713,2000
2006-09-22,31.385305404663086,31.838242334867846,31.291595445615368,31.838242334867846,3500
2006-09-25,31.018266677856445,31.05731223730182,30.04992071709084,30.85427056180949,12400
2006-09-26,32.33021926879883,32.33021926879883,31.244733599124675,31.244733599124675,12800
2006-09-27,32.213069915771484,32.478583823327526,31.96317482383456,32.40830064253374,11600
2006-09-28,32.29115295410156,32.52543215092116,32.1740163346755,32.502002443848966,4600
2006-09-29,32.314598083496094,32.541063514061875,32.314598083496094,32.431734758826295,1200
2006-10-02,32.27553176879883,32.61913663270917,32.27553176879883,32.48637824459576,6000
2006-10-03,30.97922706604004,31.666440430441973,30.979227066040036,31.666440430441973,10600
2006-10-04,31.20568084716797,31.221299663886434,30.385712332849028,31.158827375997262,4500
2006-10-05,32.837806701660156,32.869044332000435,31.939747171760054,32.095929365492665,98800
2006-10-06,32.853431701660156,32.97057134799616,32.338022619954664,32.470781084401125,10900
2006-10-09,33.275142669677734,33.89207279868042,33.158002981745476,33.236097100028985,15100
2006-10-10,34.08729553222656,34.18100547293029,33.111141627855645,33.111141627855645,11600
2006-10-11,33.892051696777344,34.32155865346556,33.7202477225084,33.97014278745369,11800
2006-10-12,34.96974182128906,34.98536064360637,34.048252157468056,34.048252157468056,18600
2006-10-13,35.29772186279297,35.52419025844469,34.90726034435275,34.90726034435275,25700
2006-10-16,36.1333122253418,36.15673896508654,35.672567476788835,35.844371512210856,24000
2006-10-17,35.8834114074707,35.94588369659088,35.21962508928719,35.7506529522401,14300
2006-10-18,35.430484771728516,36.25045353643694,35.141544021666334,36.25045353643694,17700
2006-10-19,36.61748123168945,36.6643376869882,35.938079014275196,36.10207213934329,11100
2006-10-20,35.8365478515625,36.34414887783321,35.8053102237031,36.34414887783321,17600
2006-10-23,36.17237091064453,36.17237091064453,35.55544072229229,35.55544072229229,10200
2006-10-24,37.57019805908203,37.57019805908203,36.0786355637648,36.0786355637648,24400
2006-10-25,37.820098876953125,38.04656724842821,37.42182650243009,37.57801168892962,23100
2006-10-26,37.663909912109375,37.87475944588417,37.2265920295782,37.78885745297766,24400
2006-10-27,37.49989700317383,38.29643827232627,37.49989700317383,37.58579895067793,19700
2006-10-30,37.19535827636719,37.55458209266089,37.19535827636719,37.47649099485249,10600
2006-10-31,37.054805755615234,37.164134524970684,36.64872534159102,36.836145237918785,26200
2006-11-01,36.383201599121094,37.984093105361524,36.3597748630981,37.44525732393955,22600
2006-11-02,36.58624267578125,36.789284331323756,36.14111678807221,36.46910600895436,32800
2006-11-03,36.984519958496094,37.054803159441136,36.781478276216944,36.80490799585551,10300
2006-11-06,37.609256744384766,37.81229544161551,37.00013767370729,37.00013767370729,23200
2006-11-07,37.351539611816406,37.757616853463006,37.156308908377646,37.59362377753063,111400
2006-11-08,37.29689407348633,37.585837828326184,37.08604741204278,37.50774371391574,17300
2006-11-09,37.851341247558594,38.429222637254966,37.41402326642172,37.484306460193984,43700
2006-11-10,37.007938385009766,37.74981578854177,36.73461654217492,37.71857815536502,19000
2006-11-13,37.18754196166992,37.25001721400271,36.49252116387962,36.586231063394806,28200
2006-11-14,37.15632247924805,37.24222151778796,36.77366884999573,37.16413039948433,22200
2006-11-15,37.49989700317383,37.83569390033563,36.90639426349972,37.04696054505502,7000
2006-11-16,36.242637634277344,37.70296286348685,36.195781180131796,37.70296286348685,17400
2006-11-17,37.078224182128906,37.18755292696447,36.18797242677086,36.18797242677086,7300
2006-11-20,37.9528694152832,38.64008272129332,37.91382384790457,38.257431990402544,20100
2006-11-21,39.10081481933594,39.10862571765687,38.4214126356734,38.53854929962357,14300
2006-11-22,39.272613525390625,39.49127098505896,38.80405799597846,39.49127098505896,33600
2006-11-24,39.561553955078125,39.66307476609173,39.31946678388704,39.39756086119922,10300
2006-11-27,38.74161148071289,39.59281813070165,38.65570942756935,39.59281813070165,29900
2006-11-28,38.96025085449219,38.99929641156262,38.52293584892731,38.72597453308457,10000
2006-11-29,40.13943099975586,40.13943099975586,39.194512197442556,39.26479536490414,24200
2006-11-30,40.68609619140625,40.834473501081156,40.053550326743334,40.21754347839776,31100
2006-12-01,40.381526947021484,40.881317182116,39.93640108270388,40.881317182116,76100
2006-12-04,41.396728515625,41.44358496986646,40.52209555601236,40.52990645454508,43800
2006-12-05,41.303016662597656,41.5451038630935,40.86570169265008,41.388918668547305,32300
2006-12-06,41.27959060668945,41.74033529975598,40.92036673859959,40.92036673859959,23400
2006-12-07,41.56851577758789,41.873075159914904,41.10777125640546,41.342047475196715,27800
2006-12-08,41.46700668334961,41.623191866246124,41.178066031331035,41.54510076429016,26700
2006-12-11,41.22492980957031,41.467014056066446,41.15464661371996,41.467014056066446,47300
2006-12-12,39.827091217041016,40.46744813162356,39.56938507925267,40.46744813162356,249500
2006-12-13,40.311248779296875,40.311248779296875,39.8661228595443,39.873933758619344,21000
2006-12-14,40.225345611572266,40.64704477999511,40.12382775838478,40.64704477999511,21800
2006-12-15,39.98977279663086,40.35758576319241,39.84108390933839,40.19324494271636,28100
2006-12-18,38.92547607421875,39.97413192703088,38.8706928043547,39.89587224529767,59100
2006-12-19,39.59067916870117,39.63763499223312,38.659411058419884,38.69071195547199,34200
2006-12-20,38.894168853759766,39.72370051161965,38.83156111376208,39.70022410177119,43200
2006-12-21,38.103763580322266,38.39331990764773,37.884642455039376,38.34636410138649,22800
2006-12-22,37.8768424987793,37.9707511867902,37.68119765732962,37.68119765732962,82400
2006-12-26,38.15855407714844,38.46376242160227,38.08812184155174,38.221161835590934,15300
2006-12-27,38.97243881225586,38.97243881225586,38.362028065960914,38.4715886629572,175900
2006-12-28,38.85504913330078,39.34807176135933,38.7846169028207,39.34807176135933,81700
2006-12-29,38.408973693847656,38.698527049824136,38.408973693847656,38.698527049824136,13900
2007-01-03,37.29771041870117,38.36201820503248,36.97685318770144,38.36201820503248,153500
2007-01-04,37.109893798828125,37.17250155017333,36.804688474275004,36.804688474275004,159200
2007-01-05,36.78902816772461,36.953371984970126,36.405566226521245,36.953371984970126,39200
2007-01-08,37.16469192504883,37.258600604290976,36.82035512565581,36.89861484611017,21700
2007-01-09,36.742088317871094,37.070770097763926,36.42123101522712,36.742088317871094,53300
2007-01-10,37.18033981323242,37.26642401060189,36.734269868047896,36.734269868047896,47200
2007-01-11,37.5168342590332,37.87682284937951,37.35249339394357,37.43857755717199,127000
2007-01-12,38.33855056762695,38.33855056762695,37.743788793120146,37.743788793120146,7800
2007-01-16,37.70464324951172,38.18984122364461,37.673339384006134,38.18984122364461,18500
2007-01-17,38.017669677734375,38.15070660628902,37.790721168117166,37.798545640555496,9500
2007-01-18,37.32902145385742,38.47158615564325,37.29771757524083,38.268116915239794,135700
2007-01-19,38.346370697021484,38.346370697021484,37.61857199394774,37.61857199394774,7000
2007-01-22,38.072452545166016,38.50287020592861,37.79854822628027,38.50287020592861,22000
2007-01-23,39.38720703125,39.38720703125,38.69853659618975,38.69853659618975,67900
2007-01-24,39.89588165283203,39.89588165283203,39.05852226529602,39.24634256044254,32200
2007-01-25,39.723716735839844,40.42803917197103,39.62980807278988,40.14631019751856,282100
2007-01-26,40.23240280151367,40.27153117053057,39.567211572316786,39.80198477172138,28500
2007-01-29,40.0289306640625,40.63934153645967,40.0289306640625,40.263703846884255,72700
2007-01-30,40.81148910522461,41.04626216824737,40.381068340164504,40.381068340164504,179200
2007-01-31,41.312355041503906,41.40626370588445,40.83498127084035,41.02279859960144,58400
2007-02-01,42.07927703857422,42.126232857579474,41.36713020282344,41.68016004028511,1290600
2007-02-02,41.774078369140625,41.860162558453695,41.32018100196361,41.48452191685072,91100
2007-02-05,41.5549430847168,41.99318839287463,41.39842967529793,41.6645066507327,23200
2007-02-06,41.89144515991211,41.98535677194496,41.539287063343906,41.71145238146796,71200
2007-02-07,41.641014099121094,42.26707649496589,41.4375449399594,42.02447899580783,93300
2007-02-08,41.57060623168945,41.69581878416763,41.05410407955414,41.24974887938271,52000
2007-02-09,40.874088287353516,41.6488425734905,40.70192000481173,41.51580263189883,31400
2007-02-12,40.889747619628906,41.20278037447398,40.49845816872337,40.96800431568938,81200
2007-02-13,41.75059127807617,42.07927603265116,41.507993682270666,41.75059127807617,96600
2007-02-14,42.00885009765625,42.38448774113825,41.78972888528407,41.86798560818767,61900
2007-02-15,42.43927764892578,42.66622637613206,42.1653760714722,42.2592847572701,149000
2007-02-16,42.57229995727539,42.5801244339563,42.2201388005933,42.25144267792105,32100
2007-02-20,42.57229995727539,42.728813373310054,41.94623435192853,42.28274356994675,112300
2007-02-21,43.94179916381836,43.94179916381836,42.470550239189045,42.64271852401939,226400
2007-02-22,44.2157096862793,44.41135441940443,43.74616352089967,44.137452987149935,139800
2007-02-23,44.20790100097656,44.77918346752043,44.01225619796965,44.19224905849968,61000
2007-02-26,44.29397201538086,44.607004822289696,43.98094219377412,44.52874811321353,63000
2007-02-27,41.16365051269531,43.01836472570862,40.87409714455846,42.63489973658006,311600
2007-02-28,42.25926208496094,42.556642913295136,40.8897489618372,41.21843067844208,1437100
2007-03-01,42.00102615356445,42.51753131509703,40.756728034499915,41.00715315113839,103200
2007-03-02,40.443668365478516,42.01665027436437,40.443668365478516,41.758400849905904,131500
2007-03-05,39.794151306152344,40.5219502042736,39.363733341263035,39.755022943035634,356800
2007-03-06,41.24973678588867,41.351472887857554,40.451505878375116,40.748886722813936,54400
2007-03-07,41.39842987060547,41.97753665291197,41.08539707968708,41.10104901776319,58200
2007-03-08,42.094932556152344,42.60360720475132,41.91493971262017,42.415789883371005,137800
2007-03-09,42.48622131347656,42.72099445336765,41.96971921159519,42.43926549137737,168800
2007-03-12,42.45491409301758,42.72881557046455,41.81319950131135,42.47839050956954,78200
2007-03-13,40.968013763427734,42.72881669856593,40.968013763427734,42.45491521388757,211200
2007-03-14,41.86014938354492,41.922754147239615,40.54541650763684,41.437556033724086,156400
2007-03-15,42.43927764892578,42.97143184395271,41.946251824206044,41.98538317981652,94000
2007-03-16,42.13193893432617,42.73561311616582,41.94377861155955,42.54745578410608,111700
2007-03-19,43.01000213623047,43.0256824082241,42.33576539403472,42.57096349252703,101500
2007-03-20,43.229522705078125,43.66856137663284,42.947283772700544,43.30792407001983,106200
2007-03-21,44.28008270263672,44.319281894741074,43.472567980601816,43.472567980601816,86100
2007-03-22,44.42121124267578,44.774010024951316,44.29577200794529,44.42121124267578,104700
2007-03-23,44.577999114990234,44.7818366954122,44.27224124900404,44.530958293028334,80200
2007-03-26,45.064083099365234,45.166003401787066,44.06840796678559,44.875925761809356,432700
2007-03-27,44.562320709228516,44.92295805393635,44.46824205206704,44.92295805393635,105300
2007-03-28,44.27225875854492,44.578016745457454,44.06841810679814,44.3976980093477,68600
2007-03-29,44.946475982666016,45.13463328033359,44.46039648382774,44.84455570185072,102000
2007-03-30,44.86807632446289,45.47959205122176,44.84455740903569,45.11895472470788,32900
2007-04-02,45.62071990966797,45.66776073987429,44.93080567755057,45.15816221344697,1150800
2007-04-03,45.79317855834961,46.04405688743682,45.628540215643426,45.785339918999334,77200
2007-04-04,46.545814514160156,46.592855323357455,45.605019265153786,45.82454005070219,177800
2007-04-05,46.828067779541016,47.157347563707916,46.506629628003125,46.506629628003125,78100
2007-04-09,47.51797866821289,47.80805623256717,47.18869892727313,47.30629947561723,274400
2007-04-10,47.42390060424805,47.627738167738336,47.15734195001847,47.627738167738336,86300
2007-04-11,46.92214584350586,47.69046433328906,46.68694770961815,47.69046433328906,107600
2007-04-12,47.54149627685547,47.54149627685547,47.047578174354165,47.23573844839955,102600
2007-04-13,48.176544189453125,48.19222446488515,47.455266473113824,47.63558515452197,169500
2007-04-16,49.26628875732422,49.30548794326772,48.41173334464873,48.654773082628324,199800
2007-04-17,48.717498779296875,49.391735649211874,48.63910039518396,49.26629644020723,123500
2007-04-18,48.11382293701172,48.36470136172473,47.87078614534352,48.168702405498514,189000
2007-04-19,47.925655364990234,48.02757264712414,47.02405916287218,47.32981699068607,190600
2007-04-20,48.889984130859375,48.889984130859375,48.59206485555424,48.81942438120045,261700
2007-04-23,49.77589797973633,50.003254503972066,49.16437918124573,49.16437918124573,200400
2007-04-24,49.1095085144043,49.54854734706204,48.795911911683646,49.54854734706204,98900
2007-04-25,50.105140686035156,50.37954084193483,49.52498283443125,49.666102231018556,118400
2007-04-26,50.07379150390625,50.07379150390625,49.470114612959534,49.90131452842539,78900
2007-04-27,49.65043640136719,49.86995418412403,49.36035591334652,49.54851614907059,52000
2007-04-30,48.70966720581055,50.01110030960999,48.70966720581055,49.532862321283055,166800
2007-05-01,48.18436813354492,48.64692565021636,47.57285253176791,48.64692565021636,466100
2007-05-02,49.054603576660156,49.25844410381499,48.631245242451655,48.631245242451655,1081700
2007-05-03,49.5563850402832,49.5563850402832,48.795910975477994,49.1879089643884,596500
2007-05-04,49.41525650024414,49.893494437886766,49.007578307347266,49.8307763262832,182300
2007-05-07,50.21492004394531,50.285476776124916,49.9326781616977,49.97188033384971,502600
2007-05-08,50.62260818481445,50.661810367083994,49.768052649633496,50.17573082144251,210900
2007-05-09,51.74372482299805,51.900521596562946,50.52069324123405,50.52069324123405,232900
2007-05-10,50.379581451416016,51.4379747882554,50.120861352224445,51.26549472212769,216600
2007-05-11,51.46931838989258,51.68883622668549,50.71668324314013,50.8499610752769,194500
2007-05-14,50.865638732910156,51.75939335011678,50.387400878617356,51.735874436202785,370800
2007-05-15,50.497161865234375,51.281157502467046,50.44227642847254,50.88131805268302,160800
2007-05-16,50.3325309753418,50.9205278604809,49.76021735673137,50.9205278604809,492000
2007-05-17,50.026763916015625,50.316841471511886,49.7053258164911,50.16004174207663,408500
2007-05-18,51.100852966308594,51.100852966308594,50.07381726135646,50.07381726135646,120800
2007-05-21,51.45364761352539,51.9789294006582,51.006770199771196,51.045972386460505,133800
2007-05-22,50.69315719604492,51.665310042792505,50.661796654999954,51.39091278541355,109900
2007-05-23,51.100852966308594,52.08084784063837,51.07733404635092,51.1165302524757,165200
2007-05-24,49.44660568237305,51.43011373092381,49.36036568187848,51.25763372993467,457600
2007-05-25,50.740203857421875,50.74804548940227,50.01892624124772,50.07380570228522,263800
2007-05-29,50.63044738769531,51.13220419331637,50.26196842513326,51.09300201292822,126900
2007-05-30,51.52421188354492,51.52421188354492,49.90917924102568,49.96405871517229,202300
2007-05-31,51.92403030395508,52.339547007600075,51.602589242547204,51.829948680306316,257200
2007-06-01,52.66883087158203,52.919709253974005,52.182751388829644,52.182751388829644,217700
2007-06-04,52.4571647644043,52.60611990732151,52.21412198553609,52.527721519247144,138700
2007-06-05,52.14354705810547,52.59042429394278,51.68098656127091,52.15922433769121,163200
2007-06-06,51.05380630493164,51.53204419948414,50.763725718943284,51.53204419948414,351900
2007-06-07,49.19573974609375,51.35956997386518,49.19573974609375,50.91269257718111,415500
2007-06-08,50.51285934448242,50.51285934448242,48.874307687838424,49.12518615281392,585000
2007-06-11,49.40742492675781,49.91702049775903,49.258466773518784,49.50934523724093,244200
2007-06-12,48.01974105834961,49.0702955129687,48.01974105834961,48.88213521168634,995800
2007-06-13,49.43875503540039,49.807230869792605,48.09028188032451,48.27060047815588,496800
2007-06-14,50.05812072753906,50.465801812453044,49.76020453580353,49.76020453580353,344500
2007-06-15,50.7495002746582,51.00846777875486,50.59255353788495,51.00846777875486,240900
2007-06-18,50.10599899291992,50.78088060209727,49.98828896402378,50.78088060209727,352100
2007-06-19,50.48268127441406,50.68671080104406,49.78425523960394,50.106000786476784,282100
2007-06-20,49.41541290283203,50.906430182444986,49.39186850801489,50.60822313424347,626700
2007-06-21,50.05105972290039,50.074604120087336,48.8817907750507,49.43895928022918,425700
2007-06-22,49.564510345458984,50.082442095682055,49.227069645238515,49.71361086670489,259800
2007-06-25,48.84254837036133,49.85486752357107,48.73268151470816,49.28200381871107,229600
2007-06-26,47.67329406738281,49.085835515110425,47.50064908154309,49.04659883475598,740200
2007-06-27,48.159828186035156,48.21476012891413,46.29998227847141,47.08472774081839,821800
2007-06-28,48.7484016418457,49.22709699384974,48.654232996824874,48.654232996824874,464300
2007-06-29,49.070125579833984,49.580211252705,48.82685643819642,49.274161046408764,131000
2007-07-02,50.2080192565918,50.22371452660936,49.43896898713109,49.43896898713109,238600
2007-07-03,50.01183319091797,50.38851069304365,50.003987052642444,50.10600181805772,42500
2007-07-05,50.60038375854492,50.61607603150343,49.94904366882475,50.30217668814523,303500
2007-07-06,51.32234573364258,51.48714153433976,50.60038146759825,50.60038146759825,347800
2007-07-09,51.64409255981445,52.0050747232735,51.58916062161704,51.79319610083554,269500
2007-07-10,50.83580780029297,51.61270409658269,50.820115526092124,50.86719833582712,195000
2007-07-11,51.58915328979492,51.81673014059319,51.13400557532978,51.44005575709573,265300
2007-07-12,52.65641784667969,52.87614561202238,52.53086168954068,52.679959251947466,487300
2007-07-13,53.16651916503906,53.37839786168978,52.907551656917036,53.088045795432656,231800
2007-07-16,52.358211517333984,53.19003968527904,51.957989706265415,53.15864915233915,408000
2007-07-17,51.9579963684082,52.577946002415,51.94230409349216,52.499472653569285,515700
2007-07-18,52.10710144042969,52.35037062507924,51.4793026571066,51.534234601612404,589600
2007-07-19,52.42099380493164,52.63287242329892,51.99723058106497,52.52300854901483,258600
2007-07-20,51.50285720825195,52.02864136800675,50.929996210362454,51.942318863590344,206400
2007-07-23,51.03984832763672,51.22818557230655,50.70240752123953,51.22818557230655,203300
2007-07-24,49.6351432800293,50.67100690030115,49.28200727458072,50.61607496540537,417900
2007-07-25,48.928897857666016,49.94906975968319,48.08137397760101,49.87059338606857,649000
2007-07-26,46.45692825317383,47.94794271621447,45.65648758638593,47.688978291011225,1144200
2007-07-27,45.68787384033203,47.2730597581726,45.664329444925876,46.307820372798226,1165200
2007-07-30,46.76297378540039,47.19458311311971,45.71141493580407,46.45692358926426,741600
2007-07-31,46.417701721191406,47.987192863161475,46.417701721191406,47.86163369154654,728500
2007-08-01,46.02531051635742,46.77866524455426,44.96590262336288,46.55108840158889,577800
2007-08-02,46.103790283203125,46.527553499581174,45.734959002996376,46.237195558600284,676800
2007-08-03,44.6990966796875,46.16657271382138,44.33811451887465,46.16657271382138,390500
2007-08-06,44.518619537353516,44.518619537353516,42.917737722669216,44.45584144317589,504200
2007-08-07,44.57353973388672,45.028693519265204,43.78094816838111,43.91435345429576,735700
2007-08-08,46.143028259277344,46.63741869238289,45.122859852626824,45.122859852626824,551100
2007-08-09,44.55000305175781,45.421071048584864,44.22040838023862,45.421071048584864,855200
2007-08-10,44.746185302734375,45.358285787373575,43.56906714392589,43.851575981010534,905700
2007-08-13,44.52648162841797,45.86839633703665,44.46370052240245,45.50741395815114,405900
2007-08-14,43.459205627441406,44.84820548968418,42.79217017166167,44.79327354543445,546700
2007-08-15,42.18791198730469,43.812337742506486,42.109438643614205,42.70584383893392,824800
2007-08-16,41.56797790527344,41.56797790527344,38.58594204997308,41.10497785351403,962200
2007-08-17,42.321319580078125,42.870641957734705,41.356083099162745,42.870641957734705,845600
2007-08-20,42.39980697631836,42.870656167619764,41.874028821967315,42.870656167619764,313100
2007-08-21,43.16100311279297,43.27871613689084,42.65091733312425,42.71369841092753,367500
2007-08-22,44.57353973388672,44.66770834709507,43.94574398988729,43.94574398988729,804100
2007-08-23,44.40088653564453,44.80895142077211,43.70246076658024,44.78541002182084,353500
2007-08-24,45.90760803222656,45.90760803222656,44.118389395065606,44.23609941439309,280600
2007-08-27,45.00516128540039,45.48385660507774,44.48722928241132,45.30336546699017,343800
2007-08-28,43.357181549072266,44.26748605551829,43.22377627352527,44.024213913939285,354600
2007-08-29,44.722633361816406,44.722633361816406,43.678920736637146,43.796633722213876,125100
2007-08-30,44.3145866394043,44.89529672862183,43.969296646669214,44.43229668764552,176700
2007-08-31,45.45246887207031,45.719282526085344,44.99731792908422,45.08364043384897,304700
2007-09-04,45.91545867919922,46.315680567494425,45.099325620243434,45.099325620243434,305700
2007-09-05,45.42107009887695,45.92330673681775,45.08362929646676,45.71927123167524,244500
2007-09-06,46.45692825317383,46.660960739892566,45.55446984624349,45.90760587476259,169500
2007-09-07,45.342594146728516,46.10379824159486,45.18564744118481,45.711425490602565,451100
2007-09-10,44.58138656616211,45.58585970477531,44.00852279219889,45.47599582943525,204000
2007-09-11,45.64078140258789,45.86835823248575,45.044376358735846,45.12284968249663,470100
2007-09-12,45.648643493652344,45.83698372750261,45.25627075056687,45.38183290217802,178700
2007-09-13,46.24504470825195,46.66880792480951,45.672180949675706,45.70357148280575,177900
2007-09-14,46.68450927734375,46.70020155238847,46.080254906864575,46.080254906864575,111300
2007-09-17,46.307838439941406,47.006264567210614,46.08026448170948,46.378465666583594,129300
2007-09-18,48.418800354003906,48.418800354003906,46.15088622531185,46.43339210474996,715300
2007-09-19,48.63853073120117,49.69008992905251,48.20692126054158,48.7013118145675,598000
2007-09-20,49.266319274902344,49.47035477195163,48.575745421909154,48.83470986839001,435600
2007-09-21,49.45252227783203,49.798236148354896,49.45252227783203,49.55466528478124,423400
2007-09-24,49.22468566894531,50.22253377801098,49.106828082649784,49.85325246895464,391000
2007-09-25,49.263973236083984,49.263973236083984,48.478263943633664,48.988973185380516,246000
2007-09-26,49.47610855102539,50.010391038899094,49.16968244711838,50.010391038899094,145000
2007-09-27,50.63894271850586,50.63894271850586,49.97895003499406,50.28537606583653,110400
2007-09-28,50.285396575927734,50.77253851327214,49.90039768960628,50.59968150342456,192800
2007-10-01,51.023956298828125,51.14966665106585,50.45824472754498,50.662530793727306,182000
2007-10-02,50.38752746582031,50.75681173888156,50.002531646760545,50.75681173888156,387000
2007-10-03,49.617523193359375,50.46609032885289,49.5625238046413,50.46609032885289,290200
2007-10-04,49.185386657714844,49.389672694680385,48.71396241389661,48.823961204304716,264100
2007-10-05,50.301090240478516,50.77252046135226,49.32681270667569,49.538954507723595,495800
2007-10-08,50.363956451416016,50.65467100148399,50.10467398463735,50.473955255336826,211400
2007-10-09,51.95109558105469,51.990377445209546,50.82753116107341,50.99252937728925,299100
2007-10-10,52.226070404052734,52.6896357675992,51.76249904602322,52.139641947377456,324600
2007-10-11,51.691810607910156,53.39679818668611,50.87467229495408,52.88608599177786,674100
2007-10-12,51.73108673095703,51.83323275529317,50.93752481818318,50.95323636335836,231000
2007-10-15,51.42467498779297,52.53252805786893,51.09467849672268,52.15538492915527,440500
2007-10-16,50.803955078125,51.25180904116713,50.59181025671903,51.25180904116713,253200
2007-10-17,50.93752670288086,51.463950405759505,50.39538545976049,51.25966434401361,429300
2007-10-18,51.927494049072266,52.18677940340434,50.6939314173962,50.6939314173962,452800
2007-10-19,50.53681564331055,51.95109460499719,50.4818162389386,51.70752067607669,775500
2007-10-22,50.324676513671875,50.50538627224248,49.35825156286596,49.81396433623738,744900
2007-10-23,51.32251739501953,51.32251739501953,50.426809514142434,50.81180528885654,412700
2007-10-24,51.72323989868164,51.864667799448476,50.54467605711993,50.96895975942043,397900
2007-10-25,52.5482292175293,52.6425164796868,51.817519420643784,51.951094540654935,287600
2007-10-26,54.7403450012207,54.7403450012207,53.33392516135133,53.33392516135133,328300
2007-10-29,54.465362548828125,55.125361406618886,54.465362548828125,54.787506204359644,268200
2007-10-30,52.752506256103516,54.00963956386524,52.67393654833424,54.00963956386524,831100
2007-10-31,53.836769104003906,54.23748230592971,52.893920858336905,53.3496334413519,824000
2007-11-01,51.401100158691406,53.13751696503609,51.20467283678156,53.13751696503609,986000
2007-11-02,52.06892776489258,52.20250283780299,50.50536868431811,51.55036299209445,428200
2007-11-05,51.1260871887207,51.605370184514044,50.5603757186378,51.47180108587899,331600
2007-11-06,53.318214416503906,53.349643496547536,51.856795164137665,51.89608301281322,296500
2007-11-07,52.06108093261719,53.341784467091365,51.738937359608244,52.20250879487994,485400
2007-11-08,52.24965286254883,53.04322069726273,51.008231100221025,52.72893587212494,618100
2007-11-09,51.401100158691406,52.10823971646407,50.89038792282858,51.377529839180006,411500
2007-11-12,48.21110916137695,51.078948474495434,48.163965538026375,51.078948474495434,772900
2007-11-13,49.49182891845703,49.79039628715858,47.92826613081244,48.5411184107444,783900
2007-11-14,50.308956146240234,51.11038283982948,50.04181491412467,50.426813718178074,383800
2007-11-15,48.5254020690918,49.57825258632215,47.991122535367516,49.52325317847931,872300
2007-11-16,49.12252426147461,49.27180788402455,46.35682837822345,48.85538309669348,540800
2007-11-19,48.09324645996094,49.38966748969978,47.84967859179514,49.38966748969978,455000
2007-11-20,49.3582649230957,50.02611672305922,47.708276360101394,47.708276360101394,996900
2007-11-21,49.09109878540039,49.971092040962596,48.3525333919945,49.15395694513298,500400
2007-11-23,50.08894348144531,50.2932294784132,49.41323333296048,49.53894663984778,165500
2007-11-26,49.48396682739258,51.04752951014025,49.42896742120353,50.66253366681695,544300
2007-11-27,49.617523193359375,50.09680315258232,48.87109906430309,50.073232842343685,608400
2007-11-28,52.17108917236328,52.35179892138379,50.28538599852169,50.43467265644004,352300
2007-11-29,52.7210807800293,53.05893594158125,51.699662520198544,52.54037103924853,373800
2007-11-30,52.49322509765625,53.23179359866254,52.17894624100118,52.98036691664752,738100
2007-12-03,52.10823059082031,52.862510655519735,51.99037301941742,52.862510655519735,188300
2007-12-04,51.9039306640625,52.09250512571204,51.306796185622765,51.306796185622765,360800
2007-12-05,53.011817932128906,53.011817932128906,52.40681829436197,52.76039114609896,575200
2007-12-06,54.685359954833984,54.685359954833984,53.07465966696859,53.23179911157014,415700
2007-12-07,55.27461624145508,55.38461500058372,54.308197715613026,54.92890842468625,161200
2007-12-10,56.12321090698242,56.12321090698242,55.55749929855229,55.856066649896746,217100
2007-12-11,53.78179931640625,56.21750294784656,53.67965926517592,56.21750294784656,331800
2007-12-12,54.638214111328125,55.36892384858453,53.946792228719325,55.21177842447912,351200
2007-12-13,54.22178268432617,54.24535299647628,53.16107667618166,54.12749544124149,725900
2007-12-14,53.34177017211914,53.93105177454598,53.23177141922472,53.49105676296832,628100
2007-12-17,51.715370178222656,53.106072579237534,51.5346544565392,53.00393255927653,547000
2007-12-18,52.076805114746094,52.658228247615725,50.968958253541985,52.147522060283016,1514200
2007-12-19,52.46967315673828,52.68967083122981,51.87253232991337,51.90396142548174,355600
2007-12-20,53.26321029663086,53.26321029663086,51.74679178742867,52.886067364072105,190800
2007-12-21,54.82366180419922,54.82366180419922,53.72876441746344,53.95719706781315,1233100
2007-12-24,54.67396545410156,55.36713555775541,54.516422696697255,55.09931587498894,215500
2007-12-26,56.005184173583984,56.12333977503909,54.80001025995769,54.80001025995769,360200
2007-12-27,54.88667297363281,56.05246602610298,54.800025908466,56.05246602610298,707100
2007-12-28,55.0599479675293,55.49317713314655,54.82363677927031,55.49317713314655,574300
2007-12-31,54.445560455322266,55.11510098585965,54.240757772102626,55.09147106272752,145000
2008-01-02,54.642478942871094,55.28051084119643,54.08321545019858,54.603091735222606,163400
2008-01-03,54.161983489990234,54.768506820028584,53.88629106724553,54.760628176623285,149300
2008-01-04,51.84614181518555,53.38214635463396,51.78312470340239,53.38214635463396,694800
2008-01-07,50.38105392456055,52.200630429110056,49.309786490721706,51.93281657547323,865600
2008-01-08,49.624847412109375,51.90128834436958,49.6090931317174,50.522820360699875,803500
2008-01-09,49.25463104248047,49.664233332406475,47.65560908753269,49.451555046974406,1027800
2008-01-10,50.54645919799805,51.34991261565268,48.52208038515641,48.915928449986644,1264000
2008-01-11,50.30226516723633,51.15297825786551,49.87690862192174,50.65672595017683,1193800
2008-01-14,52.03518295288086,52.208476991515816,50.61733410972968,50.61733410972968,321700
2008-01-15,50.467681884765625,51.893409704875026,50.15260228655067,51.255377875481265,937200
2008-01-16,48.30940246582031,50.31802688703002,47.46656488815796,50.15260842506853,1701200
2008-01-17,45.56821823120117,49.262514867189346,45.560342592314605,48.372417431899,2214400
2008-01-18,46.31652069091797,47.26175642028804,45.06408402558747,46.52132331810595,1681000
2008-01-22,45.946327209472656,46.57648365657469,43.008217328617825,43.67776099508239,1932900
2008-01-23,45.883296966552734,45.93055981340445,41.76364680120742,44.11098077471164,2187400
2008-01-24,48.159732818603516,48.6874906995698,46.15898426328842,46.355908262713406,1534200
2008-01-25,49.75875473022461,51.152980011493185,49.215245573571146,49.215245573571146,1813300
2008-01-28,51.34990692138672,51.34990692138672,49.27038684563336,49.93205164136808,584600
2008-01-29,51.33415222167969,52.09821838276356,50.69612031834515,51.26326245892882,466900
2008-01-30,50.57009506225586,52.279400431789796,50.40468258157106,51.51533413469935,848300
2008-01-31,51.62560272216797,52.2478833575883,49.08134469911427,49.54608551476941,851800
2008-02-01,53.846893310546875,54.05169593145259,52.3345185938037,52.373899783826744,702100
2008-02-04,53.405784606933594,54.209231783445006,53.397905965206604,54.09107619611141,405200
2008-02-05,52.03518295288086,53.05131126244233,51.688600885253,52.11395734109097,1156700
2008-02-06,51.20812225341797,52.99618965525259,51.089966643158036,52.37390905021796,910700
2008-02-07,52.20059585571289,52.948910440447065,50.41252910815056,50.822128262911896,1317800
2008-02-08,53.90993118286133,54.22500486292875,52.586601293784376,52.586601293784376,1163300
2008-02-11,55.28838348388672,55.30413475945006,53.64209573909616,54.03594373425788,992300
2008-02-12,53.6263427734375,55.950043467800114,53.07495199180273,55.76099811878065,1377000
2008-02-13,55.50107192993164,55.6192275584525,53.555461410508954,54.18562075619024,967100
2008-02-14,55.19386672973633,56.020950057222315,54.8394058806106,55.831898662020436,795000
2008-02-15,54.82366180419922,54.87092766921199,53.39793341060354,54.56372058038963,1779600
2008-02-19,57.73026657104492,57.84842222620767,55.54047166599415,55.54047166599415,1945700
2008-02-20,58.79362106323242,58.79362106323242,56.24936669032673,57.58844730663049,3244300
2008-02-21,57.4309196472168,59.41591097145144,57.391532442397455,59.226865609534734,3667800
2008-02-22,58.26589584350586,58.454941271413,55.926436888188995,57.84053912348045,2960900
2008-02-25,60.09332275390625,60.376893767274225,57.3521382945635,58.32888556711673,1646400
2008-02-26,60.29812240600586,61.21184650767348,59.23472815344651,59.864887265360004,1848200
2008-02-27,59.967308044433594,61.133101035553764,59.518321462035914,59.57345995427264,1250400
2008-02-28,61.11733627319336,61.4796817603218,59.4710543422555,59.998809276223156,1290200
2008-02-29,58.21073532104492,60.51080618763196,57.87202580229355,60.51080618763196,2115000
2008-03-03,59.80976867675781,60.06970984755933,58.470687630835194,58.470687630835194,1407100
2008-03-04,58.1634635925293,60.16421194169269,56.98979835958786,59.79399990901994,2010100
2008-03-05,60.28242111206055,60.32968098597319,58.289549633434156,58.903952032891496,1188400
2008-03-06,58.116214752197266,60.25087036858723,58.037446347574516,59.92791810674075,993200
2008-03-07,56.146968841552734,57.89565488955573,55.51681565942526,57.89565488955573,1555600
2008-03-10,53.24823760986328,56.69047059593112,53.0513136497605,56.69047059593112,2261400
2008-03-11,56.72197723388672,56.72197723388672,53.917776050229314,53.917776050229314,1883400
2008-03-12,55.839786529541016,57.34428924757042,55.666492393470044,57.33641060239116,644500
2008-03-13,57.98230743408203,58.25799985304249,54.68185902092162,55.13872417785268,1238300
2008-03-14,57.13945388793945,58.98265916998169,55.6900904951164,58.98265916998169,1253500
2008-03-17,54.74489212036133,56.39905312638554,53.41368346801698,54.9339375471409,913300
2008-03-18,57.005577087402344,57.26551227031239,55.50895308105895,55.926431112326036,1779200
2008-03-19,52.33454513549805,57.76964490583122,52.33454513549805,57.63573797448415,2281500
2008-03-20,52.06653594970703,53.319730042688946,49.788723920085076,51.199549691546046,1030400
2008-03-24,54.43893051147461,55.35321108239751,52.97293305345208,52.97293305345208,659400
2008-03-25,55.834014892578125,56.15716779714684,54.588709636421655,54.588709636421655,680200
2008-03-26,56.81135940551758,57.18967806669422,55.82614578935613,55.82614578935613,478500
2008-03-27,55.834014892578125,57.008393678518964,55.629094820343425,56.8428785371298,2817900
2008-03-28,55.66057586669922,56.622138358980564,55.29013494932537,56.622138358980564,508900
2008-03-31,55.006431579589844,56.38573024704215,54.28919338614745,56.31479176010396,451000
2008-04-01,56.299034118652344,56.306917509475426,53.942405376836966,55.05372295227908,601200
2008-04-02,57.25267028808594,57.33936947212866,56.03100434076404,56.574843583711996,358300
2008-04-03,58.56105041503906,58.97877967425178,57.08716992215985,57.2211574178957,454000
2008-04-04,61.15415573120117,61.477308572887225,58.56895705077134,58.56895705077134,954100
2008-04-07,60.807373046875,63.368927920416425,60.129545737738184,61.8714023301545,1082900
2008-04-08,62.39158630371094,62.43099122494469,60.1058904079012,61.169919493442045,1192100
2008-04-09,61.28026580810547,62.375822490687604,60.815248027890085,62.375822490687604,628400
2008-04-10,61.87139892578125,61.87139892578125,60.1925975273476,61.65071209555693,296000
2008-04-11,60.29505920410156,61.76105720306643,60.09013313616419,61.41426016705938,456200
2008-04-14,60.25567626953125,60.52365756189102,59.60149884746175,59.99558438490347,317800
2008-04-15,60.8388786315918,61.40636231465304,59.60145127229676,60.767940164577496,525400
2008-04-16,64.55906677246094,64.55906677246094,61.47731636082648,61.47731636082648,716600
2008-04-17,63.40834045410156,64.51966420351178,62.69899152234699,63.51868388851966,872400
2008-04-18,63.802406311035156,64.44082857250996,62.6201504361184,63.865461400880825,881000
2008-04-21,64.43294525146484,64.96101809963898,63.849700702933184,63.849700702933184,435000
2008-04-22,63.72357940673828,65.19746030669626,63.31373342033068,64.6693875506427,1024400
2008-04-23,62.580745697021484,63.75511818580884,62.24971549426494,63.75511818580884,529200
2008-04-24,60.610313415527344,62.76989892899523,59.97977460228556,62.76989892899523,722600
2008-04-25,62.5492057800293,62.762009150205614,60.57089631783261,60.72065062371498,313100
2008-04-28,62.54133987426758,64.26743552199633,61.627065047173765,62.65956667441945,2876900
2008-04-29,59.68817138671875,62.34430286975897,59.349257735933556,62.34430286975897,821500
2008-04-30,60.21623229980469,61.169917960772594,59.42017834635088,59.79850286295457,1237800
2008-05-01,59.215274810791016,59.86945807068894,57.394602040326326,59.86945807068894,1413000
2008-05-02,61.16202926635742,61.44577112588299,59.72755920465087,59.72755920465087,1009600
2008-05-05,63.376827239990234,63.71573496647117,61.54826491333772,61.54826491333772,498300
2008-05-06,64.4487075805664,64.65363362112117,63.09305919414697,63.802407926445525,3518500
2008-05-07,64.2674331665039,65.8122468622782,63.77876521664346,64.55117507116292,1464800
2008-05-08,65.81224822998047,65.8516591671606,64.43294961438207,64.57482056965992,865500
2008-05-09,65.0240707397461,66.45065751900388,63.731471511556514,66.45065751900388,1060600
2008-05-12,65.4102783203125,65.63884852257866,63.81029291771411,65.03195978869344,860300
2008-05-13,66.80532836914062,66.8526166714316,64.7245588826518,65.61518931762376,1039600
2008-05-14,65.78075408935547,67.68812655753584,65.73346575133593,67.1127650674054,1275500
2008-05-15,68.00335693359375,68.38955883551837,66.19844557707864,66.19844557707864,1302100
2008-05-16,69.75306701660156,69.87917714277124,68.5392841118964,68.83090926871745,1213200
2008-05-19,69.65850067138672,71.5973992140739,69.29594299396682,70.23386773304507,1200800
2008-05-20,70.47820281982422,70.47820281982422,68.24767892009532,69.46146217987787,1910800
2008-05-21,68.925537109375,71.81812864365268,68.81519367354602,70.68316071710741,1768300
2008-05-22,68.21617126464844,70.43881222785379,67.91666257310237,69.45359892832545,1578300
2008-05-23,67.55408477783203,68.75210716239994,66.09597072935952,68.25555595812308,1672100
2008-05-27,66.94725036621094,67.53049525474758,65.94626977343015,67.53049525474758,1067500
2008-05-28,69.76885223388672,69.81614655441072,66.20632410637955,66.63193691151224,1042100
2008-05-29,67.01026916503906,69.19350533552712,66.99450839713522,69.19350533552712,1440500
2008-05-30,69.07524871826172,69.45357313059284,67.66442307578035,67.66442307578035,932300
2008-06-02,70.71466827392578,71.17180867208972,69.12256027018641,69.22502629824031,1693900
2008-06-03,70.08413696289062,71.47920246458311,68.93340846638901,70.55703817863215,1505200
2008-06-04,68.1767807006836,69.83193833585034,67.8930387045674,69.48514723980455,1286400
2008-06-05,71.40824890136719,71.6841073845467,68.35803279508175,68.64965204304413,1212300
2008-06-06,70.87227630615234,72.68507051331981,70.8407487706154,71.58163082257711,1240800
2008-06-09,72.65354919433594,73.05551779024792,70.76193899310302,71.61316448564729,1001000
2008-06-10,70.22599792480469,72.15701946612212,69.0989137476606,71.82598325032257,1736800
2008-06-11,69.7294692993164,71.15605647522192,69.42208317868777,70.1944871693515,1880200
2008-06-12,68.63388061523438,70.10775543063828,67.78265513087285,69.96588451657803,1484400
2008-06-13,71.16389465332031,71.19542218582403,68.94125472453553,68.94125472453553,861500
2008-06-16,71.6131591796875,72.2673420197433,71.21119061355817,71.58951503107917,1083700
2008-06-17,71.84964752197266,73.16589121417134,71.77870902849708,72.31466537205768,840400
2008-06-18,73.67816925048828,73.89097260575726,71.51857809491484,72.32251524429262,824600
2008-06-19,73.52054595947266,75.14417532444867,72.9057739091716,74.48999835566858,1468200
2008-06-20,72.75194549560547,73.77783977489483,71.8917664401995,73.77783977489483,1606600
2008-06-23,73.92774963378906,74.17238479416639,72.32577225309016,72.45992663002282,1053300
2008-06-24,72.45203399658203,74.7011217276932,72.13637805325172,74.58274773856876,1580300
2008-06-25,72.21528625488281,73.13069925457135,69.91885152035903,72.93341129541642,2177200
2008-06-26,72.01800537109375,73.05179245198917,70.32132755152206,72.75980407628339,1785700
2008-06-27,74.18028259277344,74.18028259277344,71.72601957001199,72.5151715124883,1511900
2008-06-30,74.63800048828125,75.8296157193725,73.8093884479708,75.24564490262398,1110300
2008-07-01,73.31222534179688,74.14872457323911,71.24464484019654,74.14872457323911,2421900
2008-07-02,64.88407135009766,73.75413718006665,64.50527578214377,73.75413718006665,4589400
2008-07-03,64.71043395996094,65.83892103692193,62.01942399922736,64.52103925369276,1647700
2008-07-07,64.3553237915039,65.92573399475071,62.729667189124335,63.6687596423861,1684500
2008-07-08,63.076904296875,63.510940199868365,59.47837397660455,63.46358699724605,2960900
2008-07-09,63.46360778808594,66.58864925115823,63.18740576876499,64.09493185003593,2754100
2008-07-10,66.28087615966797,66.50973096687292,62.82439249593028,64.6552249328179,2241900
2008-07-11,66.8332748413086,67.37778554600672,64.93141591492879,66.28875811585941,1790500
2008-07-14,68.1590347290039,68.82981247214242,66.517597742424,67.0857879316824,1045200
2008-07-15,65.31022644042969,67.63822261871796,63.9844507333386,67.08581858274353,2941500
2008-07-16,65.15237426757812,66.63598358652153,62.698111552826745,66.09146688790926,3134800
2008-07-17,61.15928268432617,65.58642608029693,59.778266623712355,64.23697682355883,3124700
2008-07-18,61.001434326171875,63.021660933939984,60.24384332750863,60.59896523702269,3077400
2008-07-21,64.14227294921875,64.15016615494962,60.662115795138945,61.15927938264981,1326300
2008-07-22,61.7116813659668,63.92130928025148,60.82783501685429,63.92130928025148,1579200
2008-07-23,59.58097457885742,62.02734451635551,58.72868899420592,61.15138533558899,1724400
2008-07-24,57.205604553222656,59.77034755607623,56.19549134926488,58.8391483172871,1893000
2008-07-25,59.62043762207031,60.36223642803754,57.16617435397966,57.60020435327655,2387100
2008-07-28,60.212310791015625,61.41971260391471,59.62044668502564,59.62044668502564,1089700
2008-07-29,61.98788070678711,61.99576789040773,60.67788573566199,61.51438477651243,1069600
2008-07-30,64.96297454833984,64.96297454833984,61.419684727792145,62.658652786512626,935700
2008-07-31,62.6586799621582,64.31589822138062,61.490732167411664,64.31589822138062,2051900
2008-08-01,60.17283248901367,62.887516956797754,59.64410215999214,62.44558779784959,2465700
2008-08-04,55.753604888916016,60.12550885859115,55.106500316985965,60.12550885859115,3134900
2008-08-05,55.248531341552734,56.97677006912524,53.85172897706411,55.690454520000245,2722100
2008-08-06,56.83472442626953,57.42658842663818,55.138052441814295,55.138052441814295,2433100
2008-08-07,56.029788970947266,57.450264902455025,55.256417403626,57.450264902455025,1175600
2008-08-08,54.056884765625,54.743448827198165,52.873157361998175,54.743448827198165,1602400
2008-08-11,51.097572326660156,54.05689118727754,50.48992515936841,53.322979869014446,2142700
2008-08-12,51.902523040771484,52.92052981678115,51.365899453900155,51.62632105210649,1728300
2008-08-13,55.0907096862793,55.0907096862793,52.03669471787382,52.03669471787382,1712100
2008-08-14,54.19105529785156,54.97231995280669,53.09413472413757,54.72767878879264,1317000
2008-08-15,52.90474319458008,53.946423443952284,52.19450529256469,53.59130750332014,1947800
2008-08-18,52.8810920715332,54.47517691052514,52.746931618047064,53.1651873530571,694100
2008-08-19,54.20687484741211,54.80662627633247,52.45495573175321,52.45495573175321,912000
2008-08-20,56.21128845214844,56.21128845214844,54.38834359986058,54.97232029889257,1136700
2008-08-21,57.60807418823242,57.939516457760135,56.49536739956836,57.08723117547486,858400
2008-08-22,56.377037048339844,57.47395816269245,55.5484248013236,57.47395816269245,851600
2008-08-25,55.00388717651367,56.653217842917925,53.82805248525989,56.29809586155507,1005600
2008-08-26,55.43000793457031,55.611515455748396,54.56194235935767,54.861817806576866,482900
2008-08-27,56.6848030090332,56.81895743577575,55.603662345909036,55.603662345909036,767500
2008-08-28,57.11883544921875,57.655459199020285,55.88775991410201,57.387150334496326,555400
2008-08-29,56.49537658691406,57.78959112645269,56.46381581199298,57.355555211904615,380100
2008-09-02,52.352352142333984,55.26432558041866,51.965669264294654,55.26432558041866,1673900
2008-09-03,50.9713249206543,52.746916925204296,49.47983112886844,52.08403213346657,2320700
2008-09-04,48.12248611450195,51.421144555419595,47.24652695806191,50.61620618535227,2124400
2008-09-05,48.769596099853516,49.045801123646775,45.67612150807743,47.6726752317454,2202300
2008-09-08,45.89707946777344,50.182175000279294,45.46304647676912,49.89018960784016,3149400
2008-09-09,41.848731994628906,44.737028359714415,41.39891556968432,44.57920035897158,7094300
2008-09-10,43.356014251708984,44.35823775594675,41.65933908357717,42.1091555289721,4415900
2008-09-11,43.75847625732422,44.64232559897949,41.08325162678788,43.01667149721331,3700900
2008-09-12,46.32322311401367,46.88352031287737,44.153055108769536,44.23986231063946,3831500
2008-09-15,41.76192855834961,44.90275663101175,41.48572652173741,44.216192122216135,4162500
2008-09-16,42.9614372253418,42.9614372253418,39.355012538315854,40.696571647471025,3556300
2008-09-17,41.8645133972168,43.632215218642074,40.01789757918926,41.73824919642757,3391300
2008-09-18,44.295101165771484,44.295101165771484,40.167836700923765,42.49583261709225,2139100
2008-09-19,47.4550666809082,47.4550666809082,44.62263844015556,46.386972848005975,1268500
2008-09-22,46.41861343383789,48.64183435707274,46.046760210978235,48.64183435707274,1254700
2008-09-23,43.910587310791016,46.82213640455964,43.910587310791016,45.690746255823086,2050900
2008-09-24,43.07194137573242,44.96286864432508,42.99282439329934,44.43277520404128,1128000
2008-09-25,42.95326232910156,43.6415896769944,41.99593303794545,42.90579033271892,1168500
2008-09-26,40.801239013671875,41.924718569176,39.98632284871987,41.55286221361836,1215700
2008-09-29,35.20759582519531,39.94677690581779,33.74391046442939,39.94677690581779,2081500
2008-09-30,37.161800384521484,37.976716459415265,34.88319655188346,37.976716459415265,1220600
2008-10-01,35.840538024902344,37.31213678261509,34.194881308511256,37.31213678261509,1363200
2008-10-02,30.167762756347656,34.62211409918116,29.954143309042397,34.62211409918116,2775600
2008-10-03,30.080724716186523,33.12677266104199,29.52689699399873,30.91146479040908,2708200
2008-10-06,28.79902458190918,28.878141570745548,24.92223176653383,28.213548602913193,3659700
2008-10-07,26.50458526611328,29.78799031975978,25.61054915683987,29.273721040184817,2807800
2008-10-08,26.82896614074707,28.569566147945974,24.297184586468493,24.47915748918169,4283200
2008-10-09,25.523513793945312,29.012624078913554,24.455419979041565,28.379679484225484,2384000
2008-10-10,25.080461502075195,25.578906838190235,21.512231710514378,23.371509082085275,2654900
2008-10-13,28.071138381958008,28.474642912001112,24.724438719113234,26.710304309059627,2392100
2008-10-14,26.979284286499023,30.064892925582075,26.235574863809553,29.716774199281843,2164700
2008-10-15,22.374616622924805,25.958669883331638,22.31132215406606,25.958669883331638,2561800
2008-10-16,23.41897964477539,24.52663377134692,21.480583791480665,22.912622308496868,3260500
2008-10-17,23.687978744506836,26.61534990958867,22.619883227776494,22.817678637946585,3683500
2008-10-20,27.090057373046875,27.382793699021647,25.096278012514933,25.262426921333862,3483800
2008-10-21,26.235586166381836,27.351152290072655,25.420669946542944,26.74194199300479,2847500
2008-10-22,22.81768035888672,24.605751182770167,21.227404960091363,24.241806815897228,2571700
2008-10-23,22.097707748413086,23.20536195822843,20.12766526239177,22.153090232544926,3802000
2008-10-24,20.57073211669922,21.385650124583872,18.703542103207347,18.703542103207347,2620200
2008-10-27,18.790571212768555,21.029616059022374,18.743100718557255,20.12766912370862,2986800
2008-10-28,21.520143508911133,21.528053998183466,18.02312022643956,20.26216444629642,3480600
2008-10-29,23.30821418762207,24.51872283730965,21.607173686286075,22.176825525696447,3433200
2008-10-30,24.178508758544922,25.15166325270505,22.58823359532518,24.574099550120206,3008600
2008-10-31,24.71651268005371,25.294074878335117,23.181619973566672,23.93324308737226,2816600
2008-11-03,24.771907806396484,25.491884809178387,24.24181581012271,25.01717531102786,1518700
2008-11-04,26.2276668548584,26.931817878034185,25.412747891013733,25.412747891013733,2397500
2008-11-05,23.85413360595703,26.259325759210096,23.656338134084983,25.863734815466,3316300
2008-11-06,21.124549865722656,23.41106426550035,21.06125539646076,23.41106426550035,3234500
2008-11-07,21.74958610534668,22.501209370742444,20.895109876536686,21.425201708885627,1517400
2008-11-10,22.042329788208008,23.490192708057936,21.607178806752017,22.833511744608185,1742700
2008-11-11,20.72896385192871,21.60717462750939,20.23051847073201,21.314438205335676,2206400
2008-11-12,18.426620483398438,20.29380806313593,18.394972494543296,20.175131123047485,1553900
2008-11-13,20.87929344177246,20.934675942828626,17.532593792527337,18.55321934305371,3285000
2008-11-14,19.33647918701172,20.934664910185653,19.30483119790967,20.357102690605892,1355300
2008-11-17,18.592769622802734,19.542188249718514,18.189266781816496,19.067478936260624,1487800
2008-11-18,17.667098999023438,19.10705040504724,17.20030136620557,18.592782261333074,1829000
2008-11-19,15.736599922180176,17.97564355947361,15.665393464780891,17.690819238935457,1511100
2008-11-20,13.742829322814941,15.491340477338605,13.568768350975205,15.372663502303991,2212500
2008-11-21,15.973957061767578,16.07681000665228,14.296651391581959,14.423240327928893,2606400
2008-11-24,17.9519100189209,18.513648202172057,16.69393121779727,16.717665698799447,2185300
2008-11-25,18.853864669799805,18.98045365343197,17.548414832930774,18.57695070220705,2639900
2008-11-26,21.077083587646484,21.132466074610544,18.39497765165856,18.466184137486525,1732700
2008-11-28,20.887195587158203,20.966314055216156,20.19095638817861,20.879283589446484,512000
2008-12-01,17.690814971923828,19.890298097337833,17.61169653733471,19.613385839863856,2262200
2008-12-02,18.505739212036133,18.85385957753005,17.817411988080124,18.18135484045975,2126300
2008-12-03,17.86487579345703,18.22090802392813,17.042047929453137,17.999376690628473,3417400
2008-12-04,17.13699722290039,18.632330303226265,16.630641366929616,17.56423610817035,2191800
2008-12-05,17.817413330078125,17.896531806703084,15.981871915864359,16.686023188801684,1193500
2008-12-08,20.483694076538086,20.83972645118333,19.043743599633952,19.05165559785489,2378500
2008-12-09,20.341279983520508,21.69420142208026,19.795365718490107,20.0643676066468,1589700
2008-12-10,22.477474212646484,22.509122208143747,21.22740706263482,21.235319061509134,2208500
2008-12-11,21.377735137939453,23.324041872820334,20.98214419094158,22.12144503177247,2361600
2008-12-12,21.694196701049805,22.153081908798267,20.088097719400707,20.29380508964091,1239400
2008-12-15,21.62299156188965,22.960088795315528,21.274871259594942,22.26384819072612,1365100
2008-12-16,23.22910499572754,23.268663493794335,21.70212342901368,23.22910499572754,2558000
2008-12-17,24.115217208862305,24.83519241588176,22.786031746961985,22.94426868635366,2843900
2008-12-18,22.469554901123047,24.463332696797057,21.789139819025277,24.305095788927442,2202600
2008-12-19,21.762731552124023,23.2608626163198,21.64320019017485,22.448046923187437,1270700
2008-12-22,20.296476364135742,22.201015278250303,19.770537154694562,22.1930463181165,1309800
2008-12-23,20.599294662475586,21.141171894590844,20.168979853469693,20.519606566001453,739900
2008-12-24,20.43991470336914,20.567415026265557,20.073351655022876,20.567415026265557,208400
2008-12-26,21.053508758544922,21.26866610093415,20.304443299814046,20.519600642203272,277000
2008-12-29,20.88616180419922,21.579446006135065,20.51959882656939,21.467883625103976,347500
2008-12-30,21.60335350036621,21.635227815891632,20.519599413879025,20.96585047069937,470600
2008-12-31,22.11335563659668,22.51179447689572,21.48382153936089,21.65913560184354,510000
2009-01-02,24.033824920654297,24.264920121777507,22.376319806123767,22.376319806123767,814600
2009-01-05,24.99805450439453,25.58774382912403,23.842581213554162,23.993988404474482,1081300
2009-01-06,25.890554428100586,26.38461768639723,25.117582187333273,25.699302467553647,2288300
2009-01-07,24.001956939697266,25.444305147929583,23.810704954587372,25.300866919058954,1893900
2009-01-08,24.950239181518555,25.006020374692874,23.428202968089902,23.738986289940925,1683400
2009-01-09,23.738985061645508,25.101645064135315,23.627421161145854,25.101645064135315,1355900
2009-01-12,21.436012268066406,23.38836346345321,21.284605062239063,23.38836346345321,1351700
2009-01-13,22.105388641357422,22.232888959987022,21.037572332891767,21.388198969085007,1917100
2009-01-14,20.423969268798828,21.436004039382482,20.05740635531553,21.34037959235344,1502600
2009-01-15,20.918041229248047,21.276636829718925,19.172878506829285,20.511633388688953,2547300
2009-01-16,21.228824615478516,21.96992123046529,20.20085301915002,21.75476385451613,3201400
2009-01-20,19.61115837097168,21.196944624596572,19.53943926483438,20.910068200047384,1973900
2009-01-21,21.181001663208008,21.1969395763146,19.587246830701993,20.04146671477852,1549700
2009-01-22,20.39210319519043,21.11726187769863,19.86616396435863,20.718822974345827,2143000
2009-01-23,20.92601203918457,21.57148265717036,19.483663589637708,19.523506873246223,1540700
2009-01-26,20.782573699951172,22.0894528519048,20.392103746499757,21.01366899970698,2167600
2009-01-27,21.635234832763672,22.033673785558303,21.18101466976563,21.52367241235685,2189500
2009-01-28,22.926170349121094,23.4122646819425,22.129292699335227,22.40820018074498,2350900
2009-01-29,22.06554412841797,22.623357611262925,21.834448863866434,22.58351433388957,1994000
2009-01-30,20.99773406982422,22.336489255198412,20.79054562257116,22.312582369772425,3549700
2009-02-02,20.702882766723633,21.268666737352156,20.264600629414872,20.43194422077594,2123500
2009-02-03,21.523664474487305,21.770696108536658,20.7347558212922,20.7347558212922,2212600
2009-02-04,21.714920043945312,22.59945488807429,21.651169880760037,21.770701246741954,3338100
2009-02-05,22.591487884521484,22.82258167611363,21.4519522889468,21.467890211104578,2259200
2009-02-06,23.914297103881836,24.209140966518518,22.77476188576133,22.81460515803437,1784800
2009-02-09,23.954139709472656,24.95820564602728,23.41226271006952,24.161328063357583,2311900
2009-02-10,22.288667678833008,24.599614116631525,21.969916917733613,23.842579729087387,2775300
2009-02-11,22.37633514404297,23.117431959186014,21.71492643632081,22.63930483458493,4169500
2009-02-12,22.79867172241211,22.846483959334797,21.515698125585004,21.914136979762503,1848800
2009-02-13,23.037734985351562,23.65930016010683,22.615389242513846,22.894296751183145,1953700
2009-02-17,20.86225128173828,21.91412924217499,20.7905321917155,21.786628975450725,2153700
2009-02-18,20.447891235351562,21.22086241913116,19.921951828668654,21.09336204902162,5614500
2009-02-19,20.384136199951172,21.356326670687572,20.376167238724978,20.981794612600158,2355500
2009-02-20,20.336318969726562,20.54350735107059,19.443815290084867,19.82631621567835,2430400
2009-02-23,18.47958755493164,20.66303147493103,18.423806379445125,20.655062518443955,1631100
2009-02-24,19.531476974487305,19.698820599323664,18.28834791023857,18.814287188187034,1574600
2009-02-25,19.053346633911133,19.961786770759137,18.830220319631067,19.563347900924235,2106100
2009-02-26,18.92584991455078,19.88210399188714,18.790380612260197,19.45178920110859,1781300
2009-02-27,18.694751739501953,19.499598468941223,18.08115701224073,18.471626936833772,1688600
2009-03-02,16.58302116394043,18.312245484672783,16.37583282137304,18.041306999771066,1450200
2009-03-03,17.16474723815918,17.610998346694466,16.58302533319013,17.02130900186335,1366000
2009-03-04,18.50350570678711,19.013508635362804,18.057254474216954,18.057254474216954,3763700
2009-03-05,17.650846481323242,18.383974264128486,17.371938891791796,17.969597360820288,1714400
2009-03-06,17.483497619628906,18.38396877535097,16.81412021257457,17.945686636887984,3597000
2009-03-09,17.17271614074707,18.144908038483646,16.941622366971583,17.27631110686185,1666800
2009-03-10,18.678808212280273,18.766463699915864,17.897867141141766,17.897867141141766,2257900
2009-03-11,18.59912872314453,19.228661420154527,18.208658767799328,18.997567639201744,2427800
2009-03-12,18.86209487915039,19.021471024241517,17.778340740347275,18.33615572824266,2431600
2009-03-13,18.495532989501953,19.164910462410585,18.16881321343033,19.0692859776658,1357100
2009-03-16,18.56725311279297,19.34819455318606,18.415847417140515,18.91787978889249,1524300
2009-03-17,18.272403717041016,18.304278030865497,17.52333834312308,18.240527883293126,2630800
2009-03-18,19.029436111450195,19.29240565439997,17.603026020881227,17.969588981389176,2923800
2009-03-19,20.686946868896484,21.340387938804145,19.722725464633374,19.85022579048761,3966600
2009-03-20,19.673646926879883,20.85022331269997,19.361494350905215,20.810204299697702,1874700
2009-03-23,21.170387268066406,21.19439807173239,19.95379001247831,20.44203004205872,1729800
2009-03-24,21.234413146972656,21.74666384813627,20.47403967663385,20.8742359185748,1453400
2009-03-25,21.266429901123047,22.218897467194004,20.394001895723434,21.506548583137082,1721200
2009-03-26,22.154870986938477,22.338960948250648,21.714654069933044,21.890741447386407,1581200
2009-03-27,21.55457305908203,22.074827946093432,21.266431233266843,21.866725685963324,2546500
2009-03-30,19.881752014160156,20.850226313156483,19.441536701275954,20.850226313156483,1524700
2009-03-31,20.08985710144043,20.682147517014997,19.785707020133426,20.474045231549134,1156000
2009-04-01,21.098358154296875,21.234425013661777,19.38551624347486,19.91377545592016,2686100
2009-04-02,22.611083984375,22.947248833880355,21.858714744695916,21.94675839209385,1887300
2009-04-03,22.947256088256836,23.235397915103107,22.234907157028825,22.55506389428705,2315800
2009-04-06,22.322940826416016,22.691122079382648,21.78667792271889,22.515034795805366,1693600
2009-04-07,21.37047576904297,21.962765908589656,21.282432124438998,21.922745376211846,1223700
2009-04-08,21.842716217041016,21.858722909852055,20.94627577462595,21.650620637030205,2011500
2009-04-09,23.51552963256836,23.587565075576215,22.499032375976046,22.891224495336893,1692600
2009-04-13,24.27591323852539,24.548046909019,22.859217635066557,23.45951222704456,1519300
2009-04-14,23.635591506958008,24.69210938202476,23.507528826745528,23.899720975724698,2027000
2009-04-15,23.707626342773438,23.723633032415687,23.003280093178347,23.37146143424567,1528900
2009-04-16,23.97975730895996,24.259894974586167,23.187368958733238,24.211871854561736,2899200
2009-04-17,24.47600555419922,24.57205333755151,23.779663323121344,23.947746562330924,2060200
2009-04-20,22.5550594329834,23.707624985767726,22.42699676341041,23.603573112597523,2096100
2009-04-21,23.52353858947754,23.619586375496574,22.01880113711628,22.154867943443715,1963700
2009-04-22,24.06780433654785,24.860192797682434,22.995278170577162,23.491522235712065,2543700
2009-04-23,23.867704391479492,24.28390886285283,23.483516353270673,24.123829750285374,1625200
2009-04-24,24.852182388305664,25.196351350425978,23.947739685180416,23.947739685180416,2712800
2009-04-27,24.09181785583496,24.756143660780573,23.811680137131393,24.371955574538525,2439300
2009-04-28,23.555553436279297,24.059800080600226,23.107334027257618,23.419486639140686,2392100
2009-04-29,24.716123580932617,25.12432400275654,23.69962610772206,23.69962610772206,3329200
2009-04-30,25.364439010620117,26.116808395733596,25.03627820441023,25.364439010620117,2969400
2009-05-01,26.749116897583008,27.501487830162947,25.436475163013945,25.460485961881748,2335600
2009-05-04,29.29437255859375,29.358405442254735,27.53351100349983,27.69358710614041,4489600
2009-05-05,28.98221778869629,29.382414122878526,28.069770635281703,29.28636785758639,2143000
2009-05-06,30.038728713989258,30.631020490977622,29.33438553188769,29.81461979725285,2661000
2009-05-07,28.77411460876465,31.135273391722695,28.341901871561046,30.815115130107703,2984200
2009-05-08,29.72658348083496,30.02272791587116,28.742100856318068,29.214332657013724,2683800
2009-05-11,28.566015243530273,28.934198217343063,28.013745362694998,28.89417613850589,2632900
2009-05-12,28.702077865600586,29.790612242376554,27.477478218355287,29.358399524552805,3733100
2009-05-13,26.16482162475586,27.997720615040482,25.924704559751188,27.701576336643193,5375200
2009-05-14,26.5970401763916,27.0132446078513,25.044279955882406,25.852674969603758,4244600
2009-05-15,26.068782806396484,27.133306269422,25.692597364085962,26.597041720601364,1529200
2009-05-18,27.661569595336914,27.83765389265201,26.36493137373523,26.549021306942894,4493900
2009-05-19,28.64605712890625,29.21433524611778,27.781631497156862,27.893685993141556,3513300
2009-05-20,29.334386825561523,30.63902442353278,29.006226017330302,29.334386825561523,4363000
2009-05-21,27.973716735839844,28.638040881592417,27.285378740375933,28.253852872014743,3639800
2009-05-22,27.773622512817383,28.82213481498291,27.6855788424741,28.237848611097426,2624700
2009-05-26,28.99021339416504,29.174303277800387,27.165316665521114,27.789624807039544,2851200
2009-05-27,28.87015724182129,30.334876982945957,28.790119213092602,29.102271799691607,3961900
2009-05-28,29.51048469543457,29.82263743079839,28.550012626675976,29.270367441559056,3262100
2009-05-29,30.30286979675293,30.615022478602025,29.61453154792876,30.21482610633272,3530900
2009-06-01,32.36785888671875,32.5999733533253,31.31934707765791,31.423395863443844,4809800
2009-06-02,32.680015563964844,33.12823324973303,31.83960129664152,32.27981945695526,4681700
2009-06-03,30.574995040893555,31.84761927674328,29.862646182741194,31.711550959910767,4369400
2009-06-04,31.94365882873535,32.11974612422307,30.41490954980933,30.871132948796106,4728200
2009-06-05,32.20779800415039,32.89613304200583,31.367383372337542,32.89613304200583,4445000
2009-06-08,31.62350082397461,31.83160454755382,30.582991365842208,31.679531098210973,4835400
2009-06-09,33.120235443115234,33.49641776169333,31.93565516207846,32.15976403725302,4598300
2009-06-10,33.42438507080078,34.0006685722256,32.64000089011404,33.960649563127696,3737400
2009-06-11,34.416866302490234,34.82506500125076,33.45639500432806,33.536436060239794,4863500
2009-06-12,33.60848617553711,33.99267425209502,32.94415886070928,33.768562250828005,4244700
2009-06-15,31.327363967895508,32.87212183609266,30.99120056192777,32.87212183609266,4163100
2009-06-16,30.53497886657715,32.463924907621575,30.246837042478322,31.975684933815835,4651700
2009-06-17,30.04674530029297,30.534985378216767,29.070265144445365,30.51097151891723,4913000
2009-06-18,30.334880828857422,30.823117751210127,29.42243069809082,30.00671998425683,4663000
2009-06-19,30.724966049194336,31.31891921461439,30.460097235918226,30.81325667422618,4524300
2009-06-22,28.03612518310547,29.882190627362615,27.923756434767373,29.8179812262346,4828400
2009-06-23,28.75850486755371,29.103636196956533,27.66691731036937,28.180604852145706,4891100
2009-06-24,29.27218246459961,30.010607289580886,28.95915441653936,29.440735557890783,3446300
2009-06-25,30.64470100402832,30.70891041399672,28.92705718736001,28.975213479381512,3677700
2009-06-26,30.371814727783203,31.0620837314315,30.299577202707912,30.71694922960735,2723900
2009-06-29,30.419960021972656,31.00588498231136,30.15508819865606,30.652722551222563,2765000
2009-06-30,29.705608367919922,30.73298630608613,29.33639590445985,30.580483242877968,3578100
2009-07-01,29.705608367919922,30.893514395970097,29.66547711090359,30.187192637571826,5017700
2009-07-02,28.90297508239746,29.304293833155555,28.678237561755033,29.256137542628796,4226600
2009-07-06,27.410070419311523,28.124417267141716,26.599404871998058,28.07625791740008,5643400
2009-07-07,26.767955780029297,27.658883774426428,26.759930753315036,27.377961912147452,4514300
2009-07-08,26.390710830688477,27.37795417577815,25.387412843978957,26.952557458300383,6768400
2009-07-09,26.824140548706055,27.466252920803246,26.487034308991863,26.904406126127558,4115400
2009-07-10,26.80006980895996,26.904413557519828,26.085722812598394,26.495066654149333,3054300
2009-07-13,27.31374740600586,27.418091116390322,25.79676333964824,26.84019125803754,3227600
2009-07-14,27.715065002441406,28.212702333188023,27.329799465675787,27.707039976637635,3847000
2009-07-15,29.175865173339844,29.40863072950884,28.517702820034554,28.533755933751557,4131000
2009-07-16,30.090879440307617,30.59653883085423,29.119685795836332,29.360479481032502,4890600
2009-07-17,30.604570388793945,30.869439185984156,29.826010991872003,30.22732976359354,5089900
2009-07-20,31.704181671142578,31.7683941416687,30.90154416048074,31.150362891040793,4490700
2009-07-21,31.182464599609375,32.05733956760407,30.187195847762673,31.920892666874675,4860700
2009-07-22,30.636659622192383,30.925609496234966,30.219290983928488,30.628634597610244,3339600
2009-07-23,31.3028621673584,31.647996533636334,30.419962151468216,30.492199648173344,3482300
2009-07-24,31.896814346313477,32.03326124628933,30.98983314957292,31.046017527424027,4119600
2009-07-27,31.728260040283203,32.346291295266646,31.399178781065437,31.928919419362796,3917000
2009-07-28,31.342971801757812,31.607843460845046,30.45204431110719,31.22257809820474,4206800
2009-07-29,30.026670455932617,30.716939234982444,29.713642303065665,30.636673643337552,5673000
2009-07-30,30.925626754760742,31.39115804758583,30.62062666134385,30.62062666134385,5041100
2009-07-31,31.81653594970703,32.177723277454504,30.837317652662257,31.029951914733484,4240300
2009-08-03,33.64655303955078,33.75892482978178,32.77168135067457,33.18905003854544,4414500
2009-08-04,33.62248992919922,34.03986186543893,33.052617945068285,33.309461742474326,2918500
2009-08-05,33.75092315673828,34.01579513399371,32.93223212952232,33.71079187401429,3105600
2009-08-06,33.40577697753906,34.304733318883116,32.92419562896296,34.2726270791595,3533200
2009-08-07,34.00774383544922,34.35287814265305,33.08471271533777,33.84721575226768,4525200
2009-08-10,33.140907287597656,33.87130738219953,32.771694725891095,33.87130738219953,2341400
2009-08-11,32.41051483154297,33.0847306979077,32.121564737126626,33.0847306979077,2674100
2009-08-12,32.868011474609375,33.317486586665304,31.97708321775628,31.9931363377325,3968100
2009-08-13,34.41708755493164,34.44919071927218,33.19707851726191,33.68668774981956,3335100
2009-08-14,33.47799301147461,34.513395614753435,33.07667445781469,34.50537059087997,3115000
2009-08-17,31.359052658081055,32.12958406521786,31.25470890654597,32.017215284404536,3536000
2009-08-18,32.06535339355469,32.16166899015672,31.471400580570673,31.52758493373999,1752200
2009-08-19,32.2419548034668,32.51485174278967,31.037998258539975,31.391160804616533,2926100
2009-08-20,32.466670989990234,32.827858293823006,32.105483686157456,32.105483686157456,1821700
2009-08-21,33.61447525024414,33.69473781346468,32.96433746560392,33.1971031854922,2362200
2009-08-24,33.71881103515625,34.449211276119414,33.574339054867565,33.959604813217574,2074100
2009-08-25,33.156944274902344,34.376953202534125,33.04457249348189,34.23247825966865,4092100
2009-08-26,32.9161491394043,33.32549581252431,32.46667428178901,33.092730297363346,2557900
2009-08-27,33.02050018310547,33.38168760399733,31.77641289942774,33.028528271246685,5349300
2009-08-28,33.7910270690918,34.031820694036696,33.11681165524596,33.638527093535735,3798000
2009-08-31,32.58707046508789,33.08470775451525,32.33825488219227,33.08470775451525,3484000
2009-09-01,31.76837730407715,33.437860849263075,31.688111758461122,32.78772370795198,3765900
2009-09-02,32.370361328125,32.43457071511861,31.43929919126403,31.527589777471057,2096500
2009-09-03,33.28536605834961,33.405759802686006,32.37838515428915,32.90812559009603,1575500
2009-09-04,34.01576232910156,34.01576232910156,32.8920691255989,33.71075936326781,1680000
2009-09-08,35.39630889892578,35.757496349285994,34.91472767299134,35.26788703455534,3321500
2009-09-09,35.48460006713867,35.87789375527918,34.930781342355154,35.83776249611844,3306800
2009-09-10,36.60829544067383,36.73671731320491,34.93880803595078,35.15552051993804,3155100
2009-09-11,36.88119888305664,37.87646780729863,36.43172071809024,37.3868614359164,3316000
2009-09-14,37.36277770996094,37.37080580015919,35.98224319233321,36.174874491621125,3798100
2009-09-15,38.44632339477539,38.775404526785344,37.202233275935335,37.418945688988416,3460600
2009-09-16,39.82685852050781,40.02751782813486,38.992118127761,39.25698682168333,4353900
2009-09-17,38.86369705200195,40.244234203970535,38.50251271222174,39.73054681583851,5175600
2009-09-18,38.60392379760742,39.10255695429654,37.9846521518651,39.04625981086217,3530100
2009-09-21,38.25810241699219,38.507420566348124,37.260835955497804,38.04095494522373,3342800
2009-09-22,39.50469970703125,39.87465648209697,39.00606631624571,39.10257531201841,2915700
2009-09-23,38.41895294189453,39.681622898273766,38.233976146726874,39.48056076422657,3983200
2009-09-24,37.18844985961914,38.70043474407285,36.75415495818559,38.70043474407285,5086000
2009-09-25,36.40833282470703,37.42972886814048,36.18314420875675,36.76220108805244,3739600
2009-09-28,36.97129440307617,37.477968610401525,36.23138439034062,36.65763806483751,2045900
2009-09-29,36.987396240234375,37.61470919661247,36.78633408057831,37.24475555915693,1946200
2009-09-30,36.705902099609375,37.61470378964839,36.183142400427286,37.20453532484965,3227400
2009-10-01,35.01698684692383,36.633525278423186,35.01698684692383,36.3681248201017,4662800
2009-10-02,34.767669677734375,35.44323868406501,33.955379869962705,34.397716025401344,2675800
2009-10-05,36.279659271240234,36.40833894024981,34.89635052841332,34.89635052841332,2930900
2009-10-06,37.16433334350586,37.815775923945125,36.673741123813194,37.15629220605299,3480600
2009-10-07,37.64686584472656,37.815757259567846,36.93108224608524,37.244741675315545,2662400
2009-10-08,38.59589385986328,38.973888637153586,37.9203248747074,38.74065579357194,3661100
2009-10-09,38.274192810058594,38.71652894742244,37.6307945131689,38.54763746973235,2822500
2009-10-12,38.35462188720703,39.27950917940531,37.984668197513926,38.88542594093012,2466500
2009-10-13,38.483280181884766,38.660215790801324,37.57448180581872,38.225920969622756,2842400
2009-10-14,39.4564323425293,39.601197317335625,38.917584254535846,39.23928488031981,2862700
2009-10-15,39.79423522949219,39.93900027702278,38.845221281443244,39.05432771363902,2765700
2009-10-16,39.01408767700195,39.335788257120235,38.660219493243126,39.142767295456444,3364900
2009-10-19,39.44837188720703,39.77007238045391,38.72455037934647,39.174927388336165,2284000
2009-10-20,39.01408767700195,40.00331588707824,38.250054168158215,40.00331588707824,4355000
2009-10-21,38.804988861083984,40.0998293947841,38.45916177191074,38.71652103809114,4370000
2009-10-22,38.55568313598633,38.87738385620925,37.55841642563306,38.78087486732855,4320700
2009-10-23,37.904239654541016,39.1829951280948,37.63883612797083,38.83716796387827,3907400
2009-10-26,36.84262466430664,38.804989887846574,36.59330652636309,38.121379894210214,2540800
2009-10-27,36.03033447265625,36.96326266913518,35.71667802862799,36.834583023688594,3021900
2009-10-28,34.05992126464844,35.69254773477034,33.81060620400237,35.62820638494915,5315300
2009-10-29,35.764923095703125,36.150961913846054,34.67918604346006,34.68723024456768,3697100
2009-10-30,34.180572509765625,35.78907003963695,33.521088767955625,35.676475703420444,5608000
2009-11-02,34.18858337402344,35.34670253353131,33.159146848205644,34.51832495294713,5282600
2009-11-03,35.33065414428711,35.74886393715057,33.44067047135295,33.513049926535686,4094000
2009-11-04,35.46736145019531,36.60135183484877,35.35476713891928,36.18314526952775,3542100
2009-11-05,36.58525466918945,36.6013369345691,35.62819727702819,35.93381247462316,2689900
2009-11-06,36.58525466918945,37.47796766001398,35.94989780796643,36.31181013828104,2312300
2009-11-09,37.99269485473633,38.19375694991432,37.32516722612265,37.41363503887522,2902600
2009-11-10,37.80773162841797,38.11334700631157,37.08390960873158,37.960540851347496,2500200
2009-11-11,38.24202346801758,38.941718948650866,38.0490055061709,38.27419415098042,3397000
2009-11-12,37.38951110839844,38.47524526890828,37.14019298897897,38.09724752255458,3723700
2009-11-13,37.80773162841797,38.14551769197731,37.035653580232974,37.26084531192768,3167200
2009-11-16,39.44837188720703,39.85049596978399,38.31438209705854,38.64412372205311,4304400
2009-11-17,40.13200378417969,40.19634207269693,38.93367209740304,39.16690491270312,2984500
2009-11-18,40.02745056152344,40.77540195584211,39.68966457636433,40.41348949601618,4094800
2009-11-19,39.359928131103516,39.729884844619775,38.43504401722575,39.60120518234264,3317900
2009-11-20,39.255367279052734,39.3197055586133,38.08920643286104,38.65218095184644,3836700
2009-11-23,39.480560302734375,40.79952739579211,39.255371696982465,40.300894168213745,3142800
2009-11-24,39.62532043457031,39.75400006039297,38.837157342911,39.54489375095348,2779800
2009-11-25,40.47783660888672,40.54217490646955,39.67358794732774,40.06766807343114,2113800
2009-11-27,39.207115173339844,39.64945124375383,38.23397520483614,38.77282023818518,1693200
2009-11-30,39.327754974365234,39.786176398373705,38.93367183844608,39.48860222857088,2907200
2009-12-01,40.04352951049805,40.646715824630206,39.82638206925476,39.91484988620176,3555900
2009-12-02,40.81562423706055,41.145366103252165,40.19635232875618,40.25264949605971,4901300
2009-12-03,39.906803131103516,41.04079320641172,39.79420885054248,40.79951930978607,6069300
2009-12-04,38.98997497558594,40.76736379186649,38.04096130387778,40.53413401028395,9454200
2009-12-07,39.00605392456055,39.649452138589226,38.56371784416363,38.965842111427136,4797800
2009-12-08,38.137474060058594,38.877384501669475,37.9364118735725,38.386792275768926,6380300
2009-12-09,39.40817642211914,39.45643243649101,38.0007415499006,38.402865799105896,4967400
2009-12-10,39.520774841308594,40.091790598400564,39.2473302006221,39.44839234618673,3514800
2009-12-11,39.729881286621094,40.10787603497855,39.43230710153272,40.06766421936157,3985500
2009-12-14,40.59042739868164,40.69497750665203,39.83443175910095,40.212429578891296,3763400
2009-12-15,40.53411865234375,41.04079291122413,40.22045921422596,40.469777310792196,2190100
2009-12-16,40.75127029418945,41.25794771159908,40.49391101791002,40.73518802389099,3712000
2009-12-17,39.78617477416992,40.526081930797524,39.68966274402881,40.526081930797524,3294000
2009-12-18,40.182193756103516,40.60159879976298,39.48856245607956,40.02895084806297,7008900
2009-12-21,40.95647048950195,41.2226325726051,40.520937290285325,40.60965490791929,3274000
2009-12-22,41.488807678222656,41.51300619854346,40.50482169266653,40.956486382189034,3916100
2009-12-23,42.71473693847656,42.787326306087444,41.633963618899756,41.69042167407119,2073000
2009-12-24,43.18256378173828,43.287412765510794,42.94060009165021,43.0696475981462,650600
2009-12-28,42.771217346191406,43.731010939167234,42.561516328353875,43.57776492927167,1192500
2009-12-29,42.17436599731445,43.0454356247909,42.06144984900587,42.79540788974597,1774400
2009-12-30,42.10982894897461,42.36792380913674,41.60170642369297,41.956586087232544,1292400
2009-12-31,41.62591552734375,42.545379153259915,41.62591552734375,42.36793772484296,1166800
2010-01-04,43.730995178222656,43.73905929738376,42.35986416580406,42.545369673846906,3332800
2010-01-05,44.36011505126953,44.618210019974505,43.803598351887196,43.88425187583198,3262200
2010-01-06,46.10225296020508,46.3684151003945,44.585942865049816,44.585942865049816,4391300
2010-01-07,45.76348876953125,46.17482648136678,45.12631575303176,45.90060031456531,4362800
2010-01-08,47.36853790283203,47.513716709995286,45.69898469718938,45.763509978921846,3915800
2010-01-11,46.69102478027344,48.77998250320299,46.47325663038496,48.570281549644044,5399200
2010-01-12,45.52151870727539,46.352264339662035,44.99726492114509,45.97318620569208,3917200
2010-01-13,46.18290328979492,46.18290328979492,44.5617443513199,45.96513819687112,4700100
2010-01-14,45.60219192504883,46.35228127277173,45.2876389231136,46.11838178224862,2918500
2010-01-15,44.66658401489258,45.586047314505535,44.36815934087316,45.47313120076125,5204700
2010-01-19,45.52960205078125,45.553797488601205,44.56174454043846,44.819839466298646,3103700
2010-01-20,44.279449462890625,44.99727609131731,43.71486571890017,44.844030130147196,5603800
2010-01-21,41.56137466430664,43.97295205513692,41.46458986544142,43.89229549213817,11491000
2010-01-22,40.30315399169922,42.335652771513594,40.04505920157034,41.12583228900974,9802700
2010-01-25,40.658050537109375,41.53718724457855,40.41608695491492,40.90808131552618,5900300
2010-01-26,39.9240837097168,41.39199926866268,39.56113687882728,40.0047371935886,8814900
2010-01-27,39.553077697753906,40.54513044151459,38.133552821266896,39.940220006777565,10530400
2010-01-28,38.786865234375,40.11766969720956,38.31906625775973,39.948292402073626,9069600
2010-01-29,37.2382926940918,39.730524330874744,36.947938208989676,39.22240167439537,7132100
2010-02-01,39.44016647338867,39.4804932253657,37.5609096792664,37.5609096792664,7910500
2010-02-02,39.97248077392578,40.109592322583474,38.8675088826722,39.92408683377596,5220500
2010-02-03,39.391761779785156,40.480599169824224,39.319172415333675,39.762772719544664,6364900
2010-02-04,36.68178176879883,38.66588797979977,36.59306104707579,38.536840496402995,11952400
2010-02-05,37.75447082519531,37.87545104404838,35.834887867409705,36.68982890027661,14850200
2010-02-08,36.79469680786133,38.34326963803834,36.77856548833781,37.923864560630705,6506600
2010-02-09,38.26260757446289,38.86751812487532,37.62543746634643,37.77061624458415,9490000
2010-02-10,38.02064514160156,38.46424561023082,37.24636035162313,38.270675951103335,5331500
2010-02-11,39.553077697753906,39.778909942167644,38.00450538492568,38.133552821266896,8229200
2010-02-12,39.71439743041992,39.82731358011505,38.294872208364296,38.63362373418401,6799100
2010-02-16,41.206512451171875,41.38395388810867,40.488685658814234,40.488685658814234,6928900
2010-02-17,41.020999908447266,41.682368508577895,40.424153498294864,41.512994298559235,7402100
2010-02-18,41.496864318847656,41.70656528895071,40.80323306301313,40.819364380210935,8009400
2010-02-19,42.0211067199707,42.44051162150778,41.27101759870502,41.34360696775439,6961200
2010-02-22,42.10982894897461,42.60989043268049,41.956586087232544,42.384055122488554,6276800
2010-02-23,40.86774826049805,41.96465302833827,40.17412020011309,41.76301621297745,9513700
2010-02-24,40.39995574951172,41.15004501007629,40.10959821939203,40.64998652861121,4937400
2010-02-25,41.029056549072266,41.26295598316477,39.09334505158301,39.49661866481829,8395500
2010-02-26,41.38394546508789,41.54525247303405,40.48061022157284,41.214568183970094,4510700
2010-03-01,42.30340576171875,42.52923801722085,41.34361252236736,41.674296786524174,5172900
2010-03-02,43.432579040527344,44.158472977703894,42.658294225361935,42.72281949832623,7383600
2010-03-03,43.75518798828125,44.618193293247835,43.73905667419275,43.989087427464156,5651000
2010-03-04,43.86006164550781,44.41657841101623,43.39226253618632,43.91651973432453,4791900
2010-03-05,45.44088363647461,45.626389181502965,44.416568001699844,44.456894759013075,5082800
2010-03-08,45.18278503417969,45.77962837818607,44.9085587992558,45.55379609415491,3788400
2010-03-09,45.158599853515625,45.610264524159966,44.52949065596344,44.626278579731355,4929100
2010-03-10,45.3602294921875,45.92481024020433,44.83597242418979,45.174720872999885,6501900
2010-03-11,45.336021423339844,45.47313605948933,44.49721152199499,44.908552353709766,4737500
2010-03-12,45.81189727783203,46.223238224844245,45.45701748628395,45.77963463949097,6048300
2010-03-15,45.094078063964844,45.57800541334989,44.44077337323349,45.57800541334989,6021800
2010-03-16,46.295814514160156,46.3603366958384,45.51346267795098,45.56992074069456,6366600
2010-03-17,46.57005310058594,47.4088601459999,46.44906974723846,46.46520106613376,6305900
2010-03-18,45.44894027709961,46.98944553610452,45.42474484204071,46.6345658227273,9225500
2010-03-19,44.67595291137695,45.983071708898244,44.4177572896792,44.67595291137695,9659300
2010-03-22,45.031009674072266,45.184312483369226,43.610929558093076,43.86912538319165,4952800
2010-03-23,46.40265655517578,46.5075495319036,44.84541491173729,45.095540292787476,6528400
2010-03-24,45.91855239868164,46.45915196423429,45.69263184599875,45.902414776641905,6505400
2010-03-25,44.32902908325195,46.693136691345906,44.21606881440429,46.44301126116508,9163800
2010-03-26,44.96643829345703,45.68454529084738,44.36936187946452,44.684037702776195,8072800
2010-03-29,46.2654914855957,46.49141197923128,45.46669633205639,45.555451691109184,6291200
2010-03-30,45.765220642089844,46.765727951853776,45.25689664232726,46.765727951853776,5928300
2010-03-31,45.83784866333008,46.41072016127835,45.65227070249904,45.6845428554739,4206500
2010-04-01,46.89484405517578,46.991669763891856,46.443003059577855,46.55596330847734,3346100
2010-04-05,48.3310661315918,48.37140864196483,47.26600785247526,47.40317300333082,3706400
2010-04-06,48.37140655517578,48.726424940253374,47.84694470914341,48.1051404579155,3706200
2010-04-07,47.88729476928711,48.6618852156873,47.43545367665165,48.28265880327974,6464400
2010-04-08,47.86307907104492,47.96797204870053,46.951323663900446,47.51612798012984,6535300
2010-04-09,48.048648834228516,48.66186589929734,47.75011064825139,48.21002190808533,5049100
2010-04-12,47.94377136230469,48.73449937184662,47.74205572430522,48.20197021064547,4860800
2010-04-13,47.717857360839844,48.137426314631234,47.21760337198491,47.76627022864005,4065000
2010-04-14,48.37140655517578,48.56505182778679,47.81466947106287,48.234238332301544,5314100
2010-04-15,47.87921905517578,48.61346377917956,47.830806198956964,48.31492552733698,3815600
2010-04-16,46.45914840698242,47.822745046597724,45.878206369779946,47.61295905408063,8467800
2010-04-19,45.95082092285156,46.200946333047035,44.87769229867023,45.95888819372332,9008900
2010-04-20,46.25743865966797,46.78996790233264,45.87014186687835,46.35426131889695,6090700
2010-04-21,46.426856994628906,46.6931199503148,45.49089685954555,46.41878664806957,7805200
2010-04-22,46.58824157714844,46.73347399380386,45.10361447082946,45.66841575208983,3226900
2010-04-23,47.91148376464844,47.91148376464844,46.596297366760396,46.596297366760396,4291800
2010-04-26,47.766258239746094,48.64573844411916,47.524200117373034,48.032521250975655,4489800
2010-04-27,45.692623138427734,47.42737562496472,45.52317967826946,47.15304225844191,9272900
2010-04-28,46.24935531616211,46.418795691695145,45.458630485738624,46.02343481545139,6589700
2010-04-29,46.023433685302734,46.79802087837817,45.55545199910972,46.71733586665878,6285000
2010-04-30,44.99065017700195,46.53175737857553,44.86962265271456,46.50755248930527,6014700
2010-05-03,44.70016098022461,45.410197402724776,43.96591660204892,45.27303232494677,7877600
2010-05-04,42.72335433959961,44.05467513013076,42.31185289170204,43.877167538154296,8817600
2010-05-05,42.79598617553711,43.79649391534827,41.05316336231296,41.79547535778988,10541500
2010-05-06,42.12628173828125,44.05468222493426,39.34260606914883,42.29572208979252,12280200
2010-05-07,41.730926513671875,42.957357795701554,40.286642002801145,42.12628738687768,8970500
2010-05-10,44.28866958618164,44.41776742649262,43.368847089224026,43.60283788664245,8779700
2010-05-11,43.522151947021484,44.538800182519225,43.425329331524,43.64318252484494,7744200
2010-05-12,44.82120895385742,45.00678694995914,43.81263088073761,43.90138624364191,7437400
2010-05-13,44.78892135620117,46.14445015861735,44.52265841890612,44.67596113565568,6878700
2010-05-14,43.506019592285156,44.43391259330645,42.52971681662903,44.16764959900743,9085300
2010-05-17,42.013301849365234,43.44144788242411,40.996657137966665,43.167114693961935,9892700
2010-05-18,41.29520797729492,43.21554089069789,41.11769730691543,42.76369694697512,9156300
2010-05-19,40.49642562866211,41.343633671277004,39.15703407250173,40.89985685736025,9496100
2010-05-20,37.93867492675781,39.31034178538182,37.66434155503301,39.05214603292744,11435500
2010-05-21,39.310340881347656,39.80252748499988,37.11567395802079,37.18022443361797,10220100
2010-05-24,38.705196380615234,40.18982355247238,38.705196380615234,39.16510777447904,5642600
2010-05-25,39.883209228515625,39.883209228515625,37.034985902157274,37.16408376482105,9405700
2010-05-26,39.73796844482422,41.295212936714094,39.52011525354095,40.76268393955569,8529000
2010-05-27,42.094017028808594,42.10208737781352,40.79497093121949,41.35977224411201,6032600
2010-05-28,41.46466064453125,42.344140834574766,40.867584157601726,42.110149986321,5374500
2010-06-01,39.132835388183594,41.448530146239456,39.06021763238703,40.68201007459495,5997700
2010-06-02,41.14191436767578,41.198394488393994,39.38295412204541,39.38295412204541,7652200
2010-06-03,40.57711410522461,41.48886647459818,39.61694580195603,41.48886647459818,6697500
2010-06-04,38.42277908325195,40.0929836771327,38.17265375823394,39.35873916039254,7410600
2010-06-07,37.55138397216797,38.84236282637247,37.45455824965035,38.55996216387035,6336000
2010-06-08,38.406654357910156,38.67292046440353,37.43842180540826,37.84185306159612,9900900
2010-06-09,38.624488830566406,39.94774221517052,38.38243081010329,39.01178227889434,8055500
2010-06-10,40.407657623291016,40.46413772710039,39.560449910280695,39.560449910280695,4681200
2010-06-11,41.02089309692383,41.109648471909765,39.75411911088345,39.75411911088345,3919100
2010-06-14,41.133846282958984,42.25538456739612,40.964405911483425,41.56148238561708,4410700
2010-06-15,42.21503448486328,42.327994712239835,41.06929151811783,41.553407657713166,3852300
2010-06-16,41.843868255615234,42.29570905371553,41.521122190171084,41.87614347774657,3002200
2010-06-17,41.44046401977539,42.263464248899034,40.972482229946884,41.95685559618162,6066800
2010-06-18,41.71121597290039,41.994084831098434,41.38793463521178,41.49300153241647,3974600
2010-06-21,42.14762496948242,43.68320289145084,41.76777003936197,42.834593634173835,6926100
2010-06-22,40.741371154785156,42.43050966277728,40.6039786033549,42.18805022416922,2616800
2010-06-23,41.080814361572266,41.436421311248495,39.84426605796397,40.77369744687439,3987300
2010-06-24,39.965492248535156,41.024232318622595,39.82809663974489,40.80602102278601,3791900
2010-06-25,41.032325744628906,41.202047051748536,39.80386103411881,40.10289425376376,3086100
2010-06-28,39.925086975097656,41.28286341701124,39.77961070753272,41.28286341701124,2566100
2010-06-29,37.468143463134766,39.02796933384611,37.18527168148635,39.02796933384611,4056200
2010-06-30,36.92665100097656,38.454151347120224,36.77309413535989,37.5812940064667,3538400
2010-07-01,36.52256774902344,37.73486810946549,35.32643176335199,37.015570388889486,6465100
2010-07-02,36.150779724121094,37.007472694057874,35.819417901576855,36.69227523883748,2726700
2010-07-06,36.18310546875,37.54896202284905,35.79516993414857,37.14486212225953,2326900
2010-07-07,38.07430648803711,38.09855150400863,36.28010131321709,36.36900381583086,3176200
2010-07-08,38.49455642700195,38.66427764105968,37.53279671459983,38.66427764105968,2962400
2010-07-09,39.59372329711914,39.811934605762985,38.45416130702528,38.494570694439375,2638700
2010-07-12,38.357173919677734,39.41591710298259,38.16320763272998,39.16537397571665,2004600
2010-07-13,39.0198974609375,39.40783311530603,38.672371192495966,39.27044058654653,1743000
2010-07-14,39.04413986206055,39.53713923129887,38.51880867254417,38.88249925889873,2146700
2010-07-15,38.92290115356445,39.26234666322841,38.155110748480176,39.26234666322841,2440700
2010-07-16,37.39541244506836,38.543054906136064,37.282264944178664,38.30059553522412,3031700
2010-07-19,37.33884811401367,37.888424471008214,36.91858365966261,37.581307546090336,2580700
2010-07-20,38.98756408691406,39.116875946114526,36.70843755856926,36.71652128397812,4464400
2010-07-21,38.78551483154297,40.20794530905525,38.48647864664306,39.755352251964176,3965400
2010-07-22,40.51506805419922,40.76560808841936,39.41591552860328,39.56947242322332,3611900
2010-07-23,41.420265197753906,41.549577121878976,40.13522660293128,40.70096742711825,4586500
2010-07-26,41.75969314575195,42.00215561581499,41.09696938246662,41.34751249611386,2269400
2010-07-27,40.25644302368164,41.99407117013738,39.92508114771281,41.76777615719428,3858400
2010-07-28,39.8442497253418,40.52313768410422,39.57754539316955,39.957397204629274,3357800
2010-07-29,39.973567962646484,40.636291661335264,39.230025503839784,40.00589669990888,3244600
2010-07-30,40.32109832763672,40.482738947535324,39.270438922853344,39.56947206569082,3491700
2010-08-02,41.719295501708984,41.84860741671352,40.967669032295355,41.11314532205537,2624100
2010-08-03,41.420265197753906,41.98600602194088,41.21013447719047,41.63847964778486,2421900
2010-08-04,42.09105682373047,42.15571121954268,40.91916622539058,41.54148058565436,4342100
2010-08-05,41.905174255371094,42.10722428183487,41.52532230208554,41.67887921230406,1877400
2010-08-06,42.45473098754883,42.745683384712265,41.41215567509625,41.41215567509625,4966100
2010-08-09,42.2526741027832,42.75376007458577,41.85665802527111,42.60828389993816,1990600
2010-08-10,41.484893798828125,41.77584311312567,40.84641526945856,41.66269564372596,4499100
2010-08-11,39.4886589050293,40.539318459016414,39.343182634765355,40.53123781424123,3517600
2010-08-12,39.66645050048828,40.03013797006627,38.858250642692234,39.060300607141244,2900600
2010-08-13,39.28659439086914,39.82808679933404,39.278510666034855,39.70685867415897,1416000
2010-08-16,39.78767776489258,40.14328458470318,39.12495414254143,39.359332836139146,1970000
2010-08-17,40.90300369262695,41.34751308905301,40.21603182266085,40.56355807949394,3248800
2010-08-18,41.33943557739258,41.630385018214966,40.41000424650745,40.846433032299004,3392200
2010-08-19,40.67670440673828,42.05872556239755,40.42616131577298,41.12121375654799,4647100
2010-08-20,40.24027633666992,40.329178824646554,39.57755262289266,40.23219261065124,3250700
2010-08-23,39.262359619140625,40.66862596926218,39.262359619140625,40.66862596926218,2495700
2010-08-24,38.05815124511719,38.72895587321915,37.880346197240804,38.58348265945775,4458100
2010-08-25,38.17129135131836,38.28443887499128,37.10446743806111,37.91266755919774,3141800
2010-08-26,37.71868896484375,38.92290820787301,37.62170583723594,38.59154636242813,2327600
2010-08-27,39.14920425415039,39.18961671786004,37.41965686388871,38.1793667858812,2989400
2010-08-30,38.381412506103516,39.318924215451986,38.35716441396533,39.116874251514496,2300700
2010-08-31,39.108795166015625,39.61796199879225,38.235940821436714,38.38949770235239,5154000
2010-09-01,40.692867279052734,40.76560539971496,39.86850602226512,40.00589853738366,3506700
2010-09-02,41.21011734008789,41.21011734008789,40.23219304482949,40.70095050175116,2563300
2010-09-03,41.654632568359375,41.89709197403588,41.25861317542481,41.6303844696647,2503800
2010-09-07,41.56572341918945,42.042561510074705,41.04847594766066,41.35558970698206,3943400
2010-09-08,41.96984100341797,42.49517242134207,41.695052783479724,41.695052783479724,2062700
2010-09-09,41.36367416381836,42.672957234640045,41.08888605433349,42.57597410277426,3138400
2010-09-10,41.824337005615234,42.09104440261043,41.25051592382465,41.58187769755248,1921000
2010-09-13,42.357749938964844,42.753769183891336,42.29309556036636,42.46281677260452,2609600
2010-09-14,42.22843551635742,42.80225657961726,41.686943181938574,42.018304944965536,2624900
2010-09-15,42.00214767456055,42.20419763938635,41.56571901060774,41.93749020595815,2210500
2010-09-16,42.495147705078125,42.8022614146479,41.75968291453375,41.75968291453375,3345400
2010-09-17,41.8935432434082,42.73562213987598,41.73160392490977,42.73562213987598,3455900
2010-09-20,42.282188415527344,42.41173923009248,41.54536757855031,42.104054887224635,2101600
2010-09-21,42.17695236206055,42.42795856507779,41.53729348545128,42.29030900576611,2626000
2010-09-22,42.557498931884766,43.10809085549734,42.257910060479965,42.33078261180328,4109400
2010-09-23,42.02312469482422,42.7437519439557,41.75592416133259,42.02312469482422,2076600
2010-09-24,43.237648010253906,43.36719888827676,42.743734322561615,42.743734322561615,2502000
2010-09-27,43.08380889892578,43.47246157521039,43.0190349972468,43.47246157521039,1567600
2010-09-28,43.359100341796875,43.44007157124712,42.079785803848765,43.16477556858944,3540800
2010-09-29,43.56961441040039,43.81252187645799,43.10808929827014,43.24573572983291,2183900
2010-09-30,43.30241394042969,44.15259161413036,42.69514373225264,44.01494518287017,2590800
2010-10-01,44.12831115722656,44.21737796752158,43.61820320927841,43.96637178293895,2989100
2010-10-04,42.98664093017578,43.93398112668854,42.75182900345951,43.73155769098207,3094700
2010-10-05,44.16878128051758,44.387398903457914,43.44815453567852,43.44815453567852,2822800
2010-10-06,44.84083557128906,45.14042135941122,44.20927241874504,44.355017524044726,2338000
2010-10-07,44.031150817871094,45.24569154846207,43.57772116650521,45.08375216663591,4106000
2010-10-08,45.59385681152344,45.71530902247856,44.120214413031306,44.18498830779339,4810500
2010-10-11,45.642433166503906,46.15254106416454,45.46430265221101,45.85295525894509,1670100
2010-10-12,45.520992279052734,45.6667374288966,44.52506914761104,45.512893610318564,4296900
2010-10-13,46.3549690246582,46.68694335176568,46.128255754068704,46.18493407171608,3783600
2010-10-14,45.917724609375,46.49260634028743,45.52907204106508,46.40354263631444,2499200
2010-10-15,45.52907943725586,46.17683382299999,44.66270736718499,46.12015550729341,8801500
2010-10-18,46.73552322387695,46.73552322387695,44.87322516831385,45.50478837994494,4103800
2010-10-19,43.97444152832031,45.01084790013442,43.67485280187091,44.73555207152947,5261500
2010-10-20,45.12422561645508,45.488588367598965,44.1525926429834,44.355016050425995,2790400
2010-10-21,44.36311721801758,45.399524134170306,43.666780162951376,45.37523431230305,5221100
2010-10-22,44.225467681884766,44.63031451955166,43.901592064993004,44.47647383318329,1648800
2010-10-25,45.09185028076172,45.6343467770668,44.85704140708699,45.229499844110194,4725500
2010-10-26,45.02706527709961,45.205198872081034,44.11211056933531,44.46837467056194,3397700
2010-10-27,44.74366760253906,44.776056088288534,43.58580857998756,44.500760136890044,6233600
2010-10-28,44.848934173583984,45.44001021216979,44.56554261013065,45.14042440384249,3743500
2010-10-29,45.334747314453125,45.334747314453125,44.57363333198096,44.76796116056042,2219800
2010-11-01,45.62623977661133,46.249704310158045,45.26997565261453,45.78008355983209,4262000
2010-11-02,46.19302749633789,46.371161108486405,45.885343008645876,46.23351156580714,1553100
2010-11-03,46.05538558959961,46.41164976033529,45.09994662985634,46.144452404467735,6684100
2010-11-04,48.144386291503906,48.144386291503906,46.99462272891441,46.99462272891441,4306600
2010-11-05,49.14840316772461,49.383215057942074,48.18486578674125,48.19296445260311,4297100
2010-11-08,50.1119384765625,50.16052120651114,48.81642989862639,48.97836924305243,3496200
2010-11-09,48.39539337158203,50.92163687954684,48.04722482951237,50.662535139690775,4779900
2010-11-10,49.480369567871094,49.48846514371105,47.82859411032037,48.735449952437506,4033700
2010-11-11,50.34674835205078,50.34674835205078,49.0512398260797,49.25366322630868,4478700
2010-11-12,48.53303146362305,49.788058967847135,48.14437892075329,49.39130775958701,4881000
2010-11-15,48.241554260253906,49.31034974438211,48.17677727879815,49.31034974438211,3476500
2010-11-16,46.61407470703125,47.73145308510843,46.04728839416677,47.58570794497937,5538700
2010-11-17,46.84077835083008,47.60189239004386,46.533096975017465,46.62216377439238,2921300
2010-11-18,48.1281852722168,48.67877715358939,47.87718223926533,47.87718223926533,4272200
2010-11-19,49.38322830200195,49.46419644991918,47.342799469372004,47.75574196572881,5721600
2010-11-22,49.95000076293945,49.95809942923001,48.47635854914858,49.05933897262143,4478000
2010-11-23,49.010765075683594,49.26177126742173,48.50875578094407,49.18080312233807,2805100
2010-11-24,49.690914154052734,49.69901282280678,49.261777372202296,49.520879175063364,1944800
2010-11-26,48.897403717041016,49.28605633565236,48.711174530335775,49.18079837495143,1935000
2010-11-29,49.28605651855469,49.52896401999617,47.95006371625835,48.7354645346279,5425800
2010-11-30,49.4722900390625,50.27388826163877,48.654500658543604,48.848828529959185,5411100
2010-12-01,51.05119323730469,51.059291904959984,50.371050324885374,50.59776668818295,3526400
2010-12-02,52.18476104736328,52.3386048405781,51.30219780254261,51.30219780254261,3883000
2010-12-03,53.1077995300293,53.14828668046247,51.8203896888826,52.10378120949931,2115100
2010-12-06,53.92560958862305,54.16042154822313,53.22117988729668,53.318339196459554,3503100
2010-12-07,53.018733978271484,55.04296776187656,52.970148166784504,54.9781907982081,5580700
2010-12-08,51.8284912109375,53.10780245701111,51.69084168709732,52.69486315169883,4900100
2010-12-09,52.767723083496094,53.05921323311487,52.225229929611025,52.50052275010038,3648700
2010-12-10,53.26974868774414,53.44788228821178,52.16856477346473,52.65437975271209,3793300
2010-12-13,53.60173797607422,54.48430760961937,53.593645484211436,54.18471861887933,2955500
2010-12-14,53.5693359375,54.15231018826695,53.29403687862143,53.82843766366501,2690800
2010-12-15,52.86488342285156,53.9498696258888,52.775816653650544,53.38308671049181,4169100
2010-12-16,53.42359161376953,53.42359161376953,52.38717851644053,52.9539677977494,2961000
2010-12-17,54.105506896972656,54.3733976087112,53.37489868015484,53.63466980241983,3350600
2010-12-20,54.35712432861328,54.92537756005667,53.90252669820114,54.641247847620875,1830600
2010-12-21,55.40434646606445,55.453051601939116,54.47079213674141,54.80362708103244,2281000
2010-12-22,55.087764739990234,55.66413170402282,54.91729052753821,55.566715214008006,1150800
2010-12-23,55.136470794677734,55.50989138905875,54.92541101965714,55.055293481713505,1036400
2010-12-27,54.787384033203125,55.11209936741355,54.462668698992694,55.11209936741355,779200
2010-12-28,55.12833786010742,55.45304699688037,54.884799814097924,55.24198729666391,1068500
2010-12-29,55.582942962646484,55.72094498338232,55.28258015860621,55.485526492663816,1423900
2010-12-30,56.02943420410156,56.37038883157165,55.59107547087096,55.71283834486166,1264900
2010-12-31,55.8346061706543,56.17555459711045,55.72907628439841,56.13496903782676,1685900
2011-01-03,56.930503845214844,57.75852836296346,56.6463802139994,56.65449980158574,3057600
2011-01-04,56.50838088989258,57.547465187046704,55.144581201520054,57.068514784908544,4451700
2011-01-05,56.889896392822266,57.19025289014929,55.56668283003515,56.0781113627652,3020100
2011-01-06,56.18367004394531,57.238993602423285,56.005076254655364,57.06039981313334,5416600
2011-01-07,55.90764236450195,56.573305902311354,54.892910984095614,56.13494120276436,3365300
2011-01-10,55.915775299072266,56.021311363314275,54.98222705756251,55.76965368148649,2571100
2011-01-11,57.54747009277344,57.57182266534037,56.42720840067393,56.46779395714167,3504800
2011-01-12,57.628658294677734,58.25373667808955,56.90616960258133,58.245617087888284,2734800
2011-01-13,56.88178634643555,57.904637389981474,56.71131220474945,57.88839821833748,3156800
2011-01-14,55.6722412109375,56.67885331839832,55.52611959909394,56.427201839890806,5023200
2011-01-18,56.66263198852539,56.66263198852539,55.7777825477809,55.89955161492967,2258900
2011-01-19,54.64939880371094,56.84121714390968,54.56010190455756,56.82498415925987,4441100
2011-01-20,54.17043685913086,54.30843887642078,53.13134645222028,54.06490080426055,6468400
2011-01-21,53.18817138671875,54.827981199757346,53.15570542417088,54.608795695261165,4164100
2011-01-24,54.186668395996094,54.61691361103793,53.05016774525918,53.0907594873474,4223100
2011-01-25,54.11363220214844,54.17857034449965,52.74983211784909,53.99997651781014,5204700
2011-01-26,56.56520080566406,56.597672961365916,54.373382939947795,54.373382939947795,3769300
2011-01-27,55.4286994934082,56.64637744780972,54.72245024365075,56.45155070926597,3747500
2011-01-28,54.88481140136719,55.67224423048679,54.495151684173074,55.29070410145514,4793900
2011-01-31,55.988826751708984,56.09435659904835,55.25821882627978,55.266338412515,4033200
2011-02-01,57.539329528808594,57.68545110437477,56.39471568139793,56.500245521862134,5521500
2011-02-02,57.36076736450195,58.31866832486661,57.06852408412794,57.612418891822706,3501700
2011-02-03,57.588043212890625,57.65298132091777,56.05376970319756,57.19026401154096,4829500
2011-02-04,56.84121322631836,57.87218419333048,56.28108548974419,57.86406460484931,5755700
2011-02-07,57.29581069946289,57.99394658631187,56.914270599274424,57.18216124750428,5283100
2011-02-08,57.65300369262695,57.896541820877225,56.96298725382704,57.63677070767848,4489100
2011-02-09,56.281089782714844,57.742299955784915,55.915782594373475,57.43382369771532,5923200
2011-02-10,56.71945571899414,57.23899794905543,55.76966196686566,55.85084547247617,5033600
2011-02-11,56.88178634643555,57.08473263798033,56.28106705762318,56.64636790503208,4088100
2011-02-14,58.48100280761719,58.74077380725107,57.027906649423926,57.117203511182055,5494800
2011-02-15,58.594669342041016,59.31715783927824,58.49725286619755,58.76514352969386,3128800
2011-02-16,59.46327590942383,59.52822022277897,58.659610160303444,59.02491108442254,2410400
2011-02-17,60.112709045410156,60.356240940025664,59.203507202592036,60.02341215935521,2473700
2011-02-18,59.11420822143555,60.607896467881574,58.651490825291575,60.607896467881574,3756900
2011-02-22,56.65450668334961,59.3171619394797,56.540857217058544,58.70020327002009,4767700
2011-02-23,56.93861389160156,57.43380336306846,55.306923892285546,56.979205629300665,5701300
2011-02-24,56.69507598876953,57.677341541272185,55.69658365063555,56.76813987811791,3575600
2011-02-25,57.68547439575195,57.68547439575195,56.85745592883822,57.344525979577575,2389200
2011-02-28,58.17253875732422,58.72454682688977,57.506868852054204,58.278068618841665,2563700
2011-03-01,56.88178634643555,58.78948024827068,56.80872865432549,58.472884528935154,3655800
2011-03-02,57.56370162963867,57.9614747134421,56.72755752408972,57.0198007429663,2320900
2011-03-03,58.968082427978516,59.154795768071196,57.95335082480786,58.2374744350096,1975200
2011-03-04,58.91935348510742,59.438895360522686,58.4728692827532,59.11418014003122,2831100
2011-03-07,57.588043212890625,59.67433089810598,57.08473416674607,59.16290226592197,5049700
2011-03-08,57.73415756225586,58.075105812049244,56.35411919960899,57.79098227055476,4076500
2011-03-09,56.41908645629883,57.88030268361862,56.11061022761186,57.63676458125492,5870000
2011-03-10,54.37338638305664,55.542353095194095,54.28408949757957,55.379998499834414,10266600
2011-03-11,55.81024932861328,56.15119772899726,53.829490861452435,53.98373207785866,6520600
2011-03-14,56.02129364013672,56.565188191635855,55.160797189504336,55.73717008289307,4810600
2011-03-15,56.06188201904297,56.39471691254335,53.658998652164954,54.0324190882241,6282300
2011-03-16,55.306922912597656,57.19026431068433,54.48702432777979,56.37036572586646,6494100
2011-03-17,56.281089782714844,56.930514461824274,55.81025270979404,56.41909183026452,5503000
2011-03-18,56.02025604248047,57.32022349071343,56.01213573998955,57.2958439871281,6986000
2011-03-21,57.12522888183594,57.198355000595264,56.41837819315545,56.95460953633704,4775800
2011-03-22,57.71834182739258,57.77521494481387,56.81649225206575,57.1577309565935,3536700
2011-03-23,59.00208282470703,59.286448539077455,57.36087578969887,57.71024115269901,3539200
2011-03-24,59.2945442199707,59.74952912643492,58.48206763059635,59.35953763610527,3301800
2011-03-25,59.335174560546875,60.32639716227889,59.12392887525017,59.35142756641113,3938100
2011-03-28,58.701454162597656,59.782049893003574,58.603954706156536,59.37581145589217,3596900
2011-03-29,59.66017532348633,59.77392158655176,58.506459684561904,58.74207871482784,3313400
2011-03-30,60.11515426635742,60.40764639843064,59.026438373744945,60.31015315354344,5305400
2011-03-31,60.3588981628418,60.84638297036677,60.06640603858569,60.293898535516966,3876800
2011-04-01,60.52949142456055,61.13072222119452,60.171999827192955,60.781357123413365,4151000
2011-04-04,61.220115661621094,61.74010023296917,60.84637713838372,61.07386961351038,2834000
2011-04-05,62.138214111328125,62.60944583601685,60.846373072881455,61.155111954395394,4483200
2011-04-06,61.21199035644531,62.91819635067397,61.090123812890546,62.78819710594201,5770200
2011-04-07,61.252620697021484,62.24384330780045,60.79763570795792,61.333867130967754,3473100
2011-04-08,60.99264144897461,62.17073049021302,60.643276129364196,61.95949095646302,3433800
2011-04-11,59.611419677734375,61.43136581015584,59.10768187557692,61.22012012554717,5077400
2011-04-12,58.311439514160156,59.310788402341785,57.9458275445863,58.91267662678515,5997400
2011-04-13,58.303321838378906,59.164545040257615,57.50709205268966,58.95329939120464,4400200
2011-04-14,58.482086181640625,59.172690261933774,57.88897535582729,58.11646788122208,5163100
2011-04-15,58.904563903808594,58.904563903808594,58.09208716030779,58.80706446305447,3790800
2011-04-18,57.74272155761719,58.29520598774896,56.98711794285912,58.25457967134146,4915800
2011-04-19,58.47397232055664,58.490219133580624,57.42587621733829,57.92148769712467,3091500
2011-04-20,59.59516525268555,59.8795308605566,59.164553589522896,59.62766506482872,3432800
2011-04-21,60.155765533447266,60.2451384513703,59.383909078539645,59.91202008480186,2246400
2011-04-25,59.895774841308594,60.464505971358314,59.39203712704711,60.293886632343394,2266800
2011-04-26,60.180171966552734,60.62703680215806,59.48144124108314,59.960805900978634,2100000
2011-04-27,60.57827377319336,60.724519858537285,58.839573757830394,60.237034973626415,5112900
2011-04-28,60.65135955810547,61.65882847638401,60.090748904196865,60.529486868294576,3917600
2011-04-29,61.415103912353516,61.683222681071214,60.391387847857104,60.675753421328324,3877200
2011-05-02,60.895118713378906,62.5769450280621,60.627006146293695,61.77259492939741,2745800
2011-05-03,60.098899841308594,60.89512350093179,59.253923366715085,60.700130837165595,6114400
2011-05-04,58.47397232055664,59.95268025404989,57.8564880476132,59.95268025404989,5088100
2011-05-05,57.206504821777344,58.90457866586916,56.79213984311046,57.612743295335065,6100000
2011-05-06,57.5477294921875,58.67707167490537,57.02774486987304,58.14896054948128,5458400
2011-05-09,59.01017379760742,59.17267283840292,57.52334631623232,57.986457734766454,4112100
2011-05-10,59.01017379760742,59.538284832459745,58.43331614986874,59.42453860325519,3653600
2011-05-11,56.65398406982422,58.758295043633574,56.35336555983579,58.72579524265888,7092600
2011-05-12,57.09273910522461,57.80772262003733,55.78465722655424,56.426508411052765,9257800
2011-05-13,55.792762756347656,57.352716232231565,55.435277292314325,57.21459670752086,6667600
2011-05-16,55.47589874267578,57.2552243996426,55.06153395981277,55.53277185415076,7124900
2011-05-17,55.817142486572266,55.96338852919134,54.58218072567047,55.06153896615784,7402400
2011-05-18,56.65398406982422,56.83272367713016,55.67088213677382,56.0446267486311,4068200
2011-05-19,56.11775207519531,57.13334770866758,55.58964110604897,57.13334770866758,5269700
2011-05-20,55.6708984375,56.11776308336718,55.01279432150019,55.92277041912743,5192600
2011-05-23,54.85841751098633,55.16716258731894,54.338432980926136,54.647178057258756,3900000
2011-05-24,55.34592819213867,56.42651774899592,55.069682825144014,55.31342837256831,5338700
2011-05-25,56.385887145996094,56.645879455540694,55.232171659811065,55.24841846722389,4567600
2011-05-26,56.9221076965332,57.03585392280666,55.95526477320887,56.199004030064366,4951000
2011-05-27,57.499000549316406,57.9621122395869,56.962768896812356,57.36900743910957,4241500
2011-05-31,58.352073669433594,58.49831971667348,56.92211300738862,58.39269998205217,6006400
2011-06-01,56.288360595703125,58.19767878048071,56.125867805012426,57.978312893178,4533800
2011-06-02,56.47524642944336,57.67770824585188,55.825262713376404,56.38587351351655,5714200
2011-06-03,55.410888671875,56.38586408290956,55.26464267015497,55.56526117333033,4493000
2011-06-06,54.257205963134766,55.849659930755344,54.232832648119704,55.45154798852689,4790900
2011-06-07,54.21657943725586,55.045303043468564,54.21657943725586,54.533444892458306,2613500
2011-06-08,53.03847885131836,54.36281986114103,52.8516126785383,53.99720162094046,4948500
2011-06-09,53.67220687866211,54.086571716324144,52.99785595304966,53.176595613677435,4761400
2011-06-10,53.16033935546875,53.85094316297528,52.93284691993285,53.29845887722926,4932900
2011-06-13,52.047245025634766,53.33908594400708,51.30789459959481,53.31471263966678,6326700
2011-06-14,53.47720718383789,53.73719943631773,52.64848381615349,52.827223453286166,4321200
2011-06-15,52.14475631713867,53.412218021118164,51.89288741730424,52.900359917289244,5848400
2011-06-16,51.226654052734375,52.242253002059286,50.219184705199254,52.11225375788436,10408600
2011-06-17,51.077754974365234,52.037955165824535,50.80922299181339,51.720601443993374,6306800
2011-06-20,51.63921356201172,51.98098117062636,50.996367255997775,51.1184277813876,3275900
2011-06-21,53.5189323425293,53.61658201871973,52.20069585937257,52.23324575143605,4066100
2011-06-22,53.649112701416016,54.60117342241786,53.27479838909704,53.51078036586974,3620000
2011-06-23,53.69794464111328,53.73049452771906,51.582251677786395,52.56686246665086,5191600
2011-06-24,53.136478424072266,54.2431497825926,52.82725759232737,53.85255733500929,4877800
2011-06-27,53.128326416015625,53.35616936798336,52.282048159953426,52.98185505999996,4534700
2011-06-28,54.625614166259766,54.625614166259766,53.26668850906376,53.315510252259834,3474000
2011-06-29,55.52071762084961,56.04963636343263,54.68257175904364,54.92669287735729,4302900
2011-06-30,56.44834899902344,56.92030681676095,55.78922468401344,55.81363554600347,3258100
2011-07-01,56.85521697998047,57.05051009695428,55.47187469675401,56.39952476269991,5395700
2011-07-05,57.01795959472656,57.47364559883828,56.76570572934417,56.85521636704557,3498700
2011-07-06,56.87150573730469,57.16444860403584,56.30189805658195,56.88778379004425,2453900
2011-07-07,57.88051986694336,58.23856247955002,57.52248346259396,57.62012693275413,2168000
2011-07-08,57.30276870727539,57.465518158435806,56.68433941763612,56.95286514760146,4349600
2011-07-11,55.09756088256836,56.57040761171251,54.9429504671974,56.537863932087774,4173400
2011-07-12,55.056880950927734,55.91129226986251,54.86158161380839,55.24403505534632,3081600
2011-07-13,56.44020080566406,57.35971163801029,55.45559021308408,55.45559021308408,5077800
2011-07-14,55.056880950927734,56.977274766548256,54.84530977317676,56.773842613241406,5842700
2011-07-15,56.26118087768555,56.26118087768555,54.918527780846944,55.43931345831992,5751800
2011-07-18,56.38325881958008,56.969144440029254,56.008944386127965,56.293748171552735,4417600
2011-07-19,57.54688262939453,57.54688262939453,56.80638668720277,56.86334743596706,4367200
2011-07-20,57.42483901977539,57.74219274324458,56.92846397368095,57.74219274324458,3087400
2011-07-21,58.01887512207031,58.08396871811463,57.22141804000167,57.595732602357465,2992200
2011-07-22,58.425716400146484,58.604731478549475,57.87238069967898,57.98630220787024,2424600
2011-07-25,58.02699279785156,58.498956943491834,57.815427801467244,58.303663789807295,2295500
2011-07-26,56.79826736450195,57.831700111366125,56.611107026526604,57.791011191901816,3621400
2011-07-27,54.87785720825195,56.67619661806187,54.804618408043694,56.619235866013824,3475900
2011-07-28,54.560482025146484,55.51254259428499,54.462832399496165,54.902246402541756,3346200
2011-07-29,54.19432067871094,54.6988346192481,53.120199231322296,53.93392778868509,6376300
2011-08-01,54.0966682434082,55.37422161802457,53.592154386635784,55.31726087679665,4054600
2011-08-02,52.526180267333984,54.76393377478692,52.404119743458054,53.85255556587025,7060500
2011-08-03,52.33903121948242,53.046977443525336,50.7766735611713,52.90050602504258,6018500
2011-08-04,47.53802490234375,51.43578577090934,47.391556605272655,51.05333542700261,11642500
2011-08-05,46.15467071533203,48.709777110898685,44.4783892800158,47.969284473303716,12578800
2011-08-08,41.9639778137207,45.039870500340704,41.833781380004716,44.429574135273064,9213900
2011-08-09,45.259578704833984,45.36536427993404,41.736135882530014,43.20084657477854,11917300
2011-08-10,43.7135009765625,45.60948698268671,43.19271517409281,44.58419032209055,7455800
2011-08-11,46.105865478515625,46.70802604916773,43.469383269905485,43.94134737989342,4603900
2011-08-12,46.512725830078125,47.106747325087944,46.18723315417741,46.54527571849384,2937700
2011-08-15,47.977447509765625,48.05882224920151,46.732443485621175,46.83009006881533,2254800
2011-08-16,46.341854095458984,47.63568296457,46.23606848615008,47.35087603245048,5137200
2011-08-17,46.16282272338867,47.472926255204726,45.89429390175814,46.585961964381504,4578900
2011-08-18,43.591434478759766,44.75506645491786,43.11133455080554,44.68996668645663,6027000
2011-08-19,42.82653045654297,44.90153744445458,42.69633402486575,42.82653045654297,4340600
2011-08-22,43.00556182861328,44.25056888733956,42.72889393824397,44.00645089092634,2782100
2011-08-23,44.21800231933594,44.25055220101789,42.639370307292396,43.40427390205271,3306700
2011-08-24,44.42143630981445,44.4702611344105,43.15201880746655,44.08780776872739,2036600
2011-08-25,43.83555603027344,45.145659489771894,43.58330216692797,45.145659489771894,1628100
2011-08-26,45.36537170410156,45.47929321710154,42.891635892196504,43.64026785554101,2127200
2011-08-29,47.0904655456543,47.212526057431916,45.9024227280802,46.00006927502564,1910200
2011-08-30,47.67635726928711,48.0588106923437,46.55341096814166,46.919589447224766,1929100
2011-08-31,47.66008377075195,48.726069352383554,47.114887099682036,48.15645871254889,3046100
2011-09-01,46.77311706542969,48.19714203961843,46.64292062052613,47.64380637274627,3189700
2011-09-02,45.79663848876953,46.39065991481587,45.32467757804728,46.08144532314979,2224700
2011-09-06,45.13751220703125,45.6257479714778,44.063391041947014,44.42956631321828,2707300
2011-09-07,47.163700103759766,47.245074811040986,45.80477508550411,46.11398966078969,3094200
2011-09-08,46.66733169555664,47.64380658882602,46.390663860865786,46.97654941765303,2555900
2011-09-09,45.292137145996094,46.49645519175146,44.76321227470753,46.03263010332299,3498000
2011-09-12,44.746944427490234,45.568809082628114,43.510076379894876,44.364490929368394,4698400
2011-09-13,45.430477142333984,45.8292024874833,44.29939158382209,44.92596308747125,3309300
2011-09-14,45.79663848876953,46.50458451104469,44.502810063671156,45.406049185511435,3960200
2011-09-15,46.26860809326172,46.48017616070447,45.33281897373334,46.138411643113514,2963400
2011-09-16,46.09498977661133,46.730784862039506,45.62222226122418,46.53515488742323,3170800
2011-09-19,45.12499237060547,45.45919106609756,44.15499868387458,45.3613776479964,2893100
2011-09-20,43.453983306884766,45.36136137758964,43.32356442638492,45.190184070520594,4646800
2011-09-21,41.1798210144043,43.13610516495703,41.10646016441901,43.13610516495703,4593600
2011-09-22,37.943790435791016,39.39470443168012,37.25094050020787,39.29688790874444,6736200
2011-09-23,37.87043762207031,38.49807978477647,37.226492702087405,37.438425437252086,4540000
2011-09-26,39.003440856933594,39.1257099442823,36.84337748608558,37.91933426079878,5618600
2011-09-27,40.054954528808594,41.49771579727188,39.745208381203625,40.31579240802348,6904200
2011-09-28,37.324302673339844,40.242427304500744,37.136825661819465,40.185369218795955,5266200
2011-09-29,37.805213928222656,38.49806372151217,36.72110434240989,38.35134207667387,4724400
2011-09-30,36.541778564453125,37.56882691993979,36.37060124734571,36.92488229933266,6259400
2011-10-03,34.14533996582031,36.72111630036211,34.03937360794514,36.07717143936848,7591600
2011-10-04,35.84893035888672,35.85708328951196,32.74332609967787,33.63995879310468,7109600
2011-10-05,37.87858581542969,38.05790990416787,35.49028658832765,35.954904229558714,9759300
2011-10-06,38.734458923339844,39.10126312998211,37.31615036080061,37.935642600781435,6966000
2011-10-07,37.52808380126953,39.32949625117345,37.030860656854294,39.31319349617577,3366800
2011-10-10,39.60663604736328,39.64739137929751,38.52252618320424,38.52252618320424,2768400
2011-10-11,40.112022399902344,40.35655758260514,38.77522716565571,38.93009872249965,3704300
2011-10-12,40.95158386230469,41.75855000854662,40.46251054966085,40.51956863638775,4888000
2011-10-13,40.804866790771484,41.04940192001181,39.476221672340785,40.64184233480031,2570200
2011-10-14,41.97048568725586,42.0846018688042,41.06570294864724,41.50586491898617,2921200
2011-10-17,39.88376235961914,41.64441880911206,39.6636799147536,41.64441880911206,3357100
2011-10-18,41.52216339111328,41.799303993181454,38.70185221734642,39.737053786558924,5418900
2011-10-19,39.76966857910156,41.37545137205923,39.50883067031352,41.32654620755719,4625000
2011-10-20,40.217979431152344,40.478817313288836,38.93008966734966,39.75336175925715,3839500
2011-10-21,41.424354553222656,41.603681759505115,40.584782831868914,41.098305652605966,3351600
2011-10-24,43.494747161865234,43.60886331602422,41.571065964808135,41.97862543505135,3826900
2011-10-25,41.8319091796875,43.168703917225955,41.69334043443572,43.168703917225955,3402600
2011-10-26,42.75300598144531,43.14426285469251,41.20427813742109,42.68779494785417,3611800
2011-10-27,46.64111328125,47.1383364018735,44.48919947544476,44.75003732406161,5996200
2011-10-28,47.99421691894531,48.38547374185933,45.9401162665721,46.13574312331269,4560200
2011-10-31,44.83970260620117,47.170943848423114,44.77449469178558,47.170943848423114,5112600
2011-11-01,43.502891540527344,44.32616330870205,41.880806793178266,42.89970534131317,6043000
2011-11-02,44.77449417114258,45.10869289089742,43.64147907513062,44.68483056911008,2992300
2011-11-03,46.005332946777344,46.16835743140738,44.21207294414722,45.78525035894181,4127100
2011-11-04,46.404720306396484,46.82858251739893,44.831540544006785,45.52439038136867,2697700
2011-11-07,46.48625564575195,47.21986430626558,45.41845128475647,46.48625564575195,2663600
2011-11-08,46.7552375793457,47.317668705181134,45.948268207167686,46.486246752142044,3223200
2011-11-09,43.62517547607422,45.5407041555432,43.38064036307879,45.353227131932286,6212100
2011-11-10,43.85341262817383,44.83155629653018,43.01384084163919,44.32618325982872,2650200
2011-11-11,44.9456672668457,45.605914865913704,44.33432793381585,44.399538955200036,3274300
2011-11-14,44.497352600097656,45.271716381023104,44.049037708856396,44.79079597892689,2473400
2011-11-15,45.18205261230469,45.43474065633873,43.837104834166524,44.30172247910168,3052800
2011-11-16,43.7148323059082,45.17389293489205,43.543654954833606,44.60331212941734,2712000
2011-11-17,41.98679733276367,44.00014316939103,41.67705421130841,43.617036070908284,6815800
2011-11-18,41.840065002441406,42.70408926061238,41.64443504979117,42.44325139670047,4674800
2011-11-21,40.68259048461914,41.065697422058406,39.78596079932182,41.065697422058406,4018400
2011-11-22,40.33211135864258,41.18798618781405,39.82673815342113,40.674463155971594,2904700
2011-11-23,38.3595085144043,39.82672237001487,38.3595085144043,39.72890894215625,3251600
2011-11-25,38.00900650024414,38.82412564306213,37.911189964314396,38.180180773972054,1140600
2011-11-28,40.389137268066406,40.75594136221263,39.737042828157314,39.785951077187335,4015000
2011-11-29,40.47882080078125,41.00864954357488,39.96529481570482,40.50327338264052,2569800
2011-11-30,44.26911163330078,44.399530541923404,42.36173315129989,42.51660463359173,6032500
2011-12-01,43.87785339355469,44.66851663942327,43.29911659141688,44.057177443328705,2887400
2011-12-02,43.60887908935547,44.88046621584288,43.44585462040583,44.60332555145843,3094600
2011-12-05,44.301719665527344,45.11683872549607,43.67408072565198,44.3098725974092,3976800
2011-12-06,44.58700942993164,45.141290592570506,43.55180793822176,44.040878089052676,3736700
2011-12-07,44.34248352050781,44.464749528772934,43.49475884836519,44.3261807641859,2201300
2011-12-08,42.19872283935547,43.96753007295671,42.00309285633349,43.96753007295671,4517800
2011-12-09,43.7148323059082,43.92676187516564,42.23131599280959,42.53290914847939,3353400
2011-12-12,41.946041107177734,42.769313393971146,41.326551767815566,42.769313393971146,3209900
2011-12-13,40.41360855102539,42.79375495302798,40.12831498567888,42.08460217016184,4508500
2011-12-14,39.60663604736328,40.42175512377789,39.09311015858097,40.006045762956745,5535300
2011-12-15,39.50883483886719,40.54403675897027,39.27244948738929,40.5195810647058,4607700
2011-12-16,40.015567779541016,40.77691167138947,39.63080171381805,40.02375289624009,3716100
2011-12-19,38.73027801513672,40.35120235490962,38.558359384133944,40.212030427230935,4479200
2011-12-20,40.776912689208984,40.88333482344534,39.67173453334375,39.67173453334375,4487600
2011-12-21,40.8423957824707,41.047058020805714,39.974629890584936,40.77690549011042,2629200
2011-12-22,41.579185485839844,41.849338045098605,40.76053644594332,40.97338382224119,3086800
2011-12-23,41.448211669921875,41.75111101266083,41.13712408600406,41.72655253492224,1571300
2011-12-27,40.89970779418945,41.5218828515234,40.84240260771112,41.31722057898695,824500
2011-12-28,39.37702560424805,40.899713628804555,39.30334705070825,40.801476598384454,4189500
2011-12-29,39.745399475097656,39.81907799360719,39.24602319663277,39.401568470651455,1114200
2011-12-30,40.10563659667969,40.244805499562545,39.58169834285674,39.58169834285674,840700
2012-01-03,42.315975189208984,42.52063748517267,41.513699363779175,41.513699363779175,4380500
2012-01-04,42.42238998413086,42.69254564709736,41.53006246911422,41.914828489861165,2614100
2012-01-05,41.98032760620117,42.446957374020435,41.128934859679255,41.99670096402449,2059200
2012-01-06,42.0048828125,42.44695091486541,41.35814932993636,42.07856135004394,3774100
2012-01-09,41.81658935546875,42.48788123645743,41.71834923417928,42.18497888016171,3080600
2012-01-10,42.96269989013672,43.347465926135165,42.725290926525,42.81534281775001,4778900
2012-01-11,43.22467041015625,43.33109566400938,42.2750376108242,42.979076312947655,2652900
2012-01-12,43.60124206542969,43.74859912748666,42.87264499353573,43.462073241763626,2288500
2012-01-13,42.42238998413086,43.01181825031375,41.83296171794797,42.91357812401792,2632600
2012-01-17,42.43059539794922,43.306549913154605,42.16043962562829,43.06914086285426,2405100
2012-01-18,43.2819709777832,43.35564951137508,42.08674420875776,42.41420505203231,2876300
2012-01-19,43.47844314575195,43.912326059104544,43.25740757020506,43.51118985092135,1893000
2012-01-20,43.396602630615234,43.764995479343625,43.06914474955633,43.191940283866074,2629200
2012-01-23,43.83866500854492,44.46902528128543,43.47846047679274,43.6585643041183,3200500
2012-01-24,43.98601531982422,43.99420355956389,42.74166832576225,43.306538197658554,2662200
2012-01-25,45.549625396728516,45.74610251155003,43.396577863303634,43.724038680373546,5391200
2012-01-26,45.13212203979492,46.499264425189594,44.755541111411745,46.089939908906416,3252300
2012-01-27,45.70518493652344,45.84435379727375,44.75554889559709,44.81285721091055,3796500
2012-01-30,44.984764099121094,45.44320554988835,44.44445587293243,44.87833885252234,2817700
2012-01-31,44.387149810791016,45.86890250318657,43.83046824056457,45.64786689828211,4609500
2012-02-01,45.04207229614258,45.64787086032989,44.747358130689996,44.902900330057356,4100800
2012-02-02,45.688812255859375,46.270052429199126,44.86197482807292,45.24674094533387,3128700
2012-02-03,46.474708557128906,46.71211753936876,45.901653577649334,46.49926703015427,2706900
2012-02-06,46.31917190551758,46.58113939216656,45.92621755264533,46.21274663816057,1105200
2012-02-07,45.6233024597168,46.17998395712507,45.20579289810944,46.130863899272214,2408100
2012-02-08,45.41046142578125,46.425584445820796,45.26310435466291,45.79522433556969,2922100
2012-02-09,45.22218322753906,45.811608528560406,44.76373855083458,45.47596248113892,3144000
2012-02-10,43.593074798583984,44.42809745116392,43.47846439736895,44.32986041053664,4270800
2012-02-13,43.650352478027344,44.247965709643836,43.2819599043193,44.247965709643836,3069700
2012-02-14,42.782588958740234,43.437510558976676,42.29958599615956,43.396575616788674,5055000
2012-02-15,42.52063751220703,43.17555935802628,42.30779009834494,43.05276073121047,4554800
2012-02-16,43.82228088378906,43.88777430414482,42.16042437848867,42.537002176839806,3993300
2012-02-17,43.40478515625,44.231619554134326,43.273801396499046,44.026957234342255,3120100
2012-02-21,44.190677642822266,44.83741117545758,43.68311607983306,43.81409980973023,4605200
2012-02-22,43.855018615722656,44.58361559207816,43.658544640674954,44.15791781561143,3211700
2012-02-23,44.10062026977539,44.27253893128409,43.33927645833052,43.87139955162788,1973800
2012-02-24,44.14157485961914,44.55908780916424,43.80592872513174,44.010591078426486,2191300
2012-02-27,43.576690673828125,43.9123366757188,43.18373948548526,43.699489286453336,2179300
2012-02-28,43.773170471191406,44.02694970568155,43.40477773398144,43.57669330371321,2225700
2012-02-29,42.42238998413086,44.32984361058492,42.37326992098294,43.9123308810727,4830500
2012-03-01,42.93812942504883,43.519369313271945,42.749840579127145,42.86445090943623,2957500
2012-03-02,42.111305236816406,42.97907433817337,41.89026962261516,42.8317172620392,3075200
2012-03-05,40.89970779418945,41.963950986799325,40.64592857489925,41.963950986799325,3136500
2012-03-06,39.860023498535156,39.98282211252135,39.35246193166263,39.876396855259884,4873900
2012-03-07,39.941890716552734,40.22841665510536,39.49163433187068,40.22841665510536,2985500
2012-03-08,40.424903869628906,40.613192836495,39.81091688610495,40.35941042572802,2708700
2012-03-09,41.37453079223633,41.92302425028162,40.3757777815881,40.47401480992927,5139700
2012-03-12,40.40033721923828,41.710177827515345,40.334846906418825,41.24354802816819,4446100
2012-03-13,41.53006362915039,41.636488874161245,40.65410944404885,40.826024985521535,3737900
2012-03-14,40.834228515625,41.48095909804669,40.62956618783223,41.36634869414662,5482600
2012-03-15,41.28446960449219,41.53825192048536,40.46582059884753,40.89151845653053,3513600
2012-03-16,41.8038330078125,42.12382258806528,41.45922667760189,41.467433304224826,6675000
2012-03-19,42.50125503540039,43.133030832983316,41.656153849110645,41.869479237817465,5152400
2012-03-20,41.869476318359375,42.02537094722848,41.07360556799382,41.92691019323386,4074700
2012-03-21,41.623329162597656,42.23869476783401,41.336159798785225,42.01716277435957,3625400
2012-03-22,40.318756103515625,41.08180974507665,39.93312596877298,41.08180974507665,5417600
2012-03-23,40.93412399291992,41.295140523568506,40.228504188374046,40.31055482257221,5316400
2012-03-26,41.2295036315918,41.7135914611194,40.786439557804776,41.47564929594727,3172100
2012-03-27,40.925926208496094,41.82846140130537,40.925926208496094,41.35258017616058,2459200
2012-03-28,40.17106246948242,40.852068515817436,39.629540909106225,40.819248268543475,5563000
2012-03-29,40.761817932128906,40.84386542751087,39.465446221696936,39.900306710973034,5171600
2012-03-30,40.79464340209961,41.221297318482954,40.17107108972714,41.13924668269093,2862300
2012-04-02,41.5002555847168,41.91870279557494,40.66335803308937,40.74540552387374,3907400
2012-04-03,40.5813102722168,41.492051881695886,40.17927315716563,41.46743825870824,5992900
2012-04-04,39.60493087768555,40.17106610986602,39.30955488527441,39.793642621745704,4201400
2012-04-05,39.15366744995117,40.1464566485322,39.01418293689366,39.48186059671817,2867100
2012-04-09,38.940338134765625,39.35878853546875,38.51368423577355,38.62034849299947,3691000
2012-04-10,38.48906326293945,39.2028864144407,37.906517968379944,38.850076587051475,5675400
2012-04-11,38.82548141479492,39.555715036621294,38.71061362663066,39.14547114751322,3632900
2012-04-12,40.63872528076172,40.85205368066262,38.956727342665715,38.956727342665715,5061500
2012-04-13,39.547508239746094,40.38440607936126,39.465457590815845,40.38440607936126,5783300
2012-04-16,39.45726776123047,40.31057602626858,39.1700982152625,39.95776593841462,3886500
2012-04-17,40.1628532409668,40.827445938909555,39.736199477026304,39.86747731747641,3688200
2012-04-18,39.7362060546875,40.45823586163827,39.60492819250655,40.06440227509543,3718400
2012-04-19,39.621341705322266,40.40900894577695,39.36698945625587,39.79364332731334,4153300
2012-04-20,39.07161331176758,40.417212291631785,39.0059759402654,40.01517517516355,4606900
2012-04-23,38.37421417236328,38.50549209308262,37.49629249069411,38.33319040899708,5359900
2012-04-24,38.61213684082031,39.16186187752841,38.11984253983016,38.43162861746617,3648300
2012-04-25,39.5803108215332,39.71979216754962,38.874691205445636,39.22750101348942,3556800
2012-04-26,39.777225494384766,39.80183911278236,39.202883735791595,39.284934346968214,1864000
2012-04-27,39.61314010620117,40.072614286414996,39.37520108225695,39.851082260057176,2679300
2012-04-30,39.752628326416016,39.99057050242723,39.01418816979917,39.48186589235248,2820400
2012-05-01,40.06440353393555,40.67976911910212,39.67877343232624,39.67877343232624,3162100
2012-05-02,39.3177604675293,39.81825835566136,38.98136070942748,39.62134310355427,2515900
2012-05-03,38.57933044433594,39.62955365560958,38.316774641517526,39.37520448220478,4009000
2012-05-04,37.684993743896484,38.46445754903902,37.578329485109826,38.15267140099967,3382100
2012-05-07,37.430641174316406,37.92293558252236,36.946553394365274,37.488075052453695,2781100
2012-05-08,37.159881591796875,37.17629171825428,36.15068228900339,36.962963204219605,5065800
2012-05-09,37.2829475402832,37.81626561957124,36.03580627618335,36.29015850521338,6715900
2012-05-10,37.200904846191406,37.89831799680389,36.83989145868436,37.816270495524144,3944800
2012-05-11,36.880916595458984,37.594739899138105,36.569130445036976,36.675794704638754,3811800
2012-05-14,36.38861846923828,36.92193658295663,36.232726974878325,36.298367475605474,3449900
2012-05-15,34.928157806396484,36.5281092947406,34.7394460289894,36.2901671332618,5952100
2012-05-16,34.107666015625,35.691207182385845,34.04202864146425,35.05943141529217,6254800
2012-05-17,33.63999938964844,34.64099549500999,33.54974523196338,34.34561938982707,5660100
2012-05-18,32.79489517211914,34.02562675219972,32.56515648216376,33.820504822186294,6987000
2012-05-21,34.03383255004883,34.12408670613425,32.93437880575022,33.016429461242645,3206900
2012-05-22,33.15589904785156,34.45227077276323,32.82770280283532,34.058434026779196,5942800
2012-05-23,33.95998001098633,34.00921039193928,32.22875073803715,32.770272408872806,6529600
2012-05-24,33.71383285522461,34.18151049862862,33.09026370732311,34.13228011988184,5577900
2012-05-25,33.54974365234375,33.812299482386116,33.27898432194923,33.5743572833126,2192600
2012-05-29,34.345603942871094,34.6820036602751,33.85330961233839,34.16509570868465,3283600
2012-05-30,33.180511474609375,33.804083691678336,33.098463981268786,33.68921594903701,3286700
2012-05-31,32.32721710205078,33.237955833168044,31.949790375829174,33.221548833252186,3927600
2012-06-01,32.46669006347656,32.844113561587186,31.506721192641542,31.506721192641542,5071300
2012-06-04,32.53232955932617,32.614377054668985,31.588767713327194,32.49130268174344,5666700
2012-06-05,32.671810150146484,33.01641650819321,32.31079679735056,32.409254415401946,3342500
2012-06-06,33.42666244506836,33.77946919390525,32.86052406154074,33.20513044237209,2968200
2012-06-07,33.213340759277344,34.64099069312513,33.213340759277344,34.206130096368916,6344700
2012-06-08,33.0656623840332,33.15591655556622,32.50773035084089,33.04104874812893,3300700
2012-06-11,31.728256225585938,33.6481974700839,31.687232468677287,33.50051257119516,3869700
2012-06-12,32.269775390625,32.35182288996544,31.57235912658538,31.974399385141066,4292800
2012-06-13,31.966190338134766,32.58976255361294,31.83491247117798,32.08926470774292,3051000
2012-06-14,32.35183334350586,32.40106373696435,31.588779459417832,32.00722684912135,2914800
2012-06-15,32.75623321533203,32.92096219593756,32.12202868226431,32.476194890885814,3039900
2012-06-18,32.69856643676758,32.87976542059517,32.16319823350566,32.50912927889071,2244700
2012-06-19,33.79401779174805,34.00816639226174,32.75623063692729,32.945667850031725,3668700
2012-06-20,33.85991287231445,34.387043090025365,33.3410176896548,33.63752922260317,3911600
2012-06-21,32.270294189453125,33.728140923567494,32.187931245266064,33.65401301702117,3056900
2012-06-22,32.39384078979492,32.60798632351596,31.965546580408024,32.4926769482858,1588500
2012-06-25,31.66902732849121,31.982012087196253,31.50429834275466,31.96553887442819,2095600
2012-06-26,31.627853393554688,31.924361868103322,31.16661275212656,31.78434423917298,2218800
2012-06-27,32.575035095214844,32.706817667786794,31.586664229953037,31.87494076754093,2042400
2012-06-28,32.92097091674805,33.02804211185257,32.1302722287731,32.21263831186675,2273800
2012-06-29,34.12348556518555,34.247033112020716,33.62930166173415,33.859920397752184,4841200
2012-07-02,34.23053741455078,34.551757055019614,33.65398781122444,34.15640956352393,2368100
2012-07-03,35.46601104736328,35.80370400263463,34.50234867035641,34.510586846453336,4862600
2012-07-05,35.3177604675293,35.90254537827913,35.0130107461999,35.40836156619782,2408200
2012-07-06,34.535301208496094,34.92241386309199,34.30468250802747,34.77415808652097,3167000
2012-07-09,34.02463912963867,34.6176590061634,33.79401732137669,34.312912462536545,2515200
2012-07-10,32.95390701293945,34.73297317404132,32.665633639914844,34.131715037487055,6162200
2012-07-11,32.92097091674805,33.40691981019372,32.68211398869369,33.135116448901904,2607700
2012-07-12,32.93743896484375,33.29160206976454,31.932594902394474,32.443251969663834,6749700
2012-07-13,33.390438079833984,33.61282173456724,33.03627186769701,33.0856883630084,3220500
2012-07-16,32.93743896484375,33.23394739161853,32.64916243216939,33.23394739161853,1929200
2012-07-17,32.86330032348633,33.151573619925756,32.130256677502814,33.052737509995566,4385900
2012-07-18,32.76447677612305,33.15158950998496,32.47620334150979,32.607985931896536,1781600
2012-07-19,33.04450988769531,33.291601812402966,32.81389117689408,32.8880190685008,2207800
2012-07-20,32.60795974731445,32.9291793570674,32.550305106689166,32.70679582525176,2068000
2012-07-23,32.023193359375,32.13026452882014,31.53724458238597,31.899645835314853,2106500
2012-07-24,30.99363899230957,32.31970267230547,30.730073891658144,32.056134429710205,3056100
2012-07-25,30.68065071105957,31.331328352689415,30.557103209808115,31.1665993983353,2767200
2012-07-26,31.026580810546875,31.37251195255631,30.68065281048113,31.306619109528345,1506800
2012-07-27,32.484432220458984,32.67386946185516,31.059532250174925,31.39722527039318,3927600
2012-07-30,32.78093719482422,32.87153827945864,32.10555129002305,32.53384532705806,2578900
2012-07-31,32.78093719482422,33.34101377079741,32.62444641169248,32.68210107610647,4923400
2012-08-01,32.723297119140625,33.34926681462508,32.476205141215694,32.95391587961123,3860000
2012-08-02,32.10554504394531,33.34924545878682,31.751378950336907,32.245565731669615,5652300
2012-08-03,32.929203033447266,33.49751481763567,32.51738208033971,32.73976577205113,3353200
2012-08-06,33.76108169555664,34.26350059794306,33.003329539958465,33.09393064853541,3177500
2012-08-07,34.26350021362305,34.61766646575437,33.942280390049135,33.958753604327846,3729600
2012-08-08,34.26350021362305,34.82357693132168,33.93404535388196,34.181137284173865,3801200
2012-08-09,34.9141731262207,35.23539290459681,33.98345707307011,34.181132474655975,4586000
2012-08-10,35.01301574707031,35.078908607129385,34.32939460465218,34.5764865459847,3750700
2012-08-13,34.18112564086914,35.05418684857887,33.91756058607814,34.90593111251603,4102600
2012-08-14,33.81873321533203,34.51059244843198,33.654004228033166,34.4117531708862,2730900
2012-08-15,33.785789489746094,33.802262703986976,33.26689423796342,33.67871516815251,1869300
2012-08-16,34.4446907043457,34.74943720991027,33.678703781808935,33.87637914392368,3438100
2012-08-17,34.584720611572266,34.84828573657581,34.312917309068794,34.52706279490512,3815000
2012-08-20,34.9141731262207,35.02948246800249,34.28820678142932,34.461170794101996,2509900
2012-08-21,35.334224700927734,36.24022917348762,35.14478437442899,35.36716797593585,4456000
2012-08-22,35.54014587402344,35.63074383520507,34.90594129408679,35.28481577811828,2063400
2012-08-23,34.732967376708984,35.51542758395945,34.634131257018026,35.40011825399606,2470600
2012-08-24,34.55178451538086,34.72474859126085,34.107017055736556,34.60120102737796,2635400
2012-08-27,34.07406234741211,34.66708548296609,33.9916994194493,34.650612268984666,2259600
2012-08-28,33.991703033447266,34.32115792227044,33.892866880994774,33.909336954782994,1856800
2012-08-29,33.851680755615234,34.016409763626484,33.48104441502054,33.975228297109794,2085300
2012-08-30,33.192752838134766,33.59633856794943,33.09391673485196,33.45631787485097,1831300
2012-08-31,33.71989059448242,33.802256650937366,33.126870697725764,33.5881080460983,2162600
2012-09-04,33.32453918457031,33.76107137960587,32.96213800294132,33.752833203919174,1865800
2012-09-05,33.448097229003906,33.54693337479887,33.003329860009934,33.275133188376614,1296900
2012-09-06,34.4117546081543,34.60119185177974,33.68695206087719,33.728133523935895,2811500
2012-09-07,36.17434310913086,36.30612880159827,34.840044392336715,34.88946402701199,6042200
2012-09-10,36.157859802246094,37.08857234998767,36.026077299967646,36.13314842298328,4780000
2012-09-11,36.610877990722656,37.08035355706185,36.330839657998915,36.3555479061397,2647800
2012-09-12,36.7426643371582,37.063884163867286,35.95196889572902,37.01446452054881,2012700
2012-09-13,38.35700988769531,38.694703001377846,36.388505897549926,36.808561959176465,6887000
2012-09-14,39.287723541259766,39.748961044696145,38.91708401746635,38.91708401746635,6908000
2012-09-17,38.28286361694336,38.96648769639728,38.06871816982809,38.92530310023273,3424800
2012-09-18,38.13460922241211,38.48054036242879,37.64042547032391,38.1099009773908,3437100
2012-09-19,38.01106262207031,38.340517390124525,37.82162228155837,38.12637194798646,2423600
2012-09-20,37.665130615234375,37.788678114059415,36.85796221088945,37.39333051654007,3574700
2012-09-21,37.33548355102539,38.23602977816132,37.28591422307559,37.963389019453665,2197900
2012-09-24,36.591915130615234,37.005009670852495,36.40189202030544,36.82324706461651,3726300
2012-09-25,35.50960922241211,37.0711062087269,35.484824556490125,36.87282257802805,4330300
2012-09-26,35.724422454833984,36.2201347150033,34.6421134664149,35.385685008330555,7080000
2012-09-27,36.39362716674805,36.45972380380796,35.79050953605139,36.24491288502436,2804500
2012-09-28,35.955745697021484,36.31100721953794,35.74093479185943,36.04662699138536,2560300
2012-10-01,36.046607971191406,36.81496358872676,35.881369627869745,36.35229685775796,2705000
2012-10-02,35.82356643676758,36.377111722281136,35.52613780206578,36.20361273592571,2853200
2012-10-03,35.352630615234375,35.92269993173701,35.0882503683061,35.86486694970027,3478800
2012-10-04,36.29449462890625,36.5588749413207,35.650068011353774,35.79878233104464,6638700
2012-10-05,36.19535446166992,36.848041615103085,35.92271047916353,36.633233783276104,3724500
2012-10-08,36.385372161865234,36.6001799614516,35.61701597405829,35.77399078330749,2221300
2012-10-09,36.72412109375,37.244621321366324,36.393644058386045,36.434952899890895,5469500
2012-10-10,36.352317810058594,36.99674425361445,36.14577054977417,36.74888817160536,3214100
2012-10-11,37.31896209716797,37.63291485414695,36.50929711477921,36.77367738855262,5163200
2012-10-12,36.46799850463867,37.318972552272825,36.3440719893983,37.16199770563674,4414900
2012-10-15,36.92238998413086,36.938914144437504,35.955750243652105,36.451462446206136,4032100
2012-10-16,37.69074249267578,37.74031496884561,37.07110072302748,37.07110072302748,2606200
2012-10-17,38.49215316772461,38.64912797384153,37.30244190953488,37.91382012423153,6402800
2012-10-18,38.68217468261719,39.01265159415531,38.16167465002614,38.24429545374137,4083500
2012-10-19,37.72380065917969,38.64087122195682,37.566825837816566,38.50868106931897,3641700
2012-10-22,38.525203704833984,38.78958399962702,37.880773978571966,37.889037635593965,4476200
2012-10-23,37.45115280151367,37.66596057725936,37.128936410403256,37.6163880974744,6090300
2012-10-24,36.73236846923828,37.84772570109458,36.63322665473821,37.62465425472332,3381800
2012-10-25,36.89760208129883,37.28591193527286,36.42667458470358,37.12067349836937,4006800
2012-10-26,36.86456298828125,37.773373042833285,36.66627933570898,37.19503994478414,2853500
2012-10-31,36.76542282104492,37.25287462046907,36.62497215677351,36.84804048806787,3230800
2012-11-01,38.16167449951172,38.2690799680872,36.88934564392941,36.94717863047127,4367800
2012-11-02,36.94717788696289,38.54172311618373,36.86455708523615,38.533459460180396,7676100
2012-11-05,37.079368591308594,37.4594148301431,36.76541584321595,36.78194000381676,2854600
2012-11-06,37.61639404296875,37.82294134722694,37.170254261033996,37.30244440969277,3184100
2012-11-07,36.12922668457031,36.71581982743039,35.724396040152264,36.61667807903444,5875100
2012-11-08,35.732669830322266,36.34405100143298,35.468289635155614,36.03835884004736,4055900
2012-11-09,35.65831756591797,36.55886371339921,35.42698565151723,35.5426516087176,3245000
2012-11-12,35.93095779418945,36.3523127599031,35.80702819457098,36.27795563046415,2161700
2012-11-13,35.236968994140625,35.88965603637952,35.21218117616895,35.36089547735288,4663600
2012-11-14,34.237281799316406,35.451781020031,34.12161580718395,35.42699635076317,2845000
2012-11-15,33.51022720336914,34.4272943522347,33.37803708853313,34.08855698598861,4076300
2012-11-16,33.782875061035156,33.95637403241121,32.91537705249328,33.625900251456095,3341600
2012-11-19,34.74125671386719,34.77430503967787,34.3199015905974,34.63385123081339,3653000
2012-11-20,34.34468078613281,34.74951483364681,34.15465767049524,34.55949171800924,2199600
2012-11-21,34.592529296875,34.68341058260063,34.15465017655399,34.23726780812605,1978700
2012-11-23,35.079994201660156,35.18739968479781,34.7082084151543,34.832138061210195,1075500
2012-11-26,34.88996505737305,35.170869475366906,34.55949131080815,34.76603858428419,1978100
2012-11-27,34.47687911987305,35.12130576551077,34.43557028519459,34.72473527960586,2382200
2012-11-28,34.807342529296875,34.84038769315814,33.87374810159282,34.01419871507051,4907700
2012-11-29,35.079994201660156,35.49308881963071,34.8403985668384,35.129566690414876,2001000
2012-11-30,35.04694747924805,35.48482993746032,34.85692432448731,35.12130463995111,1861500
2012-12-03,34.576019287109375,35.41873271091764,34.52644994854895,35.228709559224875,3683100
2012-12-04,34.774295806884766,35.08824851540617,34.35294079548736,34.51817607734612,2258500
2012-12-05,35.03042221069336,35.26175417069958,34.6338486340233,34.76604192735437,2011100
2012-12-06,35.05519485473633,35.402192675738334,34.89822010023454,34.91474110457326,1607200
2012-12-07,35.31958770751953,35.85661193917571,35.013898591112685,35.088255743931825,1701200
2012-12-10,35.9640007019043,36.145763262843076,34.898219448958976,35.13781182732503,2722000
2012-12-11,36.45146179199219,36.61670024043168,35.93096493415049,36.145772710958944,2223700
2012-12-12,36.47625732421875,37.03806627676432,36.41842432777982,36.56713549600712,3597600
2012-12-13,36.211875915527344,36.68280353037035,36.09620677448819,36.35232657358214,3798200
2012-12-14,36.82324981689453,37.038060758803795,36.063157318843814,36.063157318843814,2620300
2012-12-17,36.80672836303711,37.17025362941782,36.58365690002941,36.91413384189157,2578400
2012-12-18,37.43463897705078,37.50073248335082,36.872829991020936,36.89761466192568,3217400
2012-12-19,37.17851638793945,37.69075284237463,37.12894389815725,37.34375486888489,2072500
2012-12-20,37.26112365722656,37.27764781587727,36.790196166494745,37.01326758078787,3035200
2012-12-21,36.86936950683594,36.87767145352077,36.454360828012845,36.49586422890711,2030600
2012-12-24,36.670166015625,36.85277084204186,36.49586313564427,36.57886360241657,756000
2012-12-26,37.04365921020508,37.3507646104483,36.87765517868371,36.88595395544118,1509400
2012-12-27,36.736568450927734,37.234580786892174,36.37136193756588,37.110076911334794,1870400
2012-12-28,36.18874740600586,36.553956987825636,36.155549125511165,36.46265459237069,2191400
2012-12-31,37.45866775512695,37.69937027657269,36.13894061050541,36.19704154667475,3535700
2013-01-02,38.51279830932617,38.952706400274515,38.213991618770976,38.60409753920537,2274900
2013-01-03,38.1226806640625,38.9111974390575,37.989878072103814,38.42978606429255,2410600
2013-01-04,38.678794860839844,38.711996304114294,38.04798326994484,38.04798326994484,3065300
2013-01-07,38.74521255493164,38.99421714212611,38.33850263504408,38.39660359984729,1922800
2013-01-08,38.1143913269043,38.828206682116644,37.97328991152095,38.753505001541754,2181200
2013-01-09,38.25547790527344,38.404881196113045,37.88196967817442,38.3467802681491,3159100
2013-01-10,38.230594635009766,38.54599890172052,38.01478838277141,38.54599890172052,2031500
2013-01-11,37.599769592285156,38.081180973699006,37.50846721537814,38.05627831055663,2760300
2013-01-14,37.29267120361328,37.96498624219425,37.25117097892008,37.73257928463677,1913000
2013-01-15,37.64126968383789,37.70767256364501,37.10176053359112,37.15155952718288,1756600
2013-01-16,37.284366607666016,37.807278267156434,37.010462611156534,37.807278267156434,1769500
2013-01-17,37.541690826416016,37.67449349863824,37.21798451076592,37.50019058502134,2723300
2013-01-18,37.77407455444336,37.790675275395934,37.433767690574996,37.649573896694704,1836800
2013-01-22,38.288700103759766,38.35509984332799,37.624686876753366,37.87369144109766,3663500
2013-01-23,37.881980895996094,38.28869067844397,37.81558117277312,38.28869067844397,1787600
2013-01-24,37.16815948486328,37.99817646784827,36.96895718205445,37.86537387722121,2604000
2013-01-25,37.093467712402344,37.24287106244564,36.71996250355848,37.24287106244564,3598700
2013-01-28,36.46266174316406,37.18477593733334,36.29665764307812,37.18477593733334,2675600
2013-01-29,36.811256408691406,37.19306667368987,36.578852638377136,36.58715458232488,2708800
2013-01-30,36.147254943847656,37.27607904596915,36.031053021499545,37.01877252772339,5436100
2013-01-31,36.41285705566406,36.49586068312337,36.0393486477588,36.055949373250655,2582100
2013-02-01,36.82786178588867,37.01876535938888,36.512457533808835,36.794663504692686,2214200
2013-02-04,36.42116165161133,36.72826717989471,36.28835900427813,36.520762845545015,2239600
2013-02-05,36.26345443725586,36.553962389932714,36.19705470018938,36.4460592551519,1857000
2013-02-06,36.97726821899414,37.10177207422807,36.130650235691284,36.130650235691284,2877200
2013-02-07,36.778053283691406,37.035356519403955,36.5456463777486,37.018755799960644,1585400
2013-02-08,36.852760314941406,36.944059535805096,36.70335698441691,36.852760314941406,972100
2013-02-11,36.84446334838867,36.8776647966048,36.52075714394239,36.64526099162067,1222000
2013-02-12,37.02706527709961,37.226267618426114,36.61205670536124,36.71165787602449,1535800
2013-02-13,36.578857421875,36.9938660181443,36.35475239993786,36.968966515572724,2912700
2013-02-14,37.317569732666016,37.45037234798189,36.52075404077076,36.52075404077076,2534100
2013-02-15,36.83616638183594,37.31757473959793,36.67846107818231,37.14327187728399,2570500
2013-02-19,36.4958610534668,36.99387015821763,36.238554555128886,36.91086969618072,4500800
2013-02-20,34.73622131347656,36.32155416478933,34.62832134861365,36.2468524842033,6694300
2013-02-21,34.41250991821289,34.87732065719352,34.15520663082029,34.55361447869049,5159500
2013-02-22,34.42080307006836,34.72790844734486,34.063895537180805,34.6615055731968,2578500
2013-02-25,33.5576057434082,34.77773240762614,33.51610550417782,34.736229002130464,3278300
2013-02-26,33.798301696777344,33.864701426908425,33.24218852139075,33.82320119979345,2847900
2013-02-27,34.13859558105469,34.23819672132668,33.457981984380275,33.457981984380275,1564700
2013-02-28,33.665489196777344,34.15519933214544,33.665489196777344,34.02239674456749,2060300
2013-03-01,32.97658157348633,33.44139232557213,32.86037967703093,33.399892100590094,4301100
2013-03-04,32.528377532958984,32.87698645276656,32.20467128573646,32.83548622014453,5427000
2013-03-05,32.677764892578125,33.316878293864015,32.64456662250524,32.95167199295632,3917100
2013-03-06,33.756805419921875,33.93111147657451,32.760787094127046,32.90188852931747,4615300
2013-03-07,33.92279815673828,34.17180265470613,33.73189460275413,33.781696768853294,2915300
2013-03-08,34.395912170410156,34.65321864632186,34.01410501229426,34.12200813654941,3746600
2013-03-11,34.22991180419922,34.54531607046836,33.97260532420281,34.29631153584266,3014100
2013-03-12,34.26311111450195,34.71132119002951,34.05560680171303,34.33781279375655,3339700
2013-03-13,33.682098388671875,34.27970859996859,33.58249404823555,34.27140982139769,4026300
2013-03-14,33.947696685791016,33.98089495954735,33.441385807409766,33.78999142882818,3649500
2013-03-15,34.282203674316406,34.50686897804958,34.015934390080105,34.0325766171174,4339100
2013-03-18,34.190677642822266,34.61504338011039,33.81623541922646,33.81623541922646,3160000
2013-03-19,33.699737548828125,34.165710371220484,33.35026031266898,34.165710371220484,4048200
2013-03-20,33.87446594238281,34.024242762437346,33.54995055699104,33.89110816396434,2766300
2013-03-21,33.924400329589844,34.273877539818386,33.816227451775326,33.841189202740246,2669000
2013-03-22,33.74134826660156,34.08250604467969,33.641498061212566,33.9160869195775,2129000
2013-03-25,33.66645050048828,33.81622735420549,33.366896793053876,33.73301940177589,1942600
2013-03-26,33.73301696777344,33.90775555977529,33.416821057832216,33.79958269007808,2844600
2013-03-27,33.9410400390625,33.99096353729173,33.11726740230363,33.32529044273792,2905000
2013-03-28,33.60820770263672,33.8578347593865,33.4584308337508,33.8578347593865,2377300
2013-04-01,32.78443908691406,33.591566488946675,32.58473553098187,33.5499625072634,4948300
2013-04-02,31.835851669311523,32.81772088868825,31.652793512163253,32.78443960732154,5843600
2013-04-03,31.270021438598633,32.110433030627696,30.80404873782074,32.018902395280314,9547500
2013-04-04,31.5695858001709,31.985632017130257,30.887270258292013,31.294996947551706,7559000
2013-04-05,31.577913284301758,31.76097148904384,31.062016785913904,31.13690206909393,6592900
2013-04-08,31.611186981201172,31.67775271274819,31.40316391207402,31.577902528337596,2679300
2013-04-09,32.70122528076172,32.95085232467073,31.744321083413855,31.744321083413855,7759500
2013-04-10,32.601375579833984,32.934213759418235,32.451598716439086,32.74282974294021,3538500
2013-04-11,32.39333724975586,32.8676293689944,32.1603525383204,32.509829605473584,5029200
2013-04-12,31.66110610961914,32.4515942978646,31.394836871878727,32.135398387730476,8761900
2013-04-15,29.68073081970215,30.853984010006418,29.46438821832462,30.73748842168597,10041300
2013-04-16,29.763946533203125,30.304804706944516,29.622489169856127,30.105104301747318,4336000
2013-04-17,28.765422821044922,29.489342038587456,28.6073264692674,29.456060767914913,6988600
2013-04-18,29.248043060302734,29.76393935247662,28.549085462378784,28.76542804484527,6980100
2013-04-19,29.248043060302734,29.66408917396747,28.773750744659335,29.580878046726554,4993600
2013-04-22,29.322933197021484,29.464387360306763,28.64893731089128,29.43942560776939,4127600
2013-04-23,29.139869689941406,29.439423394590726,28.748785333962587,29.24804256643808,2310200
2013-04-24,30.346410751342773,30.354730278677977,29.26468809529179,29.26468809529179,4697300
2013-04-25,30.579397201538086,31.17850477469382,30.388016321042397,30.53779321433133,4935300
2013-04-26,30.055177688598633,30.56275457886498,29.705700391538294,30.39633545799689,4411700
2013-04-29,30.396324157714844,30.62098941123703,30.055166515146972,30.14669715630559,1981400
2013-04-30,30.92886734008789,30.937190040110192,29.872112978217217,30.055171114367557,2873600
2013-05-01,30.346410751342773,30.65428404963483,29.9470067814605,30.65428404963483,4358200
2013-05-02,30.33807945251465,30.637633138582917,29.980279569064184,30.620990914448047,1703200
2013-05-03,31.128570556640625,31.51965492499238,30.845659068207862,30.845659068207862,6000600
2013-05-06,31.24506950378418,31.34491970467097,30.92887349776524,31.24506950378418,2566200
2013-05-07,31.04535675048828,31.444760569311658,30.804049284684762,31.278341517923735,2244200
2013-05-08,32.01058578491211,32.22692834564207,31.13688649465514,31.178493641185188,5013500
2013-05-09,31.644466400146484,32.28517779630526,31.503012245059715,31.9440201099537,3992000
2013-05-10,32.12708282470703,32.16036727707419,31.2617061082415,31.66943271428894,3813500
2013-05-13,31.486358642578125,32.03553918739489,31.403150719555114,31.91072412868157,2758800
2013-05-14,31.328277587890625,31.644470388826676,31.19514294165957,31.2450664501335,3303600
2013-05-15,30.912208557128906,31.195119867884333,30.837320175629586,31.086947055901316,4109600
2013-05-16,30.779090881347656,31.45308351012172,30.437933217324566,30.787410406440046,4398700
2013-05-17,31.0120849609375,31.17018137847412,30.86230807098463,31.03704671786942,2930000
2013-05-20,32.23525619506836,32.28517970019364,30.962152853311558,31.037041285179605,6307400
2013-05-21,32.36839294433594,32.91757375580775,32.01059298808517,32.418316452718614,4742000
2013-05-22,31.97732162475586,33.21713792794596,31.61120199194313,32.684599125970486,4419200
2013-05-23,31.719345092773438,31.785913974158028,31.344903070432537,31.436433695246865,3471400
2013-05-24,31.46971893310547,31.81919922086939,31.344903864437125,31.544607339470662,1738000
2013-05-28,31.769283294677734,32.21861388471568,31.636148657723542,31.952344610807295,2155000
2013-05-29,31.686071395874023,31.91905618802083,31.328271508403006,31.66110647230134,1680500
2013-05-30,32.05219650268555,32.2518968816666,31.677754324370706,31.769284987312144,2499700
2013-05-31,31.328277587890625,31.919062382154678,31.27003137855081,31.919062382154678,3027200
2013-06-03,31.677753448486328,31.80256856253359,31.236745547431692,31.54461880812001,3394000
2013-06-04,31.386520385742188,31.80256650676558,31.053682219251474,31.652789649262758,1837000
2013-06-05,30.920549392700195,31.36155729099439,30.78741475316722,31.24506487817556,1969500
2013-06-06,30.99542808532715,31.170166649642766,30.72083619210616,30.87893570911674,1464500
2013-06-07,30.596025466918945,30.937183084995755,30.321433563155527,30.829010228284773,2770900
2013-06-10,30.604354858398438,30.895589078185257,30.221593148692673,30.50450466764483,1753000
2013-06-11,30.021896362304688,30.163350551629726,29.913723457762725,30.080142578400963,2333400
2013-06-12,29.797208786010742,30.387993207864675,29.655751528083574,30.296462601119742,1848400
2013-06-13,30.404659271240234,30.537793937965116,29.689059247276184,29.697378775242374,3723800
2013-06-14,29.863794326782227,30.70420938888716,29.680732991634528,30.645963177554794,2723700
2013-06-17,29.772274017333984,30.246566574155498,29.555931324857077,29.98029717994628,1890000
2013-06-18,29.880443572998047,30.0135782550532,29.62249373781191,29.664100904976372,1133100
2013-06-19,29.42278289794922,29.971963664009536,29.347894467387356,29.780582824613674,2274000
2013-06-20,28.457563400268555,28.906894100473533,28.091440678243355,28.690548278516662,6010800
2013-06-21,28.368927001953125,28.711728523834392,27.992680651236025,28.59467481238339,3587900
2013-06-24,27.072969436645508,27.934153023793225,26.613112621280166,27.909070997596487,6019600
2013-06-25,27.38232421875,27.499377918834906,26.87230179168796,27.38232421875,2815900
2013-06-26,26.847219467163086,27.4492135631274,26.671637324261148,27.37396430113186,4377600
2013-06-27,27.20674705505371,27.440854484362934,26.972636436269973,26.997721653320614,2163900
2013-06-28,27.72513198852539,27.89235296487696,27.1649453856437,27.223472248945523,3680200
2013-07-01,27.95087432861328,28.243508587544188,27.649877268299086,28.009401180399465,2628500
2013-07-02,27.858901977539062,28.126454204807995,27.36560196048557,27.858901977539062,5445900
2013-07-03,27.700048446655273,27.783657335530673,27.44921859055441,27.758575306762985,1838600
2013-07-05,27.49102020263672,27.783654473025646,27.173300716589928,27.71676800671146,3841800
2013-07-08,27.674972534179688,27.967610122592912,27.43250539912109,27.541196353311733,3151300
2013-07-09,28.243515014648438,28.368931548143923,27.82546415563008,27.82546415563008,4236300
2013-07-10,28.41073989868164,28.586320518113318,28.118105532962183,28.536156449404483,4948800
2013-07-11,29.31371307373047,29.405681538663163,28.995993682911305,29.16321458278841,5220300
2013-07-12,28.85386848449707,29.238477693442018,28.70337311166196,29.18831044284705,2447000
2013-07-15,28.87895393371582,29.096338975736053,28.778619431729634,28.87895393371582,1346100
2013-07-16,29.087984085083008,29.11306611991475,28.904040657715775,28.970930336567655,1855700
2013-07-17,29.21338653564453,29.55618803801349,29.021083564996015,29.21338653564453,1529800
2013-07-18,29.614713668823242,29.865546670993478,29.12977645620729,29.271912180594583,2229400
2013-07-19,29.673233032226562,29.74011946979272,29.447485325178963,29.639788218707,1862400
2013-07-22,30.158184051513672,30.350487034192167,29.898991410786426,29.99096309586624,2823200
2013-07-23,30.944114685058594,31.21167009568645,30.467537091786273,30.509344717789226,6886000
2013-07-24,29.89063835144043,31.019374467942527,29.58128158882821,31.019374467942527,5077600
2013-07-25,30.099655151367188,30.342125361115905,29.731771625505644,29.740131237456808,2543800
2013-07-26,30.40065574645996,30.46754221826572,29.73177508102938,29.87391082703824,3461700
2013-07-29,30.199996948242188,30.37558075504167,29.873917747647248,30.241801401489557,2373400
2013-07-30,29.924072265625,30.158179655723764,29.656520051376702,30.158179655723764,2600400
2013-07-31,29.823745727539062,30.27524140525252,29.61472030520596,29.807026500490263,2510000
2013-08-01,29.790311813354492,30.258526839599718,29.756866971629645,30.099668625620183,1770900
2013-08-02,29.62309455871582,29.965896256269676,29.422428672341727,29.59801251897258,1672000
2013-08-05,29.639802932739258,29.915714807563653,29.464222358807866,29.623080517678,934100
2013-08-06,28.92911148071289,29.61471447585357,28.82878019079514,29.53110559916781,3879600
2013-08-07,28.695003509521484,28.98763776163503,28.66992148490436,28.86222444907528,2400400
2013-08-08,29.88226890563965,30.11637630416395,28.94583293259425,29.146498695239433,5669300
2013-08-09,30.743450164794922,31.05280680286439,29.882266706897326,30.099651676749797,5981600
2013-08-12,31.245119094848633,31.55447901491309,30.81870863860209,30.81870863860209,4758700
2013-08-13,30.776905059814453,31.49594985047295,30.676570558301723,31.49594985047295,3513700
2013-08-14,31.295284271240234,31.604640981338573,30.74345732292784,30.835429012559004,2730200
2013-08-15,31.38726806640625,31.495959023822785,30.601330189689502,30.93577224652333,3636100
2013-08-16,30.96082305908203,31.521012460881025,30.77688298386354,31.521012460881025,2828500
2013-08-19,30.14146614074707,30.91068137587183,30.091302079189425,30.91068137587183,3501300
2013-08-20,30.676557540893555,30.91902769911292,30.05784432482003,30.108008364814694,3180900
2013-08-21,30.08292579650879,30.567866104108717,30.024398957932725,30.567866104108717,3132600
2013-08-22,31.052814483642578,31.295284725375193,30.44246066752144,30.48426511174008,3779000
2013-08-23,31.49595069885254,31.604644817015014,31.061180605152614,31.102985053838186,2493200
2013-08-26,31.646451950073242,32.10631049304644,31.47087133701543,31.663174368860926,1964400
2013-08-27,30.718372344970703,31.587915532817437,30.55951100923507,31.44577980029008,3498800
2013-08-28,30.51770782470703,31.111339184042542,30.47590338338999,30.81870490534882,2697800
2013-08-29,30.40065574645996,30.760179702155384,30.183267536773396,30.618040766671925,2773000
2013-08-30,30.0745849609375,30.49263589143938,29.932445986039607,30.26688800623131,2463000
2013-09-03,30.266887664794922,30.98593576746276,30.06622181704849,30.58460726144534,2352200
2013-09-04,30.425735473632812,30.450817499978715,30.04112951878194,30.116378787294014,1304600
2013-09-05,30.60967445373535,30.910671484663876,30.36720426887916,30.36720426887916,1404100
2013-09-06,30.885591506958008,31.102979705904623,30.693288524489507,31.0444528499131,1771100
2013-09-09,31.621353149414062,31.746769629082017,31.102971199768763,31.128053219912925,3303100
2013-09-10,31.847116470336914,32.06450152664539,31.596286577834793,31.86383888843374,2914100
2013-09-11,32.08958435058594,32.11466638111932,31.337091539835594,31.85547370419978,3605300
2013-09-12,31.27020835876465,31.696618870163384,31.19495906975602,31.562842710756406,3491900
2013-09-13,31.011011123657227,31.370535097561866,30.910679816129694,31.270203790034337,3011500
2013-09-16,31.119709014892578,31.621368802954112,31.094623792856897,31.53775990143557,2256300
2013-09-17,31.646451950073242,31.746786462799353,31.153151758999925,31.153151758999925,2847100
2013-09-18,32.91731262207031,33.134700781402294,31.521024755754482,31.521024755754482,5877700
2013-09-19,32.69157791137695,33.644736607757814,32.50763769093164,33.084546763670595,4703700
2013-09-20,31.69631004333496,32.468365824345604,31.62078256899555,32.45997530553733,4418300
2013-09-23,31.486488342285156,32.08231397191027,31.452919889591502,31.620758951795942,2328700
2013-09-24,31.410959243774414,31.746637350223494,31.21794545300848,31.327041317793984,1900200
2013-09-25,31.436132431030273,31.973214813851428,31.42774191935148,31.58718725135666,2077200
2013-09-26,31.469709396362305,31.889305521647138,31.31026402120925,31.771819118769685,1157300
2013-09-27,30.97457504272461,31.478088937035476,30.857088680802956,31.469698426011046,2580400
2013-09-30,30.75640296936035,31.04172851553402,30.37876574629741,30.471077423186685,2929400
2013-10-01,30.86549186706543,31.0585057125232,30.4375052012703,30.471073661679807,1923900
2013-10-02,31.150819778442383,31.27669991404582,30.72283307966738,30.72283307966738,1544700
2013-10-03,30.890668869018555,31.352223981118545,30.731220287578285,31.06689847888618,1830400
2013-10-04,31.19277572631836,31.31026533539157,30.84031650289227,31.008155600303773,1801500
2013-10-07,31.31024932861328,31.503263071519267,30.773163851218463,30.773163851218463,1258900
2013-10-08,30.764793395996094,31.603985799816243,30.70605018382988,31.29348550675698,2348600
2013-10-09,30.706052780151367,30.924241415036754,30.395552460838037,30.714443296342434,1996800
2013-10-10,31.142414093017578,31.394171040322043,30.957790837738113,31.024927731026377,2473900
2013-10-11,31.32704734802246,31.37739683279716,30.899057519851773,30.941016490918788,3461900
2013-10-14,31.805383682250977,32.082315426368794,31.23473276564361,31.318650699918344,2656400
2013-10-15,31.956438064575195,32.224979291902386,31.587191476052347,31.763421056248827,2426800
2013-10-16,31.771825790405273,32.0403671108763,31.6711235955449,32.02358287818873,2015200
2013-10-17,32.300498962402344,32.65295803823082,32.14105044606388,32.15783466890283,3720100
2013-10-18,32.342472076416016,32.6445818172359,32.25855092548572,32.62779758704984,1674700
2013-10-21,32.418006896972656,32.63619553656919,32.266951992149934,32.50192486575625,1401000
2013-10-22,33.114532470703125,33.18166940161144,32.61940880968207,32.91312808050833,2412400
2013-10-23,32.73687744140625,32.90471647617295,32.417986796739186,32.787230112215255,2944800
2013-10-24,33.2571907043457,33.332718137032145,32.86276931128712,32.98864943285268,2201600
2013-10-25,33.29914855957031,33.416634961745174,32.92151140881943,33.38306650361968,2344200
2013-10-28,33.290748596191406,33.4669813676416,33.07256006185542,33.122912739593154,1345500
2013-10-29,33.28236389160156,33.517336692852616,32.81241508783513,33.483771436434125,1950600
2013-10-30,33.181663513183594,33.601259653103675,32.686539940027316,33.37467735339509,2290800
2013-10-31,33.005435943603516,33.46699108580285,32.87955581333792,32.98865171281712,2108400
2013-11-01,33.41664123535156,33.46699393199297,32.84599014514218,33.08935671034485,2680300
2013-11-04,34.43206787109375,34.474030057862215,33.66840281038239,33.76071449924839,5473900
2013-11-05,34.18031311035156,34.33975854674828,33.8278537663381,34.17192259317936,3949100
2013-11-06,33.97890090942383,34.44884659389377,33.685181655365234,34.39010338333503,3381100
2013-11-07,33.05577850341797,34.10476869812539,32.89633314627749,34.10476869812539,5273200
2013-11-08,33.87818908691406,33.903367030419744,32.86276726716313,32.86276726716313,2487400
2013-11-11,33.89497756958008,34.05442616049243,33.54251832890689,33.75231641062131,1644400
2013-11-12,33.28236389160156,33.80266218062789,33.02221314645624,33.77748743799794,3087400
2013-11-13,33.55929946899414,33.56768998293355,32.98864848318312,33.1145253998605,2649800
2013-11-14,33.49216079711914,33.73552730504418,33.24040377569443,33.567688223672974,1373800
2013-11-15,33.78586196899414,33.95370097674571,33.50893032727744,33.634810383406816,2685800
2013-11-18,33.14810562133789,33.86981172428342,33.030619176907784,33.861418006100976,2699800
2013-11-19,33.1564826965332,33.59286302841072,32.904725674636545,33.08095526983779,1914000
2013-11-20,32.79563522338867,33.39985147678686,32.66975510324581,33.20683764016173,1459000
2013-11-21,32.829200744628906,33.038998812375475,32.40960460913577,32.83759446004687,2931200
2013-11-22,32.68655014038086,32.845995570852736,32.493536239936326,32.71172489222761,1959400
2013-11-25,32.60261535644531,32.82080711892434,32.3340741112897,32.65296804038605,1503900
2013-11-26,32.342472076416016,32.53548592165881,32.166242461359275,32.53548592165881,2275400
2013-11-27,32.60261535644531,32.770454434983606,32.40960153656873,32.501913189827995,2304400
2013-11-29,32.78725051879883,33.089360329157515,32.57745239507922,32.82920950328969,2026900
2013-12-02,32.49352264404297,32.8627660554474,32.44316996015248,32.68653646372693,2230200
2013-12-03,32.60261535644531,32.85437557488483,32.241762458030436,32.26694040063288,1793700
2013-12-04,32.89634704589844,33.05579247040904,32.64458993304708,32.6529804495938,2615000
2013-12-05,33.06417465209961,33.21522950736032,32.66975328544507,32.66975328544507,1970500
2013-12-06,32.71173095703125,33.651625881665076,32.6613782427368,33.651625881665076,2968100
2013-12-09,33.44181442260742,33.51734186341285,32.619406290095434,32.95508451617841,3195100
2013-12-10,33.4837760925293,34.05442714743188,33.42503288404798,33.592868793271876,2982000
2013-12-11,32.594234466552734,33.592872316744504,32.510316503138846,33.374683691109325,4293200
2013-12-12,32.334075927734375,32.560658216300254,32.09910312533909,32.560658216300254,3357400
2013-12-13,32.54387664794922,32.6026198533505,32.35925651723004,32.35925651723004,1918300
2013-12-16,32.75368881225586,32.82921628043716,32.56906860213068,32.64459607031197,1574100
2013-12-17,32.77045822143555,32.88794462960803,32.30890310307312,32.55226963501014,1631100
2013-12-18,32.845977783203125,33.248789600936874,32.535477607270316,33.02220735322469,3554000
2013-12-19,33.4837760925293,33.63483097184261,32.58584053286945,32.58584053286945,3917800
2013-12-20,33.18559646606445,33.69095957447344,33.11821300466577,33.598308921560395,4075100
2013-12-23,33.682559967041016,33.78363201129066,33.28668990861489,33.32880299263371,2369700
2013-12-24,34.40690231323242,34.49113166723479,33.70781634663005,33.70781634663005,2426500
2013-12-26,34.44060134887695,34.80277961523818,34.398488269467464,34.53325205139104,1779300
2013-12-27,35.451324462890625,35.552396476528656,34.54166670108419,34.66800912789776,3297100
2013-12-30,35.11440658569336,35.67873191171469,35.03860178706425,35.56081405007402,3041200
2013-12-31,35.44290542602539,35.543977446199996,35.02176826010601,35.02176826010601,2134500
2014-01-02,35.922996520996094,36.05776026674784,35.39236286640185,35.42605460609507,3767700
2014-01-03,35.58608627319336,36.09987406838085,35.44290119611945,35.931418579512965,3499800
2014-01-06,35.31657028198242,35.779820617525296,34.97123786315713,35.586097866771816,5086900
2014-01-07,35.055442810058594,35.459733942532154,34.87014471581257,35.4344667508214,2193200
2014-01-08,34.802764892578125,35.08913820964858,34.59219637158575,34.90383688300869,3400000
2014-01-09,34.22160339355469,34.878576274943605,34.08683964319231,34.80277146455094,3067500
2014-01-10,34.39005661010742,34.423745135703825,33.926803236670224,34.373210740798704,1932500
2014-01-13,34.06157684326172,34.499559933076924,33.94365893696954,34.499559933076924,2919300
2014-01-14,34.39847946166992,34.785924833866304,34.29740745436243,34.58378081925131,2526300
2014-01-15,35.06387710571289,35.164949113699144,34.33952075359881,34.33952075359881,2576000
2014-01-16,35.266021728515625,35.47659028970598,35.047031838607005,35.15652839007194,3695500
2014-01-17,35.232322692871094,35.69557274672512,35.181785096570174,35.44289119126113,2102600
2014-01-21,35.15653610229492,35.34183429193649,34.9291216207593,35.164957432860554,1661600
2014-01-22,34.89542007446289,35.291289973355866,34.853307007415374,35.291289973355866,2272900
2014-01-23,34.88700485229492,35.1818028264164,34.67643624778897,34.67643624778897,2141600
2014-01-24,33.606746673583984,34.701702647643536,33.52251731371999,34.64274370224951,3578900
2014-01-27,32.99188232421875,33.94365316946368,32.66339586592733,33.94365316946368,3060100
2014-01-28,33.72465515136719,33.7499223457632,33.1687543835104,33.556199691678934,2650200
2014-01-29,33.674129486083984,33.96050290515913,33.44671501684592,33.547790256299585,1725300
2014-01-30,33.74150848388672,33.83415595484373,33.28667960600454,33.64885779990835,1475800
2014-01-31,33.598304748535156,33.96048277601861,32.983445198231124,33.185592344299515,2276200
2014-02-03,32.51177978515625,33.758348311685516,32.427553658265175,33.53093391345467,2084700
2014-02-04,32.78972625732422,32.88237690909128,32.36016472877154,32.47808578476068,1902900
2014-02-05,32.38544464111328,32.806581754227835,32.24225635188331,32.68866387663915,1694400
2014-02-06,32.688663482666016,32.7981568173809,32.427557318994296,32.6633930713293,1266600
2014-02-07,33.059268951416016,33.109806570195175,32.64655309727387,32.80658728356368,1252200
2014-02-10,33.16035461425781,33.34565607963776,33.092974307861596,33.10982018771641,1871200
2014-02-11,34.01945495605469,34.128951503413354,33.26983142041232,33.26983142041232,2635600
2014-02-12,33.96891784667969,34.499548245226066,33.93522610971839,34.4237434435736,1433300
2014-02-13,34.50796890258789,34.592195022491765,33.68254071805192,33.71622923820116,1605400
2014-02-14,35.190208435058594,35.3249721532136,34.777495953905344,34.78591728059357,2631900
2014-02-18,35.38393783569336,35.518701579581645,34.93753353650486,35.24075276350878,1440500
2014-02-19,34.88700485229492,35.69559073549442,34.802778695701306,35.24076177863631,2024800
2014-02-20,35.266021728515625,35.341826539065,34.75223392512774,34.8111960782406,1617700
2014-02-21,35.030189514160156,35.33340878705174,34.95438469593726,35.32498424445943,1513100
2014-02-24,35.00492477416992,35.333411271896296,34.83646925371435,35.15653442127776,1956000
2014-02-25,34.34794616699219,34.844888150469984,34.20476107306852,34.76066200263507,3305500
2014-02-26,34.47429656982422,34.64275211745083,34.1205395985061,34.34795410584868,2519000
2014-02-27,35.16496276855469,35.17338410039812,34.47429788858535,34.47429788858535,1540000
2014-02-28,34.96281814575195,35.19865722476916,34.769095368253225,35.1818113467663,1476000
2014-03-03,34.819618225097656,35.19864228675029,34.72696754191353,35.03018679123564,1429900
2014-03-04,35.232322692871094,35.3670864033199,34.853298753164964,34.971216598180135,1722900
2014-03-05,35.527122497558594,35.60292729657839,35.105985439230984,35.2070574335838,897700
2014-03-06,36.08303451538086,36.234644160602684,35.63663012279536,35.63663012279536,2063700
2014-03-07,35.56924057006836,35.92299741965457,35.17337065132268,35.80507632777835,2648800
2014-03-10,34.93754196166992,35.383946368508546,34.7522405642553,35.15653510643663,1912700
2014-03-11,34.920684814453125,35.47658561421212,34.7522293450975,35.07229441557111,3171600
2014-03-12,35.274444580078125,35.48501313117908,34.87015334752682,34.895420545492186,2086600
2014-03-13,35.14810562133789,35.54397556451177,34.92069117821809,35.54397556451177,1653400
2014-03-14,35.375518798828125,35.58608736310686,35.25760091691544,35.34182705741841,1582700
2014-03-17,35.39236831665039,35.80508094587405,35.29971762473686,35.72927612640131,911800
2014-03-18,35.87245178222656,35.948256574960425,35.097557988389234,35.31655103985173,1304400
2014-03-19,35.36709976196289,35.8471958625895,35.19864425701883,35.54397659629448,2211000
2014-03-20,35.21548080444336,35.47658371560127,34.81961095459664,34.954374680264785,1954300
2014-03-21,35.660301208496094,36.02323470914257,35.37333060844358,35.668740099796764,2098300
2014-03-24,35.48304748535156,35.91350167817553,35.11167195770922,35.66029314006018,1205100
2014-03-25,35.61808776855469,35.93037815224863,35.54212489471337,35.62652665688335,1246400
2014-03-26,34.63901138305664,35.82065211336974,34.605249391405216,35.61808660290269,2516800
2014-03-27,34.85002136230469,35.06946788346444,34.52084997070458,34.77405848580305,1544100
2014-03-28,34.93442153930664,35.449280654443164,34.85845866625829,35.11166716984586,1150900
2014-03-31,35.221397399902344,35.415524056211126,34.97662774727424,35.22983950914955,1090300
2014-04-01,35.36488342285156,35.51680918840762,35.06103189173945,35.35644131380888,834100
2014-04-02,35.786903381347656,35.938829166680634,35.4070889180152,35.41552780843519,1741400
2014-04-03,35.86286544799805,36.132955011319886,35.685616556044316,35.83754233787805,918700
2014-04-04,35.85441589355469,36.647803418615375,35.812215011745664,36.17514839080088,2884200
2014-04-07,35.314247131347656,36.11607699738645,35.07791954883081,35.89662719671638,2089100
2014-04-08,35.94725799560547,36.284871472898004,35.48304187911879,35.651848617765054,2077300
2014-04-09,36.234222412109375,36.462110988126945,35.72780550077269,35.98101395644103,1549400
2014-04-10,35.542110443115234,36.3270587470714,35.33954178866352,36.149813186750855,2625700
2014-04-11,34.98505783081055,35.449273868477526,34.78248913488522,35.33954902402963,1822300
2014-04-14,35.4239616394043,35.78689501735152,35.12854902820119,35.28891688619516,1598900
2014-04-15,35.4239616394043,35.49148240614842,34.579931126916954,35.11166803158494,2487800
2014-04-16,35.49147415161133,35.69404284417246,35.229826814215045,35.45771216623112,860500
2014-04-17,35.46617126464844,35.60965494167865,35.22984369320024,35.4324092630925,1533000
2014-04-21,35.347999572753906,35.449282335046455,35.0779100601598,35.3395574643923,777000
2014-04-22,35.27204132080078,35.381762986120144,35.02727166175658,35.33112320819471,1806100
2014-04-23,35.64341354370117,35.778458317323185,35.21295933394394,35.26359911172634,1693600
2014-04-24,35.61808776855469,35.913497155870466,35.40708014340889,35.601206772176525,1277300
2014-04-25,35.24671936035156,35.81222158347191,34.98507191328943,35.348005358944796,1516500
2014-04-28,34.799381256103516,35.25515855289515,34.49552972490909,35.25515855289515,1940100
2014-04-29,35.30580139160156,35.39020316335003,34.69809833190475,34.69809833190475,1237400
2014-04-30,35.39863204956055,35.457713917033146,35.027259851201336,35.027259851201336,1200600
2014-05-01,35.39863204956055,35.69404460664382,35.14542358614653,35.26358732109172,1011700
2014-05-02,35.81221008300781,36.12450042907999,35.4070758779011,35.67716534797224,1238200
2014-05-05,35.44084548950195,35.80377567694922,35.32267850367409,35.736254904768735,766000
2014-05-06,34.99351119995117,35.483050539536094,34.959749200037415,35.33112475964571,943700
2014-05-07,34.799381256103516,35.17919567009655,34.546172720015235,35.17919567009655,1056800
2014-05-08,34.42799758911133,35.04413933748274,34.267629767394276,34.58836219110822,1042100
2014-05-09,34.30984878540039,34.73186412977323,33.972235222013495,34.73186412977323,948000
2014-05-12,35.30580139160156,35.449285047518195,34.63057433872901,34.63057433872901,2294500
2014-05-13,35.09479522705078,35.51681054308715,35.05259111967007,35.32268066435564,881000
2014-05-14,34.8922233581543,35.39020151561575,34.83314147673693,35.39020151561575,848000
2014-05-15,34.5292854309082,34.82469479923833,34.081950324659545,34.655891285747195,1397600
2014-05-16,34.419559478759766,34.419559478759766,33.95534339195378,34.267633745663915,634400
2014-05-19,34.5377197265625,34.647444571519245,34.18322853169946,34.18322853169946,891300
2014-05-20,33.7021369934082,34.563048460930396,33.583973242522546,34.46176570584564,5443400
2014-05-21,33.77810287475586,33.95534851687943,33.51645224610605,33.913147633476825,1101900
2014-05-22,33.75278091430664,34.07351018423216,33.72745781004455,33.87094466846034,832000
2014-05-23,33.87094497680664,34.03130961322929,33.600855473504886,33.600855473504886,800800
2014-05-27,33.79499053955078,34.039760219186505,33.761228538279305,34.02287921855077,854900
2014-05-28,33.271690368652344,33.81187274914547,33.229489475414915,33.794991747906145,1655400
2014-05-29,33.558658599853516,33.609301600024494,33.195728367653565,33.271688038327724,719700
2014-05-30,33.11130905151367,33.423599368243764,32.88342047885544,33.356078616930304,1690700
2014-06-02,33.0015983581543,33.30544991864415,32.86655357790564,33.06912235813939,743000
2014-06-03,32.706199645996094,32.98473140780303,32.52895391742218,32.98473140780303,821900
2014-06-04,33.018470764160156,33.1535155092596,32.52893477056994,32.53737365851085,1033800
2014-06-05,33.61774826049805,33.752793059512456,33.001602944040194,33.2379337571069,1710500
2014-06-06,33.86250305175781,33.972227919229965,33.558651553970854,33.72745829937704,814900
2014-06-09,33.89627456665039,34.11572114351898,33.80343066960999,33.91315556790517,859900
2014-06-10,33.87094497680664,34.022870724878985,33.67681834754106,33.778101106349006,478100
2014-06-11,34.1832389831543,34.242320867028965,33.8118666816962,33.86250645660524,935000
2014-06-12,33.75278091430664,34.14103416930332,33.63461394043212,34.14103416930332,946500
2014-06-13,34.25920486450195,34.36048764290814,33.68526375399778,33.76122664273279,1117900
2014-06-16,34.1241455078125,34.46175891788936,33.963780908872046,34.352034076656366,668500
2014-06-17,34.487083435058594,34.57992729630271,33.80341763657786,33.89626149782197,906000
2014-06-18,35.15387725830078,35.20451703581176,34.47865017408841,34.512412172243295,1597700
2014-06-19,35.55900192260742,35.61808379347688,35.339552213903325,35.38175309027858,1748400
2014-06-20,35.38959503173828,35.54206363135243,35.262540019543394,35.423477660813724,988500
2014-06-23,35.55900192260742,35.940173389234985,35.5166502554766,35.55900192260742,757100
2014-06-24,34.872901916503906,35.87241701813146,34.77125724397975,35.48277641410062,2228800
2014-06-25,35.22866439819336,35.28795739525734,34.73737587254781,34.73737587254781,1314200
2014-06-26,35.53360366821289,35.6606587128692,35.14396302797165,35.41501766737653,1046900
2014-06-27,35.525115966796875,35.70299812203434,35.29641310825567,35.499705615145004,768200
2014-06-30,35.7877197265625,35.80466104672461,35.09314175604804,35.31337245570264,1373200
2014-07-01,35.838531494140625,36.34675800119055,35.8131179069304,36.14346545963538,1540500
2014-07-02,36.10958480834961,36.3128741116213,35.83005797731951,35.87240964623235,1045300
2014-07-03,36.5924072265625,36.67711057893404,36.06723933316228,36.287469988063734,1151900
2014-07-07,35.855464935302734,36.58392190712439,35.77923065286244,36.58392190712439,1809700
2014-07-08,35.491249084472656,35.89783101033298,35.279487462802116,35.711479749270616,1544300
2014-07-09,35.55900192260742,35.796173843520094,35.474298588345775,35.75382217638927,871200
2014-07-10,35.15242385864258,35.66065038097616,34.999955255697415,35.186306488458264,1088200
2014-07-11,35.499725341796875,35.65219399888217,34.98302636292188,35.29643272194095,889600
2014-07-14,35.30488967895508,35.67758888387623,35.12701073328079,35.67758888387623,1746500
2014-07-15,34.966064453125,35.482763127755184,34.737361602162885,35.262532547879445,1817100
2014-07-16,35.54206085205078,35.78770504680096,35.14395130083423,35.14395130083423,1875700
2014-07-17,35.22019577026367,35.813125747896905,35.135489179726044,35.4319573997687,1817000
2014-07-18,35.448890686035156,35.50818367576881,35.05078107371284,35.304894348460735,857900
2014-07-21,35.381126403808594,35.63523966239517,34.99995490031602,35.44041938977128,835400
2014-07-22,35.67758560180664,35.923229779173816,35.525117024904596,35.73687857824356,866100
2014-07-23,35.55900192260742,35.83005646971478,35.49123990144312,35.83005646971478,1240600
2014-07-24,35.415008544921875,35.745356099651616,35.2964193434064,35.66064952714056,876500
2014-07-25,35.64371871948242,35.64371871948242,35.06772683373681,35.338781458649336,1199900
2014-07-28,35.448890686035156,35.81312089795652,35.160894779660715,35.64371420227499,696600
2014-07-29,35.745361328125,36.02488498023403,35.533599712711016,35.728420011144784,1247300
2014-07-30,35.796173095703125,36.29593051234661,35.69452845046759,36.05028955562948,1425100
2014-07-31,35.06771469116211,35.728409706710345,34.84748086516277,35.728409706710345,1422800
2014-08-01,34.98301315307617,35.39806728090897,34.64419655622474,35.067719725708045,1476200
2014-08-04,35.474300384521484,35.52512109516165,34.89830863494779,35.27948012087527,1595600
2014-08-05,35.45734786987305,35.77922627089135,35.2032347032688,35.24558635916547,1388700
2014-08-06,35.855464935302734,36.03334385058856,35.4150005513393,35.516645184184824,1769200
2014-08-07,35.81313705444336,36.12654669153993,35.5674959423981,35.98254705777693,2374800
2014-08-08,36.27899932861328,36.346761361245676,35.74535918502108,35.813121217653475,1477600
2014-08-11,36.770286560058594,36.982048174256406,36.3637046485459,36.372173691374456,2582200
2014-08-12,36.422996520996094,36.82110937742711,36.245117546038884,36.69405112032871,1470500
2014-08-13,36.72793197631836,36.846517953886504,36.43146380117245,36.533111694424186,1306200
2014-08-14,36.5924072265625,36.812637881463964,36.54158327640412,36.778755248025035,721400
2014-08-15,36.43146896362305,36.81264053926637,36.177355656936165,36.727937180779406,1136400
2014-08-18,37.04133224487305,37.07521487047693,36.465340534507185,36.465340534507185,1670900
2014-08-19,37.11756896972656,37.439447471610784,37.08368634190186,37.151451597551265,1143800
2014-08-20,36.98204803466797,37.1091062951974,36.812638097703996,37.04981330194387,911200
2014-08-21,36.60087585449219,36.93969572258985,36.35523161168267,36.93969572258985,1015500
2014-08-22,36.6601676940918,36.770284632445204,36.287468435883,36.5415817133538,727100
2014-08-25,36.54158020019531,36.905810400937035,36.3975838670407,36.804165740402865,808100
2014-08-26,37.15993118286133,37.31239982010957,36.524646271402396,36.524646271402396,1299700
2014-08-27,37.07522964477539,37.312401656064395,37.01593664195314,37.18534660625656,448300
2014-08-28,36.694053649902344,36.91428754655839,36.609350293481356,36.89734622902901,1203400
2014-08-29,37.06673812866211,37.11756206093918,36.60086339207521,36.69403898563752,1304500
2014-09-02,36.651710510253906,37.24464383701125,36.567003902873324,37.24464383701125,738800
2014-09-03,36.51616668701172,37.058275804643614,36.48228405935342,37.058275804643614,475300
2014-09-04,36.34675979614258,37.100630552360165,36.236642862727784,36.68557963839172,1549200
2014-09-05,36.262046813964844,36.422984419087385,35.98252003371426,36.372160486889655,854900
2014-09-08,35.609825134277344,36.118051591912696,35.508177257770264,36.118051591912696,1318800
2014-09-09,35.18632125854492,35.66913762680024,34.991500902163544,35.64372725938473,1461000
2014-09-10,35.05925750732422,35.25407783341117,34.81361322308256,35.25407783341117,1404100
2014-09-11,35.34724807739258,35.389599753775194,34.72043551198797,34.72043551198797,974600
2014-09-12,35.02537155151367,35.41501539801305,34.864433879437954,35.23713317693087,1057400
2014-09-15,34.745845794677734,35.10160375297534,34.61878753458529,35.033841717158275,918200
2014-09-16,35.09312057495117,35.26253044309543,34.41548433359861,34.567952891805994,2077900
2014-09-17,35.448890686035156,35.81312089795652,35.38112865400767,35.575948939021906,1905700
2014-09-18,34.88984298706055,35.398072808538984,34.79667058945407,35.398072808538984,2121000
2014-09-19,34.42539978027344,35.04636655375716,34.11066066273742,34.765653812971074,2503800
2014-09-22,33.0473518371582,34.22123555980589,32.936771009866035,34.22123555980589,3605300
2014-09-23,33.0984001159668,33.413135986900414,33.0984001159668,33.20898421735088,1591100
2014-09-24,32.622032165527344,33.19196246881287,32.545474460457136,33.17494928491582,2283900
2014-09-25,31.88196563720703,32.545463358187064,31.567229954810344,32.40085621179169,4113000
2014-09-26,31.771392822265625,31.967042816967503,31.635290594385886,31.873471926875233,1878100
2014-09-29,31.465166091918945,31.771393679208163,31.116403920761936,31.43964469261164,1897700
2014-09-30,31.29503631591797,31.745874332572857,31.124907721635715,31.380098990592575,2589700
2014-10-01,30.40186882019043,31.354584517079417,30.16368746226812,31.244000431077396,2953600
2014-10-02,30.435884475708008,30.60601304819418,29.721347067212196,30.503937202675527,2823400
2014-10-03,29.772375106811523,30.520938589506425,29.738348756477354,30.308278767314913,2952900
2014-10-06,29.857452392578125,30.28277224571988,29.55972979335208,30.12115186970188,4497700
2014-10-07,29.083372116088867,29.891480534015294,29.04084077723656,29.704338749145364,2914900
2014-10-08,29.73836326599121,29.789402816394947,28.19019926467364,29.15142303854651,3479100
2014-10-09,28.164676666259766,29.67881406164114,28.079610762347503,29.67881406164114,4999900
2014-10-10,27.390602111816406,28.368835931386055,27.33105758562231,28.02007374442065,4884500
2014-10-13,27.12690544128418,28.190205298624786,27.067360908867798,27.671314449053188,5689000
2014-10-14,27.59475326538086,28.360330364531748,27.135408628356945,27.32254879566793,4256300
2014-10-15,28.113643646240234,28.334811802790387,26.71859494775414,27.177941200650743,3935400
2014-10-16,28.862215042114258,29.21948227937817,27.280024145810568,27.280024145810568,5731500
2014-10-17,28.70058822631836,29.610772551028557,28.59850911415648,28.99831085779055,3246600
2014-10-20,28.845182418823242,29.07485545015336,28.555964888066637,28.581483032126034,3662900
2014-10-21,29.525693893432617,29.653291106151347,29.091869211066378,29.253489534902446,2779600
2014-10-22,28.862215042114258,29.806425947646076,28.828188663822257,29.44915546544813,3345800
2014-10-23,29.33856201171875,29.500182371839614,28.83668450457933,29.10888892422112,1705800
2014-10-24,29.576744079589844,29.661806755416432,29.210968732655967,29.39811051339416,1127800
2014-10-27,28.96428680419922,29.262012704422652,28.73461365086122,29.227986330979935,1556200
2014-10-28,30.087125778198242,30.163683482262176,28.99830798256273,29.236486064124747,3336800
2014-10-29,29.746871948242188,30.520953961080725,29.542716988347923,30.376343521794578,2161400
2014-10-30,29.4066104888916,29.729854443015803,29.185445622342957,29.4066104888916,1936000
2014-10-31,29.951021194458008,30.05310028845766,28.947266151323902,29.398107370823865,1916100
2014-11-03,30.019067764282227,30.503932004028385,29.687318889185597,29.968028227755024,1785900
2014-11-04,29.4066104888916,29.934006128301856,29.07486156660237,29.797903923133646,2174600
2014-11-05,29.466157913208008,29.806415082224998,29.142913927135154,29.466157913208008,1820100
2014-11-06,29.38960838317871,29.704344242814372,29.18545662095754,29.18545662095754,1468500
2014-11-07,30.733606338500977,30.82717720358803,29.491670190434892,29.602254235077066,3790600
2014-11-10,29.83193016052246,31.022826884448243,29.72134610524574,30.869711498659715,2731900
2014-11-11,29.806415557861328,29.968035931010387,29.508689718987284,29.789402374645704,1570200
2014-11-12,29.976552963256836,30.24875748491512,29.534219804328657,29.551232992549032,1514000
2014-11-13,29.457651138305664,30.19770670387584,29.287522564226872,29.95102043370823,1596700
2014-11-14,30.23174476623535,30.410378377922928,29.219481143471263,29.219481143471263,2566500
2014-11-17,30.291284561157227,30.435891773236328,29.712849222974008,30.0190800778867,1445600
2014-11-18,30.316801071166992,30.54647419987986,30.16368565202508,30.427385150532423,755300
2014-11-19,29.210962295532227,30.09562820688339,29.07486009724223,30.0020573371342,3304300
2014-11-20,29.917003631591797,29.99356135214901,28.89623835074057,28.89623835074057,1533100
2014-11-21,30.42738151550293,30.92925905274798,30.223226566058827,30.89523268701849,2858500
2014-11-24,30.223237991333008,30.597521665981976,30.04460437112367,30.410379828657494,1241300
2014-11-25,30.265769958496094,30.47842993882864,30.061614949605985,30.299793089199625,1068000
2014-11-26,30.274272918701172,30.427388353963252,29.94252389061118,30.427388353963252,572600
2014-11-28,28.82818031311035,29.848948651644317,28.555975855492374,29.848948651644317,2397400
2014-12-01,28.054101943969727,28.72610820617875,27.773392480031053,28.72610820617875,2313900
2014-12-02,27.543720245361328,28.394360126052494,27.484175713307636,27.977545156743027,1855700
2014-12-03,28.139171600341797,28.50494379996002,27.62028070249179,27.85845885431778,2555400
2014-12-04,27.68832015991211,28.2157158381671,27.577736096026577,27.960524590297442,1468400
2014-12-05,27.679824829101562,28.04560026821799,27.467164841007545,27.54372256651875,1302300
2014-12-08,26.803653717041016,27.679813080183628,26.659044921618765,27.475658150497644,2601300
2014-12-09,27.50969123840332,27.66280666186778,26.369833777575312,26.56548054201694,3279000
2014-12-10,26.625030517578125,27.50119189670709,26.471916685243315,27.441644113231742,2377400
2014-12-11,26.310287475585938,26.82067164520032,26.250742953249794,26.66755623206935,1944900
2014-12-12,25.570234298706055,26.199707614230185,25.49367657982788,26.19120264321422,3290100
2014-12-15,24.974782943725586,25.74035837475281,24.966276351746043,25.663800669403436,2448100
2014-12-16,24.966279983520508,25.723348932696876,24.957773390303537,25.110888823275555,2204900
2014-12-17,25.816919326782227,25.936008384539182,24.787644282349294,25.21296420001468,3164200
2014-12-18,26.04659080505371,26.616519523155603,25.714840187225274,26.41236454796889,2030000
2014-12-19,26.552934646606445,26.767486474242794,25.892114624630366,26.304053740836025,2326100
2014-12-22,25.780548095703125,26.604426318565814,25.583159172520983,26.587261779697712,3087300
2014-12-23,25.909273147583008,26.40703320664379,25.866361809879397,26.106660390319146,1249000
2014-12-24,26.08091926574707,26.218232302492588,25.694726963737995,25.96935303722903,926100
2014-12-26,26.36412811279297,26.62159128928952,26.23539734299497,26.4671137107717,1588200
2014-12-29,26.449947357177734,26.784647663072448,26.346963403164178,26.35554403524828,889900
2014-12-30,26.63875389099121,27.03352844124641,26.36412619532187,26.44136497896318,1410500
2014-12-31,26.484275817871094,26.76748414017994,26.269724008943168,26.59584203827744,1435900
2015-01-02,26.492856979370117,26.65591516877193,26.218229300424284,26.381289126726426,1440000
2015-01-05,25.514493942260742,26.432775178458833,25.17121146661192,26.407030015847646,2776200
2015-01-06,25.162643432617188,25.62607626454522,24.888017296763934,25.368613034507128,2353100
2015-01-07,25.27420997619629,25.583163544112807,25.05107584348387,25.299955151997196,3135600
2015-01-08,25.514493942260742,25.72046342765004,25.188375999619353,25.3685986854975,1390100
2015-01-09,25.45442008972168,25.69471864467623,25.13688440889244,25.668971844784675,1574300
2015-01-12,25.11972427368164,25.26561955814434,24.621964180261894,25.248455021878076,1809000
2015-01-13,24.450326919555664,25.411519860567697,24.210028275077505,25.411519860567697,2533700
2015-01-14,23.695100784301758,24.046965597457028,23.07719056654593,23.94398001553096,2991600
2015-01-15,23.652196884155273,24.175703952916994,23.63503397918502,24.012644078943527,2045400
2015-01-16,24.01263999938965,24.038386807822068,23.643610596360986,23.90965603946104,1075500
2015-01-20,24.021217346191406,24.1499480881716,23.815247831643056,24.141365820452894,1237300
2015-01-21,24.30443000793457,24.390251063668618,23.935400614108506,24.0126394005791,849300
2015-01-22,24.664880752563477,24.785029266085054,24.175702791053354,24.49324025280418,1949200
2015-01-23,23.78091812133789,24.536141291275303,23.755172955774214,24.4846493232478,1768600
2015-01-26,24.029800415039062,24.115621458187107,23.394727314783914,23.712263046461363,1338300
2015-01-27,23.952571868896484,24.261527101409392,23.592124643265077,23.592124643265077,1556800
2015-01-28,23.36039924621582,24.115622494079116,23.257415299534667,24.107040225705635,1798900
2015-01-29,23.0085391998291,23.257420123581955,22.60518232401316,23.257420123581955,1870500
2015-01-30,23.274578094482422,23.45480080613728,22.75107122117988,22.82830999386059,5486800
2015-02-02,23.609285354614258,23.703688690759826,23.205928473002558,23.343241523632102,2040200
2015-02-03,24.510406494140625,24.65630183909567,23.918244479529818,24.038393009410107,2459900
2015-02-04,24.458906173706055,24.69920478855643,24.184280120677276,24.373085122909462,1297100
2015-02-05,25.08539390563965,25.171214945638557,24.46748536406785,24.56188867175667,2536100
2015-02-06,24.72494888305664,25.093978239608287,24.596218130908476,24.879426440394568,4545600
2015-02-09,25.051069259643555,25.37718728365194,24.707786698345156,24.776443210604835,1401000
2015-02-10,24.913755416870117,25.29136540344615,24.45032274666274,24.990994195238013,1711400
2015-02-11,24.58763885498047,24.767863239442587,24.338759588790573,24.724951892237073,1337400
2015-02-12,25.162643432617188,25.24846450929655,24.956673830727247,24.956673830727247,2609700
2015-02-13,25.703310012817383,25.789129435711143,25.4458468334344,25.548832432567707,2033800
2015-02-17,25.49733543395996,25.67755979932287,25.2913658999026,25.66039526225967,1555000
2015-02-18,25.50591468811035,25.78054233796403,25.30852744591253,25.411513019220177,1601100
2015-02-19,25.557418823242188,25.694731886293923,25.076821465660277,25.334284686557908,1556200
2015-02-20,25.608903884887695,25.82345569247764,25.437261784055586,25.437261784055586,1220900
2015-02-23,25.30852699279785,25.41151256426168,25.09397521940665,25.19696079087048,1573300
2015-02-24,25.565998077392578,25.660399774037803,25.317117156917355,25.317117156917355,2355100
2015-02-25,25.44584846496582,25.660400309757947,25.360027399668837,25.643235769318416,988000
2015-02-26,25.136886596679688,25.643227276749695,25.016736490295163,25.643227276749695,1901400
2015-02-27,25.093982696533203,25.34286361353684,25.04249071390855,25.15405694907874,1957600
2015-03-02,24.990997314453125,25.14547325356929,24.67345989298543,25.136892621035493,1398400
2015-03-03,24.664880752563477,25.085402186789732,24.57047741371039,24.8365228892235,1303100
2015-03-04,24.201448440551758,24.458909996278642,23.952567518035206,24.458909996278642,1546700
2015-03-05,24.12421226501465,24.184286525411636,23.78951024195871,24.098465451887012,1153500
2015-03-06,23.32607078552246,23.986890689165357,23.23166747445912,23.77233889994885,2880300
2015-03-09,23.03428077697754,23.583532846815363,22.974206536451565,23.583532846815363,1750300
2015-03-10,22.321969985961914,22.905551157396268,22.253313473846127,22.673834815167858,2692100
2015-03-11,22.605182647705078,22.630929458534602,22.07309334886639,22.382048531217933,2049300
2015-03-12,22.639509201049805,22.914136928389446,22.536525235585483,22.73391253347595,1264600
2015-03-13,22.244735717773438,22.519361821947072,21.918617628292424,22.51077955157906,2923500
2015-03-16,22.167491912841797,22.330551739190938,21.807044823328095,22.330551739190938,1175300
2015-03-17,22.073091506958008,22.158912565660987,21.89286875689224,21.94436073735381,2443500
2015-03-18,23.06861114501953,23.128687030081718,21.884285809673422,21.884285809673422,3773300
2015-03-19,22.553691864013672,22.793988896949852,22.399214264611402,22.768243721649988,2008700
2015-03-20,22.91670036315918,22.994121781205337,22.58120864547314,22.71884635738387,1955800
2015-03-23,23.329620361328125,23.441450411996435,22.873694313096024,22.88229687711225,2434700
2015-03-24,23.3984375,23.3984375,23.097354344812967,23.260799767475277,1373700
2015-03-25,23.12316131591797,23.656508781290047,23.088752701800786,23.424244483106822,1723900
2015-03-26,22.787668228149414,23.493062005208298,22.736054489547126,23.3038105364858,2717300
2015-03-27,22.512392044067383,22.658632332714436,22.357549192468017,22.641427206809816,3126000
2015-03-30,22.959718704223633,23.097356449288984,22.426371211516884,22.426371211516884,2275100
2015-03-31,23.38983726501465,23.38983726501465,22.168301036678752,22.75326227852571,1941300
2015-04-01,22.58121681213379,22.650035692978,22.40056786520706,22.486590235683668,2432300
2015-04-02,22.787668228149414,22.925305958269625,22.39196016424659,22.46938159253561,1530400
2015-04-06,23.088748931884766,23.174772914288678,22.899497483212954,23.028532636433326,992000
2015-04-07,23.131765365600586,23.303813369552476,23.002730183022354,23.054343927899374,1255900
2015-04-08,22.91670036315918,23.4328426032099,22.856484069294606,23.312410015480747,1383300
2015-04-09,23.03714370727539,23.04574627277015,22.65003646386933,22.76186653375797,1737500
2015-04-10,23.054336547851562,23.174770768373584,22.959711652663138,22.959711652663138,1140800
2015-04-13,22.856491088867188,22.976923713583012,22.701648205220295,22.925309965957865,1552800
2015-04-14,23.24359130859375,23.346818772803353,22.856484215880336,23.037134739403584,2539400
2015-04-15,24.052215576171875,24.181252384302454,23.35542435981416,23.35542435981416,2369900
2015-04-16,23.690921783447266,24.232870234616122,23.665114089288195,24.232870234616122,2012300
2015-04-17,23.43284797668457,23.62209946376706,23.252199053665557,23.510269412484526,1132500
2015-04-20,23.518869400024414,23.845758594768718,23.372629108508796,23.458653098948187,1536100
2015-04-21,23.364028930664062,23.725328414778303,23.217788624218507,23.54467949310684,1668100
2015-04-22,23.252195358276367,23.450049377978097,23.054339697803577,23.450049377978097,1248800
2015-04-23,23.751136779785156,23.837159140673098,23.183380665913678,23.243596974843783,2384400
2015-04-24,23.845766067504883,24.24147589122433,23.80275487919201,24.078030422246407,2110700
2015-04-27,24.017812728881836,24.46513628115163,24.017812728881836,24.207064243716793,3332800
2015-04-28,24.525352478027344,24.62857997988051,24.08663149322249,24.11243918907156,2415400
2015-04-29,24.207063674926758,24.379111695840727,24.09523360987275,24.27588255513804,1683000
2015-04-30,24.31888771057129,24.4737305524021,23.888769434717272,24.138237181511677,2163900
2015-05-01,24.53395652770996,24.749015750482794,24.267281910116054,24.344703361576006,2216100
2015-05-04,24.723209381103516,24.94687118169407,24.619981867459718,24.697401682306694,3207900
2015-05-05,24.705995559692383,25.093102701643836,24.619973208833102,24.946862408103417,1858800
2015-05-06,24.542552947998047,24.989874772368594,24.396312647500583,24.860839599169953,2477900
2015-05-07,24.4393253326416,24.568360513800442,24.06082071257383,24.482336512770765,2407500
2015-05-08,24.63718032836914,24.826433466024003,24.482337448750226,24.680193150914068,1447800
2015-05-11,24.860843658447266,25.050096808093016,24.64578445441092,24.774819648678424,2068700
2015-05-12,24.80922508239746,25.02428424459524,24.662984786472123,24.946862814942342,1367100
2015-05-13,24.938255310058594,25.170519552994232,24.860833895746712,24.99847160101875,1434400
2015-05-14,25.058696746826172,25.437201390459716,24.998480434587723,25.19633614150592,1854500
2015-05-15,24.98126983642578,25.230737579098427,24.783414185815975,25.230737579098427,1208900
2015-05-18,24.714599609375,25.03288790531955,24.628575612570696,25.03288790531955,2430000
2015-05-19,24.000600814819336,24.576959402521588,23.931781952441654,24.508140540143906,3206600
2015-05-20,24.07802391052246,24.22426420831696,23.776940751443057,24.138240214184098,1267600
2015-05-21,23.948989868164062,24.164049043244002,23.854363306082075,24.078025045057768,1097900
2015-05-22,23.9833984375,24.10383269104089,23.690919469455448,23.854363260850963,1787500
2015-05-26,23.37263298034668,23.88017280316829,23.269403846564565,23.871570238622162,2305400
2015-05-27,23.527481079101562,23.55328713769239,23.191987550474764,23.398445863832077,1585400
2015-05-28,23.510271072387695,23.54468133107108,23.19198274265218,23.54468133107108,904000
2015-05-29,23.35542869567871,23.518874146421734,23.226393504364314,23.518874146421734,1396300
2015-06-01,23.157575607299805,23.372634815524815,22.994130149632767,23.321021064966846,1646800
2015-06-02,23.845766067504883,23.96620034816993,23.16617977568579,23.191985832364853,2264300
2015-06-03,23.80274772644043,24.29308234525645,23.733928861356972,23.88877171798754,1221000
2015-06-04,23.604902267456055,23.90598552683541,23.484467979241256,23.90598552683541,1039800
2015-06-05,23.415637969970703,23.527469638724728,23.226386522318258,23.44144565678417,1447900
2015-06-08,23.12316131591797,23.47585986543949,23.028536396517268,23.312414436261896,1067400
2015-06-09,22.994121551513672,23.398433761887294,22.985518989508815,23.234988365336875,1092700
2015-06-10,23.200592041015625,23.43285643222607,23.166183413116997,23.321026340590628,976300
2015-06-11,23.011333465576172,23.226392656843238,22.951117154544818,23.20058496321348,1305800
2015-06-12,22.847881317138672,23.028531838000568,22.675834999066936,23.028531838000568,1230500
2015-06-15,22.546802520751953,22.727453076156273,22.40056386077542,22.64142908028618,1376100
2015-06-16,22.512392044067383,22.650029769762124,22.357549192468017,22.650029769762124,1185600
2015-06-17,22.598419189453125,22.62422524114363,22.194106878074198,22.546803804529425,1355700
2015-06-18,22.753259658813477,22.813475960757966,22.452176508319855,22.624222850908232,1083600
2015-06-19,22.442636489868164,22.79640340472401,22.442636489868164,22.79640340472401,1273900
2015-06-22,22.20104217529297,22.494410145036575,22.18378484866117,22.477152818404775,1941600
2015-06-23,22.537551879882812,22.572064884974967,22.166527612084625,22.23555526801807,1278800
2015-06-24,22.33046531677246,22.6238332403144,22.261437666865476,22.485777940500427,732000
2015-06-25,22.00258445739746,22.390866017886427,21.950814131248595,22.347722707971542,1436300
2015-06-26,22.00258445739746,22.0629834455293,21.82138749300194,21.873157819150805,1634600
2015-06-29,21.631555557250977,21.959438058918757,21.614298237005592,21.709211852606575,2540900
2015-06-30,20.99305534362793,21.78687419189527,20.915399026729563,21.709217874996902,5361100
2015-07-01,20.68242645263672,21.05345064709527,20.54437116805895,20.984423004806388,1410700
2015-07-02,20.596149444580078,20.76871778030142,20.337294472374097,20.691061453214555,1764300
2015-07-06,20.25101089477539,20.544378896297438,20.12158422251553,20.31141154452946,1925700
2015-07-07,20.00942039489746,20.10433243632008,19.301886188793045,20.069819415552733,2553100
2015-07-08,19.36227798461914,19.974898274958274,19.301878986501116,19.974898274958274,3199700
2015-07-09,19.448562622070312,19.871357247017592,19.431305295562446,19.776443596973568,1835800
2015-07-10,19.448562622070312,19.836842594001862,19.422676632308512,19.741928943957838,1541100
2015-07-13,20.01803970336914,20.04392404540661,19.319132844873476,19.603872127529414,5033500
2015-07-14,19.88860321044922,20.0870590768281,19.69014898981877,20.0870590768281,1802900
2015-07-15,19.155195236206055,19.759186870582358,19.06028158327936,19.759186870582358,3314900
2015-07-16,19.008506774902344,19.284617359443548,18.965363467474717,19.17244640588062,1160600
2015-07-17,18.56845474243164,18.95673463120691,18.53394009680777,18.870451308644995,2291900
2015-07-20,17.791893005371094,18.439027787666497,17.77463568286349,18.36137148213114,2626700
2015-07-21,17.97309112548828,18.326858031199485,17.817778504298197,17.8522931515622,3333600
2015-07-22,17.826406478881836,17.990347755567758,17.48126824829218,17.74875017128055,1784300
2015-07-23,17.60207176208496,18.03349509765444,17.49853108316796,17.947210101390663,2122600
2015-07-24,17.256925582885742,17.472637152671815,16.954929056035507,17.472637152671815,3578200
2015-07-27,17.01533317565918,17.515784103009477,16.842764855115487,17.00670451276962,3867200
2015-07-28,17.77463722229004,17.929949846812075,17.03258874768431,17.239671698464026,4333600
2015-07-29,18.093889236450195,18.145661207738296,17.688352002520574,17.852293286768283,3130500
2015-07-30,17.7142391204834,18.145662367634245,17.584810829738878,17.95583508560846,5067100
2015-07-31,17.472639083862305,18.119773864746094,17.438124438922387,17.929948254823103,2206600
2015-08-03,17.09299087524414,17.394987517751844,17.01533454872075,17.334588518400164,3087500
2015-08-04,17.0325870513916,17.37772526831846,16.894531764620858,17.334583608358415,3229800
2015-08-05,17.01533317565918,17.610697749045464,17.00670451276962,17.334587119576224,1750900
2015-08-06,17.343215942382812,17.394986274448364,16.851393673387122,17.084360990556693,3324600
2015-08-07,16.583911895751953,17.53304353276051,16.514884230101295,17.308703207958533,4028400
2015-08-10,17.653839111328125,17.714239750506675,16.55802527536065,16.756479581128467,5355500
2015-08-11,17.20516014099121,17.334586790378356,16.868648877685672,17.334586790378356,4783900
2015-08-12,17.420869827270508,17.45538282857161,16.980817951875977,17.118873248578307,3009300
2015-08-13,16.98944854736328,17.386357159121044,16.89453490292158,17.300072177423967,3706300
2015-08-14,17.28281593322754,17.369099266357466,17.01533233412769,17.084359988081083,3671800
2015-08-17,17.59343910217285,17.61932508889775,17.153387202343858,17.205159175793654,3200200
2015-08-18,17.10161781311035,17.55029839980274,17.0153328317081,17.420871750573934,2915500
2015-08-19,17.006704330444336,17.20516028327827,16.825507348953657,16.98944865059938,2884000
2015-08-20,17.01533317565918,17.394986114053975,17.00670451276962,17.300072468017984,2319700
2015-08-21,16.678823471069336,17.118875401814208,16.62705313973146,17.118875401814208,3294300
2015-08-24,15.807344436645508,16.721961081838213,15.583004194287152,15.686546477586687,5624700
2015-08-25,15.522608757019043,16.540767917855334,15.50535143157287,16.540767917855334,4264400
2015-08-26,15.539863586425781,15.781461166618977,15.350037974255402,15.77283250528184,3242700
2015-08-27,17.01533317565918,17.13613281036385,15.867747343334411,15.876376006223971,5252700
2015-08-28,17.420869827270508,17.76600806902633,16.877275656474755,16.920418965287325,4093800
2015-08-31,17.688350677490234,17.81777730451722,17.049844557841425,17.231041506529436,3665800
2015-09-01,16.851390838623047,17.593437625898428,16.70470688432171,17.256928055456672,2854500
2015-09-02,16.980817794799805,17.21378672298583,16.54076592347585,17.13613041359049,2508100
2015-09-03,16.937671661376953,17.429495420766536,16.816873709464772,16.851388350438917,2703500
2015-09-04,16.652935028076172,16.834133629675915,16.437223425921047,16.834133629675915,2441500
2015-09-08,16.998075485229492,17.429498704187104,16.773735213881658,17.058474472563724,2285200
2015-09-09,16.661561965942383,17.25692638710723,16.50624936513862,17.213784729438963,2384400
2015-09-10,16.411340713500977,16.73059299471287,16.307798410074717,16.618423674604415,2627800
2015-09-11,16.247398376464844,16.368196351254873,16.057572752402088,16.342312011370712,1465200
2015-09-14,15.807344436645508,16.25602492136222,15.677917816832663,16.10934098004132,1509200
2015-09-15,15.971285820007324,16.100712440796933,15.738316915136764,15.772831558413339,2816700
2015-09-16,16.46311378479004,16.54077011385857,15.945405472916267,16.048947793590763,2668400
2015-09-17,16.411340713500977,16.756478982006705,16.19562908996626,16.4027120510697,5338400
2015-09-18,15.968118667602539,16.297716831631462,15.872708411537308,16.297716831631462,2237800
2015-09-21,15.699238777160645,16.02883532049017,15.655869722538158,16.011487698641176,1855000
2015-09-22,14.996676445007324,15.378314194666226,14.83187734825992,15.343620605770077,4950100
2015-09-23,14.54564380645752,15.100754295668429,14.51962238189085,15.057386909083736,3363200
2015-09-24,15.109428405761719,15.178817218299555,14.372171238572355,14.458907667834595,4159100
2015-09-25,14.684425354003906,15.161473351392637,14.589015092782082,15.126779763723006,2838900
2015-09-28,14.250740051269531,14.510947663169713,14.07726720709631,14.380843857219622,5338300
2015-09-29,14.28543758392334,14.510951682062107,14.190028982127787,14.268091618189672,1468900
2015-09-30,14.502280235290527,14.623711941375227,14.216051074540069,14.476260455269816,1871100
2015-10-01,14.372170448303223,14.857892109360144,14.233392830858389,14.528295681518586,2516400
2015-10-02,15.03136920928955,15.04871682996607,14.311459494815656,14.328807115492173,2685000
2015-10-05,15.855360984802246,15.881380758160507,15.230859954444725,15.27422900064175,3859000
2015-10-06,16.51456069946289,16.58394954045389,15.829344447111348,15.916080911940215,3895700
2015-10-07,16.653337478637695,17.043649067667413,16.30639163813078,16.77476753019889,3981100
2015-10-08,17.00028419494629,17.19977692487612,16.531908233169514,16.583951109607348,4032200
2015-10-09,17.147727966308594,17.494672047561295,17.02629629710024,17.390587996005547,4196500
2015-10-12,16.55792808532715,17.303859365878147,16.436498027325065,17.303859365878147,2696600
2015-10-13,16.49720573425293,16.844149784815404,16.15026168369046,16.375774075786268,1961500
2015-10-14,16.653337478637695,16.80078896454502,16.497212181281657,16.644663667188986,2737900
2015-10-15,16.965574264526367,17.008943290699516,16.505874167605313,16.644651742641013,4071900
2015-10-16,16.523237228393555,17.06967594332841,16.427828580764995,17.06967594332841,2552900
2015-10-19,15.968118667602539,16.471188069324484,15.785973619870852,16.358431847542025,2377700
2015-10-20,15.86404037475586,16.12424812603509,15.759956281627844,15.89006015726746,2628700
2015-10-21,15.413010597229004,15.855365055858782,15.38698916282947,15.855365055858782,2281800
2015-10-22,15.855360984802246,16.02015839727108,15.525762851144675,15.57780405222115,2716000
2015-10-23,16.07219696044922,16.21964836942066,15.85535675045354,16.028827925834374,2976100
2015-10-26,15.395663261413574,15.99414302888099,15.369641826528762,15.99414302888099,2144500
2015-10-27,15.014016151428223,15.36963397471239,14.840544970564482,15.256877789868936,1831000
2015-10-28,15.213509559631348,15.543105942939219,14.92727890117101,14.953300321310895,2557500
2015-10-29,14.944635391235352,15.248212189077766,14.909941798134751,15.057393291123326,1480800
2015-10-30,14.935959815979004,15.126780345764965,14.762488562235708,15.02269627003078,1759800
2015-11-02,15.473716735839844,15.638515750330848,14.805848525750523,14.849217558174171,2344400
2015-11-03,15.612505912780762,15.924756560431787,15.369644114123224,15.369644114123224,2078800
2015-11-04,15.369636535644531,15.68188702933071,15.25688033201332,15.63851964047867,1797600
2015-11-05,14.918615341186523,15.300253130218799,14.831878878457216,15.26555953774333,2032600
2015-11-06,14.779833793640137,14.909937626496548,14.493603045252042,14.684423544177438,2559400
2015-11-09,14.64973258972168,14.840553144439307,14.363503412005711,14.805857896541383,2705100
2015-11-10,14.502280235290527,14.615038129914865,14.441565209428365,14.536975481131977,1498300
2015-11-11,14.268089294433594,14.536970744655623,14.12931166500546,14.536970744655623,1393000
2015-11-12,13.83441162109375,14.129315402404535,13.817064826416726,14.033905136550421,2402100
2015-11-13,13.860431671142578,14.164008424033778,13.730327821149265,13.817064272598211,3290400
2015-11-16,14.025228500366211,14.242068766819393,13.87777705300365,13.96451349045691,2204100
2015-11-17,13.56552791595459,14.068596461125663,13.513485885941028,14.068596461125663,2701600
2015-11-18,14.068597793579102,14.094619224640406,13.695633047347997,13.712980668055533,2477500
2015-11-19,14.025228500366211,14.216047339275432,13.981861108819551,14.042576118728851,2074800
2015-11-20,13.634918212890625,14.13798681248412,13.617570591949422,14.120640845903106,2327700
2015-11-23,13.530831336975098,13.851754793627498,13.48746312344264,13.652261342250137,2170000
2015-11-24,13.912473678588867,13.964514884512038,13.504812878170398,13.556854911273621,2210800
2015-11-25,13.938492774963379,14.068596610609676,13.712979514988461,13.834409541010336,1311300
2015-11-27,13.825738906860352,13.851760341710186,13.712982664565219,13.808392110807333,765200
2015-11-30,13.947169303894043,14.068599353591367,13.721655172770191,13.817065442881146,1473700
2015-12-01,14.198701858520508,14.2247216325901,13.938492537304592,14.025228977709897,1785500
2015-12-02,13.912473678588867,14.259417808676847,13.86043081830559,14.129313966688867,2176100
2015-12-03,13.83441162109375,14.085946347761631,13.747675993348354,13.999209892836097,3105900
2015-12-04,14.016556739807129,14.068597948141312,13.773695837494062,13.903800512689703,1620200
2015-12-07,13.409402847290039,13.903799244448752,13.305319612935579,13.895125434790875,2021300
2015-12-08,13.166540145874023,13.32266456221987,13.0364355005426,13.218581342262672,2343500
2015-12-09,13.331340789794922,13.600223110527569,13.175215517938543,13.253278153866733,2085100
2015-12-10,13.695633888244629,13.903801213615886,13.287973875568584,13.287973875568584,2875900
2015-12-11,13.227255821228027,13.504811088516869,13.183887603919159,13.504811088516869,2114800
2015-12-14,12.854290962219238,13.279298520780836,12.810923569891308,13.11449945208675,1801800
2015-12-15,12.741532325744629,13.131845425226228,12.64612291652684,12.967046377182912,2242600
2015-12-16,12.888986587524414,12.932354811120955,12.663473313746511,12.776229537045431,2369800
2015-12-17,12.533369064331055,12.758883172870847,12.446633441401968,12.758883172870847,2044600
2015-12-18,12.655186653137207,12.812938559357187,12.576311535825475,12.576311535825475,2525800
2015-12-21,12.804176330566406,12.961928260832408,12.646425236098787,12.830468876142996,2025900
2015-12-22,13.294958114624023,13.347541528110643,12.795411507509714,12.839230740149134,2273000
2015-12-23,13.627989768981934,13.803269210848926,13.34754182619644,13.601698061651462,2452300
2015-12-24,13.768214225769043,13.890910261024828,13.584170590784543,13.724394153477807,1337300
2015-12-28,13.30372142791748,13.619224395657676,13.2160812967572,13.592932690628885,1417700
2015-12-29,13.4351806640625,13.57540420397785,13.224845354189474,13.522820794408707,1241600
2015-12-30,13.224849700927734,13.391365000357839,13.154737907925744,13.154737907925744,1150700
2015-12-31,13.102151870727539,13.347543112998869,13.032040087221445,13.128443580592728,1973000
2016-01-04,13.128443717956543,13.20731968417578,12.821704870857548,13.005748513436304,3191500
2016-01-05,13.163498878479004,13.251138180444073,12.909342646124903,13.19855476642469,1888900
2016-01-06,12.926871299743652,13.049567328221833,12.84799534113613,12.856759522269925,2249500
2016-01-07,12.462381362915039,12.716536781478782,12.392269580952515,12.637660817821349,2591000
2016-01-08,12.129348754882812,12.58507529158278,12.10305704825354,12.58507529158278,1672100
2016-01-11,11.410703659057617,12.199461614453094,11.296771805803006,12.199461614453094,2314900
2016-01-12,11.156546592712402,11.559689722545903,10.867335307809924,11.507106308453615,3452800
2016-01-13,10.928686141967773,11.366885256159602,10.849810167685487,11.288009281877315,2853400
2016-01-14,11.042614936828613,11.121490053347436,10.797222899442556,10.937446443207019,1400400
2016-01-15,10.709583282470703,10.762166691911982,10.499247137310917,10.762166691911982,2160800
2016-01-19,10.490486145019531,10.92868522233766,10.350262574005477,10.884865147446165,2124600
2016-01-20,10.604413986206055,10.683289088157954,9.973407320004199,10.323966114672956,3364900
2016-01-21,10.84104061126709,10.946208246249215,10.499245170726633,10.595649462975464,1805900
2016-01-22,10.805989265441895,11.200368270994101,10.665765693316526,11.130256484931417,3909700
2016-01-25,10.700819969177246,11.025087139661613,10.683291607411356,10.814751813260665,1420200
2016-01-26,11.279244422912598,11.35812039246698,10.77093354778262,10.998797274095626,1710000
2016-01-27,11.20913314819336,11.489580309832462,11.02508948941808,11.077673750124648,2632000
2016-01-28,11.34935474395752,11.454522411177864,11.051379268934047,11.410703176684796,2438000
2016-01-29,12.190699577331543,12.190699577331543,11.358121403333348,11.384413116925279,3084700
2016-02-01,12.085528373718262,12.173168507944384,11.883957235115746,12.085528373718262,2328900
2016-02-02,11.770026206970215,11.927777289343117,11.699914429071521,11.84013798486891,1575500
2016-02-03,12.49743366241455,12.54125372249782,11.699911744931947,11.962830433835302,4020200
2016-02-04,13.17226505279541,13.610464164133367,12.663954150507259,12.75159430709424,8072700
2016-02-05,13.154733657836914,13.365068968886836,12.865522396193713,13.04080182206865,2766700
2016-02-08,12.935632705688477,13.286191517848815,12.80417252427975,13.06709205129907,3419100
2016-02-09,12.532492637634277,12.88305153325829,12.479908385391509,12.874287351918106,4697100
2016-02-10,12.488672256469727,12.716535950863577,12.32215699413472,12.646424173480593,2236200
2016-02-11,12.550020217895508,12.690243776741527,12.243281391869424,12.541256872316385,3041800
2016-02-12,13.365069389343262,13.373833569862281,12.637659122229751,12.804174373099844,4619500
2016-02-16,13.452713012695312,13.540352333225192,13.110917405972904,13.514060620646076,2931800
2016-02-17,13.987312316894531,14.127536701004809,13.59293337831746,13.724392745910391,6337200
2016-02-18,13.917201042175293,14.031132888216954,13.584169685083891,13.996076999880929,3809600
2016-02-19,13.575406074523926,13.91720162701204,13.531586003312883,13.812033957584546,4140800
2016-02-22,14.162592887878418,14.180121250722026,13.750685554835396,13.750685554835396,3307200
2016-02-23,13.741927146911621,14.232709781702098,13.706871244426587,14.074957802620123,2488500
2016-02-24,13.820795059204102,13.855850941201524,13.408887818885763,13.584167228872879,3091000
2016-02-25,13.873381614685059,13.925965867521164,13.575406132143259,13.785741471890995,1693900
2016-02-26,14.022369384765625,14.302816505005467,13.934729241791501,14.074952801911422,3213000
2016-02-29,14.627090454101562,14.670909707529885,14.206417931841782,14.302822295300933,3083200
2016-03-01,14.89000129699707,14.925058018133448,14.469330672939343,14.90752965756526,3007800
2016-03-02,16.046842575073242,16.081899287965015,14.977637905815246,14.986402084038192,5371500
2016-03-03,16.44123077392578,16.642801962927315,15.932919874236685,15.941684057010265,7687500
2016-03-04,16.61650276184082,17.414026358961944,16.344819891021523,16.581447716378463,13433200
2016-03-07,17.641891479492188,17.659419841147294,16.861897773402333,16.861897773402333,13061100
2016-03-08,16.31852912902832,17.361441394238174,16.274708232425205,17.300093810590095,18738500
2016-03-09,16.528871536254883,16.76549779343198,15.950448824760642,16.47628643768486,12384000
2016-03-10,17.072227478027344,17.08099165596959,16.353581602723338,16.52009764043398,11344400
2016-03-11,17.10729217529297,17.405267678036967,16.879428457218335,17.194932324028876,8092900
2016-03-14,17.203689575195312,17.361441460374895,16.79178317513463,17.06346604872375,6033700
2016-03-15,16.721677780151367,16.9232489672707,16.493814044956803,16.791789570088394,8741500
2016-03-16,17.606836318969727,17.624364680516507,16.546393847741363,16.642798164652095,12272400
2016-03-17,18.167734146118164,18.52705727164722,17.308864317858323,17.764591779562405,14263100
2016-03-18,18.404499053955078,18.906199624050746,18.193256797009756,18.395697083398495,8834400
2016-03-21,18.38689613342285,18.527724312536527,18.034825685638666,18.342887957001448,5309500
2016-03-22,18.404499053955078,18.448507227933767,18.096436799691563,18.27247285321478,5369800
2016-03-23,17.26907730102539,18.158054790444513,17.233869407406335,17.999624305573075,9858100
2016-03-24,17.717966079711914,17.735570026408848,16.91700497185379,17.02262697323063,7692700
2016-03-28,17.726762771606445,17.893996857792615,17.365890365860253,17.797176858610477,3738500
2016-03-29,18.175649642944336,18.246063716145517,17.277868950526347,17.480310879933178,6908700
2016-03-30,18.290081024169922,18.457313467007214,17.95561278088611,18.316485263141804,7710700
2016-03-31,18.0084171295166,18.439705253409535,17.973210929307346,18.281273155457693,5566700
2016-04-01,18.114032745361328,18.122834712032766,17.374684332995276,17.62113436338512,8867600
2016-04-04,17.629947662353516,18.30768274365863,17.594739773036594,18.122846361158484,7042300
2016-04-05,17.735563278198242,17.92040129057745,17.43630301343505,17.55952891462256,6852000
2016-04-06,17.797182083129883,17.902804084044327,17.365895463771675,17.621147653345478,4672600
2016-04-07,17.506711959838867,17.885188164784005,17.46270380155374,17.788368201992373,8355500
2016-04-08,18.105236053466797,18.158046190077645,17.62994146636121,17.7179578011113,5569200
2016-04-11,18.844594955444336,18.92381104295178,18.254876125558294,18.35169616113515,7173700
2016-04-12,19.21426773071289,19.29348381104603,18.71256700780616,18.879801141709983,7094700
2016-04-13,19.592741012573242,20.01522558671929,19.451912821191225,19.487119029634496,8572700
2016-04-14,19.53112030029297,19.742362494476662,19.22305813755702,19.742362494476662,5420900
2016-04-15,19.76877212524414,19.944808174602592,19.187855512687108,19.275873537366333,5837400
2016-04-18,20.05923080444336,20.17365305391438,19.48711452067604,19.636744649248342,5239500
2016-04-19,20.939411163330078,20.983419340815278,20.446510845713163,20.46411478822899,7715000
2016-04-20,20.622547149658203,21.212265800263353,20.543331086233305,20.983419581347462,8719600
2016-04-21,20.53453254699707,21.001027034157108,20.358496448007145,20.913008984662145,9160400
2016-04-22,20.393695831298828,21.018620532272415,20.24406571322285,20.490515813231507,10199200
2016-04-25,19.856792449951172,20.393700951761215,19.689560030374587,20.27047671021965,8810100
2016-04-26,20.261672973632812,20.305681147833795,19.328684235573043,19.988816921413175,9103100
2016-04-27,20.96580696105957,20.98341089649107,20.03282020763811,20.252864364120775,13819300
2016-04-28,21.335481643676758,22.118838319420316,21.053825386276994,21.053825386276994,11802400
2016-04-29,21.669963836669922,22.03963833522578,21.31789160657496,21.617151994872792,11935000
2016-05-02,21.669963836669922,22.057240603686676,21.25627946994979,21.819594030818838,7978800
2016-05-03,20.57853889465332,21.388301855845754,20.35849462996847,21.34429367443059,10605800
2016-05-04,20.103240966796875,20.78977956807289,19.93600688210062,20.27927702214075,9780500
2016-05-05,19.839189529418945,20.631348459462586,19.75117149745758,20.54333042750122,13409300
2016-05-06,20.032825469970703,20.36729193701022,19.742367174266555,19.759971114322354,10032400
2016-05-09,18.46611213684082,19.45191106638814,18.439707902591472,19.45191106638814,24548500
2016-05-10,19.07343101501465,19.117439182782075,18.386892517736456,18.650946560752985,12401900
2016-05-11,19.29347801208496,19.557530414627127,18.976613785990974,19.29347801208496,7860300
2016-05-12,18.844594955444336,19.548736090171747,18.7829828160063,19.41670983726097,11276100
2016-05-13,18.853389739990234,19.34628834633911,18.63334550944824,18.835785798633854,14247200
2016-05-16,19.038225173950195,19.575133607917444,19.003018971731645,19.152649108469856,9453100
2016-05-17,19.21426773071289,19.592744185903506,18.774179141664217,19.05583557004661,12039200
2016-05-18,18.043624877929688,19.196656046405423,17.9292026295727,18.835783683151156,13435000
2016-05-19,18.254867553710938,18.360489513726115,17.612338860130567,17.735563081144857,11684000
2016-05-20,18.290081024169922,18.56293545930858,18.158053114092063,18.48371938478371,7695200
2016-05-23,18.624549865722656,18.818188250011048,18.070038955057598,18.166857307799383,5686300
2016-05-24,18.307680130004883,18.694958463179308,18.307680130004883,18.571734225771035,6185900
2016-05-25,19.082233428955078,19.099837367993825,18.34288477736796,18.422100824238296,13377200
2016-05-26,19.161453247070312,19.645549914284743,18.95021097344196,19.487117789362387,7255600
2016-05-27,18.738969802856445,19.205462555026855,18.58053766860821,19.05583239254846,6264500
2016-05-31,19.390300750732422,19.6279472750915,19.01182435579888,19.073436479847693,8565400
2016-06-01,19.346288681030273,19.425504739700173,18.85339006615424,19.152650359172902,7439400
2016-06-02,19.434310913085938,19.460716831287456,19.00302432195569,19.011826294689527,6364000
2016-06-03,20.376102447509766,20.39370639494411,19.76877969146356,19.803987586332244,11042300
2016-06-06,20.780986785888672,20.80739103070211,20.384906325637242,20.455320443148054,10058900
2016-06-07,20.657752990722656,20.9042031479949,20.525726780285662,20.578536928699588,9453600
2016-06-08,21.50271987915039,21.617142126533526,21.04502753200976,21.06263147123918,8301400
2016-06-09,21.00982093811035,21.238665428582404,20.710560692041955,21.168251351790076,7819100
2016-06-10,20.657752990722656,21.0186254160258,20.604942842308727,20.68415890433179,6671800
2016-06-13,20.657752990722656,21.03622935843189,20.587338899902637,20.745771023948766,5151000
2016-06-14,20.103240966796875,20.701761540400952,19.84798885442868,20.48171731062323,7904900
2016-06-15,20.868993759155273,21.01862390121452,20.42010501178176,20.490519097527038,9910400
2016-06-16,20.6313419342041,20.83378216852464,20.34088369576044,20.80737626364656,9091300
2016-06-17,20.9210147857666,21.29192350708708,20.79737742238658,21.018156383067584,11295700
2016-06-20,21.415557861328125,21.548024892660585,21.097635638602462,21.177116194283876,7075500
2016-06-21,21.062307357788086,21.344904079758066,20.82386574197242,21.344904079758066,4531400
2016-06-22,20.9210147857666,21.309584543790116,20.7002358250856,21.238935343748587,7454300
2016-06-23,21.353736877441406,21.406723345280547,20.912179048493186,21.185944430806437,4430200
2016-06-24,20.28516960144043,20.956337820894337,20.205689043583405,20.885688623289173,7681100
2016-06-27,19.684654235839844,20.346991161389074,19.534524465338958,20.20569106761479,6434800
2016-06-28,20.11737060546875,20.223343516452964,19.89659174244108,20.064382465567594,5231400
2016-06-29,20.576589584350586,20.744381993712235,20.408798859398004,20.435291245227848,4648600
2016-06-30,21.556856155395508,21.556856155395508,20.620753895872614,20.83270148193008,7343900
2016-07-01,22.077892303466797,22.342826337344597,21.539191192251167,21.55685391035222,7208500
2016-07-05,21.671659469604492,22.08672323040173,21.397892397622773,22.016074043789235,5028900
2016-07-06,22.24568748474121,22.281011240865798,21.671662551336563,21.70698630746115,4098500
2016-07-07,22.175037384033203,22.475296878694678,21.989582197608343,22.342828166501356,4422700
2016-07-08,23.11113739013672,23.11113739013672,22.448800630791276,22.448800630791276,6156100
2016-07-11,23.60567855834961,23.69399045139535,23.208277566257657,23.2259385973394,5303600
2016-07-12,24.144378662109375,24.347494829222494,23.84411924793816,23.84411924793816,5525400
2016-07-13,24.36515998840332,24.46230324520705,23.897108105378226,24.46230324520705,4045600
2016-07-14,24.621259689331055,24.74489700618789,24.047234944440785,24.329831638269276,4540400
2016-07-15,24.76255989074707,24.806714992807635,24.50645558245011,24.585936113686465,3024300
2016-07-18,24.78022575378418,24.789057112800496,24.35633062745796,24.66542145539106,2420500
2016-07-19,23.958927154541016,24.515290964536412,23.83529150094624,24.49762824704874,6391000
2016-07-20,23.499706268310547,23.75580891220339,23.02282304364144,23.499706268310547,4555300
2016-07-21,23.70281982421875,24.12671485404937,23.5261960529181,23.773468995857186,5366000
2016-07-22,23.852954864501953,23.861786223484987,23.499708927228017,23.632175943154554,2020400
2016-07-25,23.44672393798828,23.755814806475243,23.31425690418236,23.729322410359895,3172200
2016-07-26,24.736074447631836,24.753737168381075,23.393737990065244,23.411400710814487,5701600
2016-07-27,25.151138305664062,25.575033497640366,24.577113355978263,25.053996710258925,9610000
2016-07-28,25.424901962280273,25.495551151322825,25.05399329870449,25.3365900548747,5033100
2016-07-29,25.62801742553711,25.813470909731397,25.212951978114592,25.407238505643253,3523600
2016-08-01,25.442562103271484,25.71632917506126,25.212951825839482,25.628017270755187,4401800
2016-08-02,25.195295333862305,25.672177008016064,24.93919093365379,25.575033727328726,6193100
2016-08-03,25.4072322845459,25.442556027186775,24.753727043803494,25.089310178732646,4330000
2016-08-04,25.345417022705078,25.50437640720234,25.089312704042545,25.345417022705078,3548500
2016-08-05,25.424901962280273,25.495551151322825,25.04516193952298,25.248278147469126,2841800
2016-08-08,25.451396942138672,25.733993727030278,25.451396942138672,25.49555374253405,2921500
2016-08-09,25.02750015258789,25.513213134780628,24.99217471454717,25.327759638295632,4204700
2016-08-10,24.833209991455078,25.32775422750813,24.72723538438195,25.239442335682064,5602400
2016-08-11,24.771390914916992,25.001001163857406,24.63892391710002,24.815547703795495,5513000
2016-08-12,24.144378662109375,24.921519585346573,24.064898129863515,24.824378022697672,5456500
2016-08-15,24.815547943115234,25.018664120687387,24.215029083850368,24.215029083850368,4178400
2016-08-16,24.541784286499023,25.045159928560633,24.51529021108179,25.045159928560633,3810800
2016-08-17,24.34749412536621,24.54178061386582,24.01191097568102,24.409311941012763,3735600
2016-08-18,24.647756576538086,24.674250651264355,24.382822566912818,24.585938753252815,3481700
2016-08-19,23.914775848388672,24.35633374934445,23.844126651612136,24.26802183227135,4338400
2016-08-22,24.038406372070312,24.06490044683952,23.526199384064412,23.58801720744988,3414600
2016-08-23,24.020751953125,24.35633523721105,23.985426510373934,24.19737411365088,2699500
2016-08-24,22.8197078704834,23.75580996076342,22.793213795362586,23.73814724401621,8097400
2016-08-25,23.164121627807617,23.35840813652171,22.67840872484103,22.757889263058736,4409000
2016-08-26,23.040491104125977,23.799971222809788,22.86386727229868,23.402568443403215,5472600
2016-08-29,23.543861389160156,23.658667358614988,22.90801877359637,22.925679805166162,3470500
2016-08-30,22.79322052001953,23.535037998165954,22.643090752194425,23.411402313278174,4908000
2016-08-31,22.678409576416016,22.76672147601951,22.37815012840978,22.51944849401161,3806000
2016-09-01,22.934511184692383,22.934511184692383,22.431135569680528,22.660745824396503,3969300
2016-09-02,23.04931640625,23.614509824495578,22.802043443562933,23.323081757661544,3987400
2016-09-06,23.93243408203125,23.93243408203125,23.164122737264545,23.37607028785999,4659900
2016-09-07,23.808799743652344,23.967760847705005,23.543865693170986,23.66750135880767,3812200
2016-09-08,23.543861389160156,23.897107286695594,23.42905710411463,23.897107286695594,3545400
2016-09-09,22.201528549194336,23.296591834311595,22.07789288803241,23.26126808158371,8228800
2016-09-12,22.607759475708008,22.6519145815123,21.530357376226362,21.79529306428007,5191200
2016-09-13,21.521526336669922,22.210355376190634,21.16827877501814,22.210355376190634,12291000
2016-09-14,21.442047119140625,21.742306554319075,21.283086043527412,21.521527656947235,7694700
2016-09-15,21.71581268310547,21.857111043990642,21.194774345687897,21.406721887015657,4547700
2016-09-16,21.683921813964844,21.89650908396527,21.25874727396399,21.25874727396399,4031800
2016-09-19,22.10024642944336,22.29511772767052,21.86108504787326,22.02938398558858,4561700
2016-09-20,22.171112060546875,22.295120932746375,21.91423460871171,22.144538006720907,4816100
2016-09-21,23.29604721069336,23.34033728881258,22.4634140159767,22.525418435849883,5915300
2016-09-22,23.473201751708984,24.05781720734678,23.35805093932305,23.69464705125341,6946400
2016-09-23,23.27833366394043,23.738938665654825,23.18089717824422,23.411200523848308,4084400
2016-09-26,23.163179397583008,23.552923621448574,23.15432138232542,23.304904262717095,2903400
2016-09-27,22.98603057861328,23.04803501323438,22.64057464509068,22.90631010853069,2979000
2016-09-28,23.827516555786133,23.871806634340533,22.941735258623126,23.092318146720586,5267700
2016-09-29,23.446626663208008,24.04010010713286,23.216323359200537,23.712362024521312,3950300
2016-09-30,23.490924835205078,23.783232650800645,23.349199936097776,23.74780058127679,2772300
2016-10-03,23.21632957458496,23.69465233930751,23.04803232580682,23.4909230237378,3190900
2016-10-04,22.25967788696289,22.986019794672064,22.25967788696289,22.879725321265518,6368600
2016-10-05,22.667146682739258,22.817729591783987,22.321692469428285,22.52542179063763,3850700
2016-10-06,22.622861862182617,22.67600828274496,22.28626392313453,22.3837004354107,2893100
2016-10-07,22.73801040649414,22.986029826355793,22.100248356199412,22.879735306559635,6510500
2016-10-10,22.764583587646484,23.0568913940321,22.711435485035274,22.924022826998083,2257900
2016-10-11,22.10024642944336,22.525421092572028,21.96737786890846,22.50770505923485,6720800
2016-10-12,22.27739906311035,22.427981949702886,21.985091305547634,22.117958160895462,2533500
2016-10-13,21.861080169677734,22.073667453804234,21.462477956007078,21.728213328285367,4131200
2016-10-14,21.639633178710938,22.117954108219045,21.56877075620998,21.94079889671336,3424100
2016-10-17,22.020523071289062,22.259682731894753,21.745929659177733,21.781361721189665,2075800
2016-10-18,22.427980422973633,22.472270498070458,22.01166385402516,22.463412483051094,2910800
2016-10-19,22.92401695251465,23.048027470667996,22.39254957854788,22.613994880865224,2936100
2016-10-20,22.968307495117188,23.11003235633131,22.241967159021414,22.729146158258253,4221500
2016-10-21,22.835437774658203,23.145459813608642,22.56970242620917,22.684854917385106,3529700
2016-10-24,22.729154586791992,23.19861941958647,22.62286174621219,23.065752524114597,2517600
2016-10-25,22.773435592651367,23.43777154374846,22.73800522046291,23.056887017627496,4068700
2016-10-26,22.6937198638916,23.021458030756676,22.51656291080665,22.85315909427536,3756100
2016-10-27,22.10024642944336,22.57856750308963,21.949663525065215,22.57856750308963,3464700
2016-10-28,22.162246704101562,22.44569642641086,22.02937985795578,22.02937985795578,3729300
2016-10-31,22.56084632873535,22.5874203726856,22.109097718542415,22.250824263450188,4675600
2016-11-01,22.52541732788086,23.154321200796065,22.42798085030495,22.977165965514182,6306500
2016-11-02,22.073673248291016,22.817729782800352,22.073673248291016,22.28626058822311,5009700
2016-11-03,22.622861862182617,22.764586776678367,22.100250606419202,22.109106935267718,5119600
2016-11-04,23.04802894592285,23.234042200818813,22.49884381764649,22.587422282141866,8932200
2016-11-07,23.464344024658203,23.552922483460645,23.11888989377161,23.366907551026156,4974300
2016-11-08,23.7655086517334,23.924949532170746,23.384622479464955,23.43776887644624,4546400
2016-11-09,25.599079132080078,25.802808424805566,24.801876303093675,25.014463611523798,10422700
2016-11-10,25.581361770629883,26.130546889307798,25.501643012420395,26.11283085881962,9102800
2016-11-11,25.563650131225586,25.838241874836825,24.925886482200987,25.785095467249388,7348500
2016-11-14,26.52915382385254,26.538010151170663,25.811669667519578,26.01540067520953,8661200
2016-11-15,26.803741455078125,26.830315501417804,25.92681819979306,26.033111006164386,8206900
2016-11-16,26.39628028869629,26.573437212577595,25.98882172906038,26.484858750636942,6642400
2016-11-17,26.192554473876953,26.679735234252597,26.130550049164054,26.458289894852904,5378700
2016-11-18,26.13054847717285,26.272273350703102,25.944535214224558,26.148264508737572,3755500
2016-11-21,26.653162002563477,26.662020019150336,26.35199619658584,26.529153149335244,3692900
2016-11-22,27.955259323120117,28.043837797255197,27.03404758479934,27.140340402166338,7412000
2016-11-23,28.052696228027344,28.1324166869772,27.228919278541404,27.636379589784447,6038100
2016-11-25,28.291854858398438,28.44243774518632,27.964115037921136,28.194418375919884,1842300
2016-11-28,28.070417404174805,28.415873352751134,27.76925154618221,28.389297608906688,4251600
2016-11-29,27.51236343383789,27.769240791253257,26.9277479805057,27.13147724980465,5546600
2016-11-30,27.547800064086914,28.13241561443494,27.39721716842189,27.89325424670334,4716400
2016-12-01,27.716100692749023,27.99955046915973,27.476939310342264,27.67181060925114,3020800
2016-12-02,28.398149490356445,28.398149490356445,27.503508491552648,27.530082538579425,3755000
2016-12-05,29.41679573059082,29.46108411914375,28.708171376781618,28.74360343921894,5012800
2016-12-06,29.390222549438477,29.54080374209508,28.787891020837353,29.18649326461565,7591200
2016-12-07,29.7711124420166,30.07227824353936,29.54966709910245,29.76225273606688,5402000
2016-12-08,29.877405166625977,30.32915555698463,29.514234940547336,30.045702410276352,5426300
2016-12-09,29.31935691833496,30.072272979849338,29.15105970361365,29.992552535194573,8689800
2016-12-12,28.87646484375,29.558516751388428,28.814460432054418,29.44336763194635,3042800
2016-12-13,28.690458297729492,29.159921346874356,28.18556318250145,28.938476002336166,4876500
2016-12-14,28.424726486206055,29.39022838897669,28.389294417721914,28.53101931267045,5151300
2016-12-15,28.318431854248047,28.424726369771044,27.707243880846338,27.95526160124332,8067600
2016-12-16,27.79466438293457,28.46045970892911,27.705891559921913,28.300667272945716,3450700
2016-12-19,27.661514282226562,27.856813196804087,27.4484604590871,27.52835585441456,5229700
2016-12-20,28.19414710998535,28.247410137602138,27.36856256252011,27.457335404015506,3019000
2016-12-21,28.105369567871094,28.4071961625543,27.901193251820935,28.371686354614706,2119100
2016-12-22,27.581615447998047,28.22077853092627,27.546107328502625,27.972214921654064,4124900
2016-12-23,27.625999450683594,27.776912750415637,27.412943986072936,27.52834917050378,1860000
2016-12-27,27.910079956054688,28.06099330342438,27.714779334046035,28.025483483713206,3007100
2016-12-28,27.670387268066406,28.23853070468984,27.599369338488476,28.05210927449815,2561100
2016-12-29,27.839059829711914,27.945585894100407,27.55498806707424,27.697023948393078,2287300
2016-12-30,26.995716094970703,28.16751277980216,26.995716094970703,28.034354373471494,4897400
2017-01-03,27.599376678466797,27.785798158236766,27.262040153357162,27.33305979502357,3127000
2017-01-04,28.61137580871582,28.646885620788442,27.65263289436844,27.865686687201077,5998900
2017-01-05,28.993091583251953,29.26828748799022,28.620248795930433,28.75340548294469,4145100
2017-01-06,28.229652404785156,28.984220635360753,28.229652404785156,28.984220635360753,4203100
2017-01-09,27.847932815551758,28.522603990161215,27.7857906458948,28.460463513705253,3032000
2017-01-10,28.833303451538086,28.913198825516677,28.318423093232077,28.38056356339302,4794700
2017-01-11,28.922080993652344,29.019727895253293,28.50484917633138,28.97534232427068,4217400
2017-01-12,28.531482696533203,29.019730799000612,28.38056936961036,28.904328980178978,4417700
2017-01-13,28.78005027770996,28.930965327459422,28.291803772598264,28.495978475549446,2517900
2017-01-17,28.691268920898438,29.16176204119973,28.6113735432622,29.028605336073863,2571100
2017-01-18,29.294919967651367,29.445831566254405,28.65575699379957,28.70014594529604,4798000
2017-01-19,28.88657569885254,29.17064746123957,28.566994119566495,28.96647109367405,2977900
2017-01-20,29.108495712280273,29.215021735357993,28.771159355066075,28.868809620554494,2513100
2017-01-23,29.37482261657715,29.428087339727558,29.001976327329054,29.37482261657715,4392900
2017-01-24,30.2891845703125,30.582135528174806,29.86307685684258,29.89858667956584,6517500
2017-01-25,29.880830764770508,30.182657474976388,29.428092392663167,30.12051698049897,6198100
2017-01-26,29.57900047302246,30.02286302920395,29.32155937770058,29.587879620531524,3769300
2017-01-27,29.863067626953125,30.013982633681593,29.534610334288153,29.614505717520395,2662300
2017-01-30,29.534618377685547,29.712164098376523,29.055245947740804,29.685530039110954,5118700
2017-01-31,29.641138076782227,29.74766413171128,29.223906230906945,29.703278557691025,4443300
2017-02-01,29.410327911376953,29.951840661095684,29.010851015158067,29.792049902608127,4154200
2017-02-02,29.87195587158203,30.01399177543418,29.587884063877734,29.676655233884176,2294400
2017-02-03,29.792051315307617,29.925208029426784,29.490224689008002,29.69440102644568,2699800
2017-02-06,30.182653427124023,30.182653427124023,29.845316940628166,29.88082675739668,2959400
2017-02-07,29.907455444335938,30.448968261752434,29.845314962311317,30.182651426446597,4283700
2017-02-08,30.013975143432617,30.262536990834572,29.747655008186303,29.978465340546283,2529600
2017-02-09,30.324695587158203,30.440100822351685,29.800937533776356,30.07613359111367,3000600
2017-02-10,30.493356704711914,30.608761919213393,30.333565911218365,30.5377456701066,3490700
2017-02-13,30.937213897705078,31.256795429222823,30.812932943537515,30.848442755128826,3910000
2017-02-14,30.87507438659668,31.008234491029206,30.502231512429017,30.928339105650117,4333900
2017-02-15,30.715290069580078,30.875080873912694,30.58213332357146,30.58213332357146,5432700
2017-02-16,30.679784774780273,30.90171607943649,30.44897432155215,30.73304612059987,3667200
2017-02-17,30.38683319091797,30.71529056673906,30.280307115106268,30.53774823585386,3291100
2017-02-21,30.626523971557617,30.83070039166626,30.3868377254118,30.52887364315709,3261100
2017-02-22,30.102752685546875,30.48447468199814,29.836435879892996,30.351314585970243,3274500
2017-02-23,28.9132080078125,30.55549818888668,28.780047880091793,30.386831628656147,8584200
2017-02-24,28.700153350830078,29.20615637356012,28.51372851108552,28.67351929577947,4801200
2017-02-27,28.753419876098633,29.490233448064096,28.593629062573665,28.638014647129925,4138200
2017-02-28,28.726781845092773,29.09962472355585,28.52260549930554,28.83330789802477,2575000
2017-03-01,29.596750259399414,29.76541678245275,29.170642685578905,29.170642685578905,4382100
2017-03-02,28.16752052307129,29.392582261766055,28.132012395115705,29.392582261766055,6629500
2017-03-03,28.345062255859375,28.540362858352147,27.839059227948525,28.309552439696606,4182200
2017-03-06,27.82130241394043,28.123129057842107,27.608248611162974,28.04323367015042,3702300
2017-03-07,27.102243423461914,27.84793251940551,27.08448851803445,27.750282232755453,4275000
2017-03-08,26.871440887451172,27.2709161918636,26.82705361371555,27.128880302312332,2675400
2017-03-09,26.45420265197754,27.11999635992866,26.312166796404043,26.702766245831636,6071900
2017-03-10,26.56072998046875,26.924697066410527,26.250025916245033,26.71164328633736,5517800
2017-03-13,26.889192581176758,27.146631965249878,26.738279254926596,26.924700702717356,4499100
2017-03-14,26.534099578857422,26.871436025405952,26.36543304878421,26.809295546620977,3808600
2017-03-15,27.839059829711914,27.901200316138745,26.64950805376572,26.844806967278803,6235400
2017-03-16,27.63488006591797,28.424956511921312,27.599371944376884,28.229655917241285,5069800
2017-03-17,27.430438995361328,28.07042269111821,27.36821857019628,27.741541121186554,3961400
2017-03-20,27.53710174560547,27.57265724260579,27.092668205377958,27.403772022613097,2553200
2017-03-21,26.559349060058594,27.64376804213465,26.51490638177461,27.590436489117966,7670600
2017-03-22,26.826011657714844,27.048228451837225,26.568239362750674,26.621572614013353,4631000
2017-03-23,26.701576232910156,27.128232157616218,26.53269096027986,26.932680253924318,2699200
2017-03-24,26.337133407592773,26.870454046774523,26.257136922326108,26.728235435709998,4522700
2017-03-27,26.44379997253418,26.497131531385918,25.697151367091074,25.954923676403908,4082000
2017-03-28,26.763792037963867,26.906010654883172,26.29269180980639,26.559351292685175,5647700
2017-03-29,26.8082332611084,27.02156117487828,26.612683097330894,26.737123956518438,2232600
2017-03-30,26.834897994995117,27.06600364247096,26.719344323567476,26.79045362314624,2870700
2017-03-31,27.039337158203125,27.199333506921754,26.586014735293492,26.84378700720227,4002400
2017-04-03,27.163782119750977,27.448219362568313,26.81712444198981,27.119339436328154,3973900
2017-04-04,27.501554489135742,27.60821761476285,27.137119035046798,27.199339474225912,2135400
2017-04-05,26.923789978027344,27.839322165984385,26.897123350030437,27.705992416759354,2669900
2017-04-06,27.163782119750977,27.40377667914549,26.781568938947796,26.986009690679992,2944400
2017-04-07,27.412670135498047,27.688218548598364,27.07489958167703,27.13712172239773,2958600
2017-04-10,27.341552734375,27.465993588288228,27.074891581930185,27.4215509105705,1366200
2017-04-11,27.883760452270508,27.954869749342304,27.190443534285965,27.439326921726938,5799900
2017-04-12,26.754901885986328,27.608213546789983,26.67490370586354,27.510439311935126,4873300
2017-04-13,26.292694091796875,27.048231619367435,26.292694091796875,26.906012990104717,5163200
2017-04-17,26.248245239257812,26.55046017928482,26.043804524265852,26.434906510544224,3398600
2017-04-18,26.203805923461914,26.44380048602453,25.910479801011956,26.079365051931543,3913400
2017-04-19,25.750478744506836,26.461573427039102,25.732702691362576,26.42601792999175,3188200
2017-04-20,26.550457000732422,26.674897833358962,26.04380140636896,26.150466188176846,4564400
2017-04-21,26.479354858398438,26.639349531225854,26.310469614693243,26.55046416700384,3648700
2017-04-24,26.941564559936523,27.137116430450348,26.61268464287543,26.67490507608268,3353200
2017-04-25,27.12822723388672,27.421553340806412,26.834901126967022,27.323777406706636,5614200
2017-04-26,27.119335174560547,27.34155194751298,26.399353304900902,26.523794155232846,4870600
2017-04-27,26.586017608642578,26.888232589911627,26.274913751997428,26.888232589911627,5754400
2017-04-28,26.488245010375977,26.897124852266206,26.47046895276497,26.781571153205554,3158300
2017-05-01,26.3282470703125,26.621573176941407,26.141584077705215,26.52379724293856,4125700
2017-05-02,26.40824317932129,26.701570977122135,26.257137385854826,26.257137385854826,2712500
2017-05-03,25.58159637451172,26.292689393765762,25.466042699270755,26.212691217177248,6492700
2017-05-04,25.128278732299805,25.31494004969315,24.86161752767812,25.217165800507033,6421700
2017-05-05,25.58159637451172,25.73270385302564,25.23493704416832,25.24382591883143,3192700
2017-05-08,25.537155151367188,25.599375586304767,25.199386349400452,25.350493846554446,2992300
2017-05-09,25.323829650878906,25.608266920979442,25.2260537035144,25.528268726841183,2324100
2017-05-10,25.519376754760742,25.679373123629905,25.288272772371563,25.49271182353565,4218600
2017-05-11,25.537155151367188,25.706040400040404,25.24382903281881,25.599375586304767,2857400
2017-05-12,25.59937286376953,25.74159147003873,25.43937820325132,25.59937286376953,1645400
2017-05-15,25.883817672729492,26.177143826955216,25.812708353383254,25.990480804058897,2530700
2017-05-16,26.06159210205078,26.150479181827034,25.821597495268914,26.070480979566412,2727200
2017-05-17,25.60826301574707,25.999365050182604,25.54604258432361,25.946033494016724,2954500
2017-05-18,25.36827278137207,25.572711847240058,24.88828364024225,25.261607962661074,5725000
2017-05-19,25.848255157470703,26.10602742982687,25.59937175954538,25.643816131699605,2359300
2017-05-22,25.981584548950195,26.21269019504091,25.87492144791105,26.04380497378627,1736200
2017-05-23,26.417129516601562,26.5504609374758,25.857143991371643,26.052694142405382,3016700
2017-05-24,26.426015853881836,26.861560486217645,26.141578681366962,26.461571348135834,3116600
2017-05-25,26.168249130249023,26.772679057955706,26.034919398050082,26.452686344374634,2184200
2017-05-26,26.1326961517334,26.28380364823694,26.0260330338366,26.1860277106818,1452100
2017-05-30,25.99936294555664,26.203801973793023,25.81270166639633,25.919364770093804,2693900
2017-05-31,25.70604133605957,25.999367465288664,25.146055705851218,25.86603771479903,5636000
2017-06-01,25.892704010009766,25.937148392764584,25.483825860944535,25.581601807625287,1935300
2017-06-02,25.68825912475586,26.026029575768916,25.634927572893602,25.91936477666493,1828900
2017-06-05,25.96380615234375,26.06158207200565,25.60825966545419,25.626037413643516,3999700
2017-06-06,26.168249130249023,26.230469558916557,25.750480488544945,25.97269727400302,2302300
2017-06-07,25.981584548950195,26.337131044713054,25.697147352339908,26.168247518837838,3012400
2017-06-08,26.843782424926758,26.91489171273219,25.76825253956808,25.812696904058445,3948600
2017-06-09,26.71935272216797,27.083788208983297,26.56824520114357,26.88823799751994,3213400
2017-06-12,26.817123413085938,27.172669952966203,26.594906613738317,26.683793672553293,2691100
2017-06-13,26.950454711914062,27.1104510879562,26.69268409136374,26.746015651584546,2481100
2017-06-14,26.159366607666016,27.101565532096213,25.999370212023543,27.083787778051505,2974000
2017-06-15,25.217161178588867,25.946031952613655,25.14605187613229,25.82158940178002,4798900
2017-06-16,25.05063247680664,25.4780885827655,24.810190434236265,25.13968590298777,3921900
2017-06-19,25.291078567504883,25.602764738818486,25.193121318302826,25.28217305420415,3342900
2017-06-20,24.96158218383789,25.184214912810052,24.87252875253844,25.06844494255489,2548900
2017-06-21,24.96158218383789,25.35341456387079,24.87252875253844,25.130781834898627,2794700
2017-06-22,25.38903045654297,25.495893189335533,25.06843886106025,25.20201812632721,2356900
2017-06-23,25.994590759277344,26.09254797806109,25.38902963129435,25.78086360208672,2732300
2017-06-26,25.994590759277344,26.181601384861967,25.691810195285846,26.003496269812675,1845000
2017-06-27,25.878829956054688,26.61797060587819,25.878829956054688,26.279569578842818,2615700
2017-06-28,26.70701789855957,26.831691664270267,26.181604602274966,26.235035973500597,3392400
2017-06-29,26.6981143951416,27.107759468158413,26.48438719561001,26.867315731728077,3396900
2017-06-30,26.68920135498047,27.036509442492513,26.609053465443253,26.715917884343646,3032200
2017-07-03,26.77826499938965,27.04542529957721,26.64468569857235,26.72483361877332,1055300
2017-07-05,26.796079635620117,26.902942411248816,26.5022044548114,26.8138906644093,3980700
2017-07-06,26.546722412109375,26.97417848281814,26.466574505011025,26.653586854424738,1579400
2017-07-07,26.306276321411133,26.617960691314526,25.834294463546474,26.617960691314526,2848800
2017-07-10,26.78717041015625,26.956371763106088,25.89663947670883,26.110366696909857,2244300
2017-07-11,27.276954650878906,27.31257669425887,26.62686764616727,26.79606895511705,3889200
2017-07-12,27.250246047973633,27.740037366576807,27.20571848356695,27.45506774858566,3461400
2017-07-13,27.55302619934082,27.748942383570387,27.027612838601705,27.303676938778114,2663300
2017-07-14,27.597553253173828,27.84690252447735,27.58864774006803,27.74003806576071,1486600
2017-07-17,27.935949325561523,28.176391328130304,27.74003148084672,27.748936991838534,2027000
2017-07-18,27.793466567993164,28.016099276926987,27.606455907794082,27.86471066546265,2021200
2017-07-19,28.1942081451416,28.318881927547302,27.713322342610397,27.75784820816875,1928600
2017-07-20,28.23872947692871,28.39011977349522,27.95375990658061,28.051718833345003,5276700
2017-07-21,28.03391456604004,28.35450625921263,27.98048318336228,28.22983246678019,1813300
2017-07-24,27.935949325561523,28.078434104325446,27.748936991838534,28.007191714943485,3300500
2017-07-25,28.90663719177246,29.084744081958235,28.318886832133874,28.399034762862154,5972700
2017-07-26,28.746339797973633,29.093646346913985,28.36341289202681,28.94225770644509,7287100
2017-07-27,28.23872947692871,28.764142759215254,28.007192974935343,28.75523894637542,4298900
2017-07-28,27.722227096557617,28.185303587693745,27.624269849298283,28.131872207502024,2518300
2017-07-31,27.998294830322266,28.087348269125524,27.766756568855023,27.962672775379737,2225500
2017-08-01,27.535219192504883,28.0428216018813,27.49069332094851,27.998295730324923,2309800
2017-08-02,27.481779098510742,27.633169391804287,27.268051925370305,27.517399444757853,2275700
2017-08-03,27.107757568359375,27.41053817111415,27.018704150157497,27.31257924123682,2117900
2017-08-04,27.196815490722656,27.34820411861938,27.027614137972318,27.303678251420692,2685400
2017-08-07,27.392730712890625,27.65098379087942,27.35710866155264,27.463973117013694,2861700
2017-08-08,27.30367088317871,27.64207349735715,27.054321677918416,27.481777701014995,2868700
2017-08-09,27.179004669189453,27.357109837879015,27.134477103102338,27.339300509997138,1760000
2017-08-10,27.000898361206055,27.410543484927505,26.956372492749658,27.1968162589414,3194100
2017-08-11,26.796079635620117,26.92965895443259,26.448773066997052,26.715931704621994,2173800
2017-08-14,26.715925216674805,26.938557926813765,26.63577730514056,26.813884152672838,3138300
2017-08-15,26.537818908691406,26.858410561346446,26.457670995527646,26.609061309442215,1482200
2017-08-16,27.2413387298584,27.321486641926267,26.715925394548062,26.76045125745119,2966400
2017-08-17,26.573442459106445,27.205718589159215,26.53782040744284,27.205718589159215,2033400
2017-08-18,26.60906219482422,26.87622248044377,26.493293926709423,26.61796770753349,1566000
2017-08-21,26.876218795776367,27.000892559507946,26.79607089093388,26.902933631688768,908100
2017-08-22,27.41054344177246,27.50850069193291,26.97418347708538,27.072140727245824,2450700
2017-08-23,27.846900939941406,27.900332316982915,27.214623133830955,27.374918963508332,1841100
2017-08-24,27.864709854125977,28.025003973106717,27.62426612782578,27.82908780642844,2830900
2017-08-25,27.90924072265625,28.0962514109635,27.784566930451415,27.98938864580308,1838300
2017-08-28,28.363405227661133,28.46136245687374,27.90923433332132,28.051719119951148,2684600
2017-08-29,28.63056755065918,28.790863371868586,28.007195290078762,28.20311146124984,3023800
2017-08-30,28.692901611328125,28.897723274456958,28.44355239194133,28.532605805904655,2433700
2017-08-31,28.84429359436035,29.013496629458853,28.755241868491574,28.808671545170608,1847800
2017-09-01,29.342992782592773,29.41423348554407,28.96006423755076,28.96006423755076,2095000
2017-09-05,29.11145782470703,29.77045227432128,28.7730584829786,29.3786198484275,3282300
2017-09-06,29.138174057006836,29.387521638379773,29.04911892286935,29.084740976524344,2065500
2017-09-07,29.280664443969727,29.360812381385323,28.977883724522652,29.155990629569164,2116100
2017-09-08,28.719619750976562,29.129263124367323,28.416839127795225,29.093641075262326,3212100
2017-09-11,28.603853225708008,29.040214886894162,28.59494941091506,28.95115975343475,3690500
2017-09-12,28.862102508544922,28.951154227902197,28.443553652486653,28.60384776646135,2008300
2017-09-13,28.666183471679688,28.844290300182042,28.479172830449553,28.666183471679688,1784200
2017-09-14,28.416839599609375,28.666187153273214,28.105153458976755,28.443556136881707,2365600
2017-09-15,28.46145248413086,28.55067367973057,28.1581014401435,28.1581014401435,1399500
2017-09-18,28.69342613220215,28.88971309753767,28.514983745852163,28.532828324837705,1238200
2017-09-19,28.880786895751953,28.880786895751953,28.45252724339432,28.720189100679693,1787000
2017-09-20,29.0413875579834,29.344738600457035,28.782646262210633,29.02354297860195,4347800
2017-09-21,28.506061553955078,28.871866893809678,28.354386044618835,28.845101728590272,2977800
2017-09-22,28.21163558959961,28.44360831908484,27.997504036339294,28.158101850408137,2111300
2017-09-25,28.46145248413086,28.470374773866105,28.1581014401435,28.22055576653747,2361100
2017-09-26,28.309778213500977,28.595284690637946,28.28301304486491,28.425766283433394,2127300
2017-09-27,28.58635711669922,28.729110320383537,28.068874626153047,28.39899247326829,2906000
2017-09-28,28.622053146362305,28.72911722397678,28.256246059546502,28.657738903230022,1928200
2017-09-29,28.711271286010742,28.827259349986218,28.50606372882674,28.63097238072087,2302200
2017-10-02,29.201988220214844,29.326896884575664,28.55067632497212,28.648819819400146,1934900
2017-10-03,29.344738006591797,29.380427164632437,29.050310961520115,29.380427164632437,1805600
2017-10-04,29.300125122070312,29.62132070301769,29.246591390744058,29.3268902859809,1479800
2017-10-05,29.33582305908203,29.657018736191553,29.309054483652176,29.416121978359413,2070300
2017-10-06,29.068153381347656,29.175217444011377,28.92539675978911,29.15737286631656,2129200
2017-10-09,28.782644271850586,29.157373605936968,28.67558020647102,29.059230127878504,1871400
2017-10-10,28.613128662109375,28.996778620756757,28.559594922470577,28.97893404087716,1893000
2017-10-11,28.836181640625,28.996779460687726,28.63989465976929,28.63989465976929,2651900
2017-10-12,28.95216941833496,29.148452993697777,28.738037859250646,28.77372701968231,1420700
2017-10-13,29.309049606323242,29.59455607101912,29.246595279890112,29.47857140964647,2296700
2017-10-16,29.103837966918945,29.6748508162495,29.077072803201904,29.549942180896572,2737500
2017-10-17,29.068153381347656,29.26443692898028,29.023540235358016,29.121683710926924,1221000
2017-10-18,29.201988220214844,29.335820876890487,28.907561140436606,29.068158967045044,1376700
2017-10-19,29.344738006591797,29.362582585612117,28.755880512942998,28.987856636701714,2421200
2017-10-20,29.576705932617188,29.728379706992545,29.433952743526767,29.505327636319727,2708300
2017-10-23,29.371496200561523,29.67484716488041,29.344731040137827,29.57670710882531,2080200
2017-10-24,29.817607879638672,29.987129681087783,29.371503608044996,29.514260242320244,3485300
2017-10-25,29.505332946777344,29.817604540521057,29.237671094496285,29.674851325737485,2780800
2017-10-26,29.121685028076172,29.71054250461796,29.103840449574257,29.549944701606076,1917300
2017-10-27,28.961090087890625,29.041388997334177,28.497142913248027,28.925400927358897,3672000
2017-10-30,28.568511962890625,28.934317252650892,28.523900524046454,28.92539326312967,3529300
2017-10-31,28.25624656677246,28.416844387829883,28.077804165208025,28.327623187047664,3865700
2017-11-01,28.46145248413086,29.264439841022728,28.363310700548663,28.92539963809438,3893600
2017-11-02,28.5328311920166,28.93432575077269,28.425767110850234,28.63097468454651,2689000
2017-11-03,28.29192543029785,28.622044964121176,28.18486138328999,28.541744376236764,2807700
2017-11-06,28.541749954223633,28.738035213266798,28.407919018432715,28.532827664937212,2184700
2017-11-07,28.381153106689453,28.595282951519152,28.24732216638998,28.550673205336906,1753700
2017-11-08,28.25624656677246,28.318700896794155,27.997505254679314,28.26516885702597,1750800
2017-11-09,27.729839324951172,28.122411530300635,27.640618137132755,27.917203989545108,2454600
2017-11-10,27.462181091308594,27.943972846373917,27.35511531143139,27.819064187977876,3517900
2017-11-13,27.578166961669922,27.79229681580557,27.310505069438562,27.390803977458532,1628000
2017-11-14,27.05176544189453,27.46218229740369,26.935779068540395,27.390805674935084,2700300
2017-11-15,27.140979766845703,27.194511794691845,26.480745750901697,26.801941321483504,6252300
2017-11-16,27.283733367919922,27.426486578730618,27.167747022293423,27.292655656314654,1777100
2017-11-17,27.58708953857422,27.604934118709327,27.21236186450114,27.221284154568693,2334100
2017-11-20,27.622770309448242,27.694148612707536,27.390797630865197,27.480017106434484,1716300
2017-11-21,27.89936065673828,28.068879049230752,27.827984043648637,27.881516078027698,1791400
2017-11-22,28.1402530670166,28.256239407418736,27.997498160883502,27.997498160883502,1904000
2017-11-24,28.202707290649414,28.452524546637157,28.184862714721024,28.300849054750703,644200
2017-11-27,27.961820602416992,28.265171694477278,27.747690720095562,28.211639649335176,2511800
2017-11-28,28.229473114013672,28.2651622667064,27.81013578038887,27.89043467219505,2964200
2017-11-29,28.1402530670166,28.47036921398974,28.068874763073836,28.1402530670166,1736900
2017-11-30,28.497142791748047,28.61312915947597,28.220556904064914,28.238401484254698,3676300
2017-12-01,28.657733917236328,28.987853487995988,28.220551989242193,28.559590445037788,4531200
2017-12-04,28.854022979736328,29.24659349384307,28.84510239229302,28.961087046582655,2977600
2017-12-05,28.318695068359375,28.55959004861265,28.229473885940287,28.327617356776535,2396500
2017-12-06,28.399002075195312,28.666665698916905,28.20271677920187,28.32762544922015,1944900
2017-12-07,28.75588035583496,28.80941409260344,28.363309830049054,28.363309830049054,2724600
2017-12-08,29.193065643310547,29.433962366817738,28.9254003481877,28.97893408791339,3549100
2017-12-11,29.603479385375977,29.728388035385127,29.407192419072768,29.433960989435764,2958500
2017-12-12,29.648086547851562,29.862218074569434,29.469644176170863,29.47856816668273,2436000
2017-12-13,29.924671173095703,30.076344970557102,29.487487550491938,29.62132017466789,2503900
2017-12-14,29.478578567504883,30.05851222570165,29.469654573844394,29.86222861075347,3051200
2017-12-15,29.833839416503906,29.91478756989518,29.429102080571727,29.770880122868938,5679200
2017-12-18,30.508403778076172,30.562370353029507,29.95975903899149,29.986740610956208,4329600
2017-12-19,30.859172821044922,30.93112480336213,30.51739146972506,30.5353803230601,4620000
2017-12-20,31.407827377319336,31.488775527509297,30.958116194269355,31.11101978063885,4557800
2017-12-21,31.74960708618164,31.803573660340117,31.380844073658334,31.407825645225646,3138200
2017-12-22,31.97446632385254,32.00145132953135,31.57872169448047,31.749610718999815,3960300
2017-12-26,32.53211212158203,32.59507485688602,31.93849337336013,31.956482236157733,3464100
2017-12-27,32.23529815673828,32.70299820490477,32.19932043818145,32.577079620979966,3428000
2017-12-28,32.73896789550781,32.756953319351915,32.208308685502374,32.39718651507467,1842100
2017-12-29,32.71200180053711,32.86490543975431,32.460164548914925,32.828927709229646,3224200
2018-01-02,33.908226013183594,33.92621487335583,32.82891842001921,32.909866575282145,5942300
2018-01-03,33.68337631225586,34.15107646564898,33.44952452004687,34.15107646564898,3417400
2018-01-04,33.908226013183594,33.97118530827429,33.54845567178738,33.809288997748425,2062500
2018-01-05,33.83626174926758,33.94419488215608,33.620402345537286,33.89922102794086,3733200
2018-01-08,34.11509323120117,34.16905981246544,33.710352449279895,33.83627104120556,1994800
2018-01-09,33.56644058227539,34.079111028274504,33.4675035784819,33.9891701690207,4009100
2018-01-10,34.2769775390625,34.2769775390625,33.53045553263895,33.56643324088124,4492700
2018-01-11,35.230369567871094,35.2483584254529,34.34893613250517,34.420891562832395,5898100
2018-01-12,35.059478759765625,35.482208313583364,34.91557133755459,35.428241743620376,5651200
2018-01-16,34.40290451049805,35.26634913359029,34.258997073316,34.92457111467291,7387200
2018-01-17,35.03251266479492,35.08647582757083,34.42989770927149,34.52883474906079,3076000
2018-01-18,34.49285888671875,34.83464047057321,34.44788843829652,34.83464047057321,1929500
2018-01-19,34.73568344116211,34.89757970715958,34.33094277616843,34.41189090916716,2076800
2018-01-22,34.97854232788086,34.97854232788086,34.42989402487022,34.68173467129994,2111300
2018-01-23,34.93356704711914,35.09546335774367,34.070122344471166,35.0504929227978,5017800
2018-01-24,35.14043045043945,35.55416390222954,35.09546001977078,35.33830446261034,3986200
2018-01-25,34.73568344116211,35.635105616248815,34.420887052291086,35.5001943485998,6181300
2018-01-26,35.03251266479492,35.21239787977319,34.564812478261466,34.906594043617666,6929300
2018-01-29,34.54680633544922,35.194391413078264,34.51082862424241,34.98752472017418,5097000
2018-01-30,33.521461486816406,34.63674294975039,33.404535655194586,34.44786513553104,10341200
2018-01-31,33.18868637084961,33.83626813528382,32.87388648704675,33.746327271925296,4396600
2018-02-01,33.323612213134766,33.467519715944874,32.90088585358191,33.188700859202136,3364900
2018-02-02,31.803579330444336,33.14371689957985,31.803579330444336,33.06276873942221,5208000
2018-02-05,31.308887481689453,32.64003190319995,31.12900235856136,31.60569501848095,4860800
2018-02-06,32.001461029052734,32.22631670205836,30.59836039432853,31.048071740339783,5087500
2018-02-07,31.49778175354004,32.298267366603916,31.488785605626322,31.9654819453243,4191200
2018-02-08,30.652318954467773,31.785589739639402,30.643322808532037,31.650674998798415,2614600
2018-02-09,30.88616371154785,31.173978589767685,29.833837775349593,31.012082291891033,3298100
2018-02-12,31.848543167114258,32.08239145297729,31.03906173331194,31.15598759175533,2419800
2018-02-13,32.298255920410156,32.4151817846751,31.677655744278873,31.740615033262166,2914600
2018-02-14,33.55745315551758,33.61141630716186,32.00145271432699,32.02843429014912,5058400
2018-02-15,33.530479431152344,33.96220194469641,33.080768050665746,33.83628330712425,2689700
2018-02-16,34.36692810058594,34.816639287762484,33.11673154919899,33.40454643451005,8951100
2018-02-20,33.67436981201172,34.63675140239314,33.548451238470044,34.08810667925068,2928100
2018-02-21,33.45850372314453,34.26798157671469,33.42252601471303,33.773300094362405,2535500
2018-02-22,33.413536071777344,33.87223988370653,33.332587936610615,33.61140662250003,2108500
2018-02-23,33.60242462158203,33.80929138161236,33.28762469290801,33.49449488396284,1237800
2018-02-26,33.93520736694336,34.16905911663533,33.54845545331945,34.09710367641496,2238800
2018-02-27,33.39554977416992,33.980172189802,33.350579346971095,33.78230162392243,1569000
2018-02-28,32.433170318603516,33.638396372977105,32.433170318603516,33.52147050988203,3816900
2018-03-01,33.242652893066406,33.629404820635486,32.49613404449601,32.83791210479361,5556200
2018-03-02,33.413536071777344,33.692354757666756,32.64902514386417,33.04477310735635,2512400
2018-03-05,33.20667266845703,33.65638385907659,33.089750229233296,33.23365767299059,1322100
2018-03-06,33.81828308105469,33.93520896139446,33.224664395442296,33.44052729522153,2215300
2018-03-07,33.89023208618164,34.40290251585762,33.6473876566998,33.6473876566998,2363200
2018-03-08,33.19768142700195,33.97118525814543,32.873888806428006,33.97118525814543,3605500
2018-03-09,33.044776916503906,33.72833635702242,32.78394362523055,33.58442892580674,5472800
2018-03-12,33.40455627441406,33.44952672017374,32.98182653601787,33.09875243981311,2825600
2018-03-13,33.323612213134766,33.881253357645754,33.26065289509444,33.422549264634,4106700
2018-03-14,32.702999114990234,33.593425372394634,32.64003982127575,33.44052521080922,3956100
2018-03-15,32.568077087402344,32.88287691648855,32.43316581581404,32.72098064576385,1766100
2018-03-16,33.00849914550781,33.19763296029029,32.495133970713496,32.612214845194096,1817300
2018-03-19,32.035797119140625,32.792335626287944,31.801631992589705,32.720286139530906,2220700
2018-03-20,31.77461814880371,32.17090244710219,31.675547074229094,32.062823037199,1669400
2018-03-21,32.56718826293945,32.702285828029076,31.90972054656247,31.90972054656247,2483800
2018-03-22,30.630809783935547,32.188922291052364,30.61279998092722,32.17090905237006,3332100
2018-03-23,30.360610961914062,30.991060425392007,30.351606062519643,30.864971219831055,2997600
2018-03-26,30.928016662597656,30.982056367451396,30.477696095836286,30.810932353251182,2226900
2018-03-27,30.117441177368164,31.144175054727537,29.94632058231174,31.108148581345045,3454600
2018-03-28,29.77519989013672,30.090422942021334,29.550039585740965,29.955325385114445,2775400
2018-03-29,30.657821655273438,30.846955448057695,29.874261481156537,29.874261481156537,4923700
2018-04-02,30.288562774658203,30.955035300320617,30.045389252373813,30.639812272733437,1449100
2018-04-03,30.558752059936523,30.765899095653666,30.26153885499037,30.26153885499037,1911100
2018-04-04,30.72087287902832,30.774909153951494,29.946320872175548,30.126449805157947,1489400
2018-04-05,31.40534782409668,31.504418874706747,30.846951417361915,30.846951417361915,2306000
2018-04-06,30.54074478149414,31.387346323294647,30.342602606225917,31.09013649606604,2539800
2018-04-09,30.819936752319336,31.261248927405173,30.603781396184452,30.78391028701805,2202800
2018-04-10,31.900707244873047,32.053818023856216,31.22522639590362,31.468399913813403,5011900
2018-04-11,31.639514923095703,32.008777544679745,31.51342575021417,31.828648682418002,2882900
2018-04-12,31.86469078063965,32.05382463278555,31.477414739193872,31.702575068607743,1637100
2018-04-13,32.01779556274414,32.30600048620139,31.837666626664934,32.026803899168634,1062400
2018-04-16,31.990768432617188,32.2609600429517,31.92772383806156,32.152884085952444,1432200
2018-04-17,32.603214263916016,32.72930349047201,32.05382254620168,32.15289363440246,2550400
2018-04-18,33.224647521972656,33.68397637781604,33.017500494392024,33.017500494392024,3371800
2018-04-19,33.55788803100586,33.72901204983449,33.25166989989887,33.31471794177014,4509700
2018-04-20,33.35074996948242,33.57591031966402,32.999500372907015,33.44982107327021,2907500
2018-04-23,32.53116226196289,32.93645152746915,32.38705979374665,32.87340691235416,2364200
2018-04-24,32.23394775390625,32.91843351983786,31.73859580591548,32.666255095916746,3451700
2018-04-25,32.36905288696289,32.693284362785725,31.828669384374503,31.972771880776374,2660800
2018-04-26,32.38705825805664,32.864400452873916,32.06282686102564,32.612218568697756,2779200
2018-04-27,31.65752601623535,32.251948816609264,31.41435258394529,32.18890423442355,4383100
2018-04-30,31.49542808532715,31.846677650703825,31.39635699033906,31.63953055921691,1781800
2018-05-01,31.063108444213867,31.38733630616728,30.540735034555766,31.369326510230398,4627200
2018-05-02,31.32428741455078,31.720571584230445,31.162171787985855,31.20720657866557,4176500
2018-05-03,31.65752601623535,31.810633305637214,31.252236962418582,31.423357480398085,1652700
2018-05-04,32.41408157348633,32.54017080451345,31.243245146694196,31.52244518373559,1470100
2018-05-07,32.603214263916016,32.855392717028,32.45010346333106,32.522156413176624,2016200
2018-05-08,32.50413513183594,32.5941978611811,32.269969974134774,32.44109053415974,1924600
2018-05-09,32.621212005615234,32.88239523555352,32.55816742228474,32.567172318901044,1438800
2018-05-10,33.09855651855469,33.4498059563909,32.81035167542381,32.90041440052493,2345100
2018-05-11,33.26066589355469,33.58489713978896,33.20662620729161,33.21563453950483,1910700
2018-05-14,33.12559127807617,33.55789875979187,33.035528507763324,33.32373349557379,1257800
2018-05-15,33.29670333862305,33.31471657332158,32.59420092807308,32.79234307408374,2892100
2018-05-16,33.8551025390625,34.0082098925537,33.350742234784136,33.350742234784136,1769300
2018-05-17,34.179325103759766,34.350445649240655,33.78304088270755,33.78304088270755,1764100
2018-05-18,34.06224060058594,34.41349002288841,33.9271430832361,34.188329784420404,1903200
2018-05-21,33.84608840942383,34.179324597550234,33.49483555441903,34.06224031254864,1681200
2018-05-22,33.70198440551758,34.34144212349136,33.68397460899797,34.089260308471225,2150500
2018-05-23,33.52186584472656,33.53987908062119,33.21564770586476,33.41378642935879,2024700
2018-05-24,33.59392166137695,33.656966281010845,33.242672084652646,33.476837323910814,1009400
2018-05-25,33.170616149902344,33.42279457968093,32.990487227629025,33.28769702905758,2516500
2018-05-29,33.09855651855469,33.431792724236125,32.87339627012914,33.04451682209037,1699300
2018-05-30,33.79206085205078,34.01722116947995,33.34174021719244,33.386771593543514,2461000
2018-05-31,33.78303909301758,34.7467280295505,33.63893668454327,34.22435465153588,2709700
2018-06-01,34.08026885986328,34.37747871914795,33.95417962042893,34.017224240146106,1812400
2018-06-04,33.92715072631836,34.53058208790291,33.80106151407861,34.37747130470224,1352200
2018-06-05,34.323421478271484,34.41348418410912,33.945150555275,33.981177011878856,1768400
2018-06-06,34.782752990722656,34.80977455584025,34.25137468571161,34.63865057422844,1957300
2018-06-07,34.48555374145508,34.917861122334564,34.2333718591868,34.7827635627025,2427800
2018-06-08,34.28740310668945,34.620639319672726,34.251376641590504,34.449518763961926,1075100
2018-06-11,34.5035514831543,34.68367690087248,34.287396171951514,34.41348533862309,3275300
2018-06-12,34.49456024169922,34.75574703674036,34.314431299061404,34.56661319302387,1265700
2018-06-13,34.18833923339844,34.63865983479412,34.04423677837876,34.53058385244775,1351900
2018-06-14,34.440521240234375,34.52157908622743,34.11628985626213,34.431512904194285,1315600
2018-06-15,33.57100296020508,34.11672364928956,33.2253780066609,34.04396250989514,3914700
2018-06-18,33.8256721496582,33.90753059997476,33.2708576192988,33.28904530194024,1373500
2018-06-19,33.07074737548828,33.31632264446741,32.48864457625168,33.19808192912049,5014700
2018-06-20,33.443668365478516,33.47095335905164,32.96161497444652,33.42547721322726,1469000
2018-06-21,33.01618194580078,33.434568000540565,32.925229662459856,33.34361571719964,1330000
2018-06-22,33.65285110473633,33.80747064710374,33.361799697074694,33.44365812232993,1829800
2018-06-25,32.33402633666992,33.38908868327203,31.997498756786605,33.27085142009568,3799800
2018-06-26,32.61598205566406,32.697840486000125,32.02478189550286,32.33402446903836,1705000
2018-06-27,32.161231994628906,32.8797671270295,32.124849678394,32.706952859718,4277100
2018-06-28,32.07026290893555,32.179409812392144,31.570018411718035,32.052075227966654,1492400
2018-06-29,32.26126480102539,32.534125091237804,32.215785194650955,32.279455949653794,2200600
2018-07-02,32.23397445678711,32.370406328712065,31.861064605746414,31.99749647767137,1862600
2018-07-03,32.161231994628906,32.69785901546359,32.088467362159086,32.45228358529091,1222100
2018-07-05,32.71604919433594,32.7342403519089,32.32494798053855,32.47047377151373,1938500
2018-07-06,32.970699310302734,33.0889400310433,32.41588147021991,32.66145675040115,2243400
2018-07-09,33.32542037963867,33.379993824551,32.99798664937825,33.19808581111668,1670200
2018-07-10,33.443668365478516,33.60738526613231,33.14351955774405,33.298142617075975,2042800
2018-07-11,32.77969741821289,33.26175066949038,32.5159309914508,32.98889040404287,2447800
2018-07-12,32.8251838684082,32.99799461460102,32.65237312221539,32.94342462612308,2188900
2018-07-13,32.69784164428711,32.98889308032405,32.543218617238665,32.73422394119343,1993200
2018-07-16,32.497745513916016,32.88884656814329,32.3158374820138,32.69784469596917,1288100
2018-07-17,32.89794158935547,33.03437348558142,32.38860324527404,32.42498554688193,1710900
2018-07-18,33.4527587890625,33.53461723102624,32.95251429688727,32.961611606887224,3704700
2018-07-19,32.652366638183594,33.05256150918499,32.51593475486587,33.034370360102166,3133000
2018-07-20,32.85245895385742,33.16170151718814,32.643265965369956,32.725124393004755,2822900
2018-07-23,33.28904724121094,33.51643145315803,32.84337612877497,32.961616890477615,2066200
2018-07-24,33.81657791137695,34.45325435418672,33.66195485387963,33.98029481008825,4512700
2018-07-25,33.88024139404297,34.00757597434654,33.398188063006025,33.780191803916715,2301400
2018-07-26,33.59829330444336,33.771107543540595,33.22538329793976,33.771107543540595,1991700
2018-07-27,33.16169738769531,33.78927974461396,33.00707786008738,33.65284789234309,2140000
2018-07-30,32.81608200073242,33.352705260759144,32.779699704240414,33.15260956926661,2247700
2018-07-31,32.67055892944336,32.93432542396729,32.379507442247096,32.68875008109406,3852000
2018-08-01,32.406795501708984,32.67965583386289,32.25217244940377,32.64327353101373,3481400
2018-08-02,32.15211868286133,32.288550566053615,31.842876087951467,32.124833694065636,2201300
2018-08-03,32.20668411254883,32.415877070322246,32.006584992241194,32.16120798600784,1691900
2018-08-06,32.179420471191406,32.36132856759867,31.94293890497946,32.05208584458883,3660100
2018-08-07,31.997509002685547,32.661470535432514,31.96112669331662,32.05208246673894,2012500
2018-08-08,31.815580368041992,32.20668126703097,31.58819628582076,32.04296445026323,2813100
2018-08-09,31.67915916442871,31.933828283833776,31.660968017384562,31.77011143004294,2345200
2018-08-10,31.560924530029297,31.80649985807522,31.133441166067076,31.342634193008298,2064200
2018-08-13,31.051586151123047,31.670071459747803,30.933345394283954,31.588213008029598,2121800
2018-08-14,30.878767013549805,31.297152999902504,30.8423847183174,31.060675020105172,3288600
2018-08-15,29.596324920654297,30.405812024960124,29.31436729583469,30.360335884081387,5324200
2018-08-16,29.94194793701172,30.287572871105684,29.88737795293874,29.905569104165508,2200700
2018-08-17,30.396711349487305,30.42399980667888,29.7873234960481,29.932849212511698,3101300
2018-08-20,30.58771514892578,30.81509928643274,30.496759412159044,30.615000135152506,1777600
2018-08-21,30.951528549194336,31.169818853907447,30.533142557234775,30.61500098780136,1119800
2018-08-22,31.0242977142334,31.233490741052396,30.91515428059027,31.078867696251365,854800
2018-08-23,30.17842674255371,30.87877038910663,30.169329432947805,30.842388089897046,1837400
2018-08-24,30.778718948364258,30.80600393632552,30.49676135087289,30.633193229892832,1981100
2018-08-27,31.133445739746094,31.342638797418957,30.833300385557276,30.91515884026472,1775200
2018-08-28,31.0970516204834,31.606393308469553,30.942432081219938,31.397200330262667,1856200
2018-08-29,31.360830307006836,31.460879916075907,30.79691842906304,31.069778791319216,1775300
2018-08-30,30.751428604125977,31.22438797417985,30.505853346428413,31.1698145381561,3592700
2018-08-31,30.869680404663086,30.978827328191652,30.542250042900914,30.551343885057705,1313300
2018-09-04,30.369426727294922,30.533143593987088,30.132948736298907,30.514952445509426,2383100
2018-09-05,30.53314781188965,30.66048239921671,30.142046739609505,30.478574358917783,1262100
2018-09-06,30.5422420501709,31.087962646570404,30.396712856883635,30.624097016984585,1551800
2018-09-07,30.296667098999023,30.62409737894461,30.023803327967236,30.333045928143882,1741600
2018-09-10,30.287567138671875,30.60590702047815,30.269375990888086,30.369425568895583,1169000
2018-09-11,30.151140213012695,30.160234052547125,29.65089229844808,29.987423344538247,1641800
2018-09-12,30.833297729492188,30.978823473146353,30.160238996587037,30.160238996587037,2759900
2018-09-13,30.72414207458496,31.26986606016514,30.542237548997992,31.16981648932845,1570200
2018-09-14,30.81510353088379,31.169822279116303,30.651386651760003,30.760530081306836,2146200
2018-09-17,31.124338150024414,31.40629222644673,30.833286766204242,30.833286766204242,3190700
2018-09-18,31.660972595214844,31.788307173328562,31.36082382999791,31.46087341840355,2333900
2018-09-19,31.90654754638672,32.2612662869617,31.86106793791752,31.997499824111127,2188200
2018-09-20,31.988405227661133,32.506844357403885,31.824691807793293,32.39769745134895,1928500
2018-09-21,31.790624618530273,32.04582346639988,31.69947968941717,32.02759448057726,3007700
2018-09-24,31.498966217041016,32.100508811682026,31.45339201636157,31.83619374576405,2442600
2018-09-25,31.982027053833008,32.06405576008546,31.64479947338356,31.68125397196606,1596000
2018-09-26,31.271114349365234,31.872657044582212,31.2528853614103,31.872657044582212,2797300
2018-09-27,31.0797061920166,31.280221547069395,30.797165620976752,31.17085111559666,1504300
2018-09-28,31.1344051361084,31.480749025443924,30.92477694638088,30.979463921589016,2025200
2018-10-01,31.34402847290039,31.590114607998956,30.988571881143837,31.280228750114553,1597200
2018-10-02,31.435161590576172,31.599215475428878,31.243759017406177,31.389587397026332,1482100
2018-10-03,31.298452377319336,31.580996441842913,31.1708529536066,31.53542223895391,2395000
2018-10-04,30.970346450805664,31.590118237787905,30.778947260455876,31.34403207441338,2951800
2018-10-05,30.7242431640625,31.015899903997973,30.441702652962718,30.824500820319553,3029500
2018-10-08,30.87919807434082,30.9429977902049,30.350567883668443,30.596653992068642,2276500
2018-10-09,30.560197830200195,30.88831266085535,30.478169122536407,30.696913501914498,2179300
2018-10-10,29.612314224243164,30.50551375902651,29.56674001666149,30.35968533450727,3635300
2018-10-11,29.876623153686523,30.204737948412014,29.275080522297653,29.603195317023143,5196900
2018-10-12,29.913084030151367,30.304998575590634,29.55762746029341,30.277656832316612,3014200
2018-10-15,29.931306838989258,30.250305367412558,29.84016539567494,29.922194085387105,3715600
2018-10-16,30.286767959594727,30.350567675020205,29.922198653852508,30.159168528743763,1277300
2018-10-17,30.359682083129883,30.39613657773767,30.02245106262556,30.323224111698575,1237800
2018-10-18,29.985990524291992,30.47815913212318,29.812816933308458,30.29587626535309,2465400
2018-10-19,29.484708786010742,30.195625336892437,29.384454577657202,30.040680693394066,1716200
2018-10-22,29.64876937866211,29.803714038855016,29.202171339802483,29.530286171435495,1271200
2018-10-23,29.129261016845703,29.23863496640957,28.600632429506586,29.05634678888211,4225600
2018-10-24,27.944398880004883,29.247741969542886,27.397541408661475,29.038113822691706,4792500
2018-10-25,27.91705322265625,28.14491033976005,27.543367689678966,27.661854364083574,3050200
2018-10-26,27.54336929321289,27.844140635763893,27.023855314116794,27.37931361961303,3512800
2018-10-29,27.160566329956055,28.044653013498007,26.950938209731124,27.980853301987093,2777900
2018-10-30,27.37931251525879,27.698311094179335,26.941825521402844,27.07853944642763,6919500
2018-10-31,27.862363815307617,28.035535685044742,27.443107617262722,27.643621224360945,2217200
2018-11-01,28.573286056518555,28.573286056518555,27.8168004119136,28.126686265213177,2848300
2018-11-02,28.946964263916016,29.065449183120386,28.42745038867633,28.60973501348395,3482800
2018-11-05,29.010770797729492,29.348000127534586,28.773799165133585,28.946971077109826,1820200
2018-11-06,28.98342514038086,29.21128226173106,28.78291149942096,28.98342514038086,1767800
2018-11-07,29.13836669921875,29.36622554839882,28.94696756061106,29.284196849449298,1361500
2018-11-08,28.810253143310547,29.165709673666594,28.60973777672056,29.165709673666594,1819400
2018-11-09,28.154027938842773,28.536828007341914,27.780342364642664,28.23605664912202,2213500
2018-11-12,27.68008804321289,28.16314410078076,27.588944833237704,28.1084588701605,1666600
2018-11-13,27.825910568237305,28.299852030210186,27.55248099644073,27.680082158643835,2097300
2018-11-14,27.698312759399414,28.354542420429862,27.46134113051753,27.953513376290363,2256200
2018-11-15,28.208715438842773,28.2542861727889,27.607172711011202,27.62539996154241,1570600
2018-11-16,28.445680618286133,28.65531047950236,28.199596262060453,28.254281481398184,3126300
2018-11-19,27.825910568237305,28.418338699512233,27.570709982242853,28.345424494715502,2941900
2018-11-20,26.704853057861328,27.45222585183529,26.42231072333677,27.388424399667457,3314700
2018-11-21,27.115001678466797,27.424887551007963,26.7960013110377,26.84157378547737,1791200
2018-11-23,26.449655532836914,26.668398164604753,26.312941605283502,26.64105468372931,2517300
2018-11-26,26.185338973999023,26.868910312092076,25.993939833770636,26.495224786340817,3490600
2018-11-27,25.693174362182617,26.10331621533757,25.237460033068974,25.85723179880948,5539700
2018-11-28,26.77776527404785,26.805108751515558,25.392395445506136,25.65670877404721,4082300
2018-11-29,26.422313690185547,26.868913475036248,26.23091452742611,26.66839981808655,1932200
2018-11-30,26.458772659301758,26.513457888082318,26.240030005767437,26.240030005767437,1436900
2018-12-03,27.18790626525879,27.388419866505895,26.786877324353043,27.133221053720764,3438000
2018-12-04,26.37674331665039,27.479571052501935,26.331170845078816,27.324628125982656,2654800
2018-12-06,25.87545394897461,25.930140909342526,25.22834056366101,25.802539740229246,3700100
2018-12-07,25.574684143066406,26.422312956698217,25.510884423917684,26.057741891268396,1932000
2018-12-10,25.27391242980957,25.63848348994584,24.982255581700556,25.447084335278777,3371100
2018-12-11,25.191883087158203,25.775198507042692,24.982254950180476,25.70228429685862,2764800
2018-12-12,25.44708824157715,25.8572318336977,25.410630260761007,25.66583091123737,2555100
2018-12-13,25.30126190185547,25.702291032163817,25.246576664490078,25.538233581655295,1467700
2018-12-14,24.67237091064453,25.3377133441023,24.6085711894105,25.000485749461852,2629700
2018-12-17,24.717941284179688,25.5199975862757,24.5994546075899,24.672368816871355,2258000
2018-12-18,24.96402359008789,25.155424460135002,24.71793924061551,24.75439547303627,1861100
2018-12-19,24.02526092529297,25.474432687534073,23.915888717133598,25.06428907995177,2960900
2018-12-20,23.970563888549805,24.59033541829496,23.724479565725204,24.216649949785946,3094600
2018-12-21,23.503253936767578,24.216581128828192,23.466672160602883,24.09769384492312,4213900
2018-12-24,23.11914825439453,23.65871710832263,23.110002812629606,23.466666319888475,1572500
2018-12-26,24.088539123535156,24.088539123535156,22.917948901826946,23.19230688445193,2189200
2018-12-27,24.13426971435547,24.143415156819334,23.320344522534032,23.667862614587012,2491600
2018-12-28,23.951366424560547,24.39033720292206,23.841622857812762,24.097690017347716,2960600
2018-12-31,23.951366424560547,24.17999725632985,23.576412000004073,24.079399132170618,2110500
2019-01-02,24.37203598022461,24.60066671501905,23.37520583697572,23.50324023459418,2887400
2019-01-03,23.78675079345703,24.39948146266727,23.667861789884224,24.326319669820442,2743600
2019-01-04,25.185972213745117,25.332295800424916,24.079398127125067,24.125123593844474,4491700
2019-01-07,25.121957778930664,25.451186769091017,24.8750377806254,25.423750438472652,2142600
2019-01-08,25.54264259338379,25.588368072375022,25.13110630520185,25.33230259911978,3056500
2019-01-09,26.109643936157227,26.109643936157227,25.57922040215917,25.853578485181306,2732200
2019-01-10,25.999897003173828,26.03647702715245,25.66152262371929,25.917589768828527,1510000
2019-01-11,25.999897003173828,26.219382379989725,25.752975300137926,25.862718860703232,1314200
2019-01-14,25.79869842529297,26.01818552650798,25.588358509636024,25.881005652169957,1323400
2019-01-15,25.24998664855957,25.926733621671385,25.131097653208464,25.81699006783303,2953600
2019-01-16,25.780414581298828,25.871867268199733,25.332298334230792,25.332298334230792,2658200
2019-01-17,26.329126358032227,26.530320853891613,25.524344885965196,25.57007035274218,3979600
2019-01-18,26.66750144958496,26.81382504989782,26.301692448802807,26.5211778492721,7539400
2019-01-22,26.237674713134766,26.402289190916346,25.798702190945615,26.402289190916346,3907600
2019-01-23,26.21938133239746,26.47544846727557,26.02733054516022,26.310834005162118,1573000
2019-01-24,25.990755081176758,26.255965959963635,25.926738722308027,26.082207769981355,1148300
2019-01-25,26.923568725585938,27.042455997178173,26.429725264399156,26.466307036775174,2201800
2019-01-28,26.576045989990234,26.804676809659867,26.402287822947912,26.768096785556384,1879400
2019-01-29,26.804677963256836,27.07903600525682,26.704081584406826,26.941856112099426,1677600
2019-01-30,27.73748779296875,27.975264027486386,27.069886294696847,27.12475719671952,4105100
2019-01-31,28.085006713867188,28.322782955854944,27.463132401339106,27.618601415549772,3008300
2019-02-01,27.902103424072266,28.13073422720857,27.682618062379166,28.03928155709113,2415600
2019-02-04,28.07586097717285,28.112440995574868,27.627743105468344,27.78321210838444,2058300
2019-02-05,28.15816879272461,28.185603371026005,27.938681700426496,28.103296147492834,1180500
2019-02-06,27.966121673583984,28.16731616608649,27.856378113109617,28.112445258006662,1242700
2019-02-07,27.30766487121582,27.993557310424674,27.179630429762856,27.80150652040256,2257100
2019-02-08,27.17048454284668,27.463133444006278,26.969290058594435,27.243648076372562,2047400
2019-02-11,27.234506607055664,27.29852296391347,27.033310349142667,27.143053921123837,1076900
2019-02-12,27.545442581176758,27.682620727401844,27.27108454441182,27.307666313706385,910300
2019-02-13,27.728342056274414,27.911247386819245,27.554582166688277,27.764923820109185,1428700
2019-02-14,27.71919822692871,27.847232663479907,27.49971286410259,27.691763646772078,697000
2019-02-15,27.938690185546875,28.213048262086193,27.819802906733685,27.938690185546875,1206300
2019-02-19,28.441675186157227,28.542271563756373,27.93868632090238,27.93868632090238,1533300
2019-02-20,29.11842155456543,29.31961779376934,28.62457814304464,28.62457814304464,2361900
2019-02-21,29.072696685791016,29.209874832595816,28.87150044245018,29.127567595649978,1236800
2019-02-22,29.072696685791016,29.584827503561062,29.036114916341855,29.26474574245478,2212700
2019-02-25,29.081838607788086,29.182436723314897,28.853207795637818,29.182436723314897,3985500
2019-02-26,28.990388870239258,29.191583365249766,28.908081634936153,28.99953256810428,3463300
2019-02-27,28.798341751098633,29.109279847663252,28.67030903285966,28.98124712942428,1297900
2019-02-28,28.304502487182617,28.77090792836053,28.231340678339503,28.77090792836053,2052600
2019-03-01,28.39594841003418,28.652015567783735,28.19475390743333,28.47825564844244,2239300
2019-03-04,28.304502487182617,28.496551581277625,27.902111666387928,28.42338977243451,1707600
2019-03-05,28.194753646850586,28.34107723726517,28.09415552432251,28.286206326938398,1218800
2019-03-06,27.32595443725586,28.341075821315993,27.29851985562053,28.203897680195226,5138900
2019-03-07,26.786388397216797,27.298520958776894,26.749806627805118,27.24365004897415,4783900
2019-03-08,26.42057991027832,26.60348528414454,26.219385394477417,26.52117804033623,5465300
2019-03-11,26.896129608154297,26.90527505030025,26.319980707476965,26.438867966744922,1967900
2019-03-12,27.30766487121582,27.47227933571629,27.024161407102927,27.024161407102927,3601200
2019-03-13,27.518007278442383,27.66433087243736,27.43570003878085,27.490570950450262,2151700
2019-03-14,27.042449951171875,27.380824292738478,27.01501537233845,27.380824292738478,1873100
2019-03-15,27.191370010375977,27.402796740304836,26.998328670874148,27.05348308882791,2268700
2019-03-18,27.384414672851562,27.614226806380046,27.274104077293817,27.31087310692811,1902200
2019-03-19,27.36602783203125,27.770495903224493,27.28329532807642,27.614225343895747,2561700
2019-03-20,27.347644805908203,27.586649643182664,26.72255550124076,27.393606532822428,2697500
2019-03-21,27.84404182434082,27.94515798130557,27.30168499276333,27.31087593612844,2907800
2019-03-22,26.759319305419922,27.669374936893288,26.69497220319358,27.59583514101646,3960300
2019-03-25,26.777711868286133,27.108641936742323,26.55709240709121,26.75932822818227,1125500
2019-03-26,26.989133834838867,27.200560547997018,26.71335826029036,26.943170362417185,2406100
2019-03-27,27.090255737304688,27.191373644841693,26.750134735579866,27.035101311978853,2125500
2019-03-28,27.172983169555664,27.228139337892728,26.869631257010784,27.154599533437217,1302900
2019-03-29,27.283292770385742,27.71533888683725,27.237329298426744,27.457950457175578,1528700
2019-04-01,27.779693603515625,28.02789116009761,27.623421262704117,27.623421262704117,2916500
2019-04-02,27.614229202270508,27.82565596266213,27.393607992013283,27.79807787304808,2514100
2019-04-03,27.715343475341797,28.11981332890842,27.605034631032016,28.000310035357444,2498300
2019-04-04,28.156579971313477,28.17496536158169,27.59583959475156,27.74291921024262,2657700
2019-04-05,28.39558982849121,28.450746009092782,28.129008635560805,28.184163062834745,1897000
2019-04-08,28.47831916809082,28.47831916809082,28.19335261342677,28.404779355489534,1728100
2019-04-09,27.761310577392578,28.340436468905835,27.678578056701014,28.331243771792582,2110600
2019-04-10,27.8348445892334,27.880806311875446,27.595839774174635,27.7980738084579,1124200
2019-04-11,27.384414672851562,27.733728344350787,27.23733329433209,27.678573923235632,3326700
2019-04-12,27.430376052856445,27.696957212662756,27.30168182076563,27.57745567619663,1551300
2019-04-15,27.320064544677734,27.485529553731563,27.0626760891072,27.38441341189772,1440400
2019-04-16,27.43956756591797,27.52230006964723,27.237331777545407,27.338449671731688,1569400
2019-04-17,27.44876480102539,27.87161833151058,27.384417677110484,27.586651745604144,1619200
2019-04-18,26.943178176879883,27.393609817290102,26.86044565585273,27.393609817290102,2625600
2019-04-22,26.685789108276367,26.943177609762987,26.410013459547987,26.86044509047724,2756100
2019-04-23,27.11783790588379,27.255724866604073,26.685791628072813,26.694984325897874,1588400
2019-04-24,26.979948043823242,27.127027686552097,26.915600919295322,27.09944959604257,1454200
2019-04-25,26.37324333190918,27.06267979516234,26.32727984902908,27.035101705434275,2955200
2019-04-26,26.70416831970215,26.76851718772855,26.382432746207023,26.39162368831199,1104100
2019-04-29,26.740938186645508,26.750130881763376,26.474355288209274,26.740938186645508,873700
2019-04-30,26.501934051513672,26.71336078465124,26.382432518579026,26.71336078465124,3082900
2019-05-01,25.84926986694336,26.621437031983188,25.81249908353184,26.520320884256428,2888600
2019-05-02,25.830886840820312,26.014735514732315,25.463187739668683,25.7389616272005,2716800
2019-05-03,26.851245880126953,26.915594743216964,26.106655140500674,26.143425919409253,3015100
2019-05-06,26.63062858581543,26.704168396157346,26.189389723763938,26.235353201057247,1410400
2019-05-07,26.216970443725586,26.511129714642568,26.014734629974495,26.419204504149125,1802100
2019-05-08,25.886037826538086,26.318083993791863,25.84926879797457,26.079080924810544,2840200
2019-05-09,25.876848220825195,25.932002646919734,25.435609305413674,25.591881640454535,1441800
2019-05-10,25.84926986694336,25.977964102228754,25.40802923264244,25.77573005344778,1476600
2019-05-13,24.865673065185547,25.380453525705164,24.58070650001299,25.371260829625083,2986200
2019-05-14,25.113868713378906,25.23337200011809,24.865671197838168,24.985174484577353,1580700
2019-05-15,25.214990615844727,25.214990615844727,24.755366293290727,24.856484205317454,1756300
2019-05-16,25.132253646850586,25.38964385309757,25.049521143175745,25.27933326375534,1517500
2019-05-17,24.736974716186523,24.930017795135367,24.553124331790215,24.884054322372684,2752600
2019-05-20,24.231395721435547,24.59909484209581,24.194624932705665,24.497976926416346,1586000
2019-05-21,24.6082820892334,24.764554400070036,24.222197659715075,24.360084580258622,1870500
2019-05-22,24.075119018554688,24.599090389826245,23.90046131035504,24.516357883485746,1942600
2019-05-23,23.477611541748047,23.836117956918855,23.321339199922473,23.790154472071528,2971600
2019-05-24,23.486797332763672,23.826920032705758,23.339717720174466,23.771765616316628,1380100
2019-05-28,23.21102523803711,23.67064950017646,23.128292730585834,23.532762572200138,1896400
2019-05-29,23.1282958984375,23.155873989141064,22.79736582330535,22.972023557772612,1850100
2019-05-30,22.733016967773438,23.220219346482192,22.622708120011755,23.082332410116326,1667600
2019-05-31,22.42966651916504,22.622709645758707,22.291779573499642,22.48482094676567,2440500
2019-06-03,22.999597549438477,23.11909908120079,22.466433497484793,22.466433497484793,2814100
2019-06-04,23.771770477294922,23.83611760179483,23.21102824380547,23.229413637470483,2774800
2019-06-05,23.597110748291016,23.918848096905688,23.39487669506372,23.900462704795707,2613300
2019-06-06,23.68903350830078,23.83611312333147,23.34891080271275,23.716609840289465,1093300
2019-06-07,23.808536529541016,23.937232515750726,23.505184585370323,23.81772922522224,1733400
2019-06-10,23.826923370361328,24.139468029226204,23.790152585399564,23.92804127567865,1730100
2019-06-11,24.19462776184082,24.51636518753796,24.13028062736697,24.32332203078851,2649300
2019-06-12,24.056732177734375,24.424431209684144,24.00157776127373,24.194619095549626,1348700
2019-06-13,24.507165908813477,24.59909111337649,24.139466843888872,24.167044931256008,1884300
2019-06-14,24.167041778564453,24.4979700171619,24.13027100020517,24.461200992129836,1259200
2019-06-17,24.341699600219727,24.497971913690176,23.882075355109865,24.08431114508771,1394200
2019-06-18,25.0587158203125,25.49076200997518,24.608284238750773,24.608284238750773,7169000
2019-06-19,25.509151458740234,25.619462074350352,25.242568493790312,25.297724678259247,6227700
2019-06-20,25.775732040405273,26.20777825883073,25.757346647282255,26.125045743104724,10650400
2019-06-21,25.804574966430664,25.91624358176246,25.627768839947926,25.860410161552775,4514900
2019-06-24,25.46026611328125,25.897631147057506,25.404430919674798,25.83249186276236,2423500
2019-06-25,25.39512825012207,25.637073669640007,25.181096879144697,25.51610095988104,1404900
2019-06-26,25.88833236694336,25.97208340536283,25.38582791133939,25.38582791133939,1827300
2019-06-27,25.953466415405273,26.037217436871344,25.776660281121348,25.999995746726704,3086200
2019-06-28,26.409442901611328,26.42805463392054,25.962771975665202,26.009301306438225,1762800
2019-07-01,26.232641220092773,26.567643583933286,26.12097258220408,26.567643583933286,2036100
2019-07-02,26.046527862548828,26.3256985746084,25.925555129761985,26.3256985746084,1742300
2019-07-03,25.9627742767334,26.186109759500578,25.80457808790923,26.111664598578184,1066000
2019-07-05,26.046527862548828,26.102361294995617,25.404437177215918,25.571939249469096,1478500
2019-07-08,25.5626277923584,26.13027318534346,25.469572683597672,26.05582803338742,1333500
2019-07-09,25.36721420288086,25.39513180515453,24.911237348553925,25.320684865758075,3186200
2019-07-10,25.47887420654297,25.79526651419524,25.329983917637456,25.590542810678226,1676600
2019-07-11,25.36721420288086,25.497492796999204,25.143878709429668,25.497492796999204,843500
2019-07-12,25.804574966430664,25.860410161552775,25.450960938552765,25.49748849290876,1538600
2019-07-15,25.851104736328125,26.05582846386141,25.60915754474563,25.99999504270005,710400
2019-07-16,26.13027000427246,26.549025042366658,25.711514966178267,25.80457183852278,2653300
2019-07-17,26.176799774169922,26.241940832777047,25.795268162604295,26.148883952536377,1249300
2019-07-18,26.307086944580078,26.41875380992257,25.96277693079628,26.148890739584196,1566800
2019-07-19,26.539724349975586,26.763059822181003,26.3443047024755,26.372222302093387,2396800
2019-07-22,26.576942443847656,26.828195481662124,26.428052149197374,26.614165904966384,2563900
2019-07-23,26.71653175354004,26.930563144245312,26.53972560566576,26.71653175354004,2297700
2019-07-24,27.042226791381836,27.079450254886062,26.521110726709686,26.56763828117754,2159100
2019-07-25,26.418746948242188,27.042225738360326,26.279162515361605,27.014309916731627,3450800
2019-07-26,26.642080307006836,26.651386171790914,26.269854590204883,26.437356606493818,1461600
2019-07-29,26.58624839782715,26.69791700664358,26.32569126877602,26.632777724380798,1386000
2019-07-30,26.939870834350586,26.986398397484592,26.214029135035855,26.390837069788052,1550200
2019-07-31,26.027915954589844,26.986399042302292,25.823192187030642,26.93987147805655,2956600
2019-08-01,25.31138038635254,25.92555342768363,25.06943316175049,25.78596719336163,4366300
2019-08-02,24.883319854736328,25.143878819021413,24.594845062968623,25.143878819021413,3422500
2019-08-05,24.557621002197266,24.753040664437034,24.3342855131466,24.483175839180376,1987200
2019-08-06,24.53900909423828,24.743732832551558,24.157475667293575,24.669287675445588,1536100
2019-08-07,24.23192024230957,24.47386564818589,24.008583017802792,24.334281214053433,3187400
2019-08-08,24.91123390197754,25.00429078843556,24.27844920395796,24.334282625867782,1440000
2019-08-09,24.15747833251953,24.7251238273996,24.13886837237427,24.70651209234159,2226500
2019-08-12,23.775941848754883,24.138863509624887,23.645663279418795,24.138863509624887,1726400
2019-08-13,24.083030700683594,24.483174088885498,23.69219317905761,23.748028378513155,4074100
2019-08-14,23.16176986694336,23.692191806657718,23.14315990978208,23.6549701174227,5537800
2019-08-15,22.882600784301758,23.245520681986562,22.57551430743482,23.245520681986562,2432500
2019-08-16,23.24551773071289,23.43163147635986,22.808152735828404,22.938431292833947,2150700
2019-08-19,23.757333755493164,23.924834025670222,23.403717932545696,23.403717932545696,2154500
2019-08-20,23.785253524780273,23.887616297071357,23.589835623038557,23.636363187763873,1394600
2019-08-21,23.822473526000977,24.00858553270202,23.729416635194173,23.924834508467153,875000
2019-08-22,23.506080627441406,23.943445696896983,23.487468894720948,23.943445696896983,1253300
2019-08-23,22.984966278076172,23.5619158368469,22.91982520861643,23.357192086139975,2599000
2019-08-26,23.105941772460938,23.26413798173324,22.91982795864192,23.236220377186523,1123800
2019-08-27,23.00357437133789,23.338578458877464,23.00357437133789,23.319966726255817,1290600
2019-08-28,23.394412994384766,23.627054338481393,22.975659639958398,23.040798932319436,2886800
2019-08-29,23.61775016784668,23.943448427954635,23.552610870807634,23.68289123979845,1087100
2019-08-30,23.69219398498535,23.9341411994519,23.56191539831591,23.794556745889984,1993600
2019-09-03,23.44094467163086,23.59914087242854,23.264136735465744,23.53400157355528,1484700
2019-09-04,23.934139251708984,23.999280314655195,23.701497923067095,23.701497923067095,1924300
2019-09-05,24.055116653442383,24.44595420394965,23.980671490246365,24.11095008211122,2610400
2019-09-06,23.682891845703125,24.129562843895147,23.664280110383597,24.05511767752981,1509500
2019-09-09,24.28775978088379,24.399426646362038,23.775947693551203,23.775947693551203,2855500
2019-09-10,25.115955352783203,25.14387294866061,24.28775286578895,24.343586282631446,3218400
2019-09-11,25.87902069091797,25.925550021215848,24.92053956064367,25.227626040959823,4276800
2019-09-12,25.730134963989258,26.04652736668573,25.51610533125717,25.96277633215356,3072600
2019-09-13,25.655691146850586,26.25125251271,25.655691146850586,26.055834605129707,1990300
2019-09-16,25.906940460205078,26.093054247168773,25.5347146611903,25.581242220474916,2256700
2019-09-17,25.767349243164062,25.86971020170162,25.376511813070458,25.68359823850742,1798500
2019-09-18,25.181100845336914,25.683607045589522,24.780957413634894,25.599856012214087,2789200
2019-09-19,25.01358985900879,25.311372190887,24.84608962689946,24.892617173333363,2014400
2019-09-20,24.794137954711914,25.06495991001129,24.598026978425697,24.99958958458255,2555700
2019-09-23,24.98090934753418,25.214375790034502,24.364558081829944,24.420589529291895,1717700
2019-09-24,24.35521697998047,25.05561624334019,24.2244763541397,25.05561624334019,2234000
2019-09-25,24.579349517822266,24.67273646146054,24.121755453323296,24.149772070777118,1604900
2019-09-26,24.07505989074707,24.54199276990751,23.841593451166847,24.54199276990751,1801400
2019-09-27,24.00034523010254,24.24314870445272,23.869602842521086,24.037698925692116,1638500
2019-09-30,23.766883850097656,23.916302226344406,23.59878773151818,23.84159303822103,1912200
2019-10-01,23.54275131225586,24.392570661088918,23.48671987406276,23.86960463392899,1788200
2019-10-02,23.281274795532227,23.440032053575223,23.085162050322563,23.384000604032888,1774300
2019-10-03,23.402679443359375,23.542758975039373,23.08516488824051,23.29995540343825,1766400
2019-10-04,23.69217872619629,23.701515817756817,23.27193835765839,23.42135675953679,1464500
2019-10-07,23.561433792114258,23.90696492310102,23.48672459909113,23.55209492033541,1306700
2019-10-08,23.430692672729492,23.570772184145795,23.22524284139942,23.430692672729492,1555300
2019-10-09,23.36532211303711,23.61746629972349,23.122516797843662,23.580110813751755,1747000
2019-10-10,23.813575744628906,23.897623801518314,23.45870755647946,23.524077871569556,3215500
2019-10-11,24.411252975463867,24.616704604342694,24.084401349898037,24.22448087245593,3573600
2019-10-14,24.131088256835938,24.336538056203253,23.81357379704541,24.27116774645944,1872300
2019-10-15,24.07505989074707,24.448605837833906,23.869608283943627,24.06572101941895,1645100
2019-10-16,23.916301727294922,24.299186531088697,23.785559314901494,23.934977688030404,2053400
2019-10-17,24.159109115600586,24.364558951096065,23.944318627119333,24.13109250026625,1571600
2019-10-18,24.168445587158203,24.401912032008372,24.00035124308048,24.1591084968269,1010300
2019-10-21,24.112415313720703,24.719427743659026,24.093737569733012,24.45794645266217,1877600
2019-10-22,24.504638671875,24.570008993665056,23.99101318820369,24.084400125564205,1724700
2019-10-23,24.616703033447266,24.775460290537314,24.308527391002777,24.56066980303361,1638500
2019-10-24,24.700754165649414,24.915542898621837,24.383239612034576,24.616706090797962,2653900
2019-10-25,24.999588012695312,25.298424785127033,24.775460433371524,24.831491882900558,3226800
2019-10-28,25.419824600219727,25.55056701400527,24.990247218201947,24.990247218201947,1795300
2019-10-29,25.354455947875977,25.475859498557977,25.008926601612902,25.214376435033984,2256400
2019-10-30,24.971572875976562,25.186361596229254,24.719428666354133,25.186361596229254,2754100
2019-10-31,24.57000732421875,24.868844078501336,24.29918718360299,24.756781186249146,2819800
2019-11-01,25.335779190063477,25.48519936160934,24.794137079785763,24.794137079785763,3173000
2019-11-04,25.606605529785156,25.728007324814012,25.382477905818636,25.59726665613555,2066100
2019-11-05,25.653295516967773,25.933456354438775,25.531893734242495,25.653295516967773,2173100
2019-11-06,25.438505172729492,25.625279052514156,25.34511823283716,25.56924581985412,1326000
2019-11-07,25.653295516967773,25.78403795360404,25.457184533825128,25.587925189253557,1258300
2019-11-08,25.81205177307129,25.97080904035143,25.307765135433513,25.391813205241103,1545200
2019-11-11,25.681306838989258,25.765354894777094,25.373131228169687,25.57858104164691,1494700
2019-11-12,25.541231155395508,25.793375360427287,25.42916647053436,25.681310675566138,1747300
2019-11-13,25.205039978027344,25.457184194023277,25.15834739634268,25.391813867181625,2245100
2019-11-14,25.027606964111328,25.317106693586442,24.999592125341966,25.139671662812656,2307000
2019-11-15,25.149005889892578,25.38247233628043,25.03694121189505,25.167683633093436,3748100
2019-11-18,25.373136520385742,25.373136520385742,24.89686469865184,25.074299718013375,2942800
2019-11-19,25.270410537719727,25.57858621081846,25.19570133761118,25.44784555593046,1394400
2019-11-20,25.167682647705078,25.475858273622762,25.008925399128845,25.130327162765937,1422000
2019-11-21,24.999588012695312,25.27974704154813,24.87818446064014,25.15834527070062,1666800
2019-11-22,25.32643699645996,25.475855356693337,25.14900202573007,25.186355725184736,1584500
2019-11-25,25.709320068359375,25.942786463447685,25.270402105620718,25.41982045598066,2179800
2019-11-26,25.83072853088379,25.933454341436843,25.643954653734184,25.699987885603687,1886100
2019-11-27,25.933452606201172,25.942791477554547,25.541228915397276,25.82138793116824,1951800
2019-11-29,25.83072853088379,25.970808048142143,25.587923203072382,25.88675998154559,862100
2019-12-02,25.989486694335938,26.222953158273995,25.88676088021671,25.91477749712407,1898100
2019-12-03,25.970809936523438,25.980148809180733,25.475862154141588,25.812052663765073,1454900
2019-12-04,26.269649505615234,26.54047149759866,26.017507042123103,26.017507042123103,1676300
2019-12-05,26.493778228759766,26.54047081455826,26.22295624374616,26.316343196551127,1109000
2019-12-06,26.708560943603516,26.960705124890104,26.615174011881713,26.615174011881713,2357300
2019-12-09,26.960708618164062,27.25020654092481,26.811288439324407,26.811288439324407,4061100
2019-12-10,27.035415649414062,27.231526612629743,26.90467322606262,26.90467322606262,1752500
2019-12-11,27.28755760192871,27.4463148566588,27.138139218795406,27.156816961988973,2484600
2019-12-12,27.567718505859375,27.651766569326625,27.15681706015367,27.29689657219654,5234000
2019-12-13,27.278217315673828,27.829198242856688,27.156815553626817,27.567716976537728,2943900
2019-12-16,27.072769165039062,27.558379805601255,27.072769165039062,27.493009484988587,2997000
2019-12-17,27.166160583496094,27.259547534584705,26.94203296960819,27.21285316843643,1815800
2019-12-18,27.35292625427246,27.39027995474218,27.04474887405843,27.16615240830167,1923200
2019-12-19,27.044755935668945,27.493012926800994,27.02607997116134,27.380948233716015,3204600
2019-12-20,26.7296199798584,27.08601412582178,26.62645245311279,27.010983685152286,3238900
2019-12-23,27.067264556884766,27.1047788920715,26.748384657894857,26.823415117135582,2478900
2019-12-24,27.339250564575195,27.508069552887374,27.123538207895116,27.18918963915711,1430800
2019-12-26,27.470550537109375,27.70502091674793,27.292352547701306,27.52682292733986,1455900
2019-12-27,27.36737632751465,27.620604705134266,27.301724923435472,27.54557427349141,1947100
2019-12-30,27.34862518310547,27.667505045381947,27.339246153171803,27.479928024442707,2863800
2019-12-31,27.470550537109375,27.611232407119104,27.3392459080822,27.470550537109375,1956800
2020-01-02,27.34862518310547,27.78942885678552,27.2267013717019,27.658126015448282,2590400
2020-01-03,27.10477638244629,27.37676289005279,27.048503990442804,27.37676289005279,1907200
2020-01-06,26.851551055908203,27.198568056139873,26.757764321291212,27.15167468883138,2500700
2020-01-07,26.98285675048828,27.17981104746085,26.767144390318123,26.851552096972533,1860800
2020-01-08,26.532669067382812,27.086017518590452,26.49515294791543,27.07664027759064,2787200
2020-01-09,26.09186363220215,26.48577394264025,25.988696092438087,26.48577394264025,4257900
2020-01-10,25.848018646240234,26.213793718525544,25.791746246222242,26.120005192583992,2429500
2020-01-13,26.073104858398438,26.28881896189445,25.716710677222963,25.8855296326255,2599800
2020-01-14,26.354473114013672,26.560806420426218,25.94180471232141,26.063730321144366,2441100
2020-01-15,26.27944564819336,26.420127545338865,26.138763751047858,26.39199045036281,2685500
2020-01-16,26.185653686523438,26.420124080640278,26.148137564808515,26.31695653479138,2446600
2020-01-17,25.754228591918945,26.373232110851593,25.688577164316136,26.298201652324487,3436300
2020-01-21,25.02267837524414,25.566649566494362,24.816343303098453,25.566649566494362,3745000
2020-01-22,24.919511795043945,25.088330755505325,24.760071864482313,24.966406944542687,2647400
2020-01-23,24.741317749023438,24.760075811813405,24.262999669950574,24.666287286730896,3122200
2020-01-24,24.384925842285156,24.806973351256325,24.075424931995467,24.806973351256325,2892200
2020-01-27,23.906600952148438,24.056661859909603,23.78467713541766,24.000389466715948,2610100
2020-01-28,23.55958366394043,24.178585300238463,23.522067545926262,24.141069182224296,10017300
2020-01-29,23.737783432006836,23.850330014128048,23.465798690920366,23.634617669668565,1926400
2020-01-30,23.81281280517578,23.81281280517578,23.475176651934678,23.60647950103582,1878100
2020-01-31,23.343873977661133,23.70027001072604,23.287601578865154,23.68151194817161,2078000
2020-02-03,23.540830612182617,23.681512506925536,23.315739222820476,23.390769685941187,1885300
2020-02-04,24.094179153442383,24.20672394530489,23.794057323319407,23.906602115181915,1826600
2020-02-05,25.088335037231445,25.219637900502768,24.309893311369237,24.309893311369237,3893400
2020-02-06,25.032054901123047,25.322797632315073,24.872614992624168,25.275904278172316,1966700
2020-02-07,24.44119644165039,24.8538648878408,24.384924040900408,24.8538648878408,3194500
2020-02-10,24.4036808013916,24.53498365908816,24.150452328233435,24.375543708084937,1430000
2020-02-11,24.68504524230957,25.06957658349717,24.53498431837623,24.581877686280155,2632300
2020-02-12,24.44119644165039,25.09771434291389,24.422440167311976,24.947653415002353,1705100
2020-02-13,24.413063049316406,24.544365924314278,24.300516450127155,24.37554691996415,904900
2020-02-14,24.03790283203125,24.4974663560343,23.953495140070565,24.450571206203858,1810800
2020-02-18,24.253616333007812,24.309888722520803,23.962871777978833,23.962871777978833,1348800
2020-02-19,24.53498077392578,24.63814831505108,24.37554084167171,24.37554084167171,1492500
2020-02-20,24.18796730041504,24.61001294670665,24.12231408582697,24.422437700199442,1147300
2020-02-21,24.056665420532227,24.17859104417632,23.79405968751552,24.17859104417632,1225300
2020-02-24,23.334495544433594,23.578344997288962,23.212571712439587,23.559588723121124,1953200
2020-02-25,22.490402221679688,23.409525837305143,22.415371758952453,23.33449537457791,3668500
2020-02-26,22.115245819091797,22.68735410965029,22.096487759661386,22.556049482504417,1785700
2020-02-27,21.158607482910156,21.927670075534955,21.092956059959324,21.70257871590334,3055000
2020-02-28,20.755319595336914,21.102336584042757,20.02377307196513,20.201971081779874,4582200
2020-03-02,21.29928970336914,21.31804776419177,20.511470826357147,21.036684007320854,2888000
2020-03-03,21.008543014526367,21.918289117933746,20.558360371590837,21.4587256574619,3792800
2020-03-04,21.514999389648438,21.543134686214984,20.895997821049612,21.41183186525971,2486300
2020-03-05,20.708419799804688,21.26176993041864,20.483328494127825,21.139846144002014,2526000
2020-03-06,19.995635986328125,20.41768343370645,19.620483693584745,20.136317872498488,2883500
2020-03-09,17.407085418701172,18.926454696628657,17.378950110042588,18.34496720316152,4543900
2020-03-10,18.091739654541016,18.326210089946468,17.0319322847426,18.138633026075123,3032900
2020-03-11,16.71304702758789,17.669686528749992,16.38478816477342,17.51024661188964,4031900
2020-03-12,14.799772262573242,15.934609100679342,14.53716564966586,15.128030305099058,2339600
2020-03-13,15.765793800354004,15.822068000776246,14.790397581648708,15.718900422203179,2456800
2020-03-16,14.630951881408691,15.13740696547753,13.355432458192787,13.77747895787249,2377000
2020-03-17,16.047155380249023,16.35665624888006,14.677847260125438,14.884181470690672,2768800
2020-03-18,13.664935111999512,15.381258429514105,13.271024754428922,15.146788021171306,2452200
2020-03-19,14.274559020996094,14.987348398100476,12.9990393994157,13.514874487882262,3290200
2020-03-20,13.636796951293945,14.724739346355333,13.411705606336449,14.724739346355333,3886900
2020-03-23,13.496271133422852,14.12817117205836,13.24162408399779,13.769780427558539,4637300
2020-03-24,15.212779998779297,15.259937869155026,14.401684416093767,14.571448252224345,3684000
2020-03-25,15.316523551940918,15.976719261488057,14.62803492268283,15.41083748171745,2799100
2020-03-26,15.599464416503906,15.957855169742322,15.099601877543119,15.533443410352175,2306100
2020-03-27,14.778934478759766,15.259933836136907,14.694052133405663,15.146756776035321,1632600
2020-03-30,15.005289077758789,15.099603009011496,14.533721220383873,14.948701438562612,1577600
2020-03-31,15.212779998779297,15.816388147366895,14.863820752442997,15.033584588573575,2262100
2020-04-01,14.910974502563477,15.420267699835318,14.580876676790673,14.760072048289711,1886700
2020-04-02,15.203344345092773,15.7692241796888,14.78836424068598,15.033578775714654,2354700
2020-04-03,14.797795295715332,15.457989952284738,14.618599950146354,15.222206082121087,1388000
2020-04-06,15.901261329650879,16.080455736898966,15.429693691631698,15.429693691631698,2348500
2020-04-07,15.929560661315918,16.77838419120613,15.816385389922893,16.59918791279725,2974100
2020-04-08,16.41055679321289,16.599184606480684,15.995576683356633,16.174772926072222,1516500
2020-04-09,17.52345848083496,17.730947654635273,16.929283874700065,16.929283874700065,3207800
2020-04-13,17.495166778564453,17.702657786973727,17.07075678651466,17.674363067948295,2576600
2020-04-14,17.683792114257812,18.381712227167252,17.41971350441842,17.881849722471088,3238300
2020-04-15,16.655778884887695,16.976445216216224,16.240798609246863,16.976445216216224,2716900
2020-04-16,16.60862159729004,16.79724767322819,16.174778204743706,16.768954751226268,1676800
2020-04-17,16.929283142089844,17.287673844760814,16.721792178380344,16.834969231211726,1920000
2020-04-20,16.82554054260254,17.146206815188236,16.410560342981896,16.599188197051788,2735300
2020-04-21,16.45771598815918,16.627478875279184,16.06159898710258,16.269088159508115,2696100
2020-04-22,16.834972381591797,17.108480795543755,16.76895317128921,16.96701080219698,2672000
2020-04-23,16.96700668334961,17.78753532379413,16.929282200429654,17.07075215943371,3589800
2020-04-24,16.96700668334961,17.438574412621875,16.712359677809435,17.21222211843776,2328600
2020-04-27,17.504596710205078,17.693224554910174,16.750088929161585,17.06132361370308,1931300
2020-04-28,17.862991333007812,18.098775266868937,17.34426559918014,17.834696613344562,2591600
2020-04-29,19.079631805419922,19.239964921385145,18.18365410940464,18.18365410940464,3952600
2020-04-30,18.23080825805664,18.853277513928727,18.164789064083557,18.853277513928727,3214600
2020-05-01,17.825258255004883,18.117629718013742,17.617769119786978,17.74037592721393,1996000
2020-05-04,18.164791107177734,18.315692652914112,17.532890209823528,17.702654898499034,1981500
2020-05-05,18.070480346679688,18.740107646836613,17.985597987520517,18.447734276893417,2424500
2020-05-06,17.674362182617188,18.315694723959577,17.617774546289485,18.164793161160016,2184400
2020-05-07,18.00446128845215,18.3062644352163,17.853559715070073,17.938442074958573,2142000
2020-05-08,19.089061737060547,19.107924878233355,18.362846991900813,18.362846991900813,2364300
2020-05-11,18.542043685913086,18.83441518564481,18.145926706097633,18.81555384290175,2861100
2020-05-12,17.702651977539062,18.721238142635773,17.69322040762572,18.683511862982403,2653100
2020-05-13,17.080181121826172,17.730943193654284,16.750083401962254,17.730943193654284,3953000
2020-05-14,17.36312484741211,17.381987989619297,16.504871664755864,16.76895025899173,3110300
2020-05-15,17.881853103637695,17.98559861263553,17.334834436093217,17.570618375532884,2869600
2020-05-18,19.02304458618164,19.173946134004645,18.626927573424176,18.626927573424176,3499400
2020-05-19,19.145652770996094,19.588927673051177,18.95702672234345,19.051340646114006,4427000
2020-05-20,19.48518180847168,19.74926043025676,19.353143397023356,19.353143397023356,3355400
2020-05-21,19.202241897583008,19.475750293367412,18.994750908827484,19.475750293367412,3861300
2020-05-22,19.02304458618164,19.268260051116105,18.796692264447138,19.155082990804683,2715600
2020-05-26,19.36257553100586,19.645515506288348,19.22110374447612,19.46631922920224,2588200
2020-05-27,20.088790893554688,20.117085613849138,19.24940064592827,19.560635373612456,3355800
2020-05-28,19.768125534057617,20.475477385114065,19.626655523624084,20.390596817964973,2799700
2020-05-29,19.654943466186523,19.853001052704748,19.475747222035633,19.824708139709664,2005900
2020-06-01,20.12651824951172,20.267988260673047,19.73983271285599,19.815283505401283,1952800
2020-06-02,20.032197952270508,20.428314937155303,19.994473467413403,20.27741339995045,2086900
2020-06-03,20.466045379638672,20.68296615858832,20.088789661079264,20.088789661079264,2279600
2020-06-04,20.871593475341797,20.9093197690241,20.25855559411392,20.43775189132747,2453800
2020-06-05,21.682682037353516,21.7864275041614,21.38087900542655,21.390310575035265,4037500
2020-06-08,22.465490341186523,22.512648201856724,21.946766466033473,22.116531166669294,3235400
2020-06-09,22.078805923461914,22.20141456812093,21.805297514179202,22.18255142295977,2539900
2020-06-10,21.87131690979004,22.201414757370053,21.3431596341066,22.191983184709077,3640300
2020-06-11,19.466318130493164,21.0224933033794,19.353142866323353,20.871589953005667,4512900
2020-06-12,20.107650756835938,20.513199353720136,19.63608295560099,20.324571513670797,3049000
2020-06-15,20.35287094116211,20.503772528580885,19.079637223288476,19.390871972200802,3976200
2020-06-16,20.881023406982422,21.343159674922802,20.522632639622646,21.248847545909765,3576100
2020-06-17,20.362295150756836,20.899882086366972,20.267981243008634,20.83386289060968,2535000
2020-06-18,19.87186622619629,20.296277953407454,19.80584702393863,20.02276777389618,2501700
2020-06-19,19.758699417114258,20.249128757487433,19.58893465360892,20.22083582949595,2079200
2020-06-22,20.094064712524414,20.179329633236367,19.743532755816304,19.91406259724021,2724300
2020-06-23,20.198278427124023,20.624603044027083,20.141435747202355,20.46354727841884,1844500
2020-06-24,19.374053955078125,19.9519584706576,19.203524102056015,19.93301211465225,2199600
2020-06-25,19.753007888793945,19.78142832588094,19.042468049679027,19.288788744078417,2168200
2020-06-26,19.11825942993164,19.60142675092453,18.9761518195211,19.60142675092453,2168900
2020-06-29,19.771957397460938,19.866694603528344,19.36458090618414,19.402475427211826,1440500
2020-06-30,20.07511329650879,20.16985227419179,19.59194613662162,19.734053699648268,1954700
2020-07-01,19.63932228088379,20.1414377909644,19.307736634868157,20.1414377909644,2178200
2020-07-02,19.677215576171875,20.368807200943444,19.620371092248316,19.999327090420902,1953500
2020-07-06,20.11301612854004,20.30249416233456,19.705639620779333,20.255123750387707,2220100
2020-07-07,19.84775161743164,20.150915065127567,19.77196075550766,19.91406839574054,2182400
2020-07-08,19.771957397460938,20.113015314695627,19.44037175523589,19.99932994461619,2011200
2020-07-09,19.468788146972656,19.914060873707637,19.146676653716035,19.86669047352519,2082700
2020-07-10,20.245649337768555,20.25512161216154,19.44037048964555,19.44037048964555,2049400
2020-07-13,20.07511329650879,20.795126997105612,20.037216982637307,20.56775272786813,2719100
2020-07-14,20.880399703979492,20.88987197899356,19.885642776839184,19.961433625926375,2691700
2020-07-15,21.401458740234375,21.496197740835353,20.823552462864953,21.316193820393114,2876500
2020-07-16,21.21198844909668,21.477257385799266,21.0414585474305,21.306727484133088,1938200
2020-07-17,21.230928421020508,21.56251401213651,21.155137583650802,21.287771097298762,1705200
2020-07-20,21.221452713012695,21.32566578402753,21.08881920953633,21.183558200732,935400
2020-07-21,21.733041763305664,21.903571582779087,21.524615625284405,21.524615625284405,2566000
2020-07-22,22.017257690429688,22.055154010295972,21.571986773976793,21.704620279516806,1691800
2020-07-23,21.827783584594727,22.140421025191966,21.562514741331913,21.979365264460288,2345000
2020-07-24,21.808834075927734,21.941467585869486,21.534091168767194,21.74251732095686,1680600
2020-07-27,22.443586349487305,22.45306043118272,21.979367188389805,22.074104391351334,2321900
2020-07-28,21.998313903808594,22.367795867974706,21.979367547104864,22.235160529070516,3172500
2020-07-29,22.358322143554688,22.53832608759035,21.969893816475256,22.130949596507925,2946600
2020-07-30,21.903573989868164,21.94146850558449,21.467775313655643,21.87515174783383,2095100
2020-07-31,21.70462417602539,21.90357627704815,21.268827261302906,21.90357627704815,4370600
2020-08-03,22.121469497680664,22.168838087807966,21.55303738117361,21.837252535929196,2078000
2020-08-04,22.500425338745117,22.55726801258938,21.7898855912058,22.055154414139047,1559800
2020-08-05,23.22991371154785,23.561499295102614,22.888854047663404,22.888854047663404,2284800
2020-08-06,23.258338928222656,23.3909742731164,22.983597770150162,23.3909742731164,2321300
2020-08-07,23.106754302978516,23.106754302978516,22.453058971459814,23.021489380259347,2205000
2020-08-10,23.98781967163086,24.21519215584112,23.277279980850345,23.296228139616836,3662100
2020-08-11,23.485708236694336,24.158351670757323,23.40044332153198,23.94045324622954,3992900
2020-08-12,23.46676254272461,23.959403924998927,23.372023537364743,23.91203351882088,1391200
2020-08-13,23.37202262878418,23.495182066066857,23.106753785488053,23.37202262878418,1649600
2020-08-14,23.476234436035156,23.589919786274827,23.087806176556835,23.305704603679587,1273900
2020-08-17,23.85519027709961,24.025720121335617,23.675186351850915,23.845716196086922,1349400
2020-08-18,23.741506576538086,24.177305331736843,23.646767559582145,24.129934919760647,1191100
2020-08-19,23.41939353942871,23.978351716839104,23.390973101015653,23.722558736139906,2169600
2020-08-20,23.46676254272461,23.6467646652125,23.00254340415712,23.154125089934414,1798500
2020-08-21,22.88885498046875,23.30570549698282,22.718325141576805,23.210966496821058,3017800
2020-08-24,23.305707931518555,23.315182013224014,22.926753698281733,23.05938722816554,2394500
2020-08-25,23.258338928222656,23.485713288898662,22.83201606769711,23.296235257334136,2593200
2020-08-26,23.32465934753418,23.504661504050123,23.13518130099505,23.248868490317843,2409000
2020-08-27,23.27728271484375,23.580446062731628,22.955171205963858,23.580446062731628,2807200
2020-08-28,23.741506576538086,23.80782334630831,23.46676541506195,23.48571357985243,1737000
2020-08-31,23.50465965270996,23.930984320345335,23.48571329514561,23.921510238064947,1329400
2020-09-01,23.732032775878906,23.769929105909753,23.267813574979883,23.656241922813688,1539600
2020-09-02,23.779401779174805,23.826770381909675,23.248865839159514,23.722559094493686,1502700
2020-09-03,23.32465934753418,23.968880730374764,23.0025477526156,23.552031919183193,2602700
2020-09-04,23.523601531982422,23.788870343966668,22.9078008042648,23.57097012373149,2482300
2020-09-08,22.86043357849121,23.37202311396905,22.670957378200164,23.15412467048606,2521400
2020-09-09,23.040435791015625,23.315178700447714,22.718324286783,23.144648867972084,1846600
2020-09-10,22.66147804260254,23.286752791872853,22.63305580600088,23.239384204532527,1473000
2020-09-11,22.69938087463379,23.059388775615112,22.62359002290032,22.803593973390978,1304900
2020-09-14,23.447813034057617,23.50465571121157,22.92675124498812,22.983593922142074,1292700
2020-09-15,23.552026748657227,23.779399270389703,23.324654226924746,23.684660267918794,2189100
2020-09-16,23.7983455657959,24.092034824125324,23.43833774604083,23.788871485592235,1438200
2020-09-17,24.16782569885254,24.347829609028697,23.173068959770024,23.44781186514395,1478700
2020-09-18,24.272043228149414,24.93521270223222,24.234146900317977,24.290989585068765,3221900
2020-09-21,22.52760124206543,23.65825744384702,22.318573110637796,23.65825744384702,3424200
2020-09-22,22.442094802856445,22.746136429993125,22.185559000373228,22.594115616424784,1818600
2020-09-23,21.64398193359375,22.708127496221817,21.60597582881305,22.309072457178587,2724400
2020-09-24,21.805503845214844,22.252064694622288,21.244926495835934,21.482459209564936,2647700
2020-09-25,21.881513595581055,22.005029805694676,21.396946656401653,21.605974785913446,1197800
2020-09-28,22.613109588623047,22.89814988159387,22.214054628248263,22.375576917262592,2660400
2020-09-29,22.16655158996582,22.755633485963788,21.94802193993056,22.651118517585754,1705100
2020-09-30,22.081037521362305,22.575105926357505,21.938518277060364,22.185552479557966,1259600
2020-10-01,22.32807731628418,22.43259230065729,21.94802529887873,22.16655498235799,2152700
2020-10-02,22.812633514404297,22.91714844928099,21.80549569218471,21.891007582132893,2091200
2020-10-05,23.39221954345703,23.53473879156784,22.993164561408438,22.993164561408438,1768700
2020-10-06,22.77463722229004,23.74377118380814,22.765135695738188,23.53474303636009,2506700
2020-10-07,23.53473663330078,23.648751296441418,23.145183211814544,23.15468473578133,1485500
2020-10-08,23.9718017578125,24.019309389330054,23.667760165023527,23.75327208952428,1242500
2020-10-09,24.095314025878906,24.437359829861418,23.705760601738817,24.351847925808187,1538800
2020-10-12,24.00030517578125,24.228336359342666,23.90529172957297,24.095318621989527,940700
2020-10-13,23.658252716064453,23.791272238782383,23.430221578558506,23.791272238782383,1240000
2020-10-14,23.94329833984375,24.10482065814813,23.800777261398693,23.81027878744375,1823300
2020-10-15,23.98129653930664,23.98129653930664,23.27820010067234,23.344708953860266,1647300
2020-10-16,23.952795028686523,24.19032771312283,23.724763869095337,23.933793791226847,1846500
2020-10-19,23.781774520874023,24.646393401876736,23.715263842755547,24.142823426649496,2692400
2020-10-20,23.772274017333984,24.332851357101223,23.705765148587155,23.84828441193476,1296900
2020-10-21,23.74376678466797,24.294842536958203,23.74376678466797,23.914790606452964,1913300
2020-10-22,24.15233039855957,24.171333453735844,23.4207290843529,23.68676642012744,1944600
2020-10-23,24.323347091674805,24.617887111049505,24.218832131283875,24.323347091674805,1958900
2020-10-26,23.64875602722168,24.06681410423808,23.515738289538135,24.06681410423808,1483900
2020-10-27,23.66775894165039,23.82928125599939,23.420724707220696,23.70576504489992,1314700
2020-10-28,22.53710174560547,23.069176294209388,22.480094405480287,23.03117019263882,2531500
2020-10-29,23.183189392089844,23.36371473776693,22.157048278722556,22.337573624399642,4276500
2020-10-30,23.211694717407227,23.344712443667934,22.708124763057885,23.04067089094026,3341100
2020-11-02,23.84827995300293,23.857781477080362,23.18318776542591,23.553739955524154,2080000
2020-11-03,24.342350006103516,24.456364678414705,24.04780817613344,24.256838095754855,2434400
2020-11-04,23.1071834564209,24.190332114618474,22.94566112912557,24.000307019832192,3413400
2020-11-05,24.323347091674805,24.636890160617046,23.42072217175261,23.42072217175261,3271700
2020-11-06,24.56087875366211,24.89342485834904,24.42785922444905,24.456363797615523,2266200
2020-11-09,25.577518463134766,26.603659544505025,25.149958924134452,25.682033419830507,3660200
2020-11-10,25.86255645751953,26.033580269878538,25.568016454140388,25.587019502675933,2753000
2020-11-11,25.596525192260742,25.862560666128463,25.377993723001293,25.805553323475486,2288900
2020-11-12,25.168964385986328,25.691537407333776,24.9694377901445,25.47300594854378,1432600
2020-11-13,26.356626510620117,26.461141471935836,25.41599729547038,25.41599729547038,3028800
2020-11-16,27.553794860839844,27.563296386880243,26.78418937387549,26.860199769967885,3496900
2020-11-17,27.439777374267578,27.61080121238574,26.860198804482465,27.240250771283538,1696900
2020-11-18,26.83169174194336,27.762819427412516,26.81268869230589,27.55379131809206,1957500
2020-11-19,26.85069465637207,26.983712378703398,26.35662624166921,26.727176646581082,1324100
2020-11-20,26.85069465637207,27.164237724889162,26.679670834957193,26.85069465637207,1458800
2020-11-23,27.620304107666016,27.677311452455264,27.088231327761136,27.088231327761136,3562500
2020-11-24,28.760456085205078,28.89347380033718,27.933841597181637,27.94334312143828,3546700
2020-11-25,28.617937088012695,28.760456328607592,28.14287174454272,28.731951755596427,1704500
2020-11-27,28.665443420410156,28.893474571968053,28.43741226885226,28.75095532877318,1149900
2020-11-30,27.857833862304688,28.513424600461203,27.77232194810033,28.513424600461203,2375900
2020-12-01,29.14051055908203,29.368541724619977,28.636940602541607,28.646442127634515,2270200
2020-12-02,29.663084030151367,29.77710052778615,28.86497398340014,29.178517086607354,1936800
2020-12-03,29.55856704711914,29.929117445097052,29.340035605939114,29.786598200661743,1860400
2020-12-04,30.964757919311523,31.07877258206054,29.815098894504864,29.910112321615973,3227200
2020-12-07,30.936254501342773,31.287801818272605,30.651212413845432,30.879245358951163,2489300
2020-12-08,31.572843551635742,31.667858798796804,30.670218638141584,30.822239409138206,3110600
2020-12-09,30.974252700805664,32.01939842044033,30.537193542784355,31.93388653087441,4336200
2020-12-10,31.84838104248047,31.90539018846936,30.717726830491095,30.907750068198872,2529100
2020-12-11,31.20229721069336,31.724868452492377,30.69872902080032,31.563347947983875,2415400
2020-12-14,30.61321258544922,31.72486377457129,30.584706199562824,31.525337195671586,1831600
2020-12-15,31.59185218811035,31.62035495506887,30.679727400820685,30.964765943790994,1799000
2020-12-16,31.62035369873047,31.800880880859616,31.20229742728166,31.781877828821727,1718800
2020-12-17,31.9623966217041,32.10491767851119,31.686857844922955,31.905391098550098,2713800
2020-12-18,30.803239822387695,31.914894780139477,30.736730954129037,31.914894780139477,3984500
2020-12-21,31.109956741333008,31.12900797766925,30.205043000446338,30.233619854950703,2131800
2020-12-22,30.576536178588867,31.281417461125315,30.3669780077537,31.17663746729469,2367800
2020-12-23,31.052799224853516,31.319512867206612,30.843242918152715,30.862294152153034,1780200
2020-12-24,31.052799224853516,31.281410399205978,30.738462947976643,31.157579195029587,975800
2020-12-28,30.8622989654541,31.63385407771671,30.824196491510982,31.38619526439027,1525700
2020-12-29,30.747987747192383,31.12900517227578,30.405074608173347,30.967071494837324,2573700
2020-12-30,31.814844131469727,31.881521654773355,30.79562640822572,30.805150211418024,2934300
2020-12-31,31.852937698364258,32.043446433506595,31.32904140196176,31.82436265987107,2703000
2021-01-04,32.0529670715332,33.176964373497974,31.767202212593826,32.7102182530613,5568500
2021-01-05,33.43415832519531,33.672293366353834,32.14823055640025,32.17680559857052,4566300
2021-01-06,35.510684967041016,35.90122616593375,34.01519767125777,34.02472510474242,7869100
2021-01-07,35.24397659301758,36.18699270066439,34.97726658156859,35.90122782136746,4138800
2021-01-08,34.63435363769531,35.20587616206159,33.91994866541167,35.19635236123784,4078400
2021-01-11,34.43431854248047,34.891537254512286,33.50082625089111,33.81516615934185,4457700
2021-01-12,35.24397659301758,35.310654095879826,34.234282982508525,34.539095462350616,3403200
2021-01-13,34.32954406738281,35.20587916395359,34.15808656872298,35.20587916395359,2553200
2021-01-14,34.7867546081543,35.272548316789766,34.5295684211175,34.72960091092911,3130400
2021-01-15,33.61513900756836,34.26286652784778,33.19601906288645,34.23428785565916,4603000
2021-01-19,34.01520538330078,34.38669543310092,33.81517283858564,34.224765363660666,3644600
2021-01-20,33.88185501098633,34.62483521271876,33.615144914703414,34.36765255339026,3087300
2021-01-21,32.86262893676758,33.87232261221473,32.61497014358706,33.81516890594925,4799500
2021-01-22,32.86262893676758,32.938833878454886,31.948191438429564,32.272055173297396,3466800
2021-01-25,32.3577880859375,32.93883812340464,31.748163008480855,32.93883812340464,3495500
2021-01-26,31.586227416992188,32.74832742252474,31.576703615448483,32.69117371230692,2392500
2021-01-27,30.85276985168457,31.510024773665556,29.70972294796463,30.843246050542863,5822500
2021-01-28,31.595746994018555,32.11964685017072,31.21473321113225,31.605274427940255,3596900
2021-01-29,30.814674377441406,32.30063841495996,30.700370569525376,32.05297955886647,3766000
2021-02-01,32.157752990722656,32.69117676833202,31.18616526175721,32.28158422427794,4861000
2021-02-02,31.767213821411133,32.15775515320739,31.481452491696,32.072026390927604,3064400
2021-02-03,31.757686614990234,31.995821636508264,31.500500355712518,31.881517843602186,1984100
2021-02-04,32.17679977416992,32.21490224593483,31.3957172712478,31.691005976948293,1653300
2021-02-05,32.89120864868164,33.196021191457874,32.481616113016294,32.576872303666455,2809000
2021-02-08,34.19619369506836,34.23429254044697,33.44368608564165,33.47226112808871,5287300
2021-02-09,33.59608459472656,33.95805079446546,33.14838965382981,33.94852336008594,4564800
2021-02-10,33.47225570678711,34.10093197436628,33.09124187914471,33.93900191518992,3565200
2021-02-11,33.538936614990234,33.90090287652205,32.90073648137177,33.54846405099622,3576000
2021-02-12,33.900901794433594,34.062831864844945,32.9864641842644,33.33890299854068,2511900
2021-02-16,34.453369140625,34.66292909782678,34.12950903753371,34.32954156014361,4995000
2021-02-17,34.15808868408203,34.61530749760582,33.843748705855106,34.41527494799894,2350400
2021-02-18,33.462730407714844,34.35811667793429,33.25317045001707,34.053304176002065,2413800
2021-02-19,34.85343933105469,35.00584558826979,33.68181554740387,33.70086678376224,5550900
2021-02-22,36.529903411865234,36.97759832396099,34.84391100030952,34.85343480042479,8889300
2021-02-23,36.54895782470703,36.634686567806334,34.88201286839411,36.27272399352185,6587700
2021-02-24,37.863468170166016,37.97777196231375,36.4537092881704,36.48228432779433,6477200
2021-02-25,35.625003814697266,37.84442052149965,35.46307009628332,37.768219197391964,6639000
2021-02-26,34.15808868408203,35.43449256778882,33.843748705855106,35.34876381314985,5907100
2021-03-01,35.78693771362305,35.920292770263735,34.996331177687786,35.196363762648815,6781800
2021-03-02,36.05364227294922,36.501337294407826,35.81550724173119,35.92981467294543,6087700
2021-03-03,36.672786712646484,37.25383664194537,35.84407800435453,36.110788017678054,5933300
2021-03-04,34.98678970336914,36.60610824216018,34.091403515402945,36.29176833448987,5794400
2021-03-05,36.215576171875,36.31082873139632,34.29144467359606,35.55832479041254,4863500
2021-03-08,37.19668960571289,37.368147111765865,36.091743252067054,36.358453313192996,7061800
2021-03-09,37.64439010620117,37.911100206277624,36.49181730669639,37.19669503794204,6808000
2021-03-10,38.72075271606445,38.86363153684241,37.54912531050496,37.88251649295706,8894700
2021-03-11,39.58755874633789,39.76854001553966,39.03508387143047,39.11128880603203,6667700
2021-03-12,39.52089309692383,39.93048202545534,38.90174053539405,39.33038433694141,5382300
2021-03-15,39.07318878173828,39.63518749178359,38.51119007169297,39.57803378725895,5136800
2021-03-16,37.96824645996094,39.05414152086408,37.8920415128405,39.02556648251985,3269300
2021-03-17,38.996986389160156,39.19702255123445,37.777736348887395,37.78726015010439,5241200
2021-03-18,38.10160446166992,39.987633446484324,37.987300665707515,38.835060783595324,6963400
2021-03-19,37.911094665527344,38.23495843985251,36.74899823242696,38.1301784490926,8119900
2021-03-22,37.039737701416016,38.013212271733636,36.992015468593465,37.984578203901066,4203200
2021-03-23,35.02598571777344,36.50528408320198,34.86373811757526,36.46710774895586,9031300
2021-03-24,35.006893157958984,36.514821764508284,34.997347255247476,35.770401543597565,5723600
2021-03-25,35.77040481567383,35.92310650676984,34.08114031003299,34.558333549794966,6913300
2021-03-26,38.04184341430664,38.08001974500456,36.22850775380346,36.47665026264467,8568800
2021-03-29,37.12563705444336,38.471321900934115,36.99201988356639,37.74598610752744,5115300
2021-03-30,37.516937255859375,37.774622065808416,36.73434056224933,37.001567635961294,3146000
2021-03-31,38.09911346435547,38.624029036394845,37.73644915728701,38.06094076514037,5437400
2021-04-01,38.519039154052734,38.519039154052734,37.67917802705253,38.28998479552703,2582100
2021-04-05,38.8912467956543,39.35889774553251,38.72900285103438,39.07257890564631,3136700
2021-04-06,38.519039154052734,39.292089877599,38.375879724887234,38.97714423040862,2060700
2021-04-07,38.19454574584961,38.66219306241738,38.032298157972285,38.56675587474507,2285100
2021-04-08,38.118186950683594,38.49040066039248,37.402397236211876,38.35678352217416,3003700
2021-04-09,37.69826126098633,38.099101785088514,37.42148834251861,38.013210507662365,3728300
2021-04-12,37.40239715576172,37.745976800480285,37.07790567360471,37.65053962836724,3007700
2021-04-13,37.38331985473633,37.803252271710384,36.83931980610703,37.61237423133089,3550700
2021-04-14,38.61446762084961,39.10120665746994,37.583732342132805,37.583732342132805,4910300
2021-04-15,38.98667907714844,39.12983847908154,38.45222507674713,39.03440130492269,4356300
2021-04-16,39.23482894897461,39.59749683237461,38.81489656587076,39.34935430768679,3187400
2021-04-19,38.75763702392578,39.66430494288844,38.27089786164149,39.16802351734366,2915000
2021-04-20,37.574195861816406,38.6717418040838,37.17335527533687,38.62402320674513,4407400
2021-04-21,38.77672576904297,38.83398663085052,37.0492848375,37.431040906130214,3102500
2021-04-22,38.13727951049805,38.84352704544587,37.84142205778215,38.78626255103545,4398500
2021-04-23,39.07257843017578,39.2348260135166,38.385422688618576,38.6144733889059,2177100
2021-04-26,40.07468795776367,40.17966740729916,39.26345730460442,39.339809966843305,3280800
2021-04-27,39.85517120361328,40.351452527921715,39.66429685177495,40.04604919614651,3050000
2021-04-28,40.19875717163086,40.52324871766107,39.49251322130923,39.654757173976606,5150300
2021-04-29,39.26346206665039,40.504163852947556,38.795814696152476,40.504163852947556,3807600
2021-04-30,38.61446762084961,39.692925125635035,38.54766087318716,38.70990843229217,3693700
2021-05-03,40.56142807006836,40.809566969296775,39.12030599230852,39.27300769353272,6880100
2021-05-04,41.77348327636719,41.9070967582273,40.446887076907004,40.54232423803728,9931000
2021-05-05,42.403385162353516,42.680158073316306,42.107524087804165,42.107524087804165,4804100
2021-05-06,43.13827133178711,43.13827133178711,42.11707804901835,42.74697300512521,5149900
2021-05-07,43.65364074707031,43.77770837257469,42.47019986794509,43.1859897533599,6501400
2021-05-10,43.34822463989258,45.12338376667088,43.300506052325446,44.627102446444,10672400
2021-05-11,44.331260681152344,44.512592834249254,41.99301265732136,42.16480254581155,8699000
2021-05-12,42.23159408569336,44.54120720115143,41.97390934591422,44.02584136228799,6606000
2021-05-13,42.441566467285156,43.49139010281022,41.763949322920055,42.18388168968637,9260800
2021-05-14,43.033287048339844,43.071463381767636,42.31749717969859,42.63244282873906,7192900
2021-05-17,45.0279426574707,45.03748491787248,42.804220992317966,43.080993872998654,6036900
2021-05-18,44.19763946533203,45.27609357291898,44.178551298733744,45.01840878488535,4762200
2021-05-19,42.832862854003906,43.29096789128742,42.23159839976513,42.947388203150986,6255100
2021-05-20,42.68015670776367,42.93784144689527,42.078892316456624,42.89011921910826,5832300
2021-05-21,42.5274543762207,43.61545416387899,42.26022373945401,43.10962695470671,4090200
2021-05-24,43.28141784667969,43.48184173937671,42.269770684747876,42.82331285323408,4446400
2021-05-25,42.26022720336914,43.39594931115531,42.19342044887526,43.357772982674504,5004000
2021-05-26,42.985557556152344,43.15734737233752,42.37475093891377,42.45109994572129,3652000
2021-05-27,44.598487854003906,44.942067631566,43.55820625669476,43.56775216201379,9930700
2021-05-28,44.35988235473633,44.52212994657643,43.76816376718604,44.50304178043668,4514700
2021-06-01,45.58149719238281,45.667392122170725,44.90388365777568,45.09476168404833,6610100
2021-06-02,44.91342544555664,45.64830341290921,44.522127165869705,45.629215247961646,4825200
2021-06-03,44.34079360961914,44.608024291390755,43.271881804618836,44.27398684935008,4571600
2021-06-04,44.54121780395508,44.86570937121363,44.09265860855038,44.75118400650347,3175900
2021-06-07,44.140380859375,44.474414717708086,43.78725883189488,44.388519776894434,3240100
2021-06-08,44.9706916809082,45.199746046992395,43.64409500422126,44.2549017928516,3708400
2021-06-09,44.84661865234375,45.3047236886293,44.655740643717635,44.98023216617347,3873200
2021-06-10,44.68437194824219,45.61012794180617,44.503039838868894,45.228371917057345,2628700
2021-06-11,44.942054748535156,45.60058003962639,44.703458153701284,45.123386849958656,3742100
2021-06-14,43.78724670410156,44.684368561359484,43.62499913163763,44.579385480476056,2973800
2021-06-15,43.56774139404297,43.72998533740563,42.41293106249912,43.72998533740563,6689500
2021-06-16,42.9473876953125,43.453211318701506,42.48928266344592,43.22416062311579,5472000
2021-06-17,40.57096481323242,42.49882580430497,39.69293106083842,42.441564949572026,14785600
2021-06-18,39.425697326660156,40.68548688631559,39.29208019338005,40.046046205191985,13103000
2021-06-21,40.244361877441406,40.426072266147955,39.7757353562748,39.880937451738134,8715300
2021-06-22,40.493019104003906,40.789497410232094,39.78529822551639,40.31130871209709,4770700
2021-06-23,40.894691467285156,41.76499465849119,40.818183180911255,41.08596765565469,4418600
2021-06-24,42.08060836791992,42.20493845961921,41.02859461803812,41.33463511430521,7020800
2021-06-25,41.14335632324219,42.48228249874098,41.09553818274049,42.424902189455054,8449300
2021-06-28,40.416507720947266,41.334632806784356,40.13916104488791,41.296376834814,3845600
2021-06-29,40.47389602661133,41.172051172759886,40.44520586869681,40.44520586869681,3043500
2021-06-30,41.18160629272461,41.20073427579543,40.34955544644773,40.38781141258937,4109400
2021-07-01,41.39201736450195,41.85107813038864,41.01903072023718,41.602421583642354,2893800
2021-07-02,41.525901794433594,41.72674380583915,41.0955349158402,41.71717798952509,1738800
2021-07-06,40.23479080200195,41.69804683382697,39.861804256500655,41.67892249923331,4083700
2021-07-07,40.952083587646484,41.20074377661804,39.919197801668595,40.35913056887602,4236400
2021-07-08,40.09133529663086,40.559961786263614,39.259288054039565,39.804422831767305,3013600
2021-07-09,41.74587631225586,41.93714887977678,40.65560297661861,40.67473096302877,4355300
2021-07-12,41.7650032043457,42.1666836469416,40.97121178537974,41.28681445972096,3151600
2021-07-13,40.808624267578125,41.573729150471245,40.66516983825351,41.439836890452085,2573000
2021-07-14,40.61735534667969,41.88933557950423,40.47389725616761,41.353766491279494,2672100
2021-07-15,40.521697998046875,41.200728533406426,40.04350943279354,40.30173169582505,3918600
2021-07-16,38.98194122314453,40.770369588115024,38.8289209850589,40.722551447767685,4732000
2021-07-19,37.690834045410156,38.188150742517294,36.96398881012454,37.872544442158976,14419900
2021-07-20,38.867183685302734,39.12540606582987,37.25090691269681,37.69083971731747,3838200
2021-07-21,40.31130599975586,40.588652653312344,39.34536285147398,39.34536285147398,3587900
2021-07-22,39.97657775878906,40.30174624649274,39.24973248242877,40.081779864853566,5573200
2021-07-23,40.1965446472168,40.24436644024217,39.47926153132333,40.1965446472168,3024600
2021-07-26,41.353759765625,41.449396044885184,40.368688577452126,40.435634702592296,5140100
2021-07-27,40.97121047973633,41.11466855786836,40.378257476818845,41.11466855786836,4521200
2021-07-28,41.478084564208984,41.745872702505395,40.54083520089667,41.19117208944645,5025800
2021-07-29,43.4195442199707,43.888167197912786,42.032795979234336,42.09017629995893,11563100
2021-07-30,43.017860412597656,43.74470937085385,42.644873763517296,43.03698840079289,6177000
2021-08-02,42.118865966796875,43.7255804583247,42.061482003424224,43.28564403571566,5574000
2021-08-03,42.78832244873047,42.84570275241699,41.36331865177997,42.06147365018863,5006100
2021-08-04,41.06685256958008,42.59705890882817,40.97121626950438,42.41534483107695,4974100
2021-08-05,40.78949737548828,41.48765243637588,40.75124140408041,41.028591724352125,3823900
2021-08-06,41.631103515625,41.918019629867416,40.8373122382135,41.25811694505779,4951900
2021-08-09,41.60242462158203,41.93715531439333,40.894703608978375,41.30594625916993,3455700
2021-08-10,43.2569580078125,43.52474256586834,41.65024336289549,41.69806151279246,6352800
2021-08-11,44.26114273071289,44.3567826549898,43.11349282571057,43.591681502224894,6496900
2021-08-12,43.9742317199707,44.11768978702199,42.797887974336824,44.08899598463761,3619100
2021-08-13,43.87860107421875,44.26114988831931,43.65863468524553,44.06987730541436,3910200
2021-08-16,42.98917007446289,43.40041269821193,42.03279255844944,43.21869863526333,4125400
2021-08-17,41.784122467041016,42.62573550336589,41.12422345063608,42.53966140137482,5061000
2021-08-18,41.39201736450195,42.415341005845534,41.27725308510295,41.56416560774579,3826000
2021-08-19,39.76616668701172,40.59821384957372,39.488816416727865,40.44519363981186,7498600
2021-08-20,39.814002990722656,40.27306382953632,39.45057845855263,39.79487499973568,4308300
2021-08-23,41.25811004638672,41.611968573617254,40.63646708214814,40.63646708214814,5447600
2021-08-24,42.099727630615234,42.50140433061709,41.86063331443611,41.918017263703405,3851600
2021-08-25,41.75543975830078,42.386648735978724,41.56416353663979,42.11886421462762,2399200
2021-08-26,41.01902770996094,42.05191709362301,40.942519412073224,41.60241853055262,2607700
2021-08-27,42.86483383178711,43.1421841472665,41.25811954332121,41.25811954332121,4270400
2021-08-30,42.57792663574219,43.38128387974829,42.424906382040575,43.285643941003144,3057600
2021-08-31,42.35797119140625,42.63532161297922,41.726762025790414,42.520553656837016,3422200
2021-09-01,42.47271728515625,42.66399348174101,41.01902329871805,42.24318511959653,7320700
2021-09-02,42.912654876708984,43.39084359855242,42.673560515787266,42.7596346316507,4860100
2021-09-03,43.0082893371582,43.457784197654405,42.75006702242722,43.21868986715793,2818800
2021-09-07,43.075233459472656,43.668186350074244,42.89351944181991,42.941341224332604,3609100
2021-09-08,42.08060836791992,43.02742366144594,41.822386015140104,42.89352775207491,3637700
2021-09-09,42.348392486572266,42.75963508356718,42.01366183706034,42.080607966962724,2716300
2021-09-10,42.75007629394531,43.610813881433025,42.72138248722553,42.8552784059061,4676000
2021-09-13,42.66399002075195,43.45778124699327,42.3196936244874,43.27607088153796,3228400
2021-09-14,41.83195114135742,42.72137881073228,41.60241894880588,42.72137881073228,3518500
2021-09-15,43.20914077758789,43.47692534134332,42.109305065093444,42.157126864299244,4485700
2021-09-16,41.54502868652344,42.66399202700186,41.20073592235842,42.66399202700186,3931800
2021-09-17,40.493019104003906,41.39201254311323,40.13916048890527,41.38245037439824,5799500
2021-09-20,39.00541687011719,39.311942437915626,38.20078634112805,38.74678523714857,7217800
2021-09-21,38.62225341796875,39.58014661514868,38.028360658857515,39.50351705949201,5020100
2021-09-22,39.39814758300781,40.14530309536512,39.350253654741515,39.39814758300781,7808600
2021-09-23,39.867515563964844,40.18362208663058,39.388568944706016,39.64720055759451,2829400
2021-09-24,39.618473052978516,40.13573638481341,39.3215247726866,39.52268151704235,3043700
2021-09-27,40.99782943725586,41.1510922076091,39.86751513562343,39.87709611418639,3836500
2021-09-28,40.78709030151367,41.151087051701275,40.03993119234118,40.74877370020796,7087300
2021-09-29,39.90583419799805,41.3235158245443,39.503520771335,41.08404250274785,4069300
2021-09-30,39.98246383666992,40.79667159628062,39.82920107059947,40.13572660274038,4981900
2021-10-01,40.63382339477539,40.921194246949185,39.56098414996233,40.164457823826254,5349200
2021-10-04,40.78709030151367,41.51508745596109,40.63382389629083,40.85414252676256,4523700
2021-10-05,41.064884185791016,41.390568049496196,40.25067635356453,40.94036068942793,3473800
2021-10-06,40.260250091552734,40.68172543883814,39.1778334047413,40.279408394072306,4880300
2021-10-07,41.04572677612305,41.553412714008395,40.51888618766661,40.72004290531985,3681000
2021-10-08,40.662567138671875,41.59172105945309,40.56677562606848,41.34267043482941,3953500
2021-10-11,41.323516845703125,42.37720168008921,41.30435854099723,41.40015006452669,4909300
2021-10-12,41.42888641357422,41.86951646723817,40.98825635991027,41.380992478014754,2447600
2021-10-13,42.032352447509766,42.08024637419799,40.997826091496705,41.620458100660755,6659300
2021-10-14,42.28140640258789,43.105195161435844,42.15687926009228,42.61667122406488,4934100
2021-10-15,42.884883880615234,43.58414555766707,42.71246279267665,42.99025272925248,5994600
2021-10-18,43.354244232177734,43.38298351268721,42.08024818781557,42.3388797879656,5044200
2021-10-19,42.51130294799805,43.536248420872724,42.23351303185411,43.478773511096236,4251800
2021-10-20,42.83698272705078,43.14350824193607,41.81203735151454,42.386771778406356,2748700
2021-10-21,42.10898971557617,42.29099178604337,41.47678026685544,42.17604195604102,3585100
2021-10-22,42.626251220703125,43.306354576685166,42.07067136095021,42.463411116062176,3116400
2021-10-25,43.77572250366211,44.063089749474564,42.990250326540774,43.1051964940512,3377900
2021-10-26,43.22972869873047,44.063094905321044,42.88488650177624,43.574570895684694,2648600
2021-10-27,41.72583770751953,42.97109839336394,41.543835623400895,42.61667885945535,2923600
2021-10-28,42.099403381347656,42.42508718851581,41.65877342284729,41.95571795162819,2383200
2021-10-29,41.783294677734375,42.425084934559465,41.6300319327432,42.23350558980248,3095600
2021-11-01,42.36761474609375,42.7507734782141,41.47677379987553,42.08982484801012,2418600
2021-11-02,41.87910079956055,42.14730978342432,41.29478523836588,42.137732457174906,3334400
2021-11-03,42.7603645324707,42.99026057637667,41.677943872628724,41.7545771052886,2970800
2021-11-04,42.56876754760742,43.373397888301845,42.147295904033065,43.07645336940233,3549500
2021-11-05,43.459617614746094,43.584144765788764,42.913618730885126,42.96151266464833,4237500
2021-11-08,44.68572235107422,45.18382363415061,44.1971947387995,44.360038494248684,4096600
2021-11-09,44.350460052490234,44.68572490744284,43.45961897121248,44.44625157707942,3527500
2021-11-10,43.172245025634766,44.85813905681906,43.06687619192669,44.24508435652411,4142200
2021-11-11,45.030555725097656,45.20297678576891,43.95771641186617,44.10140184711636,5719900
2021-11-12,45.31793212890625,45.68192894225845,44.60908949803354,44.80066888373477,4430900
2021-11-15,44.31214141845703,45.20298245904079,43.99603853693501,45.107194592900264,3333200
2021-11-16,43.469200134277344,44.26424969432339,43.14351625744482,44.130145213405235,3464600
2021-11-17,42.789085388183594,44.09182066084297,42.77950806444598,43.430875700775665,5755800
2021-11-18,42.808250427246094,42.96151320967646,41.98446525547847,42.83698971112695,3653500
2021-11-19,42.0706672668457,42.69329930369148,42.01319601389366,42.329298867347525,6001900
2021-11-22,42.789085388183594,43.71824291584526,41.984458647617686,42.33887809106778,4844300
2021-11-23,42.932777404785156,43.71824961829669,42.51130566833868,42.90404177509445,3073700
2021-11-24,42.722042083740234,43.06688427548461,42.43467480864431,42.722042083740234,2513100
2021-11-26,41.0936164855957,41.29477316467973,40.01119623222044,41.17982701292775,3699200
2021-11-29,40.77751922607422,41.735412566887,40.31773086097286,41.70667693596601,5178500
2021-11-30,39.4460563659668,40.90205498881541,38.612690007270004,40.41352723593965,7743000
2021-12-01,38.58394241333008,40.95951744864794,38.574365087760114,40.45183514975878,4685900
2021-12-02,39.48435974121094,39.67593546216391,38.62225438063193,38.76593982541931,3866800
2021-12-03,39.187416076660156,39.90583607585637,38.73720504119381,39.69509837345543,4124900
2021-12-06,39.6663703918457,40.10700053267732,38.71805420224622,39.446055321429895,3424900
2021-12-07,40.547630310058594,41.294786009967495,40.39436385461737,40.43268046847767,2669400
2021-12-08,41.0552978515625,41.17982497467232,40.35603634406783,40.65298085923543,2338200
2021-12-09,40.6242561340332,40.80625455196084,40.18362607753066,40.777518921254654,3927300
2021-12-10,40.6242561340332,41.333098808728096,39.98246935444121,41.266046567698275,2614600
2021-12-13,40.030364990234375,40.73920404095767,39.52267901706959,40.576363921276695,4530100
2021-12-14,39.97289276123047,40.94036718066562,39.67594447974645,39.723842074943555,3358400
2021-12-15,39.82919692993164,39.953720402243455,38.11456740059744,39.57056535393663,5043800
2021-12-16,40.68172073364258,41.45761179854747,40.37519523692694,40.47098308437352,3982700
2021-12-17,41.21814727783203,41.51509551448378,40.04951994374257,40.4518333733292,9416800
2021-12-20,40.29966735839844,40.45322630982399,39.5222731074186,40.33805435040418,6600900
2021-12-21,41.91204071044922,42.10399034337593,40.77954556456456,40.77954556456456,3355300
2021-12-22,42.52627944946289,42.603057104474864,41.64331261944994,41.883248740706165,2589000
2021-12-23,42.5838508605957,42.871773400077636,42.22874651727245,42.4110966046798,2223100
2021-12-27,43.524410247802734,43.524410247802734,41.988820560335725,42.42070630404039,2516400
2021-12-28,43.19809341430664,43.6011879621886,42.92936615647487,43.32286121021466,2299800
2021-12-29,42.93896484375,43.47641934931423,42.68942925662299,42.99654716298375,2165800
2021-12-30,42.68943786621094,43.51481877894331,42.660646700787474,42.90058284234293,1880100
2021-12-31,42.977352142333984,43.12131526371231,42.48788411968935,42.670234233785536,2104000
2022-01-03,43.706764221191406,44.464963234264026,43.16930599778525,43.16930599778525,3489700
2022-01-04,44.33060073852539,44.75289069595955,44.0234827664651,44.08106875915204,3338200
2022-01-05,44.388187408447266,46.28848126248891,44.34979674607025,44.67611005400477,5762600
2022-01-06,43.735557556152344,44.91604287837691,43.178907637417865,44.75288806705062,4706900
2022-01-07,44.21542739868164,44.58013132205845,43.58199619551908,44.00428244391592,3159800
2022-01-10,43.85071563720703,44.39776959392176,43.34205233106658,44.0330693968679,3631900
2022-01-11,44.61852264404297,44.628118477977694,43.05413811098755,43.783542307470306,3687000
2022-01-12,45.626243591308594,45.83738484167826,44.71448580024706,45.27113557448289,5059200
2022-01-13,44.88724899291992,46.23088904501012,44.724090530350615,45.63584850281496,3975200
2022-01-14,45.08879470825195,45.17517185689578,44.26341387924083,44.53214482009641,2912900
2022-01-18,44.349788665771484,45.328728411217384,43.95629360093744,44.83926036906164,5898200
2022-01-19,44.32100296020508,45.33833348625505,44.07146733063864,45.06000669217513,3321900
2022-01-20,42.70862579345703,45.19436393552159,42.631844484124315,44.52254212339764,6094800
2022-01-21,40.56840133666992,42.29594074201572,40.36685586595878,42.29594074201572,8788800
2022-01-24,40.94269561767578,41.12504573415367,38.437762168688565,39.3399242403254,7253000
2022-01-25,41.077064514160156,41.4129772911269,39.52227942481184,40.30926963430511,4601900
2022-01-26,39.9925422668457,41.84484901442052,39.474283139706706,41.336185719153,5352300
2022-01-27,39.36872100830078,40.981092109476805,39.109589546204475,40.24208838300989,5776300
2022-01-28,39.70463180541992,39.71423130134817,38.38978277064319,39.21516368599361,5321300
2022-01-31,40.04054260253906,40.174906249747345,39.20556223294221,39.61825267001611,7285900
2022-02-01,41.873653411865234,41.93123573853514,40.491618993632066,40.74115461298404,6411400
2022-02-02,42.411102294921875,42.71822019972604,41.50894390720142,42.257543342519796,6281600
2022-02-03,42.055992126464844,43.025335855009835,41.85444671558731,41.988810322838994,4201400
2022-02-04,42.47829055786133,42.94856698038947,41.90244531419828,41.988822466861215,4290700
2022-02-07,42.77580642700195,43.1597056407928,42.20955710028428,42.70862461375869,4307600
2022-02-08,44.44576644897461,44.522544100582586,42.95815963423247,42.95815963423247,4683300
2022-02-09,45.443904876708984,45.674245189232046,44.464968616607386,44.65691460571903,5321400
2022-02-10,45.40550994873047,47.01788087150101,44.91603824299597,45.06000137083186,7479800
2022-02-11,46.451629638671875,46.585993266617464,44.72408681898774,44.78167280002197,10274500
2022-02-14,46.86432647705078,47.05627245135699,45.93337312489959,46.547609029402935,10276800
2022-02-15,47.747291564941406,47.86245988631193,46.106129256155505,46.72996101961951,5787800
2022-02-16,47.99681854248047,48.73582221153272,47.55533697223145,47.804872580552754,7339600
2022-02-17,47.747291564941406,48.35193165912277,47.392187105053594,47.72809623452383,4689100
2022-02-18,47.41138458251953,47.97763404150863,46.97949878140325,47.478566411455944,5220100
2022-02-22,47.017879486083984,48.36151944137847,46.55719895503719,47.660906472899015,6390200
2022-02-23,47.6129150390625,48.582255165672414,47.06586108405219,47.34418780814766,6904100
2022-02-24,47.02747344970703,47.305800191653006,46.010143114215275,47.07545993528602,8309100
2022-02-25,49.68598175048828,49.69557758623952,46.85473425627747,46.912320254190945,7879100
2022-02-28,50.501747131347656,50.98161931071354,49.52280744610516,49.68596589087934,9266700
2022-03-01,51.75902557373047,53.025888128433,50.597735508775656,51.14478962734561,9009800
2022-03-02,53.71689987182617,54.05280897633948,52.05654235598178,52.34446496858385,7772400
2022-03-03,55.45403289794922,55.84752797421931,53.53454400665423,53.83206610281338,12172500
2022-03-04,56.730491638183594,56.83606410716191,54.59985791483018,55.03174362377132,9568700
2022-03-07,55.28127670288086,57.939769165194704,54.427104761424026,56.6825063277789,11847400
2022-03-08,54.78221130371094,56.634514600227156,53.812867423730985,54.75341648256305,13738900
2022-03-09,54.78221130371094,55.25248400255982,52.92030485196637,53.793672096677156,10722200
2022-03-10,57.287139892578125,57.37351703196959,55.396445980995836,55.42523714041492,12262400
2022-03-11,55.96269989013672,57.056807971345876,55.578800647791454,56.39458196135701,7036500
2022-03-14,52.74755859375,54.974165614833375,52.08533618475761,54.945374450439964,11259800
2022-03-15,53.361785888671875,53.678503290378394,51.05840158090096,51.34632416173054,8404800
2022-03-16,53.611328125,54.44630481128794,52.200502544510094,53.79367826120653,7947400
2022-03-17,55.95309829711914,56.154643744281586,54.19676793292097,54.40790921327165,8307200
2022-03-18,56.20263671875,56.27941437151842,54.897383671475836,55.617192014210744,7995600
2022-03-21,58.51298904418945,59.070165876747836,57.129659146318005,57.31218069599596,7812200
2022-03-22,58.14794921875,59.26229935226013,57.53313585744465,58.791584475763024,5901200
2022-03-23,59.195045471191406,59.4832387329075,58.25361219514491,58.3496790587677,7675700
2022-03-24,60.818546295166016,60.92421435808984,59.32954091977281,59.58891597875273,6652400
2022-03-25,60.8377571105957,61.19319536258305,60.29979364075774,60.443888446634396,4732200
2022-03-28,59.43520736694336,60.328609046977284,58.56101905970949,60.20372395606498,6945100
2022-03-29,58.589847564697266,58.61866579486222,56.322720622447825,57.64841051410766,13231200
2022-03-30,59.23347473144531,60.18451656651941,58.551416461358805,59.243079585927305,6380800
2022-03-31,58.87804412841797,60.11727939837334,58.87804412841797,58.96450248828873,4527400
2022-04-01,59.96356964111328,60.559173277174416,58.71472957268059,59.35836481433979,5321300
2022-04-04,59.62733840942383,60.568771704627764,59.05095187426263,60.40546353001004,3446000
2022-04-05,58.18637466430664,61.250836546550524,57.96542634658152,60.01160499622938,7965600
2022-04-06,57.77329635620117,58.53220818655758,56.831862958177126,58.35929147420861,6580000
2022-04-07,59.07017135620117,59.329542758643605,57.30258115711251,57.90778598224699,5130300
2022-04-08,58.95488739013672,60.098059316943505,58.32086071001773,59.45442411759051,4088500
2022-04-11,58.40732192993164,59.54088539319907,58.023065426948314,59.05095716090795,4855400
2022-04-12,59.877105712890625,61.09712369809813,59.156620746334866,59.156620746334866,5038200
2022-04-13,62.595733642578125,62.69179683316982,59.85788873580519,60.56876514116565,8274000
2022-04-14,63.258575439453125,63.575590567906545,62.3459641257073,62.46123702394365,7725900
2022-04-18,62.97999572753906,64.0078874102419,62.78786931791624,63.758124543562786,6186700
2022-04-19,63.05683898925781,63.20093743766488,61.71193235271108,62.36517230022512,5879800
2022-04-20,63.00881576538086,63.63323760831456,61.55824447402374,62.94157078716664,6384500
2022-04-21,59.118194580078125,62.79747293759952,58.666689490623526,62.50927601649807,10452500
2022-04-22,56.1209831237793,59.444823767371844,55.67908648451567,59.060563589574215,12646500
2022-04-25,55.03544998168945,55.602231677762695,52.701078221979024,54.4878816592464,13642300
2022-04-26,54.07480239868164,55.57340887143644,53.997948905424344,55.208365772193034,9891200
2022-04-27,55.0450553894043,55.986488719286434,54.52630528990505,54.977810413311026,7868900
2022-04-28,56.06333541870117,56.476413744388125,53.68093232205078,55.237178767327265,8539300
2022-04-29,53.99795150756836,56.927923284536604,53.79621657491079,56.30350511232368,7750200
2022-05-02,53.31589126586914,53.77700123706804,51.77885802853947,53.34470949388898,10251000
2022-05-03,54.526309967041016,55.16994521931282,52.95084982415718,53.20062004070803,9392000
2022-05-04,56.13058853149414,56.23626025775819,53.62329998859788,54.843321771196216,7412700
2022-05-05,53.16218566894531,56.43799059340049,51.96137735844743,56.3323188757445,9865500
2022-05-06,52.028621673583984,53.12375825259506,51.17364675363941,52.81635162215603,8957900
2022-05-09,48.77203369140625,50.58765537896869,48.4742318933718,50.549228631239785,11237800
2022-05-10,48.2532844543457,49.8479578678701,47.16775263132369,49.55015972908256,15447400
2022-05-11,47.89784622192383,50.232218053286644,47.71532099912274,48.916129403544915,10269400
2022-05-12,46.86995315551758,48.00351654943594,45.77481650891964,46.99483458744449,10176200
2022-05-13,48.29171371459961,49.21393373710751,47.657686991053346,47.657686991053346,6066300
2022-05-16,48.406982421875,49.49251412466345,47.869022661932846,48.656752594341874,6902200
2022-05-17,50.462772369384766,50.56844409772396,49.233145707786484,49.69425570588584,6428900
2022-05-18,48.36855697631836,50.46276694979993,48.051545489923576,50.12654209080908,6831900
2022-05-19,49.14667892456055,50.04968539121774,48.08036063359648,48.09957400496057,5945200
2022-05-20,48.57030487060547,49.953634981618,47.148548007031714,49.7230781308275,5895300
2022-05-23,50.510807037353516,50.91427690667385,48.88731171141554,49.39645330781781,5999700
2022-05-24,50.00166320800781,50.26103827338715,48.95455809128822,49.934418227862416,4480400
2022-05-25,50.76057052612305,50.904668993409466,49.031407241567216,49.53094395303023,3996600
2022-05-26,52.47052001953125,52.83556677972707,50.818210241240706,50.91427344228244,7822700
2022-05-27,53.40235137939453,53.41195623419314,52.38406453565016,52.931632873581414,4094600
2022-05-31,51.51948928833008,53.805826050620794,51.30814581811388,53.31589779143757,10736900
2022-06-01,51.42340850830078,52.29759671982868,50.33788054826197,51.701996886537614,3729800
2022-06-02,53.35431671142578,53.68093672446283,52.028623286207605,52.095868259664385,7094200
2022-06-03,52.21114730834961,52.87399588466625,51.34656746667663,52.64343906147429,5442900
2022-06-06,52.998870849609375,53.20060941949418,51.961374433323826,52.9028076560078,3055900
2022-06-07,54.843318939208984,54.910563913436185,52.72029066243292,52.864385465244254,4450300
2022-06-08,52.75871276855469,54.4398444222913,52.36484778483373,54.35338974094941,5427000
2022-06-09,50.232215881347656,52.36484902347874,50.203393988975755,52.25918096670266,4536500
2022-06-10,49.88637924194336,50.347489179537064,48.65675274169348,49.098649307148776,6209700
2022-06-13,46.38002014160156,47.99390684338338,45.83245183184447,47.81138529498976,7593400
2022-06-14,45.77481460571289,46.84112931519755,45.323309504911165,46.70663936974414,6770500
2022-06-15,46.73546600341797,47.436737693420866,45.59229402191778,46.52412254507477,6397800
2022-06-16,44.71810531616211,46.15907543589608,44.3338488163123,45.41937700135013,5401400
2022-06-17,44.7085075378418,45.4289927117515,43.74786063929553,44.98709601791872,6044400
2022-06-21,45.606929779052734,46.687756872363046,45.500780470684255,45.74203592666611,4081600
2022-06-22,43.86024475097656,44.63226151113207,43.53213716775218,44.072547059227894,5282300
2022-06-23,42.2293586730957,43.898849876655895,41.26433672856067,43.84094723472782,10087800
2022-06-24,44.47785568237305,44.6033095493082,42.46095993806435,42.7697666249308,4807700
2022-06-27,45.18231201171875,45.500770913733646,44.44889719933694,45.12440938918913,3768500
2022-06-28,44.42960739135742,46.0797938911817,44.21730140380123,45.78063578883127,3071200
2022-06-29,43.18471908569336,44.90245645456068,42.557453537082125,44.79630348344812,3707600
2022-06-30,41.8819580078125,42.769776517589655,41.1581914778245,42.22936284994252,4581600
2022-07-01,42.08460235595703,42.22935342087412,40.67567137567384,41.46698897727214,3818700
2022-07-05,40.01945495605469,40.83972200805618,39.28603633145632,40.79147165463244,10079200
2022-07-06,39.73960494995117,40.17386557194886,38.43682676522478,39.92295779867612,7320000
2022-07-07,41.814395904541016,42.30655539741131,40.95552341965344,40.95552341965344,5431800
2022-07-08,41.45733642578125,42.05565260356836,40.77217181837281,41.9012455786431,3624000
2022-07-11,40.77216339111328,41.43802698277772,40.55020886055847,40.84936688761861,3050200
2022-07-12,40.96517562866211,41.843345308315875,40.1642057777746,40.44406297974247,3292200
2022-07-13,41.852989196777344,42.229347062668495,40.434409831592646,40.51160965167171,3946700
2022-07-14,40.617774963378906,40.67567760697579,39.65275299103088,40.49232107621899,7645500
2022-07-15,41.40909194946289,41.47664319182406,40.15456414398404,41.38979106860732,3011600
2022-07-18,42.10390090942383,43.26192777115038,41.93019669610155,42.46095793402366,4531000
2022-07-19,43.23297882080078,43.28122917780317,41.98809973130135,42.28725783474218,4079600
2022-07-20,43.33913040161133,43.58038586002183,42.54781279252619,43.20402793390404,4016800
2022-07-21,43.387386322021484,43.503191607423645,42.103909032913826,43.25228383698559,5527800
2022-07-22,42.21005630493164,44.20765119100445,41.89159733522368,43.70583939954308,3098900
2022-07-25,43.6479377746582,43.71548900956545,42.28725711525092,42.83731927450496,3778600
2022-07-26,43.580387115478516,44.15939875983732,43.03032494895777,43.62863747229738,2300500
2022-07-27,45.05686950683594,45.25952689604699,43.17507981696827,43.82164269886818,4193000
2022-07-28,45.394622802734375,46.0990882198481,44.26554547084227,45.50077578142897,3433500
2022-07-29,46.55265808105469,46.668459678313276,45.14372330913189,45.83854025521621,3147200
2022-08-01,46.060489654541016,46.253494749043924,45.356024188681495,46.17629123873636,3044500
2022-08-02,45.44287109375,46.156988757261566,44.77700745928837,45.66482563857054,2819100
2022-08-03,45.27882385253906,45.81923741877842,44.873516438809226,45.75168618315678,1965500
2022-08-04,45.73238754272461,46.46580625289624,44.77701791716038,45.491132066190914,2596500
2022-08-05,46.774600982666016,47.15095884061666,44.998960983123744,45.298115341358624,3473100
2022-08-08,47.17991638183594,47.980886262686916,47.0062121590313,47.32467112792851,2820800
2022-08-09,47.556278228759766,47.710681586076525,46.88076584129044,47.33432363269607,2621200
2022-08-10,49.245059967041016,49.38016242644738,48.04843502835677,48.20283836500202,4484100
2022-08-11,49.650367736816406,50.85664487482815,49.60211738754907,49.83372053653854,3557400
2022-08-12,50.65399932861328,50.93385287178383,49.505620952912665,49.63107482615439,3748000
2022-08-15,49.85302734375,49.92057857701429,48.64675006222172,49.331914674625914,4955000
2022-08-16,50.28728485107422,50.69259222607523,50.15218239274055,50.32588660524552,3240900
2022-08-17,48.9459114074707,49.61177518588853,48.80115665155682,49.515274469456855,2451100
2022-08-18,50.12322998046875,50.277633318179916,49.24506030699915,49.322263816487705,2494700
2022-08-19,48.51165008544922,49.33191720648045,48.27039461676165,49.33191720648045,2347100
2022-08-22,48.03878402709961,48.6371001936249,47.4115220658448,47.75893050285535,2882300
2022-08-23,49.21611022949219,50.00742778573961,48.444093550380785,48.48269530465283,2607900
2022-08-24,50.267982482910156,50.27763108053384,48.68534742149069,49.15820601163232,2703800
2022-08-25,51.58041763305664,51.59971851143975,50.41274210037469,50.84699897956312,3176800
2022-08-26,50.22938919067383,51.97608015603998,50.15218935288329,51.89887663698303,3516500
2022-08-29,49.93987274169922,50.740842515964886,49.177504718756964,49.5056122424748,3953200
2022-08-30,47.79753112792969,49.756527989782434,47.22816808828046,49.756527989782434,4583500
2022-08-31,47.411521911621094,48.019482993145914,46.94831189086913,47.546624374182166,3236200
2022-09-01,45.6165771484375,46.34034343847377,45.13406628841332,46.32104256232091,5779100
2022-09-02,45.992942810058594,46.98691417183575,45.76133593831327,46.851811697178626,5216800
2022-09-06,46.3210563659668,47.42118086565581,46.05085138183737,46.871118615811305,4169200
2022-09-07,46.73601150512695,46.88076626447214,45.240228277381284,45.838540832226265,2970700
2022-09-08,47.025516510009766,47.23782250495299,46.185948491964176,46.64915855989506,4186300
2022-09-09,48.81080627441406,48.916955584202974,47.83613215769583,47.961586027239655,3933500
2022-09-12,48.78184509277344,49.62141292198452,48.588840020896086,49.51526362965426,4627000
2022-09-13,47.0062141418457,48.29934358767916,46.83250991171388,47.41152523924206,3690600
2022-09-14,45.56833267211914,46.63950750844207,44.96036787937198,46.52370223659849,5894400
2022-09-15,44.31379318237305,45.91573268363471,44.14009266907441,45.423569571947795,5340900
2022-09-16,43.77339553833008,44.323457746498875,43.27158369063343,43.898849420570876,7148600
2022-09-19,45.450279235839844,45.634447803334254,42.79441082818484,42.891338928656616,8412800
2022-09-20,44.238651275634766,44.723299083119926,43.79277618016505,44.723299083119926,3035200
2022-09-21,43.308128356933594,44.98500932651425,43.28874200093291,44.616675957640034,5774300
2022-09-22,42.57146453857422,44.1708038913981,42.48423147694305,43.841243211925224,4164300
2022-09-23,40.31301498413086,41.340469927336024,39.731438946887344,41.29200217625717,6504700
2022-09-26,39.68295669555664,41.11751360112753,39.508483208622586,39.750807085190004,5255700
2022-09-27,40.80733871459961,41.301681485921065,40.196685217182086,40.53593716019182,4657700
2022-09-28,42.69746398925781,42.92040149986551,40.749181754557384,41.03027832350268,6597200
2022-09-29,41.91234588623047,42.581158559243214,41.01090062832618,42.51330815897683,4369300
2022-09-30,41.18537139892578,42.39699089092376,41.001202869697764,41.49554569307172,4626800
2022-10-03,44.16110610961914,44.374348613956755,42.20312867617076,42.25159271363072,5279000
2022-10-04,45.83799362182617,45.85737997914603,45.081940476630066,45.38242346873348,3503000
2022-10-05,45.68290710449219,45.954308715654975,44.422823441504,45.13040885458529,2989400
2022-10-06,45.47935104370117,46.28386822431852,45.02378459332742,45.14979406569739,4129800
2022-10-07,44.190189361572266,45.130407336574706,43.98663816004684,44.99470283798825,4458500
2022-10-10,44.56821060180664,45.237023225040254,44.15141320400956,44.39373710051627,2862600
2022-10-11,44.15140914916992,45.11101331813748,43.56013830438443,44.15140914916992,3293100
2022-10-12,44.15140914916992,44.4712784380154,43.10457193513783,43.93816665417515,3446000
2022-10-13,44.88807678222656,44.98500485502602,42.18374139883563,42.80408993891764,3919000
2022-10-14,42.81378173828125,45.00439170431583,42.68777598176922,44.907463630449804,3230800
2022-10-17,44.471282958984375,44.90746671649406,43.89939840970928,43.89939840970928,2520000
2022-10-18,45.03347396850586,45.92522786858694,44.393739002226354,45.38242098603457,2882700
2022-10-19,43.957550048828125,44.994695952246545,43.69584351409958,44.51004819559984,2819600
2022-10-20,44.190189361572266,45.59566881044832,43.61830477330833,43.83155100208897,3774700
2022-10-21,46.681278228759766,46.9042157839433,44.28711679656835,44.56821342171824,5192900
2022-10-24,46.36140823364258,46.458336310246985,45.48904075392649,46.40987227194478,4502700
2022-10-25,47.195003509521484,47.27254893576684,45.59566791769004,45.74106004554593,4316800
2022-10-26,47.71842575073242,48.82342223126556,47.31132334109161,47.69903939347768,4579300
2022-10-27,47.5924186706543,48.24184872985263,47.09807947729298,47.76689219715118,2996000
2022-10-28,47.00114059448242,47.45670696680806,45.91552696824728,47.26284712658258,5047000
2022-10-31,47.01083755493164,47.379170925733,46.4292616621458,46.71035458170299,2886700
2022-11-01,47.72812271118164,48.50355854492929,47.18531577877343,48.173997853390325,4184100
2022-11-02,44.82022476196289,47.49547866817902,44.80083840859415,47.408241926804095,3880000
2022-11-03,44.69422912597656,45.62475218982827,44.19988620622598,44.2968180030251,3897000
2022-11-04,47.931671142578125,48.61987017399209,46.535883025265846,46.787901967589235,7479000
2022-11-07,48.37754440307617,48.65864102120378,47.53425824626272,48.36785307377528,3151300
2022-11-08,49.28867721557617,49.82179272588379,47.921970638613814,48.67802368160958,6119200
2022-11-09,46.61343002319336,48.88158209266362,46.40987881508478,48.755572617257044,4421200
2022-11-10,49.17237091064453,49.26930270015885,47.98013763139106,48.70710941368486,4454900
2022-11-11,49.812095642089844,51.32419796804971,49.521307728750735,50.112578581162644,5710000
2022-11-14,50.25797653198242,50.936484207035484,49.28868090978358,49.37591766368425,3244800
2022-11-15,50.684471130371094,51.12065491844743,49.86056759787813,51.12065491844743,2983200
2022-11-16,49.64732360839844,50.20951315396774,49.3856133432376,50.06412102725799,3244000
2022-11-17,48.997886657714844,49.036659365030275,47.98012712488263,48.43569719191669,3289600
2022-11-18,48.88158416748047,49.55039689289819,48.31939086685733,49.172372148202534,4204100
2022-11-21,49.346832275390625,49.42437768789529,47.85411636279495,48.396923157621224,4975200
2022-11-22,50.93648910522461,51.07218991377071,49.86057026950956,49.9671933898157,2998600
2022-11-23,51.1109619140625,51.18850734504276,50.451840541008984,50.781401227535746,3628800
2022-11-25,50.8492546081543,51.21758803173763,50.63601205561227,51.1206599349067,1012300
2022-11-28,49.2402229309082,50.3839922017354,49.13359980772722,50.16105462488872,2829500
2022-11-29,50.38398742675781,50.97525836467489,49.976885028724745,49.996271385426724,2624000
2022-11-30,52.274112701416016,52.303190386581896,50.27736240764397,51.014029144113756,4841400
2022-12-01,51.86701202392578,52.981703573940116,51.614996765242125,52.555214790948654,3853200
2022-12-02,53.10771179199219,53.22402623958105,51.00433821999647,51.11096133760694,2976800
2022-12-05,50.858943939208984,53.320952080079756,50.74262579895786,53.06893683800791,4039300
2022-12-06,50.984947204589844,51.7700779736184,50.51968575917009,51.30481652819865,3266200
2022-12-07,50.83955764770508,51.6246847587751,50.665084134674075,50.83955764770508,3983600
2022-12-08,50.99464797973633,52.18688126131582,50.82017445583985,51.77977513970079,4590900
2022-12-09,49.71517562866211,51.39205668821667,49.695789271621244,50.984950585497614,3446300
2022-12-12,50.31613540649414,50.383985803980984,49.17236628090265,49.59885502190126,3209400
2022-12-13,50.723243713378906,52.26442026465404,50.345215299642334,52.26442026465404,3913800
2022-12-14,50.287052154541016,50.82016394616778,49.637622239324855,50.50029465265036,3336700
2022-12-15,48.29999923706055,49.34683651278349,48.232145146507975,49.337145184172606,5696500
2022-12-16,48.435707092285156,48.53263518281716,47.534261799572874,47.72812167820652,4939700
2022-12-19,47.588382720947266,48.89645328725455,47.324815846713655,48.89645328725455,2868900
2022-12-20,48.837886810302734,49.482160218841535,47.92028641747501,48.056949909619476,3156200
2022-12-21,50.08738327026367,50.20452285967057,49.14049530274022,49.550485727564556,3669900
2022-12-22,49.208831787109375,49.98000858301336,47.95933278276929,49.97024477740402,4011100
2022-12-23,49.57978057861328,49.59930446696768,48.89645938141303,49.423593195579016,1596400
2022-12-27,49.98001480102539,50.66333605046114,49.706684066970354,50.10691822312947,2257100
2022-12-28,47.97886276245117,49.85311150694981,47.725055917591206,49.85311150694981,3018000
2022-12-29,48.87693405151367,48.955029602627974,48.24242073201288,48.252184537802584,4379500
2022-12-30,48.623130798339844,48.90621786069759,48.135044776880584,48.60360691062537,1639100
2023-01-03,47.94956970214844,49.37478371479868,47.56886320124491,48.93550555075583,4007900
2023-01-04,49.1307373046875,49.384540379795396,47.842186871384115,48.07646978393034,4040100
2023-01-05,49.39430236816406,49.75548869410973,48.3400385305029,48.89645628000754,2669300
2023-01-06,51.6102180480957,51.98116448993701,49.98001242334753,50.2338155316804,6403400
2023-01-09,51.53212356567383,52.76209871384043,51.52235975981647,52.459487760677675,4838600
2023-01-10,52.810909271240234,52.869480937975815,51.12213198027536,51.65902589204784,3060600
2023-01-11,53.093994140625,53.23065762393256,52.518052515399845,53.074470253895264,3059500
2023-01-12,54.15802764892578,54.177551537777504,52.98662038442984,53.660181516510555,3194800
2023-01-13,54.880393981933594,55.03658136137805,53.56255947680768,53.77731851996913,3275300
2023-01-17,54.323970794677734,55.07561992321347,54.06040391992603,54.80229296738229,3108800
2023-01-18,53.3868522644043,55.77847471938912,53.3868522644043,55.11467737538187,5231000
2023-01-19,53.29899597167969,53.68946630706972,52.684010220571864,52.75234197069496,3246900
2023-01-20,54.607059478759766,54.62658336530813,52.849950651214016,53.45517623901076,3749200
2023-01-23,54.75349044799805,54.880393857196,54.26540442286838,54.66563481452267,2879000
2023-01-24,54.86086654663086,55.07562185210501,53.806599010700864,54.372780551952296,2256600
2023-01-25,55.54419708251953,55.75895242433222,53.91398764807068,54.187314659723874,3339400
2023-01-26,55.96393966674805,56.2860744737902,54.56801348069761,55.8858441233436,3984500
2023-01-27,55.739418029785156,56.36417121893971,55.378235443339975,55.632042241015384,2136000
2023-01-30,55.12443923950195,55.8468045024191,54.92920407629696,55.05610749095035,2609300
2023-01-31,55.75894546508789,55.86632498449288,54.724205493659724,55.212291510009095,2617300
2023-02-01,56.7839241027832,57.24272613965295,54.82181999878831,55.5832329758907,4142400
2023-02-02,57.08653259277344,57.223196063749725,56.0127449861309,57.037724742253374,3436400
2023-02-03,56.54964828491211,57.78938726005236,56.373937014495326,56.59845614362768,4462400
2023-02-06,55.54419708251953,56.60822487991392,55.124442758165706,56.17870674868605,2486600
2023-02-07,55.8858528137207,56.04204020101661,54.626589909009326,55.641809788333276,4104300
2023-02-08,54.402069091796875,55.58323640446847,54.39230900955537,55.534428545659075,3088800
2023-02-09,53.86517333984375,55.44657099830208,53.73826993227463,55.15372013174325,2423800
2023-02-10,53.943260192871094,53.96278407868167,53.08423156000847,53.68945712493451,2184100
2023-02-13,54.07992935180664,54.294684655898465,53.08423348221533,53.78707477784403,1745800
2023-02-14,55.388004302978516,55.54419168357038,53.377088519532464,53.99207795977583,3179800
2023-02-15,55.30990219116211,55.329426076895714,53.972547670713695,54.48015752838619,2164200
2023-02-16,55.8468017578125,56.71559428138659,54.9975331219795,54.9975331219795,3439100
2023-02-17,54.84135055541992,55.446576233290656,54.568023550665615,55.37824448210208,3395800
2023-02-21,53.406375885009766,55.17324876587221,53.250188494488306,54.81206612350404,3010100
2023-02-22,53.51374816894531,53.95302630900063,53.11351780218394,53.44541642758122,2712900
2023-02-23,53.006141662597656,53.91398196858355,52.117825244501894,53.77731847715356,3343200
2023-02-24,52.50829315185547,52.55710100744683,51.532121144825474,52.19591840750993,3314100
2023-02-27,53.82612609863281,54.197072519314595,52.83043016341382,52.908525714631395,2337300
2023-02-28,54.870628356933594,55.32943039800372,53.660177137319806,54.12873926011876,3865800
2023-03-01,55.993228912353516,56.3056036678193,55.270859962963385,55.61252241186715,4052500
2023-03-02,56.237274169921875,56.3641775830884,54.753492160270184,55.17324645291248,3076800
2023-03-03,57.67224884033203,57.8284362257142,56.26655864809149,56.578933418855826,4106300
2023-03-06,55.8858528137207,57.28177921684087,55.65156987087631,57.28177921684087,4753600
2023-03-07,54.29468536376953,55.63204367915292,54.15802188016554,55.592995905608745,3534100
2023-03-08,54.43134689331055,54.95848064583118,53.90421686459042,54.411826731039866,4004200
2023-03-09,53.025657653808594,54.92919361590738,52.888994182730784,54.56801105323027,5441800
2023-03-10,51.2490348815918,53.11352343023672,50.75118875264307,53.103763347779335,13686400
2023-03-13,50.83903503417969,51.93234653445658,49.97023890331467,50.60475213650591,8601400
2023-03-14,51.23927307128906,52.22520521348241,50.57547577254073,51.78592704169294,4435300
2023-03-15,48.19361114501953,49.80429645284401,47.38339031218833,49.80429645284401,8936400
2023-03-16,48.69145584106445,48.88669096753422,47.1783901275743,47.53957269107317,6572200
2023-03-17,48.310760498046875,48.85741450926476,47.66648703925353,48.85741450926476,10503600
2023-03-20,49.0542106628418,49.602737763591634,48.711377488312515,48.93666593848629,5074300
2023-03-21,49.779048919677734,50.180650702124545,49.42642223527361,49.83782127926525,2700600
2023-03-22,48.70159149169922,50.337383257971226,48.691794228208046,49.79864959935427,4543200
2023-03-23,48.86810302734375,50.170862444094155,48.32936941919679,49.24032053735256,4234500
2023-03-24,49.240318298339844,49.436222438729175,47.75145206256589,48.3587515348682,3632700
2023-03-27,49.935768127441406,50.22962243255676,49.15215540161373,49.54396363280768,3450000
2023-03-28,50.49409484863281,50.75856485688243,50.06310876290773,50.092493073859785,3222200
2023-03-29,50.98386001586914,51.19935495542837,50.56266739940021,51.05242590817237,4143100
2023-03-30,51.34626770019531,51.65971650673545,50.98384753863574,51.522581019129156,2238400
2023-03-31,52.071109771728516,52.11029133812003,51.59114492483212,51.6793015809331,3123900
2023-04-03,52.38456726074219,52.551087089141795,51.4540253892028,52.29641058372139,2411600
2023-04-04,51.06221389770508,52.26701916209947,50.356960577450714,52.26701916209947,2935000
2023-04-05,50.47450637817383,50.93488053253264,49.98474791151486,50.80754228496435,2917800
2023-04-06,50.3079833984375,50.484296721196145,49.51457344602362,50.327574182806245,2448400
2023-04-10,50.7095947265625,51.05242417644972,50.13167955635208,50.13167955635208,2701700
2023-04-11,51.45402526855469,51.94378375384171,51.21894328809092,51.29730270272527,2230600
2023-04-12,51.06221389770508,51.9241860262824,50.885900567641485,51.914392501972294,2712300
2023-04-13,52.1690673828125,52.364971506117435,51.542177177485,51.718490514803406,1965400
2023-04-14,51.33647155761719,52.218038107314015,50.836919670495504,52.00254323148595,2715800
2023-04-17,51.640132904052734,51.738083100832846,51.189552283806925,51.70869878911091,3736500
2023-04-18,51.953575134277344,52.17886356361684,51.52258532461893,51.757671015029004,4075300
2023-04-19,51.24832534790039,51.55197694058734,50.83693003189925,51.30709770871222,2980200
2023-04-20,50.46470642089844,51.43442596881271,50.24921152733522,50.719379147014884,2750900
2023-04-21,49.161949157714844,50.05330933815117,48.77993818560788,50.03372228940333,4867500
2023-04-24,49.62232971191406,49.72027991460793,48.956257871225766,49.07379886177055,2001800
2023-04-25,48.14326477050781,48.89748961503869,47.9473606121035,48.89748961503869,3751800
2023-04-26,47.594722747802734,48.49587643460934,47.39881863519603,48.348951152574436,3161900
2023-04-27,48.476295471191406,48.62322077166896,47.45759694701356,47.663294609618525,3171000
2023-04-28,48.38814163208008,48.40772868404316,47.87879234014061,48.31957574052677,3884400
2023-05-01,47.81022644042969,48.897487179115565,47.67309092078562,48.70158676703145,3990100
2023-05-02,47.70246887207031,47.78082827300119,46.84049304247031,47.5359490731821,5220500
2023-05-03,47.21272277832031,48.31957809623871,47.1245660939452,47.78084072696801,3504600
2023-05-04,46.27238464355469,47.14415417418773,46.16463717589248,46.86988687380371,3983400
2023-05-05,47.47718048095703,47.73185320481298,46.73274562065183,46.77192718941738,3669300
2023-05-08,47.77103805541992,48.652600993847265,47.53595236323644,48.28038727468387,2264500
2023-05-09,47.8787841796875,48.39792690912589,47.23230321482754,47.54574830466508,2802700
2023-05-10,47.72206497192383,48.50567775131493,46.96783650408475,48.466496178205254,3421800
2023-05-11,46.380123138427734,47.00701708527264,46.26258215813949,46.85029453270151,4454700
2023-05-12,46.25278854370117,46.781724822253295,46.00790932224839,46.5074612899255,3147800
2023-05-15,46.86009216308594,46.99722394153027,46.389924464179344,46.45849035340151,2882000
2023-05-16,45.54753494262695,46.722955946522944,45.53774141790865,46.58582418110448,3497400
2023-05-17,46.370330810546875,46.566234940457555,45.62589960075888,46.02750138562355,2292100
2023-05-18,46.29196548461914,46.33114705606878,45.38101823605708,46.06667705362419,3486000
2023-05-19,46.0177001953125,46.72295350815658,45.80220529715233,46.664181153232846,2430000
2023-05-22,46.39971160888672,46.67397886461856,45.93934123550007,46.154832399180556,2178900
2023-05-23,46.105865478515625,46.45849220085822,45.46917792577918,46.105865478515625,2277100
2023-05-24,44.96962356567383,45.80221148855916,44.656178436830366,45.80221148855916,3360000
2023-05-25,44.60720443725586,44.901058785730804,44.234986936355185,44.75412974321294,2774500
2023-05-26,44.6855583190918,45.224291847337184,44.41129479268912,44.98920989229498,2198500
2023-05-30,43.88235855102539,44.73453725009095,43.65707010122924,44.73453725009095,3223600
2023-05-31,43.608089447021484,43.78440277424266,43.26525631673135,43.65706454090289,2794900
2023-06-01,44.64638900756836,44.871677481059585,43.755024903472034,43.86277237700284,3011600
2023-06-02,46.54663848876953,46.66417945778621,45.81200089343522,45.90995107818911,4670300
2023-06-05,46.15483856201172,46.585828420041075,45.586720662646705,46.38992427880598,3449100
2023-06-06,47.251895904541016,47.310664525904144,45.81200489617859,45.94913666143971,2968400
2023-06-07,47.859195709228516,48.40772277469381,47.44779667356916,47.51636255675232,4581400
2023-06-08,47.780826568603516,48.42730748360278,47.418406412036035,48.064887327035294,3860000
2023-06-09,47.34005355834961,47.76124238760546,47.153942955998886,47.722064551401495,2680900
2023-06-12,47.36943817138672,47.653498970897495,46.69356911485691,47.06578658536895,5806100
2023-06-13,48.67219161987305,48.83871142974003,47.82981025566702,48.074689471631174,6717800
2023-06-14,48.2020263671875,49.54396722763151,47.76124300925189,49.279497212870154,6144200
2023-06-15,48.97584915161133,49.09339014333818,47.90817549064377,47.90817549064377,5784500
2023-06-16,48.69178771972656,49.20113699290928,48.280392385556326,49.20113699290928,3826700
2023-06-20,48.43922424316406,48.60628813591143,47.82009739299082,48.15422892733873,3886300
2023-06-21,48.85197448730469,49.07800409857721,48.01664750004304,48.09526470233843,4191300
2023-06-22,48.54732131958008,48.616112768404705,47.977330744915704,48.606283276371016,2949400
2023-06-23,47.84957504272461,48.33111894796507,47.74147686904275,47.92819598596914,3476400
2023-06-26,48.193538665771484,48.72421881495922,47.95767957207034,47.95767957207034,1832200
2023-06-27,48.832313537597656,48.93058971503814,47.99698664804427,48.34094389695382,1857500
2023-06-28,48.67508316040039,48.84215081425009,48.10509623581227,48.46870877816263,2672400
2023-06-29,49.73644256591797,49.74626831060666,48.53749927581573,48.65542695634687,2781700
2023-06-30,49.94281768798828,50.168847307728704,49.49075844850743,50.09023010248802,2089000
2023-07-03,50.45383834838867,50.768314640289915,50.031260128236426,50.08039634593604,1228900
2023-07-05,49.55954360961914,50.2572876186768,49.549714117180045,50.2572876186768,2857900
2023-07-06,48.69473648071289,49.392480554421866,48.02647338934693,49.14679570462125,2875700
2023-07-07,49.65781784057617,50.276944676824044,48.86180137139629,48.979729042968664,3381800
2023-07-10,50.237632751464844,50.33590893231251,49.235238199936475,49.40230583295102,1935200
2023-07-11,50.57176971435547,50.650390667499735,50.070574259047596,50.3850505739179,1892000
2023-07-12,51.19089126586914,51.95742673489453,51.15158079339271,51.466057075498156,4255700
2023-07-13,51.67243576049805,51.9082911002931,51.27933852903558,51.59381481466434,4210800
2023-07-14,50.670040130615234,51.51519278746867,50.49314675505562,51.49554130027579,2884900
2023-07-17,50.86658477783203,51.190890547934806,50.178670263407255,50.404699853697245,2030800
2023-07-18,51.67243576049805,51.898465356490405,50.90589653403154,50.955032750751094,2903800
2023-07-19,51.51518630981445,51.72156438791879,51.14174811845943,51.67242817840918,2619700
2023-07-20,51.141754150390625,51.85915339063177,50.90589506853254,51.78053244706143,2550400
2023-07-21,50.748661041259766,51.29899644427456,50.56194190843398,51.27934120678975,2411500
2023-07-24,51.3481330871582,51.69209037384667,50.62090428963411,50.8371081548973,3141800
2023-07-25,52.3603515625,52.82224025834551,51.57416082935572,51.692088502114075,2759600
2023-07-26,52.29156494140625,52.45863259637277,51.81002471296577,52.065535319036755,2720300
2023-07-27,51.31864929199219,52.13432099093518,51.17123689214737,52.02621906422938,2606700
2023-07-28,51.76087951660156,51.780534753369594,51.043480244407405,51.67243657442507,2928100
2023-07-31,52.95982360839844,53.11706175633473,52.07536043207676,52.212943342914365,2605000
2023-08-01,52.37017822265625,52.62568879128749,52.04587245404627,52.330867750912084,1993800
2023-08-02,50.856754302978516,51.770702071519956,50.699516178759154,51.74122109474526,2492300
2023-08-03,50.73883056640625,51.15157926854558,50.247460921657776,50.66020962379711,2874800
2023-08-04,50.77813720703125,51.4955401861985,50.54228187728967,50.77813720703125,2234400
2023-08-07,50.856754302978516,51.09261336373385,50.30641899378447,50.9058905138872,2068500
2023-08-08,50.83710479736328,50.8469342899642,49.657816858405155,50.109879796722,2318600
2023-08-09,50.817447662353516,51.1417534267127,50.581592332685815,51.004170526264396,1782700
2023-08-10,49.913333892822266,51.14175811494024,49.6185128292846,51.053311420993616,2547900
2023-08-11,50.06074523925781,50.198331908562416,49.48092882531823,49.618515494622834,2057200
2023-08-14,51.161407470703125,51.23019891932503,49.67746908162437,50.48331497878329,4226200
2023-08-15,49.952640533447266,50.719175989579,49.903500569251804,50.6995207536714,5351100
2023-08-16,50.10005187988281,50.699523486391044,49.75609460509274,49.903503259065715,2522200
2023-08-17,50.217979431152344,51.05331013038769,50.20815368711921,50.72900434449732,2609100
2023-08-18,50.306427001953125,50.453839406998036,49.589027711697824,50.06074215944707,4222300
2023-08-21,50.01161193847656,50.5128111766542,49.57920791339598,50.31626252930716,2959100
2023-08-22,50.247467041015625,50.542288113998744,49.94281647458285,50.38504995848419,2970200
2023-08-23,50.29660415649414,50.67004618830484,49.98212783987042,50.16884698134907,2485000
2023-08-24,49.52022933959961,50.10987512857482,49.43178265869596,49.99194372146818,2525200
2023-08-25,49.510414123535156,49.86420092237093,48.74387480977316,49.68730752295304,2875500
2023-08-28,50.05091857910156,50.39487587393913,49.647995569926124,49.647995569926124,2401100
2023-08-29,51.230201721191406,51.24002746488073,49.78557372341682,50.03125855303274,3233600
2023-08-30,51.082794189453125,51.45623621571806,51.033657968620375,51.36778951867777,1937200
2023-08-31,51.161407470703125,51.44639900834265,51.023820824606545,51.17123321385506,1593100
2023-09-01,52.25224685668945,52.50776117441452,51.87880862132655,51.98691054429847,2735100
2023-09-05,51.56433868408203,52.045878901617215,51.32847957325115,52.045878901617215,2838900
2023-09-06,51.19089126586914,51.947600991201924,50.69952160647276,51.505367547974586,1979000
2023-09-07,50.79779815673828,50.87641910806455,50.2572922373567,50.67987047860217,2336400
2023-09-08,50.53245162963867,50.9255488384687,50.32607728198668,50.797791683271015,2221100
2023-09-11,50.650386810302734,51.47588801118595,50.54228488238838,51.17123746423215,2232700
2023-09-12,50.83710479736328,51.25968300673039,50.39487135164736,50.62090094637927,2073500
2023-09-13,51.22037124633789,51.33830266146598,50.8174482834492,51.03365212899779,2452300
2023-09-14,52.96965408325195,53.136717978407795,51.99674044752511,52.05570615991417,5256800
2023-09-15,52.409488677978516,53.08757744551475,52.19328483230627,52.930339307440285,3751500
2023-09-18,52.00332260131836,52.51596244127888,51.954031104547184,52.466670944507705,2033400
2023-09-19,51.648414611816406,52.5553938912293,51.451244876231,52.14133707042996,1806800
2023-09-20,51.382240295410156,52.35822849913825,51.36252294414593,51.85544544365097,1973700
2023-09-21,50.337242126464844,50.771012530152056,50.199220680987224,50.61327749602035,2902200
2023-09-22,50.8203125,51.30337823799723,50.721729497486514,50.86960400125674,2254700
2023-09-25,51.29351043701172,51.431528125318195,50.4654005464729,50.61327879005838,1787600
2023-09-26,50.31752395629883,51.29350828884914,50.25837190920192,50.95832087669958,2147700
2023-09-27,50.89917755126953,51.392100043021166,50.50483805358816,50.71186459755581,2985000
2023-09-28,51.81600570678711,52.0328890124803,51.06676152872094,51.145630920390886,3572600
2023-09-29,51.756866455078125,52.53568496716076,51.5005483901993,52.41738085041621,3895900
2023-10-02,50.356964111328125,51.30337440323823,49.9724814045832,51.175213500989926,4431000
2023-10-03,49.686588287353516,50.563989714152115,49.39083178603702,49.83446277731163,3283200
2023-10-04,49.252811431884766,49.72601654346181,48.63173183833361,49.647150905215604,2786300
2023-10-05,49.18380355834961,49.617577739710086,48.85847668302926,49.05564266288402,2230500
2023-10-06,50.09078598022461,50.52455642789986,49.02607157133958,49.19366717749381,2729300
2023-10-09,50.642860412597656,50.94847373947562,49.88375925412054,49.95276810846387,2329200
2023-10-10,51.29351043701172,51.6188410686198,50.95832301082458,50.95832301082458,2363900
2023-10-11,51.372379302978516,51.70756672568497,50.80058744513224,51.44138814641514,2419800
2023-10-12,49.726016998291016,50.93860581292962,49.124654748975914,50.87945752387893,3712400
2023-10-13,49.726016998291016,50.58370479652561,49.587999309572794,50.13021326983722,2644800
2023-10-16,50.199222564697266,50.62313618996466,49.83446098971137,50.14007427511577,2140900
2023-10-17,51.254085540771484,51.53012094992858,49.73588326900667,49.73588326900667,2740500
2023-10-18,49.923187255859375,51.15549343322834,49.7753127709951,51.07662779344073,3036400
2023-10-19,48.957054138183594,49.90346427301132,48.77960176781595,49.80488129422911,3030600
2023-10-20,48.197959899902344,49.045787174377466,48.148668403625905,48.80918272727041,3149500
2023-10-23,47.87263107299805,48.54300592511062,47.330413353862916,47.81347902344695,2715200
2023-10-24,48.57258224487305,49.114796227591434,48.237394803805294,48.30640365102217,3146500
2023-10-25,48.24724578857422,48.80917705435459,48.089510762402526,48.45427606599304,3057000
2023-10-26,48.29654312133789,48.96691419093492,47.961355706189465,47.961355706189465,3733000
2023-10-27,48.68102264404297,48.86833182284186,47.94163896252646,48.59229645183299,3116400
2023-10-30,49.07536697387695,49.47956330703056,48.52329613485771,49.19367109141011,3083000
2023-10-31,48.7598876953125,49.2626706986946,48.4148434856972,49.006348919523376,3116500
2023-11-01,48.957054138183594,49.04578032336742,48.28667935250572,48.78946232211391,2894500
2023-11-02,49.96262741088867,50.169653968721256,49.46970488612513,49.53871373873599,2866700
2023-11-03,50.47526550292969,51.32309281725265,50.36682194960462,50.56399170467745,3458700
2023-11-06,50.03163146972656,50.75129783564256,49.89361377772898,50.632997494030356,2077100
2023-11-07,49.065513610839844,49.390840555067534,48.60216518649955,49.380983758267035,3000500
2023-11-08,48.740177154541016,49.42041263523211,48.44442439631462,49.00635576515487,2256600
2023-11-09,48.36555099487305,49.3316785225577,48.29654215437412,49.065499954619106,2736800
2023-11-10,48.64158630371094,48.75002984171923,48.07965502557682,48.48385127407153,3341100
2023-11-13,48.60215759277344,49.00635389105566,48.38527425074165,48.562722890331216,1400300
2023-11-14,51.06676483154297,51.18506516599956,49.67672367940353,49.67672367940353,4410500
2023-11-15,51.16535186767578,51.93430968705431,50.978038929632405,51.027330422543876,2591100
2023-11-16,50.90903854370117,51.658282898928796,50.69215142602468,51.10620830879794,2529900
2023-11-17,51.81600570678711,52.01317166456281,51.332940084557634,51.35265743247512,2184500
2023-11-20,51.91460037231445,52.279361989151504,51.56955610783352,51.82587416706215,1715300
2023-11-21,52.04275894165039,52.7032732927216,52.00332423871174,52.01318103409627,2791000
2023-11-22,52.289215087890625,52.36808072536638,51.569548752687325,52.06247120918547,2451500
2023-11-24,52.584964752197266,53.048313037788986,52.20048586019549,52.279351493085755,1429000
2023-11-27,53.008880615234375,53.14689829923847,52.37794048224432,52.703267343011134,4197000
2023-11-28,53.06804275512695,53.52153059186767,52.72299471879771,53.18634311238528,2975800
2023-11-29,53.146907806396484,53.53138678367089,52.900446537815405,53.235634013513696,2518200
2023-11-30,53.97500991821289,54.083453462226316,53.08774797692119,53.34406976471655,3022000
2023-12-01,55.45378494262695,55.64109415124766,53.728556077745225,54.14260920018061,6783400
2023-12-04,54.921417236328125,55.296039342865264,54.58622982746853,54.90169988748935,2967900
2023-12-05,53.560951232910156,54.64537903786191,53.54123388509473,54.64537903786191,4076800
2023-12-06,52.93001174926758,54.56651414589078,52.91029439982635,53.896139307688514,3569700
2023-12-07,53.146907806396484,53.27506871905479,52.6441284731993,53.13705101036147,2153700
2023-12-08,53.2454833984375,53.975010306604624,52.9201565247562,53.12718305898066,2765000
2023-12-11,53.32435607910156,53.413082279327696,52.180776032131504,52.73285058472747,2736900
2023-12-12,52.249786376953125,53.30464025389596,52.01318191600972,53.30464025389596,2587000
2023-12-13,54.172176361083984,54.182033155076546,52.02303424353104,52.20048662099503,5120100
2023-12-14,56.2128791809082,56.46919721174391,55.21717368107333,55.453778122437065,6784200
2023-12-15,56.459346771240234,57.129721709735,55.94670689117362,56.36076000928487,3471700
2023-12-18,57.3540153503418,58.578513529937275,57.3540153503418,58.22301284327587,3638800
2023-12-19,59.13151931762695,59.220394495756736,57.6008945982938,57.95639154379821,4127300
2023-12-20,58.045265197753906,59.763517340806274,58.045265197753906,58.953767413337516,3953900
2023-12-21,59.36851501464844,59.38826547203596,58.647640271569244,58.75626590369336,2490100
2023-12-22,60.01039505004883,60.42514337732953,59.694395248211684,59.8622684948687,2582400
2023-12-26,60.5041389465332,60.69176263225482,59.99063837996339,60.28688769263441,2537200
2023-12-27,60.63251495361328,61.027512781006,60.444887501113435,60.55351312792611,2227100
2023-12-28,59.98076629638672,60.62263919283403,59.87214066715339,60.43501550316749,2235100
2023-12-29,59.0821418762207,59.92151558348553,58.98338959082722,59.89189178137474,2125300
2024-01-02,58.578514099121094,59.536390540042255,58.272387667740496,58.706890185443854,4083400
2024-01-03,57.44289016723633,58.24276675973906,57.038015198269065,57.709515698070575,3870400
2024-01-04,57.561397552490234,58.1637733817614,57.19601970282463,57.51202328732366,2697500
2024-01-05,57.44289016723633,58.0156421446613,57.087393226471995,57.334268299428004,2568800
2024-01-08,57.77864456176758,57.77864456176758,56.34677204952209,57.26514768815736,2792600
2024-01-09,56.939266204833984,57.48239060744099,56.889891944054185,57.48239060744099,3120600
2024-01-10,56.43564224243164,56.939265725368124,56.12951580095129,56.91951526781959,3638800
2024-01-11,56.238136291503906,56.514635137870904,55.61601012016391,56.48501133776423,2443300
2024-01-12,56.81089401245117,57.77864390481297,56.57389603763578,56.9195196538311,3006400
2024-01-16,55.32963562011719,56.54426042767641,55.18151284866715,56.42576145711351,2535100
2024-01-17,54.90501403808594,55.00376632625314,54.21376685598856,54.450764813560625,2542100
2024-01-18,55.51726531982422,55.64563764021108,54.826014390681976,55.497514862761356,2557300
2024-01-19,55.704891204833984,55.85301775513084,54.85564035276325,55.85301775513084,2376200
2024-01-22,56.11964416503906,56.208515576192504,55.329640907093356,55.51726837601208,2387500
2024-01-23,56.71213912963867,57.255263508667475,56.3467650953123,56.78126384513246,1944200
2024-01-24,56.43564224243164,57.749015649784965,56.396141327334576,57.610766213959835,2318000
2024-01-25,55.98138427734375,57.07751008827119,55.49751129496135,57.07751008827119,2936100
2024-01-26,56.346771240234375,56.62327013236323,55.853021065995776,56.139393304122855,2424000
2024-01-29,57.0775146484375,57.0972651058086,55.576513791364654,56.30726564603725,1655600
2024-01-30,57.38364028930664,57.41326409144413,56.40601338160999,56.692389358987384,2198400
2024-01-31,56.465267181396484,58.10451752076239,56.43564337798492,57.393516102767414,3464100
2024-02-01,57.06764221191406,57.40339245853966,56.36651791564181,56.88001474740837,3857500
2024-02-02,56.61339569091797,56.95901929939135,56.02089323308741,56.51464339777214,2615800
2024-02-05,55.01363754272461,55.803636982418936,54.58901213757369,55.803636982418936,4001600
2024-02-06,55.0926399230957,55.388889245077344,54.77664014404668,55.06301235398738,2961100
2024-02-07,55.37901306152344,55.51726248689441,54.766760224860136,55.201262724042394,2941100
2024-02-08,55.52714920043945,55.754273849234735,54.64827441296612,54.91489998338194,2544500
2024-02-09,55.48763656616211,55.665386908918734,55.06301116591177,55.64563645227751,2414600
2024-02-12,56.099891662597656,56.58376468509152,55.52713969815969,55.54689015559009,1839700
2024-02-13,53.927391052246094,54.91489133515259,53.56201700233479,54.776641898268025,3507800
2024-02-14,54.944515228271484,55.122265580847234,54.06564057776621,54.34213945198864,2350000
2024-02-15,56.386260986328125,56.485013268416154,55.07288765417967,55.07288765417967,2601700
2024-02-16,55.95176696777344,56.741766456071225,55.932016509689156,56.198642043304915,3097100
2024-02-20,54.826019287109375,55.44814555559998,54.648268924683485,55.44814555559998,2483000
2024-02-21,55.290138244628906,55.32963538997601,54.65813494788872,54.80626148573699,1599200
2024-02-22,55.3592643737793,55.47776334688037,54.72726106087321,55.309886348557285,2548300
2024-02-23,55.41851043701172,55.685135944341745,54.78651090868026,55.300011467203156,3373100
2024-02-26,55.71476364135742,55.75426455639415,54.83588900037049,55.211140159190215,1716300
2024-02-27,56.317138671875,56.44551476055195,55.971515087376915,56.06039026153564,2263100
2024-02-28,54.86552047729492,55.823393249553725,54.776645295640506,55.774018985749024,2936600
2024-02-29,55.783897399902344,55.971521113542565,55.44814712437803,55.44814712437803,2935000
2024-03-01,56.652889251708984,57.13676603992874,55.96163831154416,56.10976485837039,1932200
2024-03-04,56.791141510009766,57.5515172052957,56.77139481866472,56.95901852256069,2199000
2024-03-05,56.00114059448242,56.92939327884477,55.74439217632741,56.70226489695827,1880900
2024-03-06,56.78126907348633,57.17627071297738,56.573894907910194,56.79114241931694,2022600
2024-03-07,58.252647399902344,58.29214455103607,57.245396589202066,57.43302029988564,3532700
2024-03-08,57.837890625,58.9636403322666,57.57126509953982,58.71676526428657,3374400
2024-03-11,57.334266662597656,57.7490149651561,56.69238998443105,57.512017011412574,2534700
2024-03-12,56.336883544921875,57.255258997859556,56.198634124826164,57.255258997859556,2778300
2024-03-13,56.36651611328125,57.08739084418859,56.23814002593722,56.42576371742888,3127300
2024-03-14,55.290138244628906,56.06038720060548,54.66801205948625,56.06038720060548,3520300
2024-03-15,55.81351852416992,56.05051649138105,55.11239420123275,55.11239420123275,3223400
2024-03-18,55.598838806152344,56.17263268126933,55.51969274123023,56.053917357778246,2413100
2024-03-19,55.80659484863281,55.905523661712984,55.104190463643555,55.31194323544731,1718300
2024-03-20,57.15203857421875,57.547757536273565,55.618619576736485,55.747226258111155,2574000
2024-03-21,57.84455871582031,58.00284707523418,57.34001197563773,57.755521277781746,2366100
2024-03-22,57.320220947265625,58.10177131143314,57.310329576658646,57.55765535464391,1497300
2024-03-25,57.51808547973633,58.89321627694812,57.46862107620415,57.67637383537455,3336100
2024-03-26,57.08279037475586,57.765408164123315,56.944288542758855,57.745621648996334,1942700
2024-03-27,58.92289733886719,58.95257522590622,57.39936957266282,57.53787141070103,2791300
2024-03-28,59.63519287109375,59.78358985364013,58.87342899021362,59.16032781039419,4243100
2024-04-01,60.17931365966797,60.396957790883185,59.80337739827136,60.34749338714755,3083100
2024-04-02,60.189205169677734,60.43653096281844,59.6549805507597,60.189205169677734,3039800
2024-04-03,61.50497817993164,61.59401561895595,60.16942036845926,60.228779919106195,3636500
2024-04-04,60.495887756347656,61.80176758273988,60.248561974471976,61.69294363489187,2996900
2024-04-05,61.35657501220703,61.47529032035325,60.20898363641593,60.37716334179878,2277100
2024-04-08,61.514869689941406,62.10845006576284,61.14882858398126,61.940270343040496,3563200
2024-04-09,62.187591552734375,62.82074491339314,61.455505620790355,62.355771263081735,2576000
2024-04-10,61.54454803466797,61.8314468538037,60.31781424246803,60.624495803572,4434200
2024-04-11,61.7621955871582,61.85123302108156,60.980645197596715,61.643480266557724,2408800
2024-04-12,60.74320983886719,62.9097821975494,60.337595732249284,62.62288340231213,4212300
2024-04-15,60.59482192993164,61.73252213694849,60.387069160477445,61.46540981598213,3566300
2024-04-16,60.703643798828125,60.852037011664464,59.18011599413201,59.68466272989513,3595300
2024-04-17,60.61460494995117,62.11834620313759,60.52556751476605,61.663267656143454,4124700
2024-04-18,60.31781768798828,61.307120894160875,60.00124096392443,61.040008575627205,2756000
2024-04-19,60.24856185913086,60.85203359568299,59.88251698545342,60.31781277601212,3062800
2024-04-22,59.704437255859375,60.18919740841898,59.011928143476545,59.58572194714969,2807200
2024-04-23,58.86353302001953,59.20978758705119,58.09187782841085,58.4875967944625,4507500
2024-04-24,58.665679931640625,59.44723037771661,58.121563917826656,59.14054502227239,3322900
2024-04-25,59.684661865234375,59.89241462453079,57.8148757098904,58.35899547075065,5040600
2024-04-26,60.1990966796875,60.35738503670682,59.61540765557398,59.991343918704416,2098200
2024-04-29,60.73332214355469,60.852037469495365,59.94188034746325,60.48599634640785,2054900
2024-04-30,58.63600158691406,60.15952943286133,58.6261064414551,59.783593157157874,4918800
2024-05-01,58.65578079223633,60.050697990580176,58.27984456339499,59.338398562015904,5370300
2024-05-02,59.457122802734375,59.69455723920291,58.53707049399385,58.92290192499176,3111900
2024-05-03,60.189205169677734,60.545354915623086,59.59562477569688,60.199096540890835,3977100
2024-05-06,60.426639556884766,61.1982948233949,60.33760212044959,60.65417883357642,3452900
2024-05-07,60.68385314941406,61.18839607692273,60.317812054010055,60.545351317309404,3035400
2024-05-08,60.16941452026367,60.456313326333635,59.94187525907117,60.0902722343189,2570700
2024-05-09,61.425838470458984,61.5643403205697,60.06059893928185,60.33760641339565,2906200
2024-05-10,60.93117904663086,62.01941096433897,60.87181950108806,61.92048216232619,2539500
2024-05-13,61.13893508911133,61.71273273859662,60.960860216780866,61.21808115409913,2224400
2024-05-14,61.772090911865234,62.0293118591706,61.37637189323795,61.71273513471188,3432700
2024-05-15,62.55363845825195,62.60310286155603,61.554443925498134,62.32609918393954,2944400
2024-05-16,62.15792465209961,62.692145535874246,62.12824298852319,62.603108092929745,2610500
2024-05-17,63.31540298461914,63.572623922623734,62.61299863849263,62.66246304229594,4133000
2024-05-20,64.22555541992188,64.37395239443099,63.20657443489425,63.54294141363381,4379800
2024-05-21,64.4531021118164,64.66085486880641,63.908982356996816,63.998023565869154,2913900
2024-05-22,62.929569244384766,63.79026563738133,62.54374164871335,63.681441695239805,2497700
2024-05-23,62.187591552734375,63.09774856520843,61.74240441668002,63.04828416651166,2987400
2024-05-24,62.6525764465332,62.97904455563247,62.355782453307185,62.64268130068306,1543200
2024-05-28,63.58250427246094,63.86940306526684,63.1373209150834,63.7309012408479,2073100
2024-05-29,62.56352615356445,63.23624875140193,62.48438009858851,62.86031631194103,2264200
2024-05-30,63.22636413574219,63.61219553412962,62.38545796819536,62.41513585503593,1610100
2024-05-31,63.74079895019531,64.05737563986321,62.71192282182872,63.66165289083242,1871200
2024-06-03,63.602294921875,64.42341827687073,63.216467330546095,64.02769554151756,4608900
2024-06-04,60.63439178466797,62.77128646645004,60.44642176834918,62.77128646645004,5497400
2024-06-05,61.158721923828125,61.218081472878076,60.485995463497105,60.77289428973371,2877200
2024-06-06,61.821556091308594,62.06888188115815,61.1092566088964,61.1092566088964,1980100
2024-06-07,59.81326675415039,60.65417668489149,59.59562263026834,60.614603653679495,3431900
2024-06-10,59.704437255859375,59.833047708398304,58.76460238222793,59.704437255859375,3697800
2024-06-11,58.59642791748047,58.913004638674124,58.052311913797126,58.913004638674124,3232300
2024-06-12,58.84374237060547,60.31780551072387,58.58652524944148,60.11004901121246,2647600
2024-06-13,58.15123748779297,58.794286039745735,57.66648106152014,58.57663814082781,4047300
2024-06-14,57.58733367919922,57.96326992129137,56.954180286554696,57.63679808039484,2564900
2024-06-17,57.676368713378906,57.80497917025488,56.58813683674396,57.231181573340336,2412600
2024-06-18,57.874237060546875,58.06220330949276,57.330121056636415,57.56755171068466,2344900
2024-06-20,58.665679931640625,59.14054502227239,58.14135043500618,58.25017439254743,3125600
2024-06-21,58.42824172973633,58.626099328202095,57.656582754931065,58.626099328202095,2547500
2024-06-24,58.354915618896484,59.177375923136864,58.354915618896484,58.672007746304836,2032800
2024-06-25,57.423458099365234,58.28555208648951,57.245093304782785,58.28555208648951,1589900
2024-06-26,58.18646240234375,58.18646240234375,57.0766361702295,57.08654742553636,1460800
2024-06-27,57.829734802246094,58.483737813661335,57.79009733972723,58.36482920614124,1860200
2024-06-28,58.79092025756836,59.43501198900801,58.4440981436827,58.72155281076216,3096000
2024-07-01,59.67283248901367,60.1385594220981,59.28637669729064,59.613376297965395,2337100
2024-07-02,60.08901596069336,60.13856089776449,59.395375501588305,59.603470285345296,2147300
2024-07-03,61.1492919921875,61.72402383223529,60.64392759838367,60.64392759838367,1458400
2024-07-05,60.7033805847168,61.38711355815281,60.45565212304551,61.38711355815281,2694300
2024-07-08,60.7529296875,61.169111691337456,60.36647010960418,60.69347349550764,1841800
2024-07-09,60.148475646972656,60.82229741438146,60.12865691498573,60.6439326065358,1116800
2024-07-10,60.67365646362305,60.911477458214804,60.34665684860042,60.54483660071766,1249700
2024-07-11,62.338382720947266,62.54647369743204,61.08983308200272,61.71410601145704,2077000
2024-07-12,63.03203582763672,63.35903545962077,62.328487843032754,62.61585001052278,2652700
2024-07-15,63.71576690673828,64.40940361393605,63.29958110238307,63.45812717546207,1848800
2024-07-16,64.62740325927734,64.71658187798104,63.101395005296375,63.567125729832014,1679100
2024-07-17,63.29957962036133,64.776042962621,63.2797608891859,64.41931336153617,1806200
2024-07-18,62.1699333190918,63.577032877177025,61.74384008375893,63.200480795676356,2320200
2024-07-19,61.50601577758789,61.91229026135981,61.17901620774022,61.704199282362566,1638000
2024-07-22,61.50601577758789,61.60510563995725,60.80246792667192,61.56547196303108,1731500
2024-07-23,61.9321174621582,62.0014811313129,60.663748906144875,61.198839528190206,3819300
2024-07-24,60.6934700012207,62.47711407790241,60.62410633790792,61.932112246143575,1715700
2024-07-25,61.179019927978516,61.97175021524647,59.97010387737228,60.59438063236162,1785500
2024-07-26,62.1104850769043,62.26903115358924,61.169116092821405,61.80330039956118,1774300
2024-07-29,61.51593780517578,62.23930451125653,61.11957072621038,61.981664775918034,1712100
2024-07-30,61.26820373535156,61.94202166005097,61.06010895886241,61.506020937001644,1793200
2024-07-31,62.89330291748047,63.74548942852178,62.03120515117421,62.15011753413555,2460600
2024-08-01,60.33674240112305,63.27975768082184,59.66292069546786,62.952754303061404,7114800
2024-08-02,57.354095458984375,59.03864978238931,56.96763965715191,58.949467383502096,7978000
2024-08-05,55.62989807128906,56.13526620743251,53.3805233748145,53.826435324342235,5581700
2024-08-06,56.20463562011719,56.91809103233636,55.322722885265925,55.74881236948922,3194000
2024-08-07,55.52090835571289,57.59191869773229,55.44163720398014,57.334282729554864,2689100
2024-08-08,56.76945495605469,57.215366941281374,56.145178176737325,56.39290663741478,2471300
2024-08-09,56.86854553222656,57.21536764948974,56.462271002888144,57.21536764948974,1822600
2024-08-12,56.85863494873047,57.443274242408194,56.61090649852866,57.19554579220638,2170900
2024-08-13,57.50273132324219,57.68109612428225,56.65054478050331,56.997366906986315,1435500
2024-08-14,56.492000579833984,57.56218942148352,56.02627361063015,57.54237068959705,1975100
2024-08-15,57.63154602050781,57.99818306532212,57.027088002277985,57.582001086890116,1387600
2024-08-16,58.01800537109375,58.14682523046931,57.4630960323123,57.53245969965998,1205700
2024-08-19,58.56300735473633,59.04855680720289,58.11709914373941,58.11709914373941,1982700
2024-08-20,58.057647705078125,58.89992303929652,57.879282894061134,58.642287078959015,1580800
2024-08-21,59.03865051269531,59.17737785045005,58.47382612606516,58.85037445713978,1910900
2024-08-22,57.89909362792969,58.84046249379916,57.76036630075578,58.711642641407884,1887700
2024-08-23,59.25665283203125,59.415198911165675,58.15673775427015,58.424284971566365,1471500
2024-08-26,59.425106048583984,60.10883525870452,59.34583112449303,59.890832997490826,1838200
2024-08-27,59.67283248901367,59.89083096278474,58.95937331657958,59.20710177589294,707800
2024-08-28,58.553104400634766,58.99901642609962,58.21619351250984,58.94947148550057,1491800
2024-08-29,59.27646255493164,59.8412831122526,58.87018805264751,59.038645362394455,1311900
2024-08-30,59.29628372192383,59.653013305430505,58.71164441118484,59.345828657402805,1339100
2024-09-03,55.70918273925781,58.29546871923935,55.45154299885655,58.28555746305032,3621000
2024-09-04,55.26326370239258,56.38299736742152,55.0155352496008,55.6398120090462,2584100
2024-09-05,54.90653610229492,55.738903884843374,54.79753497433653,55.510994153674154,1519200
2024-09-06,53.70753479003906,55.11463073075665,53.261622773601594,54.90653971643136,2770900
2024-09-09,54.03453063964844,54.53989881630965,53.96516697305358,54.07416810057017,1924700
2024-09-10,53.79671096801758,53.98498322871043,53.30125406931792,53.975075753952346,1931500
2024-09-11,54.84708023071289,54.89662894737317,52.89498251146873,53.5985304396229,2003400
2024-09-12,56.67036437988281,57.10636891356513,55.45154074079519,55.5704531300012,2216600
2024-09-13,58.11709976196289,58.62246417048555,57.27482070770991,57.27482070770991,2177700
2024-09-16,58.07746124267578,58.77110169236175,57.80991405008106,58.39455337166885,1973900
2024-09-17,58.12700653076172,58.78100952327141,57.79009566916361,58.07746159406361,1740100
2024-09-18,57.89909362792969,59.87100997282086,57.800003759958656,58.394550527857184,1902100
2024-09-19,59.861106872558594,59.95028927226425,58.790921856127206,59.80165067940935,3269200
2024-09-20,59.83137893676758,60.05928866719803,59.32601075969612,59.88092387294179,2315500
2024-09-23,60.244319915771484,60.81013380181382,59.93659883296343,60.264173499611346,1257600
2024-09-24,62.7855224609375,63.23221863499243,61.78294108066664,61.98146934763864,7897500
2024-09-25,62.3785400390625,62.89472191837789,62.12045099274699,62.50758645556244,1874600
2024-09-26,63.768253326416016,64.69142420166818,63.62928201817318,63.768253326416016,3995100
2024-09-27,63.728538513183594,64.83038773450795,63.52008536250422,64.00648866970174,2236400
2024-09-30,63.252071380615234,63.81788526469024,62.69618239508368,63.351335512785475,1242600
2024-10-01,63.37118911743164,63.758328321064525,62.75574316706877,63.38111401597837,1785500
2024-10-02,63.03369140625,64.0958336199245,62.86494160907006,63.440680443389915,1306100
2024-10-03,62.44801330566406,62.77559173177408,62.13036356399086,62.42815972347403,1542100
2024-10-04,63.26199722290039,63.629279061430104,62.89471538437068,63.08331875298129,1281200
2024-10-07,63.39104080200195,63.579647948894326,62.7557412868954,63.01383029490101,1425900
2024-10-08,62.25941467285156,62.38845728684006,61.4950687406903,62.38845728684006,2013500
2024-10-09,62.6266975402832,62.706108089690744,61.495069757767,61.892130078172634,1061400
2024-10-10,63.24214553833008,63.2719278086671,62.08073923565674,62.239564126279184,1824700
2024-10-11,64.19509887695312,64.34399887785206,63.3811207885234,63.3811207885234,1060300
2024-10-14,64.15538787841797,64.15538787841797,63.29177777009595,63.6193524511764,1028100
2024-10-15,63.718624114990234,64.26458065416502,63.45060261488071,63.57965280877352,1187300
2024-10-16,65.03884887695312,65.32672016336225,64.36384217135846,64.36384217135846,1177300
2024-10-17,65.21752166748047,66.08113545152189,64.94950777498056,65.3167933649822,1667600
2024-10-18,66.1605453491211,66.5179022307654,65.54509570331886,66.01164538620819,1370400
2024-10-21,65.78334045410156,66.70651126739294,65.42599109501025,66.6072471357916,1630000
2024-10-22,65.38628387451172,66.13077622096799,64.89987675533548,65.93224038455898,1447200
2024-10-23,64.21495056152344,65.02892857785287,63.75832948635015,64.79068556817012,1342600
2024-10-24,63.96678924560547,64.30428883074131,63.113104023549944,64.2149533782177,1068500
2024-10-25,63.539947509765625,64.55245385248755,63.34141544360447,64.08590406501145,774600
2024-10-28,65.15797424316406,65.29694555196347,63.72854641166353,63.77818226767831,778700
2024-10-29,65.18775177001953,65.51533023882202,64.54252351814537,65.11826611664036,1104700
2024-10-30,64.06604766845703,65.38628255378045,64.03626918693912,64.76090414843377,808200
2024-10-31,63.123023986816406,64.2943551174046,62.77559574300006,63.79802689099048,1229400
2024-11-01,63.39104080200195,64.06604748347361,63.27192308959042,63.45059776486581,998500
2024-11-04,63.07339096069336,63.6888406784839,62.706105352329516,63.27192300557147,1027300
2024-11-05,64.19509887695312,64.21495624953626,62.696189115093794,63.05354608790379,1108100
2024-11-06,69.37677001953125,69.65471265920318,66.43850735627676,67.02417112224707,3735600
2024-11-07,69.15838623046875,69.97236437161929,68.76132206014356,69.97236437161929,1283100
2024-11-08,68.76131439208984,68.8208789336861,67.97712239919395,68.55285742992366,1335800
2024-11-11,68.10616302490234,68.53300562254898,67.60983477523733,68.51314825147625,1248900
2024-11-12,66.38886260986328,67.27232627058005,65.77342043964633,67.22269799063528,1442800
2024-11-13,65.34658813476562,66.6171874165092,65.26717378631437,66.53777306805794,1926200
2024-11-14,64.62194061279297,65.89253979925918,64.28444101723662,65.4954832335149,1495300
2024-11-15,64.57231903076172,65.7436541973655,64.37378315391487,65.0785684766402,1555300
2024-11-18,65.91239929199219,66.09107778167268,65.07856381569363,65.07856381569363,1769300
2024-11-19,66.49805450439453,66.57746883924412,65.35649805437721,65.38628410997167,1203100
2024-11-20,66.61717987060547,67.33189377897098,66.27967271460254,66.51791573296987,1324400
2024-11-21,67.97711181640625,68.26497550027187,66.42856272324508,66.85540526695333,1244100
2024-11-22,68.14586639404297,68.63226593105125,67.8480664315013,68.00689509775489,1120800
2024-11-25,68.38410186767578,68.72160899701589,68.00689514511227,68.18557360808818,1223900
2024-11-26,67.77857971191406,68.30468640716904,67.49070843890581,68.21535096383934,1133000
2024-11-27,67.92748260498047,69.03926057877403,67.73887545203631,68.1557969255638,615600
2024-11-29,68.2451400756836,68.8506611971337,68.12601855932058,68.2054329035626,580300
2024-12-02,67.75874328613281,68.48337838068754,67.3616791217925,68.32455725897283,1026000
2024-12-03,67.95726013183594,68.54293137956908,67.73887449957503,68.25506009825858,795500
2024-12-04,66.97452545166016,68.26497416852479,66.72636136302846,67.83813163314359,1358000
2024-12-05,66.62710571289062,67.04401961718817,65.83297749896087,66.99438376380459,975500
2024-12-06,64.95944213867188,66.89511923531232,64.73112781717096,66.66681248717929,1479300
2024-12-09,65.47561645507812,67.22269387217094,65.45576665898992,66.41864459666816,1951700
2024-12-10,64.58222961425781,65.42599369988243,64.2149515553732,65.42599369988243,1478000
2024-12-11,64.60208892822266,65.05871002419539,64.41348176364129,64.75098892271488,904900
2024-12-12,63.103172302246094,63.807957496158295,62.78552253071711,63.807957496158295,1472100
2024-12-13,61.57448196411133,62.80537769986467,61.425585759958985,62.80537769986467,1393000
2024-12-16,60.70094680786133,61.45536408567492,60.5818253008244,61.296539196309745,1157600
2024-12-17,59.589168548583984,60.30388244110636,59.05313691587624,60.025939832540566,2472400
2024-12-18,57.3259162902832,60.00608975729563,56.83951291016397,59.618954305100864,2130200
2024-12-19,56.66083908081055,58.10018808425291,56.372967765448344,57.574081311592856,1331600
2024-12-20,56.40274429321289,57.32591517823874,56.05531601892754,56.12480167378461,2075400
2024-12-23,56.74559783935547,56.85491571262866,55.851186113614354,56.278517550398256,1298500
2024-12-24,56.91455078125,56.9940522851435,56.288459852371275,56.92448704760377,711900
2024-12-26,57.03379821777344,57.22262137545417,56.308329546685016,56.815162473520246,924000
2024-12-27,56.33815002441406,57.11331150305926,55.84125329316356,56.646227362557006,1405300
2024-12-30,55.920753479003906,56.268579642681374,55.34435150374313,55.90087715664793,1316000
2024-12-31,56.39777374267578,56.874794105312475,55.95056596800987,56.08969643323463,1136900
2025-01-02,57.27231216430664,57.789085164317925,56.93442227164621,57.04374014736294,1220000
2025-01-03,57.023860931396484,57.36175080690921,56.20895072416355,57.20274402966914,1961300
2025-01-06,57.86858367919922,58.82262434189003,57.79901845115013,58.13690832639737,2366400
2025-01-07,57.7095832824707,58.683500373855004,57.302128134126036,58.34561046125057,1016600
2025-01-08,57.39156723022461,57.46113246297958,56.59653329086723,57.38163096455427,2003600
2025-01-10,56.775413513183594,57.77914309975054,56.52696518283308,57.42137689748251,2130500
2025-01-13,58.087223052978516,58.087223052978516,56.13938896371731,56.39777357105978,1832600
2025-01-14,58.4847412109375,58.69344071017199,57.97790823513041,58.50461753424655,1396600
2025-01-15,59.41891098022461,59.78661349335051,58.85244901991513,59.56797772234645,1763800
2025-01-16,59.42885208129883,59.74686570625526,59.14065104898786,59.43879213952828,2318100
2025-01-17,59.9555549621582,60.3828826173208,59.43878196233129,59.60772501309083,1360300
2025-01-21,60.83009338378906,61.158047026986715,60.293444035477066,60.67108659069895,1256300
2025-01-22,60.04499435424805,61.24748722831478,59.95555658919822,61.1481056154468,1517100
2025-01-23,60.43257522583008,60.690959829839414,59.27977508674845,59.6077249222611,1892500
2025-01-24,60.313316345214844,61.326986005347116,60.13443324101381,61.09841399242818,1295900
2025-01-27,58.3157958984375,59.35927819024889,58.11703646403988,59.35927819024889,1364500
2025-01-28,58.52449035644531,58.81269134065391,57.997781088838494,58.623871967045254,1233000
2025-01-29,59.35927963256836,59.54809901477256,58.47480410857978,58.47480410857978,933100
2025-01-30,59.70710754394531,59.945615829991965,58.981635047082875,59.75679645428663,1010300
2025-01-31,58.93194580078125,59.955555544877015,58.64374481501541,59.826361345909426,1468500
2025-02-03,58.464866638183594,59.38909099816149,58.057407711100275,58.31579611407892,1409400
2025-02-04,60.054935455322266,60.12450069002905,58.9220115860735,58.941887908992726,1488000
2025-02-05,60.60152053833008,60.67108577242997,59.99530596315597,60.144376488239125,1139400
2025-02-06,60.26362991333008,61.15804547109569,59.74685690117893,60.959286037034346,1215500
2025-02-07,59.87605285644531,61.505873439667354,59.736922385831875,60.90959891103232,2160200
2025-02-10,62.15184020996094,62.45991373802533,61.62512712952332,61.75432133314247,4774800
2025-02-11,61.68475341796875,62.46985108050889,61.63506450828081,62.112084865122455,1820900
2025-02-12,61.217674255371094,62.11208986584774,60.85991180220154,61.05866745695536,1530600
2025-02-13,62.2015266418457,62.261155608297365,61.0984154041252,61.57543576267607,1715400
2025-02-14,60.61146926879883,62.47979838201478,60.58165288490287,62.44004952185596,1770600
2025-02-18,61.50587463378906,61.68475775405675,60.34313814307019,61.1481083932537,2581100
2025-02-19,60.65121078491211,61.038789609435675,60.27357201749075,61.038789609435675,1843400
2025-02-20,60.85990905761719,61.555561399926134,60.52201915234387,60.690962209470065,774200
2025-02-21,58.28598403930664,61.09841737129718,58.08722460242249,61.09841737129718,2348500
2025-02-24,58.395294189453125,58.961759873223066,57.868584939603636,58.71331154163056,1085100
2025-02-25,57.79901885986328,58.26610292951339,56.92447968403563,58.166721323725795,1383600
2025-02-26,57.8785285949707,59.24002447527541,57.75927065885545,58.3356726436831,1025300
2025-02-27,57.23256301879883,58.395299496635644,57.22262675268119,57.95803175805976,769600
2025-02-28,57.7393913269043,57.7393913269043,56.268577643993694,56.84497959878039,1842800
2025-03-03,55.86112976074219,59.031333340512454,55.52323983098357,58.79282124085058,1812300
2025-03-04,55.205223083496094,56.31827063952065,53.615155146318166,55.27478831880882,2320100
2025-03-05,56.94436264038086,57.003991610801414,55.64249567654453,56.030074506725455,1516700
2025-03-06,56.040008544921875,57.1828724575744,55.45367029433838,56.288456891931475,1247800
2025-03-07,55.6623649597168,56.4772790104763,54.439999570108824,55.87106444849541,1250700
2025-03-10,53.47602462768555,54.98659106215899,52.72073951493832,54.52944321348736,3362100
2025-03-11,55.165470123291016,55.84124994050011,53.62509110710181,53.664843753060225,2246300
2025-03-12,55.39405059814453,56.10957933043427,54.857401205661255,55.94063625744211,1655200
2025-03-13,55.6623649597168,56.25864325605149,54.97664889950379,55.34435138474664,1240600
2025-03-14,57.34187698364258,57.40150215831695,56.07975897575116,56.626344559383945,1472100
2025-03-17,57.759273529052734,58.07728712578778,57.063617364561914,57.361758428644485,2141800
2025-03-18,57.98783874511719,58.33566868196667,57.17292852544339,58.17666190229912,1661900
2025-03-19,58.345603942871094,58.76299910170207,57.510817416229735,58.18659716594039,1287400
2025-03-20,57.948097229003906,58.4449939522438,57.451200505764014,57.52076574373591,1320000
2025-03-21,57.04374694824219,57.123248454864914,56.189083953675706,56.94436532618722,2475000
2025-03-24,58.196937561035156,58.50538187705226,57.85864097900267,58.01783914727774,1721100
2025-03-25,58.61482620239258,59.21181833230944,58.35613062491751,58.35613062491751,1218000
2025-03-26,58.03773498535156,59.082473122542865,57.78898762908775,58.78397705414298,1385700
2025-03-27,58.107383728027344,58.38597955143281,57.09249406272874,57.69943821707644,1073100
2025-03-28,56.3363037109375,58.28648599078515,56.19700579000203,58.10738757941564,1445200
2025-03-31,55.7094612121582,55.96815680020014,53.8189797308958,55.351264401343556,1720200
2025-04-01,55.62985610961914,56.04775362311507,54.87366585052722,55.5005064273962,1232600
2025-04-02,56.19700622558594,56.266655186593525,54.76422271910796,55.042818563138304,1142300
2025-04-03,51.98820114135742,53.61998330673055,51.89865193493652,52.92348990074395,2421200
2025-04-04,48.237091064453125,50.306671070356444,46.51575966494242,49.85892503104238,2781900
2025-04-07,49.251976013183594,51.35140428487729,45.66006361987827,46.665005053956804,3085200
2025-04-08,48.49578857421875,51.95835148408486,47.73959444936563,51.95835148408486,1821700
2025-04-09,53.202091217041016,53.828931886157186,48.14754259859322,49.003234199006336,2786000
2025-04-10,51.51060485839844,52.55534303347285,50.17731882865498,51.570305592476586,1737800
2025-04-11,53.53042984008789,53.79907743797026,51.63000020669783,52.07774620316845,1430900
2025-04-14,54.21697998046875,54.77417167597547,53.47073784920047,54.2368764305222,3014000
2025-04-15,54.067726135253906,54.71447078726039,53.66972884239092,54.14732331647642,1096000
2025-04-16,54.485618591308594,55.53036051153049,53.77917701894749,54.33637245669361,1183200
2025-04-17,54.45577621459961,54.933370730838554,53.799083280323096,54.39607547672581,1269300
2025-04-21,53.05284118652344,54.97317127404164,52.44589696878359,54.62492645841246,1655600
2025-04-22,53.759281158447266,54.24682768067486,53.32148714739793,53.67968397261271,1291000
2025-04-23,55.072662353515625,56.01790305261715,54.46572200139434,54.46572200139434,1927900
2025-04-24,56.91339874267578,57.04274843722001,55.072665936137064,55.22191587565607,1234400
2025-04-25,56.2567024230957,56.36615186601581,55.68955876031279,56.03780353725549,1148600
2025-04-28,56.63479995727539,56.95320008605936,55.78906040888409,56.15720545747497,877900
2025-04-29,56.595001220703125,56.684550423409284,55.699509193641546,56.27660489898869,1071100
2025-04-30,56.067657470703125,56.18705894493733,54.63487394014667,55.06271973385979,1999800
2025-05-01,56.18705368041992,56.84374654484326,55.92835430606876,56.18705368041992,1664900
2025-05-02,57.23179244995117,57.65963820835492,56.425849645510354,56.903444116280795,1168700
2025-05-05,57.172096252441406,57.47059234590061,56.87360015898221,57.28154570567933,693300
2025-05-06,57.82878875732422,57.92828998481225,56.73430182404194,56.99299742434337,1348300
2025-05-07,57.142250061035156,57.70939379990475,56.595006568601114,57.70939379990475,1143500
2025-05-08,57.580039978027344,58.16708392135003,57.08254523946859,57.550191508300585,2836000
2025-05-09,58.107383728027344,58.15713243998069,56.91339566322996,57.73923490928907,816900
2025-05-12,58.83373260498047,59.74912116055395,58.35613808090945,59.500373775376296,1776400
2025-05-13,59.34117126464844,59.77896905974505,58.903377265135425,59.12227236710013,1717800
2025-05-14,58.79393005371094,59.390922238999735,58.694432621357386,59.0327292051767,1462200
2025-05-15,58.78398513793945,58.853634103624564,57.918341486280625,58.30638680812164,1196100
2025-05-16,59.14216995239258,59.2814716599396,58.04768310503573,58.2267815048699,1433300
2025-05-19,59.19192123413086,59.20186945810075,58.26658078601304,58.3760264320153,889800
2025-05-20,59.32126998901367,59.3809707224668,58.863575752623674,59.04267415739951,670500
2025-05-21,58.51533889770508,59.62972617085465,58.44568993035723,58.81383501427928,1438800
2025-05-22,57.9183349609375,58.34618072799094,57.709388087423086,58.29643201461849,1336500
2025-05-23,59.56006622314453,59.76901308666708,57.98798114578432,58.12727905479935,3604100
2025-05-27,61.1222038269043,61.25155352157433,59.948115941336006,60.04761337072303,2250400
2025-05-28,60.565006256103516,61.28139986874485,60.48540907446753,61.12220170988938,1678400
2025-05-29,60.02771759033203,60.84360866626648,59.74911795289279,60.80380817583464,1804100
2025-05-30,59.798866271972656,59.908315722143286,58.87352575127286,59.45062147196032,1103500
2025-06-02,61.798797607421875,62.93308501462127,61.31125108903045,62.03759295863034,2805600
2025-06-03,63.0126838684082,63.15198178450839,61.10230214530741,61.87839270391335,2253500
2025-06-04,63.80866622924805,63.91811566838025,63.06242798956621,63.19177387619221,1627900
2025-06-05,63.80866622924805,65.17180441315226,63.56987090348984,64.69420617046931,3500300
2025-06-06,64.0872802734375,64.52507051149087,63.86838135882691,64.4355250961508,916000
2025-06-09,65.03250885009766,65.48025105092074,64.71411254056046,64.74396100845976,1438500
2025-06-10,64.46536254882812,65.40065499096042,64.14696625231852,65.38075095239742,1309400
2025-06-11,64.04747772216797,64.51511641697131,63.40073302010541,64.13702313463003,1068200
2025-06-12,64.56486511230469,64.58476915245353,63.44052596565863,63.719125593989205,834700
2025-06-13,65.03250885009766,65.44045056333275,63.898221522923485,63.93802201051148,1123400
2025-06-16,65.89816284179688,66.65434945257564,65.71906441478758,65.80860983270823,1308000
2025-06-17,66.42549896240234,66.8931452266196,65.91805220855308,66.02750165724935,1340800
2025-06-18,66.34589385986328,67.0025829200616,66.15684344365212,66.38569434702177,942000
2025-06-20,65.20165252685547,66.79363400856582,65.12205155497833,66.75383352262725,1841100
2025-06-23,65.94892883300781,66.29765256182027,64.94260527134284,65.2315499613895,1284400
2025-06-24,65.69984436035156,66.11831286671627,65.38101012670117,65.91904432128767,1756800
2025-06-25,65.29132843017578,65.8193968722829,64.85292854543458,65.73969402182668,938600
2025-06-26,67.05488586425781,67.15452012822111,65.75961762791366,65.75961762791366,1942700
2025-06-27,66.13822937011719,66.53677401852953,65.44078193660076,66.50688450017981,1648000
2025-06-30,66.97518157958984,67.26412629281471,65.90907889363979,66.40725786093621,1907000
2025-07-01,66.91539764404297,67.4932794266377,65.84928743442528,66.81575577658198,1449500
2025-07-02,69.82476043701172,69.87457376889317,67.62281048542171,67.62281048542171,2237600
2025-07-03,69.8147964477539,70.07385162537584,69.49596222976051,69.75501740738244,2032800
2025-07-07,68.9180679321289,69.0376336059747,68.13094434959278,68.76861274022338,2247000
2025-07-08,68.37007904052734,69.34650548572392,67.8918239233647,69.08745031386053,1672200
2025-07-09,68.24054718017578,68.63909184144407,67.81211299959362,68.63909184144407,1002600
2025-07-10,71.87725830078125,71.92707923642628,70.60192140498683,70.68163186137585,2617200
2025-07-11,72.8636474609375,72.8636474609375,71.49864205971973,71.49864205971973,2171600
2025-07-14,72.32562255859375,73.07289104813121,71.7676645189204,72.50496730014707,1073500
2025-07-15,72.01673889160156,73.25222040639666,71.96692556372498,73.013096668412,2321300
2025-07-16,72.36546325683594,72.55477366868021,71.08016080077003,72.415284186776,1847000
2025-07-17,74.3681411743164,74.47774113394637,71.68793641872125,71.90713633798117,1810800
2025-07-18,74.90618133544922,75.36450502121379,74.28843674944989,74.69694710509627,1379300
2025-07-21,75.76305389404297,77.23765929539034,75.60363298492037,76.12174333796149,2757100
2025-07-22,77.83547973632812,78.17423776420684,76.47046671442362,76.47046671442362,2356900
2025-07-23,78.11445617675781,78.57277987096752,77.40704302254672,78.10449046990779,2314700
2025-07-24,76.97860717773438,77.94507547783572,76.56013111678676,77.58638605508456,1570500
2025-07-25,77.31737518310547,77.48675420974513,76.4704724482993,77.00850665198517,1343500
2025-07-28,75.94239044189453,77.18783765433282,74.89621174280376,77.04834817466826,2434700
2025-07-29,74.8962173461914,75.98225134952501,74.10909373684868,75.7132304746118,1736100
2025-07-30,73.38175964355469,75.18516498026031,72.87361499449567,74.52757272995517,3071700
2025-07-31,73.05294799804688,73.49134782899141,72.23593496867234,72.58465865164816,2294700
2025-08-01,72.14627838134766,72.7241601796666,70.81115485743526,71.62816802223868,2466000
2025-08-04,73.54118347167969,73.68067298720075,72.28577783199015,72.37544640556433,1328300
2025-08-05,75.30472564697266,75.42428372000604,73.45149949888629,73.82014702621508,2056800
2025-08-06,75.13536071777344,76.5601453657098,75.0656083599612,75.88262922064774,1636700
2025-08-07,77.66609191894531,77.81554711782914,76.11177609441077,76.80922355372572,2561900
2025-08-08,79.001220703125,80.09721289916145,78.75213122213454,78.91154453713243,2306400
2025-08-11,78.41336822509766,79.53925758225238,77.70595498737096,78.41336822509766,2468700
2025-08-12,80.70498657226562,81.06367600960427,79.0410707722602,79.1606288503016,2211500
2025-08-13,81.213134765625,81.3426585563783,79.99757690825193,81.02382433162533,2334100
2025-08-14,80.31641387939453,80.56550336355055,79.36987688024479,80.23670342007874,1799800
2025-08-15,79.48942565917969,80.72490722746504,79.38979139750629,80.72490722746504,1652100
2025-08-18,78.82186889648438,79.39975826488784,78.40340043037442,79.23037165579922,1609600
2025-08-19,77.15795135498047,78.86172230045058,76.68966196731894,78.69234329688142,1825800
2025-08-20,76.81919860839844,77.14799856563104,76.18153011040023,76.85905383972434,1394200
2025-08-21,77.20777130126953,77.32733698547459,76.2712000472895,76.59999237604029,1567800
2025-08-22,79.8381576538086,80.26659186487237,77.15796000934708,77.30740761654911,2284700
2025-08-25,80.35626220703125,81.01385443588467,79.82819376223499,79.84811757454874,1539600
2025-08-26,80.88432312011719,81.6017019223259,80.23668905692284,80.39610994701653,1201700
2025-08-27,80.73487854003906,80.97400230498046,80.01749964360745,80.45589954733954,971400
2025-08-28,81.30280303955078,81.41240301657137,80.66513459230784,81.2430239981241,1138200
2025-08-29,82.03014373779297,82.10985419029811,80.94410972683004,81.54192291740432,1432800
2025-09-02,81.24302673339844,81.30280577683774,79.84812410748836,81.16331627440752,2118500
2025-09-03,81.24302673339844,81.74120569968005,80.74484776711682,81.65152953291333,1081900
2025-09-04,81.27291107177734,81.44229008512475,80.49575315020006,81.02382160452271,1428800
2025-09-05,83.62431335449219,83.63427906128726,81.32272918928824,81.95043188845104,1788100
2025-09-08,83.77377319335938,84.26198643087976,82.85712575918836,84.05275218622816,1730500
2025-09-09,83.056396484375,84.59078858717996,82.8172727129895,83.78373350614147,1394400
2025-09-10,84.57084655761719,84.75019126404898,83.35529643803137,83.35529643803137,1737100
2025-09-11,85.72663879394531,86.28459681254401,84.00293619847737,84.26199139351586,3271800
2025-09-12,85.25833892822266,86.0056072982614,85.03913899008751,85.55724931688093,1309300
2025-09-15,88.76551818847656,88.91497338794929,85.50743132768591,85.70669985924474,3764900
2025-09-16,87.91860961914062,89.23380160323161,87.67948587701682,89.23380160323161,2157300
2025-09-17,87.43040466308594,89.52275470735113,86.44401248251658,87.2112047114911,1982100
2025-09-18,88.76551818847656,88.84522864174298,86.30452065713561,87.41047849098364,1975100
2025-09-19,90.060791015625,90.71839088601051,88.7256750629382,88.88508837594803,2265800
2025-09-22,90.71014404296875,90.93955843723136,88.97453655799903,90.32113040912293,1594200
2025-09-23,91.26873016357422,92.41582501552111,90.43085694935203,91.34852978686517,1920300
2025-09-24,90.25131225585938,91.99688907491296,90.13161282005574,91.26873082480176,1987300
2025-09-25,91.46822357177734,92.6751719721118,89.00447293328833,89.2438641981802,2315500
2025-09-26,91.96695709228516,92.61531570854393,91.33855218674191,91.50812067726949,1717500
2025-09-29,93.24372863769531,93.5728887648524,91.90711158793026,93.55294266415929,1777600
2025-09-30,92.9544677734375,93.1938590504952,91.72757320955773,92.16646355925643,2016600
2025-10-01,95.06909942626953,95.48804365064046,92.93450893253282,92.93450893253282,2860000
2025-10-02,96.4256591796875,96.57528156806858,93.89207826279643,95.62768579183972,2462800
2025-10-03,97.31341552734375,98.90937762957924,96.55534189990433,97.2934694256159,1807800
2025-10-06,97.98171997070312,99.44799804766667,97.8819666397944,98.59017115060433,1879200
2025-10-07,98.7198486328125,101.19357602306198,97.95179059212954,98.58020309998119,3936600
2025-10-08,102.01151275634766,102.06138942711797,100.07642121426537,100.24598971870607,3285500
2025-10-09,102.10128021240234,104.91415220657288,101.37312197815226,103.59748888185712,3233600
2025-10-10,100.62501525878906,105.49268555186428,100.51529268348708,103.56756347171672,4508900
2025-10-13,107.80682373046875,108.65467378707756,105.62235663970172,105.62235663970172,4724800
2025-10-14,108.6646499633789,110.32045025521914,103.80695644475924,106.63978212938905,4670400
2025-10-15,107.65719604492188,110.80920486020253,105.21339171785267,109.97133170010238,4091000
2025-10-16,106.34053802490234,109.6920460506334,105.7520253247923,108.69457360512084,3300900
2025-10-17,102.00152587890625,105.14356534153495,100.95417685465995,103.76704861137009,4291400
2025-10-20,107.02880096435547,107.31806128886392,104.11617551685639,105.74206054212814,2846600
2025-10-21,100.05646514892578,103.01895972438388,99.46796002025538,103.01895972438388,4566500
2025-10-22,97.04409790039062,99.19863448678899,95.12895257690073,97.29346601886934,6459000
2025-10-23,98.56024932861328,99.7771669226291,97.71239927691546,98.29093511835097,2196800
2025-10-24,99.56770324707031,100.7447210849424,98.56025390538977,98.6300766750046,1785900
2025-10-27,97.5029296875,98.530325069147,95.9468751374413,98.25103400735294,2889800
2025-10-28,98.05155181884766,99.05899358537162,96.29599805176363,96.90445689813744,1641700
2025-10-29,97.90192413330078,99.61757799372444,97.18374273962475,98.77969716439874,3767900
2025-10-30,96.1762924194336,97.27351059944881,94.38084656398438,96.04662373974182,3786900
2025-10-31,96.34587097167969,97.1039522485369,95.46809785802671,96.38577078731551,2615200
2025-11-03,94.49057006835938,95.81720266467589,93.48312074670059,95.50798863539993,3084300
2025-11-04,89.8523178100586,92.02680799950207,89.71267227946127,91.0991583404709,4739900
2025-11-05,90.61038970947266,91.30862495974888,89.5730251041152,90.45079808176786,2134700
2025-11-06,90.86974334716797,93.48312404023588,90.76999761905938,91.25875701386933,2232800
2025-11-07,93.32352447509766,93.5030698291372,89.41343410947105,89.61292556502113,2832600
2025-11-10,94.999267578125,95.77729481885453,94.11151776651204,95.56782653174352,3045100
2025-11-11,93.74246215820312,95.24864004562623,92.66519010923416,94.71998087625555,1801700
2025-11-12,96.13639068603516,97.15381683288278,94.44069058810345,94.59031297559407,1863600
2025-11-13,92.17642974853516,95.92692055883202,91.60786316488785,95.74737521928829,2366000
2025-11-14,91.60786437988281,92.84473567319337,88.81494614007315,88.86481519554022,2069500
2025-11-17,89.89221954345703,91.93703349101487,89.15408445438113,90.37100205571676,2196400
2025-11-18,90.45079803466797,91.46821653982398,89.02441219040607,89.3934797200789,3438400
2025-11-19,91.09916687011719,92.96443560778891,90.14159416631595,91.48818054322045,1429500
2025-11-20,87.218994140625,93.05420649642222,87.16911747369329,92.49562435531945,3250400
2025-11-21,88.45585632324219,88.7650703445453,85.4135623358346,87.04941652935878,2826800
2025-11-24,91.18892669677734,91.46821775641295,88.51570031009129,88.75509916987377,1755800
2025-11-25,92.65522003173828,93.26367886630597,90.31116117583733,91.19891109313551,1452000
2025-11-26,95.09901428222656,95.65760399710211,93.1340000607891,93.23374577805282,2490100
2025-11-28,96.84459686279297,97.00419610821497,95.23867321387158,95.81720145324915,1767000
2025-12-01,95.56783294677734,97.15381809866395,95.44814112331403,96.31593728386648,2625500
2025-12-02,96.35584259033203,96.7548331148899,95.20874768601983,95.76733746444539,1473500
2025-12-03,99.41808319091797,100.03651888641993,96.7847563747666,96.91443267146694,5143800
2025-12-04,100.54522705078125,100.67489573099127,98.01164608819182,98.76971967880402,2732500
2025-12-05,99.48789978027344,101.9017888868459,99.40810776815972,101.18360750704656,2405800
2025-12-08,97.95179748535156,99.74725104826486,97.52288400143956,99.72730494650418,1556200
2025-12-09,99.21858978271484,99.51782696360229,96.95432296909954,97.13386832167647,1523600
2025-12-10,99.8968734741211,100.5352552721953,97.40319219723395,98.98916983648074,1622600
2025-12-11,104.61491394042969,104.95405855054058,99.50785956793794,99.63752825438874,3536000
2025-12-12,101.8818359375,105.5026582092474,100.79459461448211,105.35304342909697,2566700
2025-12-15,100.59510040283203,103.37804959934081,99.84699602560208,103.10873537198698,1838900
2025-12-16,100.65494537353516,101.76213275643671,99.77716477504732,100.0365097346106,1896700
2025-12-17,100.7746353149414,102.32072057838049,100.1163074884565,101.2434485603756,1531700
2025-12-18,102.07135772705078,103.058853322611,101.09383137671975,101.23347691103692,1346600
2025-12-19,104.9041748046875,105.99142372275061,101.7920656589078,101.7920656589078,3413900
2025-12-22,107.02042388916016,108.46853216403639,106.5110860491218,106.70083338603258,1618800
2025-12-23,107.86931610107422,108.39862454220405,106.86062952074816,107.30005884672327,2675900
2025-12-24,107.72949981689453,108.00913389193815,106.40123034098025,107.52975574939403,742600
2025-12-26,107.69953155517578,108.77812665192333,106.6608928910378,108.59836080246541,1282200
2025-12-29,105.37257385253906,106.75077363983821,104.61356162993829,104.94313362889802,2035500
2025-12-30,104.59358978271484,106.78073206908681,104.40383482446826,106.610955327212,2618600
2025-12-31,103.47504425048828,104.43379289599608,102.89579789608037,104.04430149686657,4460600
2026-01-02,107.38993835449219,107.45984687302045,104.62354969906588,105.10292022055764,1900500
2026-01-05,110.91533660888672,111.61442939713729,109.18759428338652,109.35737102159972,2806700
2026-01-06,114.87018585205078,115.08990052643276,112.13375676987866,112.15373498725378,4210600
2026-01-07,114.02129364013672,114.18108890013028,111.76424273865806,113.07253404716145,2974500
2026-01-08,113.8814697265625,113.94138913571628,111.49458341548268,111.8541151093192,2509700
2026-01-09,116.74773406982422,117.69649360475007,114.71039034630459,114.89015619306977,2608500
2026-01-12,120.34304809570312,120.98221388267145,118.11594933025053,118.75512273667604,3586000
2026-01-13,119.60401153564453,122.05081729744239,119.20453102243383,121.46158944553581,2020200
2026-01-14,122.79983520507812,123.7086535246544,119.15458805792835,120.49284657762566,2347100
2026-01-15,123.54885864257812,124.60747548436431,121.65133199413634,122.31047595789836,6000800
2026-01-16,123.97830200195312,124.3178631002711,121.22189488052575,122.88972542853246,2576600
2026-01-20,125.62615203857422,126.10552254343797,123.69866567234605,124.11811676896603,3136400
2026-01-21,127.64351654052734,129.24143852973177,125.15676206449947,128.13288376896315,3037400
2026-01-22,130.519775390625,132.6370091602746,128.74209510499202,128.74209510499202,2925500
2026-01-23,131.268798828125,131.6882499398369,129.4212023999261,131.0890253580118,2872200
2026-01-26,126.00566101074219,135.50326869428844,125.77596485397916,135.4133895771526,4558400
2026-01-27,128.17282104492188,128.59227212551636,124.83717537620869,125.44638140160112,3286400
2026-01-28,128.55233764648438,129.83066916996788,125.43639884340067,129.62093599926357,3459500
2026-01-29,126.60487365722656,130.82936726577407,122.48025589024903,130.43987586591342,5720400
2026-01-30,118.56536102294922,124.51759683731103,116.98741724271237,121.12202402523704,6684200
2026-02-02,118.46549224853516,120.70257236506525,116.99740580287401,118.52541165629054,4757600
2026-02-03,124.41773223876953,125.1867259356207,121.13201665876421,122.8198178158303,3971000
2026-02-04,121.48155975341797,126.28529215032742,117.75642245377415,126.28529215032742,3412300
2026-02-05,115.50935363769531,120.24317753664305,115.1098731237283,117.81634236715557,3187700
2026-02-06,122.34043884277344,122.48025587760863,118.21582107622157,118.45550633315948,3538600
2026-02-09,125.30657196044922,125.5462572182336,121.12202715029187,122.0208563913045,2427500
2026-02-10,122.93965911865234,124.98699201466603,122.70996296355172,124.64743090698808,2054500
2026-02-11,123.57882690429688,126.28529622345391,120.33306001911285,125.2666281228189,2003800
2026-02-12,116.52802276611328,123.69867100774779,115.98872521028784,123.28920138186923,4015200
2026-02-13,117.67652893066406,118.34565443084381,113.26228778393863,115.07991693961718,2688600
2026-02-17,114.9600601196289,115.67912347797619,111.55449827508318,115.49935763838937,2577000
2026-02-18,116.93748474121094,118.9848176311411,115.77899962191846,116.66783977309902,2015900
2026-02-19,117.08728790283203,117.25707226156682,114.2010528572807,114.9101271384914,1692200
2026-02-20,117.3070068359375,118.66523603855019,114.46072049938049,116.15850319291773,3200600
2026-02-23,117.55667877197266,118.59532505945982,115.73904967373437,117.15719825840728,2720500
2026-02-24,119.21452331542969,119.7438317713051,115.8988479202796,116.23840141293277,1948500
2026-02-25,119.32437896728516,121.11204076191476,118.89493874357206,120.78247638235686,2362400
2026-02-26,119.8736572265625,120.17326951814857,116.23839901130644,118.62528537738234,1848900
2026-02-27,119.19454193115234,119.32437747915203,117.25707401390987,118.9448675627924,1921400
2026-03-02,121.90100860595703,122.04082563974134,117.62658472864949,118.18585286378674,2211000
2026-03-03,117.12723541259766,118.09597315569404,111.98394203456824,116.78768193781909,3387400
2026-03-04,117.49675750732422,119.71386708413576,116.28833449696756,119.00479280299047,1884400
2026-03-05,112.72298431396484,115.90882400924133,110.74556000357178,115.81894489577009,3215500
2026-03-06,109.99654388427734,112.62311561030104,108.93792695475844,110.35607559986063,2988700
2026-03-09,111.904052734375,112.70300612565735,105.43248988186646,107.42988478925767,3821700
2026-03-10,113.97135925292969,116.2583773983172,112.28355807213617,112.3235068857034,4732800
2026-03-11,114.75033569335938,115.03995886103748,111.62440787565005,112.89275787270441,1890000
2026-03-12,112.66305541992188,114.17109068310829,111.54451916703171,114.08121157112538,1759600
2026-03-13,108.88798522949219,113.7516447092179,108.41859619389878,113.06254100849931,2231800
2026-03-16,110.33609771728516,111.4845936901432,108.38863311654504,109.9765660254395,1695100
2026-03-17,110.62571716308594,112.14374160858429,109.82676374602214,110.7255930072439,1365700
2026-03-18,107.76944732666016,109.33740204514972,107.60965207459286,108.73817746935438,2106200
2026-03-19,105.03301239013672,106.74078417062128,101.29788593959368,103.21538327703702,3480400
2026-03-20,101.59749603271484,105.49241003399976,100.5888094639287,104.83327367203499,4359900
2026-03-23,103.53916931152344,106.18735920677915,102.64977835554312,102.64977835554312,4354200
2026-03-24,106.7469711303711,107.35655470768562,102.5898191206788,102.5898191206788,1957200
2026-03-25,107.82623291015625,109.6849618831739,107.10672393683606,108.96545290985371,2059600
2026-03-26,104.8482666015625,107.60638178313545,104.6184281172022,105.21801638514975,1552100
2026-03-27,105.8675765991211,107.50645480381196,104.17872952723968,104.56846229395406,1312400
2026-03-30,103.38926696777344,108.5657258812101,102.36996766205701,108.01609884801391,1883600
2026-03-31,107.9361572265625,108.21596457465712,104.62841504227084,104.67838390764992,3928300
2026-04-01,109.82486724853516,111.73355749262711,109.45511745817326,109.6449900024373,2595300
2026-04-02,110.70426177978516,111.69358281137784,106.6970011630815,106.6970011630815,1167000
2026-04-06,110.14464569091797,111.32383925006619,108.4058374339294,110.37448417431165,1620000
2026-04-07,109.72493743896484,110.92411400010535,107.94614794528373,109.68496387036969,1585900
2026-04-08,113.27250671386719,115.14123103251394,111.38379942286501,113.80214315934057,2919300
2026-04-09,112.63294219970703,114.54164004216165,111.56367403574833,112.75286290354317,2052800
2026-04-10,113.48236083984375,115.54095767940969,113.30248359413757,113.44238727144476,1730700
2026-04-13,114.87140655517578,115.11124795850472,112.2931762749058,112.34313751579887,1793500
2026-04-14,115.18120574951172,116.77011510176987,114.4117278830312,116.22049567846256,3500500
2026-04-15,115.60091400146484,116.29044471273194,114.12192247021133,115.05128696724056,1544100
2026-04-16,115.88072204589844,117.28976174702477,115.65088355689255,116.56025746308828,1434900
2026-04-17,117.51959991455078,119.30837707585104,115.16121274511859,116.64020428113722,2557400
2026-04-20,119.1185073852539,119.27840166289319,116.16053186653642,116.42035625561084,1838700
2026-04-21,117.28976440429688,120.7673810819782,117.04992298749356,119.16847642418341,3126400
2026-04-22,121.72672271728516,121.73671801560147,119.16847528917917,119.49825151600874,1733000
2026-04-23,117.5595703125,121.43691485765505,115.75081022784397,120.40762027634962,2498500
2026-04-24,117.69947814941406,118.75875103767348,116.78010893982366,118.43897011154732,1490700
2026-04-27,120.1178207397461,120.50755350150791,117.93931081863144,117.93931081863144,1757600
2026-04-28,116.98995971679688,119.07853476230827,115.78078790062854,118.3590258016379,2370500
2026-04-29,114.53164672851562,117.03993288525267,114.21186580359057,116.92001217933877,2060600
2026-04-30,118.64883422851562,118.8986633173598,115.51097385838831,115.7707982455563,2615900
2026-05-01,118.47894287109375,118.8386973635508,116.12055569795466,117.63952080481303,2062900
2026-05-04,116.88003540039062,118.98859343701152,116.09057459587669,118.28907506550723,1948900
2026-05-05,118.79872131347656,119.43828314800086,117.36969867167228,118.11918591127218,1151400
2026-05-06,124.05513000488281,124.17505071054876,120.40762383413052,121.4269307718445,3451800
2026-05-07,120.4276123046875,125.66402770614164,120.19776619559637,125.28429024783728,3439100
2026-05-08,120.8673095703125,122.94588940961988,120.22774771578389,121.75670051252196,1539500
2026-05-11,124.4548568725586,125.73398055734557,121.37696074092835,121.54684268752506,2173500
2026-05-12,123.51549530029297,124.07511762245333,119.26840095153247,122.8559504954112,2253800
2026-05-13,123.25567626953125,124.82461027504695,121.18709170784271,123.6054430951204,2020400
2026-05-14,120.88729858398438,123.6853797548647,119.95793408501353,123.58544964593658,2153500
2026-05-15,115.51097106933594,117.23979167703332,114.76148382090003,117.23979167703332,2447900
2026-05-18,113.13259887695312,115.95067057457436,112.02335715961703,115.95067057457436,3878500
2026-05-19,110.04471588134766,111.92342781787197,108.62568091285257,111.64362046819585,2326400
2026-05-20,113.11261749267578,113.2125476005399,110.02472607767818,112.19324067746166,3574200
2026-05-21,115.30111694335938,116.38038042390855,112.05333882768763,112.44307159163394,1676900
2026-05-22,116.98995971679688,118.09920142713396,115.71083606412883,115.80077087212345,1483700
2026-05-26,122.56614685058594,123.0458144094713,119.1384916049965,119.22842641322062,2548300
2026-05-27,122.82597351074219,123.52549189053782,119.78805095929813,120.85731912508777,1635500
2026-05-28,126.3635482788086,126.75328104189215,121.13712808454514,122.07648788488943,2040100
2026-05-29,125.12439727783203,126.4035209656122,123.63541807479217,125.90386279856192,1806500
2026-06-01,127.37285614013672,128.60201855783578,123.03582700813035,123.91522261748571,2111300
2026-06-02,132.73919677734375,132.8491221892372,127.74261487011117,128.0424128342167,2554600
2026-06-03,128.44212341308594,131.37012811477135,128.05239066421797,131.37012811477135,2444500
2026-06-04,128.56204223632812,129.7212528611059,126.91317635934882,127.45280810286482,1493300
2026-06-05,118.51891326904297,126.4035183734738,117.72945246639144,126.4035183734738,3333200
2026-06-08,118.50891876220703,120.72740221309358,118.13917660317824,120.62747210590143,3302000
2026-06-09,116.02062225341797,119.81802728721821,112.05333527644635,119.48825107458315,2097900
2026-06-10,112.35313415527344,117.0799037032051,112.1832522106873,115.00132392793721,2260000
2026-06-11,118.26908874511719,118.43897069516974,113.24252871396877,113.55231434337975,1927600
2026-06-12,120.35765838623047,121.18708512619224,118.74875852294304,119.20844310899967,1475700
2026-06-15,120.54752349853516,124.13507300910169,120.48756695978766,123.49551118186714,2639000
2026-06-16,119.24842071533203,122.07648778812533,119.06854346911462,121.09715442001303,1753700
2026-06-17,118.3090591430664,122.44622811989979,118.1891384393254,119.15847649474097,2022500
2026-06-18,116.93999481201172,119.32836788007842,116.12055571775947,119.1384953356441,2379200
2026-06-22,115.22000122070312,116.37999725341797,114.5,115.94999694824219,1963900
2026-06-23,110.9000015258789,113.63999938964844,110.41000366210938,111.52999877929688,2336500
2026-06-24,107.22000122070312,109.37999725341797,106.06999969482422,108.95999908447266,2290800
2026-06-25,108.73999786376953,109.43000030517578,105.91000366210938,109.0,1340800
2026-06-26,108.01000213623047,109.5999984741211,106.87000274658203,107.58000183105469,1163700
2026-06-29,106.5199966430664,108.0999984741211,104.62999725341797,107.72000122070312,1794700
2026-06-30,106.93000030517578,107.29000091552734,105.45999908447266,106.75,1214000
2026-07-01,104.36000061035156,108.2300033569336,104.26000213623047,105.95999908447266,5120400
2026-07-02,105.12999725341797,108.87000274658203,103.5199966430664,106.18000030517578,2320600
2026-07-06,106.08000183105469,107.70999908447266,105.58000183105469,106.0999984741211,2016600
2026-07-07,102.47000122070312,105.30999755859375,100.79000091552734,105.30999755859375,2560700
2026-07-08,101.94000244140625,102.80999755859375,99.73999786376953,100.81999969482422,2935800
2026-07-09,103.23999786376953,104.05999755859375,102.20999908447266,102.95999908447266,1582100
2026-07-10,103.69000244140625,104.04000091552734,102.62999725341797,103.18000030517578,1720900
2026-07-13,102.08999633789062,103.5,101.43000030517578,102.81999969482422,1861300
2026-07-14,104.41999816894531,105.83999633789062,103.38999938964844,104.80999755859375,1552800
2026-07-15,103.19999694824219,105.3499984741211,101.0,104.52999877929688,1085100
2026-07-16,98.98999786376953,101.80999755859375,98.52999877929688,101.80999755859375,1765300
2026-07-17,98.3499984741211,99.52999877929688,96.43000030517578,97.54000091552734,2546500
2026-07-20,97.73999786376953,99.31999969482422,96.93000030517578,98.70999908447266,1515100
2026-07-21,101.5999984741211,101.86000061035156,99.04000091552734,99.47000122070312,1751200
2026-07-22,103.5,104.66999816894531,101.87000274658203,102.05000305175781,2565000
2026-07-23,103.16999816894531,104.4800033569336,101.97000122070312,102.51000213623047,2650500
2026-07-24,101.73999786376953,103.63999938964844,101.13999938964844,103.63999938964844,1328900
2026-07-27,103.11000061035156,103.41000366210938,100.91999816894531,102.66999816894531,1518900
2026-07-28,101.44000244140625,102.16000366210938,99.97000122070312,102.0199966430664,2002700
2026-07-29,97.58000183105469,101.12999725341797,96.37000274658203,101.12999725341797,2542100
2026-07-30,101.86000061035156,102.0199966430664,98.63999938964844,99.62999725341797,2760800
2026-07-31,100.6500015258789,102.41999816894531,99.1500015258789,101.8499984741211,1611800
2026-08-03,103.11000061035156,103.18000030517578,99.01000213623047,99.87000274658203,1548900
2026-08-04,107.86000061035156,108.5199966430664,105.30000305175781,105.30000305175781,2256400
2026-08-05,111.91999816894531,113.25,109.97000122070312,110.4800033569336,4255600
2026-08-06,110.3499984741211,112.88999938964844,109.83000183105469,111.66999816894531,2877400
2026-08-07,115.73999786376953,116.0999984741211,112.47000122070312,113.70999908447266,3151400
2026-08-10,117.54000091552734,117.83999633789062,115.66000366210938,115.77999877929688,2144100
2026-08-11,117.83000183105469,118.8499984741211,116.83000183105469,117.83999633789062,1312600
2026-08-12,116.79000091552734,119.7300033569336,116.20999908447266,119.58999633789062,1371700
2026-08-13,115.2699966430664,116.9000015258789,115.16999816894531,116.05000305175781,1605800
2026-08-14,117.13999938964844,118.91000366210938,115.81999969482422,116.05999755859375,1472700
2026-08-17,118.0999984741211,118.30000305175781,115.95999908447266,117.27999877929688,1288200
2026-08-18,113.62999725341797,116.5,112.8499984741211,115.8499984741211,1884300
2026-08-19,117.06999969482422,118.69000244140625,114.62999725341797,116.6500015258789,3986000
2026-08-20,114.69999694824219,116.22000122070312,113.86000061035156,115.41999816894531,1934200
2026-08-21,119.33999633789062,119.73999786376953,117.11000061035156,117.54000091552734,4356200
2026-08-24,117.87000274658203,121.0,117.2699966430664,120.37999725341797,2760500
2026-08-25,120.94000244140625,121.04000091552734,116.41999816894531,117.27999877929688,1683100
2026-08-26,120.30999755859375,122.76000213623047,119.58999633789062,120.08000183105469,1841000
2026-08-27,123.0,123.19000244140625,119.83000183105469,120.25,1577700
2026-08-28,118.73999786376953,123.80999755859375,118.37999725341797,123.26000213623047,1682600
